audio_id,filename,actual_class,python_predicted_class,python_confidence,python_p_machinery_fault,python_p_glass_breaking,python_p_alarm_or_siren,python_p_vehicle_horn,python_p_animal_sound,python_p_gunshot,python_p_panic_scream,python_p_aggression,python_p_person_asking_for_help,python_p_background_noise,gtm_predicted_class,gtm_confidence,gtm_p_machinery_fault,gtm_p_glass_breaking,gtm_p_alarm_or_siren,gtm_p_vehicle_horn,gtm_p_animal_sound,gtm_p_gunshot,gtm_p_panic_scream,gtm_p_aggression,gtm_p_person_asking_for_help,gtm_p_background_noise,class_match,consistency_status,top_class_confidence_difference,python_top_two_margin,gtm_top_two_margin,overlap_flag,audio_quality,severity,alert_status,manual_review,review_reasons,final_class,final_decision,python_correct,gtm_correct,final_result,explanation,python_ms,gtm_ms,total_ms
SS-AGG-0001,SS-AGG-0001.wav,Aggression,Aggression,0.9998,0.0000,0.0000,0.0000,0.0000,0.0000,0.0000,0.0001,0.9998,0.0000,0.0000,Aggression,0.2428,0.1200,0.0469,0.0150,0.2222,0.1029,0.0692,0.1310,0.2428,0.0292,0.0209,match,Uncertain Result,0.7570,0.9998,0.0207,no,Good,High,raised,required,low_confidence; critical_without_agreement; possible_false_alarm,Aggression,Manual Review Required,True,True,sent to review,,6814.733,169.826,8128.39
SS-AGG-0004,SS-AGG-0004.wav,Aggression,Aggression,0.8559,0.0910,0.0007,0.0002,0.0017,0.0018,0.0216,0.0145,0.8559,0.0050,0.0076,Glass Breaking,0.3975,0.0149,0.3975,0.2915,0.0009,0.0060,0.0124,0.0036,0.1841,0.0005,0.0887,mismatch,Uncertain Result,0.4584,0.7649,0.1060,no,Acceptable,High,none,required,model_disagreement; low_confidence; critical_without_agreement; possible_false_alarm,Aggression,Manual Review Required,True,False,sent to review,Python Aggression (0.86) vs GTM Glass Breaking (0.40); Python correct. True class Aggression ranked #1 by Python and #3 by GTM.,1579.964,57.427,1650.284
SS-AGG-0009,SS-AGG-0009.wav,Aggression,Aggression,0.9831,0.0026,0.0020,0.0001,0.0002,0.0021,0.0077,0.0008,0.9831,0.0003,0.0011,Glass Breaking,0.5346,0.0332,0.5346,0.0140,0.1873,0.0020,0.1627,0.0055,0.0523,0.0058,0.0025,mismatch,Uncertain Result,0.4485,0.9754,0.3474,no,Acceptable,High,none,required,model_disagreement; low_confidence; critical_without_agreement; possible_false_alarm,Aggression,Manual Review Required,True,False,sent to review,Python Aggression (0.98) vs GTM Glass Breaking (0.53); Python correct. True class Aggression ranked #1 by Python and #4 by GTM.,1793.665,50.446,1863.972
SS-AGG-0038,SS-AGG-0038.wav,Aggression,Aggression,0.7410,0.1507,0.0305,0.0035,0.0011,0.0087,0.0560,0.0033,0.7410,0.0012,0.0042,Aggression,0.4162,0.0025,0.3784,0.0065,0.1492,0.0058,0.0328,0.0063,0.4162,0.0013,0.0009,match,Uncertain Result,0.3248,0.5903,0.0378,no,Acceptable,High,raised,required,low_confidence; critical_without_agreement; possible_false_alarm,Aggression,Manual Review Required,True,True,sent to review,,1253.202,63.489,1328.29
SS-AGG-0041,SS-AGG-0041.wav,Aggression,Aggression,0.9812,0.0019,0.0025,0.0001,0.0002,0.0055,0.0080,0.0004,0.9812,0.0001,0.0002,Aggression,0.5568,0.0074,0.2505,0.0024,0.0480,0.0033,0.0829,0.0385,0.5568,0.0045,0.0055,match,Uncertain Result,0.4243,0.9732,0.3064,no,Good,High,raised,required,low_confidence; critical_without_agreement; possible_false_alarm,Aggression,Manual Review Required,True,True,sent to review,,1243.191,43.247,1309.04
SS-AGG-0049,SS-AGG-0049.wav,Aggression,Machinery Fault,0.9655,0.9655,0.0011,0.0005,0.0001,0.0006,0.0008,0.0002,0.0306,0.0005,0.0001,Vehicle Horn,0.2766,0.0104,0.0847,0.0135,0.2766,0.0196,0.2747,0.1902,0.0480,0.0790,0.0033,mismatch,Uncertain Result,0.6890,0.9349,0.0019,no,Good,High,none,required,model_disagreement; low_confidence,Machinery Fault,Manual Review Required,False,False,sent to review,Python Machinery Fault (0.97) vs GTM Vehicle Horn (0.28); neither model correct. True class Aggression ranked #2 by Python and #6 by GTM.,1167.063,42.007,1224.035
SS-AGG-0053,SS-AGG-0053.wav,Aggression,Aggression,0.9886,0.0010,0.0046,0.0019,0.0003,0.0016,0.0001,0.0004,0.9886,0.0002,0.0013,Animal Sound,0.3058,0.1285,0.0191,0.0551,0.0626,0.3058,0.1072,0.0343,0.1747,0.0018,0.1109,mismatch,Uncertain Result,0.6828,0.9840,0.1311,no,Good,High,none,required,model_disagreement; low_confidence; critical_without_agreement; possible_false_alarm,Aggression,Manual Review Required,True,False,sent to review,Python Aggression (0.99) vs GTM Animal Sound (0.31); Python correct. True class Aggression ranked #1 by Python and #2 by GTM.,1364.968,53.756,1475.675
SS-AGG-0057,SS-AGG-0057.wav,Aggression,Panic Scream,0.6509,0.0169,0.0017,0.0013,0.0007,0.0208,0.0091,0.6509,0.1237,0.0002,0.1747,Background Noise,0.6200,0.0198,0.0244,0.0131,0.0364,0.1044,0.0553,0.0026,0.1215,0.0027,0.6200,mismatch,Model Disagreement,0.0310,0.4763,0.4984,no,Good,Critical,none,required,model_disagreement; low_confidence; critical_without_agreement,Panic Scream,Manual Review Required,False,False,sent to review,Python Panic Scream (0.65) vs GTM Background Noise (0.62); neither model correct. True class Aggression ranked #3 by Python and #2 by GTM.,2506.906,103.733,2776.713
SS-AGG-0060,SS-AGG-0060.wav,Aggression,Gunshot,0.3753,0.0221,0.0373,0.0055,0.0132,0.1239,0.3753,0.0277,0.0637,0.0134,0.3178,Gunshot,0.3998,0.0029,0.1918,0.0070,0.1345,0.0054,0.3998,0.0074,0.2473,0.0001,0.0037,match,Uncertain Result,0.0245,0.0575,0.1525,yes,Acceptable,Critical,none,required,low_confidence; similar_top_classes; overlapping_sounds; unsupported_sound_pattern; critical_without_agreement; possible_false_alarm,Gunshot,Manual Review Required,False,False,sent to review,Both models chose Gunshot (true class Aggression); the true class was Python's #4 and GTM's #2 choice.,1156.505,41.381,1209.881
SS-AGG-0062,SS-AGG-0062.wav,Aggression,Aggression,0.9436,0.0336,0.0038,0.0002,0.0008,0.0126,0.0019,0.0019,0.9436,0.0005,0.0010,Glass Breaking,0.3568,0.0126,0.3568,0.0139,0.0611,0.0100,0.2128,0.0744,0.2394,0.0012,0.0179,mismatch,Uncertain Result,0.5868,0.9099,0.1174,no,Good,High,none,required,model_disagreement; low_confidence; critical_without_agreement; possible_false_alarm,Aggression,Manual Review Required,True,False,sent to review,Python Aggression (0.94) vs GTM Glass Breaking (0.36); Python correct. True class Aggression ranked #1 by Python and #2 by GTM.,1105.011,54.248,1176.006
SS-AGG-0073,SS-AGG-0073.wav,Aggression,Aggression,0.5490,0.0690,0.1817,0.0110,0.0010,0.0039,0.0146,0.0039,0.5490,0.0005,0.1654,Background Noise,0.3173,0.0114,0.1551,0.0066,0.0093,0.0884,0.2373,0.0003,0.1729,0.0014,0.3173,mismatch,Uncertain Result,0.2317,0.3674,0.0800,no,Acceptable,High,none,required,model_disagreement; low_confidence; unsupported_sound_pattern; critical_without_agreement,Aggression,Manual Review Required,True,False,sent to review,Python Aggression (0.55) vs GTM Background Noise (0.32); Python correct. True class Aggression ranked #1 by Python and #3 by GTM.,1246.011,64.056,1382.369
SS-AGG-0079,SS-AGG-0079.wav,Aggression,Aggression,0.6962,0.2161,0.0013,0.0570,0.0082,0.0111,0.0017,0.0057,0.6962,0.0001,0.0025,Vehicle Horn,0.1866,0.1274,0.0006,0.1328,0.1866,0.0652,0.0581,0.1755,0.1782,0.0161,0.0594,mismatch,Uncertain Result,0.5096,0.4801,0.0083,no,Good,High,none,required,model_disagreement; low_confidence; critical_without_agreement; possible_false_alarm,Aggression,Manual Review Required,True,False,sent to review,Python Aggression (0.70) vs GTM Vehicle Horn (0.19); Python correct. True class Aggression ranked #1 by Python and #2 by GTM.,1183.746,61.474,1325.556
SS-AGG-0085,SS-AGG-0085.wav,Aggression,Aggression,0.7948,0.0422,0.0319,0.0596,0.0093,0.0282,0.0056,0.0139,0.7948,0.0025,0.0120,Vehicle Horn,0.4092,0.2805,0.0031,0.0753,0.4092,0.0968,0.0013,0.0829,0.0392,0.0017,0.0100,mismatch,Uncertain Result,0.3856,0.7352,0.1286,no,Good,High,none,required,model_disagreement; low_confidence; critical_without_agreement; possible_false_alarm,Aggression,Manual Review Required,True,False,sent to review,Python Aggression (0.79) vs GTM Vehicle Horn (0.41); Python correct. True class Aggression ranked #1 by Python and #6 by GTM.,1264.286,44.853,1356.085
SS-AGG-0086,SS-AGG-0086.wav,Aggression,Aggression,0.8147,0.0031,0.0011,0.0041,0.0071,0.0241,0.0055,0.0861,0.8147,0.0007,0.0534,Aggression,0.3113,0.0384,0.0003,0.1674,0.0738,0.1473,0.0106,0.2439,0.3113,0.0000,0.0070,match,Uncertain Result,0.5034,0.7286,0.0674,no,Good,High,raised,required,low_confidence; critical_without_agreement; possible_false_alarm,Aggression,Manual Review Required,True,True,sent to review,,2515.007,84.329,2788.018
SS-AGG-0091,SS-AGG-0091.wav,Aggression,Aggression,0.9757,0.0107,0.0044,0.0001,0.0002,0.0047,0.0026,0.0006,0.9757,0.0002,0.0008,Glass Breaking,0.3640,0.0077,0.3640,0.0129,0.0922,0.0126,0.1979,0.0458,0.2453,0.0010,0.0205,mismatch,Uncertain Result,0.6117,0.9650,0.1186,no,Good,High,none,required,model_disagreement; low_confidence; critical_without_agreement; possible_false_alarm,Aggression,Manual Review Required,True,False,sent to review,Python Aggression (0.98) vs GTM Glass Breaking (0.36); Python correct. True class Aggression ranked #1 by Python and #2 by GTM.,1126.589,45.047,1186.273
SS-AGG-0093,SS-AGG-0093.wav,Aggression,Animal Sound,0.6561,0.1265,0.0092,0.0021,0.0045,0.6561,0.0016,0.0213,0.1563,0.0001,0.0222,Machinery Fault,0.4203,0.4203,0.0106,0.0808,0.0140,0.1417,0.0414,0.0225,0.0342,0.0035,0.2310,mismatch,Uncertain Result,0.2358,0.4998,0.1893,no,Good,Low,none,required,model_disagreement; low_confidence,Animal Sound,Manual Review Required,False,False,sent to review,Python Animal Sound (0.66) vs GTM Machinery Fault (0.42); neither model correct. True class Aggression ranked #2 by Python and #6 by GTM.,3739.351,138.223,4102.224
SS-AGG-0503,SS-AGG-0503.wav,Aggression,Aggression,0.7322,0.0033,0.0033,0.0249,0.0188,0.0201,0.0070,0.0584,0.7322,0.0007,0.1312,Background Noise,0.3208,0.0805,0.1129,0.0404,0.0037,0.0499,0.2745,0.0020,0.1152,0.0000,0.3208,mismatch,Uncertain Result,0.4114,0.6010,0.0463,no,Good,High,none,required,model_disagreement; low_confidence; critical_without_agreement; possible_false_alarm,Aggression,Manual Review Required,True,False,sent to review,Python Aggression (0.73) vs GTM Background Noise (0.32); Python correct. True class Aggression ranked #1 by Python and #3 by GTM.,1246.743,51.492,1359.221
SS-AGG-0505,SS-AGG-0505.wav,Aggression,Panic Scream,0.6712,0.0058,0.0036,0.0029,0.0031,0.1192,0.0040,0.6712,0.1768,0.0044,0.0089,Machinery Fault,0.3609,0.3609,0.1193,0.0693,0.0233,0.0646,0.0993,0.0542,0.0158,0.0086,0.1847,mismatch,Uncertain Result,0.3103,0.4945,0.1762,no,Acceptable,Critical,none,required,model_disagreement; low_confidence; critical_without_agreement; possible_false_alarm,Panic Scream,Manual Review Required,False,False,sent to review,Python Panic Scream (0.67) vs GTM Machinery Fault (0.36); neither model correct. True class Aggression ranked #2 by Python and #9 by GTM.,1155.275,43.101,1211.708
SS-AGG-0511,SS-AGG-0511.wav,Aggression,Panic Scream,0.9256,0.0031,0.0663,0.0010,0.0000,0.0021,0.0001,0.9256,0.0010,0.0000,0.0007,Aggression,0.3910,0.0200,0.0265,0.0953,0.0144,0.2622,0.0241,0.1162,0.3910,0.0128,0.0375,mismatch,Uncertain Result,0.5346,0.8593,0.1288,no,Good,Critical,none,required,model_disagreement; low_confidence; critical_without_agreement; possible_false_alarm,Panic Scream,Manual Review Required,False,True,sent to review,Python Panic Scream (0.93) vs GTM Aggression (0.39); GTM correct. True class Aggression ranked #6 by Python and #1 by GTM.,1292.631,78.822,1474.456
SS-AGG-0521,SS-AGG-0521.wav,Aggression,Aggression,0.9753,0.0021,0.0005,0.0004,0.0009,0.0117,0.0002,0.0083,0.9753,0.0003,0.0002,Glass Breaking,0.3856,0.0380,0.3856,0.0167,0.0320,0.0080,0.1366,0.2072,0.1373,0.0252,0.0133,mismatch,Uncertain Result,0.5896,0.9636,0.1784,no,Acceptable,High,none,required,model_disagreement; low_confidence; critical_without_agreement; possible_false_alarm,Aggression,Manual Review Required,True,False,sent to review,Python Aggression (0.98) vs GTM Glass Breaking (0.39); Python correct. True class Aggression ranked #1 by Python and #3 by GTM.,1124.72,42.487,1180.889
SS-AGG-0525,SS-AGG-0525.wav,Aggression,Aggression,0.9500,0.0008,0.0007,0.0011,0.0006,0.0023,0.0002,0.0440,0.9500,0.0002,0.0003,Aggression,0.2410,0.0946,0.0272,0.1421,0.0365,0.1402,0.0340,0.1701,0.2410,0.0736,0.0407,match,Uncertain Result,0.7089,0.9060,0.0710,no,Good,High,raised,required,low_confidence; critical_without_agreement; possible_false_alarm,Aggression,Manual Review Required,True,True,sent to review,,2556.361,81.327,2776.045
SS-AGG-0534,SS-AGG-0534.wav,Aggression,Aggression,0.6931,0.0104,0.0059,0.0102,0.1125,0.0822,0.0013,0.0664,0.6931,0.0156,0.0024,Gunshot,0.7519,0.0002,0.0796,0.0013,0.1087,0.0025,0.7519,0.0390,0.0062,0.0102,0.0003,mismatch,Model Disagreement,0.0587,0.5806,0.6432,no,Good,High,none,required,model_disagreement; low_confidence; critical_without_agreement,Aggression,Manual Review Required,True,False,sent to review,Python Aggression (0.69) vs GTM Gunshot (0.75); Python correct. True class Aggression ranked #1 by Python and #6 by GTM.,1402.456,44.19,1475.742
SS-AGG-0538,SS-AGG-0538.wav,Aggression,Aggression,0.9866,0.0008,0.0013,0.0002,0.0002,0.0007,0.0004,0.0094,0.9866,0.0001,0.0002,Aggression,0.2757,0.0775,0.0324,0.0378,0.0359,0.2197,0.0482,0.1113,0.2757,0.0838,0.0777,match,Uncertain Result,0.7109,0.9772,0.0560,no,Good,High,raised,required,low_confidence; critical_without_agreement; possible_false_alarm,Aggression,Manual Review Required,True,True,sent to review,,2563.767,124.777,2894.885
SS-AGG-0542,SS-AGG-0542.wav,Aggression,Aggression,0.9174,0.0024,0.0005,0.0006,0.0003,0.0121,0.0004,0.0401,0.9174,0.0242,0.0020,Vehicle Horn,0.3676,0.0124,0.0008,0.0053,0.3676,0.1014,0.0149,0.0007,0.1635,0.2204,0.1130,mismatch,Uncertain Result,0.5498,0.8773,0.1472,no,Good,High,none,required,model_disagreement; low_confidence; critical_without_agreement; possible_false_alarm,Aggression,Manual Review Required,True,False,sent to review,Python Aggression (0.92) vs GTM Vehicle Horn (0.37); Python correct. True class Aggression ranked #1 by Python and #3 by GTM.,1281.525,46.118,1364.497
SS-AGG-0546,SS-AGG-0546.wav,Aggression,Aggression,0.6791,0.0269,0.0167,0.0058,0.0022,0.0783,0.0028,0.1845,0.6791,0.0011,0.0027,Machinery Fault,0.2711,0.2711,0.0961,0.0289,0.0349,0.2162,0.0124,0.0096,0.2267,0.0379,0.0662,mismatch,Uncertain Result,0.4080,0.4947,0.0444,no,Good,High,none,required,model_disagreement; low_confidence; critical_without_agreement; possible_false_alarm,Aggression,Manual Review Required,True,False,sent to review,Python Aggression (0.68) vs GTM Machinery Fault (0.27); Python correct. True class Aggression ranked #1 by Python and #2 by GTM.,1198.406,57.149,1312.894
SS-AGG-0548,SS-AGG-0548.wav,Aggression,Panic Scream,0.8256,0.0007,0.0002,0.0003,0.0001,0.0002,0.0001,0.8256,0.1724,0.0001,0.0002,Panic Scream,0.8191,0.0065,0.0025,0.0239,0.0073,0.0011,0.0045,0.8191,0.0800,0.0055,0.0497,match,Strong Match,0.0064,0.6532,0.7392,no,Good,Critical,raised,not required,,Panic Scream,Likely Valid,False,False,incorrect,Both models chose Panic Scream (true class Aggression); the true class was Python's #2 and GTM's #2 choice.,1262.614,46.921,1354.334
SS-AGG-0561,SS-AGG-0561.wav,Aggression,Aggression,0.4135,0.0817,0.0038,0.0100,0.3947,0.0009,0.0004,0.0665,0.4135,0.0001,0.0283,Panic Scream,0.4498,0.1713,0.0142,0.0392,0.0840,0.0352,0.0018,0.4498,0.1945,0.0017,0.0082,mismatch,Uncertain Result,0.0363,0.0189,0.2553,no,Good,High,none,required,model_disagreement; low_confidence; similar_top_classes; unsupported_sound_pattern; critical_without_agreement; possible_false_alarm,Aggression,Manual Review Required,True,False,sent to review,Python Aggression (0.41) vs GTM Panic Scream (0.45); Python correct. True class Aggression ranked #1 by Python and #2 by GTM.,1242.408,73.948,1412.746
SS-AGG-0562,SS-AGG-0562.wav,Aggression,Aggression,0.9963,0.0003,0.0001,0.0000,0.0000,0.0002,0.0000,0.0031,0.9963,0.0000,0.0000,Aggression,0.5409,0.0566,0.0898,0.1666,0.0016,0.0169,0.0376,0.0786,0.5409,0.0083,0.0031,match,Uncertain Result,0.4554,0.9931,0.3743,no,Good,High,raised,required,low_confidence; critical_without_agreement; possible_false_alarm,Aggression,Manual Review Required,True,True,sent to review,,1335.672,41.53,1396.375
SS-AGG-0573,SS-AGG-0573.wav,Aggression,Aggression,0.9848,0.0003,0.0005,0.0011,0.0005,0.0017,0.0001,0.0033,0.9848,0.0065,0.0013,Aggression,0.5975,0.0441,0.0190,0.0038,0.0100,0.0296,0.0079,0.0084,0.5975,0.2553,0.0244,match,Uncertain Result,0.3873,0.9782,0.3422,no,Good,High,raised,required,low_confidence; critical_without_agreement; possible_false_alarm,Aggression,Manual Review Required,True,True,sent to review,,1285.309,46.488,1369.019
SS-AGG-0575,SS-AGG-0575.wav,Aggression,Aggression,0.9818,0.0007,0.0001,0.0011,0.0006,0.0051,0.0002,0.0054,0.9818,0.0039,0.0009,Animal Sound,0.6551,0.0847,0.0540,0.0748,0.0137,0.6551,0.0027,0.0423,0.0364,0.0300,0.0062,mismatch,Model Disagreement,0.3268,0.9764,0.5703,no,Acceptable,High,none,required,model_disagreement; low_confidence; critical_without_agreement; possible_false_alarm,Aggression,Manual Review Required,True,False,sent to review,Python Aggression (0.98) vs GTM Animal Sound (0.66); Python correct. True class Aggression ranked #1 by Python and #6 by GTM.,1294.237,56.868,1401.974
SS-AGG-0578,SS-AGG-0578.wav,Aggression,Aggression,0.9929,0.0003,0.0003,0.0004,0.0002,0.0005,0.0001,0.0014,0.9929,0.0022,0.0018,Aggression,0.4908,0.0282,0.1453,0.0296,0.0023,0.0262,0.0193,0.1264,0.4908,0.0276,0.1042,match,Uncertain Result,0.5021,0.9907,0.3455,no,Good,High,raised,required,low_confidence; critical_without_agreement; possible_false_alarm,Aggression,Manual Review Required,True,True,sent to review,,1147.077,50.458,1251.444
SS-AGG-0579,SS-AGG-0579.wav,Aggression,Aggression,0.9873,0.0004,0.0005,0.0009,0.0003,0.0004,0.0003,0.0029,0.9873,0.0028,0.0041,Animal Sound,0.3461,0.0400,0.0598,0.0749,0.0092,0.3461,0.0327,0.0803,0.3000,0.0353,0.0215,mismatch,Uncertain Result,0.6412,0.9832,0.0462,no,Good,High,none,required,model_disagreement; low_confidence; critical_without_agreement; possible_false_alarm,Aggression,Manual Review Required,True,False,sent to review,Python Aggression (0.99) vs GTM Animal Sound (0.35); Python correct. True class Aggression ranked #1 by Python and #2 by GTM.,1344.733,50.237,1445.529
SS-AGG-0581,SS-AGG-0581.wav,Aggression,Aggression,0.9588,0.0009,0.0018,0.0006,0.0006,0.0028,0.0009,0.0083,0.9588,0.0094,0.0158,Alarm or Siren,0.2977,0.0107,0.1872,0.2977,0.0570,0.1593,0.0025,0.0193,0.1508,0.0799,0.0354,mismatch,Uncertain Result,0.6611,0.9429,0.1104,no,Good,High,none,required,model_disagreement; low_confidence; critical_without_agreement; possible_false_alarm,Aggression,Manual Review Required,True,False,sent to review,Python Aggression (0.96) vs GTM Alarm or Siren (0.30); Python correct. True class Aggression ranked #1 by Python and #4 by GTM.,1185.864,48.332,1277.683
SS-AGG-0582,SS-AGG-0582.wav,Aggression,Aggression,0.9949,0.0001,0.0001,0.0003,0.0001,0.0007,0.0001,0.0023,0.9949,0.0008,0.0007,Aggression,0.3472,0.0680,0.0661,0.1649,0.0084,0.0203,0.0026,0.1993,0.3472,0.1067,0.0165,match,Uncertain Result,0.6476,0.9926,0.1479,no,Good,High,raised,required,low_confidence; critical_without_agreement; possible_false_alarm,Aggression,Manual Review Required,True,True,sent to review,,1270.4,57.557,1380.157
SS-AGG-0596,SS-AGG-0596.wav,Aggression,Aggression,0.6435,0.0002,0.0001,0.0003,0.0002,0.0002,0.0000,0.3553,0.6435,0.0001,0.0001,Aggression,0.5182,0.0337,0.0102,0.1026,0.0387,0.0102,0.0021,0.2517,0.5182,0.0144,0.0181,match,Uncertain Result,0.1253,0.2882,0.2666,yes,Good,High,raised,required,low_confidence; overlapping_sounds; critical_without_agreement,Aggression,Manual Review Required,True,True,sent to review,,1176.694,39.485,1231.48
SS-AGG-0601,SS-AGG-0601.wav,Aggression,Aggression,0.9963,0.0000,0.0000,0.0003,0.0000,0.0000,0.0000,0.0032,0.9963,0.0001,0.0000,Aggression,0.6634,0.0480,0.0065,0.0702,0.0081,0.0130,0.0027,0.1582,0.6634,0.0252,0.0047,match,Weak Match,0.3329,0.9931,0.5052,no,Good,High,raised,required,low_confidence; critical_without_agreement; possible_false_alarm,Aggression,Manual Review Required,True,True,sent to review,,1245.537,42.439,1308.908
SS-AGG-0607,SS-AGG-0607.wav,Aggression,Aggression,0.9730,0.0003,0.0010,0.0059,0.0001,0.0001,0.0001,0.0190,0.9730,0.0000,0.0006,Panic Scream,0.2734,0.2393,0.0491,0.0494,0.0534,0.1238,0.0048,0.2734,0.1986,0.0021,0.0061,mismatch,Uncertain Result,0.6996,0.9540,0.0341,no,Acceptable,High,none,required,model_disagreement; low_confidence; critical_without_agreement; possible_false_alarm,Aggression,Manual Review Required,True,False,sent to review,Python Aggression (0.97) vs GTM Panic Scream (0.27); Python correct. True class Aggression ranked #1 by Python and #3 by GTM.,1319.558,81.177,1504.672
SS-AGG-0614,SS-AGG-0614.wav,Aggression,Aggression,0.8510,0.0064,0.0042,0.0031,0.0039,0.0132,0.0017,0.1132,0.8510,0.0009,0.0024,Glass Breaking,0.4183,0.1489,0.4183,0.0276,0.0247,0.0622,0.0194,0.0051,0.1110,0.0044,0.1784,mismatch,Uncertain Result,0.4327,0.7378,0.2399,no,Good,High,none,required,model_disagreement; low_confidence; critical_without_agreement; possible_false_alarm,Aggression,Manual Review Required,True,False,sent to review,Python Aggression (0.85) vs GTM Glass Breaking (0.42); Python correct. True class Aggression ranked #1 by Python and #4 by GTM.,1184.556,62.983,1351.787
SS-AGG-0615,SS-AGG-0615.wav,Aggression,Aggression,0.9064,0.0025,0.0026,0.0015,0.0010,0.0052,0.0005,0.0793,0.9064,0.0004,0.0006,Aggression,0.6086,0.1831,0.0239,0.0182,0.0061,0.0387,0.0296,0.0105,0.6086,0.0345,0.0466,match,Weak Match,0.2978,0.8271,0.4255,no,Good,High,raised,required,low_confidence; critical_without_agreement; possible_false_alarm,Aggression,Manual Review Required,True,True,sent to review,,2498.701,80.34,2737.471
SS-AGG-0645,SS-AGG-0645.wav,Aggression,Aggression,0.9936,0.0002,0.0003,0.0003,0.0001,0.0008,0.0001,0.0009,0.9936,0.0028,0.0008,Aggression,0.3891,0.0532,0.1796,0.0854,0.1341,0.0567,0.0110,0.0255,0.3891,0.0293,0.0361,match,Uncertain Result,0.6046,0.9909,0.2095,no,Good,High,raised,required,low_confidence; critical_without_agreement; possible_false_alarm,Aggression,Manual Review Required,True,True,sent to review,,1301.453,52.428,1396.866
SS-AGG-0651,SS-AGG-0651.wav,Aggression,Aggression,0.9971,0.0001,0.0002,0.0002,0.0001,0.0008,0.0001,0.0007,0.9971,0.0005,0.0003,Animal Sound,0.2191,0.1942,0.1231,0.0487,0.0289,0.2191,0.0131,0.0633,0.1071,0.0789,0.1235,mismatch,Uncertain Result,0.7780,0.9963,0.0249,no,Good,High,none,required,model_disagreement; low_confidence; critical_without_agreement; possible_false_alarm,Aggression,Manual Review Required,True,False,sent to review,Python Aggression (1.00) vs GTM Animal Sound (0.22); Python correct. True class Aggression ranked #1 by Python and #5 by GTM.,1166.839,53.335,1264.18
SS-AGG-0660,SS-AGG-0660.wav,Aggression,Aggression,0.7124,0.0116,0.0002,0.0105,0.0012,0.0102,0.0010,0.2515,0.7124,0.0004,0.0009,Panic Scream,0.6685,0.0388,0.0001,0.0315,0.0140,0.0116,0.0005,0.6685,0.2302,0.0000,0.0048,mismatch,Model Disagreement,0.0439,0.4609,0.4383,no,Good,High,none,required,model_disagreement; low_confidence; critical_without_agreement,Aggression,Manual Review Required,True,False,sent to review,Python Aggression (0.71) vs GTM Panic Scream (0.67); Python correct. True class Aggression ranked #1 by Python and #2 by GTM.,1319.833,55.549,1423.31
SS-AGG-0700,SS-AGG-0700.wav,Aggression,Aggression,0.9950,0.0011,0.0002,0.0016,0.0005,0.0000,0.0001,0.0002,0.9950,0.0012,0.0001,Aggression,0.5349,0.0713,0.0060,0.0013,0.0018,0.0025,0.2807,0.0028,0.5349,0.0000,0.0987,match,Uncertain Result,0.4601,0.9934,0.2543,no,Acceptable,High,raised,required,low_confidence; critical_without_agreement; possible_false_alarm,Aggression,Manual Review Required,True,True,sent to review,,1194.896,47.149,1257.208
SS-AGG-0704,SS-AGG-0704.wav,Aggression,Aggression,0.9960,0.0003,0.0000,0.0011,0.0003,0.0000,0.0001,0.0000,0.9960,0.0022,0.0000,Person Asking for Help,0.6421,0.0028,0.0043,0.0212,0.0001,0.0086,0.0198,0.0005,0.0059,0.6421,0.2948,mismatch,Model Disagreement,0.3539,0.9938,0.3474,no,Acceptable,High,none,required,model_disagreement; low_confidence; critical_without_agreement; possible_false_alarm,Aggression,Manual Review Required,True,False,sent to review,Python Aggression (1.00) vs GTM Person Asking for Help (0.64); Python correct. True class Aggression ranked #1 by Python and #6 by GTM.,1243.299,45.071,1305.078
SS-AGG-0747,SS-AGG-0747.wav,Aggression,Aggression,0.9992,0.0000,0.0000,0.0002,0.0000,0.0000,0.0000,0.0004,0.9992,0.0000,0.0000,Aggression,0.5624,0.0011,0.1460,0.0039,0.0001,0.0002,0.0060,0.0001,0.5624,0.0000,0.2801,match,Uncertain Result,0.4367,0.9988,0.2823,no,Acceptable,High,raised,required,low_confidence; critical_without_agreement; possible_false_alarm,Aggression,Manual Review Required,True,True,sent to review,,1240.264,60.585,1324.573
SS-ALM-0015,SS-ALM-0015.wav,Alarm or Siren,Background Noise,0.5110,0.0018,0.1893,0.0170,0.0139,0.0007,0.0043,0.2615,0.0004,0.0003,0.5110,Alarm or Siren,0.3049,0.0625,0.0543,0.3049,0.1572,0.0405,0.0265,0.0235,0.2072,0.0073,0.1161,mismatch,Uncertain Result,0.2061,0.2496,0.0977,no,Good,Medium,none,required,model_disagreement; low_confidence; unsupported_sound_pattern,Background Noise,Manual Review Required,False,True,sent to review,Python Background Noise (0.51) vs GTM Alarm or Siren (0.30); GTM correct. True class Alarm or Siren ranked #4 by Python and #1 by GTM.,2560.179,73.619,2746.503
SS-ALM-0028,SS-ALM-0028.wav,Alarm or Siren,Alarm or Siren,0.9980,0.0001,0.0002,0.9980,0.0002,0.0000,0.0006,0.0000,0.0004,0.0000,0.0004,Alarm or Siren,0.4791,0.0103,0.0000,0.4791,0.0005,0.1039,0.0009,0.2173,0.0873,0.0000,0.1005,match,Uncertain Result,0.5188,0.9974,0.2618,no,Good,High,raised,required,low_confidence,Alarm or Siren,Manual Review Required,True,True,sent to review,,1249.383,74.958,1427.31
SS-ALM-0037,SS-ALM-0037.wav,Alarm or Siren,Alarm or Siren,0.9895,0.0002,0.0052,0.9895,0.0024,0.0008,0.0006,0.0005,0.0002,0.0000,0.0006,Glass Breaking,0.3252,0.0128,0.3252,0.3206,0.0222,0.0344,0.0480,0.0570,0.0865,0.0015,0.0919,mismatch,Uncertain Result,0.6643,0.9843,0.0047,no,Good,High,none,required,model_disagreement; low_confidence,Alarm or Siren,Manual Review Required,True,False,sent to review,Python Alarm or Siren (0.99) vs GTM Glass Breaking (0.33); Python correct. True class Alarm or Siren ranked #1 by Python and #2 by GTM.,2587.902,84.862,2813.472
SS-ALM-0038,SS-ALM-0038.wav,Alarm or Siren,Alarm or Siren,0.8685,0.0622,0.0058,0.8685,0.0467,0.0024,0.0022,0.0019,0.0083,0.0005,0.0015,Alarm or Siren,0.3312,0.0308,0.0221,0.3312,0.1162,0.2321,0.0358,0.1538,0.0600,0.0029,0.0150,match,Uncertain Result,0.5373,0.8063,0.0990,no,Good,High,raised,required,low_confidence,Alarm or Siren,Manual Review Required,True,True,sent to review,,2481.402,77.412,2784.532
SS-ALM-0045,SS-ALM-0045.wav,Alarm or Siren,Alarm or Siren,0.9748,0.0003,0.0007,0.9748,0.0159,0.0036,0.0009,0.0011,0.0012,0.0002,0.0013,Panic Scream,0.5369,0.0016,0.0000,0.0054,0.0000,0.4442,0.0000,0.5369,0.0004,0.0000,0.0115,mismatch,Uncertain Result,0.4379,0.9589,0.0927,no,Good,High,none,required,model_disagreement; low_confidence,Alarm or Siren,Manual Review Required,True,False,sent to review,Python Alarm or Siren (0.97) vs GTM Panic Scream (0.54); Python correct. True class Alarm or Siren ranked #1 by Python and #4 by GTM.,1321.794,41.983,1383.215
SS-ALM-0047,SS-ALM-0047.wav,Alarm or Siren,Machinery Fault,0.5904,0.5904,0.0071,0.0028,0.0838,0.0216,0.0085,0.0418,0.0879,0.1443,0.0118,Glass Breaking,0.5571,0.0682,0.5571,0.0000,0.0001,0.0001,0.3686,0.0000,0.0000,0.0000,0.0059,mismatch,Uncertain Result,0.0333,0.4461,0.1884,no,Acceptable,High,none,required,model_disagreement; low_confidence; unsupported_sound_pattern,Machinery Fault,Manual Review Required,False,False,sent to review,Python Machinery Fault (0.59) vs GTM Glass Breaking (0.56); neither model correct. True class Alarm or Siren ranked #10 by Python and #9 by GTM.,1120.941,39.84,1170.501
SS-ALM-0063,SS-ALM-0063.wav,Alarm or Siren,Alarm or Siren,0.9628,0.0008,0.0267,0.9628,0.0009,0.0008,0.0010,0.0025,0.0012,0.0029,0.0005,Vehicle Horn,0.4540,0.0008,0.2411,0.0201,0.4540,0.0442,0.0267,0.1934,0.0180,0.0010,0.0008,mismatch,Uncertain Result,0.5088,0.9362,0.2129,no,Good,High,none,required,model_disagreement; low_confidence,Alarm or Siren,Manual Review Required,True,False,sent to review,Python Alarm or Siren (0.96) vs GTM Vehicle Horn (0.45); Python correct. True class Alarm or Siren ranked #1 by Python and #6 by GTM.,1205.769,60.6,1285.506
SS-ALM-0068,SS-ALM-0068.wav,Alarm or Siren,Machinery Fault,0.4271,0.4271,0.1192,0.4197,0.0035,0.0028,0.0103,0.0051,0.0078,0.0004,0.0043,Aggression,0.2349,0.1390,0.1188,0.0918,0.0395,0.0467,0.1899,0.0527,0.2349,0.0120,0.0747,mismatch,Uncertain Result,0.1922,0.0074,0.0449,no,Acceptable,High,none,required,model_disagreement; low_confidence; similar_top_classes; unsupported_sound_pattern,Machinery Fault,Manual Review Required,False,False,sent to review,Python Machinery Fault (0.43) vs GTM Aggression (0.23); neither model correct. True class Alarm or Siren ranked #2 by Python and #5 by GTM.,2442.753,94.547,2672.8
SS-ALM-0073,SS-ALM-0073.wav,Alarm or Siren,Glass Breaking,0.6582,0.0075,0.6582,0.3023,0.0108,0.0019,0.0024,0.0071,0.0010,0.0025,0.0063,Animal Sound,0.4239,0.0015,0.1353,0.0042,0.1855,0.4239,0.1650,0.0092,0.0591,0.0004,0.0157,mismatch,Uncertain Result,0.2343,0.3559,0.2383,no,Acceptable,High,none,required,model_disagreement; low_confidence; critical_without_agreement,Glass Breaking,Manual Review Required,False,False,sent to review,Python Glass Breaking (0.66) vs GTM Animal Sound (0.42); neither model correct. True class Alarm or Siren ranked #2 by Python and #8 by GTM.,1247.347,43.229,1311.557
SS-ALM-0077,SS-ALM-0077.wav,Alarm or Siren,Alarm or Siren,0.7484,0.0076,0.0010,0.7484,0.2295,0.0007,0.0011,0.0003,0.0104,0.0002,0.0008,Machinery Fault,0.4447,0.4447,0.0023,0.1422,0.2838,0.0619,0.0012,0.0113,0.0263,0.0000,0.0263,mismatch,Uncertain Result,0.3037,0.5189,0.1610,no,Good,High,none,required,model_disagreement; low_confidence,Alarm or Siren,Manual Review Required,True,False,sent to review,Python Alarm or Siren (0.75) vs GTM Machinery Fault (0.44); Python correct. True class Alarm or Siren ranked #1 by Python and #3 by GTM.,1236.782,56.283,1343.786
SS-ALM-0084,SS-ALM-0084.wav,Alarm or Siren,Vehicle Horn,0.4168,0.1699,0.0034,0.0658,0.4168,0.0209,0.0134,0.0630,0.2156,0.0012,0.0300,Machinery Fault,0.3907,0.3907,0.0103,0.0460,0.1501,0.0352,0.0200,0.0485,0.1142,0.0103,0.1747,mismatch,Uncertain Result,0.0261,0.2012,0.2161,no,Good,Low,none,required,model_disagreement; low_confidence; unsupported_sound_pattern,Vehicle Horn,Manual Review Required,False,False,sent to review,Python Vehicle Horn (0.42) vs GTM Machinery Fault (0.39); neither model correct. True class Alarm or Siren ranked #4 by Python and #6 by GTM.,3803.555,126.426,4193.056
SS-ALM-0103,SS-ALM-0103.wav,Alarm or Siren,Machinery Fault,0.3965,0.3965,0.0091,0.0787,0.0486,0.0152,0.0152,0.0186,0.3735,0.0019,0.0429,Background Noise,0.2339,0.2045,0.0526,0.0563,0.1986,0.0143,0.0085,0.0090,0.0169,0.2054,0.2339,mismatch,Uncertain Result,0.1626,0.0230,0.0285,no,Good,High,none,required,model_disagreement; low_confidence; similar_top_classes; unsupported_sound_pattern,Machinery Fault,Manual Review Required,False,False,sent to review,Python Machinery Fault (0.40) vs GTM Background Noise (0.23); neither model correct. True class Alarm or Siren ranked #3 by Python and #5 by GTM.,1197.375,66.804,1332.9
SS-ALM-0105,SS-ALM-0105.wav,Alarm or Siren,Alarm or Siren,0.2967,0.1417,0.2489,0.2967,0.0033,0.0120,0.0816,0.0754,0.0486,0.0124,0.0792,Glass Breaking,0.9375,0.0020,0.9375,0.0015,0.0003,0.0026,0.0198,0.0238,0.0119,0.0000,0.0007,mismatch,Uncertain Result,0.6408,0.0478,0.9137,no,Good,High,none,required,model_disagreement; low_confidence; similar_top_classes,Alarm or Siren,Manual Review Required,True,False,sent to review,Python Alarm or Siren (0.30) vs GTM Glass Breaking (0.94); Python correct. True class Alarm or Siren ranked #1 by Python and #7 by GTM.,1363.837,46.521,1447.011
SS-ALM-0109,SS-ALM-0109.wav,Alarm or Siren,Alarm or Siren,0.9456,0.0009,0.0010,0.9456,0.0106,0.0005,0.0008,0.0001,0.0333,0.0073,0.0000,Alarm or Siren,0.2678,0.0060,0.0204,0.2678,0.2138,0.0598,0.1907,0.0268,0.1684,0.0051,0.0412,match,Uncertain Result,0.6778,0.9123,0.0540,no,Good,High,raised,required,low_confidence,Alarm or Siren,Manual Review Required,True,True,sent to review,,1224.635,46.685,1296.765
SS-ALM-0112,SS-ALM-0112.wav,Alarm or Siren,Glass Breaking,0.5076,0.0088,0.5076,0.4409,0.0022,0.0057,0.0034,0.0132,0.0054,0.0093,0.0036,Vehicle Horn,0.4183,0.0020,0.2487,0.0218,0.4183,0.1307,0.0874,0.0363,0.0457,0.0091,0.0001,mismatch,Uncertain Result,0.0894,0.0667,0.1696,no,Good,High,none,required,model_disagreement; low_confidence; similar_top_classes; unsupported_sound_pattern; critical_without_agreement; possible_false_alarm,Glass Breaking,Manual Review Required,False,False,sent to review,Python Glass Breaking (0.51) vs GTM Vehicle Horn (0.42); neither model correct. True class Alarm or Siren ranked #2 by Python and #7 by GTM.,1224.836,50.967,1298.353
SS-ALM-0113,SS-ALM-0113.wav,Alarm or Siren,Alarm or Siren,0.9703,0.0062,0.0009,0.9703,0.0158,0.0010,0.0006,0.0014,0.0033,0.0000,0.0004,Vehicle Horn,0.7025,0.0365,0.0160,0.0696,0.7025,0.0615,0.0037,0.0612,0.0308,0.0027,0.0156,mismatch,Model Disagreement,0.2678,0.9544,0.6328,no,Good,High,none,required,model_disagreement; low_confidence,Alarm or Siren,Manual Review Required,True,False,sent to review,Python Alarm or Siren (0.97) vs GTM Vehicle Horn (0.70); Python correct. True class Alarm or Siren ranked #1 by Python and #2 by GTM.,2585.445,84.34,2836.666
SS-ALM-0117,SS-ALM-0117.wav,Alarm or Siren,Alarm or Siren,1.0000,0.0000,0.0000,1.0000,0.0000,0.0000,0.0000,0.0000,0.0000,0.0000,0.0000,Glass Breaking,0.3157,0.2014,0.3157,0.0019,0.0136,0.0079,0.2062,0.0002,0.0071,0.0003,0.2458,mismatch,Uncertain Result,0.6843,1.0000,0.0699,no,Good,High,none,required,model_disagreement; low_confidence,Alarm or Siren,Manual Review Required,True,False,sent to review,Python Alarm or Siren (1.00) vs GTM Glass Breaking (0.32); Python correct. True class Alarm or Siren ranked #1 by Python and #8 by GTM.,1314.388,48.683,1390.54
SS-ALM-0118,SS-ALM-0118.wav,Alarm or Siren,Alarm or Siren,0.9993,0.0000,0.0000,0.9993,0.0001,0.0000,0.0000,0.0000,0.0000,0.0000,0.0005,Machinery Fault,0.4398,0.4398,0.0283,0.0619,0.0191,0.0129,0.0192,0.0016,0.0565,0.0006,0.3602,mismatch,Uncertain Result,0.5596,0.9988,0.0796,no,Good,High,none,required,model_disagreement; low_confidence,Alarm or Siren,Manual Review Required,True,False,sent to review,Python Alarm or Siren (1.00) vs GTM Machinery Fault (0.44); Python correct. True class Alarm or Siren ranked #1 by Python and #3 by GTM.,2500.34,99.231,2769.156
SS-ALM-0502,SS-ALM-0502.wav,Alarm or Siren,Alarm or Siren,0.9945,0.0012,0.0010,0.9945,0.0017,0.0002,0.0004,0.0001,0.0001,0.0000,0.0008,Alarm or Siren,0.9683,0.0259,0.0022,0.9683,0.0005,0.0020,0.0000,0.0002,0.0001,0.0000,0.0008,match,Strong Match,0.0262,0.9928,0.9424,no,Good,High,raised,not required,,Alarm or Siren,Likely Valid,True,True,correct,,1273.683,54.507,1377.057
SS-ALM-0517,SS-ALM-0517.wav,Alarm or Siren,Alarm or Siren,0.4490,0.4314,0.0315,0.4490,0.0142,0.0428,0.0115,0.0025,0.0037,0.0007,0.0127,Machinery Fault,0.8761,0.8761,0.0068,0.0729,0.0145,0.0180,0.0004,0.0010,0.0005,0.0000,0.0098,mismatch,Uncertain Result,0.4271,0.0176,0.8032,no,Acceptable,High,none,required,model_disagreement; low_confidence; similar_top_classes,Alarm or Siren,Manual Review Required,True,False,sent to review,Python Alarm or Siren (0.45) vs GTM Machinery Fault (0.88); Python correct. True class Alarm or Siren ranked #1 by Python and #2 by GTM.,1306.749,46.34,1397.239
SS-ALM-0521,SS-ALM-0521.wav,Alarm or Siren,Alarm or Siren,0.8181,0.0082,0.0036,0.8181,0.1569,0.0012,0.0010,0.0020,0.0060,0.0003,0.0028,Panic Scream,0.5689,0.0489,0.0015,0.2142,0.0628,0.0137,0.0045,0.5689,0.0826,0.0013,0.0016,mismatch,Uncertain Result,0.2492,0.6612,0.3547,no,Good,High,none,required,model_disagreement; low_confidence,Alarm or Siren,Manual Review Required,True,False,sent to review,Python Alarm or Siren (0.82) vs GTM Panic Scream (0.57); Python correct. True class Alarm or Siren ranked #1 by Python and #2 by GTM.,1224.9,73.898,1344.288
SS-ALM-0550,SS-ALM-0550.wav,Alarm or Siren,Alarm or Siren,0.9979,0.0001,0.0002,0.9979,0.0002,0.0001,0.0001,0.0001,0.0012,0.0000,0.0001,Panic Scream,0.6296,0.0000,0.0096,0.1207,0.0003,0.0516,0.0000,0.6296,0.1611,0.0000,0.0271,mismatch,Model Disagreement,0.3684,0.9967,0.4685,no,Good,High,none,required,model_disagreement; low_confidence,Alarm or Siren,Manual Review Required,True,False,sent to review,Python Alarm or Siren (1.00) vs GTM Panic Scream (0.63); Python correct. True class Alarm or Siren ranked #1 by Python and #3 by GTM.,1307.598,56.957,1414.222
SS-ALM-0551,SS-ALM-0551.wav,Alarm or Siren,Alarm or Siren,0.9985,0.0002,0.0002,0.9985,0.0002,0.0001,0.0001,0.0001,0.0003,0.0000,0.0003,Person Asking for Help,0.6796,0.0002,0.0000,0.0000,0.0000,0.0149,0.0000,0.0000,0.0002,0.6796,0.3051,mismatch,Model Disagreement,0.3189,0.9981,0.3745,no,Good,High,none,required,model_disagreement; low_confidence,Alarm or Siren,Manual Review Required,True,False,sent to review,Python Alarm or Siren (1.00) vs GTM Person Asking for Help (0.68); Python correct. True class Alarm or Siren ranked #1 by Python and #7 by GTM.,1203.483,52.37,1301.905
SS-ALM-0656,SS-ALM-0656.wav,Alarm or Siren,Alarm or Siren,0.9959,0.0001,0.0003,0.9959,0.0002,0.0001,0.0001,0.0002,0.0029,0.0000,0.0002,Panic Scream,0.4894,0.0000,0.0005,0.1356,0.0004,0.0615,0.0000,0.4894,0.3125,0.0000,0.0000,mismatch,Uncertain Result,0.5065,0.9930,0.1769,no,Acceptable,High,none,required,model_disagreement; low_confidence,Alarm or Siren,Manual Review Required,True,False,sent to review,Python Alarm or Siren (1.00) vs GTM Panic Scream (0.49); Python correct. True class Alarm or Siren ranked #1 by Python and #3 by GTM.,1212.457,55.978,1322.118
SS-ALM-0657,SS-ALM-0657.wav,Alarm or Siren,Alarm or Siren,0.9974,0.0001,0.0002,0.9974,0.0002,0.0001,0.0001,0.0002,0.0017,0.0000,0.0001,Panic Scream,0.6507,0.0000,0.0007,0.0371,0.0030,0.2765,0.0000,0.6507,0.0319,0.0000,0.0000,mismatch,Model Disagreement,0.3467,0.9958,0.3742,no,Acceptable,High,none,required,model_disagreement; low_confidence,Alarm or Siren,Manual Review Required,True,False,sent to review,Python Alarm or Siren (1.00) vs GTM Panic Scream (0.65); Python correct. True class Alarm or Siren ranked #1 by Python and #3 by GTM.,1326.795,51.061,1424.052
SS-ALM-0658,SS-ALM-0658.wav,Alarm or Siren,Alarm or Siren,0.9986,0.0002,0.0002,0.9986,0.0002,0.0001,0.0001,0.0001,0.0004,0.0000,0.0002,Person Asking for Help,0.6930,0.0003,0.0000,0.0000,0.0000,0.0066,0.0000,0.0000,0.0001,0.6930,0.3000,mismatch,Model Disagreement,0.3055,0.9982,0.3931,no,Acceptable,High,none,required,model_disagreement; low_confidence,Alarm or Siren,Manual Review Required,True,False,sent to review,Python Alarm or Siren (1.00) vs GTM Person Asking for Help (0.69); Python correct. True class Alarm or Siren ranked #1 by Python and #6 by GTM.,1227.785,52.743,1323.389
SS-ALM-0659,SS-ALM-0659.wav,Alarm or Siren,Alarm or Siren,0.9978,0.0001,0.0002,0.9978,0.0002,0.0001,0.0001,0.0001,0.0012,0.0000,0.0002,Background Noise,0.7480,0.0009,0.0000,0.0373,0.0000,0.0776,0.0008,0.0059,0.0062,0.1231,0.7480,mismatch,Model Disagreement,0.2498,0.9966,0.6249,no,Acceptable,High,none,required,model_disagreement; low_confidence,Alarm or Siren,Manual Review Required,True,False,sent to review,Python Alarm or Siren (1.00) vs GTM Background Noise (0.75); Python correct. True class Alarm or Siren ranked #1 by Python and #4 by GTM.,1311.028,50.339,1405.357
SS-ALM-0660,SS-ALM-0660.wav,Alarm or Siren,Alarm or Siren,0.9978,0.0001,0.0002,0.9978,0.0001,0.0000,0.0001,0.0002,0.0015,0.0000,0.0001,Alarm or Siren,0.2522,0.0002,0.0000,0.2522,0.0002,0.0813,0.0008,0.2100,0.1796,0.1289,0.1467,match,Uncertain Result,0.7456,0.9964,0.0422,no,Acceptable,High,raised,required,low_confidence,Alarm or Siren,Manual Review Required,True,True,sent to review,,1289.213,54.52,1391.993
SS-ALM-0661,SS-ALM-0661.wav,Alarm or Siren,Alarm or Siren,0.9953,0.0002,0.0007,0.9953,0.0003,0.0002,0.0001,0.0004,0.0026,0.0000,0.0002,Panic Scream,0.6624,0.0000,0.0000,0.3273,0.0000,0.0070,0.0000,0.6624,0.0033,0.0000,0.0000,mismatch,Model Disagreement,0.3329,0.9927,0.3351,no,Acceptable,High,none,required,model_disagreement; low_confidence,Alarm or Siren,Manual Review Required,True,False,sent to review,Python Alarm or Siren (1.00) vs GTM Panic Scream (0.66); Python correct. True class Alarm or Siren ranked #1 by Python and #2 by GTM.,1358.658,57.32,1459.84
SS-ALM-0662,SS-ALM-0662.wav,Alarm or Siren,Alarm or Siren,0.9974,0.0000,0.0006,0.9974,0.0003,0.0001,0.0001,0.0001,0.0012,0.0000,0.0001,Panic Scream,0.4577,0.0035,0.0000,0.0006,0.0041,0.1256,0.0000,0.4577,0.0536,0.0267,0.3280,mismatch,Uncertain Result,0.5397,0.9962,0.1297,no,Acceptable,High,none,required,model_disagreement; low_confidence,Alarm or Siren,Manual Review Required,True,False,sent to review,Python Alarm or Siren (1.00) vs GTM Panic Scream (0.46); Python correct. True class Alarm or Siren ranked #1 by Python and #8 by GTM.,1217.999,50.012,1311.481
SS-ALM-0663,SS-ALM-0663.wav,Alarm or Siren,Alarm or Siren,0.9989,0.0001,0.0002,0.9989,0.0002,0.0001,0.0001,0.0001,0.0003,0.0000,0.0001,Background Noise,0.4964,0.0007,0.0000,0.0000,0.0000,0.0052,0.0001,0.0000,0.0094,0.4882,0.4964,mismatch,Uncertain Result,0.5025,0.9986,0.0082,no,Acceptable,High,none,required,model_disagreement; low_confidence,Alarm or Siren,Manual Review Required,True,False,sent to review,Python Alarm or Siren (1.00) vs GTM Background Noise (0.50); Python correct. True class Alarm or Siren ranked #1 by Python and #7 by GTM.,1297.75,52.583,1398.361
SS-ALM-0664,SS-ALM-0664.wav,Alarm or Siren,Alarm or Siren,0.9985,0.0001,0.0002,0.9985,0.0003,0.0001,0.0001,0.0001,0.0006,0.0000,0.0001,Background Noise,0.5367,0.0002,0.0000,0.0000,0.0000,0.0304,0.0000,0.0000,0.0004,0.4323,0.5367,mismatch,Uncertain Result,0.4618,0.9979,0.1044,no,Acceptable,High,none,required,model_disagreement; low_confidence,Alarm or Siren,Manual Review Required,True,False,sent to review,Python Alarm or Siren (1.00) vs GTM Background Noise (0.54); Python correct. True class Alarm or Siren ranked #1 by Python and #7 by GTM.,1239.324,51.639,1340.425
SS-ALM-0665,SS-ALM-0665.wav,Alarm or Siren,Alarm or Siren,0.9985,0.0000,0.0002,0.9985,0.0001,0.0000,0.0000,0.0000,0.0009,0.0000,0.0001,Background Noise,0.4744,0.0005,0.0000,0.0124,0.0002,0.0108,0.0000,0.0865,0.3989,0.0164,0.4744,mismatch,Uncertain Result,0.5242,0.9976,0.0755,no,Acceptable,High,none,required,model_disagreement; low_confidence,Alarm or Siren,Manual Review Required,True,False,sent to review,Python Alarm or Siren (1.00) vs GTM Background Noise (0.47); Python correct. True class Alarm or Siren ranked #1 by Python and #5 by GTM.,1391.245,51.29,1486.626
SS-ALM-0666,SS-ALM-0666.wav,Alarm or Siren,Alarm or Siren,0.9948,0.0001,0.0005,0.9948,0.0003,0.0002,0.0001,0.0002,0.0036,0.0001,0.0002,Panic Scream,0.4786,0.0000,0.0000,0.2198,0.0011,0.0180,0.0000,0.4786,0.2819,0.0006,0.0000,mismatch,Uncertain Result,0.5162,0.9911,0.1967,no,Acceptable,High,none,required,model_disagreement; low_confidence,Alarm or Siren,Manual Review Required,True,False,sent to review,Python Alarm or Siren (0.99) vs GTM Panic Scream (0.48); Python correct. True class Alarm or Siren ranked #1 by Python and #3 by GTM.,1271.486,50.847,1373.278
SS-ALM-0667,SS-ALM-0667.wav,Alarm or Siren,Alarm or Siren,0.9954,0.0001,0.0010,0.9954,0.0003,0.0001,0.0001,0.0002,0.0025,0.0000,0.0002,Panic Scream,0.6080,0.0000,0.0000,0.2293,0.0002,0.0158,0.0000,0.6080,0.1462,0.0001,0.0004,mismatch,Model Disagreement,0.3874,0.9930,0.3787,no,Acceptable,High,none,required,model_disagreement; low_confidence,Alarm or Siren,Manual Review Required,True,False,sent to review,Python Alarm or Siren (1.00) vs GTM Panic Scream (0.61); Python correct. True class Alarm or Siren ranked #1 by Python and #2 by GTM.,1305.166,61.385,1413.535
SS-ALM-0668,SS-ALM-0668.wav,Alarm or Siren,Alarm or Siren,0.9942,0.0002,0.0008,0.9942,0.0008,0.0004,0.0003,0.0005,0.0026,0.0001,0.0002,Panic Scream,0.7712,0.0000,0.0000,0.2278,0.0003,0.0006,0.0000,0.7712,0.0001,0.0000,0.0000,mismatch,Model Disagreement,0.2230,0.9916,0.5434,no,Acceptable,High,none,required,model_disagreement,Alarm or Siren,Manual Review Required,True,False,sent to review,Python Alarm or Siren (0.99) vs GTM Panic Scream (0.77); Python correct. True class Alarm or Siren ranked #1 by Python and #2 by GTM.,1242.642,49.022,1334.996
SS-ALM-0669,SS-ALM-0669.wav,Alarm or Siren,Alarm or Siren,0.9975,0.0001,0.0003,0.9975,0.0002,0.0001,0.0001,0.0002,0.0014,0.0000,0.0001,Background Noise,0.4249,0.0006,0.0000,0.0886,0.0001,0.0325,0.0000,0.2764,0.0761,0.1008,0.4249,mismatch,Uncertain Result,0.5726,0.9961,0.1486,no,Acceptable,High,none,required,model_disagreement; low_confidence,Alarm or Siren,Manual Review Required,True,False,sent to review,Python Alarm or Siren (1.00) vs GTM Background Noise (0.42); Python correct. True class Alarm or Siren ranked #1 by Python and #4 by GTM.,1277.411,54.118,1376.338
SS-ALM-0670,SS-ALM-0670.wav,Alarm or Siren,Alarm or Siren,0.9983,0.0002,0.0003,0.9983,0.0002,0.0001,0.0001,0.0001,0.0005,0.0000,0.0003,Person Asking for Help,0.6610,0.0004,0.0000,0.0000,0.0000,0.0464,0.0000,0.0000,0.0003,0.6610,0.2919,mismatch,Model Disagreement,0.3373,0.9978,0.3691,no,Acceptable,High,none,required,model_disagreement; low_confidence,Alarm or Siren,Manual Review Required,True,False,sent to review,Python Alarm or Siren (1.00) vs GTM Person Asking for Help (0.66); Python correct. True class Alarm or Siren ranked #1 by Python and #7 by GTM.,1278.176,54.159,1382.955
SS-ALM-0671,SS-ALM-0671.wav,Alarm or Siren,Alarm or Siren,0.9977,0.0001,0.0003,0.9977,0.0003,0.0002,0.0001,0.0002,0.0010,0.0000,0.0002,Person Asking for Help,0.5295,0.0003,0.0000,0.0002,0.0000,0.0131,0.0000,0.0580,0.1917,0.5295,0.2073,mismatch,Uncertain Result,0.4682,0.9968,0.3222,no,Acceptable,High,none,required,model_disagreement; low_confidence,Alarm or Siren,Manual Review Required,True,False,sent to review,Python Alarm or Siren (1.00) vs GTM Person Asking for Help (0.53); Python correct. True class Alarm or Siren ranked #1 by Python and #7 by GTM.,1340.99,57.224,1443.193
SS-ALM-0672,SS-ALM-0672.wav,Alarm or Siren,Alarm or Siren,0.9971,0.0000,0.0007,0.9971,0.0003,0.0001,0.0001,0.0001,0.0014,0.0000,0.0001,Panic Scream,0.4908,0.0019,0.0000,0.0252,0.0001,0.0609,0.0000,0.4908,0.1878,0.0222,0.2111,mismatch,Uncertain Result,0.5063,0.9958,0.2797,no,Acceptable,High,none,required,model_disagreement; low_confidence,Alarm or Siren,Manual Review Required,True,False,sent to review,Python Alarm or Siren (1.00) vs GTM Panic Scream (0.49); Python correct. True class Alarm or Siren ranked #1 by Python and #5 by GTM.,1359.846,61.592,1469.944
SS-ALM-0673,SS-ALM-0673.wav,Alarm or Siren,Alarm or Siren,0.9984,0.0000,0.0002,0.9984,0.0002,0.0001,0.0001,0.0001,0.0008,0.0000,0.0001,Background Noise,0.8196,0.0032,0.0000,0.0402,0.0001,0.0577,0.0002,0.0089,0.0084,0.0617,0.8196,mismatch,Model Disagreement,0.1788,0.9976,0.7579,no,Acceptable,High,none,required,model_disagreement,Alarm or Siren,Manual Review Required,True,False,sent to review,Python Alarm or Siren (1.00) vs GTM Background Noise (0.82); Python correct. True class Alarm or Siren ranked #1 by Python and #4 by GTM.,1227.756,60.446,1335.584
SS-ALM-0674,SS-ALM-0674.wav,Alarm or Siren,Alarm or Siren,0.9988,0.0001,0.0002,0.9988,0.0002,0.0001,0.0001,0.0001,0.0004,0.0000,0.0001,Background Noise,0.5419,0.0006,0.0000,0.0001,0.0000,0.0170,0.0000,0.0000,0.0007,0.4397,0.5419,mismatch,Uncertain Result,0.4569,0.9984,0.1022,no,Acceptable,High,none,required,model_disagreement; low_confidence,Alarm or Siren,Manual Review Required,True,False,sent to review,Python Alarm or Siren (1.00) vs GTM Background Noise (0.54); Python correct. True class Alarm or Siren ranked #1 by Python and #6 by GTM.,1334.514,66.414,1460.181
SS-ALM-0675,SS-ALM-0675.wav,Alarm or Siren,Alarm or Siren,0.9976,0.0001,0.0002,0.9976,0.0001,0.0001,0.0000,0.0002,0.0015,0.0000,0.0002,Background Noise,0.6507,0.0009,0.0001,0.0030,0.0000,0.0212,0.0000,0.0023,0.2619,0.0600,0.6507,mismatch,Model Disagreement,0.3469,0.9961,0.3889,no,Acceptable,High,none,required,model_disagreement; low_confidence,Alarm or Siren,Manual Review Required,True,False,sent to review,Python Alarm or Siren (1.00) vs GTM Background Noise (0.65); Python correct. True class Alarm or Siren ranked #1 by Python and #5 by GTM.,1249.8,49.778,1352.542
SS-ALM-0676,SS-ALM-0676.wav,Alarm or Siren,Alarm or Siren,0.9979,0.0000,0.0002,0.9979,0.0001,0.0001,0.0001,0.0002,0.0014,0.0000,0.0001,Panic Scream,0.3706,0.0007,0.0003,0.2081,0.0008,0.0260,0.0000,0.3706,0.2439,0.0092,0.1405,mismatch,Uncertain Result,0.6273,0.9965,0.1267,no,Acceptable,High,none,required,model_disagreement; low_confidence,Alarm or Siren,Manual Review Required,True,False,sent to review,Python Alarm or Siren (1.00) vs GTM Panic Scream (0.37); Python correct. True class Alarm or Siren ranked #1 by Python and #3 by GTM.,1429.989,52.873,1528.66
SS-ALM-0677,SS-ALM-0677.wav,Alarm or Siren,Alarm or Siren,0.9964,0.0001,0.0006,0.9964,0.0004,0.0001,0.0001,0.0002,0.0019,0.0000,0.0002,Panic Scream,0.6547,0.0006,0.0000,0.1422,0.0084,0.0018,0.0001,0.6547,0.0361,0.0143,0.1419,mismatch,Model Disagreement,0.3417,0.9945,0.5125,no,Acceptable,High,none,required,model_disagreement; low_confidence,Alarm or Siren,Manual Review Required,True,False,sent to review,Python Alarm or Siren (1.00) vs GTM Panic Scream (0.65); Python correct. True class Alarm or Siren ranked #1 by Python and #2 by GTM.,1246.329,52.428,1344.431
SS-ANI-0005,SS-ANI-0005.wav,Animal Sound,Animal Sound,0.9851,0.0011,0.0000,0.0004,0.0019,0.9851,0.0002,0.0004,0.0093,0.0005,0.0010,Panic Scream,0.6039,0.0083,0.0004,0.1919,0.0074,0.1878,0.0000,0.6039,0.0003,0.0000,0.0000,mismatch,Model Disagreement,0.3812,0.9759,0.4120,no,Acceptable,Low,none,required,model_disagreement; low_confidence,Animal Sound,Manual Review Required,True,False,sent to review,Python Animal Sound (0.99) vs GTM Panic Scream (0.60); Python correct. True class Animal Sound ranked #1 by Python and #3 by GTM.,1360.692,49.804,1429.773
SS-ANI-0008,SS-ANI-0008.wav,Animal Sound,Background Noise,0.9074,0.0024,0.0735,0.0035,0.0007,0.0012,0.0006,0.0013,0.0092,0.0002,0.9074,Background Noise,0.5738,0.0168,0.2235,0.0383,0.0013,0.0047,0.0213,0.0058,0.1141,0.0005,0.5738,match,Uncertain Result,0.3335,0.8339,0.3504,no,Good,Informational,none,required,low_confidence,Background Noise,Manual Review Required,False,False,sent to review,Both models chose Background Noise (true class Animal Sound); the true class was Python's #7 and GTM's #8 choice.,1373.607,54.812,1479.34
SS-ANI-0017,SS-ANI-0017.wav,Animal Sound,Animal Sound,0.9791,0.0005,0.0015,0.0012,0.0006,0.9791,0.0001,0.0033,0.0130,0.0002,0.0006,Panic Scream,0.3803,0.0037,0.0375,0.0115,0.2933,0.0506,0.1979,0.3803,0.0161,0.0053,0.0038,mismatch,Uncertain Result,0.5987,0.9661,0.0870,no,Good,Low,none,required,model_disagreement; low_confidence,Animal Sound,Manual Review Required,True,False,sent to review,Python Animal Sound (0.98) vs GTM Panic Scream (0.38); Python correct. True class Animal Sound ranked #1 by Python and #4 by GTM.,1386.084,43.955,1445.601
SS-ANI-0019,SS-ANI-0019.wav,Animal Sound,Animal Sound,0.7126,0.0142,0.0022,0.1178,0.0126,0.7126,0.0010,0.0591,0.0528,0.0015,0.0261,Machinery Fault,0.8052,0.8052,0.0183,0.0138,0.0085,0.0334,0.0462,0.0103,0.0156,0.0010,0.0476,mismatch,Model Disagreement,0.0926,0.5948,0.7576,no,Acceptable,Low,none,required,model_disagreement; low_confidence,Animal Sound,Manual Review Required,True,False,sent to review,Python Animal Sound (0.71) vs GTM Machinery Fault (0.81); Python correct. True class Animal Sound ranked #1 by Python and #4 by GTM.,1258.805,65.644,1405.51
SS-ANI-0020,SS-ANI-0020.wav,Animal Sound,Panic Scream,0.9568,0.0008,0.0028,0.0007,0.0163,0.0066,0.0003,0.9568,0.0020,0.0127,0.0009,Glass Breaking,0.8552,0.0188,0.8552,0.0028,0.0152,0.0119,0.0417,0.0134,0.0169,0.0000,0.0240,mismatch,Model Disagreement,0.1016,0.9405,0.8135,no,Acceptable,Critical,none,required,model_disagreement; critical_without_agreement,Panic Scream,Manual Review Required,False,False,sent to review,Python Panic Scream (0.96) vs GTM Glass Breaking (0.86); neither model correct. True class Animal Sound ranked #4 by Python and #8 by GTM.,1349.712,53.125,1421.181
SS-ANI-0021,SS-ANI-0021.wav,Animal Sound,Animal Sound,0.9430,0.0026,0.0005,0.0033,0.0013,0.9430,0.0004,0.0272,0.0157,0.0019,0.0041,Gunshot,0.2153,0.0652,0.1437,0.0127,0.1456,0.0110,0.2153,0.1255,0.1428,0.1348,0.0034,mismatch,Uncertain Result,0.7278,0.9158,0.0696,no,Acceptable,Low,none,required,model_disagreement; low_confidence,Animal Sound,Manual Review Required,True,False,sent to review,Python Animal Sound (0.94) vs GTM Gunshot (0.22); Python correct. True class Animal Sound ranked #1 by Python and #9 by GTM.,1234.38,41.41,1288.246
SS-ANI-0040,SS-ANI-0040.wav,Animal Sound,Animal Sound,0.8953,0.0016,0.0008,0.0024,0.0912,0.8953,0.0007,0.0004,0.0067,0.0001,0.0008,Animal Sound,0.3890,0.0842,0.2387,0.1268,0.0683,0.3890,0.0116,0.0021,0.0122,0.0002,0.0669,match,Uncertain Result,0.5063,0.8042,0.1503,no,Acceptable,Low,none,required,low_confidence,Animal Sound,Manual Review Required,True,True,sent to review,,3871.256,124.484,4221.477
SS-ANI-0049,SS-ANI-0049.wav,Animal Sound,Animal Sound,0.7318,0.0102,0.0257,0.0139,0.0115,0.7318,0.0005,0.0090,0.1805,0.0002,0.0166,Animal Sound,0.2173,0.0905,0.0315,0.1443,0.0350,0.2173,0.1345,0.0787,0.0529,0.0523,0.1629,match,Uncertain Result,0.5145,0.5513,0.0544,no,Good,Low,none,required,low_confidence,Animal Sound,Manual Review Required,True,True,sent to review,,1293.29,60.649,1444.208
SS-ANI-0052,SS-ANI-0052.wav,Animal Sound,Animal Sound,0.9690,0.0021,0.0002,0.0004,0.0005,0.9690,0.0004,0.0222,0.0038,0.0000,0.0014,Panic Scream,0.4254,0.0031,0.0161,0.0121,0.0199,0.2672,0.0002,0.4254,0.2400,0.0130,0.0032,mismatch,Uncertain Result,0.5437,0.9468,0.1582,no,Acceptable,Low,none,required,model_disagreement; low_confidence,Animal Sound,Manual Review Required,True,False,sent to review,Python Animal Sound (0.97) vs GTM Panic Scream (0.43); Python correct. True class Animal Sound ranked #1 by Python and #2 by GTM.,1242.201,63.292,1372.391
SS-ANI-0066,SS-ANI-0066.wav,Animal Sound,Animal Sound,0.9797,0.0034,0.0001,0.0015,0.0062,0.9797,0.0012,0.0005,0.0014,0.0033,0.0027,Alarm or Siren,0.9859,0.0000,0.0001,0.9859,0.0009,0.0103,0.0000,0.0000,0.0028,0.0000,0.0000,mismatch,Model Disagreement,0.0062,0.9734,0.9756,no,Good,Low,none,required,model_disagreement,Animal Sound,Manual Review Required,True,False,sent to review,Python Animal Sound (0.98) vs GTM Alarm or Siren (0.99); Python correct. True class Animal Sound ranked #1 by Python and #2 by GTM.,1386.131,47.598,1456.482
SS-ANI-0077,SS-ANI-0077.wav,Animal Sound,Background Noise,0.6864,0.0013,0.0052,0.0010,0.0041,0.2824,0.0011,0.0094,0.0089,0.0003,0.6864,Machinery Fault,0.5320,0.5320,0.0016,0.0176,0.0366,0.1331,0.0160,0.0019,0.0285,0.0000,0.2325,mismatch,Uncertain Result,0.1544,0.4040,0.2994,no,Acceptable,Medium,none,required,model_disagreement; low_confidence,Background Noise,Manual Review Required,False,False,sent to review,Python Background Noise (0.69) vs GTM Machinery Fault (0.53); neither model correct. True class Animal Sound ranked #2 by Python and #3 by GTM.,1225.42,64.155,1356.48
SS-ANI-0092,SS-ANI-0092.wav,Animal Sound,Background Noise,0.9643,0.0004,0.0006,0.0026,0.0025,0.0276,0.0004,0.0007,0.0010,0.0002,0.9643,Background Noise,0.2961,0.1992,0.0641,0.0437,0.0190,0.1372,0.1728,0.0282,0.0303,0.0093,0.2961,match,Uncertain Result,0.6682,0.9367,0.0968,no,Good,Medium,raised,required,low_confidence,Background Noise,Manual Review Required,False,False,sent to review,Both models chose Background Noise (true class Animal Sound); the true class was Python's #2 and GTM's #4 choice.,2646.372,85.874,2892.281
SS-ANI-0101,SS-ANI-0101.wav,Animal Sound,Animal Sound,0.9707,0.0004,0.0011,0.0018,0.0011,0.9707,0.0007,0.0045,0.0015,0.0000,0.0183,Background Noise,0.2310,0.0942,0.0237,0.0569,0.0108,0.0968,0.0484,0.2109,0.2092,0.0180,0.2310,mismatch,Uncertain Result,0.7397,0.9524,0.0201,no,Good,Low,none,required,model_disagreement; low_confidence,Animal Sound,Manual Review Required,True,False,sent to review,Python Animal Sound (0.97) vs GTM Background Noise (0.23); Python correct. True class Animal Sound ranked #1 by Python and #4 by GTM.,2667.651,99.633,2939.489
SS-ANI-0102,SS-ANI-0102.wav,Animal Sound,Animal Sound,0.8536,0.0037,0.0632,0.0068,0.0050,0.8536,0.0022,0.0395,0.0152,0.0021,0.0086,Glass Breaking,0.5442,0.0209,0.5442,0.0067,0.0001,0.0657,0.0147,0.0003,0.1314,0.0000,0.2159,mismatch,Uncertain Result,0.3095,0.7904,0.3282,no,Good,Low,none,required,model_disagreement; low_confidence,Animal Sound,Manual Review Required,True,False,sent to review,Python Animal Sound (0.85) vs GTM Glass Breaking (0.54); Python correct. True class Animal Sound ranked #1 by Python and #4 by GTM.,1346.377,48.993,1444.358
SS-ANI-0107,SS-ANI-0107.wav,Animal Sound,Background Noise,0.5614,0.0019,0.0009,0.0009,0.0023,0.4123,0.0001,0.0184,0.0015,0.0002,0.5614,Machinery Fault,0.3876,0.3876,0.0005,0.3800,0.0028,0.0367,0.0034,0.0348,0.0993,0.0001,0.0548,mismatch,Uncertain Result,0.1737,0.1490,0.0077,no,Good,Medium,none,required,model_disagreement; low_confidence; similar_top_classes; unsupported_sound_pattern,Background Noise,Manual Review Required,False,False,sent to review,Python Background Noise (0.56) vs GTM Machinery Fault (0.39); neither model correct. True class Animal Sound ranked #2 by Python and #5 by GTM.,1288.101,56.942,1401.302
SS-ANI-0120,SS-ANI-0120.wav,Animal Sound,Animal Sound,0.9728,0.0028,0.0014,0.0032,0.0028,0.9728,0.0003,0.0048,0.0087,0.0002,0.0030,Animal Sound,0.5948,0.0175,0.0413,0.0122,0.0087,0.5948,0.2072,0.0279,0.0189,0.0008,0.0707,match,Uncertain Result,0.3780,0.9641,0.3876,no,Good,Low,none,required,low_confidence,Animal Sound,Manual Review Required,True,True,sent to review,,1344.408,53.728,1462.67
SS-ANI-0125,SS-ANI-0125.wav,Animal Sound,Animal Sound,0.6305,0.0138,0.0002,0.0010,0.0201,0.6305,0.0011,0.0194,0.3102,0.0002,0.0035,Animal Sound,0.3297,0.1572,0.0154,0.1303,0.0286,0.3297,0.0054,0.2112,0.0361,0.0179,0.0682,match,Uncertain Result,0.3008,0.3204,0.1185,yes,Acceptable,Low,none,required,low_confidence; overlapping_sounds,Animal Sound,Manual Review Required,True,True,sent to review,,3804.83,137.179,4182.474
SS-ANI-0126,SS-ANI-0126.wav,Animal Sound,Animal Sound,0.3845,0.2748,0.0079,0.0255,0.0033,0.3845,0.1981,0.0233,0.0584,0.0010,0.0232,Glass Breaking,0.2522,0.1055,0.2522,0.1212,0.0979,0.0568,0.0158,0.0365,0.1200,0.0293,0.1648,mismatch,Uncertain Result,0.1323,0.1098,0.0874,no,Good,Low,none,required,model_disagreement; low_confidence; similar_top_classes; unsupported_sound_pattern,Animal Sound,Manual Review Required,True,False,sent to review,Python Animal Sound (0.38) vs GTM Glass Breaking (0.25); Python correct. True class Animal Sound ranked #1 by Python and #7 by GTM.,1320.352,58.377,1428.69
SS-ANI-0127,SS-ANI-0127.wav,Animal Sound,Animal Sound,0.9921,0.0010,0.0003,0.0005,0.0013,0.9921,0.0001,0.0017,0.0026,0.0000,0.0002,Animal Sound,0.7397,0.0000,0.0006,0.0152,0.0340,0.7397,0.0007,0.2008,0.0037,0.0000,0.0051,match,Weak Match,0.2524,0.9895,0.5390,no,Good,Low,none,required,low_confidence,Animal Sound,Manual Review Required,True,True,sent to review,,1269.265,57.907,1385.924
SS-ANI-0135,SS-ANI-0135.wav,Animal Sound,Animal Sound,0.7737,0.1431,0.0041,0.0032,0.0041,0.7737,0.0008,0.0320,0.0009,0.0004,0.0377,Machinery Fault,0.4056,0.4056,0.0165,0.0108,0.0309,0.0282,0.1252,0.0043,0.0877,0.0042,0.2864,mismatch,Uncertain Result,0.3681,0.6306,0.1191,no,Good,Low,none,required,model_disagreement; low_confidence,Animal Sound,Manual Review Required,True,False,sent to review,Python Animal Sound (0.77) vs GTM Machinery Fault (0.41); Python correct. True class Animal Sound ranked #1 by Python and #6 by GTM.,3812.517,125.493,4198.189
SS-ANI-0141,SS-ANI-0141.wav,Animal Sound,Animal Sound,0.4972,0.0407,0.0011,0.0441,0.0053,0.4972,0.0602,0.0426,0.2453,0.0035,0.0601,Glass Breaking,0.3161,0.0891,0.3161,0.0956,0.0401,0.0884,0.0738,0.0941,0.0432,0.0017,0.1578,mismatch,Uncertain Result,0.1810,0.2519,0.1584,no,Acceptable,Low,none,required,model_disagreement; low_confidence; unsupported_sound_pattern,Animal Sound,Manual Review Required,True,False,sent to review,Python Animal Sound (0.50) vs GTM Glass Breaking (0.32); Python correct. True class Animal Sound ranked #1 by Python and #6 by GTM.,1221.605,70.212,1361.786
SS-ANI-0503,SS-ANI-0503.wav,Animal Sound,Animal Sound,0.9896,0.0021,0.0003,0.0005,0.0042,0.9896,0.0001,0.0003,0.0024,0.0000,0.0006,Animal Sound,0.3549,0.1326,0.0121,0.1010,0.0136,0.3549,0.0133,0.2633,0.0108,0.0000,0.0984,match,Uncertain Result,0.6347,0.9854,0.0916,no,Good,Low,none,required,low_confidence,Animal Sound,Manual Review Required,True,True,sent to review,,1222.77,50.531,1322.972
SS-ANI-0511,SS-ANI-0511.wav,Animal Sound,Animal Sound,0.9971,0.0006,0.0001,0.0008,0.0002,0.9971,0.0002,0.0003,0.0002,0.0000,0.0006,Animal Sound,0.3557,0.1050,0.0082,0.1493,0.0651,0.3557,0.0138,0.0188,0.1072,0.0002,0.1766,match,Uncertain Result,0.6413,0.9962,0.1791,no,Good,Low,none,required,low_confidence,Animal Sound,Manual Review Required,True,True,sent to review,,1508.775,57.486,1616.945
SS-ANI-0512,SS-ANI-0512.wav,Animal Sound,Animal Sound,0.9723,0.0067,0.0005,0.0079,0.0009,0.9723,0.0010,0.0062,0.0008,0.0001,0.0036,Background Noise,0.5063,0.0021,0.0008,0.0007,0.0000,0.4832,0.0038,0.0000,0.0032,0.0000,0.5063,mismatch,Uncertain Result,0.4659,0.9643,0.0232,no,Good,Low,none,required,model_disagreement; low_confidence,Animal Sound,Manual Review Required,True,False,sent to review,Python Animal Sound (0.97) vs GTM Background Noise (0.51); Python correct. True class Animal Sound ranked #1 by Python and #2 by GTM.,1416.638,60.515,1531.918
SS-ANI-0545,SS-ANI-0545.wav,Animal Sound,Animal Sound,0.9955,0.0004,0.0002,0.0003,0.0006,0.9955,0.0001,0.0018,0.0011,0.0000,0.0002,Animal Sound,0.8246,0.0133,0.0036,0.0175,0.0093,0.8246,0.0058,0.1017,0.0174,0.0001,0.0067,match,Weak Match,0.1709,0.9937,0.7229,no,Good,Low,none,not required,,Animal Sound,Likely Valid,True,True,correct,,1350.427,62.77,1477.808
SS-ANI-0546,SS-ANI-0546.wav,Animal Sound,Animal Sound,0.9959,0.0002,0.0003,0.0004,0.0007,0.9959,0.0001,0.0011,0.0008,0.0001,0.0003,Panic Scream,0.3837,0.0008,0.0002,0.1667,0.1825,0.2498,0.0053,0.3837,0.0058,0.0000,0.0053,mismatch,Uncertain Result,0.6122,0.9948,0.1339,no,Good,Low,none,required,model_disagreement; low_confidence,Animal Sound,Manual Review Required,True,False,sent to review,Python Animal Sound (1.00) vs GTM Panic Scream (0.38); Python correct. True class Animal Sound ranked #1 by Python and #2 by GTM.,1271.292,49.12,1374.988
SS-ANI-0552,SS-ANI-0552.wav,Animal Sound,Animal Sound,0.7199,0.2222,0.0035,0.0138,0.0079,0.7199,0.0019,0.0036,0.0055,0.0022,0.0195,Machinery Fault,0.6667,0.6667,0.0017,0.0125,0.0021,0.0153,0.0309,0.1941,0.0159,0.0000,0.0608,mismatch,Model Disagreement,0.0532,0.4977,0.4726,no,Good,Low,none,required,model_disagreement; low_confidence,Animal Sound,Manual Review Required,True,False,sent to review,Python Animal Sound (0.72) vs GTM Machinery Fault (0.67); Python correct. True class Animal Sound ranked #1 by Python and #6 by GTM.,1428.359,58.512,1538.534
SS-ANI-0553,SS-ANI-0553.wav,Animal Sound,Animal Sound,0.6813,0.2394,0.0094,0.0283,0.0049,0.6813,0.0012,0.0064,0.0031,0.0021,0.0241,Machinery Fault,0.6065,0.6065,0.0029,0.0110,0.0068,0.0239,0.0799,0.1657,0.0274,0.0031,0.0728,mismatch,Model Disagreement,0.0748,0.4420,0.4408,no,Good,Low,none,required,model_disagreement; low_confidence,Animal Sound,Manual Review Required,True,False,sent to review,Python Animal Sound (0.68) vs GTM Machinery Fault (0.61); Python correct. True class Animal Sound ranked #1 by Python and #6 by GTM.,1313.589,52.065,1416.853
SS-ANI-0557,SS-ANI-0557.wav,Animal Sound,Animal Sound,0.9205,0.0012,0.0007,0.0023,0.0020,0.9205,0.0001,0.0664,0.0050,0.0002,0.0015,Animal Sound,0.4398,0.0656,0.0025,0.0370,0.1654,0.4398,0.0027,0.2255,0.0276,0.0225,0.0113,match,Uncertain Result,0.4807,0.8541,0.2144,no,Good,Low,none,required,low_confidence,Animal Sound,Manual Review Required,True,True,sent to review,,1377.584,61.321,1490.172
SS-ANI-0558,SS-ANI-0558.wav,Animal Sound,Animal Sound,0.9910,0.0004,0.0003,0.0005,0.0004,0.9910,0.0001,0.0063,0.0008,0.0000,0.0003,Panic Scream,0.2760,0.0428,0.0253,0.1935,0.1297,0.2397,0.0092,0.2760,0.0512,0.0251,0.0075,mismatch,Uncertain Result,0.7150,0.9847,0.0364,no,Acceptable,Low,none,required,model_disagreement; low_confidence,Animal Sound,Manual Review Required,True,False,sent to review,Python Animal Sound (0.99) vs GTM Panic Scream (0.28); Python correct. True class Animal Sound ranked #1 by Python and #2 by GTM.,1265.147,81.598,1400.67
SS-ANI-0565,SS-ANI-0565.wav,Animal Sound,Animal Sound,0.5097,0.0145,0.0043,0.4155,0.0062,0.5097,0.0032,0.0006,0.0076,0.0002,0.0383,Aggression,0.4660,0.0024,0.1944,0.0436,0.0002,0.0013,0.1801,0.0001,0.4660,0.0000,0.1120,mismatch,Uncertain Result,0.0437,0.0943,0.2716,no,Good,Low,none,required,model_disagreement; low_confidence; similar_top_classes; unsupported_sound_pattern,Animal Sound,Manual Review Required,True,False,sent to review,Python Animal Sound (0.51) vs GTM Aggression (0.47); Python correct. True class Animal Sound ranked #1 by Python and #7 by GTM.,1266.292,62.346,1375.819
SS-ANI-0569,SS-ANI-0569.wav,Animal Sound,Animal Sound,0.9607,0.0080,0.0021,0.0213,0.0010,0.9607,0.0027,0.0004,0.0015,0.0003,0.0020,Animal Sound,0.4455,0.1943,0.0015,0.0665,0.0001,0.4455,0.1754,0.0004,0.0004,0.0000,0.1159,match,Uncertain Result,0.5152,0.9393,0.2512,no,Good,Low,none,required,low_confidence,Animal Sound,Manual Review Required,True,True,sent to review,,1461.025,59.366,1571.14
SS-ANI-0571,SS-ANI-0571.wav,Animal Sound,Animal Sound,0.9842,0.0043,0.0002,0.0051,0.0033,0.9842,0.0003,0.0014,0.0006,0.0001,0.0006,Panic Scream,0.5030,0.0450,0.0087,0.0086,0.2379,0.0659,0.0102,0.5030,0.0938,0.0001,0.0269,mismatch,Uncertain Result,0.4812,0.9791,0.2651,no,Good,Low,none,required,model_disagreement; low_confidence,Animal Sound,Manual Review Required,True,False,sent to review,Python Animal Sound (0.98) vs GTM Panic Scream (0.50); Python correct. True class Animal Sound ranked #1 by Python and #4 by GTM.,1864.56,60.197,1983.394
SS-ANI-0574,SS-ANI-0574.wav,Animal Sound,Animal Sound,0.9680,0.0061,0.0061,0.0113,0.0015,0.9680,0.0004,0.0038,0.0003,0.0001,0.0024,Machinery Fault,0.5129,0.5129,0.0630,0.0863,0.0560,0.0980,0.0266,0.0547,0.0739,0.0030,0.0257,mismatch,Uncertain Result,0.4552,0.9567,0.4148,no,Good,Low,none,required,model_disagreement; low_confidence,Animal Sound,Manual Review Required,True,False,sent to review,Python Animal Sound (0.97) vs GTM Machinery Fault (0.51); Python correct. True class Animal Sound ranked #1 by Python and #2 by GTM.,1617.305,61.953,1746.784
SS-ANI-0585,SS-ANI-0585.wav,Animal Sound,Animal Sound,0.9980,0.0000,0.0000,0.0000,0.0001,0.9980,0.0000,0.0017,0.0001,0.0000,0.0001,Panic Scream,0.5553,0.0598,0.1178,0.0229,0.0012,0.1630,0.0011,0.5553,0.0690,0.0025,0.0073,mismatch,Uncertain Result,0.4427,0.9963,0.3923,no,Acceptable,Low,none,required,model_disagreement; low_confidence,Animal Sound,Manual Review Required,True,False,sent to review,Python Animal Sound (1.00) vs GTM Panic Scream (0.56); Python correct. True class Animal Sound ranked #1 by Python and #2 by GTM.,1757.264,70.052,1885.395
SS-ANI-0588,SS-ANI-0588.wav,Animal Sound,Machinery Fault,0.7069,0.7069,0.0033,0.0109,0.0038,0.2377,0.0013,0.0130,0.0011,0.0026,0.0193,Alarm or Siren,0.8515,0.1161,0.0139,0.8515,0.0001,0.0118,0.0003,0.0003,0.0022,0.0000,0.0038,mismatch,Model Disagreement,0.1446,0.4693,0.7355,no,Acceptable,High,none,required,model_disagreement; low_confidence,Machinery Fault,Manual Review Required,False,False,sent to review,Python Machinery Fault (0.71) vs GTM Alarm or Siren (0.85); neither model correct. True class Animal Sound ranked #2 by Python and #4 by GTM.,1363.172,56.276,1476.119
SS-ANI-0595,SS-ANI-0595.wav,Animal Sound,Animal Sound,0.9786,0.0017,0.0018,0.0037,0.0010,0.9786,0.0002,0.0061,0.0054,0.0003,0.0011,Background Noise,0.5274,0.0903,0.0247,0.0041,0.0119,0.1864,0.1324,0.0084,0.0143,0.0001,0.5274,mismatch,Uncertain Result,0.4512,0.9725,0.3410,no,Good,Low,none,required,model_disagreement; low_confidence,Animal Sound,Manual Review Required,True,False,sent to review,Python Animal Sound (0.98) vs GTM Background Noise (0.53); Python correct. True class Animal Sound ranked #1 by Python and #2 by GTM.,1224.877,65.832,1338.657
SS-ANI-0598,SS-ANI-0598.wav,Animal Sound,Animal Sound,0.9841,0.0015,0.0018,0.0077,0.0021,0.9841,0.0007,0.0005,0.0002,0.0003,0.0011,Animal Sound,0.3191,0.1098,0.0011,0.0844,0.0399,0.3191,0.1265,0.1597,0.1025,0.0003,0.0567,match,Uncertain Result,0.6650,0.9764,0.1595,no,Good,Low,none,required,low_confidence,Animal Sound,Manual Review Required,True,True,sent to review,,1378.59,43.651,1479.539
SS-ANI-0603,SS-ANI-0603.wav,Animal Sound,Animal Sound,0.9917,0.0009,0.0007,0.0019,0.0021,0.9917,0.0001,0.0010,0.0002,0.0001,0.0013,Background Noise,0.3151,0.0314,0.0034,0.0117,0.0214,0.0247,0.2941,0.0299,0.2574,0.0109,0.3151,mismatch,Uncertain Result,0.6766,0.9896,0.0210,no,Good,Low,none,required,model_disagreement; low_confidence,Animal Sound,Manual Review Required,True,False,sent to review,Python Animal Sound (0.99) vs GTM Background Noise (0.32); Python correct. True class Animal Sound ranked #1 by Python and #6 by GTM.,1285.94,58.023,1396.974
SS-ANI-0607,SS-ANI-0607.wav,Animal Sound,Animal Sound,0.9425,0.0241,0.0004,0.0013,0.0214,0.9425,0.0029,0.0002,0.0032,0.0002,0.0038,Machinery Fault,0.5589,0.5589,0.0364,0.0350,0.0190,0.0433,0.0555,0.0009,0.0264,0.0003,0.2243,mismatch,Uncertain Result,0.3836,0.9184,0.3346,no,Acceptable,Low,none,required,model_disagreement; low_confidence,Animal Sound,Manual Review Required,True,False,sent to review,Python Animal Sound (0.94) vs GTM Machinery Fault (0.56); Python correct. True class Animal Sound ranked #1 by Python and #4 by GTM.,1529.81,68.263,1650.693
SS-ANI-0608,SS-ANI-0608.wav,Animal Sound,Animal Sound,0.9776,0.0031,0.0002,0.0008,0.0009,0.9776,0.0003,0.0077,0.0078,0.0001,0.0015,Panic Scream,0.2980,0.0406,0.0006,0.2623,0.0532,0.2310,0.0158,0.2980,0.0902,0.0000,0.0085,mismatch,Uncertain Result,0.6796,0.9698,0.0356,no,Good,Low,none,required,model_disagreement; low_confidence,Animal Sound,Manual Review Required,True,False,sent to review,Python Animal Sound (0.98) vs GTM Panic Scream (0.30); Python correct. True class Animal Sound ranked #1 by Python and #3 by GTM.,1229.032,57.432,1347.156
SS-ANI-0642,SS-ANI-0642.wav,Animal Sound,Animal Sound,0.8041,0.0045,0.0179,0.0204,0.0022,0.8041,0.0010,0.1219,0.0145,0.0004,0.0129,Aggression,0.2780,0.0777,0.0066,0.1924,0.0843,0.1397,0.1367,0.0127,0.2780,0.0411,0.0308,mismatch,Uncertain Result,0.5261,0.6822,0.0856,no,Acceptable,Low,none,required,model_disagreement; low_confidence,Animal Sound,Manual Review Required,True,False,sent to review,Python Animal Sound (0.80) vs GTM Aggression (0.28); Python correct. True class Animal Sound ranked #1 by Python and #3 by GTM.,1474.651,70.205,1597.075
SS-ANI-0643,SS-ANI-0643.wav,Animal Sound,Animal Sound,0.9629,0.0013,0.0032,0.0115,0.0010,0.9629,0.0003,0.0096,0.0039,0.0001,0.0062,Aggression,0.2706,0.0308,0.0157,0.1722,0.0287,0.1686,0.0399,0.0999,0.2706,0.1379,0.0358,mismatch,Uncertain Result,0.6923,0.9514,0.0984,no,Acceptable,Low,none,required,model_disagreement; low_confidence,Animal Sound,Manual Review Required,True,False,sent to review,Python Animal Sound (0.96) vs GTM Aggression (0.27); Python correct. True class Animal Sound ranked #1 by Python and #3 by GTM.,1511.732,69.745,1642.288
SS-ANI-0644,SS-ANI-0644.wav,Animal Sound,Animal Sound,0.7755,0.0070,0.0130,0.0147,0.0023,0.7755,0.0024,0.1615,0.0152,0.0004,0.0080,Alarm or Siren,0.3633,0.0178,0.0156,0.3633,0.0883,0.0440,0.0556,0.0678,0.3127,0.0072,0.0276,mismatch,Uncertain Result,0.4122,0.6140,0.0506,no,Good,Low,none,required,model_disagreement; low_confidence,Animal Sound,Manual Review Required,True,False,sent to review,Python Animal Sound (0.78) vs GTM Alarm or Siren (0.36); Python correct. True class Animal Sound ranked #1 by Python and #6 by GTM.,1487.942,70.66,1612.286
SS-ANI-0645,SS-ANI-0645.wav,Animal Sound,Animal Sound,0.9764,0.0024,0.0031,0.0059,0.0013,0.9764,0.0014,0.0022,0.0008,0.0001,0.0064,Aggression,0.3429,0.0946,0.0287,0.1210,0.0233,0.0715,0.0781,0.0524,0.3429,0.0610,0.1265,mismatch,Uncertain Result,0.6335,0.9700,0.2164,no,Good,Low,none,required,model_disagreement; low_confidence,Animal Sound,Manual Review Required,True,False,sent to review,Python Animal Sound (0.98) vs GTM Aggression (0.34); Python correct. True class Animal Sound ranked #1 by Python and #6 by GTM.,1239.531,62.422,1356.58
SS-BGN-0001,SS-BGN-0001.wav,Background Noise,Background Noise,0.6042,0.0029,0.0664,0.2714,0.0083,0.0026,0.0034,0.0081,0.0164,0.0163,0.6042,Animal Sound,0.6229,0.0141,0.0256,0.0197,0.0191,0.6229,0.0545,0.0242,0.0027,0.0131,0.2040,mismatch,Model Disagreement,0.0187,0.3328,0.4189,no,Good,Informational,none,required,model_disagreement; low_confidence,Background Noise,Manual Review Required,True,False,sent to review,Python Background Noise (0.60) vs GTM Animal Sound (0.62); Python correct. True class Background Noise ranked #1 by Python and #2 by GTM.,1340.912,43.766,1413.168
SS-BGN-0004,SS-BGN-0004.wav,Background Noise,Background Noise,0.6448,0.0001,0.3342,0.0089,0.0014,0.0014,0.0036,0.0042,0.0012,0.0001,0.6448,Background Noise,0.7180,0.0184,0.1043,0.1415,0.0027,0.0004,0.0007,0.0000,0.0141,0.0000,0.7180,match,Acceptable Match,0.0731,0.3106,0.5765,yes,Good,Informational,none,required,low_confidence; overlapping_sounds,Background Noise,Manual Review Required,True,True,sent to review,,1362.771,65.086,1490.485
SS-BGN-0015,SS-BGN-0015.wav,Background Noise,Animal Sound,0.5052,0.0001,0.0003,0.0008,0.2495,0.5052,0.0002,0.0002,0.0007,0.0000,0.2430,Background Noise,0.5333,0.2490,0.0088,0.0141,0.0067,0.0346,0.1270,0.0025,0.0233,0.0006,0.5333,mismatch,Uncertain Result,0.0281,0.2557,0.2843,no,Good,Low,none,required,model_disagreement; low_confidence; unsupported_sound_pattern,Animal Sound,Manual Review Required,False,True,sent to review,Python Animal Sound (0.51) vs GTM Background Noise (0.53); GTM correct. True class Background Noise ranked #3 by Python and #1 by GTM.,2742.258,106.534,3044.48
SS-BGN-0027,SS-BGN-0027.wav,Background Noise,Background Noise,0.9951,0.0003,0.0002,0.0001,0.0002,0.0040,0.0000,0.0000,0.0001,0.0000,0.9951,Background Noise,0.4488,0.2333,0.0038,0.0020,0.0014,0.0093,0.2893,0.0003,0.0118,0.0000,0.4488,match,Uncertain Result,0.5463,0.9911,0.1595,no,Good,Medium,raised,required,low_confidence,Background Noise,Manual Review Required,True,True,sent to review,,2593.251,84.622,2825.184
SS-BGN-0034,SS-BGN-0034.wav,Background Noise,Background Noise,0.9852,0.0017,0.0026,0.0018,0.0006,0.0064,0.0002,0.0010,0.0005,0.0000,0.9852,Background Noise,0.6281,0.1697,0.0176,0.0238,0.0035,0.0591,0.0582,0.0018,0.0192,0.0189,0.6281,match,Weak Match,0.3571,0.9789,0.4583,no,Good,Medium,raised,required,low_confidence,Background Noise,Manual Review Required,True,True,sent to review,,1320.324,71.602,1448.245
SS-BGN-0036,SS-BGN-0036.wav,Background Noise,Animal Sound,0.9177,0.0399,0.0013,0.0053,0.0163,0.9177,0.0020,0.0028,0.0029,0.0006,0.0112,Machinery Fault,0.6527,0.6527,0.0073,0.0502,0.0348,0.0045,0.0159,0.0792,0.0285,0.0000,0.1269,mismatch,Model Disagreement,0.2650,0.8778,0.5258,no,Good,Low,none,required,model_disagreement; low_confidence,Animal Sound,Manual Review Required,False,False,sent to review,Python Animal Sound (0.92) vs GTM Machinery Fault (0.65); neither model correct. True class Background Noise ranked #4 by Python and #2 by GTM.,2556.848,93.832,2784.169
SS-BGN-0052,SS-BGN-0052.wav,Background Noise,Background Noise,0.8571,0.0009,0.0069,0.0007,0.0385,0.0427,0.0004,0.0067,0.0461,0.0001,0.8571,Background Noise,0.8986,0.0788,0.0004,0.0008,0.0014,0.0038,0.0127,0.0001,0.0031,0.0002,0.8986,match,Strong Match,0.0415,0.8111,0.8199,no,Acceptable,Medium,raised,not required,,Background Noise,Likely Valid,True,True,correct,,1306.608,77.441,1477.09
SS-BGN-0055,SS-BGN-0055.wav,Background Noise,Background Noise,0.7739,0.0467,0.0047,0.0341,0.0050,0.0199,0.0550,0.0058,0.0524,0.0025,0.7739,Machinery Fault,0.6340,0.6340,0.0008,0.0071,0.0263,0.0284,0.0539,0.0008,0.0054,0.0001,0.2433,mismatch,Model Disagreement,0.1398,0.7188,0.3908,no,Good,Medium,none,required,model_disagreement; low_confidence,Background Noise,Manual Review Required,True,False,sent to review,Python Background Noise (0.77) vs GTM Machinery Fault (0.63); Python correct. True class Background Noise ranked #1 by Python and #2 by GTM.,1278.35,75.211,1426.292
SS-BGN-0057,SS-BGN-0057.wav,Background Noise,Background Noise,0.6776,0.0002,0.3048,0.0058,0.0009,0.0011,0.0006,0.0006,0.0076,0.0009,0.6776,Aggression,0.9961,0.0000,0.0000,0.0000,0.0000,0.0001,0.0000,0.0000,0.9961,0.0001,0.0037,mismatch,Model Disagreement,0.3185,0.3728,0.9924,no,Good,Medium,none,required,model_disagreement; low_confidence,Background Noise,Manual Review Required,True,False,sent to review,Python Background Noise (0.68) vs GTM Aggression (1.00); Python correct. True class Background Noise ranked #1 by Python and #2 by GTM.,1854.898,66.379,1956.537
SS-BGN-0061,SS-BGN-0061.wav,Background Noise,Background Noise,0.9989,0.0000,0.0002,0.0002,0.0001,0.0004,0.0000,0.0000,0.0001,0.0000,0.9989,Background Noise,0.6344,0.1018,0.0694,0.0156,0.0036,0.0236,0.1083,0.0053,0.0358,0.0021,0.6344,match,Weak Match,0.3645,0.9985,0.5261,no,Good,Medium,raised,required,low_confidence,Background Noise,Manual Review Required,True,True,sent to review,,1921.819,110.155,2126.789
SS-BGN-0065,SS-BGN-0065.wav,Background Noise,Background Noise,0.9972,0.0001,0.0001,0.0004,0.0009,0.0011,0.0000,0.0001,0.0003,0.0000,0.9972,Machinery Fault,0.3940,0.3940,0.0282,0.0183,0.0106,0.0246,0.1452,0.0034,0.0526,0.0010,0.3219,mismatch,Uncertain Result,0.6031,0.9961,0.0721,no,Good,Medium,none,required,model_disagreement; low_confidence,Background Noise,Manual Review Required,True,False,sent to review,Python Background Noise (1.00) vs GTM Machinery Fault (0.39); Python correct. True class Background Noise ranked #1 by Python and #2 by GTM.,4235.541,121.248,4734.428
SS-BGN-0080,SS-BGN-0080.wav,Background Noise,Animal Sound,0.9948,0.0004,0.0002,0.0004,0.0009,0.9948,0.0001,0.0003,0.0006,0.0000,0.0023,Machinery Fault,0.2462,0.2462,0.0982,0.1062,0.0587,0.0724,0.0463,0.0323,0.2286,0.0600,0.0512,mismatch,Uncertain Result,0.7486,0.9925,0.0176,no,Acceptable,Low,none,required,model_disagreement; low_confidence,Animal Sound,Manual Review Required,False,False,sent to review,Python Animal Sound (0.99) vs GTM Machinery Fault (0.25); neither model correct. True class Background Noise ranked #2 by Python and #8 by GTM.,2576.192,110.396,2867.483
SS-BGN-0082,SS-BGN-0082.wav,Background Noise,Background Noise,0.6510,0.0207,0.2841,0.0137,0.0147,0.0044,0.0041,0.0010,0.0061,0.0002,0.6510,Background Noise,0.4438,0.0496,0.1586,0.0271,0.0181,0.0076,0.1197,0.0206,0.1521,0.0028,0.4438,match,Uncertain Result,0.2073,0.3669,0.2851,yes,Acceptable,Medium,raised,required,low_confidence; overlapping_sounds,Background Noise,Manual Review Required,True,True,sent to review,,1328.441,62.722,1513.009
SS-BGN-0091,SS-BGN-0091.wav,Background Noise,Background Noise,0.9930,0.0002,0.0003,0.0009,0.0013,0.0037,0.0001,0.0003,0.0001,0.0001,0.9930,Background Noise,0.3787,0.3357,0.0036,0.0299,0.0093,0.0279,0.1788,0.0066,0.0285,0.0012,0.3787,match,Uncertain Result,0.6143,0.9893,0.0430,no,Good,Medium,raised,required,low_confidence,Background Noise,Manual Review Required,True,True,sent to review,,2573.085,83.081,2789.69
SS-BGN-0095,SS-BGN-0095.wav,Background Noise,Background Noise,0.9686,0.0011,0.0278,0.0004,0.0004,0.0008,0.0001,0.0003,0.0004,0.0001,0.9686,Background Noise,0.3169,0.1411,0.2540,0.0228,0.0102,0.0196,0.0377,0.0039,0.1935,0.0002,0.3169,match,Uncertain Result,0.6518,0.9409,0.0628,no,Acceptable,Informational,none,required,low_confidence,Background Noise,Manual Review Required,True,True,sent to review,,1215.914,61.604,1366.403
SS-BGN-0096,SS-BGN-0096.wav,Background Noise,Background Noise,0.7314,0.0040,0.0219,0.0308,0.0119,0.0821,0.0022,0.0434,0.0200,0.0523,0.7314,Background Noise,0.4937,0.0139,0.4668,0.0000,0.0001,0.0003,0.0247,0.0000,0.0005,0.0000,0.4937,match,Uncertain Result,0.2377,0.6493,0.0269,no,Good,Informational,none,required,low_confidence,Background Noise,Manual Review Required,True,True,sent to review,,1346.639,54.56,1474.209
SS-BGN-0113,SS-BGN-0113.wav,Background Noise,Background Noise,0.8813,0.0006,0.0012,0.0030,0.0062,0.0913,0.0111,0.0026,0.0002,0.0024,0.8813,Gunshot,0.5832,0.0207,0.0164,0.0006,0.0015,0.0739,0.5832,0.0006,0.0022,0.0006,0.3002,mismatch,Uncertain Result,0.2982,0.7901,0.2830,no,Good,Medium,none,required,model_disagreement; low_confidence,Background Noise,Manual Review Required,True,False,sent to review,Python Background Noise (0.88) vs GTM Gunshot (0.58); Python correct. True class Background Noise ranked #1 by Python and #2 by GTM.,1231.87,41.749,1292.436
SS-BGN-0116,SS-BGN-0116.wav,Background Noise,Background Noise,0.9966,0.0001,0.0002,0.0004,0.0015,0.0007,0.0000,0.0001,0.0003,0.0000,0.9966,Background Noise,0.3855,0.1308,0.0191,0.0134,0.0591,0.0304,0.3307,0.0093,0.0159,0.0058,0.3855,match,Uncertain Result,0.6111,0.9951,0.0548,no,Good,Medium,raised,required,low_confidence,Background Noise,Manual Review Required,True,True,sent to review,,2517.078,107.636,2861.632
SS-BGN-0501,SS-BGN-0501.wav,Background Noise,Background Noise,0.9786,0.0061,0.0012,0.0057,0.0008,0.0058,0.0002,0.0003,0.0009,0.0005,0.9786,Background Noise,0.3832,0.1166,0.0844,0.0446,0.0013,0.0213,0.0488,0.0073,0.2880,0.0045,0.3832,match,Uncertain Result,0.5954,0.9726,0.0952,no,Acceptable,Informational,none,required,low_confidence,Background Noise,Manual Review Required,True,True,sent to review,,1390.842,58.818,1504.194
SS-BGN-0502,SS-BGN-0502.wav,Background Noise,Background Noise,0.9849,0.0010,0.0004,0.0051,0.0010,0.0058,0.0001,0.0002,0.0009,0.0006,0.9849,Background Noise,0.4049,0.0759,0.1123,0.0655,0.0018,0.0890,0.0578,0.0054,0.1799,0.0074,0.4049,match,Uncertain Result,0.5799,0.9791,0.2250,no,Acceptable,Informational,none,required,low_confidence,Background Noise,Manual Review Required,True,True,sent to review,,1296.785,55.064,1402.649
SS-BGN-0518,SS-BGN-0518.wav,Background Noise,Background Noise,0.9384,0.0011,0.0037,0.0058,0.0006,0.0208,0.0273,0.0012,0.0008,0.0003,0.9384,Gunshot,0.5336,0.2329,0.0040,0.0084,0.0181,0.0691,0.5336,0.0094,0.0299,0.0010,0.0935,mismatch,Uncertain Result,0.4048,0.9110,0.3007,no,Good,Medium,none,required,model_disagreement; low_confidence,Background Noise,Manual Review Required,True,False,sent to review,Python Background Noise (0.94) vs GTM Gunshot (0.53); Python correct. True class Background Noise ranked #1 by Python and #3 by GTM.,1448.682,57.318,1553.011
SS-BGN-0519,SS-BGN-0519.wav,Background Noise,Background Noise,0.9913,0.0002,0.0005,0.0010,0.0001,0.0051,0.0003,0.0002,0.0010,0.0003,0.9913,Background Noise,0.3803,0.2562,0.0135,0.0085,0.0506,0.0658,0.2160,0.0015,0.0055,0.0022,0.3803,match,Uncertain Result,0.6110,0.9861,0.1241,no,Good,Medium,raised,required,low_confidence,Background Noise,Manual Review Required,True,True,sent to review,,1344.838,58.711,1450.115
SS-BGN-0534,SS-BGN-0534.wav,Background Noise,Background Noise,0.9475,0.0044,0.0022,0.0019,0.0009,0.0164,0.0071,0.0081,0.0090,0.0024,0.9475,Machinery Fault,0.4622,0.4622,0.0174,0.0141,0.0262,0.0549,0.0685,0.0132,0.0620,0.0131,0.2684,mismatch,Uncertain Result,0.4854,0.9312,0.1938,no,Acceptable,Medium,none,required,model_disagreement; low_confidence,Background Noise,Manual Review Required,True,False,sent to review,Python Background Noise (0.95) vs GTM Machinery Fault (0.46); Python correct. True class Background Noise ranked #1 by Python and #2 by GTM.,1385.575,54.006,1489.722
SS-BGN-0538,SS-BGN-0538.wav,Background Noise,Background Noise,0.9863,0.0008,0.0001,0.0004,0.0003,0.0103,0.0008,0.0007,0.0002,0.0002,0.9863,Background Noise,0.6326,0.1958,0.0010,0.0025,0.0022,0.0066,0.1578,0.0003,0.0013,0.0000,0.6326,match,Weak Match,0.3537,0.9760,0.4368,no,Acceptable,Medium,raised,required,low_confidence,Background Noise,Manual Review Required,True,True,sent to review,,1734.745,78.248,1865.981
SS-BGN-0541,SS-BGN-0541.wav,Background Noise,Background Noise,0.9813,0.0059,0.0016,0.0016,0.0005,0.0064,0.0015,0.0005,0.0002,0.0002,0.9813,Background Noise,0.9418,0.0283,0.0127,0.0008,0.0006,0.0002,0.0108,0.0005,0.0036,0.0006,0.9418,match,Strong Match,0.0395,0.9749,0.9135,no,Good,Medium,raised,not required,,Background Noise,Likely Valid,True,True,correct,,1860.328,65.541,1981.502
SS-BGN-0542,SS-BGN-0542.wav,Background Noise,Background Noise,0.9984,0.0000,0.0001,0.0002,0.0001,0.0009,0.0002,0.0001,0.0001,0.0000,0.9984,Gunshot,0.3995,0.1612,0.0013,0.0037,0.0292,0.0075,0.3995,0.0004,0.0132,0.0021,0.3818,mismatch,Uncertain Result,0.5989,0.9975,0.0177,no,Good,Medium,none,required,model_disagreement; low_confidence,Background Noise,Manual Review Required,True,False,sent to review,Python Background Noise (1.00) vs GTM Gunshot (0.40); Python correct. True class Background Noise ranked #1 by Python and #2 by GTM.,1557.08,59.765,1666.744
SS-BGN-0568,SS-BGN-0568.wav,Background Noise,Background Noise,0.9466,0.0170,0.0000,0.0001,0.0001,0.0000,0.0340,0.0000,0.0022,0.0000,0.9466,Alarm or Siren,0.3916,0.0076,0.1219,0.3916,0.0103,0.0801,0.0300,0.0149,0.0717,0.0047,0.2671,mismatch,Uncertain Result,0.5550,0.9126,0.1246,no,Acceptable,Informational,none,required,model_disagreement; low_confidence,Background Noise,Manual Review Required,True,False,sent to review,Python Background Noise (0.95) vs GTM Alarm or Siren (0.39); Python correct. True class Background Noise ranked #1 by Python and #2 by GTM.,1790.031,51.32,1891.346
SS-BGN-0569,SS-BGN-0569.wav,Background Noise,Gunshot,0.7982,0.0110,0.0000,0.0034,0.0003,0.0000,0.7982,0.0001,0.0106,0.0000,0.1764,Background Noise,0.3386,0.0114,0.1136,0.2661,0.0071,0.0994,0.0459,0.0463,0.0656,0.0059,0.3386,mismatch,Uncertain Result,0.4596,0.6218,0.0725,no,Acceptable,Critical,none,required,model_disagreement; low_confidence; critical_without_agreement; possible_false_alarm,Gunshot,Manual Review Required,False,True,sent to review,Python Gunshot (0.80) vs GTM Background Noise (0.34); GTM correct. True class Background Noise ranked #2 by Python and #1 by GTM.,1380.945,66.72,1499.221
SS-BGN-0585,SS-BGN-0585.wav,Background Noise,Background Noise,0.7677,0.0091,0.0670,0.0043,0.0020,0.0113,0.0940,0.0031,0.0411,0.0004,0.7677,Glass Breaking,0.3530,0.0948,0.3530,0.0489,0.0293,0.0154,0.1053,0.0084,0.0164,0.0018,0.3267,mismatch,Uncertain Result,0.4147,0.6737,0.0263,no,Good,Medium,none,required,model_disagreement; low_confidence,Background Noise,Manual Review Required,True,False,sent to review,Python Background Noise (0.77) vs GTM Glass Breaking (0.35); Python correct. True class Background Noise ranked #1 by Python and #2 by GTM.,1202.213,53.804,1305.248
SS-BGN-0592,SS-BGN-0592.wav,Background Noise,Background Noise,0.9095,0.0013,0.0011,0.0021,0.0029,0.0740,0.0010,0.0034,0.0014,0.0031,0.9095,Background Noise,0.8576,0.0906,0.0004,0.0076,0.0063,0.0108,0.0136,0.0004,0.0112,0.0016,0.8576,match,Acceptable Match,0.0520,0.8355,0.7670,no,Acceptable,Medium,raised,not required,,Background Noise,Likely Valid,True,True,correct,,1381.156,69.378,1509.114
SS-BGN-0595,SS-BGN-0595.wav,Background Noise,Background Noise,0.9854,0.0006,0.0013,0.0015,0.0023,0.0066,0.0003,0.0003,0.0007,0.0009,0.9854,Background Noise,0.5976,0.1194,0.0133,0.0052,0.0020,0.0477,0.1285,0.0001,0.0861,0.0000,0.5976,match,Uncertain Result,0.3878,0.9787,0.4691,no,Acceptable,Medium,raised,required,low_confidence,Background Noise,Manual Review Required,True,True,sent to review,,1282.967,54.003,1396.0
SS-BGN-0605,SS-BGN-0605.wav,Background Noise,Background Noise,0.9931,0.0002,0.0019,0.0026,0.0004,0.0011,0.0001,0.0004,0.0001,0.0000,0.9931,Background Noise,0.4854,0.0365,0.1210,0.0058,0.0029,0.0245,0.2528,0.0029,0.0675,0.0007,0.4854,match,Uncertain Result,0.5078,0.9905,0.2326,no,Good,Medium,raised,required,low_confidence,Background Noise,Manual Review Required,True,True,sent to review,,1326.292,52.388,1425.813
SS-BGN-0609,SS-BGN-0609.wav,Background Noise,Background Noise,0.7331,0.0041,0.0006,0.0051,0.0038,0.2405,0.0036,0.0011,0.0071,0.0010,0.7331,Glass Breaking,0.2951,0.2565,0.2951,0.1512,0.0052,0.0722,0.0206,0.0011,0.1374,0.0006,0.0600,mismatch,Uncertain Result,0.4379,0.4926,0.0386,no,Good,Medium,none,required,model_disagreement; low_confidence,Background Noise,Manual Review Required,True,False,sent to review,Python Background Noise (0.73) vs GTM Glass Breaking (0.30); Python correct. True class Background Noise ranked #1 by Python and #6 by GTM.,1356.441,52.329,1461.906
SS-BGN-0610,SS-BGN-0610.wav,Background Noise,Background Noise,0.9892,0.0003,0.0002,0.0014,0.0013,0.0053,0.0006,0.0004,0.0010,0.0003,0.9892,Background Noise,0.4979,0.3829,0.0053,0.0045,0.0245,0.0162,0.0412,0.0004,0.0269,0.0003,0.4979,match,Uncertain Result,0.4913,0.9839,0.1150,no,Good,Medium,raised,required,low_confidence,Background Noise,Manual Review Required,True,True,sent to review,,1204.486,55.516,1312.641
SS-BGN-0611,SS-BGN-0611.wav,Background Noise,Background Noise,0.7483,0.0042,0.0010,0.0031,0.0049,0.2206,0.0058,0.0057,0.0031,0.0033,0.7483,Machinery Fault,0.4704,0.4704,0.1925,0.1548,0.0012,0.0945,0.0101,0.0004,0.0146,0.0009,0.0606,mismatch,Uncertain Result,0.2779,0.5276,0.2778,no,Good,Medium,none,required,model_disagreement; low_confidence,Background Noise,Manual Review Required,True,False,sent to review,Python Background Noise (0.75) vs GTM Machinery Fault (0.47); Python correct. True class Background Noise ranked #1 by Python and #5 by GTM.,1289.967,56.873,1395.272
SS-BGN-0616,SS-BGN-0616.wav,Background Noise,Machinery Fault,0.8774,0.8774,0.0006,0.0042,0.0215,0.0049,0.0010,0.0005,0.0027,0.0001,0.0871,Machinery Fault,0.5271,0.5271,0.0017,0.0035,0.0028,0.0038,0.0876,0.0009,0.0454,0.0003,0.3268,match,Uncertain Result,0.3502,0.7902,0.2004,no,Good,High,raised,required,low_confidence,Machinery Fault,Manual Review Required,False,False,sent to review,Both models chose Machinery Fault (true class Background Noise); the true class was Python's #2 and GTM's #2 choice.,1217.846,56.616,1325.073
SS-BGN-0622,SS-BGN-0622.wav,Background Noise,Background Noise,0.9187,0.0522,0.0043,0.0079,0.0038,0.0102,0.0002,0.0011,0.0013,0.0002,0.9187,Machinery Fault,0.5788,0.5788,0.0251,0.0134,0.0081,0.0093,0.0965,0.0004,0.0600,0.0000,0.2085,mismatch,Uncertain Result,0.3399,0.8664,0.3703,no,Good,Medium,none,required,model_disagreement; low_confidence,Background Noise,Manual Review Required,True,False,sent to review,Python Background Noise (0.92) vs GTM Machinery Fault (0.58); Python correct. True class Background Noise ranked #1 by Python and #2 by GTM.,1297.042,55.09,1401.532
SS-BGN-0634,SS-BGN-0634.wav,Background Noise,Background Noise,0.9250,0.0016,0.0192,0.0037,0.0045,0.0160,0.0057,0.0012,0.0160,0.0071,0.9250,Person Asking for Help,0.2160,0.1958,0.1541,0.0059,0.1879,0.0778,0.0473,0.0161,0.0736,0.2160,0.0254,mismatch,Uncertain Result,0.7090,0.9058,0.0202,no,Good,Informational,none,required,model_disagreement; low_confidence,Background Noise,Manual Review Required,True,False,sent to review,Python Background Noise (0.93) vs GTM Person Asking for Help (0.22); Python correct. True class Background Noise ranked #1 by Python and #8 by GTM.,1244.244,40.047,1329.061
SS-BGN-0642,SS-BGN-0642.wav,Background Noise,Background Noise,0.5032,0.0123,0.0016,0.0155,0.0053,0.3150,0.0159,0.0755,0.0549,0.0008,0.5032,Animal Sound,0.6942,0.0015,0.0001,0.2032,0.0022,0.6942,0.0006,0.0059,0.0518,0.0001,0.0404,mismatch,Uncertain Result,0.1910,0.1882,0.4911,no,Acceptable,Medium,none,required,model_disagreement; low_confidence,Background Noise,Manual Review Required,True,False,sent to review,Python Background Noise (0.50) vs GTM Animal Sound (0.69); Python correct. True class Background Noise ranked #1 by Python and #4 by GTM.,1411.635,57.509,1518.298
SS-BGN-0643,SS-BGN-0643.wav,Background Noise,Background Noise,0.8748,0.0006,0.0004,0.0044,0.0013,0.0959,0.0022,0.0175,0.0025,0.0003,0.8748,Alarm or Siren,0.4388,0.0020,0.0030,0.4388,0.0008,0.4161,0.0089,0.0011,0.0132,0.0002,0.1160,mismatch,Uncertain Result,0.4360,0.7789,0.0227,no,Good,Medium,none,required,model_disagreement; low_confidence,Background Noise,Manual Review Required,True,False,sent to review,Python Background Noise (0.87) vs GTM Alarm or Siren (0.44); Python correct. True class Background Noise ranked #1 by Python and #3 by GTM.,1247.193,64.384,1358.674
SS-BGN-0647,SS-BGN-0647.wav,Background Noise,Background Noise,0.9876,0.0008,0.0009,0.0026,0.0007,0.0049,0.0017,0.0002,0.0004,0.0002,0.9876,Gunshot,0.2536,0.1115,0.1245,0.0795,0.0647,0.0882,0.2536,0.0221,0.0316,0.0077,0.2166,mismatch,Uncertain Result,0.7340,0.9827,0.0370,no,Good,Medium,none,required,model_disagreement; low_confidence,Background Noise,Manual Review Required,True,False,sent to review,Python Background Noise (0.99) vs GTM Gunshot (0.25); Python correct. True class Background Noise ranked #1 by Python and #2 by GTM.,1293.272,54.043,1399.528
SS-BGN-0648,SS-BGN-0648.wav,Background Noise,Background Noise,0.9631,0.0017,0.0012,0.0053,0.0008,0.0117,0.0138,0.0009,0.0011,0.0004,0.9631,Background Noise,0.4454,0.1028,0.1241,0.0303,0.0133,0.0800,0.1618,0.0104,0.0288,0.0032,0.4454,match,Uncertain Result,0.5178,0.9493,0.2835,no,Good,Medium,raised,required,low_confidence,Background Noise,Manual Review Required,True,True,sent to review,,1193.368,47.443,1287.236
SS-BGN-0660,SS-BGN-0660.wav,Background Noise,Background Noise,0.9892,0.0006,0.0002,0.0007,0.0001,0.0065,0.0018,0.0004,0.0002,0.0001,0.9892,Background Noise,0.6705,0.1527,0.0239,0.0069,0.0065,0.0265,0.0990,0.0021,0.0108,0.0009,0.6705,match,Weak Match,0.3187,0.9827,0.5178,no,Good,Medium,raised,required,low_confidence,Background Noise,Manual Review Required,True,True,sent to review,,1203.405,91.502,1341.461
SS-BGN-0661,SS-BGN-0661.wav,Background Noise,Background Noise,0.9116,0.0054,0.0010,0.0021,0.0001,0.0707,0.0062,0.0017,0.0009,0.0003,0.9116,Background Noise,0.6141,0.1138,0.0439,0.0196,0.0062,0.0390,0.0993,0.0103,0.0490,0.0048,0.6141,match,Weak Match,0.2975,0.8409,0.5003,no,Good,Medium,raised,required,low_confidence,Background Noise,Manual Review Required,True,True,sent to review,,1724.187,75.127,1869.006
SS-BGN-0680,SS-BGN-0680.wav,Background Noise,Background Noise,0.9304,0.0042,0.0571,0.0027,0.0029,0.0014,0.0000,0.0006,0.0006,0.0000,0.9304,Glass Breaking,0.2649,0.1275,0.2649,0.0236,0.0091,0.0668,0.2055,0.0030,0.1053,0.0117,0.1826,mismatch,Uncertain Result,0.6656,0.8733,0.0594,no,Acceptable,Informational,none,required,model_disagreement; low_confidence,Background Noise,Manual Review Required,True,False,sent to review,Python Background Noise (0.93) vs GTM Glass Breaking (0.26); Python correct. True class Background Noise ranked #1 by Python and #3 by GTM.,1615.872,63.026,1748.806
SS-GLA-0014,SS-GLA-0014.wav,Glass Breaking,Glass Breaking,0.9651,0.0052,0.9651,0.0091,0.0003,0.0020,0.0010,0.0090,0.0046,0.0002,0.0035,Alarm or Siren,0.2261,0.2031,0.1824,0.2261,0.0279,0.0603,0.0354,0.0087,0.2248,0.0119,0.0193,mismatch,Uncertain Result,0.7390,0.9560,0.0013,no,Good,Critical,none,required,model_disagreement; low_confidence; critical_without_agreement; possible_false_alarm,Glass Breaking,Manual Review Required,True,False,sent to review,Python Glass Breaking (0.97) vs GTM Alarm or Siren (0.23); Python correct. True class Glass Breaking ranked #1 by Python and #4 by GTM.,1394.714,54.455,1513.204
SS-GLA-0015,SS-GLA-0015.wav,Glass Breaking,Glass Breaking,0.7816,0.0011,0.7816,0.0079,0.0019,0.0078,0.0070,0.0126,0.0051,0.0002,0.1748,Background Noise,0.4254,0.0165,0.1393,0.1573,0.0029,0.0611,0.0746,0.0035,0.1147,0.0049,0.4254,mismatch,Uncertain Result,0.3562,0.6068,0.2681,no,Good,High,none,required,model_disagreement; low_confidence; critical_without_agreement; possible_false_alarm,Glass Breaking,Manual Review Required,True,False,sent to review,Python Glass Breaking (0.78) vs GTM Background Noise (0.43); Python correct. True class Glass Breaking ranked #1 by Python and #3 by GTM.,1313.798,49.56,1398.352
SS-GLA-0018,SS-GLA-0018.wav,Glass Breaking,Glass Breaking,0.9961,0.0003,0.9961,0.0001,0.0001,0.0000,0.0022,0.0004,0.0005,0.0000,0.0003,Glass Breaking,0.4692,0.0256,0.4692,0.0249,0.0187,0.0541,0.0707,0.0175,0.1627,0.0043,0.1522,match,Uncertain Result,0.5270,0.9939,0.3064,no,Acceptable,Critical,raised,required,low_confidence; critical_without_agreement; possible_false_alarm,Glass Breaking,Manual Review Required,True,True,sent to review,,2597.868,105.692,2871.3
SS-GLA-0019,SS-GLA-0019.wav,Glass Breaking,Glass Breaking,0.9247,0.0216,0.9247,0.0102,0.0048,0.0040,0.0027,0.0030,0.0004,0.0001,0.0284,Animal Sound,0.5323,0.0753,0.1007,0.1280,0.0222,0.5323,0.0044,0.0050,0.0365,0.0038,0.0918,mismatch,Uncertain Result,0.3925,0.8963,0.4043,no,Good,Critical,none,required,model_disagreement; low_confidence; critical_without_agreement; possible_false_alarm,Glass Breaking,Manual Review Required,True,False,sent to review,Python Glass Breaking (0.92) vs GTM Animal Sound (0.53); Python correct. True class Glass Breaking ranked #1 by Python and #3 by GTM.,2528.801,97.588,2808.592
SS-GLA-0022,SS-GLA-0022.wav,Glass Breaking,Glass Breaking,0.9793,0.0007,0.9793,0.0001,0.0000,0.0004,0.0023,0.0003,0.0162,0.0000,0.0007,Glass Breaking,0.5500,0.0064,0.5500,0.0090,0.0408,0.0043,0.1950,0.0360,0.0872,0.0021,0.0691,match,Uncertain Result,0.4292,0.9631,0.3550,no,Good,Critical,raised,required,low_confidence; critical_without_agreement; possible_false_alarm,Glass Breaking,Manual Review Required,True,True,sent to review,,1294.546,54.676,1369.538
SS-GLA-0024,SS-GLA-0024.wav,Glass Breaking,Background Noise,0.4966,0.0038,0.4389,0.0097,0.0043,0.0084,0.0032,0.0315,0.0035,0.0001,0.4966,Gunshot,0.2942,0.0712,0.1898,0.0633,0.0104,0.0215,0.2942,0.0272,0.0551,0.0001,0.2673,mismatch,Uncertain Result,0.2023,0.0577,0.0269,no,Good,Medium,none,required,model_disagreement; low_confidence; similar_top_classes; unsupported_sound_pattern,Background Noise,Manual Review Required,False,False,sent to review,Python Background Noise (0.50) vs GTM Gunshot (0.29); neither model correct. True class Glass Breaking ranked #2 by Python and #3 by GTM.,2599.903,76.383,2814.882
SS-GLA-0028,SS-GLA-0028.wav,Glass Breaking,Glass Breaking,0.9745,0.0004,0.9745,0.0229,0.0002,0.0002,0.0004,0.0007,0.0002,0.0001,0.0005,Glass Breaking,0.4518,0.0047,0.4518,0.0041,0.0228,0.0361,0.0441,0.2427,0.1888,0.0001,0.0048,match,Uncertain Result,0.5227,0.9516,0.2091,no,Good,Critical,raised,required,low_confidence; critical_without_agreement; possible_false_alarm,Glass Breaking,Manual Review Required,True,True,sent to review,,1192.203,55.161,1319.33
SS-GLA-0030,SS-GLA-0030.wav,Glass Breaking,Glass Breaking,0.5795,0.0011,0.5795,0.0012,0.0021,0.0013,0.0011,0.0015,0.0006,0.0001,0.4116,Background Noise,0.7567,0.0598,0.0309,0.0018,0.0018,0.0046,0.1239,0.0003,0.0201,0.0000,0.7567,mismatch,Uncertain Result,0.1771,0.1679,0.6327,no,Acceptable,High,none,required,model_disagreement; low_confidence; critical_without_agreement,Glass Breaking,Manual Review Required,True,False,sent to review,Python Glass Breaking (0.58) vs GTM Background Noise (0.76); Python correct. True class Glass Breaking ranked #1 by Python and #4 by GTM.,1369.945,58.727,1539.143
SS-GLA-0034,SS-GLA-0034.wav,Glass Breaking,Glass Breaking,0.9950,0.0006,0.9950,0.0018,0.0001,0.0001,0.0004,0.0007,0.0002,0.0000,0.0011,Alarm or Siren,0.4978,0.0084,0.2524,0.4978,0.1581,0.0142,0.0089,0.0203,0.0154,0.0001,0.0244,mismatch,Uncertain Result,0.4973,0.9933,0.2453,no,Acceptable,Critical,none,required,model_disagreement; low_confidence; critical_without_agreement; possible_false_alarm,Glass Breaking,Manual Review Required,True,False,sent to review,Python Glass Breaking (1.00) vs GTM Alarm or Siren (0.50); Python correct. True class Glass Breaking ranked #1 by Python and #2 by GTM.,1301.446,60.305,1442.725
SS-GLA-0046,SS-GLA-0046.wav,Glass Breaking,Glass Breaking,0.8536,0.0006,0.8536,0.1423,0.0009,0.0002,0.0005,0.0006,0.0004,0.0002,0.0008,Alarm or Siren,1.0000,0.0000,0.0000,1.0000,0.0000,0.0000,0.0000,0.0000,0.0000,0.0000,0.0000,mismatch,Model Disagreement,0.1464,0.7113,1.0000,no,Good,Critical,none,required,model_disagreement; critical_without_agreement,Glass Breaking,Manual Review Required,True,False,sent to review,Python Glass Breaking (0.85) vs GTM Alarm or Siren (1.00); Python correct. True class Glass Breaking ranked #1 by Python and #3 by GTM.,1337.145,40.347,1415.778
SS-GLA-0047,SS-GLA-0047.wav,Glass Breaking,Glass Breaking,0.9884,0.0055,0.9884,0.0016,0.0001,0.0005,0.0006,0.0019,0.0004,0.0000,0.0010,Machinery Fault,0.4695,0.4695,0.0547,0.0411,0.1906,0.0874,0.0085,0.0140,0.1305,0.0031,0.0006,mismatch,Uncertain Result,0.5189,0.9829,0.2789,no,Good,Critical,none,required,model_disagreement; low_confidence; critical_without_agreement; possible_false_alarm,Glass Breaking,Manual Review Required,True,False,sent to review,Python Glass Breaking (0.99) vs GTM Machinery Fault (0.47); Python correct. True class Glass Breaking ranked #1 by Python and #5 by GTM.,1259.03,56.719,1405.963
SS-GLA-0054,SS-GLA-0054.wav,Glass Breaking,Machinery Fault,0.4651,0.4651,0.0952,0.0140,0.0086,0.0970,0.0632,0.0434,0.0433,0.1275,0.0426,Glass Breaking,0.5548,0.1314,0.5548,0.0022,0.0011,0.0029,0.1987,0.0002,0.0070,0.0003,0.1015,mismatch,Uncertain Result,0.0897,0.3376,0.3561,no,Acceptable,High,none,required,model_disagreement; low_confidence; unsupported_sound_pattern,Machinery Fault,Manual Review Required,False,True,sent to review,Python Machinery Fault (0.47) vs GTM Glass Breaking (0.55); GTM correct. True class Glass Breaking ranked #4 by Python and #1 by GTM.,1240.499,42.763,1298.859
SS-GLA-0055,SS-GLA-0055.wav,Glass Breaking,Glass Breaking,0.5299,0.1700,0.5299,0.0068,0.0023,0.0035,0.0105,0.0263,0.0847,0.0005,0.1656,Glass Breaking,0.3168,0.1232,0.3168,0.0829,0.0081,0.1382,0.0260,0.0361,0.0457,0.0000,0.2229,match,Uncertain Result,0.2131,0.3599,0.0939,no,Good,High,none,required,low_confidence; unsupported_sound_pattern; critical_without_agreement,Glass Breaking,Manual Review Required,True,True,sent to review,,2642.006,76.634,2839.058
SS-GLA-0064,SS-GLA-0064.wav,Glass Breaking,Glass Breaking,0.9974,0.0003,0.9974,0.0002,0.0001,0.0001,0.0008,0.0005,0.0004,0.0001,0.0001,Aggression,0.4397,0.0124,0.0379,0.4074,0.0027,0.0372,0.0002,0.0595,0.4397,0.0000,0.0029,mismatch,Uncertain Result,0.5577,0.9966,0.0323,no,Acceptable,Critical,none,required,model_disagreement; low_confidence; critical_without_agreement; possible_false_alarm,Glass Breaking,Manual Review Required,True,False,sent to review,Python Glass Breaking (1.00) vs GTM Aggression (0.44); Python correct. True class Glass Breaking ranked #1 by Python and #4 by GTM.,1275.802,45.664,1362.62
SS-GLA-0071,SS-GLA-0071.wav,Glass Breaking,Glass Breaking,0.9964,0.0003,0.9964,0.0004,0.0000,0.0001,0.0014,0.0001,0.0004,0.0001,0.0007,Glass Breaking,0.8694,0.0117,0.8694,0.0002,0.0004,0.0000,0.0011,0.0018,0.0016,0.0000,0.1139,match,Acceptable Match,0.1270,0.9950,0.7555,no,Acceptable,Critical,raised,not required,,Glass Breaking,Likely Valid,True,True,correct,,1392.504,40.792,1453.022
SS-GLA-0073,SS-GLA-0073.wav,Glass Breaking,Glass Breaking,0.9941,0.0001,0.9941,0.0048,0.0001,0.0000,0.0003,0.0001,0.0002,0.0000,0.0002,Background Noise,0.8513,0.0023,0.0953,0.0313,0.0001,0.0001,0.0045,0.0000,0.0150,0.0000,0.8513,mismatch,Model Disagreement,0.1428,0.9893,0.7561,no,Good,Critical,none,required,model_disagreement; critical_without_agreement,Glass Breaking,Manual Review Required,True,False,sent to review,Python Glass Breaking (0.99) vs GTM Background Noise (0.85); Python correct. True class Glass Breaking ranked #1 by Python and #2 by GTM.,1266.76,41.35,1322.699
SS-GLA-0080,SS-GLA-0080.wav,Glass Breaking,Glass Breaking,0.9965,0.0002,0.9965,0.0024,0.0000,0.0000,0.0004,0.0001,0.0000,0.0000,0.0003,Glass Breaking,0.5330,0.0002,0.5330,0.0020,0.0101,0.0086,0.3975,0.0049,0.0345,0.0000,0.0092,match,Uncertain Result,0.4635,0.9940,0.1355,no,Acceptable,Critical,raised,required,low_confidence; critical_without_agreement; possible_false_alarm,Glass Breaking,Manual Review Required,True,True,sent to review,,1275.26,40.934,1327.327
SS-GLA-0081,SS-GLA-0081.wav,Glass Breaking,Background Noise,0.3463,0.0075,0.3061,0.0016,0.0059,0.0105,0.1317,0.0010,0.1875,0.0020,0.3463,Aggression,0.4057,0.0089,0.3073,0.0072,0.1096,0.0065,0.0456,0.1034,0.4057,0.0016,0.0042,mismatch,Uncertain Result,0.0594,0.0402,0.0984,no,Acceptable,Medium,none,required,model_disagreement; low_confidence; similar_top_classes; unsupported_sound_pattern,Background Noise,Manual Review Required,False,False,sent to review,Python Background Noise (0.35) vs GTM Aggression (0.41); neither model correct. True class Glass Breaking ranked #2 by Python and #2 by GTM.,1228.37,43.966,1332.391
SS-GLA-0083,SS-GLA-0083.wav,Glass Breaking,Glass Breaking,0.8422,0.0002,0.8422,0.0076,0.0017,0.0017,0.0091,0.0019,0.0018,0.0003,0.1336,Aggression,0.4857,0.0213,0.2366,0.0619,0.0053,0.0135,0.0808,0.0601,0.4857,0.0008,0.0341,mismatch,Uncertain Result,0.3566,0.7087,0.2490,no,Acceptable,High,none,required,model_disagreement; low_confidence; critical_without_agreement; possible_false_alarm,Glass Breaking,Manual Review Required,True,False,sent to review,Python Glass Breaking (0.84) vs GTM Aggression (0.49); Python correct. True class Glass Breaking ranked #1 by Python and #2 by GTM.,1228.822,43.698,1283.254
SS-GLA-0086,SS-GLA-0086.wav,Glass Breaking,Glass Breaking,0.7625,0.0041,0.7625,0.2231,0.0017,0.0021,0.0016,0.0008,0.0002,0.0007,0.0033,Alarm or Siren,0.4911,0.0041,0.4910,0.4911,0.0096,0.0001,0.0017,0.0000,0.0000,0.0000,0.0024,mismatch,Uncertain Result,0.2714,0.5394,0.0002,no,Good,High,none,required,model_disagreement; low_confidence; critical_without_agreement; possible_false_alarm,Glass Breaking,Manual Review Required,True,False,sent to review,Python Glass Breaking (0.76) vs GTM Alarm or Siren (0.49); Python correct. True class Glass Breaking ranked #1 by Python and #2 by GTM.,1341.775,52.184,1426.508
SS-GLA-0097,SS-GLA-0097.wav,Glass Breaking,Glass Breaking,0.9312,0.0020,0.9312,0.0083,0.0010,0.0010,0.0100,0.0042,0.0245,0.0003,0.0175,Gunshot,0.4473,0.0446,0.0263,0.0036,0.0017,0.0264,0.4473,0.0310,0.2244,0.0000,0.1948,mismatch,Uncertain Result,0.4839,0.9067,0.2229,no,Acceptable,Critical,none,required,model_disagreement; low_confidence; critical_without_agreement; possible_false_alarm,Glass Breaking,Manual Review Required,True,False,sent to review,Python Glass Breaking (0.93) vs GTM Gunshot (0.45); Python correct. True class Glass Breaking ranked #1 by Python and #7 by GTM.,1228.622,42.009,1297.208
SS-GLA-0121,SS-GLA-0121.wav,Glass Breaking,Glass Breaking,0.9702,0.0062,0.9702,0.0026,0.0001,0.0002,0.0024,0.0041,0.0013,0.0004,0.0124,Glass Breaking,0.5110,0.0320,0.5110,0.0254,0.2197,0.0009,0.1648,0.0293,0.0058,0.0092,0.0017,match,Uncertain Result,0.4592,0.9578,0.2913,no,Good,Critical,raised,required,low_confidence; critical_without_agreement; possible_false_alarm,Glass Breaking,Manual Review Required,True,True,sent to review,,1359.556,39.913,1414.106
SS-GLA-0125,SS-GLA-0125.wav,Glass Breaking,Glass Breaking,0.7374,0.0005,0.7374,0.2568,0.0003,0.0010,0.0008,0.0014,0.0002,0.0006,0.0010,Vehicle Horn,0.2610,0.0221,0.1626,0.0428,0.2610,0.0891,0.0352,0.2386,0.1126,0.0358,0.0003,mismatch,Uncertain Result,0.4763,0.4806,0.0225,no,Good,High,none,required,model_disagreement; low_confidence; critical_without_agreement; possible_false_alarm,Glass Breaking,Manual Review Required,True,False,sent to review,Python Glass Breaking (0.74) vs GTM Vehicle Horn (0.26); Python correct. True class Glass Breaking ranked #1 by Python and #3 by GTM.,1231.669,42.596,1313.119
SS-GLA-0128,SS-GLA-0128.wav,Glass Breaking,Glass Breaking,0.9986,0.0001,0.9986,0.0002,0.0001,0.0001,0.0004,0.0002,0.0002,0.0000,0.0002,Vehicle Horn,0.5333,0.0014,0.3002,0.0024,0.5333,0.0032,0.0413,0.0052,0.1113,0.0006,0.0010,mismatch,Uncertain Result,0.4653,0.9983,0.2331,no,Acceptable,Critical,none,required,model_disagreement; low_confidence; critical_without_agreement; possible_false_alarm,Glass Breaking,Manual Review Required,True,False,sent to review,Python Glass Breaking (1.00) vs GTM Vehicle Horn (0.53); Python correct. True class Glass Breaking ranked #1 by Python and #2 by GTM.,1285.842,63.312,1364.282
SS-GLA-0139,SS-GLA-0139.wav,Glass Breaking,Glass Breaking,0.7384,0.0004,0.7384,0.0004,0.0007,0.0009,0.0001,0.2582,0.0000,0.0000,0.0009,Background Noise,0.2594,0.0632,0.0868,0.0379,0.0152,0.0787,0.1766,0.0807,0.1683,0.0332,0.2594,mismatch,Uncertain Result,0.4791,0.4802,0.0828,no,Good,High,none,required,model_disagreement; low_confidence; critical_without_agreement; possible_false_alarm,Glass Breaking,Manual Review Required,True,False,sent to review,Python Glass Breaking (0.74) vs GTM Background Noise (0.26); Python correct. True class Glass Breaking ranked #1 by Python and #4 by GTM.,2511.061,94.398,2759.602
SS-GLA-0147,SS-GLA-0147.wav,Glass Breaking,Glass Breaking,0.6966,0.2918,0.6966,0.0015,0.0006,0.0004,0.0025,0.0008,0.0006,0.0000,0.0052,Vehicle Horn,0.5065,0.0001,0.3485,0.0188,0.5065,0.0001,0.0000,0.0000,0.0020,0.0000,0.1239,mismatch,Uncertain Result,0.1901,0.4048,0.1581,no,Good,High,none,required,model_disagreement; low_confidence; critical_without_agreement,Glass Breaking,Manual Review Required,True,False,sent to review,Python Glass Breaking (0.70) vs GTM Vehicle Horn (0.51); Python correct. True class Glass Breaking ranked #1 by Python and #2 by GTM.,1232.474,54.057,1340.679
SS-GLA-0510,SS-GLA-0510.wav,Glass Breaking,Glass Breaking,0.9995,0.0001,0.9995,0.0000,0.0000,0.0000,0.0001,0.0001,0.0001,0.0000,0.0001,Glass Breaking,0.3009,0.0186,0.3009,0.1224,0.0538,0.0385,0.2446,0.1294,0.0398,0.0145,0.0374,match,Uncertain Result,0.6986,0.9993,0.0563,no,Acceptable,Critical,raised,required,low_confidence; critical_without_agreement; possible_false_alarm,Glass Breaking,Manual Review Required,True,True,sent to review,,1264.266,78.373,1390.583
SS-GLA-0511,SS-GLA-0511.wav,Glass Breaking,Glass Breaking,0.9994,0.0001,0.9994,0.0002,0.0000,0.0000,0.0001,0.0001,0.0001,0.0000,0.0000,Glass Breaking,0.6574,0.0486,0.6574,0.0387,0.0784,0.0184,0.0283,0.0466,0.0284,0.0023,0.0530,match,Weak Match,0.3420,0.9992,0.5790,no,Acceptable,Critical,raised,required,low_confidence; critical_without_agreement; possible_false_alarm,Glass Breaking,Manual Review Required,True,True,sent to review,,1241.642,65.325,1353.405
SS-GLA-0513,SS-GLA-0513.wav,Glass Breaking,Glass Breaking,0.9985,0.0001,0.9985,0.0003,0.0000,0.0002,0.0002,0.0002,0.0002,0.0000,0.0003,Machinery Fault,0.3963,0.3963,0.1407,0.0036,0.0165,0.0074,0.3415,0.0011,0.0379,0.0001,0.0549,mismatch,Uncertain Result,0.6022,0.9982,0.0549,no,Acceptable,Critical,none,required,model_disagreement; low_confidence; critical_without_agreement; possible_false_alarm,Glass Breaking,Manual Review Required,True,False,sent to review,Python Glass Breaking (1.00) vs GTM Machinery Fault (0.40); Python correct. True class Glass Breaking ranked #1 by Python and #3 by GTM.,1217.579,45.783,1311.296
SS-GLA-0514,SS-GLA-0514.wav,Glass Breaking,Glass Breaking,0.9991,0.0000,0.9991,0.0001,0.0000,0.0000,0.0001,0.0000,0.0002,0.0000,0.0004,Glass Breaking,0.9339,0.0308,0.9339,0.0002,0.0005,0.0003,0.0043,0.0000,0.0001,0.0000,0.0300,match,Acceptable Match,0.0653,0.9988,0.9031,no,Acceptable,Critical,raised,not required,,Glass Breaking,Likely Valid,True,True,correct,,1289.021,45.795,1386.95
SS-GLA-0521,SS-GLA-0521.wav,Glass Breaking,Glass Breaking,0.9977,0.0001,0.9977,0.0003,0.0000,0.0000,0.0010,0.0001,0.0004,0.0000,0.0001,Gunshot,0.2562,0.0124,0.2509,0.0083,0.2220,0.0166,0.2562,0.1102,0.0897,0.0195,0.0141,mismatch,Uncertain Result,0.7416,0.9967,0.0053,no,Acceptable,Critical,none,required,model_disagreement; low_confidence; critical_without_agreement; possible_false_alarm,Glass Breaking,Manual Review Required,True,False,sent to review,Python Glass Breaking (1.00) vs GTM Gunshot (0.26); Python correct. True class Glass Breaking ranked #1 by Python and #2 by GTM.,1149.879,42.965,1253.697
SS-GLA-0534,SS-GLA-0534.wav,Glass Breaking,Glass Breaking,0.9935,0.0006,0.9935,0.0005,0.0001,0.0001,0.0007,0.0010,0.0027,0.0001,0.0008,Vehicle Horn,0.2502,0.0123,0.2349,0.0567,0.2502,0.0358,0.1570,0.1691,0.0354,0.0376,0.0110,mismatch,Uncertain Result,0.7432,0.9908,0.0153,no,Acceptable,Critical,none,required,model_disagreement; low_confidence; critical_without_agreement; possible_false_alarm,Glass Breaking,Manual Review Required,True,False,sent to review,Python Glass Breaking (0.99) vs GTM Vehicle Horn (0.25); Python correct. True class Glass Breaking ranked #1 by Python and #2 by GTM.,1287.895,42.379,1378.141
SS-GLA-0567,SS-GLA-0567.wav,Glass Breaking,Glass Breaking,0.9980,0.0004,0.9980,0.0001,0.0001,0.0000,0.0006,0.0001,0.0001,0.0000,0.0006,Glass Breaking,0.6735,0.0137,0.6735,0.0051,0.0025,0.0392,0.0146,0.0022,0.0056,0.0005,0.2432,match,Weak Match,0.3244,0.9973,0.4304,no,Acceptable,Critical,raised,required,low_confidence; critical_without_agreement; possible_false_alarm,Glass Breaking,Manual Review Required,True,True,sent to review,,2885.513,100.706,3156.015
SS-GLA-0568,SS-GLA-0568.wav,Glass Breaking,Glass Breaking,0.9988,0.0001,0.9988,0.0002,0.0000,0.0000,0.0001,0.0001,0.0002,0.0000,0.0006,Glass Breaking,0.5364,0.0041,0.5364,0.0600,0.0003,0.0276,0.0741,0.0006,0.0045,0.0000,0.2922,match,Uncertain Result,0.4624,0.9982,0.2442,no,Acceptable,Critical,raised,required,low_confidence; critical_without_agreement; possible_false_alarm,Glass Breaking,Manual Review Required,True,True,sent to review,,1320.062,49.525,1394.758
SS-GLA-0570,SS-GLA-0570.wav,Glass Breaking,Glass Breaking,0.9995,0.0000,0.9995,0.0001,0.0000,0.0000,0.0001,0.0000,0.0001,0.0000,0.0001,Glass Breaking,0.3788,0.0290,0.3788,0.0611,0.0068,0.0493,0.1289,0.0802,0.0744,0.0015,0.1900,match,Uncertain Result,0.6207,0.9994,0.1888,no,Acceptable,Critical,raised,required,low_confidence; critical_without_agreement; possible_false_alarm,Glass Breaking,Manual Review Required,True,True,sent to review,,1572.777,53.531,1664.601
SS-GLA-0571,SS-GLA-0571.wav,Glass Breaking,Glass Breaking,0.9983,0.0001,0.9983,0.0005,0.0000,0.0001,0.0002,0.0002,0.0001,0.0000,0.0006,Background Noise,0.7242,0.0031,0.2684,0.0005,0.0000,0.0001,0.0025,0.0002,0.0009,0.0000,0.7242,mismatch,Model Disagreement,0.2742,0.9978,0.4558,no,Good,Critical,none,required,model_disagreement; low_confidence; critical_without_agreement; possible_false_alarm,Glass Breaking,Manual Review Required,True,False,sent to review,Python Glass Breaking (1.00) vs GTM Background Noise (0.72); Python correct. True class Glass Breaking ranked #1 by Python and #2 by GTM.,1269.55,47.68,1358.065
SS-GLA-0573,SS-GLA-0573.wav,Glass Breaking,Glass Breaking,0.9938,0.0004,0.9938,0.0009,0.0000,0.0000,0.0007,0.0004,0.0021,0.0000,0.0017,Background Noise,0.7545,0.0052,0.1815,0.0012,0.0018,0.0010,0.0166,0.0315,0.0066,0.0000,0.7545,mismatch,Model Disagreement,0.2392,0.9917,0.5730,no,Acceptable,Critical,none,required,model_disagreement; critical_without_agreement,Glass Breaking,Manual Review Required,True,False,sent to review,Python Glass Breaking (0.99) vs GTM Background Noise (0.75); Python correct. True class Glass Breaking ranked #1 by Python and #2 by GTM.,1601.781,77.139,1719.227
SS-GLA-0574,SS-GLA-0574.wav,Glass Breaking,Alarm or Siren,0.7305,0.0011,0.1403,0.7305,0.1188,0.0014,0.0021,0.0011,0.0027,0.0004,0.0018,Animal Sound,0.5738,0.0007,0.0041,0.0080,0.3734,0.5738,0.0026,0.0057,0.0259,0.0051,0.0007,mismatch,Uncertain Result,0.1567,0.5902,0.2003,no,Good,High,none,required,model_disagreement; low_confidence,Alarm or Siren,Manual Review Required,False,False,sent to review,Python Alarm or Siren (0.73) vs GTM Animal Sound (0.57); neither model correct. True class Glass Breaking ranked #2 by Python and #7 by GTM.,1709.479,48.823,1798.126
SS-GLA-0578,SS-GLA-0578.wav,Glass Breaking,Glass Breaking,0.9901,0.0007,0.9901,0.0052,0.0001,0.0001,0.0007,0.0005,0.0017,0.0000,0.0008,Vehicle Horn,0.4440,0.0019,0.2373,0.0533,0.4440,0.1795,0.0041,0.0242,0.0177,0.0009,0.0371,mismatch,Uncertain Result,0.5460,0.9849,0.2067,no,Acceptable,Critical,none,required,model_disagreement; low_confidence; critical_without_agreement; possible_false_alarm,Glass Breaking,Manual Review Required,True,False,sent to review,Python Glass Breaking (0.99) vs GTM Vehicle Horn (0.44); Python correct. True class Glass Breaking ranked #1 by Python and #2 by GTM.,1436.704,63.755,1557.13
SS-GLA-0583,SS-GLA-0583.wav,Glass Breaking,Glass Breaking,0.9998,0.0000,0.9998,0.0000,0.0000,0.0000,0.0000,0.0000,0.0001,0.0000,0.0000,Glass Breaking,0.8677,0.0164,0.8677,0.0100,0.0049,0.0007,0.0113,0.0046,0.0139,0.0000,0.0703,match,Acceptable Match,0.1320,0.9997,0.7974,no,Poor,Critical,none,required,poor_audio_quality; possible_false_alarm,Glass Breaking,Manual Review Required,True,True,sent to review,,1658.383,60.095,1765.087
SS-GLA-0596,SS-GLA-0596.wav,Glass Breaking,Glass Breaking,0.9996,0.0000,0.9996,0.0001,0.0000,0.0000,0.0000,0.0001,0.0001,0.0000,0.0000,Background Noise,0.4941,0.0031,0.4229,0.0051,0.0361,0.0015,0.0059,0.0014,0.0296,0.0002,0.4941,mismatch,Uncertain Result,0.5055,0.9995,0.0712,no,Acceptable,Critical,none,required,model_disagreement; low_confidence; critical_without_agreement; possible_false_alarm,Glass Breaking,Manual Review Required,True,False,sent to review,Python Glass Breaking (1.00) vs GTM Background Noise (0.49); Python correct. True class Glass Breaking ranked #1 by Python and #2 by GTM.,1383.98,55.889,1486.919
SS-GLA-0625,SS-GLA-0625.wav,Glass Breaking,Glass Breaking,0.7946,0.0405,0.7946,0.0534,0.0046,0.0017,0.0023,0.0022,0.0023,0.0001,0.0984,Gunshot,0.2332,0.2247,0.0221,0.1078,0.1216,0.0280,0.2332,0.0047,0.1120,0.0000,0.1459,mismatch,Uncertain Result,0.5614,0.6962,0.0084,no,Acceptable,High,none,required,model_disagreement; low_confidence; critical_without_agreement; possible_false_alarm,Glass Breaking,Manual Review Required,True,False,sent to review,Python Glass Breaking (0.79) vs GTM Gunshot (0.23); Python correct. True class Glass Breaking ranked #1 by Python and #8 by GTM.,1383.799,62.182,1507.373
SS-GLA-0628,SS-GLA-0628.wav,Glass Breaking,Glass Breaking,0.9886,0.0003,0.9886,0.0022,0.0000,0.0003,0.0067,0.0003,0.0006,0.0001,0.0009,Background Noise,0.6858,0.0514,0.1832,0.0024,0.0027,0.0030,0.0529,0.0062,0.0097,0.0027,0.6858,mismatch,Model Disagreement,0.3027,0.9818,0.5026,no,Acceptable,Critical,none,required,model_disagreement; low_confidence; critical_without_agreement; possible_false_alarm,Glass Breaking,Manual Review Required,True,False,sent to review,Python Glass Breaking (0.99) vs GTM Background Noise (0.69); Python correct. True class Glass Breaking ranked #1 by Python and #2 by GTM.,1327.488,46.953,1417.143
SS-GLA-0664,SS-GLA-0664.wav,Glass Breaking,Glass Breaking,0.6334,0.0111,0.6334,0.3138,0.0160,0.0033,0.0022,0.0033,0.0029,0.0015,0.0126,Glass Breaking,0.5517,0.0003,0.5517,0.4372,0.0000,0.0013,0.0000,0.0000,0.0000,0.0000,0.0095,match,Uncertain Result,0.0817,0.3196,0.1145,yes,Good,High,raised,required,low_confidence; overlapping_sounds; critical_without_agreement,Glass Breaking,Manual Review Required,True,True,sent to review,,1345.014,54.293,1448.961
SS-GLA-0668,SS-GLA-0668.wav,Glass Breaking,Glass Breaking,0.8024,0.0126,0.8024,0.0063,0.0027,0.0020,0.1182,0.0273,0.0212,0.0010,0.0063,Gunshot,0.5106,0.0612,0.1309,0.0135,0.1506,0.0807,0.5106,0.0175,0.0124,0.0010,0.0216,mismatch,Uncertain Result,0.2918,0.6842,0.3601,no,Good,High,none,required,model_disagreement; low_confidence; critical_without_agreement; possible_false_alarm,Glass Breaking,Manual Review Required,True,False,sent to review,Python Glass Breaking (0.80) vs GTM Gunshot (0.51); Python correct. True class Glass Breaking ranked #1 by Python and #3 by GTM.,1515.33,57.502,1634.11
SS-GUN-0015,SS-GUN-0015.wav,Gunshot,Gunshot,0.9909,0.0024,0.0017,0.0009,0.0000,0.0001,0.9909,0.0020,0.0013,0.0000,0.0007,Gunshot,0.3062,0.0159,0.2826,0.0169,0.0671,0.1522,0.3062,0.0300,0.0773,0.0056,0.0461,match,Uncertain Result,0.6846,0.9885,0.0236,no,Acceptable,Critical,raised,required,low_confidence; critical_without_agreement; possible_false_alarm,Gunshot,Manual Review Required,True,True,sent to review,,1237.293,60.354,1345.856
SS-GUN-0016,SS-GUN-0016.wav,Gunshot,Gunshot,0.9956,0.0020,0.0002,0.0002,0.0001,0.0006,0.9956,0.0004,0.0002,0.0002,0.0005,Gunshot,0.4431,0.0567,0.1444,0.0039,0.0661,0.0132,0.4431,0.0757,0.1676,0.0267,0.0025,match,Uncertain Result,0.5524,0.9935,0.2755,no,Good,Critical,raised,required,low_confidence; critical_without_agreement; possible_false_alarm,Gunshot,Manual Review Required,True,True,sent to review,,1346.152,44.481,1419.288
SS-GUN-0019,SS-GUN-0019.wav,Gunshot,Glass Breaking,0.8431,0.0004,0.8431,0.0045,0.0002,0.0001,0.1487,0.0004,0.0010,0.0002,0.0015,Gunshot,0.5516,0.0513,0.1033,0.0246,0.0066,0.0277,0.5516,0.0261,0.1548,0.0445,0.0095,mismatch,Uncertain Result,0.2915,0.6944,0.3967,no,Good,High,none,required,model_disagreement; low_confidence; critical_without_agreement; possible_false_alarm,Glass Breaking,Manual Review Required,False,True,sent to review,Python Glass Breaking (0.84) vs GTM Gunshot (0.55); GTM correct. True class Gunshot ranked #2 by Python and #1 by GTM.,1364.957,47.14,1433.181
SS-GUN-0033,SS-GUN-0033.wav,Gunshot,Gunshot,0.9921,0.0018,0.0024,0.0006,0.0001,0.0007,0.9921,0.0008,0.0007,0.0000,0.0008,Glass Breaking,0.3511,0.0289,0.3511,0.0448,0.0235,0.0733,0.1309,0.0347,0.2277,0.0048,0.0802,mismatch,Uncertain Result,0.6409,0.9897,0.1235,no,Poor,Critical,none,required,model_disagreement; low_confidence; poor_audio_quality; critical_without_agreement; possible_false_alarm,Gunshot,Manual Review Required,True,False,sent to review,Python Gunshot (0.99) vs GTM Glass Breaking (0.35); Python correct. True class Gunshot ranked #1 by Python and #3 by GTM.,4667.482,134.676,5048.68
SS-GUN-0046,SS-GUN-0046.wav,Gunshot,Gunshot,0.6747,0.0632,0.0279,0.0012,0.0008,0.0032,0.6747,0.0017,0.2221,0.0011,0.0042,Glass Breaking,0.3672,0.0081,0.3672,0.0163,0.0532,0.0090,0.1894,0.0466,0.2691,0.0003,0.0408,mismatch,Uncertain Result,0.3075,0.4526,0.0980,no,Acceptable,Critical,none,required,model_disagreement; low_confidence; critical_without_agreement; possible_false_alarm,Gunshot,Manual Review Required,True,False,sent to review,Python Gunshot (0.67) vs GTM Glass Breaking (0.37); Python correct. True class Gunshot ranked #1 by Python and #3 by GTM.,1675.64,52.24,1741.059
SS-GUN-0047,SS-GUN-0047.wav,Gunshot,Gunshot,0.9966,0.0006,0.0002,0.0011,0.0000,0.0002,0.9966,0.0001,0.0007,0.0000,0.0005,Gunshot,0.3149,0.1248,0.0616,0.0405,0.0398,0.0612,0.3149,0.0398,0.0260,0.0048,0.2867,match,Uncertain Result,0.6817,0.9955,0.0282,no,Acceptable,Critical,raised,required,low_confidence; critical_without_agreement; possible_false_alarm,Gunshot,Manual Review Required,True,True,sent to review,,1936.396,70.352,2092.541
SS-GUN-0054,SS-GUN-0054.wav,Gunshot,Gunshot,0.9989,0.0004,0.0002,0.0002,0.0000,0.0001,0.9989,0.0001,0.0001,0.0001,0.0000,Gunshot,0.4936,0.0046,0.1382,0.0201,0.0775,0.0130,0.4936,0.1269,0.1209,0.0022,0.0030,match,Uncertain Result,0.5053,0.9985,0.3554,no,Acceptable,Critical,raised,required,low_confidence; critical_without_agreement; possible_false_alarm,Gunshot,Manual Review Required,True,True,sent to review,,1787.945,51.54,1851.309
SS-GUN-0061,SS-GUN-0061.wav,Gunshot,Gunshot,0.9872,0.0021,0.0053,0.0002,0.0001,0.0004,0.9872,0.0006,0.0029,0.0003,0.0008,Gunshot,0.4932,0.0147,0.2324,0.0122,0.1292,0.0100,0.4932,0.0356,0.0344,0.0354,0.0029,match,Uncertain Result,0.4940,0.9819,0.2608,no,Good,Critical,raised,required,low_confidence; critical_without_agreement; possible_false_alarm,Gunshot,Manual Review Required,True,True,sent to review,,1897.305,51.572,1966.933
SS-GUN-0063,SS-GUN-0063.wav,Gunshot,Gunshot,0.9983,0.0001,0.0007,0.0001,0.0000,0.0001,0.9983,0.0001,0.0002,0.0001,0.0003,Gunshot,0.5336,0.0524,0.0001,0.0000,0.0000,0.0000,0.5336,0.0000,0.3484,0.0000,0.0654,match,Uncertain Result,0.4647,0.9976,0.1852,no,Good,Critical,raised,required,low_confidence; critical_without_agreement; possible_false_alarm,Gunshot,Manual Review Required,True,True,sent to review,,1937.934,54.75,2015.269
SS-GUN-0079,SS-GUN-0079.wav,Gunshot,Gunshot,0.9915,0.0010,0.0004,0.0015,0.0001,0.0006,0.9915,0.0004,0.0019,0.0001,0.0025,Gunshot,0.5840,0.1608,0.0016,0.0038,0.0002,0.0078,0.5840,0.0000,0.0035,0.0000,0.2382,match,Uncertain Result,0.4075,0.9890,0.3458,no,Good,Critical,raised,required,low_confidence; critical_without_agreement; possible_false_alarm,Gunshot,Manual Review Required,True,True,sent to review,,1748.633,78.705,1957.831
SS-GUN-0087,SS-GUN-0087.wav,Gunshot,Gunshot,0.9987,0.0005,0.0004,0.0001,0.0000,0.0001,0.9987,0.0000,0.0001,0.0001,0.0001,Gunshot,0.4378,0.1186,0.1094,0.0004,0.0634,0.0049,0.4378,0.0286,0.1257,0.1019,0.0093,match,Uncertain Result,0.5609,0.9982,0.3122,no,Acceptable,Critical,raised,required,low_confidence; critical_without_agreement; possible_false_alarm,Gunshot,Manual Review Required,True,True,sent to review,,1738.153,56.395,1813.829
SS-GUN-0098,SS-GUN-0098.wav,Gunshot,Gunshot,0.9940,0.0010,0.0010,0.0003,0.0000,0.0010,0.9940,0.0004,0.0016,0.0001,0.0006,Background Noise,0.6272,0.0123,0.0010,0.0029,0.0013,0.0025,0.1945,0.0011,0.1573,0.0000,0.6272,mismatch,Model Disagreement,0.3668,0.9924,0.4327,no,Good,Critical,none,required,model_disagreement; low_confidence; critical_without_agreement; possible_false_alarm,Gunshot,Manual Review Required,True,False,sent to review,Python Gunshot (0.99) vs GTM Background Noise (0.63); Python correct. True class Gunshot ranked #1 by Python and #2 by GTM.,1717.347,50.954,1819.268
SS-GUN-0104,SS-GUN-0104.wav,Gunshot,Gunshot,0.9921,0.0011,0.0030,0.0001,0.0001,0.0003,0.9921,0.0005,0.0023,0.0001,0.0003,Gunshot,0.5328,0.0029,0.1298,0.0062,0.0195,0.0144,0.5328,0.0845,0.2075,0.0012,0.0012,match,Uncertain Result,0.4593,0.9891,0.3254,no,Good,Critical,raised,required,low_confidence; critical_without_agreement; possible_false_alarm,Gunshot,Manual Review Required,True,True,sent to review,,1444.582,50.136,1511.354
SS-GUN-0109,SS-GUN-0109.wav,Gunshot,Gunshot,0.9963,0.0008,0.0001,0.0008,0.0000,0.0005,0.9963,0.0002,0.0003,0.0000,0.0010,Background Noise,0.5856,0.0711,0.0337,0.0138,0.0037,0.0429,0.1668,0.0275,0.0549,0.0000,0.5856,mismatch,Uncertain Result,0.4108,0.9953,0.4188,no,Good,Critical,none,required,model_disagreement; low_confidence; critical_without_agreement; possible_false_alarm,Gunshot,Manual Review Required,True,False,sent to review,Python Gunshot (1.00) vs GTM Background Noise (0.59); Python correct. True class Gunshot ranked #1 by Python and #2 by GTM.,1386.366,80.846,1545.918
SS-GUN-0111,SS-GUN-0111.wav,Gunshot,Gunshot,0.9915,0.0049,0.0004,0.0001,0.0001,0.0003,0.9915,0.0002,0.0023,0.0002,0.0002,Gunshot,0.4604,0.0074,0.3421,0.0119,0.0460,0.0069,0.4604,0.0590,0.0562,0.0044,0.0059,match,Uncertain Result,0.5312,0.9867,0.1183,no,Acceptable,Critical,raised,required,low_confidence; critical_without_agreement; possible_false_alarm,Gunshot,Manual Review Required,True,True,sent to review,,1590.072,44.626,1664.988
SS-GUN-0119,SS-GUN-0119.wav,Gunshot,Gunshot,0.9989,0.0003,0.0002,0.0001,0.0000,0.0000,0.9989,0.0000,0.0001,0.0001,0.0002,Gunshot,0.5596,0.0040,0.2332,0.0141,0.0432,0.0077,0.5596,0.0599,0.0675,0.0027,0.0080,match,Uncertain Result,0.4393,0.9986,0.3264,no,Acceptable,Critical,raised,required,low_confidence; critical_without_agreement; possible_false_alarm,Gunshot,Manual Review Required,True,True,sent to review,,1232.997,44.267,1293.399
SS-GUN-0133,SS-GUN-0133.wav,Gunshot,Gunshot,0.4532,0.0651,0.0842,0.2802,0.0044,0.0043,0.4532,0.0091,0.0668,0.0018,0.0310,Gunshot,0.4838,0.0034,0.2804,0.0013,0.0000,0.0018,0.4838,0.0000,0.0082,0.0000,0.2211,match,Uncertain Result,0.0306,0.1730,0.2034,yes,Acceptable,Critical,none,required,low_confidence; overlapping_sounds; unsupported_sound_pattern; critical_without_agreement,Gunshot,Manual Review Required,True,True,sent to review,,1315.708,44.733,1382.8
SS-GUN-0135,SS-GUN-0135.wav,Gunshot,Gunshot,0.9959,0.0013,0.0003,0.0001,0.0000,0.0004,0.9959,0.0002,0.0001,0.0004,0.0013,Aggression,0.4325,0.0041,0.3616,0.0102,0.1260,0.0063,0.0429,0.0133,0.4325,0.0006,0.0025,mismatch,Uncertain Result,0.5634,0.9946,0.0709,no,Acceptable,Critical,none,required,model_disagreement; low_confidence; critical_without_agreement; possible_false_alarm,Gunshot,Manual Review Required,True,False,sent to review,Python Gunshot (1.00) vs GTM Aggression (0.43); Python correct. True class Gunshot ranked #1 by Python and #4 by GTM.,1230.569,44.211,1285.995
SS-GUN-0136,SS-GUN-0136.wav,Gunshot,Gunshot,0.9984,0.0004,0.0006,0.0002,0.0000,0.0000,0.9984,0.0000,0.0001,0.0001,0.0002,Gunshot,0.2469,0.2112,0.0362,0.0823,0.0393,0.0793,0.2469,0.0775,0.1532,0.0101,0.0641,match,Uncertain Result,0.7515,0.9978,0.0357,no,Acceptable,Critical,raised,required,low_confidence; critical_without_agreement; possible_false_alarm,Gunshot,Manual Review Required,True,True,sent to review,,1274.487,50.262,1340.815
SS-GUN-0145,SS-GUN-0145.wav,Gunshot,Gunshot,0.9620,0.0009,0.0016,0.0150,0.0001,0.0001,0.9620,0.0010,0.0191,0.0001,0.0001,Gunshot,0.4428,0.0037,0.1377,0.0114,0.0537,0.0312,0.4428,0.1351,0.0972,0.0031,0.0842,match,Uncertain Result,0.5193,0.9429,0.3050,no,Acceptable,Critical,raised,required,low_confidence; critical_without_agreement; possible_false_alarm,Gunshot,Manual Review Required,True,True,sent to review,,1302.311,50.708,1374.188
SS-GUN-0147,SS-GUN-0147.wav,Gunshot,Machinery Fault,0.2875,0.2875,0.0296,0.0463,0.0388,0.0531,0.2574,0.1162,0.0238,0.0014,0.1460,Gunshot,0.3502,0.1187,0.0920,0.0214,0.0129,0.0379,0.3502,0.0052,0.0384,0.0009,0.3224,mismatch,Uncertain Result,0.0627,0.0301,0.0278,no,Good,High,none,required,model_disagreement; low_confidence; similar_top_classes; unsupported_sound_pattern,Machinery Fault,Manual Review Required,False,True,sent to review,Python Machinery Fault (0.29) vs GTM Gunshot (0.35); GTM correct. True class Gunshot ranked #2 by Python and #1 by GTM.,2689.615,109.354,2953.365
SS-GUN-0549,SS-GUN-0549.wav,Gunshot,Gunshot,0.9863,0.0031,0.0004,0.0021,0.0012,0.0008,0.9863,0.0005,0.0010,0.0009,0.0037,Gunshot,0.5643,0.0900,0.0061,0.0032,0.0106,0.0066,0.5643,0.0006,0.0086,0.0001,0.3100,match,Uncertain Result,0.4221,0.9827,0.2543,no,Good,Critical,raised,required,low_confidence; critical_without_agreement; possible_false_alarm,Gunshot,Manual Review Required,True,True,sent to review,,1395.038,61.545,1501.576
SS-GUN-0550,SS-GUN-0550.wav,Gunshot,Gunshot,0.9765,0.0014,0.0003,0.0009,0.0017,0.0018,0.9765,0.0010,0.0007,0.0021,0.0136,Gunshot,0.5074,0.1092,0.0040,0.0197,0.0332,0.0276,0.5074,0.0016,0.0029,0.0001,0.2942,match,Uncertain Result,0.4691,0.9629,0.2132,no,Good,Critical,raised,required,low_confidence; critical_without_agreement; possible_false_alarm,Gunshot,Manual Review Required,True,True,sent to review,,1354.599,53.214,1434.046
SS-GUN-0551,SS-GUN-0551.wav,Gunshot,Gunshot,0.9969,0.0002,0.0001,0.0006,0.0001,0.0002,0.9969,0.0001,0.0002,0.0002,0.0014,Gunshot,0.7023,0.0837,0.0033,0.0177,0.0132,0.0178,0.7023,0.0038,0.0072,0.0003,0.1507,match,Weak Match,0.2946,0.9955,0.5516,no,Good,Critical,raised,required,low_confidence; critical_without_agreement; possible_false_alarm,Gunshot,Manual Review Required,True,True,sent to review,,1391.175,47.481,1467.244
SS-GUN-0552,SS-GUN-0552.wav,Gunshot,Gunshot,0.9921,0.0006,0.0002,0.0008,0.0004,0.0012,0.9921,0.0006,0.0007,0.0004,0.0029,Gunshot,0.7878,0.0662,0.0033,0.0040,0.0397,0.0142,0.7878,0.0054,0.0022,0.0000,0.0771,match,Weak Match,0.2043,0.9892,0.7107,no,Good,Critical,raised,required,critical_without_agreement,Gunshot,Manual Review Required,True,True,sent to review,,1386.049,62.933,1477.738
SS-GUN-0553,SS-GUN-0553.wav,Gunshot,Gunshot,0.9929,0.0004,0.0002,0.0006,0.0002,0.0013,0.9929,0.0003,0.0010,0.0001,0.0030,Gunshot,0.6854,0.0896,0.0183,0.0088,0.0196,0.0237,0.6854,0.0006,0.0255,0.0002,0.1282,match,Weak Match,0.3075,0.9899,0.5572,no,Good,Critical,raised,required,low_confidence; critical_without_agreement; possible_false_alarm,Gunshot,Manual Review Required,True,True,sent to review,,1324.755,56.906,1411.375
SS-GUN-0554,SS-GUN-0554.wav,Gunshot,Gunshot,0.9654,0.0021,0.0008,0.0035,0.0010,0.0015,0.9654,0.0030,0.0019,0.0007,0.0201,Gunshot,0.7989,0.0561,0.0102,0.0011,0.0055,0.0132,0.7989,0.0015,0.0060,0.0000,0.1076,match,Weak Match,0.1664,0.9453,0.6914,no,Good,Critical,raised,required,critical_without_agreement,Gunshot,Manual Review Required,True,True,sent to review,,1453.093,49.598,1546.356
SS-GUN-0555,SS-GUN-0555.wav,Gunshot,Gunshot,0.9951,0.0002,0.0003,0.0005,0.0002,0.0003,0.9951,0.0004,0.0003,0.0004,0.0023,Gunshot,0.5579,0.0854,0.0140,0.0319,0.0376,0.0182,0.5579,0.0045,0.0166,0.0012,0.2327,match,Uncertain Result,0.4372,0.9928,0.3252,no,Good,Critical,raised,required,low_confidence; critical_without_agreement; possible_false_alarm,Gunshot,Manual Review Required,True,True,sent to review,,1222.425,46.785,1304.228
SS-GUN-0556,SS-GUN-0556.wav,Gunshot,Gunshot,0.9964,0.0002,0.0001,0.0003,0.0001,0.0003,0.9964,0.0004,0.0004,0.0001,0.0017,Gunshot,0.5733,0.0789,0.0203,0.0126,0.0235,0.0133,0.5733,0.0023,0.0145,0.0002,0.2611,match,Uncertain Result,0.4230,0.9946,0.3122,no,Good,Critical,raised,required,low_confidence; critical_without_agreement; possible_false_alarm,Gunshot,Manual Review Required,True,True,sent to review,,1494.901,56.571,1594.06
SS-GUN-0557,SS-GUN-0557.wav,Gunshot,Gunshot,0.9946,0.0005,0.0002,0.0006,0.0003,0.0007,0.9946,0.0005,0.0003,0.0001,0.0023,Gunshot,0.4500,0.1761,0.0345,0.0136,0.0252,0.0317,0.4500,0.0040,0.0116,0.0004,0.2531,match,Uncertain Result,0.5446,0.9923,0.1969,no,Good,Critical,raised,required,low_confidence; critical_without_agreement; possible_false_alarm,Gunshot,Manual Review Required,True,True,sent to review,,1416.408,59.359,1517.589
SS-GUN-0558,SS-GUN-0558.wav,Gunshot,Gunshot,0.9923,0.0004,0.0003,0.0005,0.0002,0.0021,0.9923,0.0007,0.0002,0.0001,0.0033,Gunshot,0.6092,0.1211,0.0160,0.0065,0.0127,0.0510,0.6092,0.0018,0.0073,0.0005,0.1738,match,Weak Match,0.3831,0.9890,0.4354,no,Good,Critical,raised,required,low_confidence; critical_without_agreement; possible_false_alarm,Gunshot,Manual Review Required,True,True,sent to review,,1288.651,59.996,1391.069
SS-GUN-0559,SS-GUN-0559.wav,Gunshot,Gunshot,0.7784,0.0155,0.0024,0.0413,0.0053,0.0217,0.7784,0.0060,0.0266,0.0056,0.0971,Background Noise,0.4669,0.0868,0.0004,0.0012,0.0014,0.0041,0.3999,0.0014,0.0373,0.0006,0.4669,mismatch,Uncertain Result,0.3115,0.6813,0.0670,no,Good,Critical,none,required,model_disagreement; low_confidence; critical_without_agreement; possible_false_alarm,Gunshot,Manual Review Required,True,False,sent to review,Python Gunshot (0.78) vs GTM Background Noise (0.47); Python correct. True class Gunshot ranked #1 by Python and #2 by GTM.,1199.803,62.314,1288.681
SS-GUN-0560,SS-GUN-0560.wav,Gunshot,Gunshot,0.3684,0.2284,0.0076,0.1448,0.0085,0.0119,0.3684,0.0060,0.2067,0.0033,0.0144,Background Noise,0.8307,0.0784,0.0001,0.0033,0.0195,0.0033,0.0573,0.0001,0.0073,0.0000,0.8307,mismatch,Uncertain Result,0.4622,0.1401,0.7523,no,Good,Critical,none,required,model_disagreement; low_confidence; similar_top_classes; critical_without_agreement; possible_false_alarm,Gunshot,Manual Review Required,True,False,sent to review,Python Gunshot (0.37) vs GTM Background Noise (0.83); Python correct. True class Gunshot ranked #1 by Python and #3 by GTM.,1518.162,54.036,1602.727
SS-GUN-0561,SS-GUN-0561.wav,Gunshot,Gunshot,0.6319,0.0666,0.0071,0.0642,0.0043,0.0339,0.6319,0.0081,0.0437,0.0052,0.1351,Background Noise,0.6213,0.0331,0.0004,0.0047,0.0329,0.0059,0.2741,0.0003,0.0271,0.0002,0.6213,mismatch,Model Disagreement,0.0105,0.4967,0.3472,no,Good,Critical,none,required,model_disagreement; low_confidence; critical_without_agreement,Gunshot,Manual Review Required,True,False,sent to review,Python Gunshot (0.63) vs GTM Background Noise (0.62); Python correct. True class Gunshot ranked #1 by Python and #2 by GTM.,1362.414,50.883,1435.01
SS-GUN-0562,SS-GUN-0562.wav,Gunshot,Gunshot,0.9942,0.0011,0.0007,0.0013,0.0001,0.0006,0.9942,0.0002,0.0003,0.0002,0.0014,Gunshot,0.3965,0.0822,0.0170,0.0240,0.0076,0.0135,0.3965,0.0735,0.1076,0.0004,0.2777,match,Uncertain Result,0.5977,0.9928,0.1188,no,Good,Critical,raised,required,low_confidence; critical_without_agreement; possible_false_alarm,Gunshot,Manual Review Required,True,True,sent to review,,1419.745,45.59,1486.416
SS-GUN-0563,SS-GUN-0563.wav,Gunshot,Gunshot,0.9958,0.0013,0.0001,0.0005,0.0001,0.0004,0.9958,0.0001,0.0012,0.0001,0.0005,Gunshot,0.9648,0.0086,0.0003,0.0044,0.0036,0.0028,0.9648,0.0022,0.0087,0.0000,0.0047,match,Strong Match,0.0310,0.9945,0.9560,no,Good,Critical,raised,not required,,Gunshot,Likely Valid,True,True,correct,,1224.728,42.103,1285.345
SS-GUN-0621,SS-GUN-0621.wav,Gunshot,Gunshot,0.9983,0.0003,0.0002,0.0001,0.0001,0.0005,0.9983,0.0001,0.0001,0.0001,0.0002,Gunshot,0.4993,0.1218,0.2167,0.0004,0.0505,0.0018,0.4993,0.0166,0.0691,0.0200,0.0038,match,Uncertain Result,0.4990,0.9978,0.2826,no,Good,Critical,raised,required,low_confidence; critical_without_agreement; possible_false_alarm,Gunshot,Manual Review Required,True,True,sent to review,,1343.845,46.262,1407.133
SS-GUN-0623,SS-GUN-0623.wav,Gunshot,Gunshot,0.9418,0.0119,0.0139,0.0004,0.0003,0.0244,0.9418,0.0017,0.0034,0.0015,0.0008,Gunshot,0.5154,0.0079,0.3067,0.0068,0.1002,0.0030,0.5154,0.0270,0.0159,0.0103,0.0069,match,Uncertain Result,0.4264,0.9174,0.2087,no,Acceptable,Critical,raised,required,low_confidence; critical_without_agreement; possible_false_alarm,Gunshot,Manual Review Required,True,True,sent to review,,1309.395,46.765,1371.183
SS-GUN-0624,SS-GUN-0624.wav,Gunshot,Gunshot,0.9957,0.0019,0.0002,0.0001,0.0000,0.0004,0.9957,0.0001,0.0013,0.0000,0.0002,Gunshot,0.3488,0.0025,0.2929,0.0108,0.0307,0.0096,0.3488,0.0511,0.2404,0.0001,0.0132,match,Uncertain Result,0.6470,0.9938,0.0559,no,Acceptable,Critical,raised,required,low_confidence; critical_without_agreement; possible_false_alarm,Gunshot,Manual Review Required,True,True,sent to review,,1267.172,44.681,1324.312
SS-GUN-0625,SS-GUN-0625.wav,Gunshot,Gunshot,0.9711,0.0114,0.0055,0.0008,0.0001,0.0011,0.9711,0.0002,0.0085,0.0002,0.0011,Aggression,0.5952,0.0022,0.2602,0.0056,0.0844,0.0022,0.0359,0.0125,0.5952,0.0003,0.0015,mismatch,Uncertain Result,0.3759,0.9597,0.3350,no,Acceptable,Critical,none,required,model_disagreement; low_confidence; critical_without_agreement; possible_false_alarm,Gunshot,Manual Review Required,True,False,sent to review,Python Gunshot (0.97) vs GTM Aggression (0.60); Python correct. True class Gunshot ranked #1 by Python and #4 by GTM.,1279.385,42.051,1334.405
SS-GUN-0626,SS-GUN-0626.wav,Gunshot,Gunshot,0.7236,0.0454,0.0081,0.0016,0.0007,0.0274,0.7236,0.0018,0.1867,0.0012,0.0036,Vehicle Horn,0.3666,0.0058,0.0693,0.0278,0.3666,0.0145,0.3576,0.1021,0.0312,0.0208,0.0044,mismatch,Uncertain Result,0.3570,0.5370,0.0090,no,Good,Critical,none,required,model_disagreement; low_confidence; critical_without_agreement; possible_false_alarm,Gunshot,Manual Review Required,True,False,sent to review,Python Gunshot (0.72) vs GTM Vehicle Horn (0.37); Python correct. True class Gunshot ranked #1 by Python and #2 by GTM.,1284.444,47.427,1347.276
SS-GUN-0627,SS-GUN-0627.wav,Gunshot,Gunshot,0.9857,0.0064,0.0003,0.0001,0.0000,0.0006,0.9857,0.0003,0.0062,0.0001,0.0002,Gunshot,0.8154,0.0009,0.0654,0.0005,0.0056,0.0010,0.8154,0.0590,0.0515,0.0001,0.0006,match,Weak Match,0.1702,0.9792,0.7501,no,Acceptable,Critical,raised,required,critical_without_agreement,Gunshot,Manual Review Required,True,True,sent to review,,1249.594,45.321,1305.862
SS-GUN-0644,SS-GUN-0644.wav,Gunshot,Gunshot,0.9987,0.0003,0.0004,0.0001,0.0001,0.0002,0.9987,0.0001,0.0001,0.0000,0.0001,Gunshot,0.9605,0.0003,0.0276,0.0002,0.0028,0.0007,0.9605,0.0008,0.0000,0.0000,0.0071,match,Strong Match,0.0381,0.9983,0.9329,no,Good,Critical,raised,not required,,Gunshot,Likely Valid,True,True,correct,,1233.112,45.974,1299.156
SS-GUN-0645,SS-GUN-0645.wav,Gunshot,Gunshot,0.9989,0.0003,0.0004,0.0001,0.0000,0.0000,0.9989,0.0001,0.0001,0.0000,0.0001,Gunshot,0.7157,0.0234,0.0552,0.0029,0.0509,0.0051,0.7157,0.0358,0.1051,0.0036,0.0022,match,Weak Match,0.2832,0.9985,0.6107,no,Good,Critical,raised,required,low_confidence; critical_without_agreement; possible_false_alarm,Gunshot,Manual Review Required,True,True,sent to review,,1381.543,41.411,1440.154
SS-GUN-0646,SS-GUN-0646.wav,Gunshot,Gunshot,0.9983,0.0006,0.0006,0.0000,0.0000,0.0000,0.9983,0.0001,0.0003,0.0000,0.0000,Gunshot,0.7543,0.0493,0.0659,0.0004,0.0278,0.0014,0.7543,0.0104,0.0629,0.0229,0.0048,match,Weak Match,0.2440,0.9977,0.6884,no,Good,Critical,raised,required,critical_without_agreement,Gunshot,Manual Review Required,True,True,sent to review,,1236.407,55.796,1312.468
SS-MAC-0002,SS-MAC-0002.wav,Machinery Fault,Machinery Fault,0.9666,0.9666,0.0031,0.0023,0.0069,0.0070,0.0042,0.0010,0.0014,0.0000,0.0076,Machinery Fault,0.5310,0.5310,0.0074,0.0423,0.0604,0.0778,0.0827,0.0150,0.0438,0.0008,0.1389,match,Uncertain Result,0.4356,0.9591,0.3921,no,Good,High,raised,required,low_confidence,Machinery Fault,Manual Review Required,True,True,sent to review,,4021.866,126.202,4394.08
SS-MAC-0004,SS-MAC-0004.wav,Machinery Fault,Machinery Fault,0.9713,0.9713,0.0009,0.0005,0.0003,0.0009,0.0007,0.0008,0.0006,0.0000,0.0239,Machinery Fault,0.3041,0.3041,0.0149,0.0466,0.0384,0.0220,0.2879,0.0271,0.1590,0.0112,0.0887,match,Uncertain Result,0.6672,0.9474,0.0162,no,Good,High,raised,required,low_confidence,Machinery Fault,Manual Review Required,True,True,sent to review,,1358.782,59.899,1497.294
SS-MAC-0005,SS-MAC-0005.wav,Machinery Fault,Aggression,0.8805,0.0828,0.0017,0.0001,0.0000,0.0004,0.0334,0.0007,0.8805,0.0001,0.0002,Background Noise,0.9817,0.0020,0.0016,0.0015,0.0008,0.0036,0.0048,0.0010,0.0030,0.0000,0.9817,mismatch,Model Disagreement,0.1012,0.7977,0.9769,no,Acceptable,High,none,required,model_disagreement; critical_without_agreement,Aggression,Manual Review Required,False,False,sent to review,Python Aggression (0.88) vs GTM Background Noise (0.98); neither model correct. True class Machinery Fault ranked #2 by Python and #5 by GTM.,1324.69,44.117,1392.533
SS-MAC-0007,SS-MAC-0007.wav,Machinery Fault,Machinery Fault,0.8408,0.8408,0.0177,0.0241,0.0244,0.0039,0.0525,0.0072,0.0160,0.0063,0.0069,Panic Scream,0.2851,0.2668,0.0082,0.0403,0.0577,0.0073,0.0174,0.2851,0.0126,0.0204,0.2843,mismatch,Uncertain Result,0.5558,0.7883,0.0008,no,Acceptable,High,none,required,model_disagreement; low_confidence,Machinery Fault,Manual Review Required,True,False,sent to review,Python Machinery Fault (0.84) vs GTM Panic Scream (0.29); Python correct. True class Machinery Fault ranked #1 by Python and #3 by GTM.,1237.096,64.32,1326.14
SS-MAC-0019,SS-MAC-0019.wav,Machinery Fault,Machinery Fault,0.9958,0.9958,0.0007,0.0005,0.0002,0.0000,0.0001,0.0001,0.0003,0.0000,0.0022,Machinery Fault,0.7244,0.7244,0.0041,0.0458,0.0317,0.0233,0.0430,0.0056,0.0675,0.0007,0.0539,match,Weak Match,0.2714,0.9935,0.6568,no,Good,High,raised,required,low_confidence,Machinery Fault,Manual Review Required,True,True,sent to review,,1309.731,62.813,1463.61
SS-MAC-0021,SS-MAC-0021.wav,Machinery Fault,Machinery Fault,0.9876,0.9876,0.0005,0.0010,0.0019,0.0045,0.0012,0.0001,0.0015,0.0005,0.0011,Machinery Fault,0.8168,0.8168,0.0002,0.0037,0.0261,0.0408,0.0437,0.0003,0.0065,0.0000,0.0618,match,Weak Match,0.1708,0.9831,0.7550,no,Acceptable,High,raised,not required,,Machinery Fault,Likely Valid,True,True,correct,,1204.673,49.525,1281.93
SS-MAC-0025,SS-MAC-0025.wav,Machinery Fault,Aggression,0.6690,0.3118,0.0027,0.0072,0.0010,0.0020,0.0023,0.0009,0.6690,0.0006,0.0025,Glass Breaking,0.2770,0.0189,0.2770,0.0105,0.1896,0.0142,0.2471,0.0618,0.0856,0.0865,0.0088,mismatch,Uncertain Result,0.3920,0.3572,0.0299,no,Good,High,none,required,model_disagreement; low_confidence; critical_without_agreement; possible_false_alarm,Aggression,Manual Review Required,False,False,sent to review,Python Aggression (0.67) vs GTM Glass Breaking (0.28); neither model correct. True class Machinery Fault ranked #2 by Python and #7 by GTM.,1449.612,45.522,1508.982
SS-MAC-0026,SS-MAC-0026.wav,Machinery Fault,Aggression,0.3619,0.1893,0.0904,0.0315,0.0128,0.0974,0.0092,0.1186,0.3619,0.0686,0.0203,Background Noise,0.6671,0.1738,0.0088,0.0027,0.0115,0.0466,0.0777,0.0020,0.0065,0.0033,0.6671,mismatch,Uncertain Result,0.3052,0.1726,0.4934,no,Acceptable,High,none,required,model_disagreement; low_confidence; critical_without_agreement; possible_false_alarm,Aggression,Manual Review Required,False,False,sent to review,Python Aggression (0.36) vs GTM Background Noise (0.67); neither model correct. True class Machinery Fault ranked #2 by Python and #2 by GTM.,1626.218,46.271,1689.193
SS-MAC-0038,SS-MAC-0038.wav,Machinery Fault,Aggression,0.5102,0.2283,0.0017,0.0810,0.0033,0.0068,0.0073,0.0099,0.5102,0.0007,0.1507,Vehicle Horn,0.5856,0.1061,0.1449,0.0852,0.5856,0.0006,0.0081,0.0317,0.0189,0.0003,0.0186,mismatch,Uncertain Result,0.0754,0.2819,0.4408,no,Acceptable,High,none,required,model_disagreement; low_confidence; unsupported_sound_pattern; critical_without_agreement,Aggression,Manual Review Required,False,False,sent to review,Python Aggression (0.51) vs GTM Vehicle Horn (0.59); neither model correct. True class Machinery Fault ranked #2 by Python and #3 by GTM.,3316.661,88.992,3550.217
SS-MAC-0039,SS-MAC-0039.wav,Machinery Fault,Machinery Fault,0.8486,0.8486,0.0058,0.0115,0.0008,0.0050,0.0032,0.0224,0.0184,0.0003,0.0839,Alarm or Siren,0.3947,0.1102,0.0554,0.3947,0.0137,0.0674,0.0017,0.0384,0.3172,0.0007,0.0006,mismatch,Uncertain Result,0.4539,0.7648,0.0775,no,Poor,High,none,required,model_disagreement; low_confidence; poor_audio_quality,Machinery Fault,Manual Review Required,True,False,sent to review,Python Machinery Fault (0.85) vs GTM Alarm or Siren (0.39); Python correct. True class Machinery Fault ranked #1 by Python and #3 by GTM.,1386.989,60.06,1551.082
SS-MAC-0044,SS-MAC-0044.wav,Machinery Fault,Machinery Fault,0.8813,0.8813,0.0477,0.0067,0.0034,0.0098,0.0018,0.0053,0.0390,0.0012,0.0039,Gunshot,0.2919,0.1022,0.1319,0.0330,0.0317,0.0223,0.2919,0.0152,0.1322,0.0089,0.2308,mismatch,Uncertain Result,0.5895,0.8337,0.0611,no,Good,High,none,required,model_disagreement; low_confidence,Machinery Fault,Manual Review Required,True,False,sent to review,Python Machinery Fault (0.88) vs GTM Gunshot (0.29); Python correct. True class Machinery Fault ranked #1 by Python and #5 by GTM.,4207.712,117.898,4550.834
SS-MAC-0047,SS-MAC-0047.wav,Machinery Fault,Machinery Fault,0.8475,0.8475,0.0002,0.0050,0.0006,0.0009,0.0008,0.0011,0.0033,0.0001,0.1404,Glass Breaking,0.4523,0.1420,0.4523,0.0666,0.0497,0.0329,0.0003,0.1623,0.0078,0.0002,0.0858,mismatch,Uncertain Result,0.3952,0.7071,0.2899,no,Acceptable,High,none,required,model_disagreement; low_confidence,Machinery Fault,Manual Review Required,True,False,sent to review,Python Machinery Fault (0.85) vs GTM Glass Breaking (0.45); Python correct. True class Machinery Fault ranked #1 by Python and #3 by GTM.,2577.34,92.902,2848.962
SS-MAC-0085,SS-MAC-0085.wav,Machinery Fault,Machinery Fault,0.9785,0.9785,0.0001,0.0034,0.0001,0.0001,0.0004,0.0006,0.0006,0.0000,0.0163,Alarm or Siren,0.2933,0.0905,0.2396,0.2933,0.0201,0.0324,0.0172,0.0556,0.0301,0.0000,0.2210,mismatch,Uncertain Result,0.6852,0.9622,0.0537,no,Good,High,none,required,model_disagreement; low_confidence,Machinery Fault,Manual Review Required,True,False,sent to review,Python Machinery Fault (0.98) vs GTM Alarm or Siren (0.29); Python correct. True class Machinery Fault ranked #1 by Python and #4 by GTM.,2610.616,86.215,2859.115
SS-MAC-0098,SS-MAC-0098.wav,Machinery Fault,Machinery Fault,0.9876,0.9876,0.0030,0.0033,0.0009,0.0009,0.0009,0.0001,0.0014,0.0004,0.0015,Machinery Fault,0.5613,0.5613,0.0010,0.0202,0.0081,0.1278,0.0150,0.0389,0.1157,0.0034,0.1084,match,Uncertain Result,0.4263,0.9843,0.4335,no,Good,High,raised,required,low_confidence,Machinery Fault,Manual Review Required,True,True,sent to review,,1337.328,45.649,1417.304
SS-MAC-0101,SS-MAC-0101.wav,Machinery Fault,Machinery Fault,0.9868,0.9868,0.0003,0.0013,0.0006,0.0017,0.0023,0.0003,0.0007,0.0001,0.0059,Machinery Fault,0.9146,0.9146,0.0008,0.0068,0.0047,0.0021,0.0292,0.0004,0.0027,0.0000,0.0387,match,Acceptable Match,0.0722,0.9809,0.8758,no,Good,High,raised,not required,,Machinery Fault,Likely Valid,True,True,correct,,2608.859,68.62,2797.286
SS-MAC-0112,SS-MAC-0112.wav,Machinery Fault,Machinery Fault,0.9954,0.9954,0.0002,0.0004,0.0006,0.0015,0.0004,0.0000,0.0003,0.0000,0.0010,Background Noise,0.6512,0.2339,0.0037,0.0012,0.0056,0.0354,0.0683,0.0000,0.0007,0.0000,0.6512,mismatch,Model Disagreement,0.3443,0.9939,0.4173,no,Good,High,none,required,model_disagreement; low_confidence,Machinery Fault,Manual Review Required,True,False,sent to review,Python Machinery Fault (1.00) vs GTM Background Noise (0.65); Python correct. True class Machinery Fault ranked #1 by Python and #2 by GTM.,1296.71,60.141,1394.848
SS-MAC-0526,SS-MAC-0526.wav,Machinery Fault,Machinery Fault,0.6258,0.6258,0.0031,0.0071,0.0072,0.0340,0.0017,0.0046,0.0026,0.0020,0.3119,Background Noise,0.6078,0.1419,0.0019,0.0035,0.0446,0.0005,0.0754,0.0087,0.1125,0.0031,0.6078,mismatch,Model Disagreement,0.0180,0.3139,0.4658,no,Good,High,none,required,model_disagreement; low_confidence,Machinery Fault,Manual Review Required,True,False,sent to review,Python Machinery Fault (0.63) vs GTM Background Noise (0.61); Python correct. True class Machinery Fault ranked #1 by Python and #2 by GTM.,1577.408,69.304,1694.828
SS-MAC-0541,SS-MAC-0541.wav,Machinery Fault,Machinery Fault,0.9836,0.9836,0.0070,0.0036,0.0005,0.0015,0.0004,0.0005,0.0008,0.0000,0.0020,Machinery Fault,0.3869,0.3869,0.0028,0.0149,0.2402,0.0420,0.0122,0.0506,0.2344,0.0037,0.0124,match,Uncertain Result,0.5967,0.9767,0.1467,no,Good,High,raised,required,low_confidence,Machinery Fault,Manual Review Required,True,True,sent to review,,1242.088,58.337,1356.585
SS-MAC-0542,SS-MAC-0542.wav,Machinery Fault,Machinery Fault,0.9729,0.9729,0.0012,0.0105,0.0043,0.0021,0.0002,0.0029,0.0002,0.0004,0.0051,Machinery Fault,0.6486,0.6486,0.0124,0.1227,0.0855,0.0550,0.0016,0.0073,0.0356,0.0288,0.0025,match,Weak Match,0.3243,0.9624,0.5259,no,Good,High,raised,required,low_confidence,Machinery Fault,Manual Review Required,True,True,sent to review,,1333.983,55.536,1437.369
SS-MAC-0544,SS-MAC-0544.wav,Machinery Fault,Machinery Fault,0.9851,0.9851,0.0064,0.0021,0.0001,0.0003,0.0003,0.0006,0.0043,0.0000,0.0007,Panic Scream,0.2974,0.0411,0.0095,0.0789,0.1055,0.2238,0.0094,0.2974,0.1494,0.0029,0.0822,mismatch,Uncertain Result,0.6877,0.9787,0.0736,no,Good,High,none,required,model_disagreement; low_confidence,Machinery Fault,Manual Review Required,True,False,sent to review,Python Machinery Fault (0.99) vs GTM Panic Scream (0.30); Python correct. True class Machinery Fault ranked #1 by Python and #7 by GTM.,1239.168,55.31,1341.912
SS-MAC-0545,SS-MAC-0545.wav,Machinery Fault,Machinery Fault,0.9856,0.9856,0.0076,0.0011,0.0003,0.0016,0.0002,0.0001,0.0031,0.0002,0.0002,Machinery Fault,0.4594,0.4594,0.0034,0.0058,0.0293,0.3644,0.0574,0.0054,0.0312,0.0007,0.0429,match,Uncertain Result,0.5262,0.9781,0.0950,no,Good,High,raised,required,low_confidence,Machinery Fault,Manual Review Required,True,True,sent to review,,1284.482,51.415,1386.13
SS-MAC-0549,SS-MAC-0549.wav,Machinery Fault,Machinery Fault,0.9748,0.9748,0.0022,0.0070,0.0056,0.0041,0.0008,0.0009,0.0026,0.0002,0.0018,Machinery Fault,0.6865,0.6865,0.0158,0.1346,0.0184,0.0586,0.0284,0.0086,0.0055,0.0008,0.0427,match,Weak Match,0.2883,0.9678,0.5519,no,Good,High,raised,required,low_confidence,Machinery Fault,Manual Review Required,True,True,sent to review,,1360.329,66.375,1477.374
SS-MAC-0550,SS-MAC-0550.wav,Machinery Fault,Machinery Fault,0.9861,0.9861,0.0028,0.0036,0.0004,0.0006,0.0004,0.0001,0.0006,0.0000,0.0054,Background Noise,0.5032,0.2412,0.0188,0.0056,0.0678,0.0065,0.1082,0.0015,0.0262,0.0209,0.5032,mismatch,Uncertain Result,0.4830,0.9808,0.2619,no,Acceptable,High,none,required,model_disagreement; low_confidence,Machinery Fault,Manual Review Required,True,False,sent to review,Python Machinery Fault (0.99) vs GTM Background Noise (0.50); Python correct. True class Machinery Fault ranked #1 by Python and #2 by GTM.,1399.326,63.491,1509.798
SS-MAC-0551,SS-MAC-0551.wav,Machinery Fault,Machinery Fault,0.9672,0.9672,0.0005,0.0026,0.0135,0.0019,0.0004,0.0020,0.0049,0.0001,0.0068,Machinery Fault,0.6899,0.6899,0.0134,0.0034,0.0444,0.0223,0.0461,0.0034,0.0238,0.0023,0.1510,match,Weak Match,0.2773,0.9537,0.5389,no,Good,High,raised,required,low_confidence,Machinery Fault,Manual Review Required,True,True,sent to review,,1448.587,55.074,1551.909
SS-MAC-0552,SS-MAC-0552.wav,Machinery Fault,Machinery Fault,0.9928,0.9928,0.0005,0.0008,0.0017,0.0009,0.0004,0.0003,0.0016,0.0001,0.0008,Machinery Fault,0.7078,0.7078,0.0306,0.1496,0.0026,0.0787,0.0033,0.0002,0.0101,0.0034,0.0137,match,Weak Match,0.2850,0.9912,0.5582,no,Good,High,raised,required,low_confidence,Machinery Fault,Manual Review Required,True,True,sent to review,,1393.313,67.219,1506.312
SS-MAC-0555,SS-MAC-0555.wav,Machinery Fault,Machinery Fault,0.9906,0.9906,0.0005,0.0013,0.0031,0.0012,0.0006,0.0001,0.0001,0.0000,0.0027,Machinery Fault,0.3066,0.3066,0.0164,0.0198,0.1694,0.0363,0.0420,0.0652,0.1008,0.1243,0.1193,match,Uncertain Result,0.6840,0.9875,0.1371,no,Good,High,raised,required,low_confidence,Machinery Fault,Manual Review Required,True,True,sent to review,,1397.389,54.934,1501.232
SS-MAC-0556,SS-MAC-0556.wav,Machinery Fault,Machinery Fault,0.7375,0.7375,0.0047,0.0371,0.1199,0.0173,0.0277,0.0023,0.0137,0.0002,0.0398,Machinery Fault,0.5508,0.5508,0.0294,0.0082,0.0438,0.0696,0.0300,0.0587,0.0756,0.0467,0.0872,match,Uncertain Result,0.1867,0.6176,0.4636,no,Good,High,raised,required,low_confidence,Machinery Fault,Manual Review Required,True,True,sent to review,,1264.563,60.989,1382.903
SS-MAC-0559,SS-MAC-0559.wav,Machinery Fault,Machinery Fault,0.9936,0.9936,0.0001,0.0004,0.0008,0.0023,0.0005,0.0000,0.0000,0.0000,0.0022,Machinery Fault,0.7056,0.7056,0.0016,0.0311,0.0597,0.0061,0.0314,0.0033,0.0111,0.0000,0.1501,match,Weak Match,0.2879,0.9912,0.5555,no,Acceptable,High,raised,required,low_confidence,Machinery Fault,Manual Review Required,True,True,sent to review,,1339.18,52.098,1440.052
SS-MAC-0563,SS-MAC-0563.wav,Machinery Fault,Machinery Fault,0.9212,0.9212,0.0032,0.0059,0.0053,0.0128,0.0004,0.0011,0.0195,0.0007,0.0300,Machinery Fault,0.4223,0.4223,0.0012,0.0022,0.0098,0.0211,0.1744,0.0006,0.2281,0.0007,0.1397,match,Uncertain Result,0.4988,0.8912,0.1942,no,Good,High,raised,required,low_confidence,Machinery Fault,Manual Review Required,True,True,sent to review,,1271.638,58.346,1379.177
SS-MAC-0571,SS-MAC-0571.wav,Machinery Fault,Machinery Fault,0.9801,0.9801,0.0087,0.0021,0.0005,0.0037,0.0002,0.0017,0.0017,0.0000,0.0013,Animal Sound,0.3583,0.2838,0.0128,0.1960,0.0034,0.3583,0.0058,0.0065,0.0881,0.0039,0.0415,mismatch,Uncertain Result,0.6218,0.9714,0.0745,no,Good,High,none,required,model_disagreement; low_confidence,Machinery Fault,Manual Review Required,True,False,sent to review,Python Machinery Fault (0.98) vs GTM Animal Sound (0.36); Python correct. True class Machinery Fault ranked #1 by Python and #2 by GTM.,1335.684,52.022,1439.375
SS-MAC-0580,SS-MAC-0580.wav,Machinery Fault,Machinery Fault,0.9965,0.9965,0.0002,0.0002,0.0003,0.0020,0.0000,0.0002,0.0001,0.0000,0.0004,Machinery Fault,0.5516,0.5516,0.0354,0.0632,0.1736,0.0142,0.0069,0.1137,0.0223,0.0050,0.0142,match,Uncertain Result,0.4450,0.9946,0.3779,no,Good,High,raised,required,low_confidence,Machinery Fault,Manual Review Required,True,True,sent to review,,1268.526,56.105,1375.694
SS-MAC-0581,SS-MAC-0581.wav,Machinery Fault,Machinery Fault,0.9829,0.9829,0.0044,0.0061,0.0008,0.0032,0.0003,0.0003,0.0005,0.0001,0.0015,Machinery Fault,0.5758,0.5758,0.0060,0.0225,0.0749,0.0178,0.0788,0.1882,0.0078,0.0099,0.0181,match,Uncertain Result,0.4071,0.9767,0.3875,no,Good,High,raised,required,low_confidence,Machinery Fault,Manual Review Required,True,True,sent to review,,1357.356,59.462,1469.619
SS-MAC-0601,SS-MAC-0601.wav,Machinery Fault,Machinery Fault,0.9942,0.9942,0.0002,0.0005,0.0006,0.0024,0.0001,0.0002,0.0004,0.0000,0.0014,Machinery Fault,0.6009,0.6009,0.0347,0.0163,0.0136,0.0480,0.0009,0.0340,0.1957,0.0003,0.0555,match,Weak Match,0.3933,0.9918,0.4052,no,Good,High,raised,required,low_confidence,Machinery Fault,Manual Review Required,True,True,sent to review,,1233.294,53.082,1334.076
SS-MAC-0613,SS-MAC-0613.wav,Machinery Fault,Machinery Fault,0.9969,0.9969,0.0003,0.0003,0.0002,0.0013,0.0001,0.0001,0.0000,0.0000,0.0008,Machinery Fault,0.6514,0.6514,0.0024,0.1888,0.0580,0.0055,0.0278,0.0044,0.0112,0.0000,0.0506,match,Weak Match,0.3455,0.9956,0.4627,no,Good,High,raised,required,low_confidence,Machinery Fault,Manual Review Required,True,True,sent to review,,1352.553,55.376,1455.681
SS-MAC-0617,SS-MAC-0617.wav,Machinery Fault,Machinery Fault,0.9965,0.9965,0.0000,0.0000,0.0001,0.0004,0.0001,0.0001,0.0000,0.0000,0.0028,Background Noise,0.4775,0.4167,0.0008,0.0118,0.0257,0.0265,0.0383,0.0003,0.0024,0.0001,0.4775,mismatch,Uncertain Result,0.5190,0.9937,0.0608,no,Good,High,none,required,model_disagreement; low_confidence,Machinery Fault,Manual Review Required,True,False,sent to review,Python Machinery Fault (1.00) vs GTM Background Noise (0.48); Python correct. True class Machinery Fault ranked #1 by Python and #2 by GTM.,1293.298,57.723,1398.066
SS-MAC-0625,SS-MAC-0625.wav,Machinery Fault,Machinery Fault,0.9873,0.9873,0.0005,0.0023,0.0038,0.0026,0.0009,0.0001,0.0011,0.0001,0.0012,Machinery Fault,0.8781,0.8781,0.0014,0.0049,0.0266,0.0168,0.0192,0.0008,0.0030,0.0000,0.0492,match,Acceptable Match,0.1092,0.9836,0.8289,no,Acceptable,High,raised,not required,,Machinery Fault,Likely Valid,True,True,correct,,1371.972,58.685,1477.869
SS-MAC-0637,SS-MAC-0637.wav,Machinery Fault,Machinery Fault,0.9671,0.9671,0.0008,0.0138,0.0007,0.0066,0.0014,0.0003,0.0002,0.0001,0.0089,Glass Breaking,0.5066,0.0254,0.5066,0.3131,0.0024,0.0058,0.0001,0.0000,0.0032,0.0000,0.1434,mismatch,Uncertain Result,0.4605,0.9533,0.1935,no,Acceptable,High,none,required,model_disagreement; low_confidence,Machinery Fault,Manual Review Required,True,False,sent to review,Python Machinery Fault (0.97) vs GTM Glass Breaking (0.51); Python correct. True class Machinery Fault ranked #1 by Python and #4 by GTM.,1344.985,52.088,1447.804
SS-MAC-0638,SS-MAC-0638.wav,Machinery Fault,Machinery Fault,0.5725,0.5725,0.0022,0.1172,0.2952,0.0023,0.0022,0.0002,0.0026,0.0001,0.0056,Machinery Fault,0.4763,0.4763,0.0012,0.1385,0.0913,0.0101,0.0879,0.0217,0.0165,0.0002,0.1563,match,Uncertain Result,0.0962,0.2773,0.3199,yes,Good,High,none,required,low_confidence; overlapping_sounds; unsupported_sound_pattern,Machinery Fault,Manual Review Required,True,True,sent to review,,1331.173,52.389,1430.413
SS-MAC-0639,SS-MAC-0639.wav,Machinery Fault,Machinery Fault,0.6215,0.6215,0.0025,0.1442,0.1756,0.0299,0.0037,0.0005,0.0062,0.0002,0.0155,Machinery Fault,0.6614,0.6614,0.0004,0.1793,0.0207,0.0082,0.0226,0.0045,0.0032,0.0000,0.0996,match,Strong Match,0.0399,0.4460,0.4821,no,Good,High,raised,required,low_confidence,Machinery Fault,Manual Review Required,True,True,sent to review,,1224.957,54.097,1336.503
SS-MAC-0640,SS-MAC-0640.wav,Machinery Fault,Machinery Fault,0.3765,0.3765,0.0288,0.1099,0.0433,0.0142,0.0500,0.0091,0.0381,0.0034,0.3268,Machinery Fault,0.4060,0.4060,0.0012,0.0277,0.0766,0.0879,0.0690,0.0059,0.0126,0.0002,0.3130,match,Uncertain Result,0.0295,0.0497,0.0930,yes,Good,High,none,required,low_confidence; similar_top_classes; overlapping_sounds; unsupported_sound_pattern,Machinery Fault,Manual Review Required,True,True,sent to review,,1306.82,53.036,1406.558
SS-MAC-0650,SS-MAC-0650.wav,Machinery Fault,Machinery Fault,0.9970,0.9970,0.0001,0.0006,0.0002,0.0005,0.0000,0.0001,0.0001,0.0000,0.0014,Machinery Fault,0.7079,0.7079,0.0059,0.0151,0.1492,0.0037,0.0327,0.0053,0.0063,0.0208,0.0532,match,Weak Match,0.2892,0.9957,0.5586,no,Good,High,raised,required,low_confidence,Machinery Fault,Manual Review Required,True,True,sent to review,,1194.639,52.991,1293.102
SS-MAC-0651,SS-MAC-0651.wav,Machinery Fault,Machinery Fault,0.6541,0.6541,0.0359,0.0035,0.0042,0.0103,0.0003,0.0269,0.0099,0.0022,0.2526,Person Asking for Help,0.4042,0.3913,0.0034,0.0040,0.1073,0.0041,0.0002,0.0634,0.0147,0.4042,0.0075,mismatch,Uncertain Result,0.2499,0.4015,0.0129,no,Good,High,none,required,model_disagreement; low_confidence,Machinery Fault,Manual Review Required,True,False,sent to review,Python Machinery Fault (0.65) vs GTM Person Asking for Help (0.40); Python correct. True class Machinery Fault ranked #1 by Python and #2 by GTM.,1272.291,64.378,1385.379
SS-MAC-0658,SS-MAC-0658.wav,Machinery Fault,Machinery Fault,0.9073,0.9073,0.0397,0.0251,0.0033,0.0062,0.0040,0.0021,0.0023,0.0001,0.0099,Machinery Fault,0.2973,0.2973,0.0062,0.1064,0.0858,0.1133,0.0307,0.2678,0.0358,0.0004,0.0562,match,Uncertain Result,0.6100,0.8676,0.0295,no,Acceptable,High,raised,required,low_confidence,Machinery Fault,Manual Review Required,True,True,sent to review,,1442.349,52.295,1550.785
SS-MAC-0659,SS-MAC-0659.wav,Machinery Fault,Machinery Fault,0.9976,0.9976,0.0007,0.0003,0.0001,0.0003,0.0001,0.0004,0.0002,0.0000,0.0004,Machinery Fault,0.5482,0.5482,0.0930,0.0358,0.0500,0.0038,0.0023,0.0797,0.0351,0.0010,0.1511,match,Uncertain Result,0.4493,0.9969,0.3972,no,Acceptable,High,raised,required,low_confidence,Machinery Fault,Manual Review Required,True,True,sent to review,,1210.983,61.491,1325.195
SS-MAC-0678,SS-MAC-0678.wav,Machinery Fault,Machinery Fault,0.9809,0.9809,0.0005,0.0024,0.0020,0.0052,0.0012,0.0002,0.0002,0.0001,0.0073,Machinery Fault,0.5890,0.5890,0.0185,0.0451,0.0022,0.0277,0.2031,0.0027,0.0211,0.0000,0.0907,match,Uncertain Result,0.3919,0.9737,0.3859,no,Good,High,raised,required,low_confidence,Machinery Fault,Manual Review Required,True,True,sent to review,,1274.145,70.838,1398.303
SS-SCR-0009,SS-SCR-0009.wav,Panic Scream,Panic Scream,0.9988,0.0000,0.0000,0.0001,0.0000,0.0003,0.0000,0.9988,0.0007,0.0000,0.0000,Vehicle Horn,0.9344,0.0001,0.0003,0.0184,0.9344,0.0070,0.0000,0.0349,0.0000,0.0048,0.0000,mismatch,Model Disagreement,0.0644,0.9981,0.8995,no,Good,Critical,none,required,model_disagreement; critical_without_agreement,Panic Scream,Manual Review Required,True,False,sent to review,Python Panic Scream (1.00) vs GTM Vehicle Horn (0.93); Python correct. True class Panic Scream ranked #1 by Python and #2 by GTM.,1202.145,42.469,1267.553
SS-SCR-0024,SS-SCR-0024.wav,Panic Scream,Panic Scream,0.9960,0.0001,0.0001,0.0002,0.0000,0.0009,0.0001,0.9960,0.0023,0.0001,0.0001,Gunshot,0.7647,0.0009,0.1377,0.0015,0.0478,0.0028,0.7647,0.0327,0.0048,0.0066,0.0004,mismatch,Model Disagreement,0.2313,0.9937,0.6269,no,Good,Critical,none,required,model_disagreement; critical_without_agreement,Panic Scream,Manual Review Required,True,False,sent to review,Python Panic Scream (1.00) vs GTM Gunshot (0.76); Python correct. True class Panic Scream ranked #1 by Python and #4 by GTM.,1336.452,46.102,1397.943
SS-SCR-0029,SS-SCR-0029.wav,Panic Scream,Aggression,0.9205,0.0003,0.0001,0.0012,0.0003,0.0002,0.0001,0.0767,0.9205,0.0003,0.0003,Animal Sound,0.3197,0.0372,0.0559,0.0200,0.0151,0.3197,0.0012,0.2196,0.2185,0.0820,0.0309,mismatch,Uncertain Result,0.6008,0.8438,0.1001,no,Good,High,none,required,model_disagreement; low_confidence; critical_without_agreement; possible_false_alarm,Aggression,Manual Review Required,False,False,sent to review,Python Aggression (0.92) vs GTM Animal Sound (0.32); neither model correct. True class Panic Scream ranked #2 by Python and #2 by GTM.,1272.552,46.841,1371.604
SS-SCR-0038,SS-SCR-0038.wav,Panic Scream,Aggression,0.6163,0.0036,0.0014,0.0010,0.0004,0.0007,0.0007,0.3732,0.6163,0.0011,0.0017,Aggression,0.4712,0.1242,0.0377,0.1072,0.0217,0.0617,0.0087,0.0711,0.4712,0.0579,0.0386,match,Uncertain Result,0.1451,0.2431,0.3469,yes,Good,High,raised,required,low_confidence; overlapping_sounds; critical_without_agreement,Aggression,Manual Review Required,False,False,sent to review,Both models chose Aggression (true class Panic Scream); the true class was Python's #2 and GTM's #4 choice.,1363.897,65.877,1502.472
SS-SCR-0041,SS-SCR-0041.wav,Panic Scream,Panic Scream,0.5222,0.0024,0.0090,0.0008,0.0025,0.0170,0.0003,0.5222,0.4441,0.0000,0.0016,Panic Scream,0.4701,0.0383,0.0187,0.0795,0.0169,0.1611,0.0399,0.4701,0.1508,0.0080,0.0167,match,Uncertain Result,0.0522,0.0782,0.3090,yes,Good,Critical,none,required,low_confidence; similar_top_classes; overlapping_sounds; unsupported_sound_pattern; critical_without_agreement; possible_false_alarm,Panic Scream,Manual Review Required,True,True,sent to review,,1264.863,70.853,1450.52
SS-SCR-0043,SS-SCR-0043.wav,Panic Scream,Panic Scream,0.8869,0.0064,0.0023,0.0083,0.0037,0.0768,0.0021,0.8869,0.0109,0.0007,0.0017,Vehicle Horn,0.3783,0.0043,0.0642,0.0431,0.3783,0.0375,0.1755,0.2612,0.0270,0.0054,0.0034,mismatch,Uncertain Result,0.5087,0.8101,0.1171,no,Acceptable,Critical,none,required,model_disagreement; low_confidence; critical_without_agreement; possible_false_alarm,Panic Scream,Manual Review Required,True,False,sent to review,Python Panic Scream (0.89) vs GTM Vehicle Horn (0.38); Python correct. True class Panic Scream ranked #1 by Python and #2 by GTM.,1330.885,41.956,1385.153
SS-SCR-0064,SS-SCR-0064.wav,Panic Scream,Panic Scream,0.9600,0.0004,0.0000,0.0007,0.0001,0.0001,0.0000,0.9600,0.0387,0.0000,0.0001,Panic Scream,0.9153,0.0035,0.0048,0.0136,0.0515,0.0032,0.0003,0.9153,0.0069,0.0000,0.0008,match,Strong Match,0.0446,0.9213,0.8638,no,Good,Critical,raised,not required,,Panic Scream,Likely Valid,True,True,correct,,1228.881,51.994,1339.472
SS-SCR-0066,SS-SCR-0066.wav,Panic Scream,Aggression,0.4191,0.0099,0.0052,0.0016,0.0054,0.4093,0.0008,0.1447,0.4191,0.0004,0.0038,Animal Sound,0.8759,0.0006,0.0007,0.0182,0.0354,0.8759,0.0155,0.0119,0.0406,0.0000,0.0012,mismatch,Uncertain Result,0.4568,0.0099,0.8354,no,Acceptable,High,none,required,model_disagreement; low_confidence; similar_top_classes; critical_without_agreement; possible_false_alarm,Aggression,Manual Review Required,False,False,sent to review,Python Aggression (0.42) vs GTM Animal Sound (0.88); neither model correct. True class Panic Scream ranked #3 by Python and #6 by GTM.,1302.425,54.871,1371.04
SS-SCR-0083,SS-SCR-0083.wav,Panic Scream,Panic Scream,0.8285,0.0397,0.0031,0.0051,0.0162,0.0185,0.0019,0.8285,0.0185,0.0003,0.0681,Machinery Fault,0.2040,0.2040,0.0107,0.1402,0.0643,0.1285,0.0568,0.1561,0.1239,0.0639,0.0518,mismatch,Uncertain Result,0.6246,0.7604,0.0479,no,Good,Critical,none,required,model_disagreement; low_confidence; critical_without_agreement; possible_false_alarm,Panic Scream,Manual Review Required,True,False,sent to review,Python Panic Scream (0.83) vs GTM Machinery Fault (0.20); Python correct. True class Panic Scream ranked #1 by Python and #2 by GTM.,4146.547,131.596,4543.81
SS-SCR-0089,SS-SCR-0089.wav,Panic Scream,Panic Scream,0.8580,0.0007,0.0013,0.0008,0.0003,0.0008,0.0033,0.8580,0.1344,0.0000,0.0004,Panic Scream,0.5140,0.1587,0.0471,0.0109,0.1082,0.0166,0.0162,0.5140,0.1191,0.0019,0.0073,match,Uncertain Result,0.3440,0.7236,0.3553,no,Good,Critical,raised,required,low_confidence; critical_without_agreement; possible_false_alarm,Panic Scream,Manual Review Required,True,True,sent to review,,1325.344,75.685,1487.21
SS-SCR-0503,SS-SCR-0503.wav,Panic Scream,Panic Scream,0.7877,0.0006,0.0013,0.0010,0.0003,0.0059,0.0004,0.7877,0.2026,0.0002,0.0002,Panic Scream,0.3015,0.0288,0.1573,0.0490,0.1383,0.0060,0.2588,0.3015,0.0232,0.0212,0.0159,match,Uncertain Result,0.4862,0.5850,0.0427,no,Acceptable,Critical,raised,required,low_confidence; critical_without_agreement; possible_false_alarm,Panic Scream,Manual Review Required,True,True,sent to review,,1627.619,49.16,1691.875
SS-SCR-0518,SS-SCR-0518.wav,Panic Scream,Panic Scream,0.9037,0.0020,0.0025,0.0122,0.0007,0.0684,0.0041,0.9037,0.0047,0.0004,0.0014,Alarm or Siren,0.5016,0.0310,0.0005,0.5016,0.0448,0.0155,0.0024,0.3819,0.0110,0.0000,0.0113,mismatch,Uncertain Result,0.4021,0.8352,0.1197,no,Good,Critical,none,required,model_disagreement; low_confidence; critical_without_agreement; possible_false_alarm,Panic Scream,Manual Review Required,True,False,sent to review,Python Panic Scream (0.90) vs GTM Alarm or Siren (0.50); Python correct. True class Panic Scream ranked #1 by Python and #2 by GTM.,1428.16,62.822,1512.382
SS-SCR-0520,SS-SCR-0520.wav,Panic Scream,Panic Scream,0.9510,0.0004,0.0001,0.0001,0.0000,0.0000,0.0000,0.9510,0.0483,0.0000,0.0001,Panic Scream,0.4577,0.0120,0.0048,0.0051,0.1593,0.0187,0.0004,0.4577,0.2498,0.0921,0.0000,match,Uncertain Result,0.4933,0.9027,0.2079,no,Good,Critical,raised,required,low_confidence; critical_without_agreement; possible_false_alarm,Panic Scream,Manual Review Required,True,True,sent to review,,1328.766,58.121,1426.389
SS-SCR-0522,SS-SCR-0522.wav,Panic Scream,Aggression,0.6769,0.0005,0.0005,0.0002,0.0001,0.0004,0.0001,0.3210,0.6769,0.0001,0.0001,Panic Scream,0.9904,0.0003,0.0000,0.0062,0.0002,0.0021,0.0000,0.9904,0.0008,0.0000,0.0000,mismatch,Model Disagreement,0.3135,0.3559,0.9843,no,Good,High,none,required,model_disagreement; low_confidence; critical_without_agreement; possible_false_alarm,Aggression,Manual Review Required,False,True,sent to review,Python Aggression (0.68) vs GTM Panic Scream (0.99); GTM correct. True class Panic Scream ranked #2 by Python and #1 by GTM.,1460.208,40.518,1519.876
SS-SCR-0525,SS-SCR-0525.wav,Panic Scream,Animal Sound,0.4819,0.0046,0.0003,0.0012,0.0004,0.4819,0.0003,0.4601,0.0485,0.0014,0.0012,Vehicle Horn,0.5520,0.0000,0.0000,0.0021,0.5520,0.4458,0.0000,0.0001,0.0000,0.0000,0.0000,mismatch,Uncertain Result,0.0701,0.0218,0.1062,no,Good,Low,none,required,model_disagreement; low_confidence; similar_top_classes; unsupported_sound_pattern,Animal Sound,Manual Review Required,False,False,sent to review,Python Animal Sound (0.48) vs GTM Vehicle Horn (0.55); neither model correct. True class Panic Scream ranked #2 by Python and #4 by GTM.,1419.973,46.656,1488.226
SS-SCR-0528,SS-SCR-0528.wav,Panic Scream,Panic Scream,0.9924,0.0017,0.0003,0.0010,0.0002,0.0008,0.0000,0.9924,0.0033,0.0001,0.0002,Panic Scream,0.9893,0.0000,0.0000,0.0000,0.0000,0.0107,0.0000,0.9893,0.0000,0.0000,0.0000,match,Strong Match,0.0031,0.9891,0.9787,no,Good,Critical,raised,not required,,Panic Scream,Likely Valid,True,True,correct,,1456.785,41.439,1522.161
SS-SCR-0529,SS-SCR-0529.wav,Panic Scream,Panic Scream,0.7657,0.0021,0.0023,0.0026,0.0003,0.0028,0.1753,0.7657,0.0450,0.0002,0.0036,Panic Scream,0.3747,0.0728,0.0124,0.2741,0.0199,0.0966,0.0227,0.3747,0.0922,0.0002,0.0344,match,Uncertain Result,0.3910,0.5905,0.1006,no,Acceptable,Critical,raised,required,low_confidence; critical_without_agreement; possible_false_alarm,Panic Scream,Manual Review Required,True,True,sent to review,,1465.379,59.902,1586.438
SS-SCR-0535,SS-SCR-0535.wav,Panic Scream,Panic Scream,0.9884,0.0001,0.0001,0.0006,0.0000,0.0005,0.0000,0.9884,0.0102,0.0000,0.0001,Panic Scream,0.7759,0.0077,0.0001,0.0569,0.0160,0.0771,0.0001,0.7759,0.0655,0.0000,0.0007,match,Weak Match,0.2126,0.9783,0.6988,no,Good,Critical,raised,required,critical_without_agreement,Panic Scream,Manual Review Required,True,True,sent to review,,1479.256,49.347,1573.974
SS-SCR-0540,SS-SCR-0540.wav,Panic Scream,Panic Scream,0.9859,0.0020,0.0002,0.0019,0.0001,0.0056,0.0001,0.9859,0.0024,0.0001,0.0016,Panic Scream,0.8450,0.0075,0.0102,0.0479,0.0195,0.0106,0.0002,0.8450,0.0518,0.0000,0.0074,match,Acceptable Match,0.1409,0.9802,0.7932,no,Good,Critical,raised,not required,,Panic Scream,Likely Valid,True,True,correct,,1272.617,50.92,1370.397
SS-SCR-0547,SS-SCR-0547.wav,Panic Scream,Panic Scream,0.9699,0.0003,0.0001,0.0002,0.0001,0.0007,0.0001,0.9699,0.0284,0.0001,0.0001,Gunshot,0.6464,0.0011,0.0183,0.0055,0.0178,0.0008,0.6464,0.2907,0.0186,0.0006,0.0003,mismatch,Model Disagreement,0.3235,0.9415,0.3557,no,Acceptable,Critical,none,required,model_disagreement; low_confidence; critical_without_agreement; possible_false_alarm,Panic Scream,Manual Review Required,True,False,sent to review,Python Panic Scream (0.97) vs GTM Gunshot (0.65); Python correct. True class Panic Scream ranked #1 by Python and #2 by GTM.,1503.67,43.847,1558.946
SS-SCR-0566,SS-SCR-0566.wav,Panic Scream,Panic Scream,0.9644,0.0001,0.0000,0.0002,0.0001,0.0033,0.0000,0.9644,0.0314,0.0001,0.0003,Panic Scream,0.6751,0.0018,0.0000,0.0896,0.0065,0.0033,0.0000,0.6751,0.2062,0.0000,0.0175,match,Weak Match,0.2893,0.9330,0.4689,no,Good,Critical,raised,required,low_confidence; critical_without_agreement; possible_false_alarm,Panic Scream,Manual Review Required,True,True,sent to review,,1298.03,64.002,1389.99
SS-SCR-0568,SS-SCR-0568.wav,Panic Scream,Panic Scream,0.9933,0.0000,0.0001,0.0001,0.0000,0.0033,0.0000,0.9933,0.0030,0.0000,0.0001,Panic Scream,0.9530,0.0010,0.0024,0.0017,0.0031,0.0161,0.0001,0.9530,0.0003,0.0000,0.0223,match,Strong Match,0.0403,0.9900,0.9307,no,Good,Critical,raised,not required,,Panic Scream,Likely Valid,True,True,correct,,1484.917,47.212,1562.956
SS-SCR-0571,SS-SCR-0571.wav,Panic Scream,Panic Scream,0.9159,0.0001,0.0002,0.0001,0.0001,0.0001,0.0000,0.9159,0.0833,0.0001,0.0001,Panic Scream,0.9962,0.0003,0.0000,0.0027,0.0000,0.0000,0.0000,0.9962,0.0006,0.0000,0.0002,match,Acceptable Match,0.0803,0.8325,0.9935,no,Good,Critical,raised,not required,,Panic Scream,Likely Valid,True,True,correct,,1315.584,86.946,1423.077
SS-SCR-0572,SS-SCR-0572.wav,Panic Scream,Panic Scream,0.9928,0.0001,0.0003,0.0002,0.0000,0.0036,0.0000,0.9928,0.0029,0.0001,0.0001,Glass Breaking,0.4967,0.0000,0.4967,0.4072,0.0902,0.0003,0.0000,0.0056,0.0000,0.0001,0.0000,mismatch,Uncertain Result,0.4961,0.9892,0.0895,no,Good,Critical,none,required,model_disagreement; low_confidence; critical_without_agreement; possible_false_alarm,Panic Scream,Manual Review Required,True,False,sent to review,Python Panic Scream (0.99) vs GTM Glass Breaking (0.50); Python correct. True class Panic Scream ranked #1 by Python and #4 by GTM.,1476.062,52.705,1551.701
SS-SCR-0576,SS-SCR-0576.wav,Panic Scream,Panic Scream,0.8182,0.0002,0.0001,0.0005,0.0004,0.0022,0.0000,0.8182,0.1775,0.0001,0.0007,Aggression,0.5397,0.0001,0.0000,0.0077,0.0000,0.4363,0.0000,0.0161,0.5397,0.0001,0.0000,mismatch,Uncertain Result,0.2785,0.6407,0.1034,no,Good,Critical,none,required,model_disagreement; low_confidence; critical_without_agreement; possible_false_alarm,Panic Scream,Manual Review Required,True,False,sent to review,Python Panic Scream (0.82) vs GTM Aggression (0.54); Python correct. True class Panic Scream ranked #1 by Python and #3 by GTM.,1372.914,48.607,1441.497
SS-SCR-0581,SS-SCR-0581.wav,Panic Scream,Panic Scream,0.8560,0.0020,0.0018,0.0028,0.0004,0.0006,0.0013,0.8560,0.1347,0.0001,0.0004,Panic Scream,0.3260,0.0736,0.1554,0.0619,0.0995,0.0535,0.1190,0.3260,0.0599,0.0271,0.0242,match,Uncertain Result,0.5300,0.7213,0.1706,no,Poor,Critical,none,required,low_confidence; poor_audio_quality; critical_without_agreement; possible_false_alarm,Panic Scream,Manual Review Required,True,True,sent to review,,1443.373,47.56,1502.993
SS-SCR-0589,SS-SCR-0589.wav,Panic Scream,Panic Scream,0.9959,0.0002,0.0005,0.0004,0.0001,0.0007,0.0000,0.9959,0.0022,0.0000,0.0000,Panic Scream,0.8250,0.0000,0.0086,0.1549,0.0011,0.0099,0.0000,0.8250,0.0005,0.0000,0.0000,match,Weak Match,0.1709,0.9937,0.6701,no,Good,Critical,raised,required,critical_without_agreement,Panic Scream,Manual Review Required,True,True,sent to review,,1411.353,59.507,1497.124
SS-SCR-0601,SS-SCR-0601.wav,Panic Scream,Panic Scream,0.9652,0.0001,0.0001,0.0002,0.0002,0.0011,0.0000,0.9652,0.0331,0.0000,0.0000,Aggression,0.5202,0.0460,0.0001,0.1586,0.1230,0.0206,0.0003,0.1309,0.5202,0.0002,0.0001,mismatch,Uncertain Result,0.4450,0.9321,0.3616,no,Good,Critical,none,required,model_disagreement; low_confidence; critical_without_agreement; possible_false_alarm,Panic Scream,Manual Review Required,True,False,sent to review,Python Panic Scream (0.97) vs GTM Aggression (0.52); Python correct. True class Panic Scream ranked #1 by Python and #3 by GTM.,1388.664,53.408,1470.785
SS-SCR-0611,SS-SCR-0611.wav,Panic Scream,Animal Sound,0.5056,0.0126,0.0034,0.0245,0.0238,0.5056,0.0034,0.4138,0.0082,0.0028,0.0020,Vehicle Horn,0.4840,0.0059,0.1961,0.0150,0.4840,0.1290,0.0154,0.0330,0.0826,0.0286,0.0104,mismatch,Uncertain Result,0.0216,0.0918,0.2879,no,Acceptable,Low,none,required,model_disagreement; low_confidence; similar_top_classes; unsupported_sound_pattern,Animal Sound,Manual Review Required,False,False,sent to review,Python Animal Sound (0.51) vs GTM Vehicle Horn (0.48); neither model correct. True class Panic Scream ranked #2 by Python and #5 by GTM.,1531.884,53.895,1597.092
SS-SCR-0612,SS-SCR-0612.wav,Panic Scream,Animal Sound,0.6141,0.0003,0.0010,0.0053,0.0002,0.6141,0.0001,0.3764,0.0020,0.0001,0.0004,Panic Scream,0.9632,0.0070,0.0009,0.0006,0.0197,0.0046,0.0000,0.9632,0.0004,0.0010,0.0025,mismatch,Model Disagreement,0.3490,0.2378,0.9434,no,Good,Low,none,required,model_disagreement; low_confidence,Animal Sound,Manual Review Required,False,True,sent to review,Python Animal Sound (0.61) vs GTM Panic Scream (0.96); GTM correct. True class Panic Scream ranked #2 by Python and #1 by GTM.,1483.997,52.76,1555.903
SS-SCR-0629,SS-SCR-0629.wav,Panic Scream,Panic Scream,0.9978,0.0004,0.0002,0.0006,0.0000,0.0001,0.0000,0.9978,0.0007,0.0000,0.0001,Alarm or Siren,0.4941,0.0195,0.0120,0.4941,0.0320,0.1019,0.0074,0.2439,0.0701,0.0011,0.0181,mismatch,Uncertain Result,0.5038,0.9971,0.2501,no,Good,Critical,none,required,model_disagreement; low_confidence; critical_without_agreement; possible_false_alarm,Panic Scream,Manual Review Required,True,False,sent to review,Python Panic Scream (1.00) vs GTM Alarm or Siren (0.49); Python correct. True class Panic Scream ranked #1 by Python and #2 by GTM.,1570.109,68.241,1719.911
SS-SCR-0639,SS-SCR-0639.wav,Panic Scream,Panic Scream,0.6542,0.0051,0.0133,0.0242,0.0025,0.2041,0.0077,0.6542,0.0695,0.0106,0.0088,Machinery Fault,0.2113,0.2113,0.1792,0.0071,0.1341,0.0234,0.0922,0.0677,0.0729,0.0244,0.1876,mismatch,Uncertain Result,0.4429,0.4501,0.0237,no,Acceptable,Critical,none,required,model_disagreement; low_confidence; critical_without_agreement; possible_false_alarm,Panic Scream,Manual Review Required,True,False,sent to review,Python Panic Scream (0.65) vs GTM Machinery Fault (0.21); Python correct. True class Panic Scream ranked #1 by Python and #7 by GTM.,1369.86,47.806,1432.959
SS-SCR-0640,SS-SCR-0640.wav,Panic Scream,Panic Scream,0.9992,0.0000,0.0000,0.0000,0.0000,0.0001,0.0000,0.9992,0.0006,0.0000,0.0000,Panic Scream,0.9999,0.0000,0.0000,0.0000,0.0000,0.0001,0.0000,0.9999,0.0000,0.0000,0.0000,match,Strong Match,0.0007,0.9986,0.9998,no,Good,Critical,raised,not required,,Panic Scream,Likely Valid,True,True,correct,,1295.877,50.335,1368.758
SS-SCR-0647,SS-SCR-0647.wav,Panic Scream,Panic Scream,0.8590,0.0003,0.0001,0.0003,0.0001,0.0018,0.0001,0.8590,0.1374,0.0004,0.0004,Vehicle Horn,0.3147,0.0059,0.0419,0.0419,0.3147,0.0313,0.1941,0.3002,0.0447,0.0201,0.0053,mismatch,Uncertain Result,0.5443,0.7217,0.0145,no,Acceptable,Critical,none,required,model_disagreement; low_confidence; critical_without_agreement; possible_false_alarm,Panic Scream,Manual Review Required,True,False,sent to review,Python Panic Scream (0.86) vs GTM Vehicle Horn (0.31); Python correct. True class Panic Scream ranked #1 by Python and #2 by GTM.,1485.964,48.492,1548.938
SS-SCR-0661,SS-SCR-0661.wav,Panic Scream,Panic Scream,0.7860,0.0029,0.0006,0.0003,0.0003,0.0034,0.0003,0.7860,0.2056,0.0004,0.0002,Gunshot,0.4261,0.0120,0.1187,0.0138,0.2426,0.0231,0.4261,0.1102,0.0443,0.0037,0.0056,mismatch,Uncertain Result,0.3598,0.5804,0.1836,no,Acceptable,Critical,none,required,model_disagreement; low_confidence; critical_without_agreement; possible_false_alarm,Panic Scream,Manual Review Required,True,False,sent to review,Python Panic Scream (0.79) vs GTM Gunshot (0.43); Python correct. True class Panic Scream ranked #1 by Python and #4 by GTM.,1338.789,46.364,1397.705
SS-SCR-0666,SS-SCR-0666.wav,Panic Scream,Panic Scream,0.9087,0.0001,0.0001,0.0002,0.0000,0.0002,0.0001,0.9087,0.0905,0.0000,0.0001,Panic Scream,0.9940,0.0000,0.0000,0.0040,0.0001,0.0000,0.0000,0.9940,0.0018,0.0000,0.0001,match,Acceptable Match,0.0853,0.8182,0.9900,no,Good,Critical,raised,not required,,Panic Scream,Likely Valid,True,True,correct,,1708.318,56.417,1806.616
SS-SCR-0673,SS-SCR-0673.wav,Panic Scream,Panic Scream,0.6961,0.0003,0.0001,0.0014,0.0000,0.0001,0.0001,0.6961,0.3016,0.0002,0.0001,Panic Scream,0.9977,0.0000,0.0000,0.0007,0.0001,0.0000,0.0000,0.9977,0.0015,0.0000,0.0000,match,Weak Match,0.3017,0.3944,0.9963,yes,Good,Critical,raised,required,low_confidence; overlapping_sounds; critical_without_agreement; possible_false_alarm,Panic Scream,Manual Review Required,True,True,sent to review,,1376.723,51.799,1457.954
SS-SCR-0675,SS-SCR-0675.wav,Panic Scream,Panic Scream,0.9863,0.0001,0.0000,0.0006,0.0000,0.0007,0.0000,0.9863,0.0121,0.0000,0.0001,Panic Scream,0.9037,0.0000,0.0000,0.0637,0.0001,0.0003,0.0001,0.9037,0.0309,0.0000,0.0011,match,Acceptable Match,0.0826,0.9742,0.8400,no,Good,Critical,raised,not required,,Panic Scream,Likely Valid,True,True,correct,,1379.356,51.219,1484.678
SS-SCR-0682,SS-SCR-0682.wav,Panic Scream,Panic Scream,0.8852,0.0008,0.0006,0.0008,0.0002,0.0026,0.0004,0.8852,0.1089,0.0002,0.0002,Panic Scream,0.5616,0.0046,0.0082,0.0271,0.1880,0.0348,0.1060,0.5616,0.0522,0.0161,0.0013,match,Uncertain Result,0.3236,0.7763,0.3737,no,Acceptable,Critical,raised,required,low_confidence; critical_without_agreement; possible_false_alarm,Panic Scream,Manual Review Required,True,True,sent to review,,1302.146,64.623,1391.263
SS-SCR-0701,SS-SCR-0701.wav,Panic Scream,Panic Scream,0.9494,0.0021,0.0054,0.0055,0.0021,0.0037,0.0022,0.9494,0.0216,0.0032,0.0048,Panic Scream,0.8310,0.0017,0.0181,0.1346,0.0031,0.0002,0.0007,0.8310,0.0094,0.0000,0.0011,match,Acceptable Match,0.1184,0.9278,0.6964,no,Acceptable,Critical,raised,not required,,Panic Scream,Likely Valid,True,True,correct,,1420.732,45.401,1479.225
SS-SCR-0703,SS-SCR-0703.wav,Panic Scream,Panic Scream,0.8493,0.0048,0.0072,0.0745,0.0057,0.0069,0.0018,0.8493,0.0162,0.0037,0.0300,Machinery Fault,0.3454,0.3454,0.0193,0.0053,0.0909,0.0062,0.0434,0.3312,0.0086,0.0019,0.1477,mismatch,Uncertain Result,0.5038,0.7748,0.0142,no,Acceptable,Critical,none,required,model_disagreement; low_confidence; critical_without_agreement; possible_false_alarm,Panic Scream,Manual Review Required,True,False,sent to review,Python Panic Scream (0.85) vs GTM Machinery Fault (0.35); Python correct. True class Panic Scream ranked #1 by Python and #2 by GTM.,1284.341,47.208,1344.778
SS-SCR-0708,SS-SCR-0708.wav,Panic Scream,Panic Scream,0.9476,0.0053,0.0005,0.0031,0.0002,0.0038,0.0015,0.9476,0.0255,0.0026,0.0098,Machinery Fault,0.5236,0.5236,0.0425,0.0231,0.0101,0.0237,0.0293,0.1483,0.0394,0.0527,0.1074,mismatch,Uncertain Result,0.4240,0.9221,0.3753,no,Acceptable,Critical,none,required,model_disagreement; low_confidence; critical_without_agreement; possible_false_alarm,Panic Scream,Manual Review Required,True,False,sent to review,Python Panic Scream (0.95) vs GTM Machinery Fault (0.52); Python correct. True class Panic Scream ranked #1 by Python and #2 by GTM.,1347.194,51.512,1413.738
SS-SCR-0714,SS-SCR-0714.wav,Panic Scream,Vehicle Horn,0.9589,0.0016,0.0037,0.0150,0.9589,0.0031,0.0008,0.0074,0.0065,0.0001,0.0030,Alarm or Siren,0.2708,0.1355,0.0110,0.2708,0.0227,0.2324,0.0628,0.0752,0.1212,0.0065,0.0618,mismatch,Uncertain Result,0.6880,0.9439,0.0384,no,Good,Low,none,required,model_disagreement; low_confidence,Vehicle Horn,Manual Review Required,False,False,sent to review,Python Vehicle Horn (0.96) vs GTM Alarm or Siren (0.27); neither model correct. True class Panic Scream ranked #3 by Python and #5 by GTM.,1270.261,64.598,1396.937
SS-SCR-0718,SS-SCR-0718.wav,Panic Scream,Panic Scream,0.9885,0.0002,0.0030,0.0002,0.0025,0.0002,0.0002,0.9885,0.0034,0.0005,0.0013,Vehicle Horn,0.5039,0.2799,0.0002,0.0114,0.5039,0.0091,0.0010,0.1825,0.0014,0.0002,0.0104,mismatch,Uncertain Result,0.4847,0.9851,0.2240,no,Good,Critical,none,required,model_disagreement; low_confidence; critical_without_agreement; possible_false_alarm,Panic Scream,Manual Review Required,True,False,sent to review,Python Panic Scream (0.99) vs GTM Vehicle Horn (0.50); Python correct. True class Panic Scream ranked #1 by Python and #3 by GTM.,1733.567,65.992,1825.912
SS-SCR-0741,SS-SCR-0741.wav,Panic Scream,Panic Scream,0.4677,0.0255,0.0350,0.3528,0.0110,0.0293,0.0030,0.4677,0.0404,0.0033,0.0321,Aggression,0.6399,0.0000,0.0000,0.0000,0.0000,0.2928,0.0005,0.0300,0.6399,0.0367,0.0000,mismatch,Uncertain Result,0.1722,0.1149,0.3470,no,Acceptable,Critical,none,required,model_disagreement; low_confidence; similar_top_classes; critical_without_agreement; possible_false_alarm,Panic Scream,Manual Review Required,True,False,sent to review,Python Panic Scream (0.47) vs GTM Aggression (0.64); Python correct. True class Panic Scream ranked #1 by Python and #4 by GTM.,1601.868,78.971,1701.64
SS-HAL-0502,SS-HAL-0502.wav,Person Asking for Help,Person Asking for Help,0.9936,0.0002,0.0003,0.0009,0.0014,0.0017,0.0002,0.0007,0.0006,0.9936,0.0004,Person Asking for Help,0.4450,0.0111,0.2746,0.0091,0.0735,0.0077,0.1219,0.0088,0.0446,0.4450,0.0037,match,Uncertain Result,0.5486,0.9919,0.1704,no,Acceptable,Critical,raised,required,low_confidence; critical_without_agreement; possible_false_alarm,Person Asking for Help,Manual Review Required,True,True,sent to review,,1383.393,53.782,1448.174
SS-HAL-0507,SS-HAL-0507.wav,Person Asking for Help,Person Asking for Help,0.9860,0.0004,0.0005,0.0027,0.0026,0.0038,0.0004,0.0012,0.0019,0.9860,0.0005,Person Asking for Help,0.4951,0.0113,0.2392,0.0069,0.0806,0.0076,0.1090,0.0090,0.0380,0.4951,0.0033,match,Uncertain Result,0.4909,0.9822,0.2559,no,Acceptable,Critical,raised,required,low_confidence; critical_without_agreement; possible_false_alarm,Person Asking for Help,Manual Review Required,True,True,sent to review,,1214.054,44.155,1267.302
SS-HAL-0508,SS-HAL-0508.wav,Person Asking for Help,Person Asking for Help,0.9888,0.0004,0.0005,0.0011,0.0007,0.0005,0.0005,0.0021,0.0031,0.9888,0.0022,Person Asking for Help,0.5196,0.0113,0.2717,0.0087,0.0708,0.0119,0.0614,0.0052,0.0353,0.5196,0.0042,match,Uncertain Result,0.4693,0.9858,0.2479,no,Acceptable,Critical,raised,required,low_confidence; critical_without_agreement; possible_false_alarm,Person Asking for Help,Manual Review Required,True,True,sent to review,,1322.31,42.576,1373.131
SS-HAL-0513,SS-HAL-0513.wav,Person Asking for Help,Person Asking for Help,0.9946,0.0018,0.0000,0.0002,0.0013,0.0004,0.0009,0.0002,0.0003,0.9946,0.0003,Person Asking for Help,0.8266,0.0088,0.0089,0.0670,0.0103,0.0019,0.0066,0.0515,0.0066,0.8266,0.0117,match,Weak Match,0.1679,0.9928,0.7596,no,Good,Critical,raised,required,critical_without_agreement,Person Asking for Help,Manual Review Required,True,True,sent to review,,1292.707,49.085,1350.923
SS-HAL-0514,SS-HAL-0514.wav,Person Asking for Help,Person Asking for Help,0.9971,0.0001,0.0001,0.0002,0.0001,0.0001,0.0000,0.0007,0.0012,0.9971,0.0004,Person Asking for Help,0.9987,0.0001,0.0000,0.0001,0.0010,0.0001,0.0000,0.0000,0.0000,0.9987,0.0000,match,Strong Match,0.0016,0.9959,0.9977,no,Acceptable,Critical,raised,not required,,Person Asking for Help,Likely Valid,True,True,correct,,1351.429,46.003,1414.029
SS-HAL-0523,SS-HAL-0523.wav,Person Asking for Help,Person Asking for Help,0.9991,0.0001,0.0000,0.0001,0.0001,0.0001,0.0000,0.0001,0.0003,0.9991,0.0001,Person Asking for Help,1.0000,0.0000,0.0000,0.0000,0.0000,0.0000,0.0000,0.0000,0.0000,1.0000,0.0000,match,Strong Match,0.0009,0.9988,0.9999,no,Good,Critical,raised,not required,,Person Asking for Help,Likely Valid,True,True,correct,,1396.188,41.549,1447.403
SS-HAL-0527,SS-HAL-0527.wav,Person Asking for Help,Person Asking for Help,0.9880,0.0017,0.0004,0.0003,0.0006,0.0002,0.0012,0.0047,0.0024,0.9880,0.0005,Person Asking for Help,0.9972,0.0006,0.0003,0.0001,0.0005,0.0004,0.0003,0.0002,0.0005,0.9972,0.0000,match,Strong Match,0.0092,0.9833,0.9966,no,Acceptable,Critical,raised,not required,,Person Asking for Help,Likely Valid,True,True,correct,,1254.207,44.174,1306.752
SS-HAL-0529,SS-HAL-0529.wav,Person Asking for Help,Person Asking for Help,0.9838,0.0027,0.0001,0.0019,0.0032,0.0022,0.0012,0.0017,0.0025,0.9838,0.0006,Person Asking for Help,0.9991,0.0000,0.0005,0.0000,0.0000,0.0000,0.0000,0.0000,0.0003,0.9991,0.0000,match,Strong Match,0.0153,0.9806,0.9986,no,Good,Critical,raised,not required,,Person Asking for Help,Likely Valid,True,True,correct,,1526.124,54.622,1594.968
SS-HAL-0537,SS-HAL-0537.wav,Person Asking for Help,Person Asking for Help,0.9970,0.0008,0.0002,0.0001,0.0001,0.0002,0.0001,0.0005,0.0006,0.9970,0.0002,Person Asking for Help,0.9999,0.0000,0.0000,0.0000,0.0000,0.0000,0.0000,0.0000,0.0000,0.9999,0.0000,match,Strong Match,0.0029,0.9962,0.9999,no,Good,Critical,raised,not required,,Person Asking for Help,Likely Valid,True,True,correct,,1322.7,52.784,1385.823
SS-HAL-0548,SS-HAL-0548.wav,Person Asking for Help,Person Asking for Help,0.9902,0.0001,0.0002,0.0006,0.0005,0.0003,0.0001,0.0009,0.0051,0.9902,0.0020,Person Asking for Help,0.9942,0.0000,0.0000,0.0040,0.0002,0.0006,0.0000,0.0000,0.0004,0.9942,0.0004,match,Strong Match,0.0041,0.9851,0.9902,no,Acceptable,Critical,raised,not required,,Person Asking for Help,Likely Valid,True,True,correct,,1391.503,63.382,1476.233
SS-HAL-0551,SS-HAL-0551.wav,Person Asking for Help,Person Asking for Help,0.9929,0.0021,0.0004,0.0002,0.0003,0.0004,0.0006,0.0020,0.0009,0.9929,0.0003,Person Asking for Help,0.5788,0.0366,0.0158,0.0204,0.0269,0.0134,0.0172,0.0354,0.2194,0.5788,0.0363,match,Uncertain Result,0.4140,0.9908,0.3595,no,Acceptable,Critical,raised,required,low_confidence; critical_without_agreement; possible_false_alarm,Person Asking for Help,Manual Review Required,True,True,sent to review,,1290.581,69.539,1369.177
SS-HAL-0552,SS-HAL-0552.wav,Person Asking for Help,Person Asking for Help,0.9976,0.0004,0.0002,0.0001,0.0001,0.0001,0.0000,0.0002,0.0008,0.9976,0.0003,Person Asking for Help,0.9867,0.0003,0.0001,0.0046,0.0003,0.0035,0.0001,0.0036,0.0004,0.9867,0.0002,match,Strong Match,0.0109,0.9968,0.9821,no,Acceptable,Critical,raised,not required,,Person Asking for Help,Likely Valid,True,True,correct,,1307.948,42.736,1361.817
SS-HAL-0553,SS-HAL-0553.wav,Person Asking for Help,Person Asking for Help,0.9979,0.0001,0.0000,0.0002,0.0001,0.0004,0.0001,0.0005,0.0005,0.9979,0.0003,Person Asking for Help,0.8919,0.0160,0.0005,0.0144,0.0010,0.0041,0.0004,0.0037,0.0572,0.8919,0.0107,match,Acceptable Match,0.1060,0.9974,0.8347,no,Good,Critical,raised,not required,,Person Asking for Help,Likely Valid,True,True,correct,,1308.046,55.846,1377.25
SS-HAL-0558,SS-HAL-0558.wav,Person Asking for Help,Person Asking for Help,0.9962,0.0001,0.0001,0.0002,0.0001,0.0001,0.0000,0.0008,0.0021,0.9962,0.0004,Person Asking for Help,0.9999,0.0000,0.0000,0.0000,0.0000,0.0000,0.0000,0.0000,0.0000,0.9999,0.0000,match,Strong Match,0.0037,0.9941,0.9999,no,Acceptable,Critical,raised,not required,,Person Asking for Help,Likely Valid,True,True,correct,,1523.222,61.881,1602.582
SS-HAL-0564,SS-HAL-0564.wav,Person Asking for Help,Person Asking for Help,0.9976,0.0004,0.0001,0.0002,0.0001,0.0003,0.0000,0.0003,0.0008,0.9976,0.0002,Person Asking for Help,0.9999,0.0000,0.0000,0.0000,0.0000,0.0001,0.0000,0.0000,0.0000,0.9999,0.0000,match,Strong Match,0.0023,0.9968,0.9998,no,Acceptable,Critical,raised,not required,,Person Asking for Help,Likely Valid,True,True,correct,,1414.697,45.438,1469.854
SS-HAL-0573,SS-HAL-0573.wav,Person Asking for Help,Person Asking for Help,0.9929,0.0001,0.0001,0.0006,0.0001,0.0005,0.0001,0.0014,0.0028,0.9929,0.0014,Person Asking for Help,0.7173,0.0004,0.0001,0.2442,0.0161,0.0073,0.0137,0.0001,0.0004,0.7173,0.0004,match,Weak Match,0.2755,0.9901,0.4731,no,Acceptable,Critical,raised,required,low_confidence; critical_without_agreement; possible_false_alarm,Person Asking for Help,Manual Review Required,True,True,sent to review,,1454.442,49.364,1519.263
SS-HAL-0598,SS-HAL-0598.wav,Person Asking for Help,Person Asking for Help,0.9793,0.0115,0.0001,0.0003,0.0016,0.0006,0.0023,0.0021,0.0018,0.9793,0.0003,Person Asking for Help,0.2752,0.0132,0.0646,0.0154,0.2238,0.1278,0.0694,0.0734,0.1316,0.2752,0.0057,match,Uncertain Result,0.7041,0.9679,0.0515,no,Acceptable,Critical,raised,required,low_confidence; critical_without_agreement; possible_false_alarm,Person Asking for Help,Manual Review Required,True,True,sent to review,,1467.43,41.282,1517.379
SS-HAL-0600,SS-HAL-0600.wav,Person Asking for Help,Person Asking for Help,0.9958,0.0002,0.0002,0.0002,0.0001,0.0002,0.0001,0.0006,0.0011,0.9958,0.0014,Person Asking for Help,1.0000,0.0000,0.0000,0.0000,0.0000,0.0000,0.0000,0.0000,0.0000,1.0000,0.0000,match,Strong Match,0.0042,0.9944,1.0000,no,Acceptable,Critical,raised,not required,,Person Asking for Help,Likely Valid,True,True,correct,,1324.548,49.573,1384.083
SS-HAL-0602,SS-HAL-0602.wav,Person Asking for Help,Person Asking for Help,0.9945,0.0006,0.0001,0.0000,0.0001,0.0000,0.0001,0.0007,0.0038,0.9945,0.0001,Person Asking for Help,0.4088,0.0258,0.0201,0.0190,0.0978,0.0375,0.1583,0.0962,0.1287,0.4088,0.0079,match,Uncertain Result,0.5857,0.9907,0.2505,no,Acceptable,Critical,raised,required,low_confidence; critical_without_agreement; possible_false_alarm,Person Asking for Help,Manual Review Required,True,True,sent to review,,1254.349,43.353,1305.719
SS-HAL-0606,SS-HAL-0606.wav,Person Asking for Help,Person Asking for Help,0.9834,0.0006,0.0005,0.0016,0.0008,0.0009,0.0007,0.0036,0.0072,0.9834,0.0007,Person Asking for Help,0.5578,0.0197,0.1446,0.0127,0.0322,0.0164,0.1610,0.0093,0.0380,0.5578,0.0084,match,Uncertain Result,0.4256,0.9762,0.3968,no,Acceptable,Critical,raised,required,low_confidence; critical_without_agreement; possible_false_alarm,Person Asking for Help,Manual Review Required,True,True,sent to review,,1361.467,40.654,1410.996
SS-HAL-0609,SS-HAL-0609.wav,Person Asking for Help,Person Asking for Help,0.9939,0.0012,0.0000,0.0003,0.0004,0.0002,0.0008,0.0006,0.0017,0.9939,0.0010,Person Asking for Help,0.9995,0.0000,0.0000,0.0000,0.0004,0.0001,0.0000,0.0000,0.0000,0.9995,0.0001,match,Strong Match,0.0056,0.9922,0.9991,no,Acceptable,Critical,raised,not required,,Person Asking for Help,Likely Valid,True,True,correct,,1337.36,43.315,1390.314
SS-HAL-0611,SS-HAL-0611.wav,Person Asking for Help,Person Asking for Help,0.9823,0.0009,0.0001,0.0010,0.0005,0.0010,0.0004,0.0045,0.0084,0.9823,0.0009,Person Asking for Help,0.9263,0.0002,0.0006,0.0064,0.0015,0.0076,0.0011,0.0145,0.0403,0.9263,0.0015,match,Acceptable Match,0.0560,0.9739,0.8860,no,Good,Critical,raised,not required,,Person Asking for Help,Likely Valid,True,True,correct,,1354.648,46.299,1412.992
SS-HAL-0616,SS-HAL-0616.wav,Person Asking for Help,Person Asking for Help,0.9963,0.0002,0.0002,0.0003,0.0002,0.0001,0.0002,0.0004,0.0018,0.9963,0.0002,Person Asking for Help,0.4989,0.0175,0.3749,0.0052,0.0001,0.1011,0.0001,0.0003,0.0008,0.4989,0.0011,match,Uncertain Result,0.4974,0.9945,0.1241,no,Good,Critical,raised,required,low_confidence; critical_without_agreement; possible_false_alarm,Person Asking for Help,Manual Review Required,True,True,sent to review,,1348.626,72.959,1434.686
SS-HAL-0637,SS-HAL-0637.wav,Person Asking for Help,Person Asking for Help,0.9962,0.0002,0.0004,0.0001,0.0002,0.0001,0.0001,0.0006,0.0015,0.9962,0.0005,Person Asking for Help,0.9862,0.0075,0.0000,0.0006,0.0001,0.0048,0.0000,0.0004,0.0000,0.9862,0.0003,match,Strong Match,0.0100,0.9947,0.9787,no,Acceptable,Critical,raised,not required,,Person Asking for Help,Likely Valid,True,True,correct,,1816.661,72.639,1904.088
SS-HAL-0641,SS-HAL-0641.wav,Person Asking for Help,Person Asking for Help,0.9918,0.0019,0.0003,0.0002,0.0004,0.0006,0.0003,0.0012,0.0028,0.9918,0.0005,Person Asking for Help,0.5600,0.0096,0.1724,0.0023,0.1226,0.0063,0.0861,0.0211,0.0089,0.5600,0.0106,match,Uncertain Result,0.4318,0.9890,0.3876,no,Acceptable,Critical,raised,required,low_confidence; critical_without_agreement; possible_false_alarm,Person Asking for Help,Manual Review Required,True,True,sent to review,,1422.346,54.029,1489.393
SS-HAL-0650,SS-HAL-0650.wav,Person Asking for Help,Person Asking for Help,0.9902,0.0003,0.0002,0.0009,0.0003,0.0004,0.0004,0.0027,0.0042,0.9902,0.0003,Person Asking for Help,0.9261,0.0015,0.0096,0.0061,0.0055,0.0249,0.0031,0.0007,0.0151,0.9261,0.0075,match,Acceptable Match,0.0641,0.9860,0.9012,no,Acceptable,Critical,raised,not required,,Person Asking for Help,Likely Valid,True,True,correct,,1639.707,41.72,1693.238
SS-HAL-0657,SS-HAL-0657.wav,Person Asking for Help,Person Asking for Help,0.9947,0.0008,0.0001,0.0001,0.0001,0.0001,0.0000,0.0006,0.0033,0.9947,0.0003,Person Asking for Help,0.9064,0.0231,0.0001,0.0155,0.0070,0.0163,0.0000,0.0109,0.0204,0.9064,0.0001,match,Acceptable Match,0.0883,0.9914,0.8833,no,Acceptable,Critical,raised,not required,,Person Asking for Help,Likely Valid,True,True,correct,,1197.147,44.176,1252.844
SS-HAL-0659,SS-HAL-0659.wav,Person Asking for Help,Person Asking for Help,0.9892,0.0011,0.0001,0.0008,0.0005,0.0003,0.0006,0.0013,0.0049,0.9892,0.0012,Person Asking for Help,0.9495,0.0097,0.0053,0.0081,0.0027,0.0030,0.0004,0.0017,0.0120,0.9495,0.0076,match,Strong Match,0.0397,0.9843,0.9375,no,Acceptable,Critical,raised,not required,,Person Asking for Help,Likely Valid,True,True,correct,,1338.461,46.135,1398.507
SS-HAL-0664,SS-HAL-0664.wav,Person Asking for Help,Person Asking for Help,0.9940,0.0007,0.0004,0.0004,0.0002,0.0002,0.0003,0.0009,0.0023,0.9940,0.0006,Person Asking for Help,0.6555,0.0063,0.2481,0.0159,0.0106,0.0461,0.0027,0.0021,0.0106,0.6555,0.0020,match,Weak Match,0.3386,0.9917,0.4074,no,Acceptable,Critical,raised,required,low_confidence; critical_without_agreement; possible_false_alarm,Person Asking for Help,Manual Review Required,True,True,sent to review,,1226.345,48.086,1286.242
SS-HAL-0670,SS-HAL-0670.wav,Person Asking for Help,Person Asking for Help,0.9899,0.0017,0.0001,0.0005,0.0023,0.0023,0.0010,0.0011,0.0008,0.9899,0.0002,Person Asking for Help,0.8752,0.0280,0.0191,0.0011,0.0177,0.0030,0.0220,0.0028,0.0297,0.8752,0.0014,match,Acceptable Match,0.1148,0.9876,0.8455,no,Acceptable,Critical,raised,not required,,Person Asking for Help,Likely Valid,True,True,correct,,1281.778,41.083,1330.993
SS-HAL-0694,SS-HAL-0694.wav,Person Asking for Help,Person Asking for Help,0.9863,0.0053,0.0002,0.0003,0.0012,0.0023,0.0005,0.0018,0.0020,0.9863,0.0001,Person Asking for Help,0.6806,0.0212,0.0244,0.0200,0.1152,0.0191,0.0527,0.0261,0.0349,0.6806,0.0057,match,Weak Match,0.3057,0.9809,0.5653,no,Acceptable,Critical,raised,required,low_confidence; critical_without_agreement; possible_false_alarm,Person Asking for Help,Manual Review Required,True,True,sent to review,,1175.79,42.722,1226.635
SS-HAL-0703,SS-HAL-0703.wav,Person Asking for Help,Person Asking for Help,0.9967,0.0006,0.0000,0.0002,0.0002,0.0001,0.0001,0.0002,0.0016,0.9967,0.0003,Person Asking for Help,0.9979,0.0000,0.0000,0.0001,0.0000,0.0000,0.0000,0.0000,0.0020,0.9979,0.0000,match,Strong Match,0.0012,0.9951,0.9959,no,Good,Critical,raised,not required,,Person Asking for Help,Likely Valid,True,True,correct,,1211.838,50.504,1273.244
SS-HAL-0711,SS-HAL-0711.wav,Person Asking for Help,Person Asking for Help,0.9955,0.0000,0.0000,0.0002,0.0001,0.0004,0.0001,0.0008,0.0011,0.9955,0.0017,Person Asking for Help,0.7373,0.0028,0.0772,0.0012,0.0111,0.1215,0.0374,0.0025,0.0073,0.7373,0.0018,match,Weak Match,0.2582,0.9938,0.6158,no,Good,Critical,raised,required,low_confidence; critical_without_agreement; possible_false_alarm,Person Asking for Help,Manual Review Required,True,True,sent to review,,1310.588,45.646,1369.519
SS-HAL-0720,SS-HAL-0720.wav,Person Asking for Help,Person Asking for Help,0.9980,0.0003,0.0000,0.0002,0.0002,0.0001,0.0002,0.0005,0.0005,0.9980,0.0001,Person Asking for Help,0.9832,0.0002,0.0003,0.0125,0.0011,0.0018,0.0000,0.0000,0.0002,0.9832,0.0008,match,Strong Match,0.0148,0.9975,0.9707,no,Good,Critical,raised,not required,,Person Asking for Help,Likely Valid,True,True,correct,,1223.723,51.159,1285.966
SS-HAL-0723,SS-HAL-0723.wav,Person Asking for Help,Person Asking for Help,0.9845,0.0045,0.0002,0.0004,0.0012,0.0004,0.0010,0.0013,0.0058,0.9845,0.0008,Person Asking for Help,0.5981,0.0392,0.0143,0.0237,0.0779,0.0190,0.0912,0.0267,0.0993,0.5981,0.0105,match,Uncertain Result,0.3864,0.9787,0.4988,no,Acceptable,Critical,raised,required,low_confidence; critical_without_agreement; possible_false_alarm,Person Asking for Help,Manual Review Required,True,True,sent to review,,1376.671,42.028,1428.327
SS-HAL-0729,SS-HAL-0729.wav,Person Asking for Help,Person Asking for Help,0.9963,0.0002,0.0002,0.0001,0.0001,0.0001,0.0000,0.0010,0.0014,0.9963,0.0004,Person Asking for Help,0.9989,0.0000,0.0000,0.0007,0.0000,0.0002,0.0000,0.0000,0.0000,0.9989,0.0002,match,Strong Match,0.0027,0.9949,0.9983,no,Acceptable,Critical,raised,not required,,Person Asking for Help,Likely Valid,True,True,correct,,1319.759,46.766,1376.794
SS-HAL-0739,SS-HAL-0739.wav,Person Asking for Help,Person Asking for Help,0.9888,0.0039,0.0001,0.0002,0.0013,0.0005,0.0004,0.0011,0.0032,0.9888,0.0005,Person Asking for Help,0.9969,0.0008,0.0001,0.0000,0.0000,0.0001,0.0000,0.0000,0.0019,0.9969,0.0001,match,Strong Match,0.0082,0.9848,0.9951,no,Good,Critical,raised,not required,,Person Asking for Help,Likely Valid,True,True,correct,,1353.054,43.851,1407.504
SS-HAL-0758,SS-HAL-0758.wav,Person Asking for Help,Person Asking for Help,0.9907,0.0005,0.0003,0.0003,0.0001,0.0015,0.0001,0.0023,0.0030,0.9907,0.0012,Person Asking for Help,0.9995,0.0002,0.0000,0.0000,0.0000,0.0000,0.0000,0.0000,0.0000,0.9995,0.0002,match,Strong Match,0.0088,0.9877,0.9993,no,Acceptable,Critical,raised,not required,,Person Asking for Help,Likely Valid,True,True,correct,,1212.248,44.079,1265.189
SS-HAL-0762,SS-HAL-0762.wav,Person Asking for Help,Person Asking for Help,0.9949,0.0012,0.0003,0.0003,0.0003,0.0003,0.0001,0.0004,0.0017,0.9949,0.0004,Person Asking for Help,0.9944,0.0000,0.0001,0.0052,0.0001,0.0000,0.0000,0.0001,0.0000,0.9944,0.0000,match,Strong Match,0.0005,0.9933,0.9892,no,Acceptable,Critical,raised,not required,,Person Asking for Help,Likely Valid,True,True,correct,,1367.827,43.61,1420.297
SS-HAL-0771,SS-HAL-0771.wav,Person Asking for Help,Person Asking for Help,0.9931,0.0011,0.0003,0.0005,0.0010,0.0005,0.0001,0.0004,0.0023,0.9931,0.0007,Person Asking for Help,0.9386,0.0202,0.0170,0.0000,0.0083,0.0006,0.0043,0.0003,0.0101,0.9386,0.0005,match,Acceptable Match,0.0545,0.9908,0.9184,no,Acceptable,Critical,raised,not required,,Person Asking for Help,Likely Valid,True,True,correct,,1225.115,41.943,1274.74
SS-HAL-0777,SS-HAL-0777.wav,Person Asking for Help,Person Asking for Help,0.9970,0.0006,0.0001,0.0002,0.0001,0.0008,0.0002,0.0004,0.0006,0.9970,0.0000,Person Asking for Help,0.8886,0.0003,0.0003,0.0078,0.0036,0.0017,0.0004,0.0080,0.0032,0.8886,0.0862,match,Acceptable Match,0.1084,0.9962,0.8024,no,Good,Critical,raised,not required,,Person Asking for Help,Likely Valid,True,True,correct,,1443.413,48.098,1505.0
SS-HAL-0778,SS-HAL-0778.wav,Person Asking for Help,Person Asking for Help,0.9907,0.0013,0.0003,0.0004,0.0005,0.0005,0.0005,0.0031,0.0015,0.9907,0.0011,Person Asking for Help,0.9870,0.0005,0.0034,0.0001,0.0017,0.0011,0.0038,0.0003,0.0021,0.9870,0.0000,match,Strong Match,0.0037,0.9876,0.9832,no,Acceptable,Critical,raised,not required,,Person Asking for Help,Likely Valid,True,True,correct,,1256.186,44.474,1308.121
SS-HAL-0787,SS-HAL-0787.wav,Person Asking for Help,Person Asking for Help,0.9962,0.0008,0.0001,0.0001,0.0004,0.0003,0.0001,0.0002,0.0012,0.9962,0.0005,Person Asking for Help,0.9994,0.0001,0.0000,0.0000,0.0000,0.0000,0.0000,0.0000,0.0005,0.9994,0.0000,match,Strong Match,0.0032,0.9950,0.9989,no,Good,Critical,raised,not required,,Person Asking for Help,Likely Valid,True,True,correct,,1473.093,57.602,1541.74
SS-HAL-0791,SS-HAL-0791.wav,Person Asking for Help,Person Asking for Help,0.9945,0.0006,0.0002,0.0004,0.0006,0.0007,0.0006,0.0013,0.0007,0.9945,0.0003,Person Asking for Help,0.2265,0.0715,0.0563,0.0280,0.2137,0.0372,0.0637,0.1421,0.1386,0.2265,0.0225,match,Uncertain Result,0.7681,0.9933,0.0128,no,Acceptable,Critical,raised,required,low_confidence; critical_without_agreement; possible_false_alarm,Person Asking for Help,Manual Review Required,True,True,sent to review,,1272.365,41.818,1322.963
SS-HAL-0793,SS-HAL-0793.wav,Person Asking for Help,Person Asking for Help,0.9937,0.0008,0.0001,0.0005,0.0011,0.0009,0.0002,0.0013,0.0009,0.9937,0.0004,Person Asking for Help,0.9906,0.0001,0.0011,0.0001,0.0000,0.0001,0.0000,0.0001,0.0080,0.9906,0.0001,match,Strong Match,0.0032,0.9924,0.9826,no,Good,Critical,raised,not required,,Person Asking for Help,Likely Valid,True,True,correct,,1240.419,44.577,1296.671
SS-HOR-0001,SS-HOR-0001.wav,Vehicle Horn,Vehicle Horn,0.9915,0.0019,0.0007,0.0020,0.9915,0.0017,0.0003,0.0002,0.0012,0.0000,0.0004,Vehicle Horn,0.2460,0.1420,0.0098,0.0721,0.2460,0.2429,0.0100,0.0492,0.0766,0.1367,0.0147,match,Uncertain Result,0.7456,0.9896,0.0031,no,Good,Low,none,required,low_confidence,Vehicle Horn,Manual Review Required,True,True,sent to review,,1380.187,69.548,1539.537
SS-HOR-0008,SS-HOR-0008.wav,Vehicle Horn,Vehicle Horn,0.9957,0.0008,0.0002,0.0014,0.9957,0.0003,0.0003,0.0001,0.0008,0.0003,0.0001,Glass Breaking,0.4526,0.0376,0.4526,0.0650,0.0009,0.0033,0.0212,0.0023,0.0315,0.0006,0.3851,mismatch,Uncertain Result,0.5431,0.9943,0.0675,no,Good,Low,none,required,model_disagreement; low_confidence,Vehicle Horn,Manual Review Required,True,False,sent to review,Python Vehicle Horn (1.00) vs GTM Glass Breaking (0.45); Python correct. True class Vehicle Horn ranked #1 by Python and #9 by GTM.,1286.86,52.559,1357.524
SS-HOR-0011,SS-HOR-0011.wav,Vehicle Horn,Vehicle Horn,0.8384,0.0041,0.0159,0.0917,0.8384,0.0111,0.0014,0.0015,0.0255,0.0054,0.0050,Aggression,0.4024,0.0053,0.2276,0.0136,0.2597,0.0166,0.0287,0.0348,0.4024,0.0040,0.0074,mismatch,Uncertain Result,0.4360,0.7467,0.1426,no,Acceptable,Low,none,required,model_disagreement; low_confidence,Vehicle Horn,Manual Review Required,True,False,sent to review,Python Vehicle Horn (0.84) vs GTM Aggression (0.40); Python correct. True class Vehicle Horn ranked #1 by Python and #2 by GTM.,1341.589,40.48,1395.729
SS-HOR-0022,SS-HOR-0022.wav,Vehicle Horn,Vehicle Horn,0.9995,0.0000,0.0000,0.0004,0.9995,0.0000,0.0000,0.0000,0.0000,0.0000,0.0000,Gunshot,0.2654,0.0241,0.1511,0.0269,0.2405,0.0226,0.2654,0.1465,0.0542,0.0648,0.0039,mismatch,Uncertain Result,0.7341,0.9991,0.0249,no,Acceptable,Low,none,required,model_disagreement; low_confidence,Vehicle Horn,Manual Review Required,True,False,sent to review,Python Vehicle Horn (1.00) vs GTM Gunshot (0.27); Python correct. True class Vehicle Horn ranked #1 by Python and #2 by GTM.,1328.804,48.052,1390.112
SS-HOR-0027,SS-HOR-0027.wav,Vehicle Horn,Background Noise,0.9736,0.0032,0.0012,0.0045,0.0113,0.0009,0.0011,0.0006,0.0035,0.0002,0.9736,Gunshot,0.3489,0.2654,0.0186,0.0036,0.0104,0.0058,0.3489,0.0085,0.0089,0.0001,0.3297,mismatch,Uncertain Result,0.6246,0.9623,0.0192,no,Acceptable,Informational,none,required,model_disagreement; low_confidence,Background Noise,Manual Review Required,False,False,sent to review,Python Background Noise (0.97) vs GTM Gunshot (0.35); neither model correct. True class Vehicle Horn ranked #2 by Python and #5 by GTM.,1309.705,63.864,1461.351
SS-HOR-0055,SS-HOR-0055.wav,Vehicle Horn,Vehicle Horn,0.9937,0.0002,0.0009,0.0036,0.9937,0.0006,0.0001,0.0001,0.0006,0.0000,0.0002,Vehicle Horn,0.9235,0.0145,0.0320,0.0014,0.9235,0.0015,0.0063,0.0003,0.0053,0.0045,0.0108,match,Acceptable Match,0.0702,0.9901,0.8915,no,Good,Low,none,not required,,Vehicle Horn,Likely Valid,True,True,correct,,1251.298,60.089,1372.57
SS-HOR-0056,SS-HOR-0056.wav,Vehicle Horn,Vehicle Horn,0.7134,0.0016,0.0005,0.1199,0.7134,0.0035,0.0008,0.0175,0.1386,0.0030,0.0012,Person Asking for Help,0.2466,0.0892,0.0091,0.0628,0.0774,0.0915,0.0856,0.1957,0.1236,0.2466,0.0185,mismatch,Uncertain Result,0.4668,0.5747,0.0508,no,Good,Low,none,required,model_disagreement; low_confidence,Vehicle Horn,Manual Review Required,True,False,sent to review,Python Vehicle Horn (0.71) vs GTM Person Asking for Help (0.25); Python correct. True class Vehicle Horn ranked #1 by Python and #7 by GTM.,1434.433,50.166,1531.858
SS-HOR-0078,SS-HOR-0078.wav,Vehicle Horn,Machinery Fault,0.5015,0.5015,0.0040,0.0050,0.3267,0.0059,0.0019,0.0044,0.1223,0.0065,0.0217,Aggression,0.2713,0.2154,0.0243,0.0702,0.0907,0.1021,0.0131,0.0550,0.2713,0.0651,0.0928,mismatch,Uncertain Result,0.2302,0.1748,0.0559,no,Good,High,none,required,model_disagreement; low_confidence; unsupported_sound_pattern,Machinery Fault,Manual Review Required,False,False,sent to review,Python Machinery Fault (0.50) vs GTM Aggression (0.27); neither model correct. True class Vehicle Horn ranked #2 by Python and #5 by GTM.,2880.607,87.753,3085.644
SS-HOR-0083,SS-HOR-0083.wav,Vehicle Horn,Vehicle Horn,0.9649,0.0005,0.0005,0.0327,0.9649,0.0006,0.0000,0.0001,0.0003,0.0000,0.0003,Vehicle Horn,0.4898,0.0258,0.1698,0.2914,0.4898,0.0065,0.0004,0.0089,0.0003,0.0070,0.0001,match,Uncertain Result,0.4751,0.9322,0.1984,no,Good,Low,none,required,low_confidence,Vehicle Horn,Manual Review Required,True,True,sent to review,,1289.094,60.368,1396.472
SS-HOR-0087,SS-HOR-0087.wav,Vehicle Horn,Vehicle Horn,0.9955,0.0000,0.0001,0.0032,0.9955,0.0001,0.0000,0.0000,0.0008,0.0001,0.0001,Machinery Fault,0.7981,0.7981,0.0373,0.1173,0.0222,0.0054,0.0121,0.0011,0.0036,0.0000,0.0028,mismatch,Model Disagreement,0.1974,0.9924,0.6808,no,Good,Low,none,required,model_disagreement,Vehicle Horn,Manual Review Required,True,False,sent to review,Python Vehicle Horn (1.00) vs GTM Machinery Fault (0.80); Python correct. True class Vehicle Horn ranked #1 by Python and #4 by GTM.,1422.729,41.377,1489.194
SS-HOR-0088,SS-HOR-0088.wav,Vehicle Horn,Vehicle Horn,0.9142,0.0005,0.0005,0.0814,0.9142,0.0005,0.0001,0.0001,0.0013,0.0001,0.0013,Vehicle Horn,0.9846,0.0000,0.0000,0.0000,0.9846,0.0000,0.0000,0.0154,0.0000,0.0000,0.0000,match,Acceptable Match,0.0704,0.8329,0.9692,no,Good,Low,none,not required,,Vehicle Horn,Likely Valid,True,True,correct,,1387.362,77.452,1548.874
SS-HOR-0097,SS-HOR-0097.wav,Vehicle Horn,Vehicle Horn,0.9980,0.0001,0.0000,0.0014,0.9980,0.0001,0.0000,0.0000,0.0004,0.0000,0.0000,Panic Scream,0.3344,0.2543,0.0004,0.0293,0.2185,0.0087,0.0003,0.3344,0.1408,0.0003,0.0129,mismatch,Uncertain Result,0.6636,0.9966,0.0801,no,Good,Low,none,required,model_disagreement; low_confidence,Vehicle Horn,Manual Review Required,True,False,sent to review,Python Vehicle Horn (1.00) vs GTM Panic Scream (0.33); Python correct. True class Vehicle Horn ranked #1 by Python and #3 by GTM.,1428.124,59.939,1532.064
SS-HOR-0103,SS-HOR-0103.wav,Vehicle Horn,Vehicle Horn,0.9944,0.0001,0.0001,0.0036,0.9944,0.0002,0.0001,0.0000,0.0004,0.0000,0.0009,Panic Scream,0.2484,0.0976,0.0226,0.1204,0.1793,0.0202,0.0807,0.2484,0.0439,0.0300,0.1568,mismatch,Uncertain Result,0.7460,0.9908,0.0691,no,Good,Low,none,required,model_disagreement; low_confidence,Vehicle Horn,Manual Review Required,True,False,sent to review,Python Vehicle Horn (0.99) vs GTM Panic Scream (0.25); Python correct. True class Vehicle Horn ranked #1 by Python and #2 by GTM.,1268.599,51.244,1368.488
SS-HOR-0105,SS-HOR-0105.wav,Vehicle Horn,Vehicle Horn,0.9617,0.0001,0.0007,0.0341,0.9617,0.0005,0.0003,0.0001,0.0024,0.0001,0.0001,Vehicle Horn,0.3366,0.0256,0.0625,0.0850,0.3366,0.0634,0.2024,0.1519,0.0621,0.0053,0.0050,match,Uncertain Result,0.6250,0.9275,0.1342,no,Good,Low,none,required,low_confidence,Vehicle Horn,Manual Review Required,True,True,sent to review,,1342.121,58.052,1458.447
SS-HOR-0106,SS-HOR-0106.wav,Vehicle Horn,Machinery Fault,0.5361,0.5361,0.0088,0.0094,0.4042,0.0187,0.0008,0.0038,0.0047,0.0001,0.0135,Vehicle Horn,0.9750,0.0108,0.0001,0.0032,0.9750,0.0036,0.0008,0.0020,0.0002,0.0008,0.0034,mismatch,Uncertain Result,0.4389,0.1319,0.9643,no,Acceptable,High,none,required,model_disagreement; low_confidence; similar_top_classes,Machinery Fault,Manual Review Required,False,True,sent to review,Python Machinery Fault (0.54) vs GTM Vehicle Horn (0.98); GTM correct. True class Vehicle Horn ranked #2 by Python and #1 by GTM.,1261.62,68.287,1423.704
SS-HOR-0121,SS-HOR-0121.wav,Vehicle Horn,Vehicle Horn,0.9628,0.0002,0.0002,0.0349,0.9628,0.0002,0.0007,0.0000,0.0005,0.0004,0.0001,Vehicle Horn,0.9711,0.0098,0.0001,0.0045,0.9711,0.0001,0.0000,0.0071,0.0019,0.0000,0.0053,match,Strong Match,0.0083,0.9280,0.9613,no,Good,Low,none,not required,,Vehicle Horn,Likely Valid,True,True,correct,,1405.501,46.527,1468.115
SS-HOR-0128,SS-HOR-0128.wav,Vehicle Horn,Vehicle Horn,0.9920,0.0003,0.0002,0.0060,0.9920,0.0004,0.0001,0.0001,0.0008,0.0000,0.0001,Vehicle Horn,0.6161,0.0928,0.0065,0.0309,0.6161,0.0723,0.0289,0.0222,0.0611,0.0215,0.0479,match,Weak Match,0.3760,0.9861,0.5233,no,Good,Low,none,required,low_confidence,Vehicle Horn,Manual Review Required,True,True,sent to review,,3255.6,85.159,3492.813
SS-HOR-0130,SS-HOR-0130.wav,Vehicle Horn,Vehicle Horn,0.9677,0.0004,0.0003,0.0093,0.9677,0.0002,0.0003,0.0001,0.0203,0.0008,0.0006,Gunshot,0.3020,0.0033,0.2747,0.0028,0.2604,0.0041,0.3020,0.0202,0.0074,0.1243,0.0008,mismatch,Uncertain Result,0.6657,0.9475,0.0274,no,Good,Low,none,required,model_disagreement; low_confidence,Vehicle Horn,Manual Review Required,True,False,sent to review,Python Vehicle Horn (0.97) vs GTM Gunshot (0.30); Python correct. True class Vehicle Horn ranked #1 by Python and #3 by GTM.,1352.284,55.426,1478.202
SS-HOR-0511,SS-HOR-0511.wav,Vehicle Horn,Vehicle Horn,0.9736,0.0090,0.0001,0.0135,0.9736,0.0010,0.0002,0.0001,0.0020,0.0001,0.0005,Vehicle Horn,0.9916,0.0047,0.0006,0.0006,0.9916,0.0001,0.0001,0.0011,0.0001,0.0002,0.0009,match,Strong Match,0.0180,0.9601,0.9869,no,Good,Low,none,not required,,Vehicle Horn,Likely Valid,True,True,correct,,1425.474,55.52,1535.526
SS-HOR-0512,SS-HOR-0512.wav,Vehicle Horn,Vehicle Horn,0.8770,0.0029,0.0003,0.1156,0.8770,0.0019,0.0003,0.0001,0.0004,0.0001,0.0014,Vehicle Horn,0.7224,0.0260,0.2188,0.0229,0.7224,0.0005,0.0009,0.0019,0.0001,0.0033,0.0032,match,Weak Match,0.1546,0.7614,0.5036,no,Good,Low,none,required,low_confidence,Vehicle Horn,Manual Review Required,True,True,sent to review,,1380.948,57.363,1493.878
SS-HOR-0516,SS-HOR-0516.wav,Vehicle Horn,Vehicle Horn,0.9925,0.0003,0.0002,0.0061,0.9925,0.0002,0.0000,0.0000,0.0005,0.0000,0.0001,Glass Breaking,0.4728,0.0075,0.4728,0.0347,0.4715,0.0022,0.0000,0.0006,0.0001,0.0107,0.0000,mismatch,Uncertain Result,0.5197,0.9864,0.0013,no,Good,Low,none,required,model_disagreement; low_confidence,Vehicle Horn,Manual Review Required,True,False,sent to review,Python Vehicle Horn (0.99) vs GTM Glass Breaking (0.47); Python correct. True class Vehicle Horn ranked #1 by Python and #2 by GTM.,1441.422,54.771,1545.019
SS-HOR-0522,SS-HOR-0522.wav,Vehicle Horn,Vehicle Horn,0.9829,0.0064,0.0010,0.0034,0.9829,0.0002,0.0001,0.0002,0.0010,0.0002,0.0048,Machinery Fault,0.3092,0.3092,0.0298,0.0394,0.2117,0.0286,0.0708,0.0744,0.0255,0.0009,0.2096,mismatch,Uncertain Result,0.6736,0.9765,0.0975,no,Acceptable,Low,none,required,model_disagreement; low_confidence,Vehicle Horn,Manual Review Required,True,False,sent to review,Python Vehicle Horn (0.98) vs GTM Machinery Fault (0.31); Python correct. True class Vehicle Horn ranked #1 by Python and #2 by GTM.,1280.085,85.294,1414.728
SS-HOR-0529,SS-HOR-0529.wav,Vehicle Horn,Vehicle Horn,0.6835,0.1133,0.0013,0.1907,0.6835,0.0014,0.0003,0.0008,0.0040,0.0002,0.0045,Vehicle Horn,0.8342,0.0280,0.0046,0.1050,0.8342,0.0019,0.0005,0.0093,0.0143,0.0000,0.0022,match,Weak Match,0.1507,0.4928,0.7292,no,Poor,Low,none,required,low_confidence; poor_audio_quality,Vehicle Horn,Manual Review Required,True,True,sent to review,,1338.373,54.006,1442.609
SS-HOR-0535,SS-HOR-0535.wav,Vehicle Horn,Vehicle Horn,0.9991,0.0002,0.0000,0.0004,0.9991,0.0001,0.0000,0.0000,0.0001,0.0001,0.0001,Vehicle Horn,0.8521,0.0000,0.0015,0.0017,0.8521,0.0001,0.0000,0.1444,0.0001,0.0000,0.0000,match,Acceptable Match,0.1470,0.9987,0.7077,no,Good,Low,none,not required,,Vehicle Horn,Likely Valid,True,True,correct,,1245.2,50.047,1346.002
SS-HOR-0552,SS-HOR-0552.wav,Vehicle Horn,Vehicle Horn,0.9927,0.0039,0.0001,0.0023,0.9927,0.0001,0.0002,0.0000,0.0003,0.0004,0.0002,Gunshot,0.2621,0.2528,0.2004,0.0006,0.1269,0.0046,0.2621,0.0207,0.0687,0.0582,0.0050,mismatch,Uncertain Result,0.7306,0.9888,0.0092,no,Acceptable,Low,none,required,model_disagreement; low_confidence,Vehicle Horn,Manual Review Required,True,False,sent to review,Python Vehicle Horn (0.99) vs GTM Gunshot (0.26); Python correct. True class Vehicle Horn ranked #1 by Python and #4 by GTM.,1475.51,40.223,1528.271
SS-HOR-0558,SS-HOR-0558.wav,Vehicle Horn,Vehicle Horn,0.9784,0.0040,0.0001,0.0140,0.9784,0.0008,0.0003,0.0000,0.0021,0.0001,0.0002,Vehicle Horn,0.9647,0.0068,0.0044,0.0044,0.9647,0.0075,0.0018,0.0022,0.0014,0.0020,0.0048,match,Strong Match,0.0137,0.9644,0.9571,no,Good,Low,none,not required,,Vehicle Horn,Likely Valid,True,True,correct,,1230.876,52.341,1323.585
SS-HOR-0559,SS-HOR-0559.wav,Vehicle Horn,Vehicle Horn,0.9923,0.0015,0.0000,0.0053,0.9923,0.0003,0.0001,0.0000,0.0003,0.0000,0.0001,Vehicle Horn,0.6527,0.2183,0.0234,0.1044,0.6527,0.0004,0.0000,0.0004,0.0000,0.0004,0.0000,match,Weak Match,0.3396,0.9870,0.4344,no,Good,Low,none,required,low_confidence,Vehicle Horn,Manual Review Required,True,True,sent to review,,1396.565,52.243,1494.597
SS-HOR-0560,SS-HOR-0560.wav,Vehicle Horn,Vehicle Horn,0.9730,0.0033,0.0001,0.0203,0.9730,0.0015,0.0003,0.0000,0.0009,0.0001,0.0004,Vehicle Horn,0.6866,0.1066,0.0648,0.0415,0.6866,0.0013,0.0002,0.0965,0.0000,0.0013,0.0012,match,Weak Match,0.2864,0.9527,0.5800,no,Good,Low,none,required,low_confidence,Vehicle Horn,Manual Review Required,True,True,sent to review,,1242.236,51.208,1336.396
SS-HOR-0561,SS-HOR-0561.wav,Vehicle Horn,Machinery Fault,0.5078,0.5078,0.0038,0.1039,0.2560,0.0979,0.0106,0.0031,0.0088,0.0008,0.0073,Vehicle Horn,0.8444,0.0222,0.0250,0.0323,0.8444,0.0003,0.0001,0.0408,0.0001,0.0271,0.0076,mismatch,Uncertain Result,0.3366,0.2518,0.8036,no,Good,High,none,required,model_disagreement; low_confidence,Machinery Fault,Manual Review Required,False,True,sent to review,Python Machinery Fault (0.51) vs GTM Vehicle Horn (0.84); GTM correct. True class Vehicle Horn ranked #2 by Python and #1 by GTM.,1337.002,53.644,1433.942
SS-HOR-0562,SS-HOR-0562.wav,Vehicle Horn,Machinery Fault,0.8125,0.8125,0.0030,0.0690,0.0578,0.0444,0.0040,0.0011,0.0036,0.0002,0.0044,Vehicle Horn,0.8882,0.0097,0.0522,0.0152,0.8882,0.0009,0.0000,0.0031,0.0001,0.0266,0.0040,mismatch,Model Disagreement,0.0757,0.7435,0.8360,no,Good,High,none,required,model_disagreement,Machinery Fault,Manual Review Required,False,True,sent to review,Python Machinery Fault (0.81) vs GTM Vehicle Horn (0.89); GTM correct. True class Vehicle Horn ranked #3 by Python and #1 by GTM.,1288.968,50.252,1388.752
SS-HOR-0563,SS-HOR-0563.wav,Vehicle Horn,Vehicle Horn,0.9350,0.0124,0.0003,0.0483,0.9350,0.0024,0.0004,0.0001,0.0002,0.0001,0.0009,Vehicle Horn,0.8619,0.0474,0.0374,0.0208,0.8619,0.0023,0.0002,0.0001,0.0002,0.0023,0.0274,match,Acceptable Match,0.0730,0.8866,0.8146,no,Good,Low,none,not required,,Vehicle Horn,Likely Valid,True,True,correct,,1351.724,63.987,1460.613
SS-HOR-0564,SS-HOR-0564.wav,Vehicle Horn,Vehicle Horn,0.8796,0.0135,0.0004,0.1015,0.8796,0.0026,0.0005,0.0001,0.0004,0.0003,0.0011,Vehicle Horn,0.6975,0.0821,0.0938,0.0537,0.6975,0.0040,0.0017,0.0100,0.0003,0.0082,0.0487,match,Weak Match,0.1821,0.7781,0.6037,no,Good,Low,none,required,low_confidence,Vehicle Horn,Manual Review Required,True,True,sent to review,,1232.077,50.828,1327.692
SS-HOR-0565,SS-HOR-0565.wav,Vehicle Horn,Vehicle Horn,0.9347,0.0027,0.0002,0.0574,0.9347,0.0034,0.0004,0.0000,0.0006,0.0001,0.0006,Vehicle Horn,0.6542,0.0131,0.2068,0.1104,0.6542,0.0052,0.0016,0.0053,0.0002,0.0016,0.0017,match,Weak Match,0.2805,0.8773,0.4474,no,Good,Low,none,required,low_confidence,Vehicle Horn,Manual Review Required,True,True,sent to review,,1297.982,62.3,1404.874
SS-HOR-0566,SS-HOR-0566.wav,Vehicle Horn,Vehicle Horn,0.8118,0.0236,0.0005,0.1219,0.8118,0.0265,0.0019,0.0002,0.0029,0.0003,0.0105,Vehicle Horn,0.8990,0.0131,0.0051,0.0114,0.8990,0.0313,0.0049,0.0011,0.0004,0.0048,0.0289,match,Acceptable Match,0.0872,0.6899,0.8678,no,Good,Low,none,not required,,Vehicle Horn,Likely Valid,True,True,correct,,1255.298,57.011,1357.415
SS-HOR-0576,SS-HOR-0576.wav,Vehicle Horn,Vehicle Horn,0.9756,0.0097,0.0001,0.0023,0.9756,0.0006,0.0019,0.0004,0.0057,0.0007,0.0030,Gunshot,0.2438,0.0887,0.2182,0.0033,0.1705,0.0163,0.2438,0.0393,0.1352,0.0789,0.0057,mismatch,Uncertain Result,0.7318,0.9659,0.0255,no,Acceptable,Low,none,required,model_disagreement; low_confidence,Vehicle Horn,Manual Review Required,True,False,sent to review,Python Vehicle Horn (0.98) vs GTM Gunshot (0.24); Python correct. True class Vehicle Horn ranked #1 by Python and #3 by GTM.,1262.323,63.372,1338.39
SS-HOR-0577,SS-HOR-0577.wav,Vehicle Horn,Vehicle Horn,0.8404,0.0245,0.0011,0.0352,0.8404,0.0104,0.0134,0.0014,0.0545,0.0177,0.0014,Background Noise,0.4471,0.0805,0.0013,0.2488,0.0851,0.0264,0.0433,0.0134,0.0454,0.0087,0.4471,mismatch,Uncertain Result,0.3934,0.7860,0.1983,no,Good,Low,none,required,model_disagreement; low_confidence,Vehicle Horn,Manual Review Required,True,False,sent to review,Python Vehicle Horn (0.84) vs GTM Background Noise (0.45); Python correct. True class Vehicle Horn ranked #1 by Python and #3 by GTM.,1939.113,64.277,2025.575
SS-HOR-0578,SS-HOR-0578.wav,Vehicle Horn,Vehicle Horn,0.9737,0.0024,0.0001,0.0123,0.9737,0.0019,0.0005,0.0002,0.0060,0.0024,0.0004,Alarm or Siren,0.3735,0.2174,0.0011,0.3735,0.3534,0.0051,0.0355,0.0062,0.0042,0.0003,0.0033,mismatch,Uncertain Result,0.6002,0.9614,0.0201,no,Good,Low,none,required,model_disagreement; low_confidence,Vehicle Horn,Manual Review Required,True,False,sent to review,Python Vehicle Horn (0.97) vs GTM Alarm or Siren (0.37); Python correct. True class Vehicle Horn ranked #1 by Python and #2 by GTM.,1823.157,52.007,1899.549
SS-HOR-0598,SS-HOR-0598.wav,Vehicle Horn,Vehicle Horn,0.6932,0.2687,0.0002,0.0100,0.6932,0.0012,0.0006,0.0001,0.0171,0.0090,0.0001,Machinery Fault,0.5760,0.5760,0.0003,0.0037,0.4046,0.0068,0.0009,0.0018,0.0020,0.0000,0.0038,mismatch,Uncertain Result,0.1171,0.4245,0.1714,no,Acceptable,Low,none,required,model_disagreement; low_confidence,Vehicle Horn,Manual Review Required,True,False,sent to review,Python Vehicle Horn (0.69) vs GTM Machinery Fault (0.58); Python correct. True class Vehicle Horn ranked #1 by Python and #2 by GTM.,1284.209,43.585,1352.719
SS-HOR-0599,SS-HOR-0599.wav,Vehicle Horn,Vehicle Horn,0.9499,0.0122,0.0023,0.0155,0.9499,0.0010,0.0012,0.0004,0.0100,0.0049,0.0024,Vehicle Horn,0.7702,0.0425,0.0003,0.1219,0.7702,0.0175,0.0001,0.0265,0.0021,0.0029,0.0161,match,Weak Match,0.1798,0.9344,0.6483,no,Acceptable,Low,none,not required,,Vehicle Horn,Likely Valid,True,True,correct,,1653.823,49.434,1721.009
SS-HOR-0600,SS-HOR-0600.wav,Vehicle Horn,Vehicle Horn,0.9820,0.0020,0.0001,0.0133,0.9820,0.0002,0.0002,0.0000,0.0005,0.0006,0.0010,Vehicle Horn,0.2662,0.0073,0.1619,0.0106,0.2662,0.0157,0.1998,0.1240,0.0472,0.1660,0.0013,match,Uncertain Result,0.7158,0.9687,0.0665,no,Acceptable,Low,none,required,low_confidence,Vehicle Horn,Manual Review Required,True,True,sent to review,,1411.706,46.723,1472.09
SS-HOR-0601,SS-HOR-0601.wav,Vehicle Horn,Machinery Fault,0.6755,0.6755,0.0039,0.0261,0.0794,0.1819,0.0080,0.0041,0.0028,0.0027,0.0156,Vehicle Horn,0.8533,0.1235,0.0010,0.0013,0.8533,0.0083,0.0005,0.0014,0.0001,0.0001,0.0105,mismatch,Model Disagreement,0.1778,0.4935,0.7298,no,Acceptable,High,none,required,model_disagreement; low_confidence,Machinery Fault,Manual Review Required,False,True,sent to review,Python Machinery Fault (0.68) vs GTM Vehicle Horn (0.85); GTM correct. True class Vehicle Horn ranked #3 by Python and #1 by GTM.,1459.489,57.07,1546.794
SS-HOR-0642,SS-HOR-0642.wav,Vehicle Horn,Vehicle Horn,0.8629,0.0504,0.0008,0.0263,0.8629,0.0020,0.0022,0.0020,0.0425,0.0032,0.0076,Vehicle Horn,0.9758,0.0040,0.0000,0.0014,0.9758,0.0005,0.0000,0.0007,0.0175,0.0000,0.0000,match,Acceptable Match,0.1129,0.8125,0.9583,no,Good,Low,none,not required,,Vehicle Horn,Likely Valid,True,True,correct,,1502.82,71.726,1604.616
SS-HOR-0654,SS-HOR-0654.wav,Vehicle Horn,Vehicle Horn,0.9987,0.0001,0.0000,0.0007,0.9987,0.0002,0.0000,0.0000,0.0001,0.0001,0.0001,Vehicle Horn,0.9382,0.0000,0.0000,0.0001,0.9382,0.0000,0.0000,0.0617,0.0000,0.0000,0.0000,match,Acceptable Match,0.0605,0.9980,0.8765,no,Acceptable,Low,none,not required,,Vehicle Horn,Likely Valid,True,True,correct,,1516.166,48.461,1594.06
SS-HOR-0657,SS-HOR-0657.wav,Vehicle Horn,Vehicle Horn,0.9984,0.0001,0.0002,0.0004,0.9984,0.0003,0.0001,0.0000,0.0003,0.0001,0.0001,Aggression,0.2918,0.0002,0.2305,0.0160,0.2354,0.0035,0.1973,0.0244,0.2918,0.0005,0.0004,mismatch,Uncertain Result,0.7066,0.9980,0.0564,no,Acceptable,Low,none,required,model_disagreement; low_confidence,Vehicle Horn,Manual Review Required,True,False,sent to review,Python Vehicle Horn (1.00) vs GTM Aggression (0.29); Python correct. True class Vehicle Horn ranked #1 by Python and #2 by GTM.,1282.07,62.655,1357.568
SS-HOR-0714,SS-HOR-0714.wav,Vehicle Horn,Vehicle Horn,0.9884,0.0004,0.0001,0.0097,0.9884,0.0002,0.0003,0.0000,0.0006,0.0001,0.0002,Machinery Fault,0.4437,0.4437,0.0027,0.0715,0.0387,0.0446,0.1815,0.0300,0.0144,0.0001,0.1730,mismatch,Uncertain Result,0.5448,0.9787,0.2622,no,Good,Low,none,required,model_disagreement; low_confidence,Vehicle Horn,Manual Review Required,True,False,sent to review,Python Vehicle Horn (0.99) vs GTM Machinery Fault (0.44); Python correct. True class Vehicle Horn ranked #1 by Python and #6 by GTM.,1392.037,46.416,1467.167
