audio_id,filename,class_label,source,source_url,licence,author,date_fetched,duration_sec,sampling_rate,channels,recording_environment,recording_device,approximate_distance,original_or_augmented,parent_audio_id,segment_start_sec,segment_end_sec,sha256,dataset_split,freesound_id,fsd50k_split,fsd50k_labels,licence_url,environment_basis,fetch_batch
SS-AGG-0001,originals/aggression/SS-AGG-0001.wav,Aggression,FSD50K (Freesound clip 234034),https://freesound.org/s/234034/,CC-BY-3.0,11linda,2026-09-23,9.906,44100,1,unspecified,unspecified,n/a,original,,,,c1d006f9728aec7e99175bd6254d2d2b81a5cd4f889031e4a2c303da39985ddf,train,234034,dev,"Female_speech_and_woman_speaking,Shout,Speech,Human_voice",http://creativecommons.org/licenses/by/3.0/,unmatched,fsd50k_real_v1
SS-AGG-0002,originals/aggression/SS-AGG-0002.wav,Aggression,FSD50K (Freesound clip 378918),https://freesound.org/s/378918/,CC0-1.0,13FPanska_Cerny_Jan,2026-09-23,1.704,44100,1,unspecified,unspecified,n/a,original,,,,67016da959cc1ae2fdf9a69a2102a3ade1f293236f0d4da6b8e58261097675b1,train,378918,dev,"Slam,Door,Domestic_sounds_and_home_sounds",http://creativecommons.org/publicdomain/zero/1.0/,unmatched,fsd50k_real_v1
SS-AGG-0003,originals/aggression/SS-AGG-0003.wav,Aggression,FSD50K (Freesound clip 78483),https://freesound.org/s/78483/,CC0-1.0,1sticky8,2026-09-23,5.642,44100,1,indoor,unspecified,n/a,original,,,,513bdd9a8f465cbaebdbb00ff38b59401bcebb53ddaf5ddd2647a852ab421a5d,train,78483,eval,"Walk_and_footsteps,Mechanisms,Thump_and_thud,Bicycle,Vehicle",http://creativecommons.org/publicdomain/zero/1.0/,stated,fsd50k_real_v1
SS-AGG-0004,originals/aggression/SS-AGG-0004.wav,Aggression,FSD50K (Freesound clip 164561),https://freesound.org/s/164561/,CC0-1.0,Adam_N,2026-09-23,0.924,44100,1,unspecified,unspecified,n/a,original,,,,3226625eaf835745408610a516d29bc399c9b3cd467ca6442e2731628daf5049,train,164561,dev,Thump_and_thud,http://creativecommons.org/publicdomain/zero/1.0/,unmatched,fsd50k_real_v1
SS-AGG-0005,originals/aggression/SS-AGG-0005.wav,Aggression,FSD50K (Freesound clip 191950),https://freesound.org/s/191950/,CC0-1.0,Aiyumi,2026-09-23,6.67,44100,1,unspecified,unspecified,n/a,original,,,,c94a518c90bfc778cd78ed5e6eb28bad63470d34102651ba9bdcc3cf1eb87a67,train,191950,dev,"Sliding_door,Slam,Door,Domestic_sounds_and_home_sounds",http://creativecommons.org/publicdomain/zero/1.0/,unmatched,fsd50k_real_v1
SS-AGG-0006,originals/aggression/SS-AGG-0006.wav,Aggression,FSD50K (Freesound clip 96134),https://freesound.org/s/96134/,CC0-1.0,BMacZero,2026-09-23,0.313,44100,1,unspecified,unspecified,n/a,original,,,,88b21fe17c2e6f2d687dbb12c7ba9201ac822203cf0191c9fc81e2e52c3ce72f,train,96134,eval,Thump_and_thud,http://creativecommons.org/publicdomain/zero/1.0/,unmatched,fsd50k_real_v1
SS-AGG-0007,originals/aggression/SS-AGG-0007.wav,Aggression,FSD50K (Freesound clip 78324),https://freesound.org/s/78324/,CC-BY-3.0,Benboncan,2026-09-23,18.646,44100,1,unspecified,unspecified,n/a,original,,,,3c1fdcadeea0ba261032264183ef85a0268a2eea153f6552135ba0f49c719eae,train,78324,dev,"Growling,Dog,Domestic_animals_and_pets,Animal",http://creativecommons.org/licenses/by/3.0/,unmatched,fsd50k_real_v1
SS-AGG-0008,originals/aggression/SS-AGG-0008.wav,Aggression,FSD50K (Freesound clip 191851),https://freesound.org/s/191851/,CC-BY-3.0,BiblicalBricksProductions,2026-09-23,6.607,44100,1,indoor,unspecified,n/a,original,,,,424b0950f17f771030da4f12ce8bc872466b9d2b5fd91bebc745247501f76689,train,191851,eval,"Walk_and_footsteps,Slam,Door,Domestic_sounds_and_home_sounds",http://creativecommons.org/licenses/by/3.0/,stated,fsd50k_real_v1
SS-AGG-0009,originals/aggression/SS-AGG-0009.wav,Aggression,FSD50K (Freesound clip 344149),https://freesound.org/s/344149/,CC0-1.0,Brokenphono,2026-09-23,0.749,44100,1,studio,unspecified,n/a,original,,,,074bfca020a187a90fdcfbfe2645c11d572917cad0ce1c71289086b94b31773a,train,344149,eval,Thump_and_thud,http://creativecommons.org/publicdomain/zero/1.0/,inferred_from_tags,fsd50k_real_v1
SS-AGG-0010,originals/aggression/SS-AGG-0010.wav,Aggression,FSD50K (Freesound clip 93959),https://freesound.org/s/93959/,CC-BY-3.0,CGEffex,2026-09-23,22.524,44100,1,unspecified,unspecified,n/a,original,,,,cc86008fd7e72815d3f971834f83a710393bb60849d77ff600ecae7ec6700ba7,train,93959,dev,Thump_and_thud,http://creativecommons.org/licenses/by/3.0/,unmatched,fsd50k_real_v1
SS-AGG-0011,originals/aggression/SS-AGG-0011.wav,Aggression,FSD50K (Freesound clip 365478),https://freesound.org/s/365478/,CC0-1.0,Caitlin_100,2026-09-23,4.362,44100,1,unspecified,unspecified,n/a,original,,,,f36397f3fc076b6387989c19f33b629bcec274d5de0237de99a0468fe17ce6af,train,365478,dev,"Slam,Door,Domestic_sounds_and_home_sounds",http://creativecommons.org/publicdomain/zero/1.0/,unmatched,fsd50k_real_v1
SS-AGG-0012,originals/aggression/SS-AGG-0012.wav,Aggression,FSD50K (Freesound clip 216872),https://freesound.org/s/216872/,CC0-1.0,CastIronCarousel,2026-09-23,0.532,44100,1,studio,unspecified,n/a,original,,,,067d62693b87b0b14541b396155493e5b60763284c8a757f971a4079cb5a921d,train,216872,dev,"Slam,Wood,Door,Domestic_sounds_and_home_sounds",http://creativecommons.org/publicdomain/zero/1.0/,stated,fsd50k_real_v1
SS-AGG-0013,originals/aggression/SS-AGG-0013.wav,Aggression,FSD50K (Freesound clip 267916),https://freesound.org/s/267916/,CC0-1.0,ChemiCatz,2026-09-23,2.646,44100,1,unspecified,unspecified,n/a,original,,,,ef8ec45b98658ed65513df4558d3668f2d053654fcade21f65db25c86408b437,train,267916,dev,Thump_and_thud,http://creativecommons.org/publicdomain/zero/1.0/,unmatched,fsd50k_real_v1
SS-AGG-0014,originals/aggression/SS-AGG-0014.wav,Aggression,FSD50K (Freesound clip 387478),https://freesound.org/s/387478/,CC-BY-3.0,CosmicEmbers,2026-09-23,0.554,44100,1,studio,unspecified,n/a,original,,,,d8b6bd29e15139a6aba9df2fb79626eca3c9e637e94435ac39641edbe9471efe,train,387478,dev,Thump_and_thud,http://creativecommons.org/licenses/by/3.0/,stated,fsd50k_real_v1
SS-AGG-0015,originals/aggression/SS-AGG-0015.wav,Aggression,FSD50K (Freesound clip 369619),https://freesound.org/s/369619/,CC0-1.0,Cribbler,2026-09-23,1.331,44100,1,indoor,unspecified,n/a,original,,,,7c3dbe35abc9851420e135b904cf8f21a8456ab5a2514308643581b6b574ebff,val,369619,eval,"Slam,Door,Domestic_sounds_and_home_sounds",http://creativecommons.org/publicdomain/zero/1.0/,stated,fsd50k_real_v1
SS-AGG-0016,originals/aggression/SS-AGG-0016.wav,Aggression,FSD50K (Freesound clip 144204),https://freesound.org/s/144204/,CC-BY-3.0,D W,2026-09-23,2.08,44100,1,unspecified,unspecified,n/a,original,,,,ae564da37fa26be0d52de8df6b717947d5f65518bfebfc30bc9170174994fcac,train,144204,dev,"Slam,Door,Domestic_sounds_and_home_sounds",http://creativecommons.org/licenses/by/3.0/,unmatched,fsd50k_real_v1
SS-AGG-0017,originals/aggression/SS-AGG-0017.wav,Aggression,FSD50K (Freesound clip 387981),https://freesound.org/s/387981/,CC0-1.0,DCPoke,2026-09-23,2.675,44100,1,outdoor,unspecified,n/a,original,,,,d1d5ffbe59f133ab8afed9eac6eb3e33c934ef7ccef1f884d023061b3ff96ad5,train,387981,dev,"Chirp_and_tweet,Slam,Car,Motor_vehicle_(road),Vehicle,Bird_vocalization_and_bird_call_and_bird_song,Bird,Wild_animals,Animal,Door,Domestic_sounds_and_home_sounds",http://creativecommons.org/publicdomain/zero/1.0/,inferred_from_tags,fsd50k_real_v1
SS-AGG-0018,originals/aggression/SS-AGG-0018.wav,Aggression,FSD50K (Freesound clip 125487),https://freesound.org/s/125487/,Sampling+-1.0,Dariachic,2026-09-23,2.219,44100,1,unspecified,unspecified,n/a,original,,,,1004df390bc7345b770cf4c5d12865d2d1c4d3819fd602095cce56116667810e,train,125487,dev,Thump_and_thud,http://creativecommons.org/licenses/sampling+/1.0/,unmatched,fsd50k_real_v1
SS-AGG-0019,originals/aggression/SS-AGG-0019.wav,Aggression,FSD50K (Freesound clip 151121),https://freesound.org/s/151121/,CC-BY-3.0,Dizzy Banjo,2026-09-23,3.464,44100,1,unspecified,unspecified,n/a,original,,,,42a0b25c2551c177763d7bd6e0b559138007fb656883781e5ab7f48897d3e683,test,151121,dev,"Slam,Door,Domestic_sounds_and_home_sounds",http://creativecommons.org/licenses/by/3.0/,unmatched,fsd50k_real_v1
SS-AGG-0020,originals/aggression/SS-AGG-0020.wav,Aggression,FSD50K (Freesound clip 131016),https://freesound.org/s/131016/,CC-BY-3.0,Dymewiz,2026-09-23,0.716,44100,1,outdoor,unspecified,n/a,original,,,,601e8e9a0a87784a5bcaee2ea2c9a869e15735a74eeeef6973e6738affb00225,test,131016,dev,"Slam,Door,Domestic_sounds_and_home_sounds",http://creativecommons.org/licenses/by/3.0/,inferred_from_tags,fsd50k_real_v1
SS-AGG-0021,originals/aggression/SS-AGG-0021.wav,Aggression,FSD50K (Freesound clip 114019),https://freesound.org/s/114019/,CC-BY-3.0,EdgardEdition,2026-09-23,0.303,44100,1,unspecified,unspecified,n/a,original,,,,48af71fb9f473009552b51788b6c539be452de3f03b18ff46226467cbb8f12f7,val,114019,dev,Thump_and_thud,http://creativecommons.org/licenses/by/3.0/,unmatched,fsd50k_real_v1
SS-AGG-0022,originals/aggression/SS-AGG-0022.wav,Aggression,FSD50K (Freesound clip 44261),https://freesound.org/s/44261/,CC-BY-3.0,Erdie,2026-09-23,0.933,44100,1,unspecified,unspecified,n/a,original,,,,cceeb95bc835f331fab770649a5e8c31e90fcd9eadcc25d411f96eca997a6f6c,train,44261,eval,"Shout,Human_voice",http://creativecommons.org/licenses/by/3.0/,unmatched,fsd50k_real_v1
SS-AGG-0023,originals/aggression/SS-AGG-0023.wav,Aggression,FSD50K (Freesound clip 336482),https://freesound.org/s/336482/,CC0-1.0,Faulkin,2026-09-23,1.115,44100,1,unspecified,unspecified,n/a,original,,,,0451e8b084c57ea9be812d360ed582e13581c0c50d736f4fa4c3c68475c52278,train,336482,dev,Thump_and_thud,http://creativecommons.org/publicdomain/zero/1.0/,unmatched,fsd50k_real_v1
SS-AGG-0024,originals/aggression/SS-AGG-0024.wav,Aggression,FSD50K (Freesound clip 363103),https://freesound.org/s/363103/,CC0-1.0,FractalStudios,2026-09-23,21.745,44100,1,unspecified,unspecified,n/a,original,,,,1660f727e2805c0fdb4ff95588ef5a0f1b8d6ce567a69d8cf990b32287d2ead5,train,363103,dev,"Growling,Hiss,Cat,Domestic_animals_and_pets,Animal",http://creativecommons.org/publicdomain/zero/1.0/,unmatched,fsd50k_real_v1
SS-AGG-0025,originals/aggression/SS-AGG-0025.wav,Aggression,FSD50K (Freesound clip 372531),https://freesound.org/s/372531/,CC0-1.0,Glitchedtones,2026-09-23,1.708,44100,1,unspecified,unspecified,n/a,original,,,,dc24acd9ac5edbb960aff05396fb330d8072b50224e8065156995b22149de413,val,372531,dev,"Growling,Dog,Domestic_animals_and_pets,Animal",http://creativecommons.org/publicdomain/zero/1.0/,unmatched,fsd50k_real_v1
SS-AGG-0026,originals/aggression/SS-AGG-0026.wav,Aggression,FSD50K (Freesound clip 121678),https://freesound.org/s/121678/,CC-BY-3.0,Halleck,2026-09-23,10.018,44100,1,unspecified,unspecified,n/a,original,,,,c5450a1ec36bd79fcdb32278ce2b86b733b2e0a3ece56e1310691fd35c2e6c24,train,121678,dev,Thump_and_thud,http://creativecommons.org/licenses/by/3.0/,unmatched,fsd50k_real_v1
SS-AGG-0027,originals/aggression/SS-AGG-0027.wav,Aggression,FSD50K (Freesound clip 339927),https://freesound.org/s/339927/,CC-BY-3.0,IESP,2026-09-23,14.0,44100,1,outdoor,unspecified,n/a,original,,,,94b9a563740fa7eb7a6cc1203bf2440081bdeb49a0144c86bd4fc7fa60b8e9c8,train,339927,eval,"Walk_and_footsteps,Run,Traffic_noise_and_roadway_noise,Truck,Thump_and_thud,Motor_vehicle_(road),Vehicle",http://creativecommons.org/licenses/by/3.0/,stated,fsd50k_real_v1
SS-AGG-0028,originals/aggression/SS-AGG-0028.wav,Aggression,FSD50K (Freesound clip 411789),https://freesound.org/s/411789/,CC-BY-3.0,InspectorJ,2026-09-23,1.291,44100,1,indoor,unspecified,n/a,original,,,,153ee30483866cb0df3d4dffcd87b375483fd22c08061b8b51c24fca3b2ef8bb,val,411789,dev,"Slam,Door,Domestic_sounds_and_home_sounds",http://creativecommons.org/licenses/by/3.0/,stated,fsd50k_real_v1
SS-AGG-0029,originals/aggression/SS-AGG-0029.wav,Aggression,FSD50K (Freesound clip 257049),https://freesound.org/s/257049/,CC-BY-3.0,Jagadamba,2026-09-23,4.062,44100,1,outdoor,unspecified,n/a,original,,,,b51c6844aba7fb457d967d75326faad718a578a4cadc40f300cc712bc298d744,train,257049,dev,Thump_and_thud,http://creativecommons.org/licenses/by/3.0/,stated,fsd50k_real_v1
SS-AGG-0030,originals/aggression/SS-AGG-0030.wav,Aggression,FSD50K (Freesound clip 261090),https://freesound.org/s/261090/,CC-BY-3.0,JakLocke,2026-09-23,4.389,44100,1,unspecified,unspecified,n/a,original,,,,90bc91ec858330c6fdf89bc36752f391f0f5c037f1a4b724206f6c677aebcd06,val,261090,dev,"Slam,Door,Domestic_sounds_and_home_sounds",http://creativecommons.org/licenses/by/3.0/,unmatched,fsd50k_real_v1
SS-AGG-0031,originals/aggression/SS-AGG-0031.wav,Aggression,FSD50K (Freesound clip 219480),https://freesound.org/s/219480/,CC0-1.0,JarredGibb,2026-09-23,1.448,44100,1,unspecified,unspecified,n/a,original,,,,81f090eee748a5ee30353eb10846102143267d4180a639812de5a27bd49d6af7,test,219480,dev,"Slam,Door,Domestic_sounds_and_home_sounds",http://creativecommons.org/publicdomain/zero/1.0/,unmatched,fsd50k_real_v1
SS-AGG-0032,originals/aggression/SS-AGG-0032.wav,Aggression,FSD50K (Freesound clip 383748),https://freesound.org/s/383748/,CC-BY-3.0,Jay_You,2026-09-23,0.553,44100,1,outdoor,unspecified,n/a,original,,,,1d660ab85a7dc08e083581699b27b52b5039803c7681ec0227cd962dc3957e40,train,383748,eval,Thump_and_thud,http://creativecommons.org/licenses/by/3.0/,stated,fsd50k_real_v1
SS-AGG-0033,originals/aggression/SS-AGG-0033.wav,Aggression,FSD50K (Freesound clip 426389),https://freesound.org/s/426389/,CC0-1.0,Jbricker1997,2026-09-23,2.334,44100,1,unspecified,unspecified,n/a,original,,,,7857571431eb8606d97c5a317379408ca894d0ed54d2126fdd0441f97d5f780b,train,426389,dev,"Slam,Door,Domestic_sounds_and_home_sounds",http://creativecommons.org/publicdomain/zero/1.0/,unmatched,fsd50k_real_v1
SS-AGG-0034,originals/aggression/SS-AGG-0034.wav,Aggression,FSD50K (Freesound clip 215472),https://freesound.org/s/215472/,CC0-1.0,JoeNovice,2026-09-23,8.386,44100,1,unspecified,unspecified,n/a,original,,,,8c36ca87ccf8ca91e7a3a84717e04285e2291d2ac5119d4cf8e0bf5c7d312df0,train,215472,dev,Thump_and_thud,http://creativecommons.org/publicdomain/zero/1.0/,unmatched,fsd50k_real_v1
SS-AGG-0035,originals/aggression/SS-AGG-0035.wav,Aggression,FSD50K (Freesound clip 320234),https://freesound.org/s/320234/,CC0-1.0,Kukensius,2026-09-23,19.15,44100,1,outdoor,unspecified,n/a,original,,,,51246fb4fc5aacf147c6a91391d5134c0cb4f672fb01235e74bc1a4b42e89bbc,train,320234,eval,"Male_speech_and_man_speaking,Female_speech_and_woman_speaking,Subway_and_metro_and_underground,Sliding_door,Slam,Hiss,Alarm,Speech,Human_voice,Rail_transport,Vehicle,Door,Domestic_sounds_and_home_sounds",http://creativecommons.org/publicdomain/zero/1.0/,stated,fsd50k_real_v1
SS-AGG-0036,originals/aggression/SS-AGG-0036.wav,Aggression,FSD50K (Freesound clip 153408),https://freesound.org/s/153408/,CC0-1.0,Kyodon,2026-09-23,4.807,44100,1,unspecified,unspecified,n/a,original,,,,9ef019316e94861cb53a33096b7741fa827f4dabfbe680f0327d77742750626a,train,153408,dev,"Slam,Door,Domestic_sounds_and_home_sounds",http://creativecommons.org/publicdomain/zero/1.0/,unmatched,fsd50k_real_v1
SS-AGG-0037,originals/aggression/SS-AGG-0037.wav,Aggression,FSD50K (Freesound clip 73050),https://freesound.org/s/73050/,CC-BY-3.0,LG,2026-09-23,6.351,44100,1,unspecified,unspecified,n/a,original,,,,0b6b94b07d6ae81b98a4058a0997cb9499f232cce43fbd4a8c345fd98a86df87,train,73050,dev,"Slam,Door,Domestic_sounds_and_home_sounds",http://creativecommons.org/licenses/by/3.0/,unmatched,fsd50k_real_v1
SS-AGG-0038,originals/aggression/SS-AGG-0038.wav,Aggression,FSD50K (Freesound clip 153362),https://freesound.org/s/153362/,CC0-1.0,Lau7,2026-09-23,0.531,44100,1,unspecified,unspecified,n/a,original,,,,ff58e43f426934be57b2e45aba8369e7a24149a08c677a3ba303333549466396,train,153362,dev,"Slam,Door,Domestic_sounds_and_home_sounds",http://creativecommons.org/publicdomain/zero/1.0/,unmatched,fsd50k_real_v1
SS-AGG-0039,originals/aggression/SS-AGG-0039.wav,Aggression,FSD50K (Freesound clip 323079),https://freesound.org/s/323079/,CC-BY-3.0,LiamG_SFX,2026-09-23,1.481,44100,1,unspecified,unspecified,n/a,original,,,,2e716a93e2d636b4e22d97ce2813aca2a64b2374a52500c732fa2b66d6c2e3e6,test,323079,dev,"Shout,Human_voice",http://creativecommons.org/licenses/by/3.0/,unmatched,fsd50k_real_v1
SS-AGG-0040,originals/aggression/SS-AGG-0040.wav,Aggression,FSD50K (Freesound clip 363181),https://freesound.org/s/363181/,CC0-1.0,LittleLuigi,2026-09-23,3.27,44100,1,unspecified,unspecified,n/a,original,,,,9ba426218c710cf3a601fc926cabf2c5a13de0c16b78ffc1fa28425252192953,train,363181,dev,Thump_and_thud,http://creativecommons.org/publicdomain/zero/1.0/,unmatched,fsd50k_real_v1
SS-AGG-0041,originals/aggression/SS-AGG-0041.wav,Aggression,FSD50K (Freesound clip 85809),https://freesound.org/s/85809/,CC-BY-3.0,MWLANDI,2026-09-23,2.0,44100,1,unspecified,unspecified,n/a,original,,,,a9fc76d5c7630d2bf0902a3f2072295ada6194538378f92612b61919fd292a10,val,85809,dev,"Slam,Door,Domestic_sounds_and_home_sounds",http://creativecommons.org/licenses/by/3.0/,unmatched,fsd50k_real_v1
SS-AGG-0042,originals/aggression/SS-AGG-0042.wav,Aggression,FSD50K (Freesound clip 183599),https://freesound.org/s/183599/,CC-BY-3.0,MaxDemianAGL,2026-09-23,1.283,44100,1,indoor,unspecified,n/a,original,,,,7123dec774887d046067893f26178267be11d959e7979c9af9bc862cbe336041,val,183599,dev,"Slam,Door,Domestic_sounds_and_home_sounds",http://creativecommons.org/licenses/by/3.0/,stated,fsd50k_real_v1
SS-AGG-0043,originals/aggression/SS-AGG-0043.wav,Aggression,FSD50K (Freesound clip 426585),https://freesound.org/s/426585/,CC0-1.0,MootMcnoodles,2026-09-23,2.133,44100,1,unspecified,unspecified,n/a,original,,,,954e6a0ffc24c46d6c049bb236e0f3100068e2427dd4f85363896cf635f843d4,train,426585,eval,"Rattle,Slam,Door,Domestic_sounds_and_home_sounds",http://creativecommons.org/publicdomain/zero/1.0/,unmatched,fsd50k_real_v1
SS-AGG-0044,originals/aggression/SS-AGG-0044.wav,Aggression,FSD50K (Freesound clip 996),https://freesound.org/s/996/,CC-BY-3.0,RHumphries,2026-09-23,13.268,44100,1,indoor,unspecified,n/a,original,,,,0aee99688b38909e8ed40c64e814e7910a40c2d98a5bd712501f0b72a73ff783,train,996,eval,"Sliding_door,Slam,Door,Domestic_sounds_and_home_sounds",http://creativecommons.org/licenses/by/3.0/,stated,fsd50k_real_v1
SS-AGG-0045,originals/aggression/SS-AGG-0045.wav,Aggression,FSD50K (Freesound clip 244757),https://freesound.org/s/244757/,CC0-1.0,Reitanna,2026-09-23,0.464,44100,1,unspecified,unspecified,n/a,original,,,,2adfca6e00c190a8821833d011650ea3f5e0bb039e5afe102feb7939908ce2a2,train,244757,dev,Thump_and_thud,http://creativecommons.org/publicdomain/zero/1.0/,unmatched,fsd50k_real_v1
SS-AGG-0046,originals/aggression/SS-AGG-0046.wav,Aggression,FSD50K (Freesound clip 205658),https://freesound.org/s/205658/,CC0-1.0,Soundscape_Leuphana,2026-09-23,4.161,44100,1,indoor,unspecified,n/a,original,,,,4fa6f8da1513c014811d73169b2fbe9656e450a386b9e30159778ae9f513d2de,val,205658,eval,"Squeak,Sliding_door,Slam,Door,Domestic_sounds_and_home_sounds",http://creativecommons.org/publicdomain/zero/1.0/,inferred_from_tags,fsd50k_real_v1
SS-AGG-0047,originals/aggression/SS-AGG-0047.wav,Aggression,FSD50K (Freesound clip 39560),https://freesound.org/s/39560/,CC-BY-3.0,THE_bizniss,2026-09-23,6.084,44100,1,unspecified,unspecified,n/a,original,,,,cae294c94d323082c2a6edd8c18ad1cca08be4b0cd471a163d146cc366c663de,train,39560,eval,"Drawer_open_or_close,Thump_and_thud,Domestic_sounds_and_home_sounds",http://creativecommons.org/licenses/by/3.0/,unmatched,fsd50k_real_v1
SS-AGG-0048,originals/aggression/SS-AGG-0048.wav,Aggression,FSD50K (Freesound clip 211910),https://freesound.org/s/211910/,CC-BY-3.0,Taira Komori,2026-09-23,3.216,44100,1,unspecified,unspecified,n/a,original,,,,1a9890c184173bd398cd6bc1b6636b965b62600995a75db138f913e19e1b5302,train,211910,dev,"Sliding_door,Slam,Door,Domestic_sounds_and_home_sounds",http://creativecommons.org/licenses/by/3.0/,unmatched,fsd50k_real_v1
SS-AGG-0049,originals/aggression/SS-AGG-0049.wav,Aggression,FSD50K (Freesound clip 163276),https://freesound.org/s/163276/,CC-BY-3.0,TobiasKosmos,2026-09-23,1.106,44100,1,indoor,unspecified,n/a,original,,,,3fc348b4e6c8aaf435a9facfcffef68f6ef6e8959d0a6a57d979101f2caa8f11,val,163276,dev,"Growling,Dog,Domestic_animals_and_pets,Animal",http://creativecommons.org/licenses/by/3.0/,stated,fsd50k_real_v1
SS-AGG-0050,originals/aggression/SS-AGG-0050.wav,Aggression,FSD50K (Freesound clip 96840),https://freesound.org/s/96840/,CC-BY-3.0,Tomlija,2026-09-23,2.301,44100,1,indoor,unspecified,n/a,original,,,,30f52403dbe2078a9576d62567815528bcbb8b7f82db01aaf1a2869f9d794672,train,96840,eval,"Slam,Door,Domestic_sounds_and_home_sounds",http://creativecommons.org/licenses/by/3.0/,stated,fsd50k_real_v1
SS-AGG-0051,originals/aggression/SS-AGG-0051.wav,Aggression,FSD50K (Freesound clip 31000),https://freesound.org/s/31000/,CC0-1.0,UncleSigmund,2026-09-23,4.5,44100,1,unspecified,unspecified,n/a,original,,,,feef680708f7298b15188ea4578b0c61f565bf8afd9ba138dfcd218bb08cc28b,test,31000,eval,"Shout,Human_voice",http://creativecommons.org/publicdomain/zero/1.0/,unmatched,fsd50k_real_v1
SS-AGG-0052,originals/aggression/SS-AGG-0052.wav,Aggression,FSD50K (Freesound clip 218462),https://freesound.org/s/218462/,CC-BY-3.0,Yap_Audio_Production,2026-09-23,2.142,44100,1,studio,unspecified,n/a,original,,,,1e288e8df01738c5c809f87071a4a3047ed6b94d704f3293b0a0370ca96bc5d4,train,218462,eval,"Whoosh_and_swoosh_and_swish,Thump_and_thud",http://creativecommons.org/licenses/by/3.0/,stated,fsd50k_real_v1
SS-AGG-0053,originals/aggression/SS-AGG-0053.wav,Aggression,FSD50K (Freesound clip 257897),https://freesound.org/s/257897/,CC0-1.0,Yoyodaman234,2026-09-23,5.909,44100,1,unspecified,unspecified,n/a,original,,,,6992950473880938463a83c378a2954b667affe75b90dfd3a5cefed622d5bb33,test,257897,dev,"Sliding_door,Slam,Door,Domestic_sounds_and_home_sounds",http://creativecommons.org/publicdomain/zero/1.0/,unmatched,fsd50k_real_v1
SS-AGG-0054,originals/aggression/SS-AGG-0054.wav,Aggression,FSD50K (Freesound clip 146966),https://freesound.org/s/146966/,CC0-1.0,Zabuhailo,2026-09-23,7.381,44100,1,unspecified,unspecified,n/a,original,,,,f2a7dcbeb55fcb419a241bd83956b6c887e1f16740c2d6a0daee6b4a467583c0,train,146966,dev,"Growling,Cat,Domestic_animals_and_pets,Animal",http://creativecommons.org/publicdomain/zero/1.0/,unmatched,fsd50k_real_v1
SS-AGG-0055,originals/aggression/SS-AGG-0055.wav,Aggression,FSD50K (Freesound clip 389615),https://freesound.org/s/389615/,CC0-1.0,_stubb,2026-09-23,1.733,44100,1,unspecified,unspecified,n/a,original,,,,15bab16b8c147f5409e7a29eab69639a4af26293fec228bce4a3ad9ed450f9bf,train,389615,eval,"Growling,Human_voice,Wild_animals,Animal",http://creativecommons.org/publicdomain/zero/1.0/,unmatched,fsd50k_real_v1
SS-AGG-0056,originals/aggression/SS-AGG-0056.wav,Aggression,FSD50K (Freesound clip 13853),https://freesound.org/s/13853/,CC0-1.0,adcbicycle,2026-09-23,1.09,44100,1,unspecified,unspecified,n/a,original,,,,b14105fb993b46ae2bb0d2954e3e554168663c7090bd70bbdbd130c8dc5757ae,train,13853,dev,Thump_and_thud,http://creativecommons.org/publicdomain/zero/1.0/,unmatched,fsd50k_real_v1
SS-AGG-0057,originals/aggression/SS-AGG-0057.wav,Aggression,FSD50K (Freesound clip 181936),https://freesound.org/s/181936/,CC0-1.0,aerror,2026-09-23,18.274,44100,1,outdoor,unspecified,n/a,original,,,,814619e5094db58a95dff1dcb8f9826eea8677ebc4c9917b462fcde866bb0e47,test,181936,eval,"Chirp_and_tweet,Thump_and_thud,Livestock_and_farm_animals_and_working_animals,Bird_vocalization_and_bird_call_and_bird_song,Bird,Wild_animals,Animal",http://creativecommons.org/publicdomain/zero/1.0/,inferred_from_tags,fsd50k_real_v1
SS-AGG-0058,originals/aggression/SS-AGG-0058.wav,Aggression,FSD50K (Freesound clip 207124),https://freesound.org/s/207124/,CC0-1.0,ahill86,2026-09-23,13.165,44100,1,outdoor,unspecified,n/a,original,,,,390a00952404d8e0341be05e8940a32dc66acbff0d8a9e0a3efab0c6699361c8,test,207124,eval,"Bark,Growling,Dog,Domestic_animals_and_pets,Animal",http://creativecommons.org/publicdomain/zero/1.0/,stated,fsd50k_real_v1
SS-AGG-0059,originals/aggression/SS-AGG-0059.wav,Aggression,FSD50K (Freesound clip 233001),https://freesound.org/s/233001/,CC-BY-3.0,amorralteixe,2026-09-23,4.081,44100,1,outdoor,unspecified,n/a,original,,,,7a9475c744c54342c40ec2020ec3e74aa9eced96ed0605e6f57fbb4c25cb908a,train,233001,dev,"Slam,Door,Domestic_sounds_and_home_sounds",http://creativecommons.org/licenses/by/3.0/,stated,fsd50k_real_v1
SS-AGG-0060,originals/aggression/SS-AGG-0060.wav,Aggression,FSD50K (Freesound clip 244976),https://freesound.org/s/244976/,CC0-1.0,ani_music,2026-09-23,0.732,44100,1,outdoor,unspecified,n/a,original,,,,a65fdc586c796c60dca758bb2a63e698e83bd6a6e0b8e06c80cc925f4f7f9187,test,244976,eval,"Bird,Thump_and_thud,Wild_animals,Animal",http://creativecommons.org/publicdomain/zero/1.0/,stated,fsd50k_real_v1
SS-AGG-0061,originals/aggression/SS-AGG-0061.wav,Aggression,FSD50K (Freesound clip 10380),https://freesound.org/s/10380/,CC0-1.0,batchku,2026-09-23,3.974,44100,1,unspecified,unspecified,n/a,original,,,,75379c95fe207a3e06c78ec0081a89e5535c9ed2f498441ed0ea746c56c9c99a,train,10380,dev,"Growling,Animal",http://creativecommons.org/publicdomain/zero/1.0/,unmatched,fsd50k_real_v1
SS-AGG-0062,originals/aggression/SS-AGG-0062.wav,Aggression,FSD50K (Freesound clip 80928),https://freesound.org/s/80928/,CC-BY-3.0,bennstir,2026-09-23,1.296,44100,1,unspecified,unspecified,n/a,original,,,,f1b19f136b76146016078f18b55b131a65864c2fe6a07882829d08efc1eb230b,train,80928,dev,"Slam,Door,Domestic_sounds_and_home_sounds",http://creativecommons.org/licenses/by/3.0/,unmatched,fsd50k_real_v1
SS-AGG-0063,originals/aggression/SS-AGG-0063.wav,Aggression,FSD50K (Freesound clip 62327),https://freesound.org/s/62327/,CC0-1.0,bsumusictech,2026-09-23,4.608,44100,1,unspecified,unspecified,n/a,original,,,,4ecd0beff6b502145e47412a4f64b6fa7d665732b3d69af79d8ae9bcce3825eb,train,62327,eval,"Male_speech_and_man_speaking,Bark,Slam,Cricket,Speech,Human_voice,Dog,Domestic_animals_and_pets,Animal,Door,Domestic_sounds_and_home_sounds,Insect,Wild_animals",http://creativecommons.org/publicdomain/zero/1.0/,unmatched,fsd50k_real_v1
SS-AGG-0064,originals/aggression/SS-AGG-0064.wav,Aggression,FSD50K (Freesound clip 397662),https://freesound.org/s/397662/,CC-BY-3.0,cetsoundcrew,2026-09-23,3.999,44100,1,unspecified,unspecified,n/a,original,,,,11b54fbc3365fb5865b36dd5dee3dfd5de1db10947d5263ee034f904c63bcd8a,test,397662,eval,"Whoosh_and_swoosh_and_swish,Thump_and_thud",http://creativecommons.org/licenses/by/3.0/,unmatched,fsd50k_real_v1
SS-AGG-0065,originals/aggression/SS-AGG-0065.wav,Aggression,FSD50K (Freesound clip 17093),https://freesound.org/s/17093/,CC0-1.0,cognito perceptu,2026-09-23,10.128,44100,1,indoor,unspecified,n/a,original,,,,8f432597930c236356ca70be716dcdf6ef23069d8c356dd5e27f620c90ecb76d,train,17093,eval,"Male_speech_and_man_speaking,Applause,Chatter,Clapping,Shout,Speech,Human_voice,Human_group_actions,Hands",http://creativecommons.org/publicdomain/zero/1.0/,stated,fsd50k_real_v1
SS-AGG-0066,originals/aggression/SS-AGG-0066.wav,Aggression,FSD50K (Freesound clip 36821),https://freesound.org/s/36821/,CC0-1.0,csproductions,2026-09-23,1.2,44100,1,indoor,unspecified,n/a,original,,,,ced26757ea127a80282cd874afe6f02fcdff98c527d5a452477238aa2a3031aa,test,36821,dev,"Slam,Door,Domestic_sounds_and_home_sounds",http://creativecommons.org/publicdomain/zero/1.0/,stated,fsd50k_real_v1
SS-AGG-0067,originals/aggression/SS-AGG-0067.wav,Aggression,FSD50K (Freesound clip 43806),https://freesound.org/s/43806/,CC-BY-3.0,daveincamas,2026-09-23,4.625,44100,1,outdoor,unspecified,n/a,original,,,,5dba0b6ad6bd51fc5446d055dc4a0f1ed232d99aef75144c5dc04bb19149999c,val,43806,eval,"Applause,Clapping,Motor_vehicle_(road),Siren,Shout,Vehicle,Human_group_actions,Alarm,Human_voice,Hands",http://creativecommons.org/licenses/by/3.0/,stated,fsd50k_real_v1
SS-AGG-0068,originals/aggression/SS-AGG-0068.wav,Aggression,FSD50K (Freesound clip 18593),https://freesound.org/s/18593/,CC-BY-3.0,dobroide,2026-09-23,21.184,44100,1,outdoor,unspecified,n/a,original,,,,9fb39f34759273e2d51662580228c77d89b75fba5fa8e5ae762421927b18d366,val,18593,dev,"Shout,Livestock_and_farm_animals_and_working_animals,Human_voice,Animal",http://creativecommons.org/licenses/by/3.0/,inferred_from_tags,fsd50k_real_v1
SS-AGG-0069,originals/aggression/SS-AGG-0069.wav,Aggression,FSD50K (Freesound clip 337349),https://freesound.org/s/337349/,CC-BY-3.0,eardeer,2026-09-23,1.729,44100,1,unspecified,unspecified,n/a,original,,,,c7df93e0a85690da16e94aa7aff99cfccda8a577d280754c0b7563e11c1519cb,train,337349,dev,Thump_and_thud,http://creativecommons.org/licenses/by/3.0/,unmatched,fsd50k_real_v1
SS-AGG-0070,originals/aggression/SS-AGG-0070.wav,Aggression,FSD50K (Freesound clip 50178),https://freesound.org/s/50178/,CC0-1.0,freesound,2026-09-23,2.848,44100,1,unspecified,unspecified,n/a,original,,,,2439020c1e3fd341c7592d8a1b9febfbf901cdd3442607ae6fbf887a90386ef2,test,50178,eval,"Shout,Human_voice",http://creativecommons.org/publicdomain/zero/1.0/,unmatched,fsd50k_real_v1
SS-AGG-0071,originals/aggression/SS-AGG-0071.wav,Aggression,FSD50K (Freesound clip 259974),https://freesound.org/s/259974/,CC-BY-3.0,heyim89yearsold,2026-09-23,14.359,44100,1,indoor,unspecified,n/a,original,,,,5fbd171042353484e665f33295fb0425346fff76a2c289e48e6618b8439e17cf,test,259974,dev,"Squeak,Sliding_door,Slam,Door,Domestic_sounds_and_home_sounds",http://creativecommons.org/licenses/by/3.0/,stated,fsd50k_real_v1
SS-AGG-0072,originals/aggression/SS-AGG-0072.wav,Aggression,FSD50K (Freesound clip 184689),https://freesound.org/s/184689/,CC-BY-3.0,ingolyrio,2026-09-23,1.0,44100,1,unspecified,unspecified,n/a,original,,,,fa8ab515ce793858a27b276b65f3fa5b63999277c8263972fa11bbf733500268,train,184689,dev,"Slam,Door,Domestic_sounds_and_home_sounds",http://creativecommons.org/licenses/by/3.0/,unmatched,fsd50k_real_v1
SS-AGG-0073,originals/aggression/SS-AGG-0073.wav,Aggression,FSD50K (Freesound clip 72676),https://freesound.org/s/72676/,CC0-1.0,j1987,2026-09-23,7.6,44100,1,unspecified,unspecified,n/a,original,,,,62008a58e5733c5ab9ea351dad4eb11c2034ef43ddba0e8a23a3786931b13e1e,val,72676,dev,"Slam,Door,Domestic_sounds_and_home_sounds",http://creativecommons.org/publicdomain/zero/1.0/,unmatched,fsd50k_real_v1
SS-AGG-0074,originals/aggression/SS-AGG-0074.wav,Aggression,FSD50K (Freesound clip 433585),https://freesound.org/s/433585/,CC0-1.0,jacklmurr27,2026-09-23,2.358,44100,1,unspecified,unspecified,n/a,original,,,,28be77034b5dd2a96fb4419f2d28987b141a4d1737604dea928e3b1f9a48b8d5,train,433585,eval,"Slam,Car,Motor_vehicle_(road),Vehicle,Door,Domestic_sounds_and_home_sounds",http://creativecommons.org/publicdomain/zero/1.0/,unmatched,fsd50k_real_v1
SS-AGG-0075,originals/aggression/SS-AGG-0075.wav,Aggression,FSD50K (Freesound clip 195576),https://freesound.org/s/195576/,CC-BY-3.0,jacobalcook,2026-09-23,1.923,44100,1,indoor,unspecified,n/a,original,,,,70140df63d1ae9a1694dc97b409343879b5fdd2d4010a5c07abe2757487bbedf,val,195576,eval,"Slam,Door,Domestic_sounds_and_home_sounds",http://creativecommons.org/licenses/by/3.0/,stated,fsd50k_real_v1
SS-AGG-0076,originals/aggression/SS-AGG-0076.wav,Aggression,FSD50K (Freesound clip 117042),https://freesound.org/s/117042/,CC-BY-3.0,joedeshon,2026-09-23,1.097,44100,1,unspecified,unspecified,n/a,original,,,,07fc2cf9ff51eda0bd0810f150e2ea9d0d3b36fb93aa2dfabd1f754bd69b7c28,train,117042,eval,Thump_and_thud,http://creativecommons.org/licenses/by/3.0/,unmatched,fsd50k_real_v1
SS-AGG-0077,originals/aggression/SS-AGG-0077.wav,Aggression,FSD50K (Freesound clip 161600),https://freesound.org/s/161600/,CC-BY-3.0,jorickhoofd,2026-09-23,0.808,44100,1,unspecified,unspecified,n/a,original,,,,8f953a9eb91ea35065f65c77a09146992ae7c38c9e0842d805a74f927c218b04,train,161600,dev,"Slam,Wood,Door,Domestic_sounds_and_home_sounds",http://creativecommons.org/licenses/by/3.0/,unmatched,fsd50k_real_v1
SS-AGG-0078,originals/aggression/SS-AGG-0078.wav,Aggression,FSD50K (Freesound clip 125426),https://freesound.org/s/125426/,Sampling+-1.0,jspath1,2026-09-23,0.548,44100,1,unspecified,unspecified,n/a,original,,,,fca2a8295ca7ccd69ece9c4d44c33d6742f02a6adeb247c293f022308cfd7bed,train,125426,dev,Thump_and_thud,http://creativecommons.org/licenses/sampling+/1.0/,unmatched,fsd50k_real_v1
SS-AGG-0079,originals/aggression/SS-AGG-0079.wav,Aggression,FSD50K (Freesound clip 82175),https://freesound.org/s/82175/,CC-BY-3.0,juskiddink,2026-09-23,7.726,44100,1,indoor,unspecified,n/a,original,,,,3df258f999b7dbcdba2b1972e466b3eb63f7cf39a41c57eed80af0c224d02349,train,82175,eval,"Squeak,Slam,Door,Domestic_sounds_and_home_sounds",http://creativecommons.org/licenses/by/3.0/,stated,fsd50k_real_v1
SS-AGG-0080,originals/aggression/SS-AGG-0080.wav,Aggression,FSD50K (Freesound clip 34585),https://freesound.org/s/34585/,CC0-1.0,klangfabrik,2026-09-23,1.715,44100,1,unspecified,unspecified,n/a,original,,,,5cb74b02b15c11fbd6c49b504aaa8e867413c8433a37f143c058ac3c6347d27a,train,34585,eval,"Walk_and_footsteps,Slam,Wood,Door,Domestic_sounds_and_home_sounds",http://creativecommons.org/publicdomain/zero/1.0/,unmatched,fsd50k_real_v1
SS-AGG-0081,originals/aggression/SS-AGG-0081.wav,Aggression,FSD50K (Freesound clip 220146),https://freesound.org/s/220146/,CC-BY-3.0,klankbeeld,2026-09-23,4.258,44100,1,indoor,unspecified,n/a,original,,,,a774bd15ea1a6dbf58d2107b05981aaac22d3a7d91e776b40f107b065e4420b1,train,220146,dev,"Slam,Wood,Door,Domestic_sounds_and_home_sounds",http://creativecommons.org/licenses/by/3.0/,inferred_from_tags,fsd50k_real_v1
SS-AGG-0082,originals/aggression/SS-AGG-0082.wav,Aggression,FSD50K (Freesound clip 72836),https://freesound.org/s/72836/,CC-BY-3.0,lonemonk,2026-09-23,6.582,44100,1,indoor,unspecified,n/a,original,,,,497322cab9c39acd03c367855af466d7c158afe08de4fd9bc49995858f03fabc,train,72836,eval,"Applause,Chatter,Crowd,Cheering,Clapping,Shout,Human_group_actions,Human_voice,Hands",http://creativecommons.org/licenses/by/3.0/,stated,fsd50k_real_v1
SS-AGG-0083,originals/aggression/SS-AGG-0083.wav,Aggression,FSD50K (Freesound clip 114509),https://freesound.org/s/114509/,CC-BY-3.0,matucha,2026-09-23,3.3,44100,1,indoor,unspecified,n/a,original,,,,cfe58f5b6c03d97b0fd1131b0bf6f1464891e28b8a56e460796e87b49cba79cf,train,114509,eval,"Slam,Door,Domestic_sounds_and_home_sounds",http://creativecommons.org/licenses/by/3.0/,stated,fsd50k_real_v1
SS-AGG-0084,originals/aggression/SS-AGG-0084.wav,Aggression,FSD50K (Freesound clip 59594),https://freesound.org/s/59594/,CC-BY-3.0,morgantj,2026-09-23,24.294,44100,1,unspecified,unspecified,n/a,original,,,,16d36bcdaf31b82c3f8989c61f7a076f0b1d147af1f9400e3bb308dfe9497eb4,val,59594,eval,"Chatter,Slam,Engine_starting,Hiss,Truck,Drill,Motor_vehicle_(road),Vehicle,Power_tool,Tools,Human_group_actions,Door,Domestic_sounds_and_home_sounds,Engine",http://creativecommons.org/licenses/by/3.0/,unmatched,fsd50k_real_v1
SS-AGG-0085,originals/aggression/SS-AGG-0085.wav,Aggression,FSD50K (Freesound clip 338674),https://freesound.org/s/338674/,CC-BY-3.0,newagesoup,2026-09-23,4.8,44100,1,unspecified,unspecified,n/a,original,,,,e1ca369bc2a01381aca71d5cb74593549af5fde69f59fd35bbb189fcc3ea2a29,train,338674,dev,"Growling,Animal",http://creativecommons.org/licenses/by/3.0/,unmatched,fsd50k_real_v1
SS-AGG-0086,originals/aggression/SS-AGG-0086.wav,Aggression,FSD50K (Freesound clip 266184),https://freesound.org/s/266184/,CC0-1.0,pan14,2026-09-23,21.713,44100,1,indoor,unspecified,n/a,original,,,,631b1384c0f60b7695547360f59567775f8868755d2b254918d3caab25f8bf01,train,266184,eval,"Male_speech_and_man_speaking,Applause,Cheering,Clapping,Conversation,Shout,Speech,Human_voice,Human_group_actions,Hands",http://creativecommons.org/publicdomain/zero/1.0/,stated,fsd50k_real_v1
SS-AGG-0087,originals/aggression/SS-AGG-0087.wav,Aggression,FSD50K (Freesound clip 71274),https://freesound.org/s/71274/,CC0-1.0,qubodup,2026-09-23,0.756,44100,1,unspecified,unspecified,n/a,original,,,,264be58e04aacd6baa996dfc8e052236d19d2999300678cf7e6c955b2e373e32,train,71274,dev,Thump_and_thud,http://creativecommons.org/publicdomain/zero/1.0/,unmatched,fsd50k_real_v1
SS-AGG-0088,originals/aggression/SS-AGG-0088.wav,Aggression,FSD50K (Freesound clip 223978),https://freesound.org/s/223978/,CC0-1.0,roman_cgr,2026-09-23,25.611,44100,1,unspecified,unspecified,n/a,original,,,,b2df6bb13b9eacc5eb459ac5df762befe71b5392e616b621918a7b2dfb7e81ce,train,223978,eval,"Growling,Bird_vocalization_and_bird_call_and_bird_song,Bird,Wild_animals,Animal",http://creativecommons.org/publicdomain/zero/1.0/,unmatched,fsd50k_real_v1
SS-AGG-0089,originals/aggression/SS-AGG-0089.wav,Aggression,FSD50K (Freesound clip 388022),https://freesound.org/s/388022/,CC0-1.0,saturdaysoundguy,2026-09-23,7.488,44100,1,indoor,unspecified,n/a,original,,,,3516c87d0fcd586e421b1b357f80189b3e8162b0e1f0da91bae19798ca80b96a,train,388022,eval,"Squeak,Slam,Wood,Door,Domestic_sounds_and_home_sounds",http://creativecommons.org/publicdomain/zero/1.0/,stated,fsd50k_real_v1
SS-AGG-0090,originals/aggression/SS-AGG-0090.wav,Aggression,FSD50K (Freesound clip 104525),https://freesound.org/s/104525/,CC0-1.0,skyumori,2026-09-23,2.0,44100,1,unspecified,unspecified,n/a,original,,,,73b27b6e7d83ea145a2f3442217fe4f7007fe1f0e47625a06ac9484d281d5669,train,104525,dev,"Squeak,Slam,Wood,Door,Domestic_sounds_and_home_sounds",http://creativecommons.org/publicdomain/zero/1.0/,unmatched,fsd50k_real_v1
SS-AGG-0091,originals/aggression/SS-AGG-0091.wav,Aggression,FSD50K (Freesound clip 117614),https://freesound.org/s/117614/,CC0-1.0,soundmary,2026-09-23,1.233,44100,1,unspecified,unspecified,n/a,original,,,,61f80988d57660b5fbb5b242f618ed1110cde47a10c83262f668412db8dd66d6,val,117614,eval,"Slam,Door,Domestic_sounds_and_home_sounds",http://creativecommons.org/publicdomain/zero/1.0/,unmatched,fsd50k_real_v1
SS-AGG-0092,originals/aggression/SS-AGG-0092.wav,Aggression,FSD50K (Freesound clip 51851),https://freesound.org/s/51851/,CC-BY-3.0,striptheband,2026-09-23,0.447,44100,1,unspecified,unspecified,n/a,original,,,,27bd7be9c8cf6f182784ae2b531205c1c898543d60224d9fe2803809d40f9bc5,train,51851,dev,Thump_and_thud,http://creativecommons.org/licenses/by/3.0/,unmatched,fsd50k_real_v1
SS-AGG-0093,originals/aggression/SS-AGG-0093.wav,Aggression,FSD50K (Freesound clip 126730),https://freesound.org/s/126730/,CC-BY-3.0,t000lish,2026-09-23,25.488,44100,1,unspecified,unspecified,n/a,original,,,,b31540c4a8743fd17a4f44ab0f40d05a019fa19abc7edfcad9f38f044a6117a8,test,126730,dev,"Growling,Animal",http://creativecommons.org/licenses/by/3.0/,unmatched,fsd50k_real_v1
SS-AGG-0094,originals/aggression/SS-AGG-0094.wav,Aggression,FSD50K (Freesound clip 397299),https://freesound.org/s/397299/,CC-BY-3.0,theuncertainman,2026-09-23,3.204,44100,1,unspecified,unspecified,n/a,original,,,,87bf0c52ad1c134448689f44b3523f859fdc4a15852e22a003b5ad12d405b9bb,train,397299,dev,"Male_speech_and_man_speaking,Speech,Shout,Human_voice",http://creativecommons.org/licenses/by/3.0/,unmatched,fsd50k_real_v1
SS-AGG-0095,originals/aggression/SS-AGG-0095.wav,Aggression,FSD50K (Freesound clip 406625),https://freesound.org/s/406625/,CC0-1.0,tlcolbe,2026-09-23,3.067,44100,1,indoor,unspecified,n/a,original,,,,078e0a7d8fb29d4c60eb548bec8dd04a9fd725976be4dd29c8d7b7eedd536067,train,406625,dev,"Slam,Door,Domestic_sounds_and_home_sounds",http://creativecommons.org/publicdomain/zero/1.0/,stated,fsd50k_real_v1
SS-AGG-0096,originals/aggression/SS-AGG-0096.wav,Aggression,FSD50K (Freesound clip 84649),https://freesound.org/s/84649/,CC-BY-3.0,tomc1985,2026-09-23,3.32,44100,1,unspecified,unspecified,n/a,original,,,,24db2c871a6b1aa831b408a9b57592e2614437ba3761fb2f92a685964fc89dc4,train,84649,dev,"Growling,Dog,Domestic_animals_and_pets,Animal",http://creativecommons.org/licenses/by/3.0/,unmatched,fsd50k_real_v1
SS-AGG-0097,originals/aggression/SS-AGG-0097.wav,Aggression,FSD50K (Freesound clip 166433),https://freesound.org/s/166433/,CC-BY-3.0,ultradust,2026-09-23,16.832,44100,1,indoor,unspecified,n/a,original,,,,341730689b03d706272806d80feb519911116cb88d0b3d0f4e542b79f9c176dc,test,166433,eval,"Applause,Crowd,Cheering,Clapping,Shout,Human_group_actions,Human_voice,Hands",http://creativecommons.org/licenses/by/3.0/,stated,fsd50k_real_v1
SS-AGG-0098,originals/aggression/SS-AGG-0098.wav,Aggression,FSD50K (Freesound clip 181347),https://freesound.org/s/181347/,CC-BY-3.0,unfa,2026-09-23,8.057,44100,1,outdoor,unspecified,n/a,original,,,,195f6eb04075315e68ceba2cd0269056f1fe8650f216511269dd3de26730c9b0,train,181347,dev,"Speech,Shout,Human_voice",http://creativecommons.org/licenses/by/3.0/,stated,fsd50k_real_v1
SS-AGG-0099,originals/aggression/SS-AGG-0099.wav,Aggression,FSD50K (Freesound clip 266151),https://freesound.org/s/266151/,CC0-1.0,vacuumfan7072,2026-09-23,9.165,44100,1,outdoor,unspecified,n/a,original,,,,8547d892b6fc24110459dd2ecb8117976116b0fbb3dae92895707baf0e53ab46,train,266151,dev,"Slam,Door,Domestic_sounds_and_home_sounds",http://creativecommons.org/publicdomain/zero/1.0/,stated,fsd50k_real_v1
SS-AGG-0100,originals/aggression/SS-AGG-0100.wav,Aggression,FSD50K (Freesound clip 232687),https://freesound.org/s/232687/,CC0-1.0,xavimuse,2026-09-23,6.827,44100,1,outdoor,unspecified,n/a,original,,,,8c73fe63556310d5be7819f0f0c0106a69cb876c570b740e241bb44e91fe815a,train,232687,eval,"Traffic_noise_and_roadway_noise,Door,Thump_and_thud,Domestic_sounds_and_home_sounds,Motor_vehicle_(road),Vehicle",http://creativecommons.org/publicdomain/zero/1.0/,stated,fsd50k_real_v1
SS-ALM-0001,originals/alarm_or_siren/SS-ALM-0001.wav,Alarm or Siren,FSD50K (Freesound clip 34795),https://freesound.org/s/34795/,CC-BY-3.0,-zin-,2026-09-23,1.73,44100,1,unspecified,unspecified,n/a,original,,,,abada33eb86c292c8f33ceddc48d63b81983095011a857574a3aafdf950244ed,val,34795,dev,"Crash_cymbal,Bell,Cymbal,Percussion,Musical_instrument,Music",http://creativecommons.org/licenses/by/3.0/,unmatched,fsd50k_real_v1
SS-ALM-0002,originals/alarm_or_siren/SS-ALM-0002.wav,Alarm or Siren,FSD50K (Freesound clip 379373),https://freesound.org/s/379373/,CC0-1.0,13FPanska_Sychra_Petr,2026-09-23,14.609,44100,1,unspecified,unspecified,n/a,original,,,,703c5f537bea60bde064055128e8aae374162fd47963b3289bc35d8a3c4addb6,train,379373,dev,"Bus,Alarm,Motor_vehicle_(road),Vehicle",http://creativecommons.org/publicdomain/zero/1.0/,unmatched,fsd50k_real_v1
SS-ALM-0003,originals/alarm_or_siren/SS-ALM-0003.wav,Alarm or Siren,FSD50K (Freesound clip 378908),https://freesound.org/s/378908/,CC0-1.0,13gkopeckak,2026-09-23,17.56,44100,1,outdoor,unspecified,n/a,original,,,,8df39fa4bb6baa50f1579bdbe2f484b13ca4e14e065d95033966f415c8264bca,train,378908,eval,"Bicycle_bell,Bicycle,Vehicle,Alarm,Bell",http://creativecommons.org/publicdomain/zero/1.0/,stated,fsd50k_real_v1
SS-ALM-0004,originals/alarm_or_siren/SS-ALM-0004.wav,Alarm or Siren,FSD50K (Freesound clip 57742),https://freesound.org/s/57742/,CC-BY-3.0,3bagbrew,2026-09-23,8.0,44100,1,unspecified,unspecified,n/a,original,,,,c5a6f8acb3e34eb137bc006e99f2cc8c6e9edc7dc6eb8279562c9ee1a98d46e7,test,57742,dev,"Squeak,Bell",http://creativecommons.org/licenses/by/3.0/,unmatched,fsd50k_real_v1
SS-ALM-0005,originals/alarm_or_siren/SS-ALM-0005.wav,Alarm or Siren,FSD50K (Freesound clip 164690),https://freesound.org/s/164690/,CC0-1.0,Adam_N,2026-09-23,9.56,44100,1,unspecified,unspecified,n/a,original,,,,2480c31a75e6c1ba955c19d314e9d41fe8fe4bb209141a4ff952d0af62866376,val,164690,dev,"Telephone,Alarm",http://creativecommons.org/publicdomain/zero/1.0/,unmatched,fsd50k_real_v1
SS-ALM-0006,originals/alarm_or_siren/SS-ALM-0006.wav,Alarm or Siren,FSD50K (Freesound clip 221085),https://freesound.org/s/221085/,CC0-1.0,AlaskaRobotics,2026-09-23,2.5,44100,1,unspecified,unspecified,n/a,original,,,,caa16eeb8522b88d760b26df54358885c90e18d7e5e35161e1a03a93d21f4659,train,221085,dev,Alarm,http://creativecommons.org/publicdomain/zero/1.0/,unmatched,fsd50k_real_v1
SS-ALM-0007,originals/alarm_or_siren/SS-ALM-0007.wav,Alarm or Siren,FSD50K (Freesound clip 62164),https://freesound.org/s/62164/,CC-BY-3.0,Benboncan,2026-09-23,25.899,44100,1,unspecified,unspecified,n/a,original,,,,192619ee1c34242c8ebddcde5d9beac4c3da84416bc0be983e5a447002be26f6,val,62164,dev,"Telephone,Alarm",http://creativecommons.org/licenses/by/3.0/,unmatched,fsd50k_real_v1
SS-ALM-0008,originals/alarm_or_siren/SS-ALM-0008.wav,Alarm or Siren,FSD50K (Freesound clip 89589),https://freesound.org/s/89589/,CC-BY-3.0,CGEffex,2026-09-23,24.895,44100,1,unspecified,unspecified,n/a,original,,,,3a5a8661f2a5079dce63ce36ddff06ba4e31fe9eb454b35de51154933c1105b6,train,89589,dev,Alarm,http://creativecommons.org/licenses/by/3.0/,unmatched,fsd50k_real_v1
SS-ALM-0009,originals/alarm_or_siren/SS-ALM-0009.wav,Alarm or Siren,FSD50K (Freesound clip 22596),https://freesound.org/s/22596/,CC-BY-3.0,Charel Sytze,2026-09-23,15.256,44100,1,outdoor,unspecified,n/a,original,,,,01b455b0ecf60b92732be6f352271fedb53be4ce09f3bdfc71d0a74f75e84b07,test,22596,dev,"Church_bell,Bell",http://creativecommons.org/licenses/by/3.0/,stated,fsd50k_real_v1
SS-ALM-0010,originals/alarm_or_siren/SS-ALM-0010.wav,Alarm or Siren,FSD50K (Freesound clip 384004),https://freesound.org/s/384004/,CC-BY-3.0,ChrisReierson,2026-09-23,21.403,44100,1,unspecified,unspecified,n/a,original,,,,b578e15bf3d8733ad76243800439227b2860aee6e3a04adff4cad1f968d8b3fe,val,384004,dev,"Telephone,Alarm",http://creativecommons.org/licenses/by/3.0/,unmatched,fsd50k_real_v1
SS-ALM-0011,originals/alarm_or_siren/SS-ALM-0011.wav,Alarm or Siren,FSD50K (Freesound clip 18632),https://freesound.org/s/18632/,CC-BY-3.0,Corsica_S,2026-09-23,19.892,44100,1,outdoor,unspecified,n/a,original,,,,b567653b85b6e99b8c25a31aa443ba435aaff514ffb9642711e2cfd6c89c7afc,val,18632,dev,Alarm,http://creativecommons.org/licenses/by/3.0/,stated,fsd50k_real_v1
SS-ALM-0012,originals/alarm_or_siren/SS-ALM-0012.wav,Alarm or Siren,FSD50K (Freesound clip 127149),https://freesound.org/s/127149/,CC0-1.0,Daphne_in_Wonderland,2026-09-23,1.417,44100,1,unspecified,unspecified,n/a,original,,,,8e5f04f41c0eb7aaff0abdb9ca584ad8c1eadfd5f2b9f23eedac18f4bb2950e5,train,127149,eval,Bell,http://creativecommons.org/publicdomain/zero/1.0/,unmatched,fsd50k_real_v1
SS-ALM-0013,originals/alarm_or_siren/SS-ALM-0013.wav,Alarm or Siren,FSD50K (Freesound clip 131012),https://freesound.org/s/131012/,CC-BY-3.0,Dymewiz,2026-09-23,5.183,44100,1,outdoor,unspecified,n/a,original,,,,961916d851e1e7d100d7739a4ed8c8c079cb03ea8b5622f2bf5beac3d1a918ab,val,131012,dev,"Wind_chime,Chime,Bell",http://creativecommons.org/licenses/by/3.0/,stated,fsd50k_real_v1
SS-ALM-0014,originals/alarm_or_siren/SS-ALM-0014.wav,Alarm or Siren,FSD50K (Freesound clip 352656),https://freesound.org/s/352656/,CC-BY-3.0,FoolBoyMedia,2026-09-23,1.498,44100,1,unspecified,unspecified,n/a,original,,,,49c5a3a499f87e56abab5d1ce0a2b5d57f2793c1ab6d417258ae0bef0be72d9d,train,352656,dev,"Ringtone,Telephone,Alarm",http://creativecommons.org/licenses/by/3.0/,unmatched,fsd50k_real_v1
SS-ALM-0015,originals/alarm_or_siren/SS-ALM-0015.wav,Alarm or Siren,FSD50K (Freesound clip 9853),https://freesound.org/s/9853/,CC-BY-3.0,Freed,2026-09-23,12.475,44100,1,outdoor,unspecified,n/a,original,,,,c7794cfd9d2210fc94952ea494c561ee4555ef6196cd090a6c94dadfef47e587,train,9853,eval,"Cowbell,Bell",http://creativecommons.org/licenses/by/3.0/,stated,fsd50k_real_v1
SS-ALM-0016,originals/alarm_or_siren/SS-ALM-0016.wav,Alarm or Siren,FSD50K (Freesound clip 20069),https://freesound.org/s/20069/,CC-BY-3.0,FreqMan,2026-09-23,12.167,44100,1,indoor,unspecified,n/a,original,,,,66de57cc5aec6979ea8799ca3c87149fce70456120d991e792c9033c3bf68a55,train,20069,dev,"Telephone,Alarm",http://creativecommons.org/licenses/by/3.0/,stated,fsd50k_real_v1
SS-ALM-0017,originals/alarm_or_siren/SS-ALM-0017.wav,Alarm or Siren,FSD50K (Freesound clip 203941),https://freesound.org/s/203941/,CC0-1.0,FrogPrince79,2026-09-23,8.965,44100,1,unspecified,unspecified,n/a,original,,,,9fdcf2e007108b4dd65639df27bafa0786859ac57c5ec1470344f4ade8328243,train,203941,dev,"Bell,Doorbell,Door,Domestic_sounds_and_home_sounds,Alarm",http://creativecommons.org/publicdomain/zero/1.0/,unmatched,fsd50k_real_v1
SS-ALM-0018,originals/alarm_or_siren/SS-ALM-0018.wav,Alarm or Siren,FSD50K (Freesound clip 339105),https://freesound.org/s/339105/,CC0-1.0,FullMetalJedi,2026-09-23,0.77,44100,1,unspecified,unspecified,n/a,original,,,,381046711bbe81ea41b5ee43c21a946c873995a0f8f28032d29b12c120c97f67,train,339105,eval,"Telephone,Alarm",http://creativecommons.org/publicdomain/zero/1.0/,unmatched,fsd50k_real_v1
SS-ALM-0019,originals/alarm_or_siren/SS-ALM-0019.wav,Alarm or Siren,FSD50K (Freesound clip 361153),https://freesound.org/s/361153/,CC0-1.0,FunWithSound,2026-09-23,2.273,44100,1,indoor,unspecified,n/a,original,,,,f73dd3942f72fba95773eefd87cca4dc18403cd24645a547d939a40c9b94468e,train,361153,dev,"Telephone,Alarm",http://creativecommons.org/publicdomain/zero/1.0/,inferred_from_tags,fsd50k_real_v1
SS-ALM-0020,originals/alarm_or_siren/SS-ALM-0020.wav,Alarm or Siren,FSD50K (Freesound clip 116390),https://freesound.org/s/116390/,CC0-1.0,FunnyMan374,2026-09-23,6.829,44100,1,indoor,unspecified,n/a,original,,,,ea521d689d5262b83b15750c27be9d9e280998898550c03c2285daa1e86758db,train,116390,eval,"Male_speech_and_man_speaking,Telephone,Speech,Human_voice,Alarm",http://creativecommons.org/publicdomain/zero/1.0/,stated,fsd50k_real_v1
SS-ALM-0021,originals/alarm_or_siren/SS-ALM-0021.wav,Alarm or Siren,FSD50K (Freesound clip 264863),https://freesound.org/s/264863/,CC-BY-3.0,GowlerMusic,2026-09-23,16.0,44100,1,unspecified,unspecified,n/a,original,,,,dfa4bec5a6bbe645a89f9c824a260d9551789193247ad798ea098e19745d1c7b,train,264863,eval,Alarm,http://creativecommons.org/licenses/by/3.0/,unmatched,fsd50k_real_v1
SS-ALM-0022,originals/alarm_or_siren/SS-ALM-0022.wav,Alarm or Siren,FSD50K (Freesound clip 158500),https://freesound.org/s/158500/,CC-BY-3.0,HBSA,2026-09-23,6.888,44100,1,unspecified,unspecified,n/a,original,,,,29dc1147f90e86b1815f6cf48f419c7ae9cda3281ed5e900c0f581bd4d9a3c00,train,158500,dev,"Bicycle_bell,Alarm,Bicycle,Vehicle,Bell",http://creativecommons.org/licenses/by/3.0/,unmatched,fsd50k_real_v1
SS-ALM-0023,originals/alarm_or_siren/SS-ALM-0023.wav,Alarm or Siren,FSD50K (Freesound clip 9922),https://freesound.org/s/9922/,CC0-1.0,Heigh-hoo,2026-09-23,11.702,44100,1,outdoor,unspecified,n/a,original,,,,1536da7efa727ae5b909e7ede82fc8d6a28dddcce964212432845b3c133de310,train,9922,eval,"Chatter,Water,Alarm,Train,Rail_transport,Vehicle,Human_group_actions",http://creativecommons.org/publicdomain/zero/1.0/,stated,fsd50k_real_v1
SS-ALM-0024,originals/alarm_or_siren/SS-ALM-0024.wav,Alarm or Siren,FSD50K (Freesound clip 28242),https://freesound.org/s/28242/,CC-BY-3.0,HerbertBoland,2026-09-23,3.652,44100,1,unspecified,unspecified,n/a,original,,,,a0cb1c1e27a4dac27f1496b30fa77144f9a6082724a3e68ff0c28dc2fd46d547,train,28242,dev,"Telephone,Alarm",http://creativecommons.org/licenses/by/3.0/,unmatched,fsd50k_real_v1
SS-ALM-0025,originals/alarm_or_siren/SS-ALM-0025.wav,Alarm or Siren,FSD50K (Freesound clip 90189),https://freesound.org/s/90189/,Sampling+-1.0,HowardFromBroward,2026-09-23,6.007,44100,1,unspecified,unspecified,n/a,original,,,,d0a1e9c031696da53bc56cf4655789567c1ed85bb0cb6606a14e19b99463007f,train,90189,dev,"Telephone,Alarm",http://creativecommons.org/licenses/sampling+/1.0/,unmatched,fsd50k_real_v1
SS-ALM-0026,originals/alarm_or_siren/SS-ALM-0026.wav,Alarm or Siren,FSD50K (Freesound clip 46092),https://freesound.org/s/46092/,CC-BY-3.0,IFartInUrGeneralDirection,2026-09-23,12.558,44100,1,unspecified,unspecified,n/a,original,,,,dbba2caff278be10dac6c4e1c97733fae90eb2510426c103366463017a7809f5,train,46092,dev,"Siren,Alarm",http://creativecommons.org/licenses/by/3.0/,unmatched,fsd50k_real_v1
SS-ALM-0027,originals/alarm_or_siren/SS-ALM-0027.wav,Alarm or Siren,FSD50K (Freesound clip 371292),https://freesound.org/s/371292/,CC0-1.0,Iamgiorgio,2026-09-23,4.963,44100,1,unspecified,unspecified,n/a,original,,,,041e3ff7075682462f5edaf1d068449918eee85d75219e3e168f1f8672942cc4,train,371292,dev,Alarm,http://creativecommons.org/publicdomain/zero/1.0/,unmatched,fsd50k_real_v1
SS-ALM-0028,originals/alarm_or_siren/SS-ALM-0028.wav,Alarm or Siren,FSD50K (Freesound clip 29962),https://freesound.org/s/29962/,Sampling+-1.0,Incarnadine,2026-09-23,10.049,44100,1,unspecified,unspecified,n/a,original,,,,cbe4ca76cfc3cccffad29cc3b0683e29c92601fc7d89da10788bbce4716b2194,train,29962,dev,"Telephone,Alarm",http://creativecommons.org/licenses/sampling+/1.0/,unmatched,fsd50k_real_v1
SS-ALM-0029,originals/alarm_or_siren/SS-ALM-0029.wav,Alarm or Siren,FSD50K (Freesound clip 339808),https://freesound.org/s/339808/,CC-BY-3.0,InspectorJ,2026-09-23,8.652,44100,1,unspecified,unspecified,n/a,original,,,,b471f21d52a07f5070af15f47e3987d0ba81553376e6ea37042b858ff5112cf3,val,339808,dev,Bell,http://creativecommons.org/licenses/by/3.0/,unmatched,fsd50k_real_v1
SS-ALM-0030,originals/alarm_or_siren/SS-ALM-0030.wav,Alarm or Siren,FSD50K (Freesound clip 32217),https://freesound.org/s/32217/,Sampling+-1.0,Ironi Alef,2026-09-23,15.002,44100,1,outdoor,unspecified,n/a,original,,,,1444ff972276aacbe2e780519903c049c99b1285bdc0179b7e0060e20cd7c403,train,32217,dev,"Telephone,Alarm",http://creativecommons.org/licenses/sampling+/1.0/,inferred_from_tags,fsd50k_real_v1
SS-ALM-0031,originals/alarm_or_siren/SS-ALM-0031.wav,Alarm or Siren,FSD50K (Freesound clip 156121),https://freesound.org/s/156121/,CC0-1.0,JL_barrett,2026-09-23,0.325,44100,1,outdoor,unspecified,n/a,original,,,,f5d53cb5afb0f2cc6bf1ad9455485506d1532b565ab5c259f2ce18a49582bdab,train,156121,dev,"Bicycle_bell,Alarm,Bicycle,Vehicle,Bell",http://creativecommons.org/publicdomain/zero/1.0/,stated,fsd50k_real_v1
SS-ALM-0032,originals/alarm_or_siren/SS-ALM-0032.wav,Alarm or Siren,FSD50K (Freesound clip 253928),https://freesound.org/s/253928/,CC-BY-3.0,Jagadamba,2026-09-23,3.4,44100,1,outdoor,unspecified,n/a,original,,,,7e9b51dee3188d6a55bde45a10d4c8fe5260a65349b22413a580289200ee80b0,train,253928,dev,"Telephone,Alarm",http://creativecommons.org/licenses/by/3.0/,stated,fsd50k_real_v1
SS-ALM-0033,originals/alarm_or_siren/SS-ALM-0033.wav,Alarm or Siren,FSD50K (Freesound clip 85205),https://freesound.org/s/85205/,CC0-1.0,JarAxe,2026-09-23,0.56,44100,1,unspecified,unspecified,n/a,original,,,,124cc71e32c4179bf185eafa79a32c0375ba8e147ff591616e355d9729c84e02,val,85205,dev,"Telephone,Alarm",http://creativecommons.org/publicdomain/zero/1.0/,unmatched,fsd50k_real_v1
SS-ALM-0034,originals/alarm_or_siren/SS-ALM-0034.wav,Alarm or Siren,FSD50K (Freesound clip 219045),https://freesound.org/s/219045/,CC0-1.0,JarredGibb,2026-09-23,29.731,44100,1,indoor,unspecified,n/a,original,,,,4abef274054eeadfa428672e36cf699c74f9421fa8b44424ad4fa883ff3637d3,train,219045,dev,"Church_bell,Bell",http://creativecommons.org/publicdomain/zero/1.0/,stated,fsd50k_real_v1
SS-ALM-0035,originals/alarm_or_siren/SS-ALM-0035.wav,Alarm or Siren,FSD50K (Freesound clip 383779),https://freesound.org/s/383779/,CC-BY-3.0,Jay_You,2026-09-23,2.053,44100,1,unspecified,unspecified,n/a,original,,,,6a6d42da18e6167e702c664f101a93102ab47f7068db897bb2b0755607d3b66f,val,383779,eval,"Telephone,Alarm",http://creativecommons.org/licenses/by/3.0/,unmatched,fsd50k_real_v1
SS-ALM-0036,originals/alarm_or_siren/SS-ALM-0036.wav,Alarm or Siren,FSD50K (Freesound clip 72125),https://freesound.org/s/72125/,CC0-1.0,KIZILSUNGUR,2026-09-23,1.451,44100,1,unspecified,unspecified,n/a,original,,,,a1c77e459e91fea9c1e9fa57e57c1c54b22534fd4e08dc15dc010c94eb598d66,test,72125,dev,Alarm,http://creativecommons.org/publicdomain/zero/1.0/,unmatched,fsd50k_real_v1
SS-ALM-0037,originals/alarm_or_siren/SS-ALM-0037.wav,Alarm or Siren,FSD50K (Freesound clip 154954),https://freesound.org/s/154954/,CC-BY-3.0,KeyKrusher,2026-09-23,15.966,44100,1,indoor,unspecified,n/a,original,,,,7131b0a4ef30b61d467603252fc7d3af7702201cf8c064c75648bd58c56c68ab,val,154954,dev,Alarm,http://creativecommons.org/licenses/by/3.0/,stated,fsd50k_real_v1
SS-ALM-0038,originals/alarm_or_siren/SS-ALM-0038.wav,Alarm or Siren,FSD50K (Freesound clip 347139),https://freesound.org/s/347139/,CC0-1.0,Kinoton,2026-09-23,26.35,44100,1,unspecified,unspecified,n/a,original,,,,b405332f16bc199d7b2103057a4a315e4347bb091402a41279b800ced0ca31af,train,347139,eval,"Bell,Clock,Mechanisms",http://creativecommons.org/publicdomain/zero/1.0/,unmatched,fsd50k_real_v1
SS-ALM-0039,originals/alarm_or_siren/SS-ALM-0039.wav,Alarm or Siren,FSD50K (Freesound clip 15547),https://freesound.org/s/15547/,CC-BY-3.0,LG,2026-09-23,3.499,44100,1,outdoor,unspecified,n/a,original,,,,edc1aa7d64abd10208ff7672878f6b135560cca1437c7f3f5eb60bad0cff986b,train,15547,dev,"Wind_chime,Wind,Chime,Bell",http://creativecommons.org/licenses/by/3.0/,stated,fsd50k_real_v1
SS-ALM-0040,originals/alarm_or_siren/SS-ALM-0040.wav,Alarm or Siren,FSD50K (Freesound clip 14575),https://freesound.org/s/14575/,CC-BY-3.0,LS,2026-09-23,27.673,44100,1,unspecified,unspecified,n/a,original,,,,f85fa10134610b0d607b78d11e1b937cd786341bf7361d0b9acf589dbfcc4f91,train,14575,eval,"Ringtone,Telephone,Alarm",http://creativecommons.org/licenses/by/3.0/,unmatched,fsd50k_real_v1
SS-ALM-0041,originals/alarm_or_siren/SS-ALM-0041.wav,Alarm or Siren,FSD50K (Freesound clip 316843),https://freesound.org/s/316843/,CC-BY-3.0,Lalks,2026-09-23,1.719,44100,1,unspecified,unspecified,n/a,original,,,,559f57c7632da15bdfd524bd4abc3bd548c37301371203d4d0b78163d6f48a62,train,316843,dev,Alarm,http://creativecommons.org/licenses/by/3.0/,unmatched,fsd50k_real_v1
SS-ALM-0042,originals/alarm_or_siren/SS-ALM-0042.wav,Alarm or Siren,FSD50K (Freesound clip 35240),https://freesound.org/s/35240/,Sampling+-1.0,LincolnLog,2026-09-23,6.035,44100,1,unspecified,unspecified,n/a,original,,,,bd979bbdbef1a28549d7a0fbef545eec7aec900d46a1b5aca37a0e88016ebd04,train,35240,eval,"Cowbell,Bell",http://creativecommons.org/licenses/sampling+/1.0/,unmatched,fsd50k_real_v1
SS-ALM-0043,originals/alarm_or_siren/SS-ALM-0043.wav,Alarm or Siren,FSD50K (Freesound clip 265080),https://freesound.org/s/265080/,CC0-1.0,Lupardy,2026-09-23,8.997,44100,1,unspecified,unspecified,n/a,original,,,,54a9b532fe734876023ce867d70d4a2f49d78cf81cd25f19b4d183439d5f1c22,train,265080,dev,"Telephone,Alarm",http://creativecommons.org/publicdomain/zero/1.0/,unmatched,fsd50k_real_v1
SS-ALM-0044,originals/alarm_or_siren/SS-ALM-0044.wav,Alarm or Siren,FSD50K (Freesound clip 157590),https://freesound.org/s/157590/,CC-BY-3.0,MrAuralization,2026-09-23,5.582,44100,1,unspecified,unspecified,n/a,original,,,,6387b4b711e6166a47f96aed9879106a399a0e9a9c7b4972d0e4aff9291e21de,test,157590,dev,"Telephone,Alarm",http://creativecommons.org/licenses/by/3.0/,unmatched,fsd50k_real_v1
SS-ALM-0045,originals/alarm_or_siren/SS-ALM-0045.wav,Alarm or Siren,FSD50K (Freesound clip 3659),https://freesound.org/s/3659/,CC-BY-3.0,NoiseCollector,2026-09-23,1.69,44100,1,unspecified,unspecified,n/a,original,,,,123e84fd78253f372c1e0281da95b3b741d7d13633ff015ed3877bd979f3d074,train,3659,dev,"Telephone,Alarm",http://creativecommons.org/licenses/by/3.0/,unmatched,fsd50k_real_v1
SS-ALM-0046,originals/alarm_or_siren/SS-ALM-0046.wav,Alarm or Siren,FSD50K (Freesound clip 337257),https://freesound.org/s/337257/,CC-BY-3.0,ProjectsU012,2026-09-23,2.808,44100,1,studio,unspecified,n/a,original,,,,b0bd56605907b61db8edef5eff06763b30c5f292f399e529c4f4798a27ecfd7d,train,337257,dev,Alarm,http://creativecommons.org/licenses/by/3.0/,inferred_from_tags,fsd50k_real_v1
SS-ALM-0047,originals/alarm_or_siren/SS-ALM-0047.wav,Alarm or Siren,FSD50K (Freesound clip 216090),https://freesound.org/s/216090/,CC-BY-3.0,RICHERlandTV,2026-09-23,0.592,44100,1,unspecified,unspecified,n/a,original,,,,bcb3758d86a9fe0342a539f7da1a06db2d08689f5f09316213bdb7f9d8c6d810,train,216090,dev,Alarm,http://creativecommons.org/licenses/by/3.0/,unmatched,fsd50k_real_v1
SS-ALM-0048,originals/alarm_or_siren/SS-ALM-0048.wav,Alarm or Siren,FSD50K (Freesound clip 350704),https://freesound.org/s/350704/,CC0-1.0,RP1312,2026-09-23,3.045,44100,1,outdoor,unspecified,n/a,original,,,,28c9df9e263e63247e15b761fa59cd0ec0656cbd16f54a4c5788c9c45071f895,train,350704,eval,"Cowbell,Bell",http://creativecommons.org/publicdomain/zero/1.0/,stated,fsd50k_real_v1
SS-ALM-0049,originals/alarm_or_siren/SS-ALM-0049.wav,Alarm or Siren,FSD50K (Freesound clip 38031),https://freesound.org/s/38031/,CC0-1.0,Regenpak,2026-09-23,0.626,44100,1,unspecified,unspecified,n/a,original,,,,4fbfd2bd41a8e26cc0905092608a52d0ec10728256c7609b0eba900f8609436c,train,38031,dev,"Telephone,Alarm",http://creativecommons.org/publicdomain/zero/1.0/,unmatched,fsd50k_real_v1
SS-ALM-0050,originals/alarm_or_siren/SS-ALM-0050.wav,Alarm or Siren,FSD50K (Freesound clip 26960),https://freesound.org/s/26960/,Sampling+-1.0,Rfriend,2026-09-23,5.65,44100,1,unspecified,unspecified,n/a,original,,,,5bc4169df40e523bff3fc0984c282b5620b70ce8ce5c3dbd547762827d8c9736,train,26960,dev,Alarm,http://creativecommons.org/licenses/sampling+/1.0/,unmatched,fsd50k_real_v1
SS-ALM-0051,originals/alarm_or_siren/SS-ALM-0051.wav,Alarm or Siren,FSD50K (Freesound clip 78968),https://freesound.org/s/78968/,CC0-1.0,RoofDog,2026-09-23,2.473,44100,1,unspecified,unspecified,n/a,original,,,,5a3155cea63df748375b24d23e727eb11b464fa572aadfd92934b6184c1d7fc1,test,78968,dev,"Bicycle_bell,Alarm,Bicycle,Vehicle,Bell",http://creativecommons.org/publicdomain/zero/1.0/,unmatched,fsd50k_real_v1
SS-ALM-0052,originals/alarm_or_siren/SS-ALM-0052.wav,Alarm or Siren,FSD50K (Freesound clip 50700),https://freesound.org/s/50700/,CC0-1.0,RutgerMuller,2026-09-23,4.159,44100,1,unspecified,unspecified,n/a,original,,,,9add78486339937f7a6f0f68ab1637a12167612a67b6feff9ee75d119b3f75ce,test,50700,dev,"Telephone,Alarm",http://creativecommons.org/publicdomain/zero/1.0/,unmatched,fsd50k_real_v1
SS-ALM-0053,originals/alarm_or_siren/SS-ALM-0053.wav,Alarm or Siren,FSD50K (Freesound clip 110133),https://freesound.org/s/110133/,CC0-1.0,Ryding,2026-09-23,25.214,44100,1,unspecified,unspecified,n/a,original,,,,3f2a898173ce94feefde111387cdf5af8f34a9db6099c687922194860f5ed403,val,110133,dev,Alarm,http://creativecommons.org/publicdomain/zero/1.0/,unmatched,fsd50k_real_v1
SS-ALM-0054,originals/alarm_or_siren/SS-ALM-0054.wav,Alarm or Siren,FSD50K (Freesound clip 192621),https://freesound.org/s/192621/,CC-BY-3.0,Samulis,2026-09-23,15.435,44100,1,unspecified,unspecified,n/a,original,,,,8566448ce8426b211ee466f83f2a9a1d09e0ec8058e88c7eaa0a8c221aa13201,train,192621,dev,Bell,http://creativecommons.org/licenses/by/3.0/,unmatched,fsd50k_real_v1
SS-ALM-0055,originals/alarm_or_siren/SS-ALM-0055.wav,Alarm or Siren,FSD50K (Freesound clip 397158),https://freesound.org/s/397158/,CC0-1.0,SieuAmThanh,2026-09-23,5.0,44100,1,unspecified,unspecified,n/a,original,,,,c87bb534b90e5a3f5d74c0fa0eb7456d188b9fc9f98fd5ab6563d3ae80dc38e5,train,397158,dev,"Telephone,Alarm",http://creativecommons.org/publicdomain/zero/1.0/,unmatched,fsd50k_real_v1
SS-ALM-0056,originals/alarm_or_siren/SS-ALM-0056.wav,Alarm or Siren,FSD50K (Freesound clip 206080),https://freesound.org/s/206080/,CC0-1.0,Soundscape_Leuphana,2026-09-23,1.483,44100,1,indoor,unspecified,n/a,original,,,,7cdfb3dfcfe73236405a1018a7d1593652381038e8107686c7d79fccc58d415a,train,206080,eval,"Bicycle_bell,Car,Motor_vehicle_(road),Vehicle,Bicycle,Alarm,Bell",http://creativecommons.org/publicdomain/zero/1.0/,inferred_from_tags,fsd50k_real_v1
SS-ALM-0057,originals/alarm_or_siren/SS-ALM-0057.wav,Alarm or Siren,FSD50K (Freesound clip 399190),https://freesound.org/s/399190/,CC-BY-3.0,SpiceProgram,2026-09-23,4.0,44100,1,unspecified,unspecified,n/a,original,,,,671cb194b6d105b8a1d3d562f164ba785a1b12000e6ebdd8a00585f0f354c0cf,train,399190,eval,"Ringtone,Glockenspiel,Telephone,Alarm,Mallet_percussion,Percussion,Musical_instrument,Music",http://creativecommons.org/licenses/by/3.0/,unmatched,fsd50k_real_v1
SS-ALM-0058,originals/alarm_or_siren/SS-ALM-0058.wav,Alarm or Siren,FSD50K (Freesound clip 218317),https://freesound.org/s/218317/,CC0-1.0,SpliceSound,2026-09-23,23.001,44100,1,indoor,unspecified,n/a,original,,,,040c09196530d19628f5b71731a8534022131e18c1ce4a553ea79381205dd231,test,218317,dev,"Doorbell,Door,Domestic_sounds_and_home_sounds,Alarm",http://creativecommons.org/publicdomain/zero/1.0/,stated,fsd50k_real_v1
SS-ALM-0059,originals/alarm_or_siren/SS-ALM-0059.wav,Alarm or Siren,FSD50K (Freesound clip 44150),https://freesound.org/s/44150/,CC-BY-3.0,Stickinthemud,2026-09-23,4.088,44100,1,outdoor,unspecified,n/a,original,,,,3409bf02c4ead44c5da5c5eefc92f16676c6ab9bea42d3aa2faa347f482cfc71,test,44150,dev,"Wind_chime,Chime,Bell",http://creativecommons.org/licenses/by/3.0/,inferred_from_tags,fsd50k_real_v1
SS-ALM-0060,originals/alarm_or_siren/SS-ALM-0060.wav,Alarm or Siren,FSD50K (Freesound clip 90536),https://freesound.org/s/90536/,CC0-1.0,Suicidity,2026-09-23,2.85,44100,1,indoor,unspecified,n/a,original,,,,777484f8ba6f89f6035065e92bfde72e7ff2e51c1bb3b18f968675edf25f0357,val,90536,dev,"Cowbell,Bell",http://creativecommons.org/publicdomain/zero/1.0/,stated,fsd50k_real_v1
SS-ALM-0061,originals/alarm_or_siren/SS-ALM-0061.wav,Alarm or Siren,FSD50K (Freesound clip 53268),https://freesound.org/s/53268/,CC-BY-3.0,THE_bizniss,2026-09-23,1.126,44100,1,unspecified,unspecified,n/a,original,,,,eea302e6253a105411a0c75a1f6fdbb42de1dad24330c47d346db69b3cd217bd,test,53268,eval,"Doorbell,Door,Domestic_sounds_and_home_sounds,Alarm",http://creativecommons.org/licenses/by/3.0/,unmatched,fsd50k_real_v1
SS-ALM-0062,originals/alarm_or_siren/SS-ALM-0062.wav,Alarm or Siren,FSD50K (Freesound clip 212006),https://freesound.org/s/212006/,CC-BY-3.0,Taira Komori,2026-09-23,0.37,44100,1,unspecified,unspecified,n/a,original,,,,05674ee70d0f6143fff754c1da3e30ca6f7327ced48f1344d51cf205956f356e,val,212006,dev,"Telephone,Alarm",http://creativecommons.org/licenses/by/3.0/,unmatched,fsd50k_real_v1
SS-ALM-0063,originals/alarm_or_siren/SS-ALM-0063.wav,Alarm or Siren,FSD50K (Freesound clip 123305),https://freesound.org/s/123305/,CC0-1.0,Tempouser,2026-09-23,1.533,44100,1,unspecified,unspecified,n/a,original,,,,3b040a2132f9d6cce9d6e0f167eab718a4310e6419020b145a0d12924c08c07d,train,123305,eval,"Ringtone,Telephone,Alarm",http://creativecommons.org/publicdomain/zero/1.0/,unmatched,fsd50k_real_v1
SS-ALM-0064,originals/alarm_or_siren/SS-ALM-0064.wav,Alarm or Siren,FSD50K (Freesound clip 32320),https://freesound.org/s/32320/,CC0-1.0,UncleSigmund,2026-09-23,18.0,44100,1,unspecified,unspecified,n/a,original,,,,ad04e8969ef58ea57c2c861b13bd9f351dff8ee48f982e714ca14bdf7d5967db,train,32320,eval,"Bicycle_bell,Bicycle,Vehicle,Alarm,Bell",http://creativecommons.org/publicdomain/zero/1.0/,unmatched,fsd50k_real_v1
SS-ALM-0065,originals/alarm_or_siren/SS-ALM-0065.wav,Alarm or Siren,FSD50K (Freesound clip 328541),https://freesound.org/s/328541/,CC0-1.0,Vendarro,2026-09-23,10.844,44100,1,outdoor,unspecified,n/a,original,,,,54f1850f22f56d19cdfaa37bfb615e27125bed6e60e15d67fea631d03b4355e0,train,328541,eval,"Alarm,Truck,Boat_and_Water_vehicle,Motor_vehicle_(road),Vehicle",http://creativecommons.org/publicdomain/zero/1.0/,stated,fsd50k_real_v1
SS-ALM-0066,originals/alarm_or_siren/SS-ALM-0066.wav,Alarm or Siren,FSD50K (Freesound clip 432459),https://freesound.org/s/432459/,CC0-1.0,Vortichez,2026-09-23,4.5,44100,1,indoor,unspecified,n/a,original,,,,070343cffb1d69c2407c90ca0608783d9502b5072f7063251e87399dda17c3af,train,432459,dev,"Chime,Bell",http://creativecommons.org/publicdomain/zero/1.0/,stated,fsd50k_real_v1
SS-ALM-0067,originals/alarm_or_siren/SS-ALM-0067.wav,Alarm or Siren,FSD50K (Freesound clip 265644),https://freesound.org/s/265644/,CC-BY-3.0,YleArkisto,2026-09-23,23.727,44100,1,outdoor,unspecified,n/a,original,,,,3bf7b06de23b5481cc6c3732ad27ea576e06bd3a4cd84c6782553eb096da7ac6,train,265644,dev,"Bicycle_bell,Alarm,Bicycle,Vehicle,Bell",http://creativecommons.org/licenses/by/3.0/,inferred_from_tags,fsd50k_real_v1
SS-ALM-0068,originals/alarm_or_siren/SS-ALM-0068.wav,Alarm or Siren,FSD50K (Freesound clip 406231),https://freesound.org/s/406231/,CC0-1.0,_stubb,2026-09-23,14.763,44100,1,unspecified,unspecified,n/a,original,,,,fce975ea16f32cad79d3e552ece3c864d76c9d062b464c80802aaf998fa3e1e1,train,406231,eval,"Telephone,Alarm",http://creativecommons.org/publicdomain/zero/1.0/,unmatched,fsd50k_real_v1
SS-ALM-0069,originals/alarm_or_siren/SS-ALM-0069.wav,Alarm or Siren,FSD50K (Freesound clip 68970),https://freesound.org/s/68970/,Sampling+-1.0,abel_K,2026-09-23,5.918,44100,1,unspecified,unspecified,n/a,original,,,,21838f16f009280f34d10e7239ab28790f4b5a479c86d9abf1648356a9049a96,train,68970,eval,"Cowbell,Bell",http://creativecommons.org/licenses/sampling+/1.0/,unmatched,fsd50k_real_v1
SS-ALM-0070,originals/alarm_or_siren/SS-ALM-0070.wav,Alarm or Siren,FSD50K (Freesound clip 24621),https://freesound.org/s/24621/,Sampling+-1.0,anamorphosis,2026-09-23,3.508,44100,1,unspecified,unspecified,n/a,original,,,,131e89aeaafa738dac364d2e1398f5c922b139fab87391e49f9f8ab0057b500b,train,24621,dev,Bell,http://creativecommons.org/licenses/sampling+/1.0/,unmatched,fsd50k_real_v1
SS-ALM-0071,originals/alarm_or_siren/SS-ALM-0071.wav,Alarm or Siren,FSD50K (Freesound clip 118391),https://freesound.org/s/118391/,CC0-1.0,are16ocean,2026-09-23,19.644,44100,1,unspecified,unspecified,n/a,original,,,,55fc926fd11cf32987688e83d332232cf0a43e28589e1eda0555ea78e2b1fbc9,val,118391,dev,"Telephone,Alarm",http://creativecommons.org/publicdomain/zero/1.0/,unmatched,fsd50k_real_v1
SS-ALM-0072,originals/alarm_or_siren/SS-ALM-0072.wav,Alarm or Siren,FSD50K (Freesound clip 135766),https://freesound.org/s/135766/,CC0-1.0,arseniiv,2026-09-23,2.356,44100,1,unspecified,unspecified,n/a,original,,,,5a58d98094c0bb0e851b5657a2a766f5836ff96b390b7edc5c4b9a135e1bcf56,train,135766,dev,Bell,http://creativecommons.org/publicdomain/zero/1.0/,unmatched,fsd50k_real_v1
SS-ALM-0073,originals/alarm_or_siren/SS-ALM-0073.wav,Alarm or Siren,FSD50K (Freesound clip 10430),https://freesound.org/s/10430/,CC0-1.0,batchku,2026-09-23,2.186,44100,1,unspecified,unspecified,n/a,original,,,,d6f59429c2049756f616b78e0b757564037ccd87b7b16eb473109f9a28bae520,test,10430,dev,Bell,http://creativecommons.org/publicdomain/zero/1.0/,unmatched,fsd50k_real_v1
SS-ALM-0074,originals/alarm_or_siren/SS-ALM-0074.wav,Alarm or Siren,FSD50K (Freesound clip 273883),https://freesound.org/s/273883/,CC0-1.0,beskhu,2026-09-23,6.508,44100,1,outdoor,unspecified,n/a,original,,,,240c25a91cfd897e157adf39889677d2fec9c9bfcf4a15ed4bab39aa91e8e1ea,train,273883,dev,"Wind_chime,Chime,Bell",http://creativecommons.org/publicdomain/zero/1.0/,stated,fsd50k_real_v1
SS-ALM-0075,originals/alarm_or_siren/SS-ALM-0075.wav,Alarm or Siren,FSD50K (Freesound clip 245445),https://freesound.org/s/245445/,CC0-1.0,blukotek,2026-09-23,10.083,44100,1,outdoor,unspecified,n/a,original,,,,50b583fb1d2c17c1d8ebb46793ae66a874b4a1c4641bcdf3dbc53f1abc58ae8f,train,245445,eval,"Telephone,Alarm",http://creativecommons.org/publicdomain/zero/1.0/,stated,fsd50k_real_v1
SS-ALM-0076,originals/alarm_or_siren/SS-ALM-0076.wav,Alarm or Siren,FSD50K (Freesound clip 198841),https://freesound.org/s/198841/,CC-BY-3.0,bone666138,2026-09-23,6.323,44100,1,unspecified,unspecified,n/a,original,,,,e308068e8760904a9c580f464ab72cf22a2ac438ed9da2ffb9394e5d97553d42,train,198841,eval,"Alarm,Mechanisms",http://creativecommons.org/licenses/by/3.0/,unmatched,fsd50k_real_v1
SS-ALM-0077,originals/alarm_or_siren/SS-ALM-0077.wav,Alarm or Siren,FSD50K (Freesound clip 393662),https://freesound.org/s/393662/,CC0-1.0,chripei,2026-09-23,5.208,44100,1,outdoor,unspecified,n/a,original,,,,111783c640cd584ca078bff92cb17359d1c702ead1ed74da2e8c3bf884e3ba31,train,393662,dev,"Motor_vehicle_(road),Siren,Vehicle,Alarm",http://creativecommons.org/publicdomain/zero/1.0/,inferred_from_tags,fsd50k_real_v1
SS-ALM-0078,originals/alarm_or_siren/SS-ALM-0078.wav,Alarm or Siren,FSD50K (Freesound clip 84701),https://freesound.org/s/84701/,CC-BY-3.0,cmusounddesign,2026-09-23,13.973,44100,1,outdoor,unspecified,n/a,original,,,,9b6eff80f751b6d05f7caf5c0847f3eccff1d422451cc83abd91ea28317b8b82,train,84701,dev,"Wind_chime,Chime,Bell",http://creativecommons.org/licenses/by/3.0/,stated,fsd50k_real_v1
SS-ALM-0079,originals/alarm_or_siren/SS-ALM-0079.wav,Alarm or Siren,FSD50K (Freesound clip 17122),https://freesound.org/s/17122/,CC0-1.0,cognito perceptu,2026-09-23,4.697,44100,1,unspecified,unspecified,n/a,original,,,,b160fe29432b873a8f73f63d076a11c6ac0c6cd73b5e009d17a59c146370fd47,test,17122,eval,"Clapping,Bell,Laughter,Human_voice,Hands",http://creativecommons.org/publicdomain/zero/1.0/,unmatched,fsd50k_real_v1
SS-ALM-0080,originals/alarm_or_siren/SS-ALM-0080.wav,Alarm or Siren,FSD50K (Freesound clip 159743),https://freesound.org/s/159743/,CC0-1.0,conleec,2026-09-23,20.38,44100,1,unspecified,unspecified,n/a,original,,,,661b761989e75a2aed2da5f1d3217fe406030ea4628f06329119e46cd629960d,train,159743,dev,"Motor_vehicle_(road),Siren,Vehicle,Alarm",http://creativecommons.org/publicdomain/zero/1.0/,unmatched,fsd50k_real_v1
SS-ALM-0081,originals/alarm_or_siren/SS-ALM-0081.wav,Alarm or Siren,FSD50K (Freesound clip 125141),https://freesound.org/s/125141/,CC0-1.0,connersaw8,2026-09-23,0.859,44100,1,unspecified,unspecified,n/a,original,,,,b18e022a5d2ec6c5a6d2486e0ed28e104f617597c4c0c6bd2e746b233422c6bb,train,125141,dev,Bell,http://creativecommons.org/publicdomain/zero/1.0/,unmatched,fsd50k_real_v1
SS-ALM-0082,originals/alarm_or_siren/SS-ALM-0082.wav,Alarm or Siren,FSD50K (Freesound clip 50400),https://freesound.org/s/50400/,CC0-1.0,dADDoiT,2026-09-23,6.729,44100,1,studio,unspecified,n/a,original,,,,b298dc9c17365276dbfee9f0a1d3863335a7e093bf1b85881fc69a4fd15aba95,train,50400,dev,"Wind_chime,Chime,Bell",http://creativecommons.org/publicdomain/zero/1.0/,stated,fsd50k_real_v1
SS-ALM-0083,originals/alarm_or_siren/SS-ALM-0083.wav,Alarm or Siren,FSD50K (Freesound clip 377640),https://freesound.org/s/377640/,CC0-1.0,danarobinsondesignsgmailcom,2026-09-23,7.719,44100,1,unspecified,unspecified,n/a,original,,,,7fe0e186bf1726f001c4064c2a6ab3544c7f61d25b694f9b5118f91fe432f362,train,377640,dev,Bell,http://creativecommons.org/publicdomain/zero/1.0/,unmatched,fsd50k_real_v1
SS-ALM-0084,originals/alarm_or_siren/SS-ALM-0084.wav,Alarm or Siren,FSD50K (Freesound clip 26271),https://freesound.org/s/26271/,CC-BY-3.0,daveincamas,2026-09-23,29.016,44100,1,outdoor,unspecified,n/a,original,,,,1dcb0f1c9438645bbb1a12c26bf9a9cc7d6552f46226f62944abeff732797616,val,26271,eval,"Crowd,Bell,Music,Livestock_and_farm_animals_and_working_animals,Human_group_actions,Animal",http://creativecommons.org/licenses/by/3.0/,inferred_from_tags,fsd50k_real_v1
SS-ALM-0085,originals/alarm_or_siren/SS-ALM-0085.wav,Alarm or Siren,FSD50K (Freesound clip 57884),https://freesound.org/s/57884/,CC-BY-3.0,dkustic,2026-09-23,1.764,44100,1,outdoor,unspecified,n/a,original,,,,8e9c5e10e275035007e0efa0d0e0ad0de855e5cdc22331c0d0750c8ec7651693,val,57884,dev,"Zipper_(clothing),Telephone,Domestic_sounds_and_home_sounds,Alarm",http://creativecommons.org/licenses/by/3.0/,stated,fsd50k_real_v1
SS-ALM-0086,originals/alarm_or_siren/SS-ALM-0086.wav,Alarm or Siren,FSD50K (Freesound clip 9674),https://freesound.org/s/9674/,CC-BY-3.0,dobroide,2026-09-23,10.417,44100,1,outdoor,unspecified,n/a,original,,,,08a0f46b14223dbf47f5c3aea24cc4d28baee80d6ad36f77454509116e62072f,test,9674,dev,Alarm,http://creativecommons.org/licenses/by/3.0/,inferred_from_tags,fsd50k_real_v1
SS-ALM-0087,originals/alarm_or_siren/SS-ALM-0087.wav,Alarm or Siren,FSD50K (Freesound clip 35433),https://freesound.org/s/35433/,CC0-1.0,fons,2026-09-23,15.61,44100,1,unspecified,unspecified,n/a,original,,,,dd29fb27d910c180f1818f5a364d52c23c1d5f7a15023f6bcd3b84dd15898a23,train,35433,dev,Alarm,http://creativecommons.org/publicdomain/zero/1.0/,unmatched,fsd50k_real_v1
SS-ALM-0088,originals/alarm_or_siren/SS-ALM-0088.wav,Alarm or Siren,FSD50K (Freesound clip 422059),https://freesound.org/s/422059/,CC-BY-3.0,gamebalance,2026-09-23,5.393,44100,1,unspecified,unspecified,n/a,original,,,,b15a3ddc4bd269df57105f280bff88d4b431112478c294b1ea6eda727dfd8e39,train,422059,dev,"Chime,Bell",http://creativecommons.org/licenses/by/3.0/,unmatched,fsd50k_real_v1
SS-ALM-0089,originals/alarm_or_siren/SS-ALM-0089.wav,Alarm or Siren,FSD50K (Freesound clip 323122),https://freesound.org/s/323122/,CC0-1.0,geraldfiebig,2026-09-23,8.239,44100,1,indoor,unspecified,n/a,original,,,,6fc069ddd59e0aa6aa5c210bb1875eb39144d39ef1971e0b54a87e8e7e23a087,train,323122,dev,"Bicycle_bell,Alarm,Bicycle,Vehicle,Bell",http://creativecommons.org/publicdomain/zero/1.0/,stated,fsd50k_real_v1
SS-ALM-0090,originals/alarm_or_siren/SS-ALM-0090.wav,Alarm or Siren,FSD50K (Freesound clip 52053),https://freesound.org/s/52053/,CC0-1.0,guitarguy1985,2026-09-23,14.254,44100,1,unspecified,unspecified,n/a,original,,,,73c44adce0192efb56c1c9e1ed857c6340eae5005618e23fd5e8e439323168a9,train,52053,eval,"Male_speech_and_man_speaking,Alarm,Speech,Human_voice",http://creativecommons.org/publicdomain/zero/1.0/,unmatched,fsd50k_real_v1
SS-ALM-0091,originals/alarm_or_siren/SS-ALM-0091.wav,Alarm or Siren,FSD50K (Freesound clip 69181),https://freesound.org/s/69181/,Sampling+-1.0,happyband,2026-09-23,2.069,44100,1,unspecified,unspecified,n/a,original,,,,c2ae1cea77e4396b56af55c7a7733ba546ab2b5b3fe17758ff4c59b4e30a1b1b,val,69181,dev,"Bell,Doorbell,Door,Domestic_sounds_and_home_sounds,Alarm",http://creativecommons.org/licenses/sampling+/1.0/,unmatched,fsd50k_real_v1
SS-ALM-0092,originals/alarm_or_siren/SS-ALM-0092.wav,Alarm or Siren,FSD50K (Freesound clip 80341),https://freesound.org/s/80341/,CC0-1.0,hyderpotter,2026-09-23,6.004,44100,1,unspecified,unspecified,n/a,original,,,,a0b00c5b39447a8e1051ca149e4f67bd7a78eb89d3988d3eed8455f3ae79a6ba,val,80341,dev,"Telephone,Alarm",http://creativecommons.org/publicdomain/zero/1.0/,unmatched,fsd50k_real_v1
SS-ALM-0093,originals/alarm_or_siren/SS-ALM-0093.wav,Alarm or Siren,FSD50K (Freesound clip 88243),https://freesound.org/s/88243/,CC0-1.0,iut_Paris8,2026-09-23,0.3,44100,1,indoor,unspecified,n/a,original,,,,b798e6a1581066c570716223089d413efcb88d1ec9a7a0c8422041df98878993,train,88243,dev,"Doorbell,Door,Domestic_sounds_and_home_sounds,Alarm",http://creativecommons.org/publicdomain/zero/1.0/,inferred_from_tags,fsd50k_real_v1
SS-ALM-0094,originals/alarm_or_siren/SS-ALM-0094.wav,Alarm or Siren,FSD50K (Freesound clip 235458),https://freesound.org/s/235458/,CC0-1.0,jcdecha,2026-09-23,12.479,44100,1,unspecified,unspecified,n/a,original,,,,6ae263688632f3f9436a2aa7b351ec1162c1af94a75efc17b3c3868b9ff97ef2,test,235458,dev,Bell,http://creativecommons.org/publicdomain/zero/1.0/,unmatched,fsd50k_real_v1
SS-ALM-0095,originals/alarm_or_siren/SS-ALM-0095.wav,Alarm or Siren,FSD50K (Freesound clip 189754),https://freesound.org/s/189754/,CC-BY-3.0,jiserte,2026-09-23,0.967,44100,1,unspecified,unspecified,n/a,original,,,,716466fa1e6a1a9220e2c7eaa305876be45dbb5cdb4d9c28e2f92b555b985b51,train,189754,eval,"Chatter,Bicycle_bell,Human_group_actions,Bicycle,Vehicle,Alarm,Bell",http://creativecommons.org/licenses/by/3.0/,unmatched,fsd50k_real_v1
SS-ALM-0096,originals/alarm_or_siren/SS-ALM-0096.wav,Alarm or Siren,FSD50K (Freesound clip 33723),https://freesound.org/s/33723/,CC-BY-3.0,jobro,2026-09-23,1.714,44100,1,unspecified,unspecified,n/a,original,,,,e2d1e5067c344c4e3380d6eb89b5518423a2e7f85c72b9d3a361c940cea85f54,train,33723,dev,Alarm,http://creativecommons.org/licenses/by/3.0/,unmatched,fsd50k_real_v1
SS-ALM-0097,originals/alarm_or_siren/SS-ALM-0097.wav,Alarm or Siren,FSD50K (Freesound clip 78201),https://freesound.org/s/78201/,CC-BY-3.0,joedeshon,2026-09-23,16.232,44100,1,outdoor,unspecified,n/a,original,,,,9ec758d7fafaffdac8f63a1481b5d95e25130d1ceda9d4824a7dfc43fcd568fd,test,78201,eval,"Chime,Bell",http://creativecommons.org/licenses/by/3.0/,stated,fsd50k_real_v1
SS-ALM-0098,originals/alarm_or_siren/SS-ALM-0098.wav,Alarm or Siren,FSD50K (Freesound clip 17091),https://freesound.org/s/17091/,CC-BY-3.0,jppi_Stu,2026-09-23,12.025,44100,1,outdoor,unspecified,n/a,original,,,,1585802264ab7bdf62e6debc9868624d6446986d450bf38788b11477f87a58e3,train,17091,eval,"Wind_chime,Wood,Chime,Bell",http://creativecommons.org/licenses/by/3.0/,stated,fsd50k_real_v1
SS-ALM-0099,originals/alarm_or_siren/SS-ALM-0099.wav,Alarm or Siren,FSD50K (Freesound clip 75104),https://freesound.org/s/75104/,CC-BY-3.0,juskiddink,2026-09-23,12.546,44100,1,outdoor,unspecified,n/a,original,,,,6d9c52849c0f0e03f0a2fdd110cca7e36b8250be1d51652984380623cf74bf5c,train,75104,eval,"Telephone,Alarm",http://creativecommons.org/licenses/by/3.0/,stated,fsd50k_real_v1
SS-ALM-0100,originals/alarm_or_siren/SS-ALM-0100.wav,Alarm or Siren,FSD50K (Freesound clip 170876),https://freesound.org/s/170876/,CC0-1.0,kevenmw,2026-09-23,2.639,44100,1,outdoor,unspecified,n/a,original,,,,d4d959d50dbb518fce5222d168170fdfbed2f5b63ed1cfba4ecd87a41c24be40,train,170876,eval,"Ringtone,Keyboard_(musical),Musical_instrument,Music,Telephone,Alarm",http://creativecommons.org/publicdomain/zero/1.0/,stated,fsd50k_real_v1
SS-ALM-0101,originals/alarm_or_siren/SS-ALM-0101.wav,Alarm or Siren,FSD50K (Freesound clip 197222),https://freesound.org/s/197222/,CC-BY-3.0,knova,2026-09-23,2.077,44100,1,unspecified,unspecified,n/a,original,,,,25cb40b2915a865b5c88906334294553f15a27fe7cf123d3ec8868f608a2210a,train,197222,eval,"Ringtone,Keyboard_(musical),Musical_instrument,Music,Telephone,Alarm",http://creativecommons.org/licenses/by/3.0/,unmatched,fsd50k_real_v1
SS-ALM-0102,originals/alarm_or_siren/SS-ALM-0102.wav,Alarm or Siren,FSD50K (Freesound clip 345737),https://freesound.org/s/345737/,CC0-1.0,knufds,2026-09-23,2.336,44100,1,unspecified,unspecified,n/a,original,,,,f06f40581dffca0acbfa950839a5b950e711952a01e6b5ea5e37dc424b8fd5e6,train,345737,eval,"Ringtone,Telephone,Alarm",http://creativecommons.org/publicdomain/zero/1.0/,unmatched,fsd50k_real_v1
SS-ALM-0103,originals/alarm_or_siren/SS-ALM-0103.wav,Alarm or Siren,FSD50K (Freesound clip 244927),https://freesound.org/s/244927/,CC-BY-3.0,kwahmah_02,2026-09-23,7.36,44100,1,outdoor,unspecified,n/a,original,,,,d3b09ba96c01ba7be096864412215f5174bd33e3c10c052465f604bf7482ae23,train,244927,dev,Alarm,http://creativecommons.org/licenses/by/3.0/,inferred_from_tags,fsd50k_real_v1
SS-ALM-0104,originals/alarm_or_siren/SS-ALM-0104.wav,Alarm or Siren,FSD50K (Freesound clip 141308),https://freesound.org/s/141308/,CC0-1.0,lluiset7,2026-09-23,24.634,44100,1,unspecified,unspecified,n/a,original,,,,86c87265b791b7f372a80e86460f49ed618588656e72d6a6d11c9fba3bfd0956,train,141308,eval,Alarm,http://creativecommons.org/publicdomain/zero/1.0/,unmatched,fsd50k_real_v1
SS-ALM-0105,originals/alarm_or_siren/SS-ALM-0105.wav,Alarm or Siren,FSD50K (Freesound clip 328823),https://freesound.org/s/328823/,CC-BY-3.0,magedu,2026-09-23,4.268,44100,1,unspecified,unspecified,n/a,original,,,,496df04f7e14a51a2096bdbd12292340633f22a3fac686bcfad388b671341b4e,val,328823,dev,"Bicycle_bell,Alarm,Bicycle,Vehicle,Bell",http://creativecommons.org/licenses/by/3.0/,unmatched,fsd50k_real_v1
SS-ALM-0106,originals/alarm_or_siren/SS-ALM-0106.wav,Alarm or Siren,FSD50K (Freesound clip 196368),https://freesound.org/s/196368/,CC-BY-3.0,maisonsonique,2026-09-23,9.493,44100,1,indoor,unspecified,n/a,original,,,,78a86e69a492241ba6a21eee49b8ccb32589bbbf951c6a5345c273f54369d719,train,196368,dev,"Doorbell,Door,Domestic_sounds_and_home_sounds,Alarm",http://creativecommons.org/licenses/by/3.0/,stated,fsd50k_real_v1
SS-ALM-0107,originals/alarm_or_siren/SS-ALM-0107.wav,Alarm or Siren,FSD50K (Freesound clip 411515),https://freesound.org/s/411515/,CC-BY-3.0,mcmacca,2026-09-23,7.576,44100,1,unspecified,unspecified,n/a,original,,,,521c76f271078b60dc8f6f691d2b149315ed67b671c1d7f336ca5fb9215dd7cd,train,411515,dev,"Doorbell,Door,Domestic_sounds_and_home_sounds,Alarm",http://creativecommons.org/licenses/by/3.0/,unmatched,fsd50k_real_v1
SS-ALM-0108,originals/alarm_or_siren/SS-ALM-0108.wav,Alarm or Siren,FSD50K (Freesound clip 255193),https://freesound.org/s/255193/,CC-BY-3.0,michael_kur95,2026-09-23,14.78,44100,1,outdoor,unspecified,n/a,original,,,,32dd12a0d17cf2d81f418aa6a08a07b4968766ede09f63bb579fae5aaf54e444,train,255193,dev,Alarm,http://creativecommons.org/licenses/by/3.0/,stated,fsd50k_real_v1
SS-ALM-0109,originals/alarm_or_siren/SS-ALM-0109.wav,Alarm or Siren,FSD50K (Freesound clip 267881),https://freesound.org/s/267881/,CC0-1.0,mickleness,2026-09-23,2.364,44100,1,indoor,unspecified,n/a,original,,,,07d6345827f1fbfcd35d635a0051bc4601912c9960c93368be8e8a57c07e2874,train,267881,dev,"Ringtone,Telephone,Alarm",http://creativecommons.org/publicdomain/zero/1.0/,stated,fsd50k_real_v1
SS-ALM-0110,originals/alarm_or_siren/SS-ALM-0110.wav,Alarm or Siren,FSD50K (Freesound clip 108797),https://freesound.org/s/108797/,CC0-1.0,mojomills,2026-09-23,19.226,44100,1,unspecified,unspecified,n/a,original,,,,eb16037935a7f69528ce0e646ea480bae7c6da570d223432864b6ddfaabd8ca2,test,108797,dev,"Ringtone,Telephone,Alarm",http://creativecommons.org/publicdomain/zero/1.0/,unmatched,fsd50k_real_v1
SS-ALM-0111,originals/alarm_or_siren/SS-ALM-0111.wav,Alarm or Siren,FSD50K (Freesound clip 58385),https://freesound.org/s/58385/,CC-BY-3.0,morgantj,2026-09-23,22.911,44100,1,outdoor,unspecified,n/a,original,,,,12d3221a09d14dd4341b5cfd73d823394e5dfb0c20229474fef073a4ebd1bfa7,test,58385,eval,"Wind_chime,Wind,Chime,Bell",http://creativecommons.org/licenses/by/3.0/,stated,fsd50k_real_v1
SS-ALM-0112,originals/alarm_or_siren/SS-ALM-0112.wav,Alarm or Siren,FSD50K (Freesound clip 335964),https://freesound.org/s/335964/,CC-BY-3.0,newagesoup,2026-09-23,2.083,44100,1,unspecified,unspecified,n/a,original,,,,1f1c8dd7baaa1618a5fb5952611aeb731e3918a8da7eb9c7adf86fb4b220ac26,train,335964,dev,"Glockenspiel,Bell,Mallet_percussion,Percussion,Musical_instrument,Music",http://creativecommons.org/licenses/by/3.0/,unmatched,fsd50k_real_v1
SS-ALM-0113,originals/alarm_or_siren/SS-ALM-0113.wav,Alarm or Siren,FSD50K (Freesound clip 120831),https://freesound.org/s/120831/,CC0-1.0,odilonmarcenaro,2026-09-23,17.784,44100,1,indoor,unspecified,n/a,original,,,,8f892b5f7585d454a3544dbad8b3f7aa36d4280ed8ca707a8e18807feecbddab,train,120831,eval,"Chatter,Church_bell,Human_group_actions,Bell",http://creativecommons.org/publicdomain/zero/1.0/,stated,fsd50k_real_v1
SS-ALM-0114,originals/alarm_or_siren/SS-ALM-0114.wav,Alarm or Siren,FSD50K (Freesound clip 121750),https://freesound.org/s/121750/,CC-BY-3.0,ondrosik,2026-09-23,0.77,44100,1,unspecified,unspecified,n/a,original,,,,9ce10499cd18f76cacaa3cf16d53a5bb01e201452839b0160c3e4646b5db41a8,train,121750,dev,"Telephone,Alarm",http://creativecommons.org/licenses/by/3.0/,unmatched,fsd50k_real_v1
SS-ALM-0115,originals/alarm_or_siren/SS-ALM-0115.wav,Alarm or Siren,FSD50K (Freesound clip 273344),https://freesound.org/s/273344/,CC0-1.0,othercee,2026-09-23,19.846,44100,1,studio,unspecified,n/a,original,,,,3b6fcd6c379709b0f927af031ffe963f9d5a6b6b94e5ca413eb58252169f9b26,train,273344,dev,"Telephone,Alarm",http://creativecommons.org/publicdomain/zero/1.0/,stated,fsd50k_real_v1
SS-ALM-0116,originals/alarm_or_siren/SS-ALM-0116.wav,Alarm or Siren,FSD50K (Freesound clip 382805),https://freesound.org/s/382805/,CC-BY-3.0,pjcohen,2026-09-23,1.401,44100,1,outdoor,unspecified,n/a,original,,,,beedbbe2f699f9d5b7e79c89a07eeb9acc9617c709bc20ba0bb24ff42b17c190,train,382805,dev,"Cowbell,Bell",http://creativecommons.org/licenses/by/3.0/,inferred_from_tags,fsd50k_real_v1
SS-ALM-0117,originals/alarm_or_siren/SS-ALM-0117.wav,Alarm or Siren,FSD50K (Freesound clip 351284),https://freesound.org/s/351284/,CC-BY-3.0,pogmothoin,2026-09-23,2.688,44100,1,unspecified,unspecified,n/a,original,,,,a17d12628f214293036620d32a8851ad55d684a0a3033d38fda923c93731f2a4,train,351284,eval,"Ringtone,Marimba_and_xylophone,Keyboard_(musical),Musical_instrument,Music,Telephone,Alarm,Mallet_percussion,Percussion",http://creativecommons.org/licenses/by/3.0/,unmatched,fsd50k_real_v1
SS-ALM-0118,originals/alarm_or_siren/SS-ALM-0118.wav,Alarm or Siren,FSD50K (Freesound clip 11617),https://freesound.org/s/11617/,CC-BY-3.0,psakion,2026-09-23,18.442,44100,1,outdoor,unspecified,n/a,original,,,,b6bafbe114fc24cb3ea26bc10a707e07ce86354d90354e99065fd9b2ceccfebe,train,11617,dev,"Rain,Chime,Water,Bell",http://creativecommons.org/licenses/by/3.0/,stated,fsd50k_real_v1
SS-ALM-0119,originals/alarm_or_siren/SS-ALM-0119.wav,Alarm or Siren,FSD50K (Freesound clip 67616),https://freesound.org/s/67616/,CC0-1.0,qubodup,2026-09-23,5.925,44100,1,unspecified,unspecified,n/a,original,,,,a6049e55340e06eb73c987760e723a686126f9c3fe9e969efadd6b809fc1d701,train,67616,dev,Alarm,http://creativecommons.org/publicdomain/zero/1.0/,unmatched,fsd50k_real_v1
SS-ALM-0120,originals/alarm_or_siren/SS-ALM-0120.wav,Alarm or Siren,FSD50K (Freesound clip 72571),https://freesound.org/s/72571/,CC0-1.0,relwin,2026-09-23,5.272,44100,1,unspecified,unspecified,n/a,original,,,,601e96102ec23cfbb14df15c0c0d08d3904945b3f4f8371d1a32c61a8640c051,train,72571,eval,"Bell,Mechanisms",http://creativecommons.org/publicdomain/zero/1.0/,unmatched,fsd50k_real_v1
SS-ALM-0121,originals/alarm_or_siren/SS-ALM-0121.wav,Alarm or Siren,FSD50K (Freesound clip 127551),https://freesound.org/s/127551/,CC0-1.0,romulofs,2026-09-23,2.592,44100,1,unspecified,unspecified,n/a,original,,,,fce19c96cbb6a01b4f398583639a7712ff97d59343c4d8d3a199b7378388d4e4,test,127551,dev,Bell,http://creativecommons.org/publicdomain/zero/1.0/,unmatched,fsd50k_real_v1
SS-ALM-0122,originals/alarm_or_siren/SS-ALM-0122.wav,Alarm or Siren,FSD50K (Freesound clip 110402),https://freesound.org/s/110402/,CC-BY-3.0,sandyrb,2026-09-23,7.013,44100,1,indoor,unspecified,n/a,original,,,,4635054e6510388101c52e8816efe64f7d7f632a4d810b3c3a9a8ad8f6c6d724,train,110402,dev,"Church_bell,Percussion,Musical_instrument,Music,Bell",http://creativecommons.org/licenses/by/3.0/,stated,fsd50k_real_v1
SS-ALM-0123,originals/alarm_or_siren/SS-ALM-0123.wav,Alarm or Siren,FSD50K (Freesound clip 66288),https://freesound.org/s/66288/,CC-BY-3.0,soundplusdesign,2026-09-23,4.386,44100,1,unspecified,unspecified,n/a,original,,,,2924762c5282ca46afa367efac697d79b617a040c9ab1194e2570dcafed676fd,train,66288,dev,"Telephone,Alarm",http://creativecommons.org/licenses/by/3.0/,unmatched,fsd50k_real_v1
SS-ALM-0124,originals/alarm_or_siren/SS-ALM-0124.wav,Alarm or Siren,FSD50K (Freesound clip 99624),https://freesound.org/s/99624/,CC0-1.0,tec studios,2026-09-23,8.0,44100,1,unspecified,unspecified,n/a,original,,,,ac448beb4878dac6f8bb2eb349d8a076c2d61df83f1f4bc66d1e79fe014008d1,test,99624,dev,Bell,http://creativecommons.org/publicdomain/zero/1.0/,unmatched,fsd50k_real_v1
SS-ALM-0125,originals/alarm_or_siren/SS-ALM-0125.wav,Alarm or Siren,FSD50K (Freesound clip 159758),https://freesound.org/s/159758/,CC0-1.0,timgormly,2026-09-23,0.359,44100,1,unspecified,unspecified,n/a,original,,,,3d5afacf8310814f2635e4ede54ed5a6fefd849cc11cc44f65e8f5ec797a3704,test,159758,eval,"Cowbell,Bell",http://creativecommons.org/publicdomain/zero/1.0/,unmatched,fsd50k_real_v1
SS-ALM-0126,originals/alarm_or_siren/SS-ALM-0126.wav,Alarm or Siren,FSD50K (Freesound clip 321676),https://freesound.org/s/321676/,CC0-1.0,tt_runscript,2026-09-23,0.512,44100,1,indoor,unspecified,n/a,original,,,,997d4af0c20afafc060be4555e2964c20501ea97079455ecfefd88a694939a11,val,321676,dev,Alarm,http://creativecommons.org/publicdomain/zero/1.0/,inferred_from_tags,fsd50k_real_v1
SS-ALM-0127,originals/alarm_or_siren/SS-ALM-0127.wav,Alarm or Siren,FSD50K (Freesound clip 135584),https://freesound.org/s/135584/,CC0-1.0,univ_lyon3,2026-09-23,3.0,44100,1,outdoor,unspecified,n/a,original,,,,e5c795cc706201236b4446cacd74129434f3f6451131cf1903b9cdbf9b602068,train,135584,dev,"Telephone,Alarm",http://creativecommons.org/publicdomain/zero/1.0/,stated,fsd50k_real_v1
SS-ALM-0128,originals/alarm_or_siren/SS-ALM-0128.wav,Alarm or Siren,FSD50K (Freesound clip 64073),https://freesound.org/s/64073/,CC-BY-3.0,vtkproductions.com,2026-09-23,7.079,44100,1,indoor,unspecified,n/a,original,,,,a351c733ba9bed70338067653e73d1f92bfb15b0eb65ba7a4550be0aa010a3fe,train,64073,eval,Alarm,http://creativecommons.org/licenses/by/3.0/,stated,fsd50k_real_v1
SS-ALM-0129,originals/alarm_or_siren/SS-ALM-0129.wav,Alarm or Siren,FSD50K (Freesound clip 122266),https://freesound.org/s/122266/,CC-BY-3.0,zimbot,2026-09-23,0.594,44100,1,unspecified,unspecified,n/a,original,,,,ae924c4dcb12fa285c06c62af7e069fc871d541d0cff6f65aff880217ff3458a,train,122266,dev,"Ringtone,Telephone,Alarm",http://creativecommons.org/licenses/by/3.0/,unmatched,fsd50k_real_v1
SS-ALM-0130,originals/alarm_or_siren/SS-ALM-0130.wav,Alarm or Siren,FSD50K (Freesound clip 100357),https://freesound.org/s/100357/,CC0-1.0,zozu,2026-09-23,12.748,44100,1,unspecified,unspecified,n/a,original,,,,0b268a0991d30b0989170396a845a2a95bada18780010421d3e147ec108f1724,train,100357,dev,Alarm,http://creativecommons.org/publicdomain/zero/1.0/,unmatched,fsd50k_real_v1
SS-ANI-0001,originals/animal_sound/SS-ANI-0001.wav,Animal Sound,FSD50K (Freesound clip 379079),https://freesound.org/s/379079/,CC0-1.0,13FPanska_Krug_Antonin,2026-09-23,6.48,44100,1,unspecified,unspecified,n/a,original,,,,7496e45ded927c316d9ca9b5bccef170535af5ac1229036018d3718e4b7f3f61,val,379079,dev,Animal,http://creativecommons.org/publicdomain/zero/1.0/,unmatched,fsd50k_real_v1
SS-ANI-0002,originals/animal_sound/SS-ANI-0002.wav,Animal Sound,FSD50K (Freesound clip 379205),https://freesound.org/s/379205/,CC0-1.0,13F_Panska_Petruzelova_Anna,2026-09-23,21.939,44100,1,outdoor,unspecified,n/a,original,,,,36fa2d715f5d50b88c564688618ae320b28c4b6f6df6a88cbe1d46edf66ba860,train,379205,dev,"Dog,Domestic_animals_and_pets,Animal",http://creativecommons.org/publicdomain/zero/1.0/,stated,fsd50k_real_v1
SS-ANI-0003,originals/animal_sound/SS-ANI-0003.wav,Animal Sound,FSD50K (Freesound clip 418153),https://freesound.org/s/418153/,CC0-1.0,14FPanskaZummer_Jakub,2026-09-23,19.48,44100,1,indoor,unspecified,n/a,original,,,,f313770805954f14d7da7d0530fce76d13a69c5e1e68b042887f67f2bbffe36e,train,418153,dev,"Meow,Cat,Domestic_animals_and_pets,Animal",http://creativecommons.org/publicdomain/zero/1.0/,stated,fsd50k_real_v1
SS-ANI-0004,originals/animal_sound/SS-ANI-0004.wav,Animal Sound,FSD50K (Freesound clip 164475),https://freesound.org/s/164475/,CC0-1.0,Adam_N,2026-09-23,3.936,44100,1,unspecified,unspecified,n/a,original,,,,5fb9b990ebbfd7db543c578cb989a37a5a8f46b05ec18f3ef041071532211611,train,164475,dev,"Bird,Wild_animals,Animal",http://creativecommons.org/publicdomain/zero/1.0/,unmatched,fsd50k_real_v1
SS-ANI-0005,originals/animal_sound/SS-ANI-0005.wav,Animal Sound,FSD50K (Freesound clip 345959),https://freesound.org/s/345959/,CC-BY-3.0,AlienXXX,2026-09-23,1.582,44100,1,unspecified,unspecified,n/a,original,,,,9c40a77b30973d2f93f31ce280725c391cb06d0e8a11b0237aa21ce425d146c7,train,345959,dev,"Meow,Cat,Domestic_animals_and_pets,Animal",http://creativecommons.org/licenses/by/3.0/,unmatched,fsd50k_real_v1
SS-ANI-0006,originals/animal_sound/SS-ANI-0006.wav,Animal Sound,FSD50K (Freesound clip 33509),https://freesound.org/s/33509/,Sampling+-1.0,AmbientSoundscapes,2026-09-23,20.565,44100,1,outdoor,unspecified,n/a,original,,,,a4366c89be762fef6fa2983e5e22e63178f9a82ba8397997333fc20cca48dee2,train,33509,dev,"Bird_vocalization_and_bird_call_and_bird_song,Bird,Wild_animals,Animal",http://creativecommons.org/licenses/sampling+/1.0/,stated,fsd50k_real_v1
SS-ANI-0007,originals/animal_sound/SS-ANI-0007.wav,Animal Sound,FSD50K (Freesound clip 338272),https://freesound.org/s/338272/,CC0-1.0,Andreas.Mustola,2026-09-23,0.778,44100,1,unspecified,unspecified,n/a,original,,,,8becc07ab6a348b82a47f8db6c61ba7a5580fafc89c0473ae6e920d2f9d6a587,train,338272,dev,"Meow,Cat,Domestic_animals_and_pets,Animal",http://creativecommons.org/publicdomain/zero/1.0/,unmatched,fsd50k_real_v1
SS-ANI-0008,originals/animal_sound/SS-ANI-0008.wav,Animal Sound,FSD50K (Freesound clip 398731),https://freesound.org/s/398731/,CC0-1.0,Anthousai,2026-09-23,5.045,44100,1,unspecified,unspecified,n/a,original,,,,7646d8fe62c7d32f36192247ce80ce830dc790f589fc1053557f2cc3a4127d05,train,398731,dev,"Dog,Domestic_animals_and_pets,Animal",http://creativecommons.org/publicdomain/zero/1.0/,unmatched,fsd50k_real_v1
SS-ANI-0009,originals/animal_sound/SS-ANI-0009.wav,Animal Sound,FSD50K (Freesound clip 305),https://freesound.org/s/305/,CC-BY-3.0,Anton,2026-09-23,4.567,44100,1,studio,unspecified,n/a,original,,,,6fd567f26ffb61d89df7a23d77f2fa7c3337088f2d39754086593c184a7a9f77,train,305,dev,"Purr,Cat,Domestic_animals_and_pets,Animal",http://creativecommons.org/licenses/by/3.0/,stated,fsd50k_real_v1
SS-ANI-0010,originals/animal_sound/SS-ANI-0010.wav,Animal Sound,FSD50K (Freesound clip 188041),https://freesound.org/s/188041/,CC0-1.0,AntumDeluge,2026-09-23,1.194,44100,1,unspecified,unspecified,n/a,original,,,,ab97f093e57334f2f2f2b7fe7cc6843b06737fe1c2b96f2851f75ad231aad7a6,test,188041,eval,"Crow,Bird,Wild_animals,Animal",http://creativecommons.org/publicdomain/zero/1.0/,unmatched,fsd50k_real_v1
SS-ANI-0011,originals/animal_sound/SS-ANI-0011.wav,Animal Sound,FSD50K (Freesound clip 207248),https://freesound.org/s/207248/,CC-BY-3.0,AurelioSons,2026-09-23,4.279,44100,1,indoor,unspecified,n/a,original,,,,8c60cce174aa432bc9c9b5704ea193f285baee2d06930866516b4313fc29c862,val,207248,dev,"Bird,Wild_animals,Animal",http://creativecommons.org/licenses/by/3.0/,stated,fsd50k_real_v1
SS-ANI-0012,originals/animal_sound/SS-ANI-0012.wav,Animal Sound,FSD50K (Freesound clip 244174),https://freesound.org/s/244174/,CC0-1.0,BalancedEnergy10,2026-09-23,1.062,44100,1,outdoor,unspecified,n/a,original,,,,5b435d83323edc47e0bbce916f068150b9425d83616e65fb993dacccf0ee0bb3,val,244174,dev,"Bird,Wild_animals,Animal",http://creativecommons.org/publicdomain/zero/1.0/,stated,fsd50k_real_v1
SS-ANI-0013,originals/animal_sound/SS-ANI-0013.wav,Animal Sound,FSD50K (Freesound clip 341792),https://freesound.org/s/341792/,CC-BY-3.0,Baldirideltasona,2026-09-23,10.601,44100,1,outdoor,unspecified,n/a,original,,,,d9e69626a47183b467a06ba69fe0517c7db488abe2d491f5431641561f1b2384,val,341792,dev,"Dog,Domestic_animals_and_pets,Animal",http://creativecommons.org/licenses/by/3.0/,stated,fsd50k_real_v1
SS-ANI-0014,originals/animal_sound/SS-ANI-0014.wav,Animal Sound,FSD50K (Freesound clip 58277),https://freesound.org/s/58277/,CC-BY-3.0,Benboncan,2026-09-23,3.544,44100,1,outdoor,unspecified,n/a,original,,,,4fa9e154f00800ef18c66b12ae712d3b1254f06b574c2351be990da57b6bfb82,test,58277,dev,"Livestock_and_farm_animals_and_working_animals,Animal",http://creativecommons.org/licenses/by/3.0/,stated,fsd50k_real_v1
SS-ANI-0015,originals/animal_sound/SS-ANI-0015.wav,Animal Sound,FSD50K (Freesound clip 66524),https://freesound.org/s/66524/,CC0-1.0,Bidone,2026-09-23,8.02,44100,1,outdoor,unspecified,n/a,original,,,,41cf08780e9d9b46f9992fa2df81fe2e65a13a54d317bd10bd05e113c99aad2b,val,66524,dev,"Bird,Wild_animals,Animal",http://creativecommons.org/publicdomain/zero/1.0/,inferred_from_tags,fsd50k_real_v1
SS-ANI-0016,originals/animal_sound/SS-ANI-0016.wav,Animal Sound,FSD50K (Freesound clip 49520),https://freesound.org/s/49520/,CC-BY-3.0,BoilingSand,2026-09-23,16.138,44100,1,unspecified,unspecified,n/a,original,,,,2cb44781b3a51d4969033e18fac612556d7e70abeaf0d8661fb600c42edf775f,train,49520,eval,"Male_speech_and_man_speaking,Female_speech_and_woman_speaking,Chirp_and_tweet,Conversation,Dog,Crow,Speech,Human_voice,Domestic_animals_and_pets,Animal,Bird_vocalization_and_bird_call_and_bird_song,Bird,Wild_animals",http://creativecommons.org/licenses/by/3.0/,unmatched,fsd50k_real_v1
SS-ANI-0017,originals/animal_sound/SS-ANI-0017.wav,Animal Sound,FSD50K (Freesound clip 85661),https://freesound.org/s/85661/,CC-BY-3.0,CGEffex,2026-09-23,1.149,44100,1,unspecified,unspecified,n/a,original,,,,924fe2bfb8850a5727c300f83b8fca2ccec2474d8f204e98f9216875f607706f,test,85661,dev,"Bark,Dog,Domestic_animals_and_pets,Animal",http://creativecommons.org/licenses/by/3.0/,unmatched,fsd50k_real_v1
SS-ANI-0018,originals/animal_sound/SS-ANI-0018.wav,Animal Sound,FSD50K (Freesound clip 136259),https://freesound.org/s/136259/,CC0-1.0,Calcuttan,2026-09-23,24.145,44100,1,outdoor,unspecified,n/a,original,,,,a9d83e346f3cda44d5f8d00ac4c3a42f90d26ad33465814ef8a401cb7d7b03aa,train,136259,eval,"Chirp_and_tweet,Crow,Bird_vocalization_and_bird_call_and_bird_song,Bird,Wild_animals,Animal",http://creativecommons.org/publicdomain/zero/1.0/,stated,fsd50k_real_v1
SS-ANI-0019,originals/animal_sound/SS-ANI-0019.wav,Animal Sound,FSD50K (Freesound clip 22919),https://freesound.org/s/22919/,CC-BY-3.0,Charel Sytze,2026-09-23,9.064,44100,1,outdoor,unspecified,n/a,original,,,,c4c523de6b88b32028047a214016d5d5a2ec779dba03abd07891291d1492ca17,train,22919,dev,"Bird,Breathing,Wild_animals,Animal,Respiratory_sounds",http://creativecommons.org/licenses/by/3.0/,stated,fsd50k_real_v1
SS-ANI-0020,originals/animal_sound/SS-ANI-0020.wav,Animal Sound,FSD50K (Freesound clip 386864),https://freesound.org/s/386864/,CC-BY-3.0,ConnorM94,2026-09-23,1.375,44100,1,unspecified,unspecified,n/a,original,,,,bc73f406790fd269262ee176373dce81018362a37d346019e07710b642c6b17e,train,386864,dev,"Chirp_and_tweet,Bird_vocalization_and_bird_call_and_bird_song,Bird,Wild_animals,Animal",http://creativecommons.org/licenses/by/3.0/,unmatched,fsd50k_real_v1
SS-ANI-0021,originals/animal_sound/SS-ANI-0021.wav,Animal Sound,FSD50K (Freesound clip 18282),https://freesound.org/s/18282/,CC-BY-3.0,Corsica_S,2026-09-23,0.81,44100,1,unspecified,unspecified,n/a,original,,,,4c129688d126599ceb247440edd907c97c0a2d4e385bcd9606538806346e3d06,train,18282,dev,"Dog,Domestic_animals_and_pets,Animal",http://creativecommons.org/licenses/by/3.0/,unmatched,fsd50k_real_v1
SS-ANI-0022,originals/animal_sound/SS-ANI-0022.wav,Animal Sound,FSD50K (Freesound clip 125514),https://freesound.org/s/125514/,Sampling+-1.0,Dariachic,2026-09-23,1.664,44100,1,unspecified,unspecified,n/a,original,,,,538c0c8edfa21fc32876504734cf3e66345f993d193978d893e762de15130b1b,train,125514,dev,"Dog,Domestic_animals_and_pets,Animal",http://creativecommons.org/licenses/sampling+/1.0/,unmatched,fsd50k_real_v1
SS-ANI-0023,originals/animal_sound/SS-ANI-0023.wav,Animal Sound,FSD50K (Freesound clip 64004),https://freesound.org/s/64004/,CC0-1.0,Department64,2026-09-23,2.649,44100,1,unspecified,unspecified,n/a,original,,,,b765eae5fc42df8a9f0822d3b35228e3a16db1a590f4ee001427fd5576cb4463,val,64004,dev,"Purr,Cat,Domestic_animals_and_pets,Animal",http://creativecommons.org/publicdomain/zero/1.0/,unmatched,fsd50k_real_v1
SS-ANI-0024,originals/animal_sound/SS-ANI-0024.wav,Animal Sound,FSD50K (Freesound clip 98705),https://freesound.org/s/98705/,CC-BY-3.0,E330,2026-09-23,25.558,44100,1,outdoor,unspecified,n/a,original,,,,f2eb3a2cd3c39ac19188b20c5daee9fde602374e0e1d4885034e1b6ac406038f,train,98705,eval,"Chatter,Chirp_and_tweet,Traffic_noise_and_roadway_noise,Human_voice,Crow,Human_group_actions,Bird_vocalization_and_bird_call_and_bird_song,Bird,Wild_animals,Animal,Motor_vehicle_(road),Vehicle",http://creativecommons.org/licenses/by/3.0/,stated,fsd50k_real_v1
SS-ANI-0025,originals/animal_sound/SS-ANI-0025.wav,Animal Sound,FSD50K (Freesound clip 30338),https://freesound.org/s/30338/,CC-BY-3.0,ERH,2026-09-23,20.177,44100,1,outdoor,unspecified,n/a,original,,,,1db68938fdc4e37b33a63dddfcd28e135234d529d771d8a7dd1b6c4524ae7ec0,train,30338,dev,"Bird_vocalization_and_bird_call_and_bird_song,Bird,Wild_animals,Animal",http://creativecommons.org/licenses/by/3.0/,stated,fsd50k_real_v1
SS-ANI-0026,originals/animal_sound/SS-ANI-0026.wav,Animal Sound,FSD50K (Freesound clip 266352),https://freesound.org/s/266352/,CC0-1.0,EduFigg,2026-09-23,7.899,44100,1,outdoor,unspecified,n/a,original,,,,cd4af4d8c40d5fa480bbf8565dcd6bd9b4fd8601788329586ff28759f5913677,train,266352,dev,"Bird,Wild_animals,Animal",http://creativecommons.org/publicdomain/zero/1.0/,stated,fsd50k_real_v1
SS-ANI-0027,originals/animal_sound/SS-ANI-0027.wav,Animal Sound,FSD50K (Freesound clip 392242),https://freesound.org/s/392242/,CC-BY-3.0,ElsaRp,2026-09-23,1.497,44100,1,indoor,unspecified,n/a,original,,,,1fbca5b64673725e9a7e2b24894773d6e544a373216a44004ab523bdab9dac0e,val,392242,dev,"Meow,Cat,Domestic_animals_and_pets,Animal",http://creativecommons.org/licenses/by/3.0/,stated,fsd50k_real_v1
SS-ANI-0028,originals/animal_sound/SS-ANI-0028.wav,Animal Sound,FSD50K (Freesound clip 22682),https://freesound.org/s/22682/,CC-BY-3.0,Erdie,2026-09-23,25.278,44100,1,outdoor,unspecified,n/a,original,,,,12263dc9f4c57307ac1d2d36b7768a17bff118f37a0fefba1a6a53b01a3f6f1b,val,22682,eval,"Cricket,Wind,Insect,Wild_animals,Animal",http://creativecommons.org/licenses/by/3.0/,stated,fsd50k_real_v1
SS-ANI-0029,originals/animal_sound/SS-ANI-0029.wav,Animal Sound,FSD50K (Freesound clip 195942),https://freesound.org/s/195942/,CC-BY-3.0,FestaCienciaTecnologia,2026-09-23,6.262,44100,1,indoor,unspecified,n/a,original,,,,dfc642e9bff7bdfb66a0374e13d04da2c40b669dfe16321a6dfc5161fa4fce4e,train,195942,dev,"Bird,Wild_animals,Animal",http://creativecommons.org/licenses/by/3.0/,stated,fsd50k_real_v1
SS-ANI-0030,originals/animal_sound/SS-ANI-0030.wav,Animal Sound,FSD50K (Freesound clip 142642),https://freesound.org/s/142642/,CC-BY-3.0,GB01,2026-09-23,5.453,44100,1,outdoor,unspecified,n/a,original,,,,988b060c895b98c3e637f740a4f7f697d5632592b2fd1cfe10123ef5f0cd77e7,train,142642,dev,"Dog,Domestic_animals_and_pets,Animal",http://creativecommons.org/licenses/by/3.0/,stated,fsd50k_real_v1
SS-ANI-0031,originals/animal_sound/SS-ANI-0031.wav,Animal Sound,FSD50K (Freesound clip 372521),https://freesound.org/s/372521/,CC0-1.0,Glitchedtones,2026-09-23,0.535,44100,1,unspecified,unspecified,n/a,original,,,,54928d0b8cc433e623a980dd6e071dabbc2b2fc7d21219d4afdd6db8645ecc09,train,372521,dev,"Bark,Dog,Domestic_animals_and_pets,Animal",http://creativecommons.org/publicdomain/zero/1.0/,unmatched,fsd50k_real_v1
SS-ANI-0032,originals/animal_sound/SS-ANI-0032.wav,Animal Sound,FSD50K (Freesound clip 322445),https://freesound.org/s/322445/,CC-BY-3.0,GoodListener,2026-09-23,1.852,44100,1,unspecified,unspecified,n/a,original,,,,e14f09f022c1191a540a7980ec3fb78f1fb3a22e7c82dc0f1710cf6f93eaaa13,train,322445,dev,"Livestock_and_farm_animals_and_working_animals,Animal",http://creativecommons.org/licenses/by/3.0/,unmatched,fsd50k_real_v1
SS-ANI-0033,originals/animal_sound/SS-ANI-0033.wav,Animal Sound,FSD50K (Freesound clip 122764),https://freesound.org/s/122764/,CC-BY-3.0,Grigore,2026-09-23,20.21,44100,1,unspecified,unspecified,n/a,original,,,,5410f6ed23a833388809cbc1fa5e8e1f637fb8692ad524b8c4e43e6ce950093f,train,122764,dev,"Chirp_and_tweet,Bird_vocalization_and_bird_call_and_bird_song,Bird,Wild_animals,Animal",http://creativecommons.org/licenses/by/3.0/,unmatched,fsd50k_real_v1
SS-ANI-0034,originals/animal_sound/SS-ANI-0034.wav,Animal Sound,FSD50K (Freesound clip 98669),https://freesound.org/s/98669/,Sampling+-1.0,Hamface,2026-09-23,6.039,44100,1,unspecified,unspecified,n/a,original,,,,b8d080d615e0810f9c1b12c0140136b3f7e8d436053f33eaa396d36e5bb1c147,train,98669,dev,"Cat,Domestic_animals_and_pets,Animal",http://creativecommons.org/licenses/sampling+/1.0/,unmatched,fsd50k_real_v1
SS-ANI-0035,originals/animal_sound/SS-ANI-0035.wav,Animal Sound,FSD50K (Freesound clip 17206),https://freesound.org/s/17206/,CC0-1.0,Heigh-hoo,2026-09-23,23.382,44100,1,outdoor,unspecified,n/a,original,,,,25c0c08a07085cc80785a282911a915d5f7150c370d5922a4efe293c0897dd48,train,17206,eval,"Chatter,Chirp_and_tweet,Train,Dog,Music,Rail_transport,Vehicle,Human_group_actions,Domestic_animals_and_pets,Animal,Bird_vocalization_and_bird_call_and_bird_song,Bird,Wild_animals",http://creativecommons.org/publicdomain/zero/1.0/,inferred_from_tags,fsd50k_real_v1
SS-ANI-0036,originals/animal_sound/SS-ANI-0036.wav,Animal Sound,FSD50K (Freesound clip 28112),https://freesound.org/s/28112/,CC-BY-3.0,HerbertBoland,2026-09-23,16.161,44100,1,unspecified,unspecified,n/a,original,,,,2b47649aebe5fe0b72dd6d4ac0148cae3ea495d171ed64bcbf7a18a1f91cbdc4,train,28112,dev,"Purr,Cat,Domestic_animals_and_pets,Animal",http://creativecommons.org/licenses/by/3.0/,unmatched,fsd50k_real_v1
SS-ANI-0037,originals/animal_sound/SS-ANI-0037.wav,Animal Sound,FSD50K (Freesound clip 60992),https://freesound.org/s/60992/,CC-BY-3.0,IFartInUrGeneralDirection,2026-09-23,27.847,44100,1,unspecified,unspecified,n/a,original,,,,3a473b59ab3398b88d91a64193c082dce592f1ee237f80cbc53e178d5dd0de68,train,60992,dev,"Dog,Domestic_animals_and_pets,Animal",http://creativecommons.org/licenses/by/3.0/,unmatched,fsd50k_real_v1
SS-ANI-0038,originals/animal_sound/SS-ANI-0038.wav,Animal Sound,FSD50K (Freesound clip 231957),https://freesound.org/s/231957/,CC-BY-3.0,INS_Ribera_Baixa,2026-09-23,15.44,44100,1,outdoor,unspecified,n/a,original,,,,a6e2f6911df9869e38abda30b9cb0450c93a07c564c2675c71849a015f044880,train,231957,eval,"Female_speech_and_woman_speaking,Chirp_and_tweet,Traffic_noise_and_roadway_noise,Speech,Human_voice,Bird_vocalization_and_bird_call_and_bird_song,Bird,Wild_animals,Animal,Motor_vehicle_(road),Vehicle",http://creativecommons.org/licenses/by/3.0/,inferred_from_tags,fsd50k_real_v1
SS-ANI-0039,originals/animal_sound/SS-ANI-0039.wav,Animal Sound,FSD50K (Freesound clip 208843),https://freesound.org/s/208843/,CC-BY-3.0,Insestanyricarda,2026-09-23,8.829,44100,1,outdoor,unspecified,n/a,original,,,,ee035ef307fc55633259826a51ce477c55cce85ec60a6cf4d39fe0c982aa539a,val,208843,dev,"Bird,Wild_animals,Animal",http://creativecommons.org/licenses/by/3.0/,inferred_from_tags,fsd50k_real_v1
SS-ANI-0040,originals/animal_sound/SS-ANI-0040.wav,Animal Sound,FSD50K (Freesound clip 339326),https://freesound.org/s/339326/,CC-BY-3.0,InspectorJ,2026-09-23,24.057,44100,1,unspecified,unspecified,n/a,original,,,,fca4a2d116da9467de5d118149d9784d0f6c2b54131bc193cb3977dcfdeb984c,test,339326,dev,"Chirp_and_tweet,Bird_vocalization_and_bird_call_and_bird_song,Bird,Wild_animals,Animal",http://creativecommons.org/licenses/by/3.0/,unmatched,fsd50k_real_v1
SS-ANI-0041,originals/animal_sound/SS-ANI-0041.wav,Animal Sound,FSD50K (Freesound clip 155309),https://freesound.org/s/155309/,CC0-1.0,Jace,2026-09-23,1.219,44100,1,unspecified,unspecified,n/a,original,,,,89bcf707b75a0e3d58c5974274dffdf4399c9a65a2f8918d572199e0efeac0ca,test,155309,dev,"Bark,Dog,Domestic_animals_and_pets,Animal",http://creativecommons.org/publicdomain/zero/1.0/,unmatched,fsd50k_real_v1
SS-ANI-0042,originals/animal_sound/SS-ANI-0042.wav,Animal Sound,FSD50K (Freesound clip 222038),https://freesound.org/s/222038/,CC-BY-3.0,Jagadamba,2026-09-23,24.216,44100,1,outdoor,unspecified,n/a,original,,,,59771b6f735ce647e241d72179f1b354186d6629e1f0e3f4de968e7066e91510,test,222038,dev,"Crow,Bird,Wild_animals,Animal",http://creativecommons.org/licenses/by/3.0/,inferred_from_tags,fsd50k_real_v1
SS-ANI-0043,originals/animal_sound/SS-ANI-0043.wav,Animal Sound,FSD50K (Freesound clip 233092),https://freesound.org/s/233092/,CC0-1.0,JarredGibb,2026-09-23,1.189,44100,1,unspecified,unspecified,n/a,original,,,,31540f8c313c2e03227c2360b622e59b6069f1c021b7699daa1d906ad0637a2e,train,233092,dev,"Chicken_and_rooster,Fowl,Livestock_and_farm_animals_and_working_animals,Animal",http://creativecommons.org/publicdomain/zero/1.0/,unmatched,fsd50k_real_v1
SS-ANI-0044,originals/animal_sound/SS-ANI-0044.wav,Animal Sound,FSD50K (Freesound clip 77316),https://freesound.org/s/77316/,CC-BY-3.0,Kyster,2026-09-23,1.625,44100,1,outdoor,unspecified,n/a,original,,,,4d505ebbf1cc08568e8dfc5dbf346782644ff3e659c7b204e98921db4a20fe70,test,77316,dev,"Meow,Cat,Domestic_animals_and_pets,Animal",http://creativecommons.org/licenses/by/3.0/,stated,fsd50k_real_v1
SS-ANI-0045,originals/animal_sound/SS-ANI-0045.wav,Animal Sound,FSD50K (Freesound clip 19006),https://freesound.org/s/19006/,CC-BY-3.0,LG,2026-09-23,17.48,44100,1,outdoor,unspecified,n/a,original,,,,e4fe4f34034a51e037970cb7bfb8e0a20fd5e8c780c79681ed836c11b2c0cec7,train,19006,dev,"Fowl,Livestock_and_farm_animals_and_working_animals,Animal",http://creativecommons.org/licenses/by/3.0/,stated,fsd50k_real_v1
SS-ANI-0046,originals/animal_sound/SS-ANI-0046.wav,Animal Sound,FSD50K (Freesound clip 62026),https://freesound.org/s/62026/,CC-BY-3.0,LukeIRL,2026-09-23,3.178,44100,1,unspecified,unspecified,n/a,original,,,,859d6bf1802ec7cc9acdab9fc4ac119f012857b2dba496575a724648d009ee07,train,62026,eval,"Bird_vocalization_and_bird_call_and_bird_song,Splash_and_splatter,Bird,Wild_animals,Animal,Liquid",http://creativecommons.org/licenses/by/3.0/,unmatched,fsd50k_real_v1
SS-ANI-0047,originals/animal_sound/SS-ANI-0047.wav,Animal Sound,FSD50K (Freesound clip 195985),https://freesound.org/s/195985/,CC-BY-3.0,MrAuralization,2026-09-23,21.467,44100,1,unspecified,unspecified,n/a,original,,,,692125c19e996e282ce42df51e5eadfe2637a4bb05ed9e0595969920aab668f2,train,195985,dev,"Thunder,Traffic_noise_and_roadway_noise,Rain,Insect,Water,Thunderstorm,Wild_animals,Animal,Motor_vehicle_(road),Vehicle",http://creativecommons.org/licenses/by/3.0/,unmatched,fsd50k_real_v1
SS-ANI-0048,originals/animal_sound/SS-ANI-0048.wav,Animal Sound,FSD50K (Freesound clip 370864),https://freesound.org/s/370864/,CC0-1.0,Mrthenoronha,2026-09-23,20.736,44100,1,outdoor,unspecified,n/a,original,,,,81d4c95591e1e6f31b0bb45e3e20362b56af27ed1de74ea802451bd9cec0aedc,val,370864,dev,"Cricket,Frog,Insect,Wild_animals,Animal",http://creativecommons.org/publicdomain/zero/1.0/,stated,fsd50k_real_v1
SS-ANI-0049,originals/animal_sound/SS-ANI-0049.wav,Animal Sound,FSD50K (Freesound clip 45390),https://freesound.org/s/45390/,Sampling+-1.0,NOISE.INC,2026-09-23,8.0,44100,1,outdoor,unspecified,n/a,original,,,,a6e4b8437ecab9cf6c30c1779c9c9cc73e444237d0d3d5fb76640f1c51a8d157,train,45390,dev,"Dog,Domestic_animals_and_pets,Animal",http://creativecommons.org/licenses/sampling+/1.0/,inferred_from_tags,fsd50k_real_v1
SS-ANI-0050,originals/animal_sound/SS-ANI-0050.wav,Animal Sound,FSD50K (Freesound clip 4910),https://freesound.org/s/4910/,CC-BY-3.0,NoiseCollector,2026-09-23,0.669,44100,1,outdoor,unspecified,n/a,original,,,,61d24cfd81b6362c4ce377be28f002e59bdb2d08bc7de7f5dbb5ff84269220a0,train,4910,dev,"Bark,Dog,Domestic_animals_and_pets,Animal",http://creativecommons.org/licenses/by/3.0/,inferred_from_tags,fsd50k_real_v1
SS-ANI-0051,originals/animal_sound/SS-ANI-0051.wav,Animal Sound,FSD50K (Freesound clip 113785),https://freesound.org/s/113785/,CC-BY-3.0,Puniho,2026-09-23,2.606,44100,1,unspecified,unspecified,n/a,original,,,,4735027c9e581e74a0c312d95a14b472340646bb600c079076105d7953d91555,train,113785,eval,"Bark,Drum,Dog,Domestic_animals_and_pets,Animal,Percussion,Musical_instrument,Music",http://creativecommons.org/licenses/by/3.0/,unmatched,fsd50k_real_v1
SS-ANI-0052,originals/animal_sound/SS-ANI-0052.wav,Animal Sound,FSD50K (Freesound clip 216202),https://freesound.org/s/216202/,CC-BY-3.0,RSilveira_88,2026-09-23,7.5,44100,1,outdoor,unspecified,n/a,original,,,,f6e7ff9ec838f65e01b30cce1722af4493f1ea693d354528fb4a26d05ac51410,train,216202,dev,"Bird_vocalization_and_bird_call_and_bird_song,Bird,Wild_animals,Animal",http://creativecommons.org/licenses/by/3.0/,stated,fsd50k_real_v1
SS-ANI-0053,originals/animal_sound/SS-ANI-0053.wav,Animal Sound,FSD50K (Freesound clip 342160),https://freesound.org/s/342160/,CC0-1.0,Ragu21,2026-09-23,0.708,44100,1,unspecified,unspecified,n/a,original,,,,1f11ec336d620ee47088ff48f41af47622ab2f5736ab7451cb1d68bc76a646b0,test,342160,dev,"Bird,Wild_animals,Animal",http://creativecommons.org/publicdomain/zero/1.0/,unmatched,fsd50k_real_v1
SS-ANI-0054,originals/animal_sound/SS-ANI-0054.wav,Animal Sound,FSD50K (Freesound clip 47598),https://freesound.org/s/47598/,CC0-1.0,ReadeOnly,2026-09-23,0.439,44100,1,unspecified,unspecified,n/a,original,,,,5132527beb4613e5f2368d7364f139b1b404642cba1be44e0b313bd92e111680,val,47598,dev,"Chirp_and_tweet,Bird,Wild_animals,Animal,Bird_vocalization_and_bird_call_and_bird_song",http://creativecommons.org/publicdomain/zero/1.0/,unmatched,fsd50k_real_v1
SS-ANI-0055,originals/animal_sound/SS-ANI-0055.wav,Animal Sound,FSD50K (Freesound clip 316914),https://freesound.org/s/316914/,CC0-1.0,Rudmer_Rotteveel,2026-09-23,17.356,44100,1,indoor,unspecified,n/a,original,,,,b2318a418bd7b9e16de4bb3008f22a5491b506be2f37aaaa14b24767b5bb81ac,val,316914,dev,"Hiss,Cat,Domestic_animals_and_pets,Animal",http://creativecommons.org/publicdomain/zero/1.0/,stated,fsd50k_real_v1
SS-ANI-0056,originals/animal_sound/SS-ANI-0056.wav,Animal Sound,FSD50K (Freesound clip 411837),https://freesound.org/s/411837/,CC0-1.0,SamuelGremaud,2026-09-23,8.304,44100,1,outdoor,unspecified,n/a,original,,,,f470b021393eab41c3c8e0cd7c49538443d513a2dd71a4454f1026a5325cc745,train,411837,dev,"Bird,Fowl,Wild_animals,Animal,Livestock_and_farm_animals_and_working_animals",http://creativecommons.org/publicdomain/zero/1.0/,stated,fsd50k_real_v1
SS-ANI-0057,originals/animal_sound/SS-ANI-0057.wav,Animal Sound,FSD50K (Freesound clip 396609),https://freesound.org/s/396609/,CC0-1.0,SieuAmThanh,2026-09-23,0.882,44100,1,unspecified,unspecified,n/a,original,,,,f1ba5a0808adf8ca9ac83df70d9eedefa6dbcf4c9fd74d4ed4f65ac1fcb19e7e,train,396609,dev,"Cat,Domestic_animals_and_pets,Animal",http://creativecommons.org/publicdomain/zero/1.0/,unmatched,fsd50k_real_v1
SS-ANI-0058,originals/animal_sound/SS-ANI-0058.wav,Animal Sound,FSD50K (Freesound clip 166703),https://freesound.org/s/166703/,CC0-1.0,Snapper4298,2026-09-23,7.328,44100,1,outdoor,unspecified,n/a,original,,,,0b085cfc7deda210fc3699368477b9e442274337844f60e2818a4c8719be0e68,train,166703,dev,"Gull_and_seagull,Wind,Bird,Wild_animals,Animal",http://creativecommons.org/publicdomain/zero/1.0/,stated,fsd50k_real_v1
SS-ANI-0059,originals/animal_sound/SS-ANI-0059.wav,Animal Sound,FSD50K (Freesound clip 49982),https://freesound.org/s/49982/,CC-BY-3.0,Sparrer,2026-09-23,25.703,44100,1,outdoor,unspecified,n/a,original,,,,26fb36966531006ac77652badcd57936aa1e1b368022a783130d797aa2569758,train,49982,dev,"Bird_vocalization_and_bird_call_and_bird_song,Bird,Wild_animals,Animal",http://creativecommons.org/licenses/by/3.0/,inferred_from_tags,fsd50k_real_v1
SS-ANI-0060,originals/animal_sound/SS-ANI-0060.wav,Animal Sound,FSD50K (Freesound clip 121890),https://freesound.org/s/121890/,CC-BY-3.0,StephenSaldanha,2026-09-23,2.255,44100,1,unspecified,unspecified,n/a,original,,,,06b9e92dff69e371fc4de965ec6e07bfcf217669b635bad6a233c6743fee85e1,train,121890,dev,"Dog,Domestic_animals_and_pets,Animal",http://creativecommons.org/licenses/by/3.0/,unmatched,fsd50k_real_v1
SS-ANI-0061,originals/animal_sound/SS-ANI-0061.wav,Animal Sound,FSD50K (Freesound clip 362652),https://freesound.org/s/362652/,CC0-1.0,TRNGLE,2026-09-23,1.167,44100,1,unspecified,unspecified,n/a,original,,,,4ccefb0da366023efe639f06eac2c8259d91240a0dd16097ed75b14dc9c5bf65,train,362652,eval,"Meow,Cat,Domestic_animals_and_pets,Animal",http://creativecommons.org/publicdomain/zero/1.0/,unmatched,fsd50k_real_v1
SS-ANI-0062,originals/animal_sound/SS-ANI-0062.wav,Animal Sound,FSD50K (Freesound clip 211687),https://freesound.org/s/211687/,CC-BY-3.0,Taira Komori,2026-09-23,1.416,44100,1,unspecified,unspecified,n/a,original,,,,90a2027161562eebf8d557672e94b36e3518b4e244e4d437d605155928663a2d,train,211687,dev,"Meow,Cat,Domestic_animals_and_pets,Animal",http://creativecommons.org/licenses/by/3.0/,unmatched,fsd50k_real_v1
SS-ANI-0063,originals/animal_sound/SS-ANI-0063.wav,Animal Sound,FSD50K (Freesound clip 209327),https://freesound.org/s/209327/,CC0-1.0,ThePriest909,2026-09-23,0.496,44100,1,outdoor,unspecified,n/a,original,,,,4c62a9b307e4aad2fc9c19021f6a8ca65fc44e5cedf57c850e94535b4cb4f844,train,209327,dev,"Cricket,Insect,Wild_animals,Animal",http://creativecommons.org/publicdomain/zero/1.0/,inferred_from_tags,fsd50k_real_v1
SS-ANI-0064,originals/animal_sound/SS-ANI-0064.wav,Animal Sound,FSD50K (Freesound clip 245666),https://freesound.org/s/245666/,CC0-1.0,TicAshfield,2026-09-23,29.716,44100,1,outdoor,unspecified,n/a,original,,,,338c1cf3ca8bf8516aa5a31ff518bd82e5685174516686cb595d51eeeb09e728,train,245666,dev,"Bark,Chatter,Chirp_and_tweet,Livestock_and_farm_animals_and_working_animals,Dog,Domestic_animals_and_pets,Animal,Human_group_actions,Bird_vocalization_and_bird_call_and_bird_song,Bird,Wild_animals",http://creativecommons.org/publicdomain/zero/1.0/,inferred_from_tags,fsd50k_real_v1
SS-ANI-0065,originals/animal_sound/SS-ANI-0065.wav,Animal Sound,FSD50K (Freesound clip 96926),https://freesound.org/s/96926/,CC-BY-3.0,Tomlija,2026-09-23,23.208,44100,1,outdoor,unspecified,n/a,original,,,,c7c0545dba6b8dce785b000fd5a9a11d9b98b153094b5527b6c446509b4cce66,train,96926,eval,"Chirp_and_tweet,Bird_vocalization_and_bird_call_and_bird_song,Bird,Wild_animals,Animal",http://creativecommons.org/licenses/by/3.0/,inferred_from_tags,fsd50k_real_v1
SS-ANI-0066,originals/animal_sound/SS-ANI-0066.wav,Animal Sound,FSD50K (Freesound clip 35383),https://freesound.org/s/35383/,CC0-1.0,UncleSigmund,2026-09-23,2.0,44100,1,unspecified,unspecified,n/a,original,,,,80a845bb1666a470feac1c785fa772388d63b6a1388333de243974f5d97eb2f4,train,35383,eval,"Chirp_and_tweet,Bird_vocalization_and_bird_call_and_bird_song,Bird,Wild_animals,Animal",http://creativecommons.org/publicdomain/zero/1.0/,unmatched,fsd50k_real_v1
SS-ANI-0067,originals/animal_sound/SS-ANI-0067.wav,Animal Sound,FSD50K (Freesound clip 192046),https://freesound.org/s/192046/,CC0-1.0,Wdfourtee,2026-09-23,0.975,44100,1,indoor,unspecified,n/a,original,,,,2048b98982d7bbd53e247a5b0e379b13b9794904dcd65810ab2e9d37916d70b6,train,192046,dev,"Meow,Cat,Domestic_animals_and_pets,Animal",http://creativecommons.org/publicdomain/zero/1.0/,stated,fsd50k_real_v1
SS-ANI-0068,originals/animal_sound/SS-ANI-0068.wav,Animal Sound,FSD50K (Freesound clip 249724),https://freesound.org/s/249724/,CC-BY-3.0,YleArkisto,2026-09-23,19.153,44100,1,indoor,unspecified,n/a,original,,,,6d99bf3769417a78c07ab3fe6095ab1f9d64b49007b18037040762e479fdc6e2,train,249724,dev,"Chicken_and_rooster,Fowl,Livestock_and_farm_animals_and_working_animals,Animal",http://creativecommons.org/licenses/by/3.0/,stated,fsd50k_real_v1
SS-ANI-0069,originals/animal_sound/SS-ANI-0069.wav,Animal Sound,FSD50K (Freesound clip 143125),https://freesound.org/s/143125/,CC0-1.0,Zabuhailo,2026-09-23,10.56,44100,1,outdoor,unspecified,n/a,original,,,,aa7a7598d8a2ba2f07a626f7595fd819f15b88d6487e55880d034aef82c9800d,train,143125,dev,"Wild_animals,Animal",http://creativecommons.org/publicdomain/zero/1.0/,inferred_from_tags,fsd50k_real_v1
SS-ANI-0070,originals/animal_sound/SS-ANI-0070.wav,Animal Sound,FSD50K (Freesound clip 241754),https://freesound.org/s/241754/,CC0-1.0,abhijitchirde,2026-09-23,23.839,44100,1,outdoor,unspecified,n/a,original,,,,5a602a8fdd70b46b897cc8a04037760c32f558fc74e847f043253ae06f286e51,train,241754,dev,"Crow,Bird,Wild_animals,Animal",http://creativecommons.org/publicdomain/zero/1.0/,inferred_from_tags,fsd50k_real_v1
SS-ANI-0071,originals/animal_sound/SS-ANI-0071.wav,Animal Sound,FSD50K (Freesound clip 177612),https://freesound.org/s/177612/,CC0-1.0,aminut,2026-09-23,5.547,44100,1,unspecified,unspecified,n/a,original,,,,ba894e58ed3b1b2e9b5df1bc594c193ff3e308ec71ceb655eb3dfa3f61163558,train,177612,dev,"Cat,Domestic_animals_and_pets,Animal",http://creativecommons.org/publicdomain/zero/1.0/,unmatched,fsd50k_real_v1
SS-ANI-0072,originals/animal_sound/SS-ANI-0072.wav,Animal Sound,FSD50K (Freesound clip 403889),https://freesound.org/s/403889/,CC-BY-3.0,arundasstp,2026-09-23,20.916,44100,1,outdoor,unspecified,n/a,original,,,,5cda5b7ec2be8a1198adb8e130142198083afa961b4c580a59a60bdc56347c20,test,403889,eval,"Walk_and_footsteps,Bird,Wild_animals,Animal",http://creativecommons.org/licenses/by/3.0/,inferred_from_tags,fsd50k_real_v1
SS-ANI-0073,originals/animal_sound/SS-ANI-0073.wav,Animal Sound,FSD50K (Freesound clip 79079),https://freesound.org/s/79079/,Sampling+-1.0,axiyee,2026-09-23,25.612,44100,1,unspecified,unspecified,n/a,original,,,,b796ac22dfd595beaf60cd91b69e373a9109dd332bda45f1c6f60219de430deb,val,79079,dev,"Livestock_and_farm_animals_and_working_animals,Animal",http://creativecommons.org/licenses/sampling+/1.0/,unmatched,fsd50k_real_v1
SS-ANI-0074,originals/animal_sound/SS-ANI-0074.wav,Animal Sound,FSD50K (Freesound clip 128023),https://freesound.org/s/128023/,CC-BY-3.0,be-steele,2026-09-23,3.218,44100,1,indoor,unspecified,n/a,original,,,,78476361a0247ac5b18a70d32eb4e1391ae427476bab3051675e7c8ff9280587,train,128023,dev,"Dog,Domestic_animals_and_pets,Animal",http://creativecommons.org/licenses/by/3.0/,stated,fsd50k_real_v1
SS-ANI-0075,originals/animal_sound/SS-ANI-0075.wav,Animal Sound,FSD50K (Freesound clip 315928),https://freesound.org/s/315928/,CC0-1.0,benjaminharveydesign,2026-09-23,8.899,44100,1,unspecified,unspecified,n/a,original,,,,3bc45bcdc24008c4968c0762b8fbf0bbad95c9e285cf90742e54ff6de789435c,train,315928,dev,"Cat,Domestic_animals_and_pets,Animal",http://creativecommons.org/publicdomain/zero/1.0/,unmatched,fsd50k_real_v1
SS-ANI-0076,originals/animal_sound/SS-ANI-0076.wav,Animal Sound,FSD50K (Freesound clip 269271),https://freesound.org/s/269271/,CC0-1.0,blukotek,2026-09-23,4.813,44100,1,outdoor,unspecified,n/a,original,,,,09682c4a8d5d318e714d9ae05c53a98d7a4be05d68a0e2b401b4efafa29c124d,train,269271,eval,"Trickle_and_dribble,Chirp_and_tweet,Splash_and_splatter,Liquid,Pour,Bird_vocalization_and_bird_call_and_bird_song,Bird,Wild_animals,Animal",http://creativecommons.org/publicdomain/zero/1.0/,stated,fsd50k_real_v1
SS-ANI-0077,originals/animal_sound/SS-ANI-0077.wav,Animal Sound,FSD50K (Freesound clip 146700),https://freesound.org/s/146700/,CC-BY-3.0,bmoreno,2026-09-23,7.663,44100,1,outdoor,unspecified,n/a,original,,,,a694239b91f436d3ab002ab22629e66a86efb0a1c4069fcda74d72e28062e6b5,val,146700,dev,"Bird,Wild_animals,Animal",http://creativecommons.org/licenses/by/3.0/,stated,fsd50k_real_v1
SS-ANI-0078,originals/animal_sound/SS-ANI-0078.wav,Animal Sound,FSD50K (Freesound clip 62335),https://freesound.org/s/62335/,CC0-1.0,bsumusictech,2026-09-23,16.241,44100,1,unspecified,unspecified,n/a,original,,,,78cf2d8442199456b24c80f8bebc2d1d18aef5415fed08f7f79b8cc86fea3b67,train,62335,eval,"Squeak,Bark,Breathing,Splash_and_splatter,Dog,Domestic_animals_and_pets,Animal,Respiratory_sounds,Liquid",http://creativecommons.org/publicdomain/zero/1.0/,unmatched,fsd50k_real_v1
SS-ANI-0079,originals/animal_sound/SS-ANI-0079.wav,Animal Sound,FSD50K (Freesound clip 71896),https://freesound.org/s/71896/,CC-BY-3.0,cmusounddesign,2026-09-23,7.521,44100,1,unspecified,unspecified,n/a,original,,,,b61bd74bd355436ebdc25854df3b53ae04855cd5e996776e2994c910e3065e41,train,71896,dev,"Bird,Wild_animals,Animal",http://creativecommons.org/licenses/by/3.0/,unmatched,fsd50k_real_v1
SS-ANI-0080,originals/animal_sound/SS-ANI-0080.wav,Animal Sound,FSD50K (Freesound clip 165876),https://freesound.org/s/165876/,CC0-1.0,cocoricosound,2026-09-23,2.334,44100,1,indoor,unspecified,n/a,original,,,,b4274c98f31414f359c98e8706c0ba1380f5a32c794915f5268ce538fee55f8a,test,165876,dev,"Chicken_and_rooster,Fowl,Livestock_and_farm_animals_and_working_animals,Animal",http://creativecommons.org/publicdomain/zero/1.0/,stated,fsd50k_real_v1
SS-ANI-0081,originals/animal_sound/SS-ANI-0081.wav,Animal Sound,FSD50K (Freesound clip 16938),https://freesound.org/s/16938/,CC0-1.0,cognito perceptu,2026-09-23,3.367,44100,1,outdoor,unspecified,n/a,original,,,,b6c8e3d045c6861d1a97bbbf1891bce9bf994231c178a7b2222d9660ac8d69e7,test,16938,eval,"Bird_vocalization_and_bird_call_and_bird_song,Bird,Wild_animals,Animal",http://creativecommons.org/publicdomain/zero/1.0/,stated,fsd50k_real_v1
SS-ANI-0082,originals/animal_sound/SS-ANI-0082.wav,Animal Sound,FSD50K (Freesound clip 103410),https://freesound.org/s/103410/,CC-BY-3.0,confusion_music,2026-09-23,0.773,44100,1,outdoor,unspecified,n/a,original,,,,dc3d77a89c9ca5a5cfc47a34890b0d5fa31df08852c62013a7ea782607884cbc,train,103410,dev,"Livestock_and_farm_animals_and_working_animals,Animal",http://creativecommons.org/licenses/by/3.0/,inferred_from_tags,fsd50k_real_v1
SS-ANI-0083,originals/animal_sound/SS-ANI-0083.wav,Animal Sound,FSD50K (Freesound clip 233781),https://freesound.org/s/233781/,CC-BY-3.0,delphidebrain,2026-09-23,10.221,44100,1,unspecified,unspecified,n/a,original,,,,66466401749bc4c50bf3ff30c7f993ac84d40623602dd5907a154fb6dd7d117c,train,233781,dev,"Insect,Wild_animals,Animal",http://creativecommons.org/licenses/by/3.0/,unmatched,fsd50k_real_v1
SS-ANI-0084,originals/animal_sound/SS-ANI-0084.wav,Animal Sound,FSD50K (Freesound clip 23086),https://freesound.org/s/23086/,CC-BY-3.0,digifishmusic,2026-09-23,12.908,44100,1,outdoor,unspecified,n/a,original,,,,81c13e068dd281cf8fb57d2705ba846e2fa8ecc06afa44c864851c3c18e4df29,train,23086,dev,"Rain,Dog,Water,Domestic_animals_and_pets,Animal",http://creativecommons.org/licenses/by/3.0/,stated,fsd50k_real_v1
SS-ANI-0085,originals/animal_sound/SS-ANI-0085.wav,Animal Sound,FSD50K (Freesound clip 56283),https://freesound.org/s/56283/,CC-BY-3.0,dkustic,2026-09-23,17.143,44100,1,outdoor,unspecified,n/a,original,,,,07d6819ebe86b9ef1227f6a2a40c9d67fec93047c2ab8a09d7bfcf1a3b3072ab,train,56283,dev,"Insect,Wild_animals,Animal",http://creativecommons.org/licenses/by/3.0/,stated,fsd50k_real_v1
SS-ANI-0086,originals/animal_sound/SS-ANI-0086.wav,Animal Sound,FSD50K (Freesound clip 4201),https://freesound.org/s/4201/,CC-BY-3.0,dobroide,2026-09-23,7.053,44100,1,outdoor,unspecified,n/a,original,,,,eacad9527b18339b9e67840d8ab59d171e41ec1a259e5623569ed9a816719145,test,4201,dev,"Bird,Dog,Wild_animals,Animal,Domestic_animals_and_pets",http://creativecommons.org/licenses/by/3.0/,inferred_from_tags,fsd50k_real_v1
SS-ANI-0087,originals/animal_sound/SS-ANI-0087.wav,Animal Sound,FSD50K (Freesound clip 155577),https://freesound.org/s/155577/,CC-BY-3.0,ducksingel,2026-09-23,19.979,44100,1,outdoor,unspecified,n/a,original,,,,e2a701f4c09e73a2db84c579016a589851d1dbe0977dad206a85353a0017115a,test,155577,dev,"Bird_vocalization_and_bird_call_and_bird_song,Bird,Wild_animals,Animal",http://creativecommons.org/licenses/by/3.0/,stated,fsd50k_real_v1
SS-ANI-0088,originals/animal_sound/SS-ANI-0088.wav,Animal Sound,FSD50K (Freesound clip 332975),https://freesound.org/s/332975/,CC-BY-3.0,ebcrosby,2026-09-23,15.722,44100,1,outdoor,unspecified,n/a,original,,,,b12d9f5a6dff80b0cd136317fab66f01ce8f0a1a767fee08cdeaed9bac6d566f,train,332975,dev,"Hiss,Cat,Domestic_animals_and_pets,Animal",http://creativecommons.org/licenses/by/3.0/,stated,fsd50k_real_v1
SS-ANI-0089,originals/animal_sound/SS-ANI-0089.wav,Animal Sound,FSD50K (Freesound clip 87975),https://freesound.org/s/87975/,CC-BY-3.0,echobones,2026-09-23,9.023,44100,1,outdoor,unspecified,n/a,original,,,,02ff304a66cc9956012eac2cb6efdd1faf3d8ac08cdb14bf86b14306a0ccb83f,train,87975,dev,"Bird_vocalization_and_bird_call_and_bird_song,Bird,Wild_animals,Animal",http://creativecommons.org/licenses/by/3.0/,inferred_from_tags,fsd50k_real_v1
SS-ANI-0090,originals/animal_sound/SS-ANI-0090.wav,Animal Sound,FSD50K (Freesound clip 417710),https://freesound.org/s/417710/,CC-BY-3.0,ernijsyoyo,2026-09-23,0.394,44100,1,outdoor,unspecified,n/a,original,,,,8a0c0ba486392a0d80121013f911c256f1e3b36fd4781a7527d03fef54b88e58,train,417710,dev,"Bird,Wild_animals,Animal",http://creativecommons.org/licenses/by/3.0/,inferred_from_tags,fsd50k_real_v1
SS-ANI-0091,originals/animal_sound/SS-ANI-0091.wav,Animal Sound,FSD50K (Freesound clip 118959),https://freesound.org/s/118959/,CC0-1.0,esperri,2026-09-23,7.132,44100,1,unspecified,unspecified,n/a,original,,,,8a0ec5f824c524f62466e8ab556b14462209760176a8c9b43389be01dc6c5c99,train,118959,dev,"Purr,Cat,Domestic_animals_and_pets,Animal",http://creativecommons.org/publicdomain/zero/1.0/,unmatched,fsd50k_real_v1
SS-ANI-0092,originals/animal_sound/SS-ANI-0092.wav,Animal Sound,FSD50K (Freesound clip 155147),https://freesound.org/s/155147/,CC0-1.0,felix.blume,2026-09-23,18.637,44100,1,outdoor,unspecified,n/a,original,,,,5452ad1a69e851f887afbb7a4a0ec662c4d9762791b8f464937fc949ee72f000,test,155147,eval,"Thunder,Chirp_and_tweet,Rain,Water,Thunderstorm,Bird_vocalization_and_bird_call_and_bird_song,Bird,Wild_animals,Animal",http://creativecommons.org/publicdomain/zero/1.0/,stated,fsd50k_real_v1
SS-ANI-0093,originals/animal_sound/SS-ANI-0093.wav,Animal Sound,FSD50K (Freesound clip 194774),https://freesound.org/s/194774/,CC-BY-3.0,flcellogrl,2026-09-23,21.081,44100,1,outdoor,unspecified,n/a,original,,,,8ceff45512920d54a7a6a36c244b2f46955285bc6404a7dfce542a5a1f34f0a6,train,194774,dev,"Frog,Wild_animals,Animal",http://creativecommons.org/licenses/by/3.0/,inferred_from_tags,fsd50k_real_v1
SS-ANI-0094,originals/animal_sound/SS-ANI-0094.wav,Animal Sound,FSD50K (Freesound clip 66510),https://freesound.org/s/66510/,CC0-1.0,freemaster2,2026-09-23,5.0,44100,1,unspecified,unspecified,n/a,original,,,,cef5f4c44b31efd99f69235e8601e4d1161d883b1bac53b3fcf4b9d6b0297130,train,66510,dev,"Meow,Cat,Domestic_animals_and_pets,Animal",http://creativecommons.org/publicdomain/zero/1.0/,unmatched,fsd50k_real_v1
SS-ANI-0095,originals/animal_sound/SS-ANI-0095.wav,Animal Sound,FSD50K (Freesound clip 34521),https://freesound.org/s/34521/,CC-BY-3.0,fresco,2026-09-23,16.014,44100,1,outdoor,unspecified,n/a,original,,,,031e7ff1f7bed36b775119e33b39a32b9076b36bec2656e6c9e330818b2e05c7,train,34521,eval,"Cricket,Insect,Wild_animals,Animal",http://creativecommons.org/licenses/by/3.0/,inferred_from_tags,fsd50k_real_v1
SS-ANI-0096,originals/animal_sound/SS-ANI-0096.wav,Animal Sound,FSD50K (Freesound clip 216937),https://freesound.org/s/216937/,CC-BY-3.0,funkymuskrat,2026-09-23,1.316,44100,1,unspecified,unspecified,n/a,original,,,,99909c868c26b39096e097b0e174572c6e8f8792ff26d8e1133f190cc8c58493,val,216937,dev,Animal,http://creativecommons.org/licenses/by/3.0/,unmatched,fsd50k_real_v1
SS-ANI-0097,originals/animal_sound/SS-ANI-0097.wav,Animal Sound,FSD50K (Freesound clip 268954),https://freesound.org/s/268954/,CC0-1.0,harryScary,2026-09-23,13.861,44100,1,outdoor,unspecified,n/a,original,,,,aaff880e1ec66d568bf8812b2f293fc56d1cef77712a0e0be657d4bc25dc4be4,val,268954,dev,"Frog,Wild_animals,Animal",http://creativecommons.org/publicdomain/zero/1.0/,stated,fsd50k_real_v1
SS-ANI-0098,originals/animal_sound/SS-ANI-0098.wav,Animal Sound,FSD50K (Freesound clip 94924),https://freesound.org/s/94924/,CC0-1.0,higginsdj,2026-09-23,20.886,44100,1,outdoor,unspecified,n/a,original,,,,f0b411d181ff301465213131d9b68bac615c5fb302d13e158d1293cc8b533372,test,94924,eval,"Bird_vocalization_and_bird_call_and_bird_song,Crow,Bird,Wild_animals,Animal",http://creativecommons.org/publicdomain/zero/1.0/,stated,fsd50k_real_v1
SS-ANI-0099,originals/animal_sound/SS-ANI-0099.wav,Animal Sound,FSD50K (Freesound clip 42917),https://freesound.org/s/42917/,CC-BY-3.0,inchadney,2026-09-23,11.199,44100,1,outdoor,unspecified,n/a,original,,,,5796304e89b6b5a43351572af0980689fd91f82dc7490351ff8eb4a9a5a73731,test,42917,dev,"Bird,Wild_animals,Animal",http://creativecommons.org/licenses/by/3.0/,inferred_from_tags,fsd50k_real_v1
SS-ANI-0100,originals/animal_sound/SS-ANI-0100.wav,Animal Sound,FSD50K (Freesound clip 231907),https://freesound.org/s/231907/,CC-BY-3.0,insdali,2026-09-23,3.51,44100,1,outdoor,unspecified,n/a,original,,,,8007a1bdf065ab26e7bf94b0b487f0ebcfde14ff370e928df1167717a9fcd2a6,train,231907,dev,"Bird_vocalization_and_bird_call_and_bird_song,Bird,Wild_animals,Animal",http://creativecommons.org/licenses/by/3.0/,inferred_from_tags,fsd50k_real_v1
SS-ANI-0101,originals/animal_sound/SS-ANI-0101.wav,Animal Sound,FSD50K (Freesound clip 202261),https://freesound.org/s/202261/,CC-BY-3.0,iut_Paris8,2026-09-23,18.947,44100,1,outdoor,unspecified,n/a,original,,,,c378c759ebc0be23f33904adf9b61efb02d0c6b6992f49ade739f29121a9e2bf,test,202261,dev,"Bird,Wild_animals,Animal",http://creativecommons.org/licenses/by/3.0/,inferred_from_tags,fsd50k_real_v1
SS-ANI-0102,originals/animal_sound/SS-ANI-0102.wav,Animal Sound,FSD50K (Freesound clip 260248),https://freesound.org/s/260248/,CC0-1.0,ivolipa,2026-09-23,4.662,44100,1,unspecified,unspecified,n/a,original,,,,316f571a40055c155e1832fd0f34266c65f44fc0e8f4f2ec6c64b1c796297183,test,260248,dev,"Dog,Domestic_animals_and_pets,Animal",http://creativecommons.org/publicdomain/zero/1.0/,unmatched,fsd50k_real_v1
SS-ANI-0103,originals/animal_sound/SS-ANI-0103.wav,Animal Sound,FSD50K (Freesound clip 390552),https://freesound.org/s/390552/,CC0-1.0,jos1964,2026-09-23,2.359,44100,1,unspecified,unspecified,n/a,original,,,,75afab94f745008a61dfcc44b05aa2a56dc9a0caff5440642a409a3c289a1a91,train,390552,dev,"Bird,Wild_animals,Animal",http://creativecommons.org/publicdomain/zero/1.0/,unmatched,fsd50k_real_v1
SS-ANI-0104,originals/animal_sound/SS-ANI-0104.wav,Animal Sound,FSD50K (Freesound clip 352698),https://freesound.org/s/352698/,CC0-1.0,josepharaoh99,2026-09-23,8.079,44100,1,unspecified,unspecified,n/a,original,,,,6e0b86c3f9f0f0634fbadb4348a1c1f4de20f032186da072c398f7951e5effbf,train,352698,eval,"Livestock_and_farm_animals_and_working_animals,Animal",http://creativecommons.org/publicdomain/zero/1.0/,unmatched,fsd50k_real_v1
SS-ANI-0105,originals/animal_sound/SS-ANI-0105.wav,Animal Sound,FSD50K (Freesound clip 16783),https://freesound.org/s/16783/,CC-BY-3.0,jppi_Stu,2026-09-23,14.273,44100,1,outdoor,unspecified,n/a,original,,,,eca8606270b395d22a50490654b429d7e0ea0fac218e05c3cdf54d4272c08ebb,val,16783,eval,"Thunder,Chirp_and_tweet,Wind,Rain,Water,Thunderstorm,Bird_vocalization_and_bird_call_and_bird_song,Bird,Wild_animals,Animal",http://creativecommons.org/licenses/by/3.0/,stated,fsd50k_real_v1
SS-ANI-0106,originals/animal_sound/SS-ANI-0106.wav,Animal Sound,FSD50K (Freesound clip 200330),https://freesound.org/s/200330/,CC0-1.0,jsbarrett,2026-09-23,18.764,44100,1,unspecified,unspecified,n/a,original,,,,5f390427228e12e063d4008a649ae403135fcc38476b95c261d049faed4647f2,test,200330,dev,"Chicken_and_rooster,Fowl,Livestock_and_farm_animals_and_working_animals,Animal",http://creativecommons.org/publicdomain/zero/1.0/,unmatched,fsd50k_real_v1
SS-ANI-0107,originals/animal_sound/SS-ANI-0107.wav,Animal Sound,FSD50K (Freesound clip 56531),https://freesound.org/s/56531/,CC-BY-3.0,juskiddink,2026-09-23,5.793,44100,1,outdoor,unspecified,n/a,original,,,,e0f88b6e5119f48a34411a2177d60e88b895a3478b0a31576842d907256d5ac6,val,56531,eval,"Gull_and_seagull,Waves_and_surf,Insect,Bird,Wild_animals,Animal,Ocean,Water",http://creativecommons.org/licenses/by/3.0/,stated,fsd50k_real_v1
SS-ANI-0108,originals/animal_sound/SS-ANI-0108.wav,Animal Sound,FSD50K (Freesound clip 181767),https://freesound.org/s/181767/,CC0-1.0,keweldog,2026-09-23,23.391,44100,1,unspecified,unspecified,n/a,original,,,,b2fca9e374fb1ccab02fcb246ec04a491e53d075f6de2d80106d68bc30e55463,train,181767,dev,"Dog,Domestic_animals_and_pets,Animal",http://creativecommons.org/publicdomain/zero/1.0/,unmatched,fsd50k_real_v1
SS-ANI-0109,originals/animal_sound/SS-ANI-0109.wav,Animal Sound,FSD50K (Freesound clip 185364),https://freesound.org/s/185364/,CC-BY-3.0,klankbeeld,2026-09-23,10.913,44100,1,outdoor,unspecified,n/a,original,,,,fa7beef97e09ca9dd8c13c87ae7624c1397b8ab59c9020d71d90c7ceb6925d3d,train,185364,dev,"Bird_vocalization_and_bird_call_and_bird_song,Bird,Wild_animals,Animal",http://creativecommons.org/licenses/by/3.0/,inferred_from_tags,fsd50k_real_v1
SS-ANI-0110,originals/animal_sound/SS-ANI-0110.wav,Animal Sound,FSD50K (Freesound clip 134772),https://freesound.org/s/134772/,CC0-1.0,kvgarlic,2026-09-23,22.562,44100,1,unspecified,unspecified,n/a,original,,,,55c75ebcc95ec0ac2fe7c66e3d54f1b4b0c4cae4106933641d3cf5ac61686260,val,134772,dev,"Cricket,Insect,Wild_animals,Animal",http://creativecommons.org/publicdomain/zero/1.0/,unmatched,fsd50k_real_v1
SS-ANI-0111,originals/animal_sound/SS-ANI-0111.wav,Animal Sound,FSD50K (Freesound clip 386663),https://freesound.org/s/386663/,CC-BY-3.0,laurenmg95,2026-09-23,2.0,44100,1,outdoor,unspecified,n/a,original,,,,e4315c6ad4316026b21db60e772421450f3b7c7a45593b5dd70de9f0e8ff9dcc,train,386663,dev,"Bird,Wild_animals,Animal",http://creativecommons.org/licenses/by/3.0/,stated,fsd50k_real_v1
SS-ANI-0112,originals/animal_sound/SS-ANI-0112.wav,Animal Sound,FSD50K (Freesound clip 403152),https://freesound.org/s/403152/,CC-BY-3.0,lefthandwinnie,2026-09-23,5.677,44100,1,outdoor,unspecified,n/a,original,,,,d9471317dc426481e92fd53233477799042b60632bcd8a1a5ea1fff4b723778b,train,403152,dev,"Livestock_and_farm_animals_and_working_animals,Animal",http://creativecommons.org/licenses/by/3.0/,stated,fsd50k_real_v1
SS-ANI-0113,originals/animal_sound/SS-ANI-0113.wav,Animal Sound,FSD50K (Freesound clip 251663),https://freesound.org/s/251663/,CC-BY-3.0,listenaround,2026-09-23,1.565,44100,1,indoor,unspecified,n/a,original,,,,e27f4c3698eb47f637b395ab45984ccd55a8af29ebce806ee6c1f705065f8d92,train,251663,dev,"Bird,Wild_animals,Animal",http://creativecommons.org/licenses/by/3.0/,stated,fsd50k_real_v1
SS-ANI-0114,originals/animal_sound/SS-ANI-0114.wav,Animal Sound,FSD50K (Freesound clip 179337),https://freesound.org/s/179337/,CC0-1.0,lolamadeus,2026-09-23,5.56,44100,1,outdoor,unspecified,n/a,original,,,,be0adcc25ec640c07726841534fd3bca9aff15c6ab628495e42b145c2ea387bb,train,179337,eval,"Splash_and_splatter,Fowl,Liquid,Livestock_and_farm_animals_and_working_animals,Animal",http://creativecommons.org/publicdomain/zero/1.0/,stated,fsd50k_real_v1
SS-ANI-0115,originals/animal_sound/SS-ANI-0115.wav,Animal Sound,FSD50K (Freesound clip 320059),https://freesound.org/s/320059/,CC0-1.0,macdaddyno1,2026-09-23,14.393,44100,1,unspecified,unspecified,n/a,original,,,,4d1496e44063be070456ed94abc9cd3c11bbef1c7e0373c901318e33317cba91,train,320059,eval,"Chatter,Chirp_and_tweet,Child_speech_and_kid_speaking,Human_group_actions,Bird_vocalization_and_bird_call_and_bird_song,Bird,Wild_animals,Animal,Speech,Human_voice",http://creativecommons.org/publicdomain/zero/1.0/,unmatched,fsd50k_real_v1
SS-ANI-0116,originals/animal_sound/SS-ANI-0116.wav,Animal Sound,FSD50K (Freesound clip 330303),https://freesound.org/s/330303/,CC0-1.0,maycuddlepie,2026-09-23,10.501,44100,1,unspecified,unspecified,n/a,original,,,,bf8a2f03fe60112f13604ae0f956f6c91c4061226aa24c9a8d94081be6d7180b,train,330303,dev,"Chirp_and_tweet,Bird_vocalization_and_bird_call_and_bird_song,Bird,Wild_animals,Animal",http://creativecommons.org/publicdomain/zero/1.0/,unmatched,fsd50k_real_v1
SS-ANI-0117,originals/animal_sound/SS-ANI-0117.wav,Animal Sound,FSD50K (Freesound clip 75966),https://freesound.org/s/75966/,CC-BY-3.0,mhusinsky,2026-09-23,28.617,44100,1,outdoor,unspecified,n/a,original,,,,0220724e2d5075e0d19dbcd619ac838a94370d5509bfd10380ea615002612a81,train,75966,dev,"Gull_and_seagull,Bird,Fowl,Wild_animals,Animal,Livestock_and_farm_animals_and_working_animals",http://creativecommons.org/licenses/by/3.0/,stated,fsd50k_real_v1
SS-ANI-0118,originals/animal_sound/SS-ANI-0118.wav,Animal Sound,FSD50K (Freesound clip 80380),https://freesound.org/s/80380/,CC-BY-3.0,miastodzwiekow,2026-09-23,29.016,44100,1,unspecified,unspecified,n/a,original,,,,13d518080897fdd61c19a957507c8759da01eef252b0e356c2de1fc37c9ccb4f,test,80380,dev,"Bird,Fowl,Wild_animals,Animal,Livestock_and_farm_animals_and_working_animals",http://creativecommons.org/licenses/by/3.0/,unmatched,fsd50k_real_v1
SS-ANI-0119,originals/animal_sound/SS-ANI-0119.wav,Animal Sound,FSD50K (Freesound clip 58942),https://freesound.org/s/58942/,CC-BY-3.0,mitchellsounds,2026-09-23,26.414,44100,1,unspecified,unspecified,n/a,original,,,,869a591b7623603c9f9bb9f50a08e4ab6009b338e1485197d2c97dc94eecb8c6,train,58942,dev,"Cricket,Insect,Wild_animals,Animal",http://creativecommons.org/licenses/by/3.0/,unmatched,fsd50k_real_v1
SS-ANI-0120,originals/animal_sound/SS-ANI-0120.wav,Animal Sound,FSD50K (Freesound clip 58382),https://freesound.org/s/58382/,CC-BY-3.0,morgantj,2026-09-23,6.069,44100,1,unspecified,unspecified,n/a,original,,,,4f93fe100b25c4cf602edaf9a688af0b6aadd6480853f2ce9fd491fe1ca33926,val,58382,eval,"Bark,Dog,Domestic_animals_and_pets,Animal",http://creativecommons.org/licenses/by/3.0/,unmatched,fsd50k_real_v1
SS-ANI-0121,originals/animal_sound/SS-ANI-0121.wav,Animal Sound,FSD50K (Freesound clip 273480),https://freesound.org/s/273480/,CC-BY-3.0,n_audioman,2026-09-23,5.33,44100,1,outdoor,unspecified,n/a,original,,,,e44702c87f08b1fcd875ea4b6925241ca490286d0f8ec0e013ddc24e4bb15414,train,273480,dev,"Dog,Domestic_animals_and_pets,Animal",http://creativecommons.org/licenses/by/3.0/,inferred_from_tags,fsd50k_real_v1
SS-ANI-0122,originals/animal_sound/SS-ANI-0122.wav,Animal Sound,FSD50K (Freesound clip 60906),https://freesound.org/s/60906/,CC-BY-3.0,nicStage,2026-09-23,1.92,44100,1,unspecified,unspecified,n/a,original,,,,5c0ab6456fc55b9bda7992df86a774afb0a7ce427122dc6a0c65f983edbebcf4,train,60906,eval,"Cricket,Water,Splash_and_splatter,Liquid,Insect,Wild_animals,Animal",http://creativecommons.org/licenses/by/3.0/,unmatched,fsd50k_real_v1
SS-ANI-0123,originals/animal_sound/SS-ANI-0123.wav,Animal Sound,FSD50K (Freesound clip 99767),https://freesound.org/s/99767/,CC-BY-3.0,paubg_pou,2026-09-23,6.285,44100,1,outdoor,unspecified,n/a,original,,,,94f1f2d19d791317251e74f4411ba93123eabc7c32207372951c5adee2564a5c,train,99767,dev,"Bird,Dog,Wild_animals,Animal,Domestic_animals_and_pets",http://creativecommons.org/licenses/by/3.0/,inferred_from_tags,fsd50k_real_v1
SS-ANI-0124,originals/animal_sound/SS-ANI-0124.wav,Animal Sound,FSD50K (Freesound clip 405461),https://freesound.org/s/405461/,CC0-1.0,penetrermind,2026-09-23,1.094,44100,1,outdoor,unspecified,n/a,original,,,,d637ad1ebcacdeb3d6a46c1c9b4da0848b8731921b0c70ac26c675aec49a55e0,train,405461,dev,"Bird,Wild_animals,Animal",http://creativecommons.org/publicdomain/zero/1.0/,stated,fsd50k_real_v1
SS-ANI-0125,originals/animal_sound/SS-ANI-0125.wav,Animal Sound,FSD50K (Freesound clip 390250),https://freesound.org/s/390250/,CC0-1.0,pflanigan,2026-09-23,26.854,44100,1,outdoor,unspecified,n/a,original,,,,8eb20c4f9ef52eda664163f16cdf41719388e93d56cddb17866d6405b78edbf8,train,390250,eval,"Chatter,Giggle,Chirp_and_tweet,Crow,Human_group_actions,Laughter,Human_voice,Bird_vocalization_and_bird_call_and_bird_song,Bird,Wild_animals,Animal",http://creativecommons.org/publicdomain/zero/1.0/,inferred_from_tags,fsd50k_real_v1
SS-ANI-0126,originals/animal_sound/SS-ANI-0126.wav,Animal Sound,FSD50K (Freesound clip 173913),https://freesound.org/s/173913/,CC-BY-3.0,pgonsilva,2026-09-23,5.666,44100,1,unspecified,unspecified,n/a,original,,,,566c6028af125b13186488792bb74cffa6cb1781a9a6e9aea3da92a8005a89f6,train,173913,dev,"Bird,Wild_animals,Animal",http://creativecommons.org/licenses/by/3.0/,unmatched,fsd50k_real_v1
SS-ANI-0127,originals/animal_sound/SS-ANI-0127.wav,Animal Sound,FSD50K (Freesound clip 182090),https://freesound.org/s/182090/,CC0-1.0,qubodup,2026-09-23,6.699,44100,1,outdoor,unspecified,n/a,original,,,,0546ef0f7215586fd7a49fd2543b663f460a3151989fc61301bc84dca8be97ee,train,182090,dev,"Bird_vocalization_and_bird_call_and_bird_song,Bird,Wild_animals,Animal",http://creativecommons.org/publicdomain/zero/1.0/,stated,fsd50k_real_v1
SS-ANI-0128,originals/animal_sound/SS-ANI-0128.wav,Animal Sound,FSD50K (Freesound clip 13738),https://freesound.org/s/13738/,CC-BY-3.0,reinsamba,2026-09-23,13.74,44100,1,outdoor,unspecified,n/a,original,,,,606e373d5fe593dadfcdcce4f674f473b9d5b546be59a47a2f69301e296309d6,train,13738,dev,"Bird_vocalization_and_bird_call_and_bird_song,Bird,Wild_animals,Animal",http://creativecommons.org/licenses/by/3.0/,stated,fsd50k_real_v1
SS-ANI-0129,originals/animal_sound/SS-ANI-0129.wav,Animal Sound,FSD50K (Freesound clip 34647),https://freesound.org/s/34647/,CC-BY-3.0,roubignolle,2026-09-23,7.488,44100,1,outdoor,unspecified,n/a,original,,,,a5a03cf9d707a450a593c5e41d482c49aba5a841354a89d5e61de9d3258afd6e,train,34647,dev,"Insect,Wild_animals,Animal",http://creativecommons.org/licenses/by/3.0/,inferred_from_tags,fsd50k_real_v1
SS-ANI-0130,originals/animal_sound/SS-ANI-0130.wav,Animal Sound,FSD50K (Freesound clip 7893),https://freesound.org/s/7893/,CC-BY-3.0,schluppipuppie,2026-09-23,3.646,44100,1,indoor,unspecified,n/a,original,,,,549817fd807ec0f243d1161672e835090d769726b56b9cc82e395e79e7d40bb8,train,7893,dev,"Bird,Wild_animals,Animal",http://creativecommons.org/licenses/by/3.0/,stated,fsd50k_real_v1
SS-ANI-0131,originals/animal_sound/SS-ANI-0131.wav,Animal Sound,FSD50K (Freesound clip 97380),https://freesound.org/s/97380/,CC-BY-3.0,soundbytez,2026-09-23,18.95,44100,1,outdoor,unspecified,n/a,original,,,,4f1a73ace2923fea00248d959da8e8bdfeedfb48bc68b98594b56f74984ffb42,train,97380,dev,"Wild_animals,Animal",http://creativecommons.org/licenses/by/3.0/,inferred_from_tags,fsd50k_real_v1
SS-ANI-0132,originals/animal_sound/SS-ANI-0132.wav,Animal Sound,FSD50K (Freesound clip 194926),https://freesound.org/s/194926/,CC-BY-3.0,soundmary,2026-09-23,3.744,44100,1,unspecified,unspecified,n/a,original,,,,5beb5e8d5164723d09b3343a566cc470ed78c24c43118000ebf4812774303472,train,194926,eval,"Purr,Cat,Domestic_animals_and_pets,Animal",http://creativecommons.org/licenses/by/3.0/,unmatched,fsd50k_real_v1
SS-ANI-0133,originals/animal_sound/SS-ANI-0133.wav,Animal Sound,FSD50K (Freesound clip 262308),https://freesound.org/s/262308/,CC0-1.0,steffcaffrey,2026-09-23,0.493,44100,1,outdoor,unspecified,n/a,original,,,,c1c8e95e420b93155bd33ed80d3eb22cb9c445708e3b6af0b378b0c1cb91f04a,train,262308,dev,"Purr,Cat,Domestic_animals_and_pets,Animal",http://creativecommons.org/publicdomain/zero/1.0/,inferred_from_tags,fsd50k_real_v1
SS-ANI-0134,originals/animal_sound/SS-ANI-0134.wav,Animal Sound,FSD50K (Freesound clip 118466),https://freesound.org/s/118466/,CC-BY-3.0,steveygos93,2026-09-23,8.005,44100,1,unspecified,unspecified,n/a,original,,,,84741a2192ad0766a9aad60d24239d86d618574c56bc637613663686c5f0f293,train,118466,dev,Animal,http://creativecommons.org/licenses/by/3.0/,unmatched,fsd50k_real_v1
SS-ANI-0135,originals/animal_sound/SS-ANI-0135.wav,Animal Sound,FSD50K (Freesound clip 401194),https://freesound.org/s/401194/,CC0-1.0,straget,2026-09-23,27.984,44100,1,outdoor,unspecified,n/a,original,,,,97abc361fe9a4d237a7808ae652030f67263d12fc224c3cc70340e59e177e6ab,train,401194,dev,"Insect,Wild_animals,Animal",http://creativecommons.org/publicdomain/zero/1.0/,stated,fsd50k_real_v1
SS-ANI-0136,originals/animal_sound/SS-ANI-0136.wav,Animal Sound,FSD50K (Freesound clip 59333),https://freesound.org/s/59333/,CC-BY-3.0,suonho,2026-09-23,2.583,44100,1,unspecified,unspecified,n/a,original,,,,54e14c7e71b3ec4b18d360a0a45ca64d926ed113a4a14ec57c504d7cab1e090f,test,59333,dev,"Bird_vocalization_and_bird_call_and_bird_song,Bird,Wild_animals,Animal",http://creativecommons.org/licenses/by/3.0/,unmatched,fsd50k_real_v1
SS-ANI-0137,originals/animal_sound/SS-ANI-0137.wav,Animal Sound,FSD50K (Freesound clip 182500),https://freesound.org/s/182500/,CC0-1.0,swiftoid,2026-09-23,22.942,44100,1,outdoor,unspecified,n/a,original,,,,ed2fdba2979dedeb0dbe6d430bccf0eb84d95762bc2f6fc82eb2e177f37bfaa2,test,182500,eval,"Chirp_and_tweet,Insect,Wild_animals,Animal,Bird_vocalization_and_bird_call_and_bird_song,Bird",http://creativecommons.org/publicdomain/zero/1.0/,stated,fsd50k_real_v1
SS-ANI-0138,originals/animal_sound/SS-ANI-0138.wav,Animal Sound,FSD50K (Freesound clip 125638),https://freesound.org/s/125638/,CC0-1.0,tec studios,2026-09-23,1.057,44100,1,unspecified,unspecified,n/a,original,,,,f0a2078fef441f38bf795011e95019c0027c2ea3ba099bd184ee4fe93c0ce450,train,125638,dev,"Insect,Wild_animals,Animal",http://creativecommons.org/publicdomain/zero/1.0/,unmatched,fsd50k_real_v1
SS-ANI-0139,originals/animal_sound/SS-ANI-0139.wav,Animal Sound,FSD50K (Freesound clip 131453),https://freesound.org/s/131453/,CC-BY-3.0,thecityrings,2026-09-23,17.894,44100,1,outdoor,unspecified,n/a,original,,,,5b02f83de0cdd8ffd93a0d0af2a0fa6f4dd5fc2db510fd1913f46fffc61758fb,train,131453,dev,"Bird_vocalization_and_bird_call_and_bird_song,Bird,Wild_animals,Animal",http://creativecommons.org/licenses/by/3.0/,inferred_from_tags,fsd50k_real_v1
SS-ANI-0140,originals/animal_sound/SS-ANI-0140.wav,Animal Sound,FSD50K (Freesound clip 390492),https://freesound.org/s/390492/,CC-BY-3.0,theshiter,2026-09-23,13.952,44100,1,indoor,unspecified,n/a,original,,,,7093919fc5aebd8e623ad4a7dd71f74c0213993c948b4dd829ea689fa5ec8554,train,390492,dev,"Meow,Cat,Domestic_animals_and_pets,Animal",http://creativecommons.org/licenses/by/3.0/,stated,fsd50k_real_v1
SS-ANI-0141,originals/animal_sound/SS-ANI-0141.wav,Animal Sound,FSD50K (Freesound clip 152714),https://freesound.org/s/152714/,CC0-1.0,timgormly,2026-09-23,7.542,44100,1,outdoor,unspecified,n/a,original,,,,0f525eb8fddf2537cdee2bf3d1ec84aa27a502fd8aa2345da4073a5fec0ce1d1,val,152714,eval,"Chirp_and_tweet,Keyboard_(musical),Musical_instrument,Music,Bird_vocalization_and_bird_call_and_bird_song,Bird,Wild_animals,Animal",http://creativecommons.org/publicdomain/zero/1.0/,inferred_from_tags,fsd50k_real_v1
SS-ANI-0142,originals/animal_sound/SS-ANI-0142.wav,Animal Sound,FSD50K (Freesound clip 189521),https://freesound.org/s/189521/,CC0-1.0,tinga,2026-09-23,3.624,44100,1,outdoor,unspecified,n/a,original,,,,6bd1f4082068f2e926db10165a1d3b49f055266313892d5c8a3fd002f1910a2d,train,189521,dev,"Bird,Wild_animals,Animal",http://creativecommons.org/publicdomain/zero/1.0/,stated,fsd50k_real_v1
SS-ANI-0143,originals/animal_sound/SS-ANI-0143.wav,Animal Sound,FSD50K (Freesound clip 174884),https://freesound.org/s/174884/,CC0-1.0,toiletrolltube,2026-09-23,23.879,44100,1,outdoor,unspecified,n/a,original,,,,283f2f071707266ce0879ce6d5d7df61807117b675b47fdb21c9825ef3a496c0,train,174884,dev,"Gull_and_seagull,Bird,Wild_animals,Animal",http://creativecommons.org/publicdomain/zero/1.0/,stated,fsd50k_real_v1
SS-ANI-0144,originals/animal_sound/SS-ANI-0144.wav,Animal Sound,FSD50K (Freesound clip 84652),https://freesound.org/s/84652/,CC-BY-3.0,tomc1985,2026-09-23,0.943,44100,1,unspecified,unspecified,n/a,original,,,,a26afad804cad5906fd268c7e0c6a68c05745d4eecabaefe18030a6f6493c457,train,84652,dev,"Dog,Domestic_animals_and_pets,Animal",http://creativecommons.org/licenses/by/3.0/,unmatched,fsd50k_real_v1
SS-ANI-0145,originals/animal_sound/SS-ANI-0145.wav,Animal Sound,FSD50K (Freesound clip 250094),https://freesound.org/s/250094/,CC0-1.0,trouxel,2026-09-23,4.099,44100,1,outdoor,unspecified,n/a,original,,,,6af724910b296a3011c48946ea317f246ad5aafcefe421bc64ef13592cd80948,train,250094,dev,"Crow,Bird,Wild_animals,Animal",http://creativecommons.org/publicdomain/zero/1.0/,stated,fsd50k_real_v1
SS-ANI-0146,originals/animal_sound/SS-ANI-0146.wav,Animal Sound,FSD50K (Freesound clip 160474),https://freesound.org/s/160474/,CC-BY-3.0,unfa,2026-09-23,18.883,44100,1,outdoor,unspecified,n/a,original,,,,1928f1f60c44743a94467535a7f62aa6d0f3d8a9475a5584a228ce9246f31a11,train,160474,dev,"Dog,Domestic_animals_and_pets,Animal",http://creativecommons.org/licenses/by/3.0/,stated,fsd50k_real_v1
SS-ANI-0147,originals/animal_sound/SS-ANI-0147.wav,Animal Sound,FSD50K (Freesound clip 109580),https://freesound.org/s/109580/,CC-BY-3.0,vinjatovix,2026-09-23,6.502,44100,1,unspecified,unspecified,n/a,original,,,,bfc3cf1d0bd8154cde7aaa276ad95982695ab2006f486c14325d060159e59e1f,test,109580,dev,"Bird,Wild_animals,Animal",http://creativecommons.org/licenses/by/3.0/,unmatched,fsd50k_real_v1
SS-ANI-0148,originals/animal_sound/SS-ANI-0148.wav,Animal Sound,FSD50K (Freesound clip 187861),https://freesound.org/s/187861/,CC0-1.0,wjoojoo,2026-09-23,8.22,44100,1,outdoor,unspecified,n/a,original,,,,940fa3299f272bc5e6ec0cbae254d6d13e36aeb1c4244569f24eafe94edbdd4f,train,187861,dev,"Bird,Wild_animals,Animal",http://creativecommons.org/publicdomain/zero/1.0/,inferred_from_tags,fsd50k_real_v1
SS-ANI-0149,originals/animal_sound/SS-ANI-0149.wav,Animal Sound,FSD50K (Freesound clip 90206),https://freesound.org/s/90206/,CC-BY-3.0,xeroks,2026-09-23,11.775,44100,1,unspecified,unspecified,n/a,original,,,,3c20c48644ca331a30c84e7378325f878635012e1ef8020c8ba50456314c6dd0,train,90206,dev,"Bird_vocalization_and_bird_call_and_bird_song,Bird,Wild_animals,Animal",http://creativecommons.org/licenses/by/3.0/,unmatched,fsd50k_real_v1
SS-ANI-0150,originals/animal_sound/SS-ANI-0150.wav,Animal Sound,FSD50K (Freesound clip 89354),https://freesound.org/s/89354/,CC-BY-3.0,zimbot,2026-09-23,5.022,44100,1,outdoor,unspecified,n/a,original,,,,501c801a885f56ed1d8c9953be6df4f400f56caec586fb10f42334da57055275,val,89354,dev,"Cricket,Insect,Wild_animals,Animal",http://creativecommons.org/licenses/by/3.0/,stated,fsd50k_real_v1
SS-BGN-0001,originals/background_noise/SS-BGN-0001.wav,Background Noise,FSD50K (Freesound clip 420220),https://freesound.org/s/420220/,CC0-1.0,14FPanska_Nemec_Petr,2026-09-23,2.791,44100,1,unspecified,unspecified,n/a,original,,,,53128281c2dac67a1c2441ad80f2b35b7b7a8c09232458d692f0abbfcbec65c4,test,420220,dev,"Raindrop,Rain,Water",http://creativecommons.org/publicdomain/zero/1.0/,unmatched,fsd50k_real_v1
SS-BGN-0002,originals/background_noise/SS-BGN-0002.wav,Background Noise,FSD50K (Freesound clip 20433),https://freesound.org/s/20433/,CC-BY-3.0,AGFX,2026-09-23,1.011,44100,1,outdoor,unspecified,n/a,original,,,,b0bdf01a485a1c814ae659884674258e770346c4f448d319343477b20a0551e0,train,20433,dev,"Water,Splash_and_splatter,Liquid",http://creativecommons.org/licenses/by/3.0/,inferred_from_tags,fsd50k_real_v1
SS-BGN-0003,originals/background_noise/SS-BGN-0003.wav,Background Noise,FSD50K (Freesound clip 368915),https://freesound.org/s/368915/,CC-BY-3.0,AcousticMemory,2026-09-23,23.311,44100,1,studio,unspecified,n/a,original,,,,2ddb28783a63843a4c4a6f1def08079e681694373c5fca2da1968157a61eac15,train,368915,dev,"Ocean,Water",http://creativecommons.org/licenses/by/3.0/,stated,fsd50k_real_v1
SS-BGN-0004,originals/background_noise/SS-BGN-0004.wav,Background Noise,FSD50K (Freesound clip 164469),https://freesound.org/s/164469/,CC0-1.0,Adam_N,2026-09-23,6.664,44100,1,unspecified,unspecified,n/a,original,,,,7d13accc833b6115eacd0d8a90dc475896c30c0f3d44539ecd3790a7389a66ce,train,164469,dev,Crackle,http://creativecommons.org/publicdomain/zero/1.0/,unmatched,fsd50k_real_v1
SS-BGN-0005,originals/background_noise/SS-BGN-0005.wav,Background Noise,FSD50K (Freesound clip 350724),https://freesound.org/s/350724/,CC-BY-3.0,AlienXXX,2026-09-23,14.199,44100,1,outdoor,unspecified,n/a,original,,,,9d663c48a16132acf37531d0ab51cc866027852dbab48a220f0740b38dc876aa,train,350724,dev,Wind,http://creativecommons.org/licenses/by/3.0/,inferred_from_tags,fsd50k_real_v1
SS-BGN-0006,originals/background_noise/SS-BGN-0006.wav,Background Noise,FSD50K (Freesound clip 398737),https://freesound.org/s/398737/,CC0-1.0,Anthousai,2026-09-23,22.333,44100,1,outdoor,unspecified,n/a,original,,,,5318e12d9f2737dfa1c8cbdf196e9e1d55039a9101f0f05e9d9b3391ffcdcc6f,train,398737,dev,"Rain,Water",http://creativecommons.org/publicdomain/zero/1.0/,stated,fsd50k_real_v1
SS-BGN-0007,originals/background_noise/SS-BGN-0007.wav,Background Noise,FSD50K (Freesound clip 34067),https://freesound.org/s/34067/,CC-BY-3.0,Arctura,2026-09-23,9.169,44100,1,outdoor,unspecified,n/a,original,,,,4ea83d1c3ab45e9c150b525d3a68393d9b1299bb60fca6509504981b17e3d43a,train,34067,dev,"Rain,Water",http://creativecommons.org/licenses/by/3.0/,stated,fsd50k_real_v1
SS-BGN-0008,originals/background_noise/SS-BGN-0008.wav,Background Noise,FSD50K (Freesound clip 85657),https://freesound.org/s/85657/,CC-BY-3.0,CGEffex,2026-09-23,20.444,44100,1,unspecified,unspecified,n/a,original,,,,a39f377e683496ddfaa2c152e2dee18273bc20e47009f55ae112b4280ad19011,train,85657,dev,"Stream,Water",http://creativecommons.org/licenses/by/3.0/,unmatched,fsd50k_real_v1
SS-BGN-0009,originals/background_noise/SS-BGN-0009.wav,Background Noise,FSD50K (Freesound clip 102695),https://freesound.org/s/102695/,CC0-1.0,Cambra,2026-09-23,22.187,44100,1,unspecified,unspecified,n/a,original,,,,7bd46687960dc94f27133d54099dcb8a82d42a785e9c3712c2ea58e6c41e8eb5,train,102695,dev,Crackle,http://creativecommons.org/publicdomain/zero/1.0/,unmatched,fsd50k_real_v1
SS-BGN-0010,originals/background_noise/SS-BGN-0010.wav,Background Noise,FSD50K (Freesound clip 22926),https://freesound.org/s/22926/,CC-BY-3.0,Charel Sytze,2026-09-23,20.062,44100,1,outdoor,unspecified,n/a,original,,,,9db9e55d1d0dca963aa0dc5906f7e48c6cb41a47dc56c7c0442d7e0fde2c0f1a,train,22926,dev,"Thunder,Rain,Thunderstorm,Water",http://creativecommons.org/licenses/by/3.0/,stated,fsd50k_real_v1
SS-BGN-0011,originals/background_noise/SS-BGN-0011.wav,Background Noise,FSD50K (Freesound clip 17921),https://freesound.org/s/17921/,CC-BY-3.0,Corsica_S,2026-09-23,17.58,44100,1,outdoor,unspecified,n/a,original,,,,8d883f4799604839f2d14ac794af59b3bb2196e3d516bae6b8adb933760a9f6e,train,17921,dev,"Rain,Water",http://creativecommons.org/licenses/by/3.0/,stated,fsd50k_real_v1
SS-BGN-0012,originals/background_noise/SS-BGN-0012.wav,Background Noise,FSD50K (Freesound clip 23779),https://freesound.org/s/23779/,CC-BY-3.0,Erdie,2026-09-23,17.889,44100,1,outdoor,unspecified,n/a,original,,,,84af41103969fe0900d00cddf003ac8eeb176c4465678056d8d478dc96405b32,train,23779,eval,"Thunder,Rain,Water,Thunderstorm",http://creativecommons.org/licenses/by/3.0/,stated,fsd50k_real_v1
SS-BGN-0013,originals/background_noise/SS-BGN-0013.wav,Background Noise,FSD50K (Freesound clip 91114),https://freesound.org/s/91114/,CC0-1.0,Fasolt,2026-09-23,16.44,44100,1,unspecified,unspecified,n/a,original,,,,05635ad5c2d75b234415aca83de39c7fb4ba6d3b0cbff7cc18cb9192c7888be1,train,91114,eval,"Crackle,Fire",http://creativecommons.org/publicdomain/zero/1.0/,unmatched,fsd50k_real_v1
SS-BGN-0014,originals/background_noise/SS-BGN-0014.wav,Background Noise,FSD50K (Freesound clip 211512),https://freesound.org/s/211512/,CC0-1.0,FlatHill,2026-09-23,28.481,44100,1,outdoor,unspecified,n/a,original,,,,d00c961b579c3381cf48a5c88269f3cf0af4405d2c41ead1059553452ee515ce,train,211512,dev,"Traffic_noise_and_roadway_noise,Motor_vehicle_(road),Vehicle",http://creativecommons.org/publicdomain/zero/1.0/,inferred_from_tags,fsd50k_real_v1
SS-BGN-0015,originals/background_noise/SS-BGN-0015.wav,Background Noise,FSD50K (Freesound clip 363092),https://freesound.org/s/363092/,CC0-1.0,FractalStudios,2026-09-23,21.033,44100,1,unspecified,unspecified,n/a,original,,,,dd0b33e42b1937b6cb028343324091fcd7c8a23c789e5049df00bfe93f208b01,train,363092,dev,"Crackle,Fire",http://creativecommons.org/publicdomain/zero/1.0/,unmatched,fsd50k_real_v1
SS-BGN-0016,originals/background_noise/SS-BGN-0016.wav,Background Noise,FSD50K (Freesound clip 421878),https://freesound.org/s/421878/,CC-BY-3.0,GregorQuendel,2026-09-23,11.945,44100,1,outdoor,unspecified,n/a,original,,,,8ce4df4827db043aafba42df8c3de03bd14907909f186ac410d33536a5b7f90f,test,421878,dev,Crackle,http://creativecommons.org/licenses/by/3.0/,inferred_from_tags,fsd50k_real_v1
SS-BGN-0017,originals/background_noise/SS-BGN-0017.wav,Background Noise,FSD50K (Freesound clip 423887),https://freesound.org/s/423887/,CC0-1.0,Groschi,2026-09-23,9.653,44100,1,outdoor,unspecified,n/a,original,,,,1b205bd3086ad535e460ff51bc33788ac4ae29ea3b19a0f9368bce370e5e152e,val,423887,dev,Crackle,http://creativecommons.org/publicdomain/zero/1.0/,stated,fsd50k_real_v1
SS-BGN-0018,originals/background_noise/SS-BGN-0018.wav,Background Noise,FSD50K (Freesound clip 25527),https://freesound.org/s/25527/,CC0-1.0,Heigh-hoo,2026-09-23,25.356,44100,1,outdoor,unspecified,n/a,original,,,,ffac34faf05d969b5cf46359cb6eb3e11f884d7a2a5529e97a9bfd3bfcae9546,val,25527,eval,"Chatter,Car_passing_by,Traffic_noise_and_roadway_noise,Aircraft,Human_group_actions,Car,Motor_vehicle_(road),Vehicle",http://creativecommons.org/publicdomain/zero/1.0/,stated,fsd50k_real_v1
SS-BGN-0019,originals/background_noise/SS-BGN-0019.wav,Background Noise,FSD50K (Freesound clip 422850),https://freesound.org/s/422850/,CC0-1.0,IPaddeh,2026-09-23,2.514,44100,1,unspecified,unspecified,n/a,original,,,,cced8a5ac93349f2330d3a2b2f26196e3cb94f762e972c53c05873892ae64451,test,422850,dev,"Crackle,Fire",http://creativecommons.org/publicdomain/zero/1.0/,unmatched,fsd50k_real_v1
SS-BGN-0020,originals/background_noise/SS-BGN-0020.wav,Background Noise,FSD50K (Freesound clip 208842),https://freesound.org/s/208842/,CC-BY-3.0,Insestanyricarda,2026-09-23,11.424,44100,1,outdoor,unspecified,n/a,original,,,,3b0e2fa5abe4b63ba2b7c6fc947c73f1007aa1cc6e66c0a25ecb62ce2c17bf4a,test,208842,dev,Wind,http://creativecommons.org/licenses/by/3.0/,stated,fsd50k_real_v1
SS-BGN-0021,originals/background_noise/SS-BGN-0021.wav,Background Noise,FSD50K (Freesound clip 271332),https://freesound.org/s/271332/,CC-BY-3.0,InspectorJ,2026-09-23,16.144,44100,1,unspecified,unspecified,n/a,original,,,,d5a92ea00c55fdb8937bb357e0b080882bd9014f696aef3c9fc25baa41e62a81,test,271332,dev,Water,http://creativecommons.org/licenses/by/3.0/,unmatched,fsd50k_real_v1
SS-BGN-0022,originals/background_noise/SS-BGN-0022.wav,Background Noise,FSD50K (Freesound clip 234084),https://freesound.org/s/234084/,CC-BY-3.0,IvoryBunker,2026-09-23,2.539,44100,1,outdoor,unspecified,n/a,original,,,,a367d4ebf074e245a27e5650e9bfa285a8ed92ed7eb983303312cb7a619d70b2,test,234084,dev,"Waves_and_surf,Ocean,Water",http://creativecommons.org/licenses/by/3.0/,stated,fsd50k_real_v1
SS-BGN-0023,originals/background_noise/SS-BGN-0023.wav,Background Noise,FSD50K (Freesound clip 391683),https://freesound.org/s/391683/,CC-BY-3.0,JPolito,2026-09-23,16.679,44100,1,outdoor,unspecified,n/a,original,,,,47f0cabafe0c7e5d4c141b29a88d7add587069328bfdec0035bc8bf38acaf197,train,391683,dev,"Rain,Water",http://creativecommons.org/licenses/by/3.0/,stated,fsd50k_real_v1
SS-BGN-0024,originals/background_noise/SS-BGN-0024.wav,Background Noise,FSD50K (Freesound clip 137022),https://freesound.org/s/137022/,CC0-1.0,Jeffreys2,2026-09-23,7.173,44100,1,outdoor,unspecified,n/a,original,,,,1687ba06f5db498819f5888f7f598b1b7e7d78f047fce8bfe584a37d35951fc9,val,137022,dev,"Rain,Water",http://creativecommons.org/publicdomain/zero/1.0/,stated,fsd50k_real_v1
SS-BGN-0025,originals/background_noise/SS-BGN-0025.wav,Background Noise,FSD50K (Freesound clip 243425),https://freesound.org/s/243425/,CC-BY-3.0,Julien Nicolas,2026-09-23,30.0,44100,1,unspecified,unspecified,n/a,original,,,,e687755936c20bb010904bba7a3d617f427b6ddf6ce1b5175c1519d4859f8df7,train,243425,eval,"Stream,Water",http://creativecommons.org/licenses/by/3.0/,unmatched,fsd50k_real_v1
SS-BGN-0026,originals/background_noise/SS-BGN-0026.wav,Background Noise,FSD50K (Freesound clip 61011),https://freesound.org/s/61011/,CC-BY-3.0,Kayyy,2026-09-23,5.0,44100,1,outdoor,unspecified,n/a,original,,,,4746a1438777d0f007d787aade5b0a0997a51adaf7baf7bc3fdb385916dc13bb,train,61011,dev,"Waves_and_surf,Ocean,Water",http://creativecommons.org/licenses/by/3.0/,inferred_from_tags,fsd50k_real_v1
SS-BGN-0027,originals/background_noise/SS-BGN-0027.wav,Background Noise,FSD50K (Freesound clip 17741),https://freesound.org/s/17741/,CC-BY-3.0,Krisboruff,2026-09-23,15.446,44100,1,unspecified,unspecified,n/a,original,,,,39c380299e2bc941476ea267b85cea046f835965995871a2b0545abe5387674f,train,17741,eval,"Stream,Gurgling,Splash_and_splatter,Water,Liquid",http://creativecommons.org/licenses/by/3.0/,unmatched,fsd50k_real_v1
SS-BGN-0028,originals/background_noise/SS-BGN-0028.wav,Background Noise,FSD50K (Freesound clip 19799),https://freesound.org/s/19799/,CC-BY-3.0,LG,2026-09-23,21.508,44100,1,unspecified,unspecified,n/a,original,,,,ac48be0a09d59637f7ee335a7b893d483214b5d8ffbe003340d3c79c03b5e8d4,train,19799,dev,"Waves_and_surf,Ocean,Water",http://creativecommons.org/licenses/by/3.0/,unmatched,fsd50k_real_v1
SS-BGN-0029,originals/background_noise/SS-BGN-0029.wav,Background Noise,FSD50K (Freesound clip 263152),https://freesound.org/s/263152/,CC-BY-3.0,LoopUdu,2026-09-23,15.619,44100,1,outdoor,unspecified,n/a,original,,,,6eeb540f0a14ed878b914c4e1aa402cb87541e8ca53ab6eca39ff29a5150dad2,val,263152,dev,"Waves_and_surf,Ocean,Water",http://creativecommons.org/licenses/by/3.0/,stated,fsd50k_real_v1
SS-BGN-0030,originals/background_noise/SS-BGN-0030.wav,Background Noise,FSD50K (Freesound clip 396576),https://freesound.org/s/396576/,CC-BY-3.0,Mattix,2026-09-23,2.193,44100,1,outdoor,unspecified,n/a,original,,,,7669fa9d11e99abc24b3c9b9a2eeb5f45c96d3eda188ad401cc2e5354df437ed,test,396576,dev,Wind,http://creativecommons.org/licenses/by/3.0/,stated,fsd50k_real_v1
SS-BGN-0031,originals/background_noise/SS-BGN-0031.wav,Background Noise,FSD50K (Freesound clip 197871),https://freesound.org/s/197871/,CC0-1.0,Millavsb,2026-09-23,2.156,44100,1,unspecified,unspecified,n/a,original,,,,fe79370b342c23285132e41e9b085199013fd0988030997fe447dbb278509f71,train,197871,dev,"Raindrop,Drip,Trickle_and_dribble,Rain,Water,Liquid,Pour",http://creativecommons.org/publicdomain/zero/1.0/,unmatched,fsd50k_real_v1
SS-BGN-0032,originals/background_noise/SS-BGN-0032.wav,Background Noise,FSD50K (Freesound clip 23741),https://freesound.org/s/23741/,CC-BY-3.0,NoiseCollector,2026-09-23,18.598,44100,1,indoor,unspecified,n/a,original,,,,34551afea8855da6aeb79b104154dfe144c8a6eb4135a652e198e012ac46b305,train,23741,dev,Wind,http://creativecommons.org/licenses/by/3.0/,stated,fsd50k_real_v1
SS-BGN-0033,originals/background_noise/SS-BGN-0033.wav,Background Noise,FSD50K (Freesound clip 199688),https://freesound.org/s/199688/,CC-BY-3.0,Omar Alvarado,2026-09-23,17.972,44100,1,outdoor,unspecified,n/a,original,,,,3585911eb968baa7765cbe92a14bf021bf70ab6bab72d98332ba9c4565a235e8,train,199688,dev,Wind,http://creativecommons.org/licenses/by/3.0/,stated,fsd50k_real_v1
SS-BGN-0034,originals/background_noise/SS-BGN-0034.wav,Background Noise,FSD50K (Freesound clip 317832),https://freesound.org/s/317832/,CC0-1.0,PapercutterJohn,2026-09-23,5.63,44100,1,unspecified,unspecified,n/a,original,,,,8b1fbca87130279b49275935a08356fcb492e14c2ebe1ecb3234150114abfd84,train,317832,eval,"Crackle,Fire",http://creativecommons.org/publicdomain/zero/1.0/,unmatched,fsd50k_real_v1
SS-BGN-0035,originals/background_noise/SS-BGN-0035.wav,Background Noise,FSD50K (Freesound clip 46267),https://freesound.org/s/46267/,CC-BY-3.0,PhreaKsAccount,2026-09-23,0.739,44100,1,unspecified,unspecified,n/a,original,,,,9503ef66a2004f9f7f3b52e8d127dd5e6bc2dd72d71f2dacc0bef7ea1e706acd,train,46267,dev,"Raindrop,Drip,Rain,Water,Liquid",http://creativecommons.org/licenses/by/3.0/,unmatched,fsd50k_real_v1
SS-BGN-0036,originals/background_noise/SS-BGN-0036.wav,Background Noise,FSD50K (Freesound clip 3180),https://freesound.org/s/3180/,CC0-1.0,Pingel,2026-09-23,14.489,44100,1,outdoor,unspecified,n/a,original,,,,4d38e2f3862f22afbde32c1782f28abab6b1d7459d4e109edccd799941d020c9,test,3180,dev,"Car_passing_by,Traffic_noise_and_roadway_noise,Car,Motor_vehicle_(road),Vehicle",http://creativecommons.org/publicdomain/zero/1.0/,inferred_from_tags,fsd50k_real_v1
SS-BGN-0037,originals/background_noise/SS-BGN-0037.wav,Background Noise,FSD50K (Freesound clip 223050),https://freesound.org/s/223050/,CC0-1.0,ProductionNow,2026-09-23,25.284,44100,1,outdoor,unspecified,n/a,original,,,,f6a34fb0ddc5f81804dc5feb59102af992ce989cf839bb6b4abf67852825cede,train,223050,eval,"Drip,Bathtub_(filling_or_washing),Gurgling,Liquid,Domestic_sounds_and_home_sounds,Water",http://creativecommons.org/publicdomain/zero/1.0/,stated,fsd50k_real_v1
SS-BGN-0038,originals/background_noise/SS-BGN-0038.wav,Background Noise,FSD50K (Freesound clip 1007),https://freesound.org/s/1007/,CC-BY-3.0,RHumphries,2026-09-23,11.669,44100,1,outdoor,unspecified,n/a,original,,,,bfffd6b06915c8be708ca989e2b6fc6e0704e9ceacf97a2eea2a6c74e8b41af7,train,1007,eval,"Sink_(filling_or_washing),Gurgling,Domestic_sounds_and_home_sounds,Water",http://creativecommons.org/licenses/by/3.0/,stated,fsd50k_real_v1
SS-BGN-0039,originals/background_noise/SS-BGN-0039.wav,Background Noise,FSD50K (Freesound clip 153329),https://freesound.org/s/153329/,CC0-1.0,Ravetracer,2026-09-23,17.859,44100,1,outdoor,unspecified,n/a,original,,,,ffb70431ada79d3d9c01fe48560972c01430eb51c4ee310a622251a5d8fdf94b,val,153329,dev,"Stream,Water",http://creativecommons.org/publicdomain/zero/1.0/,inferred_from_tags,fsd50k_real_v1
SS-BGN-0040,originals/background_noise/SS-BGN-0040.wav,Background Noise,FSD50K (Freesound clip 241562),https://freesound.org/s/241562/,CC0-1.0,Reitanna,2026-09-23,1.119,44100,1,unspecified,unspecified,n/a,original,,,,8b10ffcf9732e019d849b031cf1b8a47dbf9adb2e72eab588bd99c4199d851d6,val,241562,dev,Hiss,http://creativecommons.org/publicdomain/zero/1.0/,unmatched,fsd50k_real_v1
SS-BGN-0041,originals/background_noise/SS-BGN-0041.wav,Background Noise,FSD50K (Freesound clip 233411),https://freesound.org/s/233411/,CC-BY-3.0,Rocktopus,2026-09-23,4.841,44100,1,unspecified,unspecified,n/a,original,,,,14760f394d799725bc6b2a0cfb6a7887bf0ae8e0d39fac6fc94b1730755a51a7,train,233411,dev,"Water,Splash_and_splatter,Liquid",http://creativecommons.org/licenses/by/3.0/,unmatched,fsd50k_real_v1
SS-BGN-0042,originals/background_noise/SS-BGN-0042.wav,Background Noise,FSD50K (Freesound clip 78966),https://freesound.org/s/78966/,CC0-1.0,RoofDog,2026-09-23,6.753,44100,1,outdoor,unspecified,n/a,original,,,,ed0e04d9d602621b81cdab59b2f289e94f2a3641d3b12938423da102563710d3,train,78966,dev,Wind,http://creativecommons.org/publicdomain/zero/1.0/,stated,fsd50k_real_v1
SS-BGN-0043,originals/background_noise/SS-BGN-0043.wav,Background Noise,FSD50K (Freesound clip 50920),https://freesound.org/s/50920/,CC0-1.0,RutgerMuller,2026-09-23,18.706,44100,1,outdoor,unspecified,n/a,original,,,,0a163ae38b8b7bdba85fc70611291ef1d1e7c694f4d14302b48cd566c9fce853,train,50920,dev,"Traffic_noise_and_roadway_noise,Motor_vehicle_(road),Vehicle",http://creativecommons.org/publicdomain/zero/1.0/,stated,fsd50k_real_v1
SS-BGN-0044,originals/background_noise/SS-BGN-0044.wav,Background Noise,FSD50K (Freesound clip 58271),https://freesound.org/s/58271/,CC-BY-3.0,Satoration,2026-09-23,23.889,44100,1,outdoor,unspecified,n/a,original,,,,c0ea7b6a8b22380fd699419b0af1ab1700fc5c1ed9f23090864bb222c0b7c47a,train,58271,dev,"Stream,Water",http://creativecommons.org/licenses/by/3.0/,stated,fsd50k_real_v1
SS-BGN-0045,originals/background_noise/SS-BGN-0045.wav,Background Noise,FSD50K (Freesound clip 418356),https://freesound.org/s/418356/,CC0-1.0,SomeoneCool14,2026-09-23,25.704,44100,1,outdoor,unspecified,n/a,original,,,,35436ae809d8d1f16d64a8a9ee130e8cab6c5d887e92cd97038c3c4900fe316c,train,418356,eval,"Waves_and_surf,Human_group_actions,Ocean,Water",http://creativecommons.org/publicdomain/zero/1.0/,stated,fsd50k_real_v1
SS-BGN-0046,originals/background_noise/SS-BGN-0046.wav,Background Noise,FSD50K (Freesound clip 274310),https://freesound.org/s/274310/,CC-BY-3.0,SophronsineSoundDesign,2026-09-23,12.22,44100,1,outdoor,unspecified,n/a,original,,,,010cc564bd6be0e0a8772368afb64ec71b11e231df147f28e11f35bd30aacaea,train,274310,dev,Crackle,http://creativecommons.org/licenses/by/3.0/,inferred_from_tags,fsd50k_real_v1
SS-BGN-0047,originals/background_noise/SS-BGN-0047.wav,Background Noise,FSD50K (Freesound clip 207481),https://freesound.org/s/207481/,CC0-1.0,Soundscape_Leuphana,2026-09-23,8.909,44100,1,outdoor,unspecified,n/a,original,,,,50834f4c7781f1574d04ae1baefea6fa50584e50ca8b2fbe53625e548fa4d702,train,207481,eval,"Chatter,Wind,Human_group_actions",http://creativecommons.org/publicdomain/zero/1.0/,stated,fsd50k_real_v1
SS-BGN-0048,originals/background_noise/SS-BGN-0048.wav,Background Noise,FSD50K (Freesound clip 211707),https://freesound.org/s/211707/,CC-BY-3.0,Taira Komori,2026-09-23,8.856,44100,1,outdoor,unspecified,n/a,original,,,,c6afd1aecdfa39a3daea950bb7fb654e0b56e66f58e28db9a5ecb6fde1008450,train,211707,dev,"Wind,Breathing,Respiratory_sounds",http://creativecommons.org/licenses/by/3.0/,stated,fsd50k_real_v1
SS-BGN-0049,originals/background_noise/SS-BGN-0049.wav,Background Noise,FSD50K (Freesound clip 414984),https://freesound.org/s/414984/,CC-BY-3.0,TheScarlettWitch89,2026-09-23,6.663,44100,1,outdoor,unspecified,n/a,original,,,,5c79ed7fced954b823bf87307ff4193f7c94994b9c81c18efd1339d8396196db,val,414984,dev,"Crackle,Fire",http://creativecommons.org/licenses/by/3.0/,inferred_from_tags,fsd50k_real_v1
SS-BGN-0050,originals/background_noise/SS-BGN-0050.wav,Background Noise,FSD50K (Freesound clip 245674),https://freesound.org/s/245674/,CC0-1.0,TicAshfield,2026-09-23,4.452,44100,1,outdoor,unspecified,n/a,original,,,,2443b1218b5136c16c0a94910f081366d441c3ef185ca65e9ff70e29dbc2eb42,val,245674,dev,"Waves_and_surf,Wind,Ocean,Water",http://creativecommons.org/publicdomain/zero/1.0/,stated,fsd50k_real_v1
SS-BGN-0051,originals/background_noise/SS-BGN-0051.wav,Background Noise,FSD50K (Freesound clip 215706),https://freesound.org/s/215706/,CC0-1.0,VKProduktion,2026-09-23,15.048,44100,1,unspecified,unspecified,n/a,original,,,,d82d52417b7abdd00d65bad5348ca40b4a7b3d49281c45db020723d12b1e7eef,test,215706,dev,"Stream,Water",http://creativecommons.org/publicdomain/zero/1.0/,unmatched,fsd50k_real_v1
SS-BGN-0052,originals/background_noise/SS-BGN-0052.wav,Background Noise,FSD50K (Freesound clip 26189),https://freesound.org/s/26189/,CC0-1.0,Walter_Odington,2026-09-23,9.5,44100,1,outdoor,unspecified,n/a,original,,,,5a0904e3bb7cf203e97c956375f43705bde88a7a225f56024b827106c97cc5ba,train,26189,eval,"Raindrop,Wind,Rain,Water",http://creativecommons.org/publicdomain/zero/1.0/,stated,fsd50k_real_v1
SS-BGN-0053,originals/background_noise/SS-BGN-0053.wav,Background Noise,FSD50K (Freesound clip 334672),https://freesound.org/s/334672/,CC0-1.0,Yoyodaman234,2026-09-23,23.8,44100,1,unspecified,unspecified,n/a,original,,,,beea9806bdde5e085a59f56c4a74adcb4d22b8a3343edd676ff1d99cc176f6b5,train,334672,dev,"Boiling,Hiss,Liquid",http://creativecommons.org/publicdomain/zero/1.0/,unmatched,fsd50k_real_v1
SS-BGN-0054,originals/background_noise/SS-BGN-0054.wav,Background Noise,FSD50K (Freesound clip 143257),https://freesound.org/s/143257/,CC0-1.0,Zabuhailo,2026-09-23,2.718,44100,1,unspecified,unspecified,n/a,original,,,,06d6f22ec9810f0f327bb780b73e6ae10f3a30a5052433ca9a5a18fb0af522ff,train,143257,dev,"Bathtub_(filling_or_washing),Water,Splash_and_splatter,Liquid,Domestic_sounds_and_home_sounds",http://creativecommons.org/publicdomain/zero/1.0/,unmatched,fsd50k_real_v1
SS-BGN-0055,originals/background_noise/SS-BGN-0055.wav,Background Noise,FSD50K (Freesound clip 238360),https://freesound.org/s/238360/,CC0-1.0,aleixcm,2026-09-23,6.642,44100,1,outdoor,unspecified,n/a,original,,,,311a11fd27ca54056763f1c2c98b6eac89af36fecdd43a633eed888a31cedbb0,train,238360,dev,"Walk_and_footsteps,Waves_and_surf,Wind,Ocean,Water",http://creativecommons.org/publicdomain/zero/1.0/,stated,fsd50k_real_v1
SS-BGN-0056,originals/background_noise/SS-BGN-0056.wav,Background Noise,FSD50K (Freesound clip 277749),https://freesound.org/s/277749/,CC-BY-3.0,alex@vsi.tv,2026-09-23,19.029,44100,1,outdoor,unspecified,n/a,original,,,,5237aef750b8f866a68a8f87044f3ac06b12dc5910e140e5af9e01daaf75408e,train,277749,dev,"Rain,Water",http://creativecommons.org/licenses/by/3.0/,stated,fsd50k_real_v1
SS-BGN-0057,originals/background_noise/SS-BGN-0057.wav,Background Noise,FSD50K (Freesound clip 263945),https://freesound.org/s/263945/,CC-BY-3.0,audiolarx,2026-09-23,3.435,44100,1,unspecified,unspecified,n/a,original,,,,0c60fd14a792e1c34f1405ab9da06893b014910b74b4d75100c9f27c74246e03,train,263945,dev,"Water,Liquid",http://creativecommons.org/licenses/by/3.0/,unmatched,fsd50k_real_v1
SS-BGN-0058,originals/background_noise/SS-BGN-0058.wav,Background Noise,FSD50K (Freesound clip 79220),https://freesound.org/s/79220/,Sampling+-1.0,axiyee,2026-09-23,4.224,44100,1,studio,unspecified,n/a,original,,,,dc0690271fdd20a92fdcf472286bf15d460a8da0630c0427936848a822c3adde,test,79220,dev,"Water,Liquid",http://creativecommons.org/licenses/sampling+/1.0/,stated,fsd50k_real_v1
SS-BGN-0059,originals/background_noise/SS-BGN-0059.wav,Background Noise,FSD50K (Freesound clip 149611),https://freesound.org/s/149611/,CC-BY-3.0,beskhu,2026-09-23,5.299,44100,1,unspecified,unspecified,n/a,original,,,,29f079cbe8d8c48df464e912878a723c2be3fd1ecd67f83af24cdaa59afe489b,train,149611,dev,"Stream,Water",http://creativecommons.org/licenses/by/3.0/,unmatched,fsd50k_real_v1
SS-BGN-0060,originals/background_noise/SS-BGN-0060.wav,Background Noise,FSD50K (Freesound clip 246059),https://freesound.org/s/246059/,CC0-1.0,blukotek,2026-09-23,24.32,44100,1,studio,unspecified,n/a,original,,,,7145b4ce71f3b4d2c685db6d4fc7ea410a93607afea71ee18d549d6db113feac,train,246059,eval,"Tap,Fill_(with_liquid),Hiss,Liquid",http://creativecommons.org/publicdomain/zero/1.0/,stated,fsd50k_real_v1
SS-BGN-0061,originals/background_noise/SS-BGN-0061.wav,Background Noise,FSD50K (Freesound clip 251626),https://freesound.org/s/251626/,CC-BY-3.0,bmlake,2026-09-23,7.765,44100,1,outdoor,unspecified,n/a,original,,,,9cc1d8f1a0994579dcb83705b70ef37008af3567698e048959ff384ef4889a14,train,251626,dev,"Rain,Water",http://creativecommons.org/licenses/by/3.0/,stated,fsd50k_real_v1
SS-BGN-0062,originals/background_noise/SS-BGN-0062.wav,Background Noise,FSD50K (Freesound clip 62516),https://freesound.org/s/62516/,CC0-1.0,bsumusictech,2026-09-23,5.503,44100,1,unspecified,unspecified,n/a,original,,,,ccad5425754d2b84f67ff3ddef7f683e215afe8756a3a970933ae60dfd713726,test,62516,eval,"Male_speech_and_man_speaking,Walk_and_footsteps,Chatter,Trickle_and_dribble,Gurgling,Speech,Human_voice,Human_group_actions,Pour,Liquid,Water",http://creativecommons.org/publicdomain/zero/1.0/,unmatched,fsd50k_real_v1
SS-BGN-0063,originals/background_noise/SS-BGN-0063.wav,Background Noise,FSD50K (Freesound clip 422859),https://freesound.org/s/422859/,CC0-1.0,ciaranm758,2026-09-23,11.35,44100,1,outdoor,unspecified,n/a,original,,,,570c47fc5174a2ec9a4ee104079626a9b972090c82f8ae68c5f5dac52eba8385,train,422859,dev,Wind,http://creativecommons.org/publicdomain/zero/1.0/,stated,fsd50k_real_v1
SS-BGN-0064,originals/background_noise/SS-BGN-0064.wav,Background Noise,FSD50K (Freesound clip 36061),https://freesound.org/s/36061/,CC0-1.0,cognito perceptu,2026-09-23,17.772,44100,1,outdoor,unspecified,n/a,original,,,,1887227333081bbe7c3cbe2dd960d4631f5bcfee92c226d64a7d603724e43c11,train,36061,eval,"Computer_keyboard,Rain,Water,Typing,Domestic_sounds_and_home_sounds",http://creativecommons.org/publicdomain/zero/1.0/,stated,fsd50k_real_v1
SS-BGN-0065,originals/background_noise/SS-BGN-0065.wav,Background Noise,FSD50K (Freesound clip 25021),https://freesound.org/s/25021/,CC-BY-3.0,daveincamas,2026-09-23,28.773,44100,1,outdoor,unspecified,n/a,original,,,,f33159cc69a6a1fd45f75753c731203358ebacc74ccec2834cde2bb83ec75e66,val,25021,eval,"Thunder,Rain,Water,Thunderstorm",http://creativecommons.org/licenses/by/3.0/,stated,fsd50k_real_v1
SS-BGN-0066,originals/background_noise/SS-BGN-0066.wav,Background Noise,FSD50K (Freesound clip 190657),https://freesound.org/s/190657/,CC-BY-3.0,davidferoli,2026-09-23,7.279,44100,1,unspecified,unspecified,n/a,original,,,,51d8dde661f0d85ce6afe3463a6d810a95462ea860c96a969477f14829e7e16c,train,190657,dev,"Water,Splash_and_splatter,Liquid",http://creativecommons.org/licenses/by/3.0/,unmatched,fsd50k_real_v1
SS-BGN-0067,originals/background_noise/SS-BGN-0067.wav,Background Noise,FSD50K (Freesound clip 156305),https://freesound.org/s/156305/,CC0-1.0,dayvonjersen,2026-09-23,4.648,44100,1,unspecified,unspecified,n/a,original,,,,c448ce9d08e09c625a17eec849b479ca949000175d994e2749541bd597986b1c,train,156305,dev,Crackle,http://creativecommons.org/publicdomain/zero/1.0/,unmatched,fsd50k_real_v1
SS-BGN-0068,originals/background_noise/SS-BGN-0068.wav,Background Noise,FSD50K (Freesound clip 23087),https://freesound.org/s/23087/,CC-BY-3.0,digifishmusic,2026-09-23,28.29,44100,1,outdoor,unspecified,n/a,original,,,,e940ba7fc869d4eec7ee8f9f5fd8acae6294e5529c87b29a98ade1a0ac3fdeeb,train,23087,dev,"Rain,Water",http://creativecommons.org/licenses/by/3.0/,stated,fsd50k_real_v1
SS-BGN-0069,originals/background_noise/SS-BGN-0069.wav,Background Noise,FSD50K (Freesound clip 56286),https://freesound.org/s/56286/,CC-BY-3.0,dkustic,2026-09-23,12.585,44100,1,outdoor,unspecified,n/a,original,,,,01f6f72a07fa11e3d7ef6591fdd99dbb032b1838d7d491f2893fa3a0bcbe0913,train,56286,dev,"Raindrop,Rain,Water",http://creativecommons.org/licenses/by/3.0/,stated,fsd50k_real_v1
SS-BGN-0070,originals/background_noise/SS-BGN-0070.wav,Background Noise,FSD50K (Freesound clip 4211),https://freesound.org/s/4211/,CC-BY-3.0,dobroide,2026-09-23,9.482,44100,1,outdoor,unspecified,n/a,original,,,,99917f61f5ab77f5785905ae63cff7cdcd8d8827744f296e98e01dfb6e6243c8,test,4211,dev,"Crackle,Fire",http://creativecommons.org/licenses/by/3.0/,inferred_from_tags,fsd50k_real_v1
SS-BGN-0071,originals/background_noise/SS-BGN-0071.wav,Background Noise,FSD50K (Freesound clip 217804),https://freesound.org/s/217804/,CC-BY-3.0,eaglechopper,2026-09-23,19.574,44100,1,outdoor,unspecified,n/a,original,,,,6e00dec52ba44451bd8ab68ae9e9d6f6c7acc13ccfee7df754a5f68961efbc6c,test,217804,eval,"Wind,Mechanisms",http://creativecommons.org/licenses/by/3.0/,inferred_from_tags,fsd50k_real_v1
SS-BGN-0072,originals/background_noise/SS-BGN-0072.wav,Background Noise,FSD50K (Freesound clip 337467),https://freesound.org/s/337467/,CC-BY-3.0,eardeer,2026-09-23,0.725,44100,1,unspecified,unspecified,n/a,original,,,,b1f344aeae04a9c267bea37c7837a9d40ebd7b31bd30fe8e9ec3eec613c9f02c,train,337467,dev,"Gurgling,Water",http://creativecommons.org/licenses/by/3.0/,unmatched,fsd50k_real_v1
SS-BGN-0073,originals/background_noise/SS-BGN-0073.wav,Background Noise,FSD50K (Freesound clip 407010),https://freesound.org/s/407010/,CC0-1.0,erothebest,2026-09-23,14.657,44100,1,outdoor,unspecified,n/a,original,,,,9233c4f4569b874f3c3539bce53dd4c2e1749573c359a103ba1bfd5377c506a2,train,407010,dev,Wind,http://creativecommons.org/publicdomain/zero/1.0/,stated,fsd50k_real_v1
SS-BGN-0074,originals/background_noise/SS-BGN-0074.wav,Background Noise,FSD50K (Freesound clip 321077),https://freesound.org/s/321077/,CC0-1.0,freesoundjon01,2026-09-23,21.152,44100,1,outdoor,unspecified,n/a,original,,,,24a15e6137a52c8dae6db7b4c59d359edc5e977a5bf9c3a400ee917bf56e918c,val,321077,dev,"Traffic_noise_and_roadway_noise,Motor_vehicle_(road),Vehicle",http://creativecommons.org/publicdomain/zero/1.0/,stated,fsd50k_real_v1
SS-BGN-0075,originals/background_noise/SS-BGN-0075.wav,Background Noise,FSD50K (Freesound clip 432434),https://freesound.org/s/432434/,CC-BY-3.0,gg3137,2026-09-23,15.244,44100,1,outdoor,unspecified,n/a,original,,,,a8bcdcc7705e4b91ff948af24ebb0998a0c81cb0e654a254dc4ef5bd8d4e25ba,train,432434,dev,"Stream,Water",http://creativecommons.org/licenses/by/3.0/,inferred_from_tags,fsd50k_real_v1
SS-BGN-0076,originals/background_noise/SS-BGN-0076.wav,Background Noise,FSD50K (Freesound clip 386433),https://freesound.org/s/386433/,CC0-1.0,giddster,2026-09-23,1.505,44100,1,unspecified,unspecified,n/a,original,,,,7d1a33fee547b8865dd3d1333b5bc3ffd244b99657f7f8d797a5fa529ad331b6,train,386433,dev,"Water,Splash_and_splatter,Liquid",http://creativecommons.org/publicdomain/zero/1.0/,unmatched,fsd50k_real_v1
SS-BGN-0077,originals/background_noise/SS-BGN-0077.wav,Background Noise,FSD50K (Freesound clip 49156),https://freesound.org/s/49156/,CC-BY-3.0,gmtechb,2026-09-23,5.0,44100,1,unspecified,unspecified,n/a,original,,,,a63dae20e1ddc2b0d8dabe699c468095c806f8f9cbb8073f1456da12e7061d0d,val,49156,dev,Crackle,http://creativecommons.org/licenses/by/3.0/,unmatched,fsd50k_real_v1
SS-BGN-0078,originals/background_noise/SS-BGN-0078.wav,Background Noise,FSD50K (Freesound clip 231908),https://freesound.org/s/231908/,CC-BY-3.0,insdali,2026-09-23,22.148,44100,1,outdoor,unspecified,n/a,original,,,,8fafa0337a60f7fe46b3cbfbfd7a91059f0d9caf12eeee3227cce2e2e38c84e4,train,231908,dev,"Ocean,Water",http://creativecommons.org/licenses/by/3.0/,stated,fsd50k_real_v1
SS-BGN-0079,originals/background_noise/SS-BGN-0079.wav,Background Noise,FSD50K (Freesound clip 274877),https://freesound.org/s/274877/,CC0-1.0,ivolipa,2026-09-23,21.894,44100,1,outdoor,unspecified,n/a,original,,,,ec3dc117965056740d193e2d3e0116a52624bbacc1c95cce3cab8359197afe66,val,274877,dev,"Rain,Water",http://creativecommons.org/publicdomain/zero/1.0/,stated,fsd50k_real_v1
SS-BGN-0080,originals/background_noise/SS-BGN-0080.wav,Background Noise,FSD50K (Freesound clip 169540),https://freesound.org/s/169540/,CC-BY-3.0,jorickhoofd,2026-09-23,18.991,44100,1,outdoor,unspecified,n/a,original,,,,3bb6e893447745de42100975e5e294c559914471af38e0f8aa34dc7d697ef3d1,test,169540,dev,Wind,http://creativecommons.org/licenses/by/3.0/,stated,fsd50k_real_v1
SS-BGN-0081,originals/background_noise/SS-BGN-0081.wav,Background Noise,FSD50K (Freesound clip 352419),https://freesound.org/s/352419/,CC0-1.0,joseph.larralde,2026-09-23,13.33,44100,1,outdoor,unspecified,n/a,original,,,,f31c25a32aa25094d983ee598b9c1f5f76b3d4ff9dfb8eb7b1a96e0382ac54ef,val,352419,eval,"Rain,Water",http://creativecommons.org/publicdomain/zero/1.0/,stated,fsd50k_real_v1
SS-BGN-0082,originals/background_noise/SS-BGN-0082.wav,Background Noise,FSD50K (Freesound clip 61287),https://freesound.org/s/61287/,CC-BY-3.0,juskiddink,2026-09-23,14.297,44100,1,unspecified,unspecified,n/a,original,,,,ee425fcca85fb61bc2060d81e1ccf7d1b5465bb972492610d446961242571471,train,61287,eval,"Coin_(dropping),Stream,Splash_and_splatter,Domestic_sounds_and_home_sounds,Water,Liquid",http://creativecommons.org/licenses/by/3.0/,unmatched,fsd50k_real_v1
SS-BGN-0083,originals/background_noise/SS-BGN-0083.wav,Background Noise,FSD50K (Freesound clip 16746),https://freesound.org/s/16746/,CC-BY-3.0,kijjaz,2026-09-23,1.327,44100,1,unspecified,unspecified,n/a,original,,,,9467edf7442092f4a7385e98f77d411faa37f6a4a9538aea12d31f4768c1293f,train,16746,dev,"Raindrop,Rain,Water",http://creativecommons.org/licenses/by/3.0/,unmatched,fsd50k_real_v1
SS-BGN-0084,originals/background_noise/SS-BGN-0084.wav,Background Noise,FSD50K (Freesound clip 340218),https://freesound.org/s/340218/,CC-BY-3.0,kingof_thelab,2026-09-23,18.628,44100,1,outdoor,unspecified,n/a,original,,,,7fa723d344dfa2d46549021a6107ec3ced5b0fb0f65476fd82145e9b6433499e,train,340218,dev,"Wind,Rain,Water",http://creativecommons.org/licenses/by/3.0/,inferred_from_tags,fsd50k_real_v1
SS-BGN-0085,originals/background_noise/SS-BGN-0085.wav,Background Noise,FSD50K (Freesound clip 174203),https://freesound.org/s/174203/,CC-BY-3.0,klankbeeld,2026-09-23,22.593,44100,1,outdoor,unspecified,n/a,original,,,,c032b790673c7643c95ff425d17f726281ed6328753a0fba22fb75f85d1e8793,train,174203,dev,Hiss,http://creativecommons.org/licenses/by/3.0/,stated,fsd50k_real_v1
SS-BGN-0086,originals/background_noise/SS-BGN-0086.wav,Background Noise,FSD50K (Freesound clip 406759),https://freesound.org/s/406759/,CC0-1.0,kretopi,2026-09-23,1.787,44100,1,unspecified,unspecified,n/a,original,,,,4d05d455d557430cdc245c50809de5537a6aac65446569a33377054c55298886,train,406759,dev,"Raindrop,Splash_and_splatter,Rain,Water,Liquid",http://creativecommons.org/publicdomain/zero/1.0/,unmatched,fsd50k_real_v1
SS-BGN-0087,originals/background_noise/SS-BGN-0087.wav,Background Noise,FSD50K (Freesound clip 244931),https://freesound.org/s/244931/,CC-BY-3.0,kwahmah_02,2026-09-23,15.486,44100,1,outdoor,unspecified,n/a,original,,,,d276840cc546236ac41f5d9e6c805d45b325a5b3cb0adc19c6ba0cf3e1d43455,train,244931,dev,"Rain,Train,Water,Rail_transport,Vehicle",http://creativecommons.org/licenses/by/3.0/,stated,fsd50k_real_v1
SS-BGN-0088,originals/background_noise/SS-BGN-0088.wav,Background Noise,FSD50K (Freesound clip 244028),https://freesound.org/s/244028/,CC0-1.0,lennyboy,2026-09-23,6.712,44100,1,outdoor,unspecified,n/a,original,,,,6e7dab3e7c2418ae129f6ef6e41383ea8ed7a6680fa81c1f9fda62e1ee63f7c7,test,244028,dev,"Rain,Water",http://creativecommons.org/publicdomain/zero/1.0/,stated,fsd50k_real_v1
SS-BGN-0089,originals/background_noise/SS-BGN-0089.wav,Background Noise,FSD50K (Freesound clip 17083),https://freesound.org/s/17083/,CC-BY-3.0,lgarrett,2026-09-23,21.983,44100,1,outdoor,unspecified,n/a,original,,,,af9226fe8faef252bb661aa2d5a343272b296d3ac3136ece5cab962d6dca5dc6,train,17083,eval,"Raindrop,Thunder,Rain,Water,Thunderstorm",http://creativecommons.org/licenses/by/3.0/,stated,fsd50k_real_v1
SS-BGN-0090,originals/background_noise/SS-BGN-0090.wav,Background Noise,FSD50K (Freesound clip 339447),https://freesound.org/s/339447/,CC-BY-3.0,lulyc,2026-09-23,10.899,44100,1,unspecified,unspecified,n/a,original,,,,0799a39ffcd781e693cfc84e5650c442c2b51fb3687c4403d319dfebc4cb8dfa,train,339447,dev,Crackle,http://creativecommons.org/licenses/by/3.0/,unmatched,fsd50k_real_v1
SS-BGN-0091,originals/background_noise/SS-BGN-0091.wav,Background Noise,FSD50K (Freesound clip 320063),https://freesound.org/s/320063/,CC0-1.0,macdaddyno1,2026-09-23,14.916,44100,1,outdoor,unspecified,n/a,original,,,,331a519cd4f9498a8f9eee36762a9e7c7094e1efc7471cca25f1fea0d651a1de,train,320063,eval,"Raindrop,Rain,Water",http://creativecommons.org/publicdomain/zero/1.0/,stated,fsd50k_real_v1
SS-BGN-0092,originals/background_noise/SS-BGN-0092.wav,Background Noise,FSD50K (Freesound clip 127840),https://freesound.org/s/127840/,CC-BY-3.0,martats,2026-09-23,4.0,44100,1,outdoor,unspecified,n/a,original,,,,ebcc97e7e9011dc8a3e8c0080c73c1c7494ef4f4a126622baeba56c74d456c19,train,127840,dev,Water,http://creativecommons.org/licenses/by/3.0/,inferred_from_tags,fsd50k_real_v1
SS-BGN-0093,originals/background_noise/SS-BGN-0093.wav,Background Noise,FSD50K (Freesound clip 390157),https://freesound.org/s/390157/,CC0-1.0,megashroom,2026-09-23,26.467,44100,1,unspecified,unspecified,n/a,original,,,,d92242576f7851f0a274b1a48e876b1367566c86c14f9aa5a403dbeffb8691a5,val,390157,eval,"Fill_(with_liquid),Gurgling,Liquid,Water",http://creativecommons.org/publicdomain/zero/1.0/,unmatched,fsd50k_real_v1
SS-BGN-0094,originals/background_noise/SS-BGN-0094.wav,Background Noise,FSD50K (Freesound clip 68706),https://freesound.org/s/68706/,CC-BY-3.0,mikaelfernstrom,2026-09-23,8.916,44100,1,outdoor,unspecified,n/a,original,,,,7375f9ec6b0113f285fe47fe7254056bb239e84f6b870ec71b4e49f519140df2,train,68706,dev,Wind,http://creativecommons.org/licenses/by/3.0/,stated,fsd50k_real_v1
SS-BGN-0095,originals/background_noise/SS-BGN-0095.wav,Background Noise,FSD50K (Freesound clip 336386),https://freesound.org/s/336386/,CC0-1.0,moai15,2026-09-23,9.765,44100,1,unspecified,unspecified,n/a,original,,,,9134161c266ff5ab2eb60c6505c7e947bd78ccb2d9c8d759860fd30e2f15782a,train,336386,dev,"Water,Liquid",http://creativecommons.org/publicdomain/zero/1.0/,unmatched,fsd50k_real_v1
SS-BGN-0096,originals/background_noise/SS-BGN-0096.wav,Background Noise,FSD50K (Freesound clip 431769),https://freesound.org/s/431769/,CC0-1.0,musicvision31,2026-09-23,8.234,44100,1,unspecified,unspecified,n/a,original,,,,9f218d29a12658988a1049d3b52d485584ed3d328e6f13806b745598b7b0679e,train,431769,dev,Crackle,http://creativecommons.org/publicdomain/zero/1.0/,unmatched,fsd50k_real_v1
SS-BGN-0097,originals/background_noise/SS-BGN-0097.wav,Background Noise,FSD50K (Freesound clip 2155),https://freesound.org/s/2155/,CC-BY-3.0,nicStage,2026-09-23,18.948,44100,1,outdoor,unspecified,n/a,original,,,,534505fdeab976b5e98d5667ad1907c71fb82e2d5f04893a30ed2a7a6395dd51,train,2155,eval,"Hiss,Water",http://creativecommons.org/licenses/by/3.0/,inferred_from_tags,fsd50k_real_v1
SS-BGN-0098,originals/background_noise/SS-BGN-0098.wav,Background Noise,FSD50K (Freesound clip 99770),https://freesound.org/s/99770/,CC-BY-3.0,paubg_pou,2026-09-23,26.612,44100,1,outdoor,unspecified,n/a,original,,,,26bc679b748a633d44e7af3b9ab12cdd79cdf09f6ca7e67e1dc30454f1d225ec,test,99770,dev,"Rain,Water",http://creativecommons.org/licenses/by/3.0/,stated,fsd50k_real_v1
SS-BGN-0099,originals/background_noise/SS-BGN-0099.wav,Background Noise,FSD50K (Freesound clip 405459),https://freesound.org/s/405459/,CC0-1.0,penetrermind,2026-09-23,19.691,44100,1,outdoor,unspecified,n/a,original,,,,ab620b82e274e84dab94cfb84c02801476005a8fc6147a523494d949065f16d3,train,405459,dev,"Ocean,Water",http://creativecommons.org/publicdomain/zero/1.0/,stated,fsd50k_real_v1
SS-BGN-0100,originals/background_noise/SS-BGN-0100.wav,Background Noise,FSD50K (Freesound clip 160350),https://freesound.org/s/160350/,CC0-1.0,qubodup,2026-09-23,24.595,44100,1,unspecified,unspecified,n/a,original,,,,d934dd8b9611c29822d49d87a2e845aaf50c8fd5371c95b46e80d76ca7c4db9e,train,160350,dev,Hiss,http://creativecommons.org/publicdomain/zero/1.0/,unmatched,fsd50k_real_v1
SS-BGN-0101,originals/background_noise/SS-BGN-0101.wav,Background Noise,FSD50K (Freesound clip 157183),https://freesound.org/s/157183/,CC-BY-3.0,rbirdwise,2026-09-23,2.175,44100,1,outdoor,unspecified,n/a,original,,,,dc6842034f7869e397ff31fabfb409a461360d43f7be3258e7e7c71fa49992ce,train,157183,dev,"Waves_and_surf,Ocean,Water",http://creativecommons.org/licenses/by/3.0/,inferred_from_tags,fsd50k_real_v1
SS-BGN-0102,originals/background_noise/SS-BGN-0102.wav,Background Noise,FSD50K (Freesound clip 68324),https://freesound.org/s/68324/,CC0-1.0,sandome,2026-09-23,4.884,44100,1,unspecified,unspecified,n/a,original,,,,593bed2cfe005d0d6b9b5d329da3b37709293600168e7e135fb66d7c09c7df3e,val,68324,dev,"Raindrop,Rain,Water",http://creativecommons.org/publicdomain/zero/1.0/,unmatched,fsd50k_real_v1
SS-BGN-0103,originals/background_noise/SS-BGN-0103.wav,Background Noise,FSD50K (Freesound clip 97386),https://freesound.org/s/97386/,CC-BY-3.0,soundbytez,2026-09-23,11.65,44100,1,outdoor,unspecified,n/a,original,,,,cd8664a9346f0eb6440a7a9570e8f7dbbc8391053dd2d1fe141d76ae41a400fb,train,97386,dev,"Stream,Water",http://creativecommons.org/licenses/by/3.0/,inferred_from_tags,fsd50k_real_v1
SS-BGN-0104,originals/background_noise/SS-BGN-0104.wav,Background Noise,FSD50K (Freesound clip 117625),https://freesound.org/s/117625/,CC0-1.0,soundmary,2026-09-23,28.066,44100,1,outdoor,unspecified,n/a,original,,,,e352441e679a93787bc0a968df94d1324c246a6c30f0c90c33b9661f6e427435,test,117625,eval,"Wind,Rain,Water",http://creativecommons.org/publicdomain/zero/1.0/,stated,fsd50k_real_v1
SS-BGN-0105,originals/background_noise/SS-BGN-0105.wav,Background Noise,FSD50K (Freesound clip 110393),https://freesound.org/s/110393/,CC-BY-3.0,soundscalpel.com,2026-09-23,1.256,44100,1,unspecified,unspecified,n/a,original,,,,bca98bf460a321b363046408526788dc824f991c8f920d6eafbb1c2c4f84305d,train,110393,eval,"Water,Splash_and_splatter,Liquid",http://creativecommons.org/licenses/by/3.0/,unmatched,fsd50k_real_v1
SS-BGN-0106,originals/background_noise/SS-BGN-0106.wav,Background Noise,FSD50K (Freesound clip 207573),https://freesound.org/s/207573/,CC-BY-3.0,syrinscape,2026-09-23,0.448,44100,1,indoor,unspecified,n/a,original,,,,569e3a87bea96368844605b0f030e29c35b4d66f85b2ca4c4060fca4a2fd4944,train,207573,dev,"Drip,Water,Liquid",http://creativecommons.org/licenses/by/3.0/,stated,fsd50k_real_v1
SS-BGN-0107,originals/background_noise/SS-BGN-0107.wav,Background Noise,FSD50K (Freesound clip 88168),https://freesound.org/s/88168/,CC0-1.0,tec studios,2026-09-23,12.0,44100,1,outdoor,unspecified,n/a,original,,,,4be80ccd6c6040d8455c89ccdc5d834c682a5840503634233fd8c8002be918fc,train,88168,dev,"Waves_and_surf,Ocean,Water",http://creativecommons.org/publicdomain/zero/1.0/,stated,fsd50k_real_v1
SS-BGN-0108,originals/background_noise/SS-BGN-0108.wav,Background Noise,FSD50K (Freesound clip 98762),https://freesound.org/s/98762/,CC-BY-3.0,the_toilet_guy,2026-09-23,5.979,44100,1,unspecified,unspecified,n/a,original,,,,d0897eaf4723d533b8c5a4b74cd2191b311ac0f2ca311d5baad382ad5cdf21f5,train,98762,dev,"Toilet_flush,Gurgling,Domestic_sounds_and_home_sounds,Water",http://creativecommons.org/licenses/by/3.0/,unmatched,fsd50k_real_v1
SS-BGN-0109,originals/background_noise/SS-BGN-0109.wav,Background Noise,FSD50K (Freesound clip 179898),https://freesound.org/s/179898/,CC0-1.0,timsc,2026-09-23,6.417,44100,1,outdoor,unspecified,n/a,original,,,,d1d85de40b9c6f7721af75d03b6795e5186df738d33a377f6b2d97d56cbf5229,test,179898,dev,Wind,http://creativecommons.org/publicdomain/zero/1.0/,stated,fsd50k_real_v1
SS-BGN-0110,originals/background_noise/SS-BGN-0110.wav,Background Noise,FSD50K (Freesound clip 406664),https://freesound.org/s/406664/,CC0-1.0,tlcolbe,2026-09-23,2.0,44100,1,indoor,unspecified,n/a,original,,,,4a075566522a18e5a4285c9db8a096ce9addad69fc1e7631bdc92dce25c49452,train,406664,dev,"Bathtub_(filling_or_washing),Water,Splash_and_splatter,Liquid,Domestic_sounds_and_home_sounds",http://creativecommons.org/publicdomain/zero/1.0/,stated,fsd50k_real_v1
SS-BGN-0111,originals/background_noise/SS-BGN-0111.wav,Background Noise,FSD50K (Freesound clip 181480),https://freesound.org/s/181480/,CC0-1.0,toiletrolltube,2026-09-23,18.812,44100,1,outdoor,unspecified,n/a,original,,,,ca682a236dfe37c412dfc92220a86a114b00a794a8fccc935568b7933bc10cd3,train,181480,dev,Hiss,http://creativecommons.org/publicdomain/zero/1.0/,stated,fsd50k_real_v1
SS-BGN-0112,originals/background_noise/SS-BGN-0112.wav,Background Noise,FSD50K (Freesound clip 84669),https://freesound.org/s/84669/,CC-BY-3.0,tomc1985,2026-09-23,7.913,44100,1,outdoor,unspecified,n/a,original,,,,336c6962b5658077d06f9f36ba0cf8bc5b0ddf2aff1209b7e14231c878102942,val,84669,dev,"Rain,Water",http://creativecommons.org/licenses/by/3.0/,stated,fsd50k_real_v1
SS-BGN-0113,originals/background_noise/SS-BGN-0113.wav,Background Noise,FSD50K (Freesound clip 420293),https://freesound.org/s/420293/,CC0-1.0,tonik-95,2026-09-23,1.603,44100,1,outdoor,unspecified,n/a,original,,,,fd220783cfe04e2370baf7ea61606c22875a1c7653222d07ca8ca61a4d03613e,val,420293,dev,Wind,http://creativecommons.org/publicdomain/zero/1.0/,stated,fsd50k_real_v1
SS-BGN-0114,originals/background_noise/SS-BGN-0114.wav,Background Noise,FSD50K (Freesound clip 190073),https://freesound.org/s/190073/,CC0-1.0,tran5ient,2026-09-23,5.454,44100,1,unspecified,unspecified,n/a,original,,,,a0f203aca79ced3fa2e5d624fc276c5bf8bfff2acfb1c01ff3fef841645e3f0f,train,190073,dev,Crackle,http://creativecommons.org/publicdomain/zero/1.0/,unmatched,fsd50k_real_v1
SS-BGN-0115,originals/background_noise/SS-BGN-0115.wav,Background Noise,FSD50K (Freesound clip 135676),https://freesound.org/s/135676/,CC0-1.0,univ_lyon3,2026-09-23,3.044,44100,1,outdoor,unspecified,n/a,original,,,,65ed8931530e23e6bab36afd28b80855fb41d922542ad731164a0355a2318b4a,train,135676,dev,"Crackle,Fire",http://creativecommons.org/publicdomain/zero/1.0/,stated,fsd50k_real_v1
SS-BGN-0116,originals/background_noise/SS-BGN-0116.wav,Background Noise,FSD50K (Freesound clip 34930),https://freesound.org/s/34930/,CC0-1.0,vibe_crc,2026-09-23,27.899,44100,1,outdoor,unspecified,n/a,original,,,,bb922451aa245d5a117349e83beb7c93ab74e9a69dcf17e57fa0bdd0f11c8658,train,34930,dev,"Thunder,Rain,Water,Thunderstorm",http://creativecommons.org/publicdomain/zero/1.0/,stated,fsd50k_real_v1
SS-BGN-0117,originals/background_noise/SS-BGN-0117.wav,Background Noise,FSD50K (Freesound clip 109291),https://freesound.org/s/109291/,CC-BY-3.0,vinjatovix,2026-09-23,11.823,44100,1,outdoor,unspecified,n/a,original,,,,0d891ab0e6239cb263a80f4a4965c263fd9b71c780456301fa17c9ad8b2816b8,val,109291,dev,Wind,http://creativecommons.org/licenses/by/3.0/,stated,fsd50k_real_v1
SS-BGN-0118,originals/background_noise/SS-BGN-0118.wav,Background Noise,FSD50K (Freesound clip 319132),https://freesound.org/s/319132/,CC-BY-3.0,voho,2026-09-23,4.542,44100,1,outdoor,unspecified,n/a,original,,,,67938ca2a2f9d2eceabfd3c3d549b3e2007db3e6318d2790172a2cc527a4e620,train,319132,dev,"Bathtub_(filling_or_washing),Water,Splash_and_splatter,Liquid,Domestic_sounds_and_home_sounds",http://creativecommons.org/licenses/by/3.0/,inferred_from_tags,fsd50k_real_v1
SS-BGN-0119,originals/background_noise/SS-BGN-0119.wav,Background Noise,FSD50K (Freesound clip 38388),https://freesound.org/s/38388/,CC-BY-3.0,volivieri,2026-09-23,26.718,44100,1,outdoor,unspecified,n/a,original,,,,e6a883ced19aa94d37d8def9c7798ebf4c285b608132a3e30e8b0bd19275b8bf,train,38388,dev,"Stream,Water",http://creativecommons.org/licenses/by/3.0/,inferred_from_tags,fsd50k_real_v1
SS-BGN-0120,originals/background_noise/SS-BGN-0120.wav,Background Noise,FSD50K (Freesound clip 127119),https://freesound.org/s/127119/,CC-BY-3.0,westernsynthetics,2026-09-23,1.534,44100,1,outdoor,unspecified,n/a,original,,,,c9c79649b3367efcfa894ff020bd55e02a0f09bbfda4cc3c3526ac833cab09ab,train,127119,eval,"Thunder,Wind,Rain,Water,Thunderstorm",http://creativecommons.org/licenses/by/3.0/,stated,fsd50k_real_v1
SS-GLA-0001,originals/glass_breaking/SS-GLA-0001.wav,Glass Breaking,FSD50K (Freesound clip 379010),https://freesound.org/s/379010/,CC0-1.0,13FPanska_Cerny_Jan,2026-09-23,13.294,44100,1,unspecified,unspecified,n/a,original,,,,82d881dc50dcb2fd23779fc854d2801146839644a75e5d463e4ddfdf824cac95,test,379010,dev,Crack,http://creativecommons.org/publicdomain/zero/1.0/,unmatched,fsd50k_real_v1
SS-GLA-0002,originals/glass_breaking/SS-GLA-0002.wav,Glass Breaking,FSD50K (Freesound clip 379184),https://freesound.org/s/379184/,CC0-1.0,13FPanska_Rajmont_Jan,2026-09-23,18.27,44100,1,unspecified,unspecified,n/a,original,,,,5733502bc7b65b7e3ab25eb396aa8eed7b654cd9ea932be1ba86c5d3d819b641,val,379184,dev,"Cutlery_and_silverware,Dishes_and_pots_and_pans,Chink_and_clink,Domestic_sounds_and_home_sounds,Glass",http://creativecommons.org/publicdomain/zero/1.0/,unmatched,fsd50k_real_v1
SS-GLA-0003,originals/glass_breaking/SS-GLA-0003.wav,Glass Breaking,FSD50K (Freesound clip 378321),https://freesound.org/s/378321/,CC0-1.0,13F_Panska_Tlolkova_Matilda,2026-09-23,5.941,44100,1,unspecified,unspecified,n/a,original,,,,2f6db776ed7fb79063b52d393500544af3f6a6c379bc1b7292d7e6e9a731ed0c,train,378321,dev,"Shatter,Chink_and_clink,Glass",http://creativecommons.org/publicdomain/zero/1.0/,unmatched,fsd50k_real_v1
SS-GLA-0004,originals/glass_breaking/SS-GLA-0004.wav,Glass Breaking,FSD50K (Freesound clip 377987),https://freesound.org/s/377987/,CC0-1.0,13GPanska_Gorbusinova_Anna,2026-09-23,5.863,44100,1,unspecified,unspecified,n/a,original,,,,9ba866f6e2be765f95e2ade1d3d6dde8b891b1a4b56980a7e3672ba514957272,train,377987,dev,Glass,http://creativecommons.org/publicdomain/zero/1.0/,unmatched,fsd50k_real_v1
SS-GLA-0005,originals/glass_breaking/SS-GLA-0005.wav,Glass Breaking,FSD50K (Freesound clip 378285),https://freesound.org/s/378285/,CC0-1.0,13GPanska_Langerova_Lucie,2026-09-23,4.12,44100,1,unspecified,unspecified,n/a,original,,,,740b5356c1c435f987cc072c7751d54b832155a2e686a3da4b73990a90f30aa3,train,378285,dev,"Shatter,Glass",http://creativecommons.org/publicdomain/zero/1.0/,unmatched,fsd50k_real_v1
SS-GLA-0006,originals/glass_breaking/SS-GLA-0006.wav,Glass Breaking,FSD50K (Freesound clip 379130),https://freesound.org/s/379130/,CC0-1.0,13GPanska_Novakova_Klara,2026-09-23,3.085,44100,1,unspecified,unspecified,n/a,original,,,,754db1e228cc589d8d29fe084dbfb7d68b0f5ed0d42dab8ea48b85552418ee60,train,379130,dev,Glass,http://creativecommons.org/publicdomain/zero/1.0/,unmatched,fsd50k_real_v1
SS-GLA-0007,originals/glass_breaking/SS-GLA-0007.wav,Glass Breaking,FSD50K (Freesound clip 353937),https://freesound.org/s/353937/,CC-BY-3.0,AcousticMemory,2026-09-23,4.848,44100,1,studio,unspecified,n/a,original,,,,1e31d9c4d756cb0542317c90796e221fe7e374dc16cb9d008b903e9a2e118b17,train,353937,dev,Crushing,http://creativecommons.org/licenses/by/3.0/,stated,fsd50k_real_v1
SS-GLA-0008,originals/glass_breaking/SS-GLA-0008.wav,Glass Breaking,FSD50K (Freesound clip 144890),https://freesound.org/s/144890/,CC0-1.0,Adam_N,2026-09-23,4.055,44100,1,outdoor,unspecified,n/a,original,,,,c54c4863193487338b7d52e531634ca3541b2775a02420e037d5281c81bcec32,test,144890,dev,Crack,http://creativecommons.org/publicdomain/zero/1.0/,stated,fsd50k_real_v1
SS-GLA-0009,originals/glass_breaking/SS-GLA-0009.wav,Glass Breaking,FSD50K (Freesound clip 233605),https://freesound.org/s/233605/,CC0-1.0,Agaxly,2026-09-23,1.0,44100,1,unspecified,unspecified,n/a,original,,,,373b88abf56f0a21069d2b0a1f7ce74c2f3c437796f9d90bb245ed8a896995d9,train,233605,dev,"Shatter,Glass",http://creativecommons.org/publicdomain/zero/1.0/,unmatched,fsd50k_real_v1
SS-GLA-0010,originals/glass_breaking/SS-GLA-0010.wav,Glass Breaking,FSD50K (Freesound clip 250691),https://freesound.org/s/250691/,CC-BY-3.0,Aiwha,2026-09-23,7.213,44100,1,unspecified,unspecified,n/a,original,,,,abef03a312809fcf9af43a16f24d9780ce63166ae51b734d5254129de5df0208,val,250691,dev,"Chink_and_clink,Glass",http://creativecommons.org/licenses/by/3.0/,unmatched,fsd50k_real_v1
SS-GLA-0011,originals/glass_breaking/SS-GLA-0011.wav,Glass Breaking,FSD50K (Freesound clip 132410),https://freesound.org/s/132410/,CC-BY-3.0,AlienXXX,2026-09-23,5.467,44100,1,outdoor,unspecified,n/a,original,,,,ffda2a9402fcc4dee877a0bba95fcc8a0723508ef8b39d95bdf6a7cc73889025,train,132410,dev,Crack,http://creativecommons.org/licenses/by/3.0/,stated,fsd50k_real_v1
SS-GLA-0012,originals/glass_breaking/SS-GLA-0012.wav,Glass Breaking,FSD50K (Freesound clip 331913),https://freesound.org/s/331913/,CC0-1.0,Andre_Desartistes,2026-09-23,1.033,44100,1,unspecified,unspecified,n/a,original,,,,edaf2320dbb4412d6d222b4d8071f5dd9e35d26c77fff103a6746136fea287ee,train,331913,dev,Glass,http://creativecommons.org/publicdomain/zero/1.0/,unmatched,fsd50k_real_v1
SS-GLA-0013,originals/glass_breaking/SS-GLA-0013.wav,Glass Breaking,FSD50K (Freesound clip 336615),https://freesound.org/s/336615/,CC0-1.0,Anthousai,2026-09-23,0.801,44100,1,unspecified,unspecified,n/a,original,,,,38e4f97e881295884092795d42769c45fe5f55b40d725cb0aa5cc99411a62336,train,336615,dev,Crushing,http://creativecommons.org/publicdomain/zero/1.0/,unmatched,fsd50k_real_v1
SS-GLA-0014,originals/glass_breaking/SS-GLA-0014.wav,Glass Breaking,FSD50K (Freesound clip 174863),https://freesound.org/s/174863/,CC-BY-3.0,AshFox,2026-09-23,6.607,44100,1,unspecified,unspecified,n/a,original,,,,47c3454e1578e9707fec967dad738ccee4e6cd4f0aaca8cc9cd9444e201c91a0,train,174863,dev,"Chink_and_clink,Glass",http://creativecommons.org/licenses/by/3.0/,unmatched,fsd50k_real_v1
SS-GLA-0015,originals/glass_breaking/SS-GLA-0015.wav,Glass Breaking,FSD50K (Freesound clip 422623),https://freesound.org/s/422623/,CC0-1.0,Aurelon,2026-09-23,3.483,44100,1,unspecified,unspecified,n/a,original,,,,d30507eeb14331798c5a4b192cde3cce025109539814aa9dbeeadf1e3292d15d,val,422623,eval,"Crushing,Wood",http://creativecommons.org/publicdomain/zero/1.0/,unmatched,fsd50k_real_v1
SS-GLA-0016,originals/glass_breaking/SS-GLA-0016.wav,Glass Breaking,FSD50K (Freesound clip 354095),https://freesound.org/s/354095/,CC0-1.0,Bini_trns,2026-09-23,1.164,44100,1,unspecified,unspecified,n/a,original,,,,514e001c36ca1a89dcf5bd27d0c229c7fa895c2be243320c713096ec41581976,test,354095,dev,Crack,http://creativecommons.org/publicdomain/zero/1.0/,unmatched,fsd50k_real_v1
SS-GLA-0017,originals/glass_breaking/SS-GLA-0017.wav,Glass Breaking,FSD50K (Freesound clip 145558),https://freesound.org/s/145558/,CC-BY-3.0,Black Snow,2026-09-23,1.637,44100,1,unspecified,unspecified,n/a,original,,,,341a6dbf50df115191c81e3170bb94ce7a5eff855904a68c4e32b835d7d70742,train,145558,dev,"Shatter,Glass",http://creativecommons.org/licenses/by/3.0/,unmatched,fsd50k_real_v1
SS-GLA-0018,originals/glass_breaking/SS-GLA-0018.wav,Glass Breaking,FSD50K (Freesound clip 343756),https://freesound.org/s/343756/,CC0-1.0,Brokenphono,2026-09-23,17.467,44100,1,unspecified,unspecified,n/a,original,,,,9ff3fa9d1bbcb8f90fe196e70c5baa68ebfb589ec6109476f0339e6c56a52ce0,train,343756,eval,"Shatter,Glass",http://creativecommons.org/publicdomain/zero/1.0/,unmatched,fsd50k_real_v1
SS-GLA-0019,originals/glass_breaking/SS-GLA-0019.wav,Glass Breaking,FSD50K (Freesound clip 89588),https://freesound.org/s/89588/,CC-BY-3.0,CGEffex,2026-09-23,18.808,44100,1,unspecified,unspecified,n/a,original,,,,320ecf3fb91752889269b26ed00dc550b61929e6c874bd7593f170ed8a69b85f,train,89588,dev,"Chink_and_clink,Glass",http://creativecommons.org/licenses/by/3.0/,unmatched,fsd50k_real_v1
SS-GLA-0020,originals/glass_breaking/SS-GLA-0020.wav,Glass Breaking,FSD50K (Freesound clip 203368),https://freesound.org/s/203368/,CC0-1.0,C_Rogers,2026-09-23,0.829,44100,1,unspecified,unspecified,n/a,original,,,,99cc9bd81970e0ea6417cd45c5c4f38c0a1371d7cdbc8b509fb2906ef9896ca6,val,203368,dev,"Shatter,Crushing,Glass",http://creativecommons.org/publicdomain/zero/1.0/,unmatched,fsd50k_real_v1
SS-GLA-0021,originals/glass_breaking/SS-GLA-0021.wav,Glass Breaking,FSD50K (Freesound clip 429494),https://freesound.org/s/429494/,CC0-1.0,Cabelin_Brabo,2026-09-23,5.709,44100,1,studio,unspecified,n/a,original,,,,8542c9c4f8b649979f7f1ef291843f3b2915ab20d9e638602f039b77db3a2f24,train,429494,eval,"Cutlery_and_silverware,Tap,Dishes_and_pots_and_pans,Chink_and_clink,Domestic_sounds_and_home_sounds,Glass",http://creativecommons.org/publicdomain/zero/1.0/,stated,fsd50k_real_v1
SS-GLA-0022,originals/glass_breaking/SS-GLA-0022.wav,Glass Breaking,FSD50K (Freesound clip 161309),https://freesound.org/s/161309/,CC-BY-3.0,Chela Sivesta,2026-09-23,1.92,44100,1,indoor,unspecified,n/a,original,,,,8831c8472702a43f82b199b2247286e44560977b377878b16be07cb77f6e6912,train,161309,dev,"Shatter,Glass",http://creativecommons.org/licenses/by/3.0/,stated,fsd50k_real_v1
SS-GLA-0023,originals/glass_breaking/SS-GLA-0023.wav,Glass Breaking,FSD50K (Freesound clip 383978),https://freesound.org/s/383978/,CC-BY-3.0,ChrisReierson,2026-09-23,0.771,44100,1,studio,unspecified,n/a,original,,,,bbe78d6c794875453b214cae43e6ca5b1d7ecb96df125f23bd2755fc1f5e5b6f,test,383978,dev,"Shatter,Glass",http://creativecommons.org/licenses/by/3.0/,inferred_from_tags,fsd50k_real_v1
SS-GLA-0024,originals/glass_breaking/SS-GLA-0024.wav,Glass Breaking,FSD50K (Freesound clip 28658),https://freesound.org/s/28658/,CC-BY-3.0,Corsica_S,2026-09-23,14.681,44100,1,outdoor,unspecified,n/a,original,,,,480250e4e05f7ace5077bdb946ab16dc9c3b811dc7680a570a199a31d8784c9a,train,28658,dev,Crack,http://creativecommons.org/licenses/by/3.0/,stated,fsd50k_real_v1
SS-GLA-0025,originals/glass_breaking/SS-GLA-0025.wav,Glass Breaking,FSD50K (Freesound clip 160759),https://freesound.org/s/160759/,CC-BY-3.0,CosmicEmbers,2026-09-23,2.414,44100,1,unspecified,unspecified,n/a,original,,,,edc7a556e2fe74265391de45dd6053733dc668cb1ee2aa2dcbee59a6a67558bf,train,160759,dev,"Shatter,Glass",http://creativecommons.org/licenses/by/3.0/,unmatched,fsd50k_real_v1
SS-GLA-0026,originals/glass_breaking/SS-GLA-0026.wav,Glass Breaking,FSD50K (Freesound clip 204115),https://freesound.org/s/204115/,CC-BY-3.0,Craxic,2026-09-23,1.358,44100,1,outdoor,unspecified,n/a,original,,,,830be8b86aa19421a3817864f5f934f5835f11e10a74ca74bb0410b7a168607a,val,204115,dev,"Shatter,Glass",http://creativecommons.org/licenses/by/3.0/,inferred_from_tags,fsd50k_real_v1
SS-GLA-0027,originals/glass_breaking/SS-GLA-0027.wav,Glass Breaking,FSD50K (Freesound clip 330800),https://freesound.org/s/330800/,CC-BY-3.0,Czarcazas,2026-09-23,1.152,44100,1,outdoor,unspecified,n/a,original,,,,7484a169024f2578cdf67c9fbb00af2046d3e002e9e04acf071956d9f9bf320b,train,330800,eval,"Shatter,Chink_and_clink,Glass",http://creativecommons.org/licenses/by/3.0/,inferred_from_tags,fsd50k_real_v1
SS-GLA-0028,originals/glass_breaking/SS-GLA-0028.wav,Glass Breaking,FSD50K (Freesound clip 76812),https://freesound.org/s/76812/,CC-BY-3.0,DJ Burnham,2026-09-23,6.818,44100,1,unspecified,unspecified,n/a,original,,,,cd968c8157e9bd19c71e21219e1e34fde03e218a2d3d78e8b8b22b082acc7ebd,train,76812,dev,"Chink_and_clink,Glass",http://creativecommons.org/licenses/by/3.0/,unmatched,fsd50k_real_v1
SS-GLA-0029,originals/glass_breaking/SS-GLA-0029.wav,Glass Breaking,FSD50K (Freesound clip 7720),https://freesound.org/s/7720/,Sampling+-1.0,DalomarGrimm,2026-09-23,1.149,44100,1,outdoor,unspecified,n/a,original,,,,f38d58b33c79bb79473cf0fa686a7cbd7541e8cfbecdf065cfdee5b4704e80f8,test,7720,dev,Crushing,http://creativecommons.org/licenses/sampling+/1.0/,inferred_from_tags,fsd50k_real_v1
SS-GLA-0030,originals/glass_breaking/SS-GLA-0030.wav,Glass Breaking,FSD50K (Freesound clip 134842),https://freesound.org/s/134842/,CC0-1.0,Dlenti1,2026-09-23,10.797,44100,1,unspecified,unspecified,n/a,original,,,,c646cb0167b2b6f180474ca306bba5365aaafa915a9716c52580e01826c8845b,test,134842,eval,"Crack,Hands",http://creativecommons.org/publicdomain/zero/1.0/,unmatched,fsd50k_real_v1
SS-GLA-0031,originals/glass_breaking/SS-GLA-0031.wav,Glass Breaking,FSD50K (Freesound clip 105385),https://freesound.org/s/105385/,CC-BY-3.0,DrZoom,2026-09-23,4.08,44100,1,unspecified,unspecified,n/a,original,,,,b56c5615a253816c7a05f3d592f001986e32561a16f104edcc427b2e6dd5402b,train,105385,eval,"Dishes_and_pots_and_pans,Chink_and_clink,Domestic_sounds_and_home_sounds,Glass",http://creativecommons.org/licenses/by/3.0/,unmatched,fsd50k_real_v1
SS-GLA-0032,originals/glass_breaking/SS-GLA-0032.wav,Glass Breaking,FSD50K (Freesound clip 114193),https://freesound.org/s/114193/,CC-BY-3.0,EdgardEdition,2026-09-23,0.362,44100,1,unspecified,unspecified,n/a,original,,,,687581e01e64cff2aeed9dba6986d8931b0a4b48204fc6ae0a0c184f44176ea5,train,114193,dev,Glass,http://creativecommons.org/licenses/by/3.0/,unmatched,fsd50k_real_v1
SS-GLA-0033,originals/glass_breaking/SS-GLA-0033.wav,Glass Breaking,FSD50K (Freesound clip 205556),https://freesound.org/s/205556/,CC-BY-3.0,EverHeat,2026-09-23,0.807,44100,1,unspecified,unspecified,n/a,original,,,,a2267bd79bba9af723d6a2447578e1c6f90faecd0c5d6aa19438ba2dd4a47252,train,205556,dev,"Crushing,Wood",http://creativecommons.org/licenses/by/3.0/,unmatched,fsd50k_real_v1
SS-GLA-0034,originals/glass_breaking/SS-GLA-0034.wav,Glass Breaking,FSD50K (Freesound clip 31373),https://freesound.org/s/31373/,CC-BY-3.0,FreqMan,2026-09-23,8.545,44100,1,unspecified,unspecified,n/a,original,,,,586ba79c50e683c76d8c1b7b4991fd4699cfd58d52667e50f2c5398d254142dc,test,31373,dev,"Chink_and_clink,Glass",http://creativecommons.org/licenses/by/3.0/,unmatched,fsd50k_real_v1
SS-GLA-0035,originals/glass_breaking/SS-GLA-0035.wav,Glass Breaking,FSD50K (Freesound clip 416285),https://freesound.org/s/416285/,CC0-1.0,Fugeni,2026-09-23,4.217,44100,1,unspecified,unspecified,n/a,original,,,,c16998304f59cc72feb0c9108640145e4f7237daa668c4ef04cab41fabf5291f,train,416285,dev,"Chink_and_clink,Glass",http://creativecommons.org/publicdomain/zero/1.0/,unmatched,fsd50k_real_v1
SS-GLA-0036,originals/glass_breaking/SS-GLA-0036.wav,Glass Breaking,FSD50K (Freesound clip 339080),https://freesound.org/s/339080/,CC0-1.0,FullMetalJedi,2026-09-23,2.475,44100,1,unspecified,unspecified,n/a,original,,,,fbdaab03a15f551d2784556ae1d9cce4303f2aeced951ffd34cab3ee2ac23dbb,test,339080,eval,Glass,http://creativecommons.org/publicdomain/zero/1.0/,unmatched,fsd50k_real_v1
SS-GLA-0037,originals/glass_breaking/SS-GLA-0037.wav,Glass Breaking,FSD50K (Freesound clip 367770),https://freesound.org/s/367770/,CC-BY-3.0,FunWithSound,2026-09-23,25.84,44100,1,unspecified,unspecified,n/a,original,,,,b81179a036ed5869693ae239de0931ee207f5c3e151f407caa24921a5e407c97,train,367770,dev,"Shatter,Glass",http://creativecommons.org/licenses/by/3.0/,unmatched,fsd50k_real_v1
SS-GLA-0038,originals/glass_breaking/SS-GLA-0038.wav,Glass Breaking,FSD50K (Freesound clip 322404),https://freesound.org/s/322404/,CC0-1.0,Glitchedtones,2026-09-23,0.418,44100,1,indoor,unspecified,n/a,original,,,,8213e34941d1deed36a3b7d889dd35c9957028be79a3ee0d91e3945321dfb595,train,322404,dev,"Dishes_and_pots_and_pans,Chink_and_clink,Domestic_sounds_and_home_sounds,Glass",http://creativecommons.org/publicdomain/zero/1.0/,inferred_from_tags,fsd50k_real_v1
SS-GLA-0039,originals/glass_breaking/SS-GLA-0039.wav,Glass Breaking,FSD50K (Freesound clip 21914),https://freesound.org/s/21914/,CC-BY-3.0,Halleck,2026-09-23,0.5,44100,1,unspecified,unspecified,n/a,original,,,,4b69d2b10fad8c299a0dc14a09a26ff621c5dac7b843b7c418bcca82df8c1ea9,train,21914,dev,Crushing,http://creativecommons.org/licenses/by/3.0/,unmatched,fsd50k_real_v1
SS-GLA-0040,originals/glass_breaking/SS-GLA-0040.wav,Glass Breaking,FSD50K (Freesound clip 47012),https://freesound.org/s/47012/,Sampling+-1.0,Hydrophobiciguana,2026-09-23,20.594,44100,1,unspecified,unspecified,n/a,original,,,,22704f44ee0762c3fb81b76ada9963a54805457f41e3bbd0f5576b25ad3e9da2,train,47012,dev,"Shatter,Glass",http://creativecommons.org/licenses/sampling+/1.0/,unmatched,fsd50k_real_v1
SS-GLA-0041,originals/glass_breaking/SS-GLA-0041.wav,Glass Breaking,FSD50K (Freesound clip 344265),https://freesound.org/s/344265/,CC-BY-3.0,InspectorJ,2026-09-23,1.753,44100,1,unspecified,unspecified,n/a,original,,,,679137f8e19a0420073f30c1da8740914e4e6ea5b423df8a925c6d621d6e94cb,val,344265,dev,"Shatter,Glass",http://creativecommons.org/licenses/by/3.0/,unmatched,fsd50k_real_v1
SS-GLA-0042,originals/glass_breaking/SS-GLA-0042.wav,Glass Breaking,FSD50K (Freesound clip 219042),https://freesound.org/s/219042/,CC0-1.0,JarredGibb,2026-09-23,4.146,44100,1,unspecified,unspecified,n/a,original,,,,903bf1e6c8c2e2ca4aa7453df6a3fd95f6a8b32e073189b3e89aa13791e0764a,train,219042,dev,Crushing,http://creativecommons.org/publicdomain/zero/1.0/,unmatched,fsd50k_real_v1
SS-GLA-0043,originals/glass_breaking/SS-GLA-0043.wav,Glass Breaking,FSD50K (Freesound clip 368324),https://freesound.org/s/368324/,CC-BY-3.0,JohanDeecke,2026-09-23,0.589,44100,1,studio,unspecified,n/a,original,,,,656f75a26bdedf3aec82d30b826e4dfacd969eb5eabec6ee9896d157bf551cac,train,368324,dev,"Shatter,Glass",http://creativecommons.org/licenses/by/3.0/,stated,fsd50k_real_v1
SS-GLA-0044,originals/glass_breaking/SS-GLA-0044.wav,Glass Breaking,FSD50K (Freesound clip 70108),https://freesound.org/s/70108/,CC-BY-3.0,JustinBW,2026-09-23,1.774,44100,1,outdoor,unspecified,n/a,original,,,,078e87c78aacf9e21d3233f0889abea6eb4d0f5613df05b5017749629eab89cb,train,70108,dev,Crack,http://creativecommons.org/licenses/by/3.0/,stated,fsd50k_real_v1
SS-GLA-0045,originals/glass_breaking/SS-GLA-0045.wav,Glass Breaking,FSD50K (Freesound clip 140613),https://freesound.org/s/140613/,CC-BY-3.0,Kyster,2026-09-23,0.489,44100,1,unspecified,unspecified,n/a,original,,,,1af3fbb818ead442b1f64fccbdcbd11d5293261c3d40255d06ed77c2f8694160,train,140613,dev,Glass,http://creativecommons.org/licenses/by/3.0/,unmatched,fsd50k_real_v1
SS-GLA-0046,originals/glass_breaking/SS-GLA-0046.wav,Glass Breaking,FSD50K (Freesound clip 152753),https://freesound.org/s/152753/,CC-BY-3.0,L15452,2026-09-23,3.529,44100,1,unspecified,unspecified,n/a,original,,,,cc27ef8f7b2fdebefa3579e13fac192b2c97696f5b8871303e7960fd2fc19026,train,152753,dev,"Glass,Bell",http://creativecommons.org/licenses/by/3.0/,unmatched,fsd50k_real_v1
SS-GLA-0047,originals/glass_breaking/SS-GLA-0047.wav,Glass Breaking,FSD50K (Freesound clip 403578),https://freesound.org/s/403578/,CC0-1.0,LamaMakesMusic,2026-09-23,9.5,44100,1,unspecified,unspecified,n/a,original,,,,d89493449074aae02d020affbf3c757ee85b4496fbf7fdda6e37960b6b255f09,val,403578,eval,"Tap,Glass",http://creativecommons.org/publicdomain/zero/1.0/,unmatched,fsd50k_real_v1
SS-GLA-0048,originals/glass_breaking/SS-GLA-0048.wav,Glass Breaking,FSD50K (Freesound clip 259671),https://freesound.org/s/259671/,CC0-1.0,LampEight,2026-09-23,19.368,44100,1,unspecified,unspecified,n/a,original,,,,99bfb2fb418f9e37f25888dc86b2ab5442fedc134cd41ce291efa51e408825b2,train,259671,dev,"Chink_and_clink,Glass",http://creativecommons.org/publicdomain/zero/1.0/,unmatched,fsd50k_real_v1
SS-GLA-0049,originals/glass_breaking/SS-GLA-0049.wav,Glass Breaking,FSD50K (Freesound clip 85549),https://freesound.org/s/85549/,CC-BY-3.0,MAJ061785,2026-09-23,0.429,44100,1,unspecified,unspecified,n/a,original,,,,05139e4877bb07a7d15b20bf8fb528b2ac1afac57be27509ab0e8c0d90ad7207,train,85549,dev,"Chink_and_clink,Glass",http://creativecommons.org/licenses/by/3.0/,unmatched,fsd50k_real_v1
SS-GLA-0050,originals/glass_breaking/SS-GLA-0050.wav,Glass Breaking,FSD50K (Freesound clip 118198),https://freesound.org/s/118198/,CC0-1.0,MegaPenguin13,2026-09-23,2.669,44100,1,unspecified,unspecified,n/a,original,,,,a7ef01c64dc5de8649fcd9be712e7549376221d08381ae4d0e7da2c810efc46b,test,118198,dev,"Shatter,Glass",http://creativecommons.org/publicdomain/zero/1.0/,unmatched,fsd50k_real_v1
SS-GLA-0051,originals/glass_breaking/SS-GLA-0051.wav,Glass Breaking,FSD50K (Freesound clip 188224),https://freesound.org/s/188224/,CC0-1.0,MikeRat,2026-09-23,6.25,44100,1,unspecified,unspecified,n/a,original,,,,e9e32bc382396f913a57b21e1051dafc7292f869722ef0c6b2d8e10156f54e95,test,188224,dev,"Chink_and_clink,Glass",http://creativecommons.org/publicdomain/zero/1.0/,unmatched,fsd50k_real_v1
SS-GLA-0052,originals/glass_breaking/SS-GLA-0052.wav,Glass Breaking,FSD50K (Freesound clip 434437),https://freesound.org/s/434437/,CC-BY-3.0,MysteryPancake,2026-09-23,3.5,44100,1,indoor,unspecified,n/a,original,,,,8d552fc16e45afd2b0781f717d4563001a119986aab3d666732fb5ca0468d8aa,train,434437,dev,"Shatter,Crushing,Glass",http://creativecommons.org/licenses/by/3.0/,stated,fsd50k_real_v1
SS-GLA-0053,originals/glass_breaking/SS-GLA-0053.wav,Glass Breaking,FSD50K (Freesound clip 376462),https://freesound.org/s/376462/,CC0-1.0,Mystikuum,2026-09-23,6.628,44100,1,studio,unspecified,n/a,original,,,,5240d5ec48f9e81e8871668f8456ae6a3799ceffde34e1bc923af843c79fa72c,train,376462,eval,"Shatter,Chink_and_clink,Glass",http://creativecommons.org/publicdomain/zero/1.0/,stated,fsd50k_real_v1
SS-GLA-0054,originals/glass_breaking/SS-GLA-0054.wav,Glass Breaking,FSD50K (Freesound clip 322602),https://freesound.org/s/322602/,CC-BY-3.0,Natty23,2026-09-23,1.464,44100,1,unspecified,unspecified,n/a,original,,,,1df16d652399f0d4b760bb6dea575fec1c218c6b18303fd71cadd0bcc1585777,train,322602,dev,"Shatter,Glass",http://creativecommons.org/licenses/by/3.0/,unmatched,fsd50k_real_v1
SS-GLA-0055,originals/glass_breaking/SS-GLA-0055.wav,Glass Breaking,FSD50K (Freesound clip 23299),https://freesound.org/s/23299/,CC-BY-3.0,Percy Duke,2026-09-23,13.427,44100,1,unspecified,unspecified,n/a,original,,,,38e6e783f80e1794a08e9a22ac50876e58766f886876f6e005777c0f3d1d81a5,train,23299,eval,"Cutlery_and_silverware,Chink_and_clink,Domestic_sounds_and_home_sounds,Glass",http://creativecommons.org/licenses/by/3.0/,unmatched,fsd50k_real_v1
SS-GLA-0056,originals/glass_breaking/SS-GLA-0056.wav,Glass Breaking,FSD50K (Freesound clip 94202),https://freesound.org/s/94202/,CC-BY-3.0,Peter Lustig,2026-09-23,3.468,44100,1,indoor,unspecified,n/a,original,,,,9b85507f2dc01da4bb9f6c554852aae838e7a6d951366ee427519695c6bcb6c1,test,94202,dev,"Dishes_and_pots_and_pans,Chink_and_clink,Domestic_sounds_and_home_sounds,Glass",http://creativecommons.org/licenses/by/3.0/,stated,fsd50k_real_v1
SS-GLA-0057,originals/glass_breaking/SS-GLA-0057.wav,Glass Breaking,FSD50K (Freesound clip 120527),https://freesound.org/s/120527/,CC0-1.0,PlayPauseAndRewind,2026-09-23,4.168,44100,1,unspecified,unspecified,n/a,original,,,,794d80637b57d432ba4f356fd430581cf0f4735b522ba94618362c8afdc75103,train,120527,dev,"Fill_(with_liquid),Glass,Liquid",http://creativecommons.org/publicdomain/zero/1.0/,unmatched,fsd50k_real_v1
SS-GLA-0058,originals/glass_breaking/SS-GLA-0058.wav,Glass Breaking,FSD50K (Freesound clip 977),https://freesound.org/s/977/,CC-BY-3.0,RHumphries,2026-09-23,1.37,44100,1,indoor,unspecified,n/a,original,,,,ad006a690927e42f5dde329a377c4ee4f091b2eccb48030674add5847fc7c7c2,train,977,eval,"Shatter,Chink_and_clink,Glass",http://creativecommons.org/licenses/by/3.0/,stated,fsd50k_real_v1
SS-GLA-0059,originals/glass_breaking/SS-GLA-0059.wav,Glass Breaking,FSD50K (Freesound clip 216279),https://freesound.org/s/216279/,CC-BY-3.0,RSilveira_88,2026-09-23,2.0,44100,1,unspecified,unspecified,n/a,original,,,,4f9faf2c6ae4a4e0b7c0a66ae4b361b473b71c9b24415fb7a9ea98e7e1d732b6,train,216279,dev,"Shatter,Glass",http://creativecommons.org/licenses/by/3.0/,unmatched,fsd50k_real_v1
SS-GLA-0060,originals/glass_breaking/SS-GLA-0060.wav,Glass Breaking,FSD50K (Freesound clip 260432),https://freesound.org/s/260432/,CC-BY-3.0,RoganDerrick,2026-09-23,0.802,44100,1,outdoor,unspecified,n/a,original,,,,b4556695d10d7662aef75175ae7799c9c1f8a58119aa3370cff03b2bb42fef68,train,260432,dev,"Shatter,Glass",http://creativecommons.org/licenses/by/3.0/,stated,fsd50k_real_v1
SS-GLA-0061,originals/glass_breaking/SS-GLA-0061.wav,Glass Breaking,FSD50K (Freesound clip 401619),https://freesound.org/s/401619/,CC0-1.0,Roxis_Boy,2026-09-23,5.12,44100,1,indoor,unspecified,n/a,original,,,,4e28b25bed7635b39bcad3f729ac76c304accfb0fd28787313576a44356f15ab,train,401619,dev,"Shatter,Glass",http://creativecommons.org/publicdomain/zero/1.0/,stated,fsd50k_real_v1
SS-GLA-0062,originals/glass_breaking/SS-GLA-0062.wav,Glass Breaking,FSD50K (Freesound clip 194657),https://freesound.org/s/194657/,CC-BY-3.0,S. Dedalus,2026-09-23,8.524,44100,1,indoor,unspecified,n/a,original,,,,1dd649e47f4f1ac5f0bc3b4bb376737f7331f81b595df82ba0de84829dabfe93,test,194657,dev,Glass,http://creativecommons.org/licenses/by/3.0/,inferred_from_tags,fsd50k_real_v1
SS-GLA-0063,originals/glass_breaking/SS-GLA-0063.wav,Glass Breaking,FSD50K (Freesound clip 355340),https://freesound.org/s/355340/,CC-BY-3.0,Samgd14,2026-09-23,9.893,44100,1,unspecified,unspecified,n/a,original,,,,fecac7839ab73422016a1732f1615c51be511aa4a2374ac8357a932995b57e0e,train,355340,dev,"Shatter,Glass",http://creativecommons.org/licenses/by/3.0/,unmatched,fsd50k_real_v1
SS-GLA-0064,originals/glass_breaking/SS-GLA-0064.wav,Glass Breaking,FSD50K (Freesound clip 342568),https://freesound.org/s/342568/,CC-BY-3.0,Sllarson,2026-09-23,4.714,44100,1,unspecified,unspecified,n/a,original,,,,1c6cb954e9f2302a4a04158fd670340c312e7b0b5faa3a897e8f512af3430979,train,342568,eval,"Shatter,Explosion,Glass",http://creativecommons.org/licenses/by/3.0/,unmatched,fsd50k_real_v1
SS-GLA-0065,originals/glass_breaking/SS-GLA-0065.wav,Glass Breaking,FSD50K (Freesound clip 179171),https://freesound.org/s/179171/,CC-BY-3.0,Snapper4298,2026-09-23,0.677,44100,1,indoor,unspecified,n/a,original,,,,99ab1989dfda48c2b6c511d023795db160092455afab50031eb392acf8d0cfda,val,179171,dev,Glass,http://creativecommons.org/licenses/by/3.0/,stated,fsd50k_real_v1
SS-GLA-0066,originals/glass_breaking/SS-GLA-0066.wav,Glass Breaking,FSD50K (Freesound clip 275492),https://freesound.org/s/275492/,CC-BY-3.0,SophronsineSoundDesign,2026-09-23,1.483,44100,1,unspecified,unspecified,n/a,original,,,,57c5210398b355dbcfdf7693a8a08f976dcb5d0ceab0d4f5b04945ecfc15ba84,train,275492,dev,Crushing,http://creativecommons.org/licenses/by/3.0/,unmatched,fsd50k_real_v1
SS-GLA-0067,originals/glass_breaking/SS-GLA-0067.wav,Glass Breaking,FSD50K (Freesound clip 109359),https://freesound.org/s/109359/,CC0-1.0,SoundCollectah,2026-09-23,4.594,44100,1,unspecified,unspecified,n/a,original,,,,a8d4c8294953716b828b81171e0feafd9784661d3637c231ed8e7c0e02a1f605,train,109359,dev,Crack,http://creativecommons.org/publicdomain/zero/1.0/,unmatched,fsd50k_real_v1
SS-GLA-0068,originals/glass_breaking/SS-GLA-0068.wav,Glass Breaking,FSD50K (Freesound clip 209979),https://freesound.org/s/209979/,CC0-1.0,Soundscape_Leuphana,2026-09-23,5.944,44100,1,unspecified,unspecified,n/a,original,,,,74f51daa03d52420010b835faf598d948b61538ca7275837a96e2317694b9214,train,209979,eval,"Walk_and_footsteps,Slam,Chink_and_clink,Door,Domestic_sounds_and_home_sounds,Glass",http://creativecommons.org/publicdomain/zero/1.0/,unmatched,fsd50k_real_v1
SS-GLA-0069,originals/glass_breaking/SS-GLA-0069.wav,Glass Breaking,FSD50K (Freesound clip 212633),https://freesound.org/s/212633/,CC-BY-3.0,Taira Komori,2026-09-23,0.355,44100,1,indoor,unspecified,n/a,original,,,,4e1c013d05a3ed599acb92bb92b3ab086595b26f5b6e8fc42e498df00c1e60fd,train,212633,dev,"Dishes_and_pots_and_pans,Glass,Domestic_sounds_and_home_sounds",http://creativecommons.org/licenses/by/3.0/,inferred_from_tags,fsd50k_real_v1
SS-GLA-0070,originals/glass_breaking/SS-GLA-0070.wav,Glass Breaking,FSD50K (Freesound clip 415284),https://freesound.org/s/415284/,CC-BY-3.0,TheScarlettWitch89,2026-09-23,5.271,44100,1,outdoor,unspecified,n/a,original,,,,9c2988dc611dd9b8bc6cdd00ccf361c2d9a5e97de11523d6bc56da1ad675176f,train,415284,dev,"Crack,Wood",http://creativecommons.org/licenses/by/3.0/,stated,fsd50k_real_v1
SS-GLA-0071,originals/glass_breaking/SS-GLA-0071.wav,Glass Breaking,FSD50K (Freesound clip 315646),https://freesound.org/s/315646/,CC-BY-3.0,TheSoundcatcher,2026-09-23,1.837,44100,1,outdoor,unspecified,n/a,original,,,,76501d7af5ea950e3c362236c058b20f35bfcacac23fd01a4a5f53ca9e8c4a54,test,315646,eval,"Shatter,Glass",http://creativecommons.org/licenses/by/3.0/,stated,fsd50k_real_v1
SS-GLA-0072,originals/glass_breaking/SS-GLA-0072.wav,Glass Breaking,FSD50K (Freesound clip 32905),https://freesound.org/s/32905/,CC0-1.0,ToddBradley,2026-09-23,14.971,44100,1,unspecified,unspecified,n/a,original,,,,191537d9a67ce187cca3e3873e7ec1ea428e2521a6188601e245e23b3240fc26,train,32905,dev,"Chink_and_clink,Glass",http://creativecommons.org/publicdomain/zero/1.0/,unmatched,fsd50k_real_v1
SS-GLA-0073,originals/glass_breaking/SS-GLA-0073.wav,Glass Breaking,FSD50K (Freesound clip 96833),https://freesound.org/s/96833/,CC-BY-3.0,Tomlija,2026-09-23,1.218,44100,1,unspecified,unspecified,n/a,original,,,,aa616488a50eaa060970a2cdca1f5aa9a8151b8cfd6d8ab0a2c7f3225fb5ba8b,train,96833,eval,"Chink_and_clink,Glass",http://creativecommons.org/licenses/by/3.0/,unmatched,fsd50k_real_v1
SS-GLA-0074,originals/glass_breaking/SS-GLA-0074.wav,Glass Breaking,FSD50K (Freesound clip 188518),https://freesound.org/s/188518/,CC-BY-3.0,Tritus,2026-09-23,3.519,44100,1,unspecified,unspecified,n/a,original,,,,6573683bafb5d865d8d09c3b3f492f7a45a4554e0a553b7ad64f90e8b3b68091,train,188518,dev,Glass,http://creativecommons.org/licenses/by/3.0/,unmatched,fsd50k_real_v1
SS-GLA-0075,originals/glass_breaking/SS-GLA-0075.wav,Glass Breaking,FSD50K (Freesound clip 362964),https://freesound.org/s/362964/,CC-BY-3.0,XRTdumper,2026-09-23,3.864,44100,1,unspecified,unspecified,n/a,original,,,,7104a26f07d93991d6a7332994418397bafcf0d57cadc9d751302d7bee27ffd8,train,362964,dev,Crack,http://creativecommons.org/licenses/by/3.0/,unmatched,fsd50k_real_v1
SS-GLA-0076,originals/glass_breaking/SS-GLA-0076.wav,Glass Breaking,FSD50K (Freesound clip 406091),https://freesound.org/s/406091/,CC0-1.0,Yin_Yang_Jake007,2026-09-23,5.563,44100,1,unspecified,unspecified,n/a,original,,,,518602f447764dc662a013a8a7f143d93a44422769feb2b7e55af7676d1442ce,train,406091,eval,"Chink_and_clink,Glass",http://creativecommons.org/publicdomain/zero/1.0/,unmatched,fsd50k_real_v1
SS-GLA-0077,originals/glass_breaking/SS-GLA-0077.wav,Glass Breaking,FSD50K (Freesound clip 270515),https://freesound.org/s/270515/,CC-BY-3.0,YleArkisto,2026-09-23,4.887,44100,1,outdoor,unspecified,n/a,original,,,,658c4978ca971ad1bf7d844abeeafeed8457a5cc686d3dd7ee8426e80df8c429,test,270515,dev,"Shatter,Liquid,Glass",http://creativecommons.org/licenses/by/3.0/,inferred_from_tags,fsd50k_real_v1
SS-GLA-0078,originals/glass_breaking/SS-GLA-0078.wav,Glass Breaking,FSD50K (Freesound clip 206144),https://freesound.org/s/206144/,CC0-1.0,ahill86,2026-09-23,7.542,44100,1,outdoor,unspecified,n/a,original,,,,cc8ac056cfda0a3270f912ee1bf2f401b9ce436d45d515825cdbdd6c112361b7,val,206144,eval,"Cutlery_and_silverware,Chink_and_clink,Domestic_sounds_and_home_sounds,Glass",http://creativecommons.org/publicdomain/zero/1.0/,stated,fsd50k_real_v1
SS-GLA-0079,originals/glass_breaking/SS-GLA-0079.wav,Glass Breaking,FSD50K (Freesound clip 238409),https://freesound.org/s/238409/,CC-BY-3.0,amorralteixe,2026-09-23,6.834,44100,1,indoor,unspecified,n/a,original,,,,66d52e3226ff21a4e973b85d85ceb0793c3b9da21d4271960f5b9ef969c7114d,val,238409,dev,"Cutlery_and_silverware,Dishes_and_pots_and_pans,Chink_and_clink,Domestic_sounds_and_home_sounds,Glass",http://creativecommons.org/licenses/by/3.0/,stated,fsd50k_real_v1
SS-GLA-0080,originals/glass_breaking/SS-GLA-0080.wav,Glass Breaking,FSD50K (Freesound clip 379407),https://freesound.org/s/379407/,CC0-1.0,an2netto,2026-09-23,0.592,44100,1,unspecified,unspecified,n/a,original,,,,dc83d0a41539e64e672cc86224aa21d0dda6ddedc0a996af03d841f5778e9eaf,train,379407,dev,"Chink_and_clink,Glass",http://creativecommons.org/publicdomain/zero/1.0/,unmatched,fsd50k_real_v1
SS-GLA-0081,originals/glass_breaking/SS-GLA-0081.wav,Glass Breaking,FSD50K (Freesound clip 94244),https://freesound.org/s/94244/,Sampling+-1.0,anemicrose,2026-09-23,5.068,44100,1,unspecified,unspecified,n/a,original,,,,f2fb0d0fa97cc9d7d1eac548200cb9fe14dd59a3d9c84198eec54bdee94b3ed2,train,94244,dev,Crack,http://creativecommons.org/licenses/sampling+/1.0/,unmatched,fsd50k_real_v1
SS-GLA-0082,originals/glass_breaking/SS-GLA-0082.wav,Glass Breaking,FSD50K (Freesound clip 198385),https://freesound.org/s/198385/,CC0-1.0,ani_music,2026-09-23,3.196,44100,1,unspecified,unspecified,n/a,original,,,,6559ae73790ad199e67e96d000e7dacc4dcb9d93db378751873300382952db2d,train,198385,eval,"Chink_and_clink,Glass",http://creativecommons.org/publicdomain/zero/1.0/,unmatched,fsd50k_real_v1
SS-GLA-0083,originals/glass_breaking/SS-GLA-0083.wav,Glass Breaking,FSD50K (Freesound clip 405646),https://freesound.org/s/405646/,CC0-1.0,apinasaundi,2026-09-23,0.627,44100,1,unspecified,unspecified,n/a,original,,,,5f39cf25d54ad798be12c5d78b6bf04d62547ad7e07d94db973070e3fabc5abc,val,405646,dev,Crushing,http://creativecommons.org/publicdomain/zero/1.0/,unmatched,fsd50k_real_v1
SS-GLA-0084,originals/glass_breaking/SS-GLA-0084.wav,Glass Breaking,FSD50K (Freesound clip 257350),https://freesound.org/s/257350/,CC0-1.0,arseniiv,2026-09-23,6.448,44100,1,unspecified,unspecified,n/a,original,,,,1766a4da65e7b6b907d5990136c2f3d8283322b94c0493cbe990e22683ca5883,train,257350,dev,Glass,http://creativecommons.org/publicdomain/zero/1.0/,unmatched,fsd50k_real_v1
SS-GLA-0085,originals/glass_breaking/SS-GLA-0085.wav,Glass Breaking,FSD50K (Freesound clip 144115),https://freesound.org/s/144115/,CC-BY-3.0,avakas,2026-09-23,3.388,44100,1,unspecified,unspecified,n/a,original,,,,be75e172198e30355245a2940fe2db8451e3f2eb4de921a29483532fa22d4a3f,train,144115,eval,"Shatter,Chink_and_clink,Glass",http://creativecommons.org/licenses/by/3.0/,unmatched,fsd50k_real_v1
SS-GLA-0086,originals/glass_breaking/SS-GLA-0086.wav,Glass Breaking,FSD50K (Freesound clip 114371),https://freesound.org/s/114371/,CC0-1.0,b.ploetzeneder,2026-09-23,3.437,44100,1,unspecified,unspecified,n/a,original,,,,210aafd7ee5eed809b375222b5c9ecdb186f810116627c4095e0107fe47a887c,train,114371,dev,Glass,http://creativecommons.org/publicdomain/zero/1.0/,unmatched,fsd50k_real_v1
SS-GLA-0087,originals/glass_breaking/SS-GLA-0087.wav,Glass Breaking,FSD50K (Freesound clip 387892),https://freesound.org/s/387892/,CC0-1.0,bajko,2026-09-23,4.058,44100,1,unspecified,unspecified,n/a,original,,,,646f483e6036bb888c6c37f6825bb9c58237d2585547f6ad2aa3f9c09813db3d,val,387892,eval,"Crack,Hands",http://creativecommons.org/publicdomain/zero/1.0/,unmatched,fsd50k_real_v1
SS-GLA-0088,originals/glass_breaking/SS-GLA-0088.wav,Glass Breaking,FSD50K (Freesound clip 233715),https://freesound.org/s/233715/,CC0-1.0,beansqueso31,2026-09-23,6.092,44100,1,unspecified,unspecified,n/a,original,,,,ccc6c81518efdb0d4626444064639b393654bbd098f4f1928a6b27f56430ee82,train,233715,dev,"Chink_and_clink,Glass",http://creativecommons.org/publicdomain/zero/1.0/,unmatched,fsd50k_real_v1
SS-GLA-0089,originals/glass_breaking/SS-GLA-0089.wav,Glass Breaking,FSD50K (Freesound clip 316643),https://freesound.org/s/316643/,CC0-1.0,benjaminharveydesign,2026-09-23,15.635,44100,1,unspecified,unspecified,n/a,original,,,,15d8dcc267ae0017112252e2d5e3fdba8c051be0b61fffec0e8e1d9233f95f9f,train,316643,dev,"Chink_and_clink,Glass",http://creativecommons.org/publicdomain/zero/1.0/,unmatched,fsd50k_real_v1
SS-GLA-0090,originals/glass_breaking/SS-GLA-0090.wav,Glass Breaking,FSD50K (Freesound clip 272478),https://freesound.org/s/272478/,CC0-1.0,bolcol,2026-09-23,26.078,44100,1,unspecified,unspecified,n/a,original,,,,0622e8fa2c7601e6b6dcf586150f8d48eef1eec8eee24700fa502b7c22aa8c81,train,272478,dev,"Chink_and_clink,Glass",http://creativecommons.org/publicdomain/zero/1.0/,unmatched,fsd50k_real_v1
SS-GLA-0091,originals/glass_breaking/SS-GLA-0091.wav,Glass Breaking,FSD50K (Freesound clip 198845),https://freesound.org/s/198845/,CC-BY-3.0,bone666138,2026-09-23,14.083,44100,1,vehicle,unspecified,n/a,original,,,,c24d0dbd04b06980dbad05995daabf2f9b6632a134d5863a9b5a71a8bde24353,train,198845,eval,"Engine_starting,Crushing,Car,Thump_and_thud,Motor_vehicle_(road),Vehicle,Engine",http://creativecommons.org/licenses/by/3.0/,inferred_from_tags,fsd50k_real_v1
SS-GLA-0092,originals/glass_breaking/SS-GLA-0092.wav,Glass Breaking,FSD50K (Freesound clip 126877),https://freesound.org/s/126877/,CC-BY-3.0,bulbastre,2026-09-23,2.181,44100,1,unspecified,unspecified,n/a,original,,,,6c19d4dd018ffe74d7b1d03a65388e958b0a53e4d337025a0ab911bd93551414,train,126877,dev,"Shatter,Glass",http://creativecommons.org/licenses/by/3.0/,unmatched,fsd50k_real_v1
SS-GLA-0093,originals/glass_breaking/SS-GLA-0093.wav,Glass Breaking,FSD50K (Freesound clip 352065),https://freesound.org/s/352065/,CC0-1.0,cabled_mess,2026-09-23,0.521,44100,1,unspecified,unspecified,n/a,original,,,,25c5dee4279f2154d7b344e4c49c094e10630c077a967ba32eaace300f8d2455,val,352065,dev,"Chink_and_clink,Glass",http://creativecommons.org/publicdomain/zero/1.0/,unmatched,fsd50k_real_v1
SS-GLA-0094,originals/glass_breaking/SS-GLA-0094.wav,Glass Breaking,FSD50K (Freesound clip 219521),https://freesound.org/s/219521/,CC-BY-3.0,cediez,2026-09-23,8.123,44100,1,unspecified,unspecified,n/a,original,,,,7a018909e673709d133d8bdd62c26ad23b69a9a3f3af972e93819418c07c1794,train,219521,dev,"Crack,Crackle",http://creativecommons.org/licenses/by/3.0/,unmatched,fsd50k_real_v1
SS-GLA-0095,originals/glass_breaking/SS-GLA-0095.wav,Glass Breaking,FSD50K (Freesound clip 71897),https://freesound.org/s/71897/,CC-BY-3.0,cmusounddesign,2026-09-23,2.336,44100,1,unspecified,unspecified,n/a,original,,,,eb3c3704b66f5d794df5eeaf1b9bcaf20d7124c9dd256919fac9466077ad945d,val,71897,dev,"Shatter,Glass",http://creativecommons.org/licenses/by/3.0/,unmatched,fsd50k_real_v1
SS-GLA-0096,originals/glass_breaking/SS-GLA-0096.wav,Glass Breaking,FSD50K (Freesound clip 38542),https://freesound.org/s/38542/,CC0-1.0,cognito perceptu,2026-09-23,0.967,44100,1,unspecified,unspecified,n/a,original,,,,c37f943d5a90c0d4181f676e58db8d5e96a7c93b6823b2212372346bffd9a430,train,38542,eval,"Dishes_and_pots_and_pans,Chink_and_clink,Domestic_sounds_and_home_sounds,Glass",http://creativecommons.org/publicdomain/zero/1.0/,unmatched,fsd50k_real_v1
SS-GLA-0097,originals/glass_breaking/SS-GLA-0097.wav,Glass Breaking,FSD50K (Freesound clip 183450),https://freesound.org/s/183450/,CC0-1.0,corkscr3w,2026-09-23,2.37,44100,1,unspecified,unspecified,n/a,original,,,,83d7490810dbfd84af74812050bf1678b44c664ea219f9c4b5a91ea70e3092f7,val,183450,dev,Crack,http://creativecommons.org/publicdomain/zero/1.0/,unmatched,fsd50k_real_v1
SS-GLA-0098,originals/glass_breaking/SS-GLA-0098.wav,Glass Breaking,FSD50K (Freesound clip 365193),https://freesound.org/s/365193/,CC-BY-3.0,cylon8472,2026-09-23,5.062,44100,1,unspecified,unspecified,n/a,original,,,,2494306de6a792dde27b82a6ae28089a3a2c1e4728737ced999d181a50138e7f,train,365193,dev,"Hammer,Chink_and_clink,Tools,Glass",http://creativecommons.org/licenses/by/3.0/,unmatched,fsd50k_real_v1
SS-GLA-0099,originals/glass_breaking/SS-GLA-0099.wav,Glass Breaking,FSD50K (Freesound clip 360432),https://freesound.org/s/360432/,CC-BY-3.0,davethetech,2026-09-23,0.864,44100,1,unspecified,unspecified,n/a,original,,,,4bddb0a84a953d55801fc04db7f0b473650ec6360aac3468c7933a4826f644a8,train,360432,dev,"Chink_and_clink,Glass",http://creativecommons.org/licenses/by/3.0/,unmatched,fsd50k_real_v1
SS-GLA-0100,originals/glass_breaking/SS-GLA-0100.wav,Glass Breaking,FSD50K (Freesound clip 100733),https://freesound.org/s/100733/,CC-BY-3.0,de-rez,2026-09-23,2.103,44100,1,unspecified,unspecified,n/a,original,,,,dad2386ceaaf54e5d7100b580afc80806086bdb16fcb246595bd68372f0ad193,train,100733,dev,Glass,http://creativecommons.org/licenses/by/3.0/,unmatched,fsd50k_real_v1
SS-GLA-0101,originals/glass_breaking/SS-GLA-0101.wav,Glass Breaking,FSD50K (Freesound clip 245167),https://freesound.org/s/245167/,CC-BY-3.0,deleted_user_4401185,2026-09-23,2.261,44100,1,unspecified,unspecified,n/a,original,,,,266bf54ce5ffe509bc3942af464339a7980c3e783d9c2005c8c07a1ba35f0770,train,245167,dev,"Shatter,Glass",http://creativecommons.org/licenses/by/3.0/,unmatched,fsd50k_real_v1
SS-GLA-0102,originals/glass_breaking/SS-GLA-0102.wav,Glass Breaking,FSD50K (Freesound clip 39241),https://freesound.org/s/39241/,CC-BY-3.0,delphidebrain,2026-09-23,1.0,44100,1,indoor,unspecified,n/a,original,,,,3bb8606c1d665c7031834c3d265a3253d512f63b1bb15e151f4d0853f0180365,train,39241,dev,Glass,http://creativecommons.org/licenses/by/3.0/,stated,fsd50k_real_v1
SS-GLA-0103,originals/glass_breaking/SS-GLA-0103.wav,Glass Breaking,FSD50K (Freesound clip 433647),https://freesound.org/s/433647/,CC-BY-3.0,dersuperanton,2026-09-23,3.007,44100,1,unspecified,unspecified,n/a,original,,,,3458ab513e445de49a4fae6032760a2b22ba2f58d19d4db306b6f1bd77e72b39,train,433647,dev,Crack,http://creativecommons.org/licenses/by/3.0/,unmatched,fsd50k_real_v1
SS-GLA-0104,originals/glass_breaking/SS-GLA-0104.wav,Glass Breaking,FSD50K (Freesound clip 30368),https://freesound.org/s/30368/,CC-BY-3.0,digifishmusic,2026-09-23,10.005,44100,1,outdoor,unspecified,n/a,original,,,,07bdfe73fb065db6e854818c92a7fea81cf974ff9ff94283f2c696267bef0e39,val,30368,dev,"Shatter,Glass",http://creativecommons.org/licenses/by/3.0/,inferred_from_tags,fsd50k_real_v1
SS-GLA-0105,originals/glass_breaking/SS-GLA-0105.wav,Glass Breaking,FSD50K (Freesound clip 15394),https://freesound.org/s/15394/,CC-BY-3.0,dobroide,2026-09-23,6.174,44100,1,indoor,unspecified,n/a,original,,,,2097a4fa9fe238da74f52fae321f255ed117eb75ad6b98dee411e1270bd32cfe,train,15394,dev,Glass,http://creativecommons.org/licenses/by/3.0/,inferred_from_tags,fsd50k_real_v1
SS-GLA-0106,originals/glass_breaking/SS-GLA-0106.wav,Glass Breaking,FSD50K (Freesound clip 171994),https://freesound.org/s/171994/,CC0-1.0,drewkelly,2026-09-23,1.439,44100,1,outdoor,unspecified,n/a,original,,,,cf314697e8b1528ee20ff6c60989bc2991fae58abc2eb3ed240c22867cb8e6fc,val,171994,eval,"Shatter,Glass",http://creativecommons.org/publicdomain/zero/1.0/,stated,fsd50k_real_v1
SS-GLA-0107,originals/glass_breaking/SS-GLA-0107.wav,Glass Breaking,FSD50K (Freesound clip 204031),https://freesound.org/s/204031/,CC-BY-3.0,duckduckpony,2026-09-23,1.069,44100,1,unspecified,unspecified,n/a,original,,,,01e353798c001e7799042e38c73691dc41a3c69b0d7a545979128d94f7cade57,val,204031,dev,Crushing,http://creativecommons.org/licenses/by/3.0/,unmatched,fsd50k_real_v1
SS-GLA-0108,originals/glass_breaking/SS-GLA-0108.wav,Glass Breaking,FSD50K (Freesound clip 214356),https://freesound.org/s/214356/,CC0-1.0,edhutschek,2026-09-23,1.494,44100,1,outdoor,unspecified,n/a,original,,,,3d5a8ca032bfc00c8e2cc6e800fa24996d223630c0ba8e1f69e54ba26b075f5a,test,214356,eval,"Dishes_and_pots_and_pans,Chink_and_clink,Domestic_sounds_and_home_sounds,Glass",http://creativecommons.org/publicdomain/zero/1.0/,stated,fsd50k_real_v1
SS-GLA-0109,originals/glass_breaking/SS-GLA-0109.wav,Glass Breaking,FSD50K (Freesound clip 235496),https://freesound.org/s/235496/,CC0-1.0,ekfink,2026-09-23,2.763,44100,1,unspecified,unspecified,n/a,original,,,,d280a33c1886aec06e7bbbdce048e51f80c0d5dd030be222c9bffc83bafd8bae,val,235496,dev,"Tap,Glass",http://creativecommons.org/publicdomain/zero/1.0/,unmatched,fsd50k_real_v1
SS-GLA-0110,originals/glass_breaking/SS-GLA-0110.wav,Glass Breaking,FSD50K (Freesound clip 62936),https://freesound.org/s/62936/,CC-BY-3.0,elinevera,2026-09-23,2.0,44100,1,unspecified,unspecified,n/a,original,,,,61941be021d99d2c1deab74b8c0d98ca400954f3480fbde213512ca9096928ea,train,62936,dev,Glass,http://creativecommons.org/licenses/by/3.0/,unmatched,fsd50k_real_v1
SS-GLA-0111,originals/glass_breaking/SS-GLA-0111.wav,Glass Breaking,FSD50K (Freesound clip 173557),https://freesound.org/s/173557/,CC0-1.0,gevaroy,2026-09-23,3.783,44100,1,outdoor,unspecified,n/a,original,,,,dcd8a20dce0c37f491c8a5eba685d7d1957e513432c7caefc1c412003ca389c0,train,173557,dev,"Shatter,Glass",http://creativecommons.org/publicdomain/zero/1.0/,inferred_from_tags,fsd50k_real_v1
SS-GLA-0112,originals/glass_breaking/SS-GLA-0112.wav,Glass Breaking,FSD50K (Freesound clip 208658),https://freesound.org/s/208658/,CC-BY-3.0,ginacollecchia,2026-09-23,18.216,44100,1,outdoor,unspecified,n/a,original,,,,917904a79c784ee18a420c19db6a132068ec944aefd5d7ffb49433f827719226,train,208658,dev,"Chink_and_clink,Glass",http://creativecommons.org/licenses/by/3.0/,stated,fsd50k_real_v1
SS-GLA-0113,originals/glass_breaking/SS-GLA-0113.wav,Glass Breaking,FSD50K (Freesound clip 276938),https://freesound.org/s/276938/,CC0-1.0,gladkiy,2026-09-23,5.04,44100,1,unspecified,unspecified,n/a,original,,,,f4baad4cb400921a17ef0ae9e8dd415adfd29cda7259b2db26d7dfbd119d7637,test,276938,dev,"Shatter,Glass",http://creativecommons.org/publicdomain/zero/1.0/,unmatched,fsd50k_real_v1
SS-GLA-0114,originals/glass_breaking/SS-GLA-0114.wav,Glass Breaking,FSD50K (Freesound clip 321283),https://freesound.org/s/321283/,CC0-1.0,goldendiaphragm,2026-09-23,0.917,44100,1,unspecified,unspecified,n/a,original,,,,60019518ff7176d32694317a6c8711331c8c708a245e281fe82d66a210f93eda,train,321283,dev,"Chink_and_clink,Glass",http://creativecommons.org/publicdomain/zero/1.0/,unmatched,fsd50k_real_v1
SS-GLA-0115,originals/glass_breaking/SS-GLA-0115.wav,Glass Breaking,FSD50K (Freesound clip 119460),https://freesound.org/s/119460/,CC0-1.0,ingudios,2026-09-23,1.653,44100,1,unspecified,unspecified,n/a,original,,,,169100cbb4d87cc48f69967679458edab0e11d7dc0255c81235d67e9dfd45767,test,119460,eval,Crushing,http://creativecommons.org/publicdomain/zero/1.0/,unmatched,fsd50k_real_v1
SS-GLA-0116,originals/glass_breaking/SS-GLA-0116.wav,Glass Breaking,FSD50K (Freesound clip 262632),https://freesound.org/s/262632/,CC0-1.0,j_p_higgins,2026-09-23,10.307,44100,1,unspecified,unspecified,n/a,original,,,,e91624980651001d220c1aae099b9c602b4c708a13250b7b1db50f7defa6d9ab,train,262632,dev,Crack,http://creativecommons.org/publicdomain/zero/1.0/,unmatched,fsd50k_real_v1
SS-GLA-0117,originals/glass_breaking/SS-GLA-0117.wav,Glass Breaking,FSD50K (Freesound clip 94788),https://freesound.org/s/94788/,Sampling+-1.0,jbates18,2026-09-23,18.26,44100,1,unspecified,unspecified,n/a,original,,,,3521f73a144ba5ce9c7dbccb0c1ee0917b8b1d84d7c3fa04d9d0cb6ca2e42dbe,train,94788,dev,"Chink_and_clink,Glass",http://creativecommons.org/licenses/sampling+/1.0/,unmatched,fsd50k_real_v1
SS-GLA-0118,originals/glass_breaking/SS-GLA-0118.wav,Glass Breaking,FSD50K (Freesound clip 47804),https://freesound.org/s/47804/,CC-BY-3.0,jcbatz,2026-09-23,3.688,44100,1,unspecified,unspecified,n/a,original,,,,48923479f2d98ed9e6bd65cf3f62658ecaace6bf71dddf3fb1103a042ab50f5f,train,47804,dev,Glass,http://creativecommons.org/licenses/by/3.0/,unmatched,fsd50k_real_v1
SS-GLA-0119,originals/glass_breaking/SS-GLA-0119.wav,Glass Breaking,FSD50K (Freesound clip 176650),https://freesound.org/s/176650/,CC-BY-3.0,jorickhoofd,2026-09-23,27.307,44100,1,outdoor,unspecified,n/a,original,,,,a9fc679fb1e84b4e20cca5da2a8a6207522295c3472967cb52032d18b513a02d,test,176650,dev,Glass,http://creativecommons.org/licenses/by/3.0/,stated,fsd50k_real_v1
SS-GLA-0120,originals/glass_breaking/SS-GLA-0120.wav,Glass Breaking,FSD50K (Freesound clip 378846),https://freesound.org/s/378846/,CC0-1.0,kijjaz,2026-09-23,2.0,44100,1,unspecified,unspecified,n/a,original,,,,30f460f219b0fbca89f3136a0f141301f051cecda5e3d40465c871801840deae,train,378846,dev,"Chink_and_clink,Glass",http://creativecommons.org/publicdomain/zero/1.0/,unmatched,fsd50k_real_v1
SS-GLA-0121,originals/glass_breaking/SS-GLA-0121.wav,Glass Breaking,FSD50K (Freesound clip 214186),https://freesound.org/s/214186/,CC0-1.0,kikuchiyo,2026-09-23,1.089,44100,1,unspecified,unspecified,n/a,original,,,,247f0735d2abd0e55cb4ef49be06677217b39dfdf58b75ba75811fc845f03483,train,214186,dev,"Chink_and_clink,Glass",http://creativecommons.org/publicdomain/zero/1.0/,unmatched,fsd50k_real_v1
SS-GLA-0122,originals/glass_breaking/SS-GLA-0122.wav,Glass Breaking,FSD50K (Freesound clip 194682),https://freesound.org/s/194682/,CC0-1.0,kingsrow,2026-09-23,4.594,44100,1,unspecified,unspecified,n/a,original,,,,519339be7cb2bb568af7d27a628ffae194e459fd1fdf35540a5ab429ba14a5be,train,194682,dev,"Shatter,Glass",http://creativecommons.org/publicdomain/zero/1.0/,unmatched,fsd50k_real_v1
SS-GLA-0123,originals/glass_breaking/SS-GLA-0123.wav,Glass Breaking,FSD50K (Freesound clip 249767),https://freesound.org/s/249767/,CC-BY-3.0,klankbeeld,2026-09-23,6.561,44100,1,indoor,unspecified,n/a,original,,,,1b96b91cf4e6061a6818bf9e3633fcba651eda8ac8932fc1a7d9e1a1402b3124,val,249767,dev,"Crack,Crushing",http://creativecommons.org/licenses/by/3.0/,inferred_from_tags,fsd50k_real_v1
SS-GLA-0124,originals/glass_breaking/SS-GLA-0124.wav,Glass Breaking,FSD50K (Freesound clip 145361),https://freesound.org/s/145361/,CC0-1.0,kleanthism,2026-09-23,0.585,44100,1,unspecified,unspecified,n/a,original,,,,b8726be11bd58e7cbb160abe749789da957b1cd14bb89f33aef2b10821a8e83c,test,145361,eval,Crack,http://creativecommons.org/publicdomain/zero/1.0/,unmatched,fsd50k_real_v1
SS-GLA-0125,originals/glass_breaking/SS-GLA-0125.wav,Glass Breaking,FSD50K (Freesound clip 274751),https://freesound.org/s/274751/,CC-BY-3.0,kwahmah_02,2026-09-23,4.322,44100,1,outdoor,unspecified,n/a,original,,,,1157a83410faebeb74341a5ed425a2c31d8b970b45b1a8f5e021c343c29d4963,train,274751,dev,Glass,http://creativecommons.org/licenses/by/3.0/,stated,fsd50k_real_v1
SS-GLA-0126,originals/glass_breaking/SS-GLA-0126.wav,Glass Breaking,FSD50K (Freesound clip 118796),https://freesound.org/s/118796/,CC0-1.0,lmbubec,2026-09-23,1.557,44100,1,unspecified,unspecified,n/a,original,,,,5fcd83c11c1369a7c9c5a33d8ece567f8f6d0cbc0a4c86f7912fa86690f5ed38,train,118796,eval,"Cutlery_and_silverware,Chink_and_clink,Domestic_sounds_and_home_sounds,Glass",http://creativecommons.org/publicdomain/zero/1.0/,unmatched,fsd50k_real_v1
SS-GLA-0127,originals/glass_breaking/SS-GLA-0127.wav,Glass Breaking,FSD50K (Freesound clip 144175),https://freesound.org/s/144175/,CC0-1.0,lolamadeus,2026-09-23,5.561,44100,1,indoor,unspecified,n/a,original,,,,d3b2d950001094ad530db9180021d0adedf1386639aa1e85b3650e4a290c9398,test,144175,eval,"Fill_(with_liquid),Glass,Liquid",http://creativecommons.org/publicdomain/zero/1.0/,stated,fsd50k_real_v1
SS-GLA-0128,originals/glass_breaking/SS-GLA-0128.wav,Glass Breaking,FSD50K (Freesound clip 88800),https://freesound.org/s/88800/,CC-BY-3.0,lsprice,2026-09-23,1.229,44100,1,unspecified,unspecified,n/a,original,,,,48b574445926665e14ccbf0c58d484386f1568ff60e15d7b8659539dd4e103f5,val,88800,dev,"Shatter,Hammer,Glass,Tools",http://creativecommons.org/licenses/by/3.0/,unmatched,fsd50k_real_v1
SS-GLA-0129,originals/glass_breaking/SS-GLA-0129.wav,Glass Breaking,FSD50K (Freesound clip 162865),https://freesound.org/s/162865/,CC0-1.0,martinimeniscus,2026-09-23,4.338,44100,1,unspecified,unspecified,n/a,original,,,,2e9985c09b22623085741a981bbba9f19f3ee41cfb8566589eb64f195045215c,train,162865,dev,"Tap,Glass",http://creativecommons.org/publicdomain/zero/1.0/,unmatched,fsd50k_real_v1
SS-GLA-0130,originals/glass_breaking/SS-GLA-0130.wav,Glass Breaking,FSD50K (Freesound clip 371091),https://freesound.org/s/371091/,CC0-1.0,mccormick_iain,2026-09-23,1.133,44100,1,unspecified,unspecified,n/a,original,,,,21e9a8c5e2b4cb7b735e3bdf5d599821b85c87d2c13659a42e4a91caf84c823c,train,371091,dev,"Shatter,Glass",http://creativecommons.org/publicdomain/zero/1.0/,unmatched,fsd50k_real_v1
SS-GLA-0131,originals/glass_breaking/SS-GLA-0131.wav,Glass Breaking,FSD50K (Freesound clip 390171),https://freesound.org/s/390171/,CC0-1.0,megashroom,2026-09-23,3.8,44100,1,unspecified,unspecified,n/a,original,,,,355c50aa426897b5af4058dc070ea60f7f606c6ab1dda6076711c66d0f549f31,test,390171,eval,Crushing,http://creativecommons.org/publicdomain/zero/1.0/,unmatched,fsd50k_real_v1
SS-GLA-0132,originals/glass_breaking/SS-GLA-0132.wav,Glass Breaking,FSD50K (Freesound clip 68653),https://freesound.org/s/68653/,CC-BY-3.0,mikaelfernstrom,2026-09-23,2.601,44100,1,unspecified,unspecified,n/a,original,,,,1d4a896628988be220ac5abe0b4f9cab2f8819c39cd429955724fa81711f925b,train,68653,dev,Glass,http://creativecommons.org/licenses/by/3.0/,unmatched,fsd50k_real_v1
SS-GLA-0133,originals/glass_breaking/SS-GLA-0133.wav,Glass Breaking,FSD50K (Freesound clip 340883),https://freesound.org/s/340883/,CC-BY-3.0,passAirmangrace,2026-09-23,0.743,44100,1,unspecified,unspecified,n/a,original,,,,729f70edc838de96c4944954de2a010b4a92102e3243150f670cb8b21b7a22df,train,340883,eval,"Chink_and_clink,Glass",http://creativecommons.org/licenses/by/3.0/,unmatched,fsd50k_real_v1
SS-GLA-0134,originals/glass_breaking/SS-GLA-0134.wav,Glass Breaking,FSD50K (Freesound clip 339637),https://freesound.org/s/339637/,CC0-1.0,prodepha,2026-09-23,7.847,44100,1,unspecified,unspecified,n/a,original,,,,f26c6e77f9de94d2f6445b49e3e88c066f8d62c6b31a7632aea41a1f2bf0600b,train,339637,dev,"Chink_and_clink,Glass",http://creativecommons.org/publicdomain/zero/1.0/,unmatched,fsd50k_real_v1
SS-GLA-0135,originals/glass_breaking/SS-GLA-0135.wav,Glass Breaking,FSD50K (Freesound clip 158140),https://freesound.org/s/158140/,CC0-1.0,qubodup,2026-09-23,3.49,44100,1,outdoor,unspecified,n/a,original,,,,a0c1b5e527504ab918afa742ec71d9f6b7d35d252498564c19b571b45985bd39,train,158140,dev,"Shatter,Glass",http://creativecommons.org/publicdomain/zero/1.0/,stated,fsd50k_real_v1
SS-GLA-0136,originals/glass_breaking/SS-GLA-0136.wav,Glass Breaking,FSD50K (Freesound clip 94680),https://freesound.org/s/94680/,CC-BY-3.0,rfhache,2026-09-23,13.003,44100,1,unspecified,unspecified,n/a,original,,,,874ab439a125e2bcc32df65ab34b350c6eb94f5d17a3e75c5ac8509aae8ac640,train,94680,dev,"Chink_and_clink,Glass",http://creativecommons.org/licenses/by/3.0/,unmatched,fsd50k_real_v1
SS-GLA-0137,originals/glass_breaking/SS-GLA-0137.wav,Glass Breaking,FSD50K (Freesound clip 90956),https://freesound.org/s/90956/,CC-BY-3.0,sandyrb,2026-09-23,0.892,44100,1,unspecified,unspecified,n/a,original,,,,a9c81a57ea266c33c4bfb52cde54a4cb01e234e1273df16bf40c26adb79b4e32,test,90956,dev,"Crack,Crushing",http://creativecommons.org/licenses/by/3.0/,unmatched,fsd50k_real_v1
SS-GLA-0138,originals/glass_breaking/SS-GLA-0138.wav,Glass Breaking,FSD50K (Freesound clip 174747),https://freesound.org/s/174747/,CC0-1.0,sgarrison2127,2026-09-23,2.446,44100,1,unspecified,unspecified,n/a,original,,,,7aa35ed20180ecca13a37780dfa6c56e5c429c8a5456bd47b46cd87d501d7e32,train,174747,dev,"Shatter,Glass",http://creativecommons.org/publicdomain/zero/1.0/,unmatched,fsd50k_real_v1
SS-GLA-0139,originals/glass_breaking/SS-GLA-0139.wav,Glass Breaking,FSD50K (Freesound clip 367819),https://freesound.org/s/367819/,CC0-1.0,shutup_outcast,2026-09-23,16.447,44100,1,unspecified,unspecified,n/a,original,,,,d50e0a06eb08b8a3e6c8678192ae72fc44e61dc155c2e066e98a3e7a2211554c,test,367819,eval,"Male_speech_and_man_speaking,Crack,Hands,Speech,Human_voice",http://creativecommons.org/publicdomain/zero/1.0/,unmatched,fsd50k_real_v1
SS-GLA-0140,originals/glass_breaking/SS-GLA-0140.wav,Glass Breaking,FSD50K (Freesound clip 412383),https://freesound.org/s/412383/,CC-BY-3.0,smokenweewALT,2026-09-23,0.47,44100,1,unspecified,unspecified,n/a,original,,,,04d045483a6e364b42ba14c0c2d8da258db6dc5c74d56452c3f2d5f4b3084578,train,412383,dev,Crushing,http://creativecommons.org/licenses/by/3.0/,unmatched,fsd50k_real_v1
SS-GLA-0141,originals/glass_breaking/SS-GLA-0141.wav,Glass Breaking,FSD50K (Freesound clip 255617),https://freesound.org/s/255617/,CC0-1.0,spectral9,2026-09-23,3.996,44100,1,outdoor,unspecified,n/a,original,,,,df3b0a43aa3895c60c6431363252fbe6c154bc083cc5d38793dff21d6475f158,train,255617,dev,Glass,http://creativecommons.org/publicdomain/zero/1.0/,stated,fsd50k_real_v1
SS-GLA-0142,originals/glass_breaking/SS-GLA-0142.wav,Glass Breaking,FSD50K (Freesound clip 341397),https://freesound.org/s/341397/,CC0-1.0,stebbi30000@gmail.com,2026-09-23,1.389,44100,1,unspecified,unspecified,n/a,original,,,,830dd8d428acba8b67d5cec6c15afd21bb59cc0c8fbce65dcf81634f95603fb5,train,341397,dev,"Coin_(dropping),Glass,Domestic_sounds_and_home_sounds",http://creativecommons.org/publicdomain/zero/1.0/,unmatched,fsd50k_real_v1
SS-GLA-0143,originals/glass_breaking/SS-GLA-0143.wav,Glass Breaking,FSD50K (Freesound clip 33629),https://freesound.org/s/33629/,CC-BY-3.0,themfish,2026-09-23,2.064,44100,1,unspecified,unspecified,n/a,original,,,,ace9d482d77558dddc9b0e4db1afa27751db070c4f82b07b53260da13eb33d05,train,33629,eval,"Shatter,Glass",http://creativecommons.org/licenses/by/3.0/,unmatched,fsd50k_real_v1
SS-GLA-0144,originals/glass_breaking/SS-GLA-0144.wav,Glass Breaking,FSD50K (Freesound clip 60467),https://freesound.org/s/60467/,CC0-1.0,thumpmonk,2026-09-23,0.805,44100,1,unspecified,unspecified,n/a,original,,,,d7e93cc42a44cb8e608fddecf53ca271dc50f643fe81ccd8d8bcf5aed7ee1f81,train,60467,dev,"Dishes_and_pots_and_pans,Chink_and_clink,Domestic_sounds_and_home_sounds,Glass",http://creativecommons.org/publicdomain/zero/1.0/,unmatched,fsd50k_real_v1
SS-GLA-0145,originals/glass_breaking/SS-GLA-0145.wav,Glass Breaking,FSD50K (Freesound clip 406716),https://freesound.org/s/406716/,CC0-1.0,tlcolbe,2026-09-23,1.867,44100,1,indoor,unspecified,n/a,original,,,,942a7a85c66cdafa157088b9201a959d36e2020c5c03ecf6cfbe0b3a02298636,val,406716,dev,"Chink_and_clink,Glass",http://creativecommons.org/publicdomain/zero/1.0/,stated,fsd50k_real_v1
SS-GLA-0146,originals/glass_breaking/SS-GLA-0146.wav,Glass Breaking,FSD50K (Freesound clip 221528),https://freesound.org/s/221528/,CC-BY-3.0,unfa,2026-09-23,1.905,44100,1,outdoor,unspecified,n/a,original,,,,f817df24d9fa3211c88c69851adfea0ebd956693da31449abbe9b99a0af64c69,train,221528,dev,"Shatter,Glass",http://creativecommons.org/licenses/by/3.0/,inferred_from_tags,fsd50k_real_v1
SS-GLA-0147,originals/glass_breaking/SS-GLA-0147.wav,Glass Breaking,FSD50K (Freesound clip 135699),https://freesound.org/s/135699/,CC0-1.0,univ_lyon3,2026-09-23,6.0,44100,1,outdoor,unspecified,n/a,original,,,,4d0953cfd8ea4d5af0aeaaf6ff9a9408bc889aaff34faf8ba4c606585ba417e5,train,135699,dev,Glass,http://creativecommons.org/publicdomain/zero/1.0/,stated,fsd50k_real_v1
SS-GLA-0148,originals/glass_breaking/SS-GLA-0148.wav,Glass Breaking,FSD50K (Freesound clip 188393),https://freesound.org/s/188393/,CC0-1.0,wjoojoo,2026-09-23,4.255,44100,1,unspecified,unspecified,n/a,original,,,,4a899b4c09c8381e9667fd2b27b0a651c66370e035797d64d4da8b19cf51acd9,train,188393,dev,Crushing,http://creativecommons.org/publicdomain/zero/1.0/,unmatched,fsd50k_real_v1
SS-GLA-0149,originals/glass_breaking/SS-GLA-0149.wav,Glass Breaking,FSD50K (Freesound clip 244481),https://freesound.org/s/244481/,CC-BY-3.0,zimbot,2026-09-23,5.984,44100,1,unspecified,unspecified,n/a,original,,,,948eaf2240aca8e47324321d604f135d1947ddf4f82f64333d9f219ba3559388,train,244481,dev,Crushing,http://creativecommons.org/licenses/by/3.0/,unmatched,fsd50k_real_v1
SS-GLA-0150,originals/glass_breaking/SS-GLA-0150.wav,Glass Breaking,FSD50K (Freesound clip 319806),https://freesound.org/s/319806/,CC0-1.0,zmobie,2026-09-23,0.431,44100,1,unspecified,unspecified,n/a,original,,,,01c3caa54e94e0e03ddd5270671a0f5a34723f8d85d9bc641584fec0622c83d1,train,319806,dev,"Keys_jangling,Glass,Domestic_sounds_and_home_sounds",http://creativecommons.org/publicdomain/zero/1.0/,unmatched,fsd50k_real_v1
SS-GUN-0001,originals/gunshot/SS-GUN-0001.wav,Gunshot,FSD50K (Freesound clip 186049),https://freesound.org/s/186049/,CC-BY-3.0,18hiltc,2026-09-23,9.757,44100,1,indoor,unspecified,n/a,original,,,,1120023aa2833d92a3f7586a7fb58d57b7f726b4963417711972e788c2f124ad,test,186049,dev,"Glass,Gunshot_and_gunfire,Explosion",http://creativecommons.org/licenses/by/3.0/,stated,fsd50k_real_v1
SS-GUN-0002,originals/gunshot/SS-GUN-0002.wav,Gunshot,FSD50K (Freesound clip 171475),https://freesound.org/s/171475/,CC-BY-3.0,2887679652,2026-09-23,12.085,44100,1,outdoor,unspecified,n/a,original,,,,38cab32080f64b205a3aab60d842152e42a58fd6ffaa666e42b7141aa84ee845,train,171475,dev,"Gunshot_and_gunfire,Explosion",http://creativecommons.org/licenses/by/3.0/,stated,fsd50k_real_v1
SS-GUN-0003,originals/gunshot/SS-GUN-0003.wav,Gunshot,FSD50K (Freesound clip 329716),https://freesound.org/s/329716/,CC0-1.0,812402,2026-09-23,2.601,44100,1,unspecified,unspecified,n/a,original,,,,9ddd35ad74e961d5c216057c489fc40bb425442d73849b3fd2d4df7721d66ae5,train,329716,dev,"Gunshot_and_gunfire,Explosion",http://creativecommons.org/publicdomain/zero/1.0/,unmatched,fsd50k_real_v1
SS-GUN-0004,originals/gunshot/SS-GUN-0004.wav,Gunshot,FSD50K (Freesound clip 318973),https://freesound.org/s/318973/,CC0-1.0,AbuNijmeh,2026-09-23,1.288,44100,1,studio,unspecified,n/a,original,,,,f8fe70ada4b6e01e0b81f2cf40606b263fb2f7e8f85ba32f0b0a8eea34060208,val,318973,eval,"Gunshot_and_gunfire,Explosion",http://creativecommons.org/publicdomain/zero/1.0/,stated,fsd50k_real_v1
SS-GUN-0005,originals/gunshot/SS-GUN-0005.wav,Gunshot,FSD50K (Freesound clip 164646),https://freesound.org/s/164646/,CC0-1.0,Adam_N,2026-09-23,1.018,44100,1,unspecified,unspecified,n/a,original,,,,ba6a8260714de813cab747b156aa122635eb757db70291419c7d3389878e94ac,train,164646,dev,"Gunshot_and_gunfire,Explosion",http://creativecommons.org/publicdomain/zero/1.0/,unmatched,fsd50k_real_v1
SS-GUN-0006,originals/gunshot/SS-GUN-0006.wav,Gunshot,FSD50K (Freesound clip 345844),https://freesound.org/s/345844/,CC-BY-3.0,Aegersum,2026-09-23,5.921,44100,1,unspecified,unspecified,n/a,original,,,,349e39e00b71d09eea350e6618634de44623f259710bccf6d481c2b387fc602d,train,345844,dev,"Gunshot_and_gunfire,Explosion",http://creativecommons.org/licenses/by/3.0/,unmatched,fsd50k_real_v1
SS-GUN-0007,originals/gunshot/SS-GUN-0007.wav,Gunshot,FSD50K (Freesound clip 191289),https://freesound.org/s/191289/,CC0-1.0,Alxy,2026-09-23,1.531,44100,1,unspecified,unspecified,n/a,original,,,,c8796e731e7bac21814ba1abc77dcab1a6b2d05a7b2fb2f9a1d4982dcc7e3f2b,val,191289,eval,"Gunshot_and_gunfire,Explosion",http://creativecommons.org/publicdomain/zero/1.0/,unmatched,fsd50k_real_v1
SS-GUN-0008,originals/gunshot/SS-GUN-0008.wav,Gunshot,FSD50K (Freesound clip 159703),https://freesound.org/s/159703/,CC0-1.0,AnthonyChan0,2026-09-23,1.872,44100,1,outdoor,unspecified,n/a,original,,,,6660c5b2eef9a5d261d9809bc998efc17108c01a5cc8ef2e2aafe77c82efcbb0,val,159703,dev,"Gunshot_and_gunfire,Explosion",http://creativecommons.org/publicdomain/zero/1.0/,stated,fsd50k_real_v1
SS-GUN-0009,originals/gunshot/SS-GUN-0009.wav,Gunshot,FSD50K (Freesound clip 231245),https://freesound.org/s/231245/,CC0-1.0,AugustSandberg,2026-09-23,10.182,44100,1,indoor,unspecified,n/a,original,,,,b95a7beb2ee130c3b632341d9410ca0556f8735d5e8402567eff042806a04a15,train,231245,dev,"Gunshot_and_gunfire,Explosion",http://creativecommons.org/publicdomain/zero/1.0/,stated,fsd50k_real_v1
SS-GUN-0010,originals/gunshot/SS-GUN-0010.wav,Gunshot,FSD50K (Freesound clip 275151),https://freesound.org/s/275151/,CC0-1.0,Bird_man,2026-09-23,0.383,44100,1,unspecified,unspecified,n/a,original,,,,44a8b52e8dca1338260de243b8f897d4c6e7a340d2973ca64e1c9f4459c281b4,train,275151,eval,"Gunshot_and_gunfire,Explosion",http://creativecommons.org/publicdomain/zero/1.0/,unmatched,fsd50k_real_v1
SS-GUN-0011,originals/gunshot/SS-GUN-0011.wav,Gunshot,FSD50K (Freesound clip 368805),https://freesound.org/s/368805/,CC0-1.0,BlacklightKabuki,2026-09-23,3.268,44100,1,outdoor,unspecified,n/a,original,,,,56f0530a9da15841adc2d38fd392a5301bde36de0906dd5ab42c2a9e60b9322e,train,368805,dev,"Gunshot_and_gunfire,Explosion",http://creativecommons.org/publicdomain/zero/1.0/,stated,fsd50k_real_v1
SS-GUN-0012,originals/gunshot/SS-GUN-0012.wav,Gunshot,FSD50K (Freesound clip 344142),https://freesound.org/s/344142/,CC0-1.0,Brokenphono,2026-09-23,0.569,44100,1,indoor,unspecified,n/a,original,,,,e79591a2b0b3dbe0af7026ef698e57bce2175b07b801a9934d8d1e41e165fe85,train,344142,eval,"Gunshot_and_gunfire,Explosion",http://creativecommons.org/publicdomain/zero/1.0/,stated,fsd50k_real_v1
SS-GUN-0013,originals/gunshot/SS-GUN-0013.wav,Gunshot,FSD50K (Freesound clip 96630),https://freesound.org/s/96630/,CC-BY-3.0,CGEffex,2026-09-23,1.461,44100,1,unspecified,unspecified,n/a,original,,,,b95e2ebec2f50885af9fc31397dc32bd6b1229089117ea6bb57c3c82d6396392,train,96630,dev,"Gunshot_and_gunfire,Explosion",http://creativecommons.org/licenses/by/3.0/,unmatched,fsd50k_real_v1
SS-GUN-0014,originals/gunshot/SS-GUN-0014.wav,Gunshot,FSD50K (Freesound clip 196400),https://freesound.org/s/196400/,CC0-1.0,Callum_Sharp279,2026-09-23,3.394,44100,1,unspecified,unspecified,n/a,original,,,,2f0390ad0b438f8703f8ce4746fb56eced2f3de805698b7a56afd4517ff8fbfb,train,196400,eval,"Gunshot_and_gunfire,Explosion",http://creativecommons.org/publicdomain/zero/1.0/,unmatched,fsd50k_real_v1
SS-GUN-0015,originals/gunshot/SS-GUN-0015.wav,Gunshot,FSD50K (Freesound clip 255216),https://freesound.org/s/255216/,CC-BY-3.0,Carmelomike,2026-09-23,4.6,44100,1,unspecified,unspecified,n/a,original,,,,d967061edff6270cec51114abb5a61ee87ec1bb1c1321faefd3e1609add65a4f,train,255216,dev,"Gunshot_and_gunfire,Explosion",http://creativecommons.org/licenses/by/3.0/,unmatched,fsd50k_real_v1
SS-GUN-0016,originals/gunshot/SS-GUN-0016.wav,Gunshot,FSD50K (Freesound clip 387477),https://freesound.org/s/387477/,CC-BY-3.0,CosmicEmbers,2026-09-23,2.996,44100,1,unspecified,unspecified,n/a,original,,,,299d4a01fa818ad339bfd224558180dd7fd7e2b4a6c7252fcf7e9a5a3321c0cb,train,387477,dev,"Gunshot_and_gunfire,Explosion",http://creativecommons.org/licenses/by/3.0/,unmatched,fsd50k_real_v1
SS-GUN-0017,originals/gunshot/SS-GUN-0017.wav,Gunshot,FSD50K (Freesound clip 127846),https://freesound.org/s/127846/,CC0-1.0,Cyberkineticfilms,2026-09-23,7.537,44100,1,unspecified,unspecified,n/a,original,,,,529f7862233915bab90e4543228187e489c56ccba2b2ee18facdaaf8b5a41e61,train,127846,dev,"Gunshot_and_gunfire,Explosion",http://creativecommons.org/publicdomain/zero/1.0/,unmatched,fsd50k_real_v1
SS-GUN-0018,originals/gunshot/SS-GUN-0018.wav,Gunshot,FSD50K (Freesound clip 325157),https://freesound.org/s/325157/,CC0-1.0,DLTBGYD,2026-09-23,3.579,44100,1,indoor,unspecified,n/a,original,,,,1f1a7e4fea49167b9fa23451a6b5c609bfe48deb560679e51aefa2e12656deda,train,325157,eval,"Gunshot_and_gunfire,Explosion",http://creativecommons.org/publicdomain/zero/1.0/,stated,fsd50k_real_v1
SS-GUN-0019,originals/gunshot/SS-GUN-0019.wav,Gunshot,FSD50K (Freesound clip 348663),https://freesound.org/s/348663/,CC-BY-3.0,Deganoth,2026-09-23,1.78,44100,1,studio,unspecified,n/a,original,,,,b3975b68365c36ab647b003b12fe83f35a96915f7caac67c84ad5718220df2a9,val,348663,dev,"Gunshot_and_gunfire,Explosion",http://creativecommons.org/licenses/by/3.0/,stated,fsd50k_real_v1
SS-GUN-0020,originals/gunshot/SS-GUN-0020.wav,Gunshot,FSD50K (Freesound clip 90966),https://freesound.org/s/90966/,CC0-1.0,Department64,2026-09-23,0.492,44100,1,indoor,unspecified,n/a,original,,,,658c7b0bf3c1dc6da0750c5046e94d1ac22a95f8916d1a1b94389ee036b50bb2,train,90966,dev,"Gunshot_and_gunfire,Explosion",http://creativecommons.org/publicdomain/zero/1.0/,stated,fsd50k_real_v1
SS-GUN-0021,originals/gunshot/SS-GUN-0021.wav,Gunshot,FSD50K (Freesound clip 150305),https://freesound.org/s/150305/,CC0-1.0,Dragout,2026-09-23,15.233,44100,1,unspecified,unspecified,n/a,original,,,,f9a5ffd072944b5b72eb6861045c2dfe9fa7455dfc7d022911138a9e50c1c8a5,train,150305,eval,"Gunshot_and_gunfire,Explosion",http://creativecommons.org/publicdomain/zero/1.0/,unmatched,fsd50k_real_v1
SS-GUN-0022,originals/gunshot/SS-GUN-0022.wav,Gunshot,FSD50K (Freesound clip 410260),https://freesound.org/s/410260/,CC-BY-3.0,DrinkingWindGames,2026-09-23,2.473,44100,1,outdoor,unspecified,n/a,original,,,,cd17d071fb95b5c49174bf01c4ea0d10f7b032611d475aec77d0f6387827f6d8,train,410260,dev,"Gunshot_and_gunfire,Explosion",http://creativecommons.org/licenses/by/3.0/,stated,fsd50k_real_v1
SS-GUN-0023,originals/gunshot/SS-GUN-0023.wav,Gunshot,FSD50K (Freesound clip 370219),https://freesound.org/s/370219/,CC-BY-3.0,EFlexTheSoundDesigner,2026-09-23,2.933,44100,1,outdoor,unspecified,n/a,original,,,,3f23f20420100dd0ebf74df68f4690aceb506fef003dfac091799db6419c9cec,val,370219,eval,"Gunshot_and_gunfire,Boom,Explosion",http://creativecommons.org/licenses/by/3.0/,inferred_from_tags,fsd50k_real_v1
SS-GUN-0024,originals/gunshot/SS-GUN-0024.wav,Gunshot,FSD50K (Freesound clip 201667),https://freesound.org/s/201667/,CC0-1.0,Frankie01234,2026-09-23,2.794,44100,1,studio,unspecified,n/a,original,,,,324cc548b4d3ce6c33c41a9e3b24ce147dc686066acfc33007fffb98e263f400,train,201667,dev,"Gunshot_and_gunfire,Explosion",http://creativecommons.org/publicdomain/zero/1.0/,stated,fsd50k_real_v1
SS-GUN-0025,originals/gunshot/SS-GUN-0025.wav,Gunshot,FSD50K (Freesound clip 68036),https://freesound.org/s/68036/,CC0-1.0,Ghostex,2026-09-23,5.602,44100,1,unspecified,unspecified,n/a,original,,,,f6c3d2602ca6b4ad2353d61abc6d26fd3d45c937d3580d9d35820b41a2d50ba8,train,68036,eval,"Gunshot_and_gunfire,Explosion",http://creativecommons.org/publicdomain/zero/1.0/,unmatched,fsd50k_real_v1
SS-GUN-0026,originals/gunshot/SS-GUN-0026.wav,Gunshot,FSD50K (Freesound clip 413105),https://freesound.org/s/413105/,CC-BY-3.0,GokhanBiyik,2026-09-23,0.538,44100,1,unspecified,unspecified,n/a,original,,,,1f092be4b4c187f81fe05f2c6684687eff16c981f936fcc75c3119671553a6d0,test,413105,dev,"Gunshot_and_gunfire,Explosion",http://creativecommons.org/licenses/by/3.0/,unmatched,fsd50k_real_v1
SS-GUN-0027,originals/gunshot/SS-GUN-0027.wav,Gunshot,FSD50K (Freesound clip 396274),https://freesound.org/s/396274/,CC0-1.0,GreenFireSound,2026-09-23,2.561,44100,1,studio,unspecified,n/a,original,,,,c2c905767c324506ad510a42903b6577863fba037f870195839c251ed6b6dc90,train,396274,dev,"Gunshot_and_gunfire,Explosion",http://creativecommons.org/publicdomain/zero/1.0/,stated,fsd50k_real_v1
SS-GUN-0028,originals/gunshot/SS-GUN-0028.wav,Gunshot,FSD50K (Freesound clip 150139),https://freesound.org/s/150139/,CC-BY-3.0,GregsMedia,2026-09-23,2.117,44100,1,unspecified,unspecified,n/a,original,,,,483a5e00e438e1f22636c71d84dec95946450f41f26968afc7166d1ee9a2fef6,train,150139,dev,"Gunshot_and_gunfire,Explosion",http://creativecommons.org/licenses/by/3.0/,unmatched,fsd50k_real_v1
SS-GUN-0029,originals/gunshot/SS-GUN-0029.wav,Gunshot,FSD50K (Freesound clip 368456),https://freesound.org/s/368456/,CC0-1.0,Gutek,2026-09-23,15.209,44100,1,unspecified,unspecified,n/a,original,,,,cec2539a245e0773f637915abe3c27a4e91e5bb51395476cec93acb0224e8fa0,val,368456,eval,"Male_speech_and_man_speaking,Gunshot_and_gunfire,Shout,Speech,Human_voice,Explosion",http://creativecommons.org/publicdomain/zero/1.0/,unmatched,fsd50k_real_v1
SS-GUN-0030,originals/gunshot/SS-GUN-0030.wav,Gunshot,FSD50K (Freesound clip 151620),https://freesound.org/s/151620/,CC0-1.0,Hamp999,2026-09-23,5.278,44100,1,outdoor,unspecified,n/a,original,,,,71719f4de03b382c95b754ee3c36e93e045717d0cadc4b9b67eea534b4bf08d7,test,151620,eval,"Gunshot_and_gunfire,Explosion",http://creativecommons.org/publicdomain/zero/1.0/,inferred_from_tags,fsd50k_real_v1
SS-GUN-0031,originals/gunshot/SS-GUN-0031.wav,Gunshot,FSD50K (Freesound clip 30185),https://freesound.org/s/30185/,CC-BY-3.0,HerbertBoland,2026-09-23,6.484,44100,1,outdoor,unspecified,n/a,original,,,,d17bbe4942ccbc450ec5f17959c23097e1c9e7dcf02d05f9f564b171714d6aec,train,30185,dev,"Gunshot_and_gunfire,Explosion",http://creativecommons.org/licenses/by/3.0/,inferred_from_tags,fsd50k_real_v1
SS-GUN-0032,originals/gunshot/SS-GUN-0032.wav,Gunshot,FSD50K (Freesound clip 151555),https://freesound.org/s/151555/,CC0-1.0,HolyMatt123,2026-09-23,15.282,44100,1,unspecified,unspecified,n/a,original,,,,5c12ed0f248c54f4d22b67f64265ae3a3dfdfc3b93cf847eed23d93f7e60cf1b,val,151555,eval,"Gunshot_and_gunfire,Explosion",http://creativecommons.org/publicdomain/zero/1.0/,unmatched,fsd50k_real_v1
SS-GUN-0033,originals/gunshot/SS-GUN-0033.wav,Gunshot,FSD50K (Freesound clip 198952),https://freesound.org/s/198952/,CC-BY-3.0,IlDucci,2026-09-23,24.826,44100,1,indoor,unspecified,n/a,original,,,,fb7b96ca4ed26ce94d7eb3dca95d0d49307d7957252695cef5312721a1804d16,train,198952,dev,"Gunshot_and_gunfire,Explosion",http://creativecommons.org/licenses/by/3.0/,stated,fsd50k_real_v1
SS-GUN-0034,originals/gunshot/SS-GUN-0034.wav,Gunshot,FSD50K (Freesound clip 184651),https://freesound.org/s/184651/,CC0-1.0,Isaac200000,2026-09-23,1.391,44100,1,outdoor,unspecified,n/a,original,,,,77f91401b56ca5c292a5ea1da9d9be89dd985cc44b39fb431396b823c5dc03b9,val,184651,dev,"Gunshot_and_gunfire,Explosion",http://creativecommons.org/publicdomain/zero/1.0/,stated,fsd50k_real_v1
SS-GUN-0035,originals/gunshot/SS-GUN-0035.wav,Gunshot,FSD50K (Freesound clip 221640),https://freesound.org/s/221640/,CC0-1.0,Jakesapp23,2026-09-23,2.731,44100,1,unspecified,unspecified,n/a,original,,,,1a81e208e4e373b35863caf6b91b766d85666766ff5553fd4505d4ff07ca8f59,train,221640,dev,"Gunshot_and_gunfire,Explosion",http://creativecommons.org/publicdomain/zero/1.0/,unmatched,fsd50k_real_v1
SS-GUN-0036,originals/gunshot/SS-GUN-0036.wav,Gunshot,FSD50K (Freesound clip 220130),https://freesound.org/s/220130/,CC-BY-3.0,JarAxe,2026-09-23,6.522,44100,1,unspecified,unspecified,n/a,original,,,,2de2ecf92b9c32c62aa5ddcf113b586fbd370a50b70b298f255a2aa5bc652dd5,train,220130,dev,"Gunshot_and_gunfire,Explosion",http://creativecommons.org/licenses/by/3.0/,unmatched,fsd50k_real_v1
SS-GUN-0037,originals/gunshot/SS-GUN-0037.wav,Gunshot,FSD50K (Freesound clip 369525),https://freesound.org/s/369525/,CC-BY-3.0,JohanDeecke,2026-09-23,0.344,44100,1,studio,unspecified,n/a,original,,,,a1d7888a1b0f2d96dd78370a5071720649eed2c5bfabc2bd594b661e3fe67e46,train,369525,dev,"Tap,Clapping,Gunshot_and_gunfire,Explosion,Hands",http://creativecommons.org/licenses/by/3.0/,stated,fsd50k_real_v1
SS-GUN-0038,originals/gunshot/SS-GUN-0038.wav,Gunshot,FSD50K (Freesound clip 34708),https://freesound.org/s/34708/,CC0-1.0,Jon285,2026-09-23,21.973,44100,1,unspecified,unspecified,n/a,original,,,,b26f18843ca6e7be1ad7071fff985a0c24475e6963b8680f48e61a37b52243c8,train,34708,dev,"Gunshot_and_gunfire,Explosion",http://creativecommons.org/publicdomain/zero/1.0/,unmatched,fsd50k_real_v1
SS-GUN-0039,originals/gunshot/SS-GUN-0039.wav,Gunshot,FSD50K (Freesound clip 133797),https://freesound.org/s/133797/,CC-BY-3.0,Julien Nicolas,2026-09-23,16.555,44100,1,unspecified,unspecified,n/a,original,,,,aba58ab1207370c572b56354e58f344ee1cdb60ce6cc05c527e63ca16432de59,train,133797,eval,"Rattle,Gunshot_and_gunfire,Explosion",http://creativecommons.org/licenses/by/3.0/,unmatched,fsd50k_real_v1
SS-GUN-0040,originals/gunshot/SS-GUN-0040.wav,Gunshot,FSD50K (Freesound clip 146323),https://freesound.org/s/146323/,CC-BY-3.0,KakarottoPrime,2026-09-23,2.32,44100,1,unspecified,unspecified,n/a,original,,,,4efe4d5f741d6d04a5116bb709b67ae1f2eab1f212a635de4634307e395a8cec,train,146323,dev,"Gunshot_and_gunfire,Explosion",http://creativecommons.org/licenses/by/3.0/,unmatched,fsd50k_real_v1
SS-GUN-0041,originals/gunshot/SS-GUN-0041.wav,Gunshot,FSD50K (Freesound clip 162455),https://freesound.org/s/162455/,CC0-1.0,Kastenfrosch,2026-09-23,2.775,44100,1,unspecified,unspecified,n/a,original,,,,8289a4994ed76ace6e07548fdb3ef0958cb508544e16bc50ed18c9aff9f38ae1,val,162455,dev,"Gunshot_and_gunfire,Explosion",http://creativecommons.org/publicdomain/zero/1.0/,unmatched,fsd50k_real_v1
SS-GUN-0042,originals/gunshot/SS-GUN-0042.wav,Gunshot,FSD50K (Freesound clip 160590),https://freesound.org/s/160590/,CC0-1.0,Keatonmcq,2026-09-23,0.501,44100,1,unspecified,unspecified,n/a,original,,,,b8b005f0e7555d28157f8b0368115ed094c36c41488538950e7bf27a2c86fe9e,test,160590,dev,"Gunshot_and_gunfire,Explosion",http://creativecommons.org/publicdomain/zero/1.0/,unmatched,fsd50k_real_v1
SS-GUN-0043,originals/gunshot/SS-GUN-0043.wav,Gunshot,FSD50K (Freesound clip 180961),https://freesound.org/s/180961/,CC-BY-3.0,Kleeb,2026-09-23,2.6,44100,1,outdoor,unspecified,n/a,original,,,,b82986bfbaa4000445fb5171f89db67e2529a88d5774380b840d3283d7605b4d,train,180961,dev,"Gunshot_and_gunfire,Explosion",http://creativecommons.org/licenses/by/3.0/,stated,fsd50k_real_v1
SS-GUN-0044,originals/gunshot/SS-GUN-0044.wav,Gunshot,FSD50K (Freesound clip 253734),https://freesound.org/s/253734/,CC0-1.0,Kodack,2026-09-23,4.0,44100,1,outdoor,unspecified,n/a,original,,,,bdf572b317803629ffe29722f84c0d2b7dcb2217a631946f477c20f02a639c9c,val,253734,dev,"Gunshot_and_gunfire,Explosion",http://creativecommons.org/publicdomain/zero/1.0/,stated,fsd50k_real_v1
SS-GUN-0045,originals/gunshot/SS-GUN-0045.wav,Gunshot,FSD50K (Freesound clip 67020),https://freesound.org/s/67020/,CC-BY-3.0,LS,2026-09-23,0.598,44100,1,unspecified,unspecified,n/a,original,,,,43a1a2e2e3e32a4bf5a5c951d2adf417208c62ca4f0cb85a168c99b754c5c823,train,67020,eval,"Gunshot_and_gunfire,Explosion",http://creativecommons.org/licenses/by/3.0/,unmatched,fsd50k_real_v1
SS-GUN-0046,originals/gunshot/SS-GUN-0046.wav,Gunshot,FSD50K (Freesound clip 163455),https://freesound.org/s/163455/,CC0-1.0,LeMudCrab,2026-09-23,0.692,44100,1,unspecified,unspecified,n/a,original,,,,5ac190890e271e661a187bbd4f34e3526f62b4a726a567bc09dca678266c80c8,train,163455,dev,"Gunshot_and_gunfire,Explosion",http://creativecommons.org/publicdomain/zero/1.0/,unmatched,fsd50k_real_v1
SS-GUN-0047,originals/gunshot/SS-GUN-0047.wav,Gunshot,FSD50K (Freesound clip 338046),https://freesound.org/s/338046/,CC-BY-3.0,Lubini,2026-09-23,7.726,44100,1,outdoor,unspecified,n/a,original,,,,65388b94ecad84c2c4a7fe922b5afefa72f53da5b8a383f58477c0f48ac475e7,test,338046,eval,"Gunshot_and_gunfire,Explosion",http://creativecommons.org/licenses/by/3.0/,stated,fsd50k_real_v1
SS-GUN-0048,originals/gunshot/SS-GUN-0048.wav,Gunshot,FSD50K (Freesound clip 266105),https://freesound.org/s/266105/,CC0-1.0,Marregheriti,2026-09-23,1.173,44100,1,unspecified,unspecified,n/a,original,,,,967b47fb33aae4771d527cd1808b8a139b314f606d9d7ccf2b85f9716299f682,train,266105,dev,"Gunshot_and_gunfire,Explosion",http://creativecommons.org/publicdomain/zero/1.0/,unmatched,fsd50k_real_v1
SS-GUN-0049,originals/gunshot/SS-GUN-0049.wav,Gunshot,FSD50K (Freesound clip 30749),https://freesound.org/s/30749/,Sampling+-1.0,Matt_G,2026-09-23,12.757,44100,1,outdoor,unspecified,n/a,original,,,,d37f7e8624d3bcacebe2c1efbef8c8488e36d4245b499e1ffa7f2315c95c25d6,train,30749,eval,"Gunshot_and_gunfire,Explosion",http://creativecommons.org/licenses/sampling+/1.0/,stated,fsd50k_real_v1
SS-GUN-0050,originals/gunshot/SS-GUN-0050.wav,Gunshot,FSD50K (Freesound clip 387336),https://freesound.org/s/387336/,CC-BY-3.0,Mattix,2026-09-23,1.097,44100,1,indoor,unspecified,n/a,original,,,,3f21de2e11db3b0f958394c3c7f37e8c8c57ab6d735f028bd3934610a2d23c69,test,387336,dev,"Gunshot_and_gunfire,Explosion",http://creativecommons.org/licenses/by/3.0/,stated,fsd50k_real_v1
SS-GUN-0051,originals/gunshot/SS-GUN-0051.wav,Gunshot,FSD50K (Freesound clip 349217),https://freesound.org/s/349217/,CC-BY-3.0,Mattix145,2026-09-23,0.957,44100,1,outdoor,unspecified,n/a,original,,,,cc6937a6678da09d5243a97e97ddcc28ca81c57fc11c774c084b3f1a53d30bf7,test,349217,dev,"Gunshot_and_gunfire,Explosion",http://creativecommons.org/licenses/by/3.0/,stated,fsd50k_real_v1
SS-GUN-0052,originals/gunshot/SS-GUN-0052.wav,Gunshot,FSD50K (Freesound clip 52593),https://freesound.org/s/52593/,Sampling+-1.0,Michel Hollicardo,2026-09-23,2.473,44100,1,unspecified,unspecified,n/a,original,,,,7a76ffe48243414f352a6949f4c073efaa88e5bb673084c859e7e27638e6e9a2,train,52593,dev,"Gunshot_and_gunfire,Explosion",http://creativecommons.org/licenses/sampling+/1.0/,unmatched,fsd50k_real_v1
SS-GUN-0053,originals/gunshot/SS-GUN-0053.wav,Gunshot,FSD50K (Freesound clip 274559),https://freesound.org/s/274559/,CC0-1.0,MrJohnWeez,2026-09-23,4.31,44100,1,unspecified,unspecified,n/a,original,,,,b48bf27960a6242988c36d3f705872aae4b034d43503e3e7bc3cd29922cadd3b,train,274559,eval,"Gunshot_and_gunfire,Explosion",http://creativecommons.org/publicdomain/zero/1.0/,unmatched,fsd50k_real_v1
SS-GUN-0054,originals/gunshot/SS-GUN-0054.wav,Gunshot,FSD50K (Freesound clip 370998),https://freesound.org/s/370998/,CC0-1.0,MrLindstrom,2026-09-23,0.502,44100,1,unspecified,unspecified,n/a,original,,,,792aad8c814fb302acb9c4d8ced89348a744829f3ee52b7b18cd1a5e10a00949,val,370998,eval,"Gunshot_and_gunfire,Explosion",http://creativecommons.org/publicdomain/zero/1.0/,unmatched,fsd50k_real_v1
SS-GUN-0055,originals/gunshot/SS-GUN-0055.wav,Gunshot,FSD50K (Freesound clip 414023),https://freesound.org/s/414023/,CC0-1.0,Mr_KeybOred,2026-09-23,4.445,44100,1,outdoor,unspecified,n/a,original,,,,036fce026007e375dc0e58950c4d56b352b7497f33ce1acd54a213e14875119d,train,414023,eval,"Gunshot_and_gunfire,Explosion",http://creativecommons.org/publicdomain/zero/1.0/,stated,fsd50k_real_v1
SS-GUN-0056,originals/gunshot/SS-GUN-0056.wav,Gunshot,FSD50K (Freesound clip 100144),https://freesound.org/s/100144/,CC-BY-3.0,NoiseCollector,2026-09-23,7.001,44100,1,unspecified,unspecified,n/a,original,,,,40b816458344e992ac2bb6b9c6ee5e8395f012d3066a905567ddbeaac4237d65,train,100144,dev,"Gunshot_and_gunfire,Fireworks,Explosion",http://creativecommons.org/licenses/by/3.0/,unmatched,fsd50k_real_v1
SS-GUN-0057,originals/gunshot/SS-GUN-0057.wav,Gunshot,FSD50K (Freesound clip 423108),https://freesound.org/s/423108/,CC-BY-3.0,OGsoundFX,2026-09-23,2.25,44100,1,unspecified,unspecified,n/a,original,,,,c89c8afc157e64d238c0ce86d5b85663d3e3fb90dd012eab87b8a7e0548a872a,train,423108,eval,"Gunshot_and_gunfire,Explosion",http://creativecommons.org/licenses/by/3.0/,unmatched,fsd50k_real_v1
SS-GUN-0058,originals/gunshot/SS-GUN-0058.wav,Gunshot,FSD50K (Freesound clip 118450),https://freesound.org/s/118450/,CC-BY-3.0,Omar Alvarado,2026-09-23,7.128,44100,1,outdoor,unspecified,n/a,original,,,,c7e625f0db9cd6e11d29f3c4846c0d064b31f5d4c9730e1c5e9d8a468d785a7e,train,118450,dev,"Gunshot_and_gunfire,Explosion",http://creativecommons.org/licenses/by/3.0/,inferred_from_tags,fsd50k_real_v1
SS-GUN-0059,originals/gunshot/SS-GUN-0059.wav,Gunshot,FSD50K (Freesound clip 255716),https://freesound.org/s/255716/,CC0-1.0,Paul368,2026-09-23,0.42,44100,1,studio,unspecified,n/a,original,,,,3b0b35989b52cb648d3646b6155c4c23f3e6d12a11840a8bd96d021b6cdf3fd7,train,255716,eval,"Gunshot_and_gunfire,Explosion",http://creativecommons.org/publicdomain/zero/1.0/,stated,fsd50k_real_v1
SS-GUN-0060,originals/gunshot/SS-GUN-0060.wav,Gunshot,FSD50K (Freesound clip 161475),https://freesound.org/s/161475/,CC-BY-3.0,Peteguy,2026-09-23,1.78,44100,1,unspecified,unspecified,n/a,original,,,,8c772cdbd9ebf5b4296049bc3745fff30b5924c50f76a152325938f568c89b80,train,161475,dev,"Gunshot_and_gunfire,Explosion",http://creativecommons.org/licenses/by/3.0/,unmatched,fsd50k_real_v1
SS-GUN-0061,originals/gunshot/SS-GUN-0061.wav,Gunshot,FSD50K (Freesound clip 46263),https://freesound.org/s/46263/,CC-BY-3.0,PhreaKsAccount,2026-09-23,1.172,44100,1,unspecified,unspecified,n/a,original,,,,962444c614c96728de9516783443796e954617b6b3117b18ca675b9b44a448d5,test,46263,dev,"Gunshot_and_gunfire,Explosion",http://creativecommons.org/licenses/by/3.0/,unmatched,fsd50k_real_v1
SS-GUN-0062,originals/gunshot/SS-GUN-0062.wav,Gunshot,FSD50K (Freesound clip 260939),https://freesound.org/s/260939/,CC0-1.0,PicassoCT,2026-09-23,2.94,44100,1,unspecified,unspecified,n/a,original,,,,ce4912867a9e9949ac08d3bd9adeb685892e57ae1790be88295ce9f6d9a258cb,train,260939,dev,"Gunshot_and_gunfire,Explosion",http://creativecommons.org/publicdomain/zero/1.0/,unmatched,fsd50k_real_v1
SS-GUN-0063,originals/gunshot/SS-GUN-0063.wav,Gunshot,FSD50K (Freesound clip 137034),https://freesound.org/s/137034/,CC0-1.0,Pyrocamancer,2026-09-23,1.986,44100,1,unspecified,unspecified,n/a,original,,,,5c4eabe3817e0ca036c97eb869da8393edb3a0ceb042347f010d6ded28a61dcc,test,137034,dev,"Gunshot_and_gunfire,Explosion",http://creativecommons.org/publicdomain/zero/1.0/,unmatched,fsd50k_real_v1
SS-GUN-0064,originals/gunshot/SS-GUN-0064.wav,Gunshot,FSD50K (Freesound clip 369395),https://freesound.org/s/369395/,CC0-1.0,RMF298,2026-09-23,6.055,44100,1,indoor,unspecified,n/a,original,,,,474f6480000cd7d4af96f3c7007869e489a32385914ac99b36f911fe702122ec,val,369395,dev,"Gunshot_and_gunfire,Explosion",http://creativecommons.org/publicdomain/zero/1.0/,stated,fsd50k_real_v1
SS-GUN-0065,originals/gunshot/SS-GUN-0065.wav,Gunshot,FSD50K (Freesound clip 216312),https://freesound.org/s/216312/,CC-BY-3.0,RSilveira_88,2026-09-23,2.0,44100,1,unspecified,unspecified,n/a,original,,,,8cba275936a7014516f3c26be3adad0afd3dbf57d55388681c2839e89007e5db,train,216312,dev,"Gunshot_and_gunfire,Explosion",http://creativecommons.org/licenses/by/3.0/,unmatched,fsd50k_real_v1
SS-GUN-0066,originals/gunshot/SS-GUN-0066.wav,Gunshot,FSD50K (Freesound clip 350264),https://freesound.org/s/350264/,CC-BY-3.0,RandomX45,2026-09-23,0.805,44100,1,unspecified,unspecified,n/a,original,,,,41377fbdc0f61fc52462a861d656c6dd1aec9d315eeefa2043d67deb30f82d25,train,350264,dev,"Gunshot_and_gunfire,Explosion",http://creativecommons.org/licenses/by/3.0/,unmatched,fsd50k_real_v1
SS-GUN-0067,originals/gunshot/SS-GUN-0067.wav,Gunshot,FSD50K (Freesound clip 58904),https://freesound.org/s/58904/,Sampling+-1.0,Rock Savage,2026-09-23,1.448,44100,1,unspecified,unspecified,n/a,original,,,,2721948e7cb995d2cdf23a63b2f5a1b6f53490cd7d1c8f303986d071058f76ca,train,58904,eval,"Gunshot_and_gunfire,Explosion",http://creativecommons.org/licenses/sampling+/1.0/,unmatched,fsd50k_real_v1
SS-GUN-0068,originals/gunshot/SS-GUN-0068.wav,Gunshot,FSD50K (Freesound clip 377245),https://freesound.org/s/377245/,CC0-1.0,SamsterBirdies,2026-09-23,2.694,44100,1,unspecified,unspecified,n/a,original,,,,2b90504cbb3d55df20866b65fa8b4f06fb1201c13c1c0a78a4c60496f43eab01,val,377245,eval,"Gunshot_and_gunfire,Explosion",http://creativecommons.org/publicdomain/zero/1.0/,unmatched,fsd50k_real_v1
SS-GUN-0069,originals/gunshot/SS-GUN-0069.wav,Gunshot,FSD50K (Freesound clip 55842),https://freesound.org/s/55842/,CC-BY-3.0,Sergenious,2026-09-23,0.931,44100,1,unspecified,unspecified,n/a,original,,,,735e6b49bc0c381a98b489bf7425a1aaee3b592a662571e62328c2837370f0f5,train,55842,eval,"Gunshot_and_gunfire,Keyboard_(musical),Explosion,Musical_instrument,Music",http://creativecommons.org/licenses/by/3.0/,unmatched,fsd50k_real_v1
SS-GUN-0070,originals/gunshot/SS-GUN-0070.wav,Gunshot,FSD50K (Freesound clip 37237),https://freesound.org/s/37237/,Sampling+-1.0,Shades,2026-09-23,5.454,44100,1,outdoor,unspecified,n/a,original,,,,b1ee67b3f08d6993eeba4f3baedb73a9cca6dab2ad61e146fa825c9d3a560b04,val,37237,eval,"Gunshot_and_gunfire,Explosion",http://creativecommons.org/licenses/sampling+/1.0/,inferred_from_tags,fsd50k_real_v1
SS-GUN-0071,originals/gunshot/SS-GUN-0071.wav,Gunshot,FSD50K (Freesound clip 164937),https://freesound.org/s/164937/,CC0-1.0,ShawnyBoy,2026-09-23,28.512,44100,1,indoor,unspecified,n/a,original,,,,36609711b913db36425fb6fd9d43a636a7723fefc50e5064503873de0277229a,train,164937,dev,"Gunshot_and_gunfire,Explosion",http://creativecommons.org/publicdomain/zero/1.0/,stated,fsd50k_real_v1
SS-GUN-0072,originals/gunshot/SS-GUN-0072.wav,Gunshot,FSD50K (Freesound clip 361136),https://freesound.org/s/361136/,CC0-1.0,SkibkaMusic,2026-09-23,21.079,44100,1,unspecified,unspecified,n/a,original,,,,e2de3c20d5fdd5dbd486b18124a46c235ee743f6134cf9ae7ca56f81de5554a8,train,361136,eval,"Gunshot_and_gunfire,Explosion",http://creativecommons.org/publicdomain/zero/1.0/,unmatched,fsd50k_real_v1
SS-GUN-0073,originals/gunshot/SS-GUN-0073.wav,Gunshot,FSD50K (Freesound clip 343680),https://freesound.org/s/343680/,CC-BY-3.0,Sllarson,2026-09-23,6.267,44100,1,unspecified,unspecified,n/a,original,,,,bff470c0a436cb282698447604218b112c58621771e75466bc3d8a218579be62,val,343680,eval,"Chink_and_clink,Gunshot_and_gunfire,Explosion,Glass",http://creativecommons.org/licenses/by/3.0/,unmatched,fsd50k_real_v1
SS-GUN-0074,originals/gunshot/SS-GUN-0074.wav,Gunshot,FSD50K (Freesound clip 7062),https://freesound.org/s/7062/,Sampling+-1.0,Sonic,2026-09-23,2.345,44100,1,outdoor,unspecified,n/a,original,,,,f576d8d16d66b4f1e4213ebf7d146aba1aa42b579e402bb46be975241a8043a2,test,7062,dev,"Gunshot_and_gunfire,Explosion",http://creativecommons.org/licenses/sampling+/1.0/,inferred_from_tags,fsd50k_real_v1
SS-GUN-0075,originals/gunshot/SS-GUN-0075.wav,Gunshot,FSD50K (Freesound clip 157799),https://freesound.org/s/157799/,CC0-1.0,SoundCollectah,2026-09-23,2.299,44100,1,unspecified,unspecified,n/a,original,,,,aa574e6f6f7779d9dfced78e1aec3c9da4abfb2cea2010807edb539868e7f423,train,157799,dev,"Gunshot_and_gunfire,Explosion",http://creativecommons.org/publicdomain/zero/1.0/,unmatched,fsd50k_real_v1
SS-GUN-0076,originals/gunshot/SS-GUN-0076.wav,Gunshot,FSD50K (Freesound clip 89147),https://freesound.org/s/89147/,Sampling+-1.0,SpartanX109,2026-09-23,1.92,44100,1,unspecified,unspecified,n/a,original,,,,a8903c9af6b02fe3236fae73879bc054adddba1a36029dc028b418ab5b21eef1,train,89147,dev,"Gunshot_and_gunfire,Explosion",http://creativecommons.org/licenses/sampling+/1.0/,unmatched,fsd50k_real_v1
SS-GUN-0077,originals/gunshot/SS-GUN-0077.wav,Gunshot,FSD50K (Freesound clip 153492),https://freesound.org/s/153492/,CC0-1.0,Steelskull,2026-09-23,11.378,44100,1,unspecified,unspecified,n/a,original,,,,24692841f5e520b5ff9ae673089e1da3afacfca34d463fd588b189c8e23f03d7,train,153492,eval,"Gunshot_and_gunfire,Explosion",http://creativecommons.org/publicdomain/zero/1.0/,unmatched,fsd50k_real_v1
SS-GUN-0078,originals/gunshot/SS-GUN-0078.wav,Gunshot,FSD50K (Freesound clip 132551),https://freesound.org/s/132551/,CC-BY-3.0,StephenSaldanha,2026-09-23,0.926,44100,1,unspecified,unspecified,n/a,original,,,,099f80d8d5da5c35c54da0f51138f58ccd318780b3309408bd53a1f952a4760b,train,132551,dev,"Gunshot_and_gunfire,Explosion",http://creativecommons.org/licenses/by/3.0/,unmatched,fsd50k_real_v1
SS-GUN-0079,originals/gunshot/SS-GUN-0079.wav,Gunshot,FSD50K (Freesound clip 397657),https://freesound.org/s/397657/,CC0-1.0,SuperPhat,2026-09-23,9.111,44100,1,unspecified,unspecified,n/a,original,,,,ab0a299ba335c71cb87e47c371a5c5b55ece380049ae6834ea0500eee8bb6878,test,397657,dev,"Gunshot_and_gunfire,Explosion",http://creativecommons.org/publicdomain/zero/1.0/,unmatched,fsd50k_real_v1
SS-GUN-0080,originals/gunshot/SS-GUN-0080.wav,Gunshot,FSD50K (Freesound clip 37789),https://freesound.org/s/37789/,CC-BY-3.0,THE_bizniss,2026-09-23,5.655,44100,1,outdoor,unspecified,n/a,original,,,,ac14456924afde07b571261b00b364bc485811eaf06c18e3d39b473de4a9a90b,val,37789,eval,"Shatter,Accelerating_and_revving_and_vroom,Gunshot_and_gunfire,Car,Glass,Explosion,Motor_vehicle_(road),Vehicle,Engine",http://creativecommons.org/licenses/by/3.0/,stated,fsd50k_real_v1
SS-GUN-0081,originals/gunshot/SS-GUN-0081.wav,Gunshot,FSD50K (Freesound clip 404334),https://freesound.org/s/404334/,CC0-1.0,TheBuilder15,2026-09-23,20.392,44100,1,unspecified,unspecified,n/a,original,,,,a05d1af5b699547b0780b8bab9382de12ed4f0fe6b0d40d3ea7070b993182856,train,404334,eval,"Gunshot_and_gunfire,Explosion",http://creativecommons.org/publicdomain/zero/1.0/,unmatched,fsd50k_real_v1
SS-GUN-0082,originals/gunshot/SS-GUN-0082.wav,Gunshot,FSD50K (Freesound clip 200460),https://freesound.org/s/200460/,CC0-1.0,Tito Lahaye,2026-09-23,9.041,44100,1,outdoor,unspecified,n/a,original,,,,ec22a77fd816dd9193de61d68f380260baff5aaee0f60373b6fb8ed8391ec1d4,test,200460,eval,"Gunshot_and_gunfire,Explosion",http://creativecommons.org/publicdomain/zero/1.0/,stated,fsd50k_real_v1
SS-GUN-0083,originals/gunshot/SS-GUN-0083.wav,Gunshot,FSD50K (Freesound clip 215842),https://freesound.org/s/215842/,CC0-1.0,VKProduktion,2026-09-23,1.045,44100,1,unspecified,unspecified,n/a,original,,,,ec958b153ed8d3cbbe985f2364f6ffb9fdcf447f3c5d3bb61b02fc0d2e2d8741,train,215842,dev,"Gunshot_and_gunfire,Explosion",http://creativecommons.org/publicdomain/zero/1.0/,unmatched,fsd50k_real_v1
SS-GUN-0084,originals/gunshot/SS-GUN-0084.wav,Gunshot,FSD50K (Freesound clip 342952),https://freesound.org/s/342952/,CC-BY-3.0,Vlaxim,2026-09-23,0.72,44100,1,unspecified,unspecified,n/a,original,,,,4230557ffbd6070842c5c254c6ac0bc9027c89c7cfd6fe5008575f34584fb4ad,train,342952,eval,"Gunshot_and_gunfire,Explosion",http://creativecommons.org/licenses/by/3.0/,unmatched,fsd50k_real_v1
SS-GUN-0085,originals/gunshot/SS-GUN-0085.wav,Gunshot,FSD50K (Freesound clip 26141),https://freesound.org/s/26141/,CC-BY-3.0,WIM,2026-09-23,4.875,44100,1,unspecified,unspecified,n/a,original,,,,7445fb6c998589ba77531055da229d34a11f87caf7c43169e7c2990930905e09,train,26141,dev,"Gunshot_and_gunfire,Explosion",http://creativecommons.org/licenses/by/3.0/,unmatched,fsd50k_real_v1
SS-GUN-0086,originals/gunshot/SS-GUN-0086.wav,Gunshot,FSD50K (Freesound clip 342184),https://freesound.org/s/342184/,CC0-1.0,Willary1,2026-09-23,0.881,44100,1,unspecified,unspecified,n/a,original,,,,1e3fbe40dbfe3ee30b7313fa226adea12aa8aed83b95550d87d301d0a25434e2,train,342184,eval,"Gunshot_and_gunfire,Explosion",http://creativecommons.org/publicdomain/zero/1.0/,unmatched,fsd50k_real_v1
SS-GUN-0087,originals/gunshot/SS-GUN-0087.wav,Gunshot,FSD50K (Freesound clip 128293),https://freesound.org/s/128293/,CC0-1.0,Xenonn,2026-09-23,1.498,44100,1,unspecified,unspecified,n/a,original,,,,f3cb1817cf02f3fa71603f54a0fd005885a501d7fdb96c13d188d807ccb694d7,train,128293,dev,"Gunshot_and_gunfire,Explosion",http://creativecommons.org/publicdomain/zero/1.0/,unmatched,fsd50k_real_v1
SS-GUN-0088,originals/gunshot/SS-GUN-0088.wav,Gunshot,FSD50K (Freesound clip 218480),https://freesound.org/s/218480/,CC-BY-3.0,Yap_Audio_Production,2026-09-23,0.967,44100,1,outdoor,unspecified,n/a,original,,,,8249ff70207b55ee5dec43f4e3ec12af3355a38ed63026dcc8a78dc82db1e760,train,218480,eval,"Gunshot_and_gunfire,Explosion",http://creativecommons.org/licenses/by/3.0/,stated,fsd50k_real_v1
SS-GUN-0089,originals/gunshot/SS-GUN-0089.wav,Gunshot,FSD50K (Freesound clip 255272),https://freesound.org/s/255272/,CC-BY-3.0,YleArkisto,2026-09-23,14.82,44100,1,outdoor,unspecified,n/a,original,,,,c4b4c796fc370b45616e6a1e7e9e8cdadbde82f2c679422757adebb02288b7a8,train,255272,dev,"Gunshot_and_gunfire,Explosion",http://creativecommons.org/licenses/by/3.0/,inferred_from_tags,fsd50k_real_v1
SS-GUN-0090,originals/gunshot/SS-GUN-0090.wav,Gunshot,FSD50K (Freesound clip 273303),https://freesound.org/s/273303/,CC0-1.0,ZvinbergsA,2026-09-23,2.821,44100,1,studio,unspecified,n/a,original,,,,7a2405ee4edb3ac8836c33a0e434f37908fd6729f9719abf42944a61bc1981a8,train,273303,dev,"Gunshot_and_gunfire,Explosion",http://creativecommons.org/publicdomain/zero/1.0/,stated,fsd50k_real_v1
SS-GUN-0091,originals/gunshot/SS-GUN-0091.wav,Gunshot,FSD50K (Freesound clip 128979),https://freesound.org/s/128979/,CC-BY-3.0,aaronsiler,2026-09-23,2.302,44100,1,unspecified,unspecified,n/a,original,,,,07494ea68e33eeb25f485ebcba2d8eb23e0712de750756d8da94f307f3053e13,train,128979,dev,"Gunshot_and_gunfire,Explosion",http://creativecommons.org/licenses/by/3.0/,unmatched,fsd50k_real_v1
SS-GUN-0092,originals/gunshot/SS-GUN-0092.wav,Gunshot,FSD50K (Freesound clip 350745),https://freesound.org/s/350745/,CC0-1.0,aerror,2026-09-23,24.103,44100,1,unspecified,unspecified,n/a,original,,,,219b31a69b2d841410f24d46e747e015e3a36820c6f61b9fcd3e6e51d1080642,val,350745,eval,"Gunshot_and_gunfire,Human_group_actions,Shout,Explosion,Human_voice",http://creativecommons.org/publicdomain/zero/1.0/,unmatched,fsd50k_real_v1
SS-GUN-0093,originals/gunshot/SS-GUN-0093.wav,Gunshot,FSD50K (Freesound clip 161195),https://freesound.org/s/161195/,CC-BY-3.0,aleksnascimento,2026-09-23,0.8,44100,1,unspecified,unspecified,n/a,original,,,,a6838dcfdc297733fda7eb523ad2d263c8e1b60bf31c2a6e54ca15eef0185dc6,train,161195,dev,"Gunshot_and_gunfire,Explosion",http://creativecommons.org/licenses/by/3.0/,unmatched,fsd50k_real_v1
SS-GUN-0094,originals/gunshot/SS-GUN-0094.wav,Gunshot,FSD50K (Freesound clip 251004),https://freesound.org/s/251004/,CC-BY-3.0,alex@vsi.tv,2026-09-23,0.984,44100,1,studio,unspecified,n/a,original,,,,a700eafa67590d113b3079d66d9331ab1621208432309e450fc7962c1709beea,test,251004,dev,"Gunshot_and_gunfire,Explosion",http://creativecommons.org/licenses/by/3.0/,stated,fsd50k_real_v1
SS-GUN-0095,originals/gunshot/SS-GUN-0095.wav,Gunshot,FSD50K (Freesound clip 39065),https://freesound.org/s/39065/,CC0-1.0,alienbomb,2026-09-23,4.154,44100,1,indoor,unspecified,n/a,original,,,,49163505f22c6f9982608cb3ad8d122c03822f392ee8dc52604e1e8220341793,val,39065,eval,"Gunshot_and_gunfire,Explosion",http://creativecommons.org/publicdomain/zero/1.0/,stated,fsd50k_real_v1
SS-GUN-0096,originals/gunshot/SS-GUN-0096.wav,Gunshot,FSD50K (Freesound clip 171236),https://freesound.org/s/171236/,CC-BY-3.0,alukahn,2026-09-23,2.134,44100,1,indoor,unspecified,n/a,original,,,,9b826f350eb7f7824576888410da463cd942fa9eadcca421fd8cec87d8bf0ae2,train,171236,eval,"Gunshot_and_gunfire,Explosion",http://creativecommons.org/licenses/by/3.0/,stated,fsd50k_real_v1
SS-GUN-0097,originals/gunshot/SS-GUN-0097.wav,Gunshot,FSD50K (Freesound clip 100465),https://freesound.org/s/100465/,CC0-1.0,awesomemann1234,2026-09-23,0.874,44100,1,unspecified,unspecified,n/a,original,,,,6fa7e1e1115f1bc7e6e93dd60c6ab271a854d2fe5753e449723427513510b556,val,100465,dev,"Gunshot_and_gunfire,Explosion",http://creativecommons.org/publicdomain/zero/1.0/,unmatched,fsd50k_real_v1
SS-GUN-0098,originals/gunshot/SS-GUN-0098.wav,Gunshot,FSD50K (Freesound clip 155654),https://freesound.org/s/155654/,CC-BY-3.0,carlnorthcore,2026-09-23,4.574,44100,1,outdoor,unspecified,n/a,original,,,,1530dd4d32cd03aada578451093631efb73834ed72644d591aa17d942f182c3a,train,155654,dev,"Gunshot_and_gunfire,Explosion",http://creativecommons.org/licenses/by/3.0/,inferred_from_tags,fsd50k_real_v1
SS-GUN-0099,originals/gunshot/SS-GUN-0099.wav,Gunshot,FSD50K (Freesound clip 185034),https://freesound.org/s/185034/,CC-BY-3.0,casmarrav,2026-09-23,1.064,44100,1,unspecified,unspecified,n/a,original,,,,f621347eb16863f1bd7ddabe6e97b2bb4d37ee54190c9bcfedaec7c16e75b314,test,185034,eval,"Gunshot_and_gunfire,Explosion",http://creativecommons.org/licenses/by/3.0/,unmatched,fsd50k_real_v1
SS-GUN-0100,originals/gunshot/SS-GUN-0100.wav,Gunshot,FSD50K (Freesound clip 148828),https://freesound.org/s/148828/,CC0-1.0,cedarstudios,2026-09-23,4.127,44100,1,unspecified,unspecified,n/a,original,,,,bdf7dd38d1f99ebcaf1d66ac71ad6f2d11bef668b270bb3303c7da19f3e55538,test,148828,dev,"Gunshot_and_gunfire,Explosion",http://creativecommons.org/publicdomain/zero/1.0/,unmatched,fsd50k_real_v1
SS-GUN-0101,originals/gunshot/SS-GUN-0101.wav,Gunshot,FSD50K (Freesound clip 165795),https://freesound.org/s/165795/,CC-BY-3.0,ceeqwa,2026-09-23,0.889,44100,1,unspecified,unspecified,n/a,original,,,,27b3c814cf2b43a98549563c788092438ecc4ee5d87e10581e833c65d8fc06b5,test,165795,dev,"Gunshot_and_gunfire,Explosion",http://creativecommons.org/licenses/by/3.0/,unmatched,fsd50k_real_v1
SS-GUN-0102,originals/gunshot/SS-GUN-0102.wav,Gunshot,FSD50K (Freesound clip 398597),https://freesound.org/s/398597/,CC-BY-3.0,cetsoundcrew,2026-09-23,10.0,44100,1,unspecified,unspecified,n/a,original,,,,2162dcd19264c07874d8ac9d1c9441df88b6757a0726dd9856db3d9be6342337,train,398597,eval,"Gunshot_and_gunfire,Explosion",http://creativecommons.org/licenses/by/3.0/,unmatched,fsd50k_real_v1
SS-GUN-0103,originals/gunshot/SS-GUN-0103.wav,Gunshot,FSD50K (Freesound clip 20352),https://freesound.org/s/20352/,CC0-1.0,cognito perceptu,2026-09-23,2.693,44100,1,unspecified,unspecified,n/a,original,,,,7c0ec6d06be63088a06ab25aea230d2cad62de4589adf4427fc4d3de2cb0348e,train,20352,eval,"Chirp_and_tweet,Gunshot_and_gunfire,Explosion,Bird_vocalization_and_bird_call_and_bird_song,Bird,Wild_animals,Animal",http://creativecommons.org/publicdomain/zero/1.0/,unmatched,fsd50k_real_v1
SS-GUN-0104,originals/gunshot/SS-GUN-0104.wav,Gunshot,FSD50K (Freesound clip 266977),https://freesound.org/s/266977/,CC0-1.0,coolguy244e,2026-09-23,1.149,44100,1,indoor,unspecified,n/a,original,,,,9c60f9b9a4577a7f5fc2d2ce0ca4b16cbe8370935b2b81bf5254d8bf9865e988,train,266977,dev,"Gunshot_and_gunfire,Explosion",http://creativecommons.org/publicdomain/zero/1.0/,stated,fsd50k_real_v1
SS-GUN-0105,originals/gunshot/SS-GUN-0105.wav,Gunshot,FSD50K (Freesound clip 368269),https://freesound.org/s/368269/,CC-BY-3.0,daveincamas,2026-09-23,1.075,44100,1,outdoor,unspecified,n/a,original,,,,ce08d7daa74d8cf2ff492b21c66aabbce023b29d6d57592df94b6a09bc9ee513,train,368269,eval,"Gunshot_and_gunfire,Explosion",http://creativecommons.org/licenses/by/3.0/,inferred_from_tags,fsd50k_real_v1
SS-GUN-0106,originals/gunshot/SS-GUN-0106.wav,Gunshot,FSD50K (Freesound clip 88467),https://freesound.org/s/88467/,CC0-1.0,davidou,2026-09-23,0.602,44100,1,unspecified,unspecified,n/a,original,,,,038d22ded497a2b928bb9845e8ee228d4df4521a196df41f3b45c3006b8ea9a2,test,88467,eval,"Gunshot_and_gunfire,Explosion",http://creativecommons.org/publicdomain/zero/1.0/,unmatched,fsd50k_real_v1
SS-GUN-0107,originals/gunshot/SS-GUN-0107.wav,Gunshot,FSD50K (Freesound clip 149177),https://freesound.org/s/149177/,CC0-1.0,deathnsorrow,2026-09-23,1.528,44100,1,unspecified,unspecified,n/a,original,,,,d8504e1c72cdcde445c5752c497dbbdf5cb23cc990b0039af3c22fc370211259,train,149177,dev,"Gunshot_and_gunfire,Explosion",http://creativecommons.org/publicdomain/zero/1.0/,unmatched,fsd50k_real_v1
SS-GUN-0108,originals/gunshot/SS-GUN-0108.wav,Gunshot,FSD50K (Freesound clip 253438),https://freesound.org/s/253438/,CC-BY-3.0,deleted_user_4401185,2026-09-23,2.87,44100,1,unspecified,unspecified,n/a,original,,,,3aae5ce287cc87b35206d6d6d35aacca7efda0bf3d47a5116285d2300020a344,train,253438,dev,"Gunshot_and_gunfire,Explosion",http://creativecommons.org/licenses/by/3.0/,unmatched,fsd50k_real_v1
SS-GUN-0109,originals/gunshot/SS-GUN-0109.wav,Gunshot,FSD50K (Freesound clip 383796),https://freesound.org/s/383796/,CC0-1.0,deleted_user_7146007,2026-09-23,6.792,44100,1,unspecified,unspecified,n/a,original,,,,150656170088e9bbb8b96ae38973acaef8e00a926d8b675ba459387dcb89fa14,train,383796,eval,"Gunshot_and_gunfire,Explosion",http://creativecommons.org/publicdomain/zero/1.0/,unmatched,fsd50k_real_v1
SS-GUN-0110,originals/gunshot/SS-GUN-0110.wav,Gunshot,FSD50K (Freesound clip 25037),https://freesound.org/s/25037/,CC-BY-3.0,dobroide,2026-09-23,3.154,44100,1,unspecified,unspecified,n/a,original,,,,8798b2ebfacd73b7ae1ec91fa07613f707ae10b92bfa28b52229e9c473846c83,train,25037,dev,"Gunshot_and_gunfire,Explosion",http://creativecommons.org/licenses/by/3.0/,unmatched,fsd50k_real_v1
SS-GUN-0111,originals/gunshot/SS-GUN-0111.wav,Gunshot,FSD50K (Freesound clip 204009),https://freesound.org/s/204009/,CC-BY-3.0,duckduckpony,2026-09-23,2.45,44100,1,indoor,unspecified,n/a,original,,,,e73fcecbaf6fe6d561d43cf35d215cdcc3a58e030220a1069f3e8a304a130c6d,train,204009,dev,"Gunshot_and_gunfire,Explosion",http://creativecommons.org/licenses/by/3.0/,stated,fsd50k_real_v1
SS-GUN-0112,originals/gunshot/SS-GUN-0112.wav,Gunshot,FSD50K (Freesound clip 156904),https://freesound.org/s/156904/,CC0-1.0,duesto,2026-09-23,1.45,44100,1,unspecified,unspecified,n/a,original,,,,2c81f7e0e46ed048cdd0cf075e474f7b1921f9fb6ff8f34b03c35018657db0eb,train,156904,dev,"Gunshot_and_gunfire,Explosion",http://creativecommons.org/publicdomain/zero/1.0/,unmatched,fsd50k_real_v1
SS-GUN-0113,originals/gunshot/SS-GUN-0113.wav,Gunshot,FSD50K (Freesound clip 257873),https://freesound.org/s/257873/,CC0-1.0,eCo77,2026-09-23,1.331,44100,1,studio,unspecified,n/a,original,,,,3e1da7f7208e2b1231b29a060225bf4baf87c405c6ae203d835c671e456f8804,val,257873,dev,"Gunshot_and_gunfire,Explosion",http://creativecommons.org/publicdomain/zero/1.0/,stated,fsd50k_real_v1
SS-GUN-0114,originals/gunshot/SS-GUN-0114.wav,Gunshot,FSD50K (Freesound clip 402010),https://freesound.org/s/402010/,CC-BY-3.0,eardeer,2026-09-23,0.542,44100,1,unspecified,unspecified,n/a,original,,,,d186266993973016bb7370f3a5f33e3bbadb4af42b909c9c97fcfe266dc8faef,train,402010,dev,"Gunshot_and_gunfire,Explosion",http://creativecommons.org/licenses/by/3.0/,unmatched,fsd50k_real_v1
SS-GUN-0115,originals/gunshot/SS-GUN-0115.wav,Gunshot,FSD50K (Freesound clip 51749),https://freesound.org/s/51749/,CC0-1.0,erkanozan,2026-09-23,0.397,44100,1,unspecified,unspecified,n/a,original,,,,6b272b5b52c6766f76c4ee879f1dabc191f3ca698b00de3cc5279033c9051d5f,train,51749,dev,"Gunshot_and_gunfire,Explosion",http://creativecommons.org/publicdomain/zero/1.0/,unmatched,fsd50k_real_v1
SS-GUN-0116,originals/gunshot/SS-GUN-0116.wav,Gunshot,FSD50K (Freesound clip 162431),https://freesound.org/s/162431/,CC-BY-3.0,ermfilm,2026-09-23,6.549,44100,1,unspecified,unspecified,n/a,original,,,,4814ce35192e6d7570b4b69fee7258b4a8279ea6e2b3e9dfb2205d966972b97d,train,162431,dev,"Gunshot_and_gunfire,Explosion",http://creativecommons.org/licenses/by/3.0/,unmatched,fsd50k_real_v1
SS-GUN-0117,originals/gunshot/SS-GUN-0117.wav,Gunshot,FSD50K (Freesound clip 399065),https://freesound.org/s/399065/,CC-BY-3.0,fastson,2026-09-23,4.24,44100,1,unspecified,unspecified,n/a,original,,,,e5cb98f9b84d3e7f646eaabf83a1fe41d7e9f2110816b56c6e43e76fbeb2d932,train,399065,eval,"Rattle,Gunshot_and_gunfire,Explosion",http://creativecommons.org/licenses/by/3.0/,unmatched,fsd50k_real_v1
SS-GUN-0118,originals/gunshot/SS-GUN-0118.wav,Gunshot,FSD50K (Freesound clip 347647),https://freesound.org/s/347647/,CC0-1.0,fennelliott,2026-09-23,2.041,44100,1,unspecified,unspecified,n/a,original,,,,6c019e6f1079851153b955a7f84f83364612bb11c7fc635229a326f439fd4086,train,347647,eval,"Gunshot_and_gunfire,Explosion",http://creativecommons.org/publicdomain/zero/1.0/,unmatched,fsd50k_real_v1
SS-GUN-0119,originals/gunshot/SS-GUN-0119.wav,Gunshot,FSD50K (Freesound clip 368736),https://freesound.org/s/368736/,CC0-1.0,fins,2026-09-23,0.769,44100,1,unspecified,unspecified,n/a,original,,,,75d9f9edeb5dbd6cb7852e23d0466f22c829fe3aee131cc7073de8d18bebaae0,train,368736,dev,"Gunshot_and_gunfire,Explosion",http://creativecommons.org/publicdomain/zero/1.0/,unmatched,fsd50k_real_v1
SS-GUN-0120,originals/gunshot/SS-GUN-0120.wav,Gunshot,FSD50K (Freesound clip 234615),https://freesound.org/s/234615/,CC-BY-3.0,fridobeck,2026-09-23,4.022,44100,1,unspecified,unspecified,n/a,original,,,,a67eac6fee4ee2fd075f7f61ae0120ac11ad4e770f4ae030e46f43c07d94825f,test,234615,dev,"Gunshot_and_gunfire,Explosion",http://creativecommons.org/licenses/by/3.0/,unmatched,fsd50k_real_v1
SS-GUN-0121,originals/gunshot/SS-GUN-0121.wav,Gunshot,FSD50K (Freesound clip 217805),https://freesound.org/s/217805/,CC0-1.0,gattoangus,2026-09-23,1.445,44100,1,unspecified,unspecified,n/a,original,,,,5d1c2aec3e0f05cad6b4fd9cf5c263fa006bfa49d07596933b6cdd1677070f86,train,217805,dev,"Gunshot_and_gunfire,Explosion",http://creativecommons.org/publicdomain/zero/1.0/,unmatched,fsd50k_real_v1
SS-GUN-0122,originals/gunshot/SS-GUN-0122.wav,Gunshot,FSD50K (Freesound clip 254772),https://freesound.org/s/254772/,CC-BY-3.0,hannagreen,2026-09-23,9.919,44100,1,unspecified,unspecified,n/a,original,,,,283a60d47d073d8dee9bbb655b093202b98e86b018eeb38352fea02a123a3493,train,254772,dev,"Gunshot_and_gunfire,Explosion",http://creativecommons.org/licenses/by/3.0/,unmatched,fsd50k_real_v1
SS-GUN-0123,originals/gunshot/SS-GUN-0123.wav,Gunshot,FSD50K (Freesound clip 174283),https://freesound.org/s/174283/,CC-BY-3.0,ingudios,2026-09-23,6.99,44100,1,unspecified,unspecified,n/a,original,,,,823f3d60ce274e5fface8c4100afaed93e618b5815c910dced772f38434ba889,train,174283,eval,"Gunshot_and_gunfire,Explosion",http://creativecommons.org/licenses/by/3.0/,unmatched,fsd50k_real_v1
SS-GUN-0124,originals/gunshot/SS-GUN-0124.wav,Gunshot,FSD50K (Freesound clip 221451),https://freesound.org/s/221451/,CC-BY-3.0,jalastram,2026-09-23,1.515,44100,1,unspecified,unspecified,n/a,original,,,,4d530d5de6d23133b9855418924d4f7f4f7f62b6b317a41bffc01326a9b81471,train,221451,dev,"Gunshot_and_gunfire,Explosion",http://creativecommons.org/licenses/by/3.0/,unmatched,fsd50k_real_v1
SS-GUN-0125,originals/gunshot/SS-GUN-0125.wav,Gunshot,FSD50K (Freesound clip 35799),https://freesound.org/s/35799/,CC-BY-3.0,kante,2026-09-23,1.524,44100,1,indoor,unspecified,n/a,original,,,,97267944c1bd922a730528bf119716ab6398a28045705bdf297088ae45a1afc8,train,35799,dev,"Gunshot_and_gunfire,Explosion",http://creativecommons.org/licenses/by/3.0/,stated,fsd50k_real_v1
SS-GUN-0126,originals/gunshot/SS-GUN-0126.wav,Gunshot,FSD50K (Freesound clip 386758),https://freesound.org/s/386758/,CC0-1.0,ken788,2026-09-23,2.173,44100,1,unspecified,unspecified,n/a,original,,,,b787ee10fc582ec7822846515102ab6666ee2fddbd34e831f19b2dd1cc99a64d,train,386758,eval,"Gunshot_and_gunfire,Explosion",http://creativecommons.org/publicdomain/zero/1.0/,unmatched,fsd50k_real_v1
SS-GUN-0127,originals/gunshot/SS-GUN-0127.wav,Gunshot,FSD50K (Freesound clip 351777),https://freesound.org/s/351777/,CC0-1.0,kennysvoice,2026-09-23,3.971,44100,1,unspecified,unspecified,n/a,original,,,,d272c6854ec55cac636e3cc5a5986e0197dec055fc6cb88abd57c9b7df72f18b,train,351777,eval,"Gunshot_and_gunfire,Explosion",http://creativecommons.org/publicdomain/zero/1.0/,unmatched,fsd50k_real_v1
SS-GUN-0128,originals/gunshot/SS-GUN-0128.wav,Gunshot,FSD50K (Freesound clip 232868),https://freesound.org/s/232868/,CC0-1.0,klangfabrik,2026-09-23,18.092,44100,1,unspecified,unspecified,n/a,original,,,,19042f4f3dd9bf3c89e0f9a22a2dcce5341599afe8dd0d5e95183f865eb1cace,val,232868,eval,"Gunshot_and_gunfire,Explosion",http://creativecommons.org/publicdomain/zero/1.0/,unmatched,fsd50k_real_v1
SS-GUN-0129,originals/gunshot/SS-GUN-0129.wav,Gunshot,FSD50K (Freesound clip 191449),https://freesound.org/s/191449/,CC-BY-3.0,klankbeeld,2026-09-23,9.041,44100,1,outdoor,unspecified,n/a,original,,,,6e9ebb82442b4eb5933baf1d79bd74d40238315db33e656cd5fdd4fb53e7bda4,train,191449,dev,"Gunshot_and_gunfire,Explosion",http://creativecommons.org/licenses/by/3.0/,inferred_from_tags,fsd50k_real_v1
SS-GUN-0130,originals/gunshot/SS-GUN-0130.wav,Gunshot,FSD50K (Freesound clip 78776),https://freesound.org/s/78776/,CC-BY-3.0,knufds,2026-09-23,4.345,44100,1,unspecified,unspecified,n/a,original,,,,93089aac23e59b9fd56beba1db107eb988594b6900a48c3decbe281d6d8d3b1f,test,78776,eval,"Gunshot_and_gunfire,Explosion",http://creativecommons.org/licenses/by/3.0/,unmatched,fsd50k_real_v1
SS-GUN-0131,originals/gunshot/SS-GUN-0131.wav,Gunshot,FSD50K (Freesound clip 182236),https://freesound.org/s/182236/,CC0-1.0,martian,2026-09-23,2.468,44100,1,unspecified,unspecified,n/a,original,,,,10cd50f91a5ce6c4345cb91ffa707e919b098207d5faa149570452d87e1f37ec,train,182236,eval,"Gunshot_and_gunfire,Explosion",http://creativecommons.org/publicdomain/zero/1.0/,unmatched,fsd50k_real_v1
SS-GUN-0132,originals/gunshot/SS-GUN-0132.wav,Gunshot,FSD50K (Freesound clip 427592),https://freesound.org/s/427592/,CC0-1.0,michorvath,2026-09-23,1.663,44100,1,unspecified,unspecified,n/a,original,,,,afee039a95b3cc79dc2ad0df531922aacaee3867f627ed4c0edb5c35f3299670,train,427592,dev,"Gunshot_and_gunfire,Explosion",http://creativecommons.org/publicdomain/zero/1.0/,unmatched,fsd50k_real_v1
SS-GUN-0133,originals/gunshot/SS-GUN-0133.wav,Gunshot,FSD50K (Freesound clip 242846),https://freesound.org/s/242846/,CC0-1.0,mnslugger20,2026-09-23,1.996,44100,1,outdoor,unspecified,n/a,original,,,,882bd8b80ed4ddedce053a89a1cd6bff13676a62f7cfe5ba2f89beba3f3d1620,train,242846,eval,"Gunshot_and_gunfire,Explosion",http://creativecommons.org/publicdomain/zero/1.0/,stated,fsd50k_real_v1
SS-GUN-0134,originals/gunshot/SS-GUN-0134.wav,Gunshot,FSD50K (Freesound clip 431822),https://freesound.org/s/431822/,CC0-1.0,moosegravy,2026-09-23,2.24,44100,1,outdoor,unspecified,n/a,original,,,,79a9ee76ca74e143cab3a75caceb808132ae38cfc677bf387f9a7f52014c7b8a,test,431822,dev,"Gunshot_and_gunfire,Explosion",http://creativecommons.org/publicdomain/zero/1.0/,inferred_from_tags,fsd50k_real_v1
SS-GUN-0135,originals/gunshot/SS-GUN-0135.wav,Gunshot,FSD50K (Freesound clip 369781),https://freesound.org/s/369781/,CC0-1.0,morganpurkis,2026-09-23,0.663,44100,1,outdoor,unspecified,n/a,original,,,,16527d7c43b957d9641161ab07655aa606d1c41e36a16391a0c76c6af46ac84c,train,369781,dev,"Gunshot_and_gunfire,Explosion",http://creativecommons.org/publicdomain/zero/1.0/,stated,fsd50k_real_v1
SS-GUN-0136,originals/gunshot/SS-GUN-0136.wav,Gunshot,FSD50K (Freesound clip 233318),https://freesound.org/s/233318/,CC0-1.0,ngphil22,2026-09-23,1.184,44100,1,unspecified,unspecified,n/a,original,,,,e56b4f216955eba8216510051533364fc6b0610bac2977d40c85993bdf2222ab,train,233318,dev,"Gunshot_and_gunfire,Explosion",http://creativecommons.org/publicdomain/zero/1.0/,unmatched,fsd50k_real_v1
SS-GUN-0137,originals/gunshot/SS-GUN-0137.wav,Gunshot,FSD50K (Freesound clip 127721),https://freesound.org/s/127721/,CC-BY-3.0,nicStage,2026-09-23,1.643,44100,1,unspecified,unspecified,n/a,original,,,,daaca0aed32807c4e19d1b269e2e1a56f0a621385524a7c58cffe0c0f0a6766e,test,127721,eval,"Chatter,Whoosh_and_swoosh_and_swish,Gunshot_and_gunfire,Explosion,Human_group_actions",http://creativecommons.org/licenses/by/3.0/,unmatched,fsd50k_real_v1
SS-GUN-0138,originals/gunshot/SS-GUN-0138.wav,Gunshot,FSD50K (Freesound clip 346537),https://freesound.org/s/346537/,CC0-1.0,nioczkus,2026-09-23,2.46,44100,1,outdoor,unspecified,n/a,original,,,,1d64c02037ee031a509bc338841e92e67c94853d3acd908d86d05077f2ac140c,train,346537,dev,"Gunshot_and_gunfire,Explosion",http://creativecommons.org/publicdomain/zero/1.0/,stated,fsd50k_real_v1
SS-GUN-0139,originals/gunshot/SS-GUN-0139.wav,Gunshot,FSD50K (Freesound clip 212600),https://freesound.org/s/212600/,CC0-1.0,pgi,2026-09-23,1.212,44100,1,outdoor,unspecified,n/a,original,,,,53e0b9acd3b2fda85c36bcd554dcd4bc039ed784dd5562cab4ce2169284a7c9c,train,212600,dev,"Gunshot_and_gunfire,Explosion",http://creativecommons.org/publicdomain/zero/1.0/,stated,fsd50k_real_v1
SS-GUN-0140,originals/gunshot/SS-GUN-0140.wav,Gunshot,FSD50K (Freesound clip 157206),https://freesound.org/s/157206/,CC-BY-3.0,poissonmort,2026-09-23,19.69,44100,1,unspecified,unspecified,n/a,original,,,,7d98a37394558796c7898ca447a697845a71e353e3158c439a7513bf8766b24e,train,157206,dev,"Gunshot_and_gunfire,Explosion",http://creativecommons.org/licenses/by/3.0/,unmatched,fsd50k_real_v1
SS-GUN-0141,originals/gunshot/SS-GUN-0141.wav,Gunshot,FSD50K (Freesound clip 67556),https://freesound.org/s/67556/,CC0-1.0,qubodup,2026-09-23,3.202,44100,1,unspecified,unspecified,n/a,original,,,,88996171fc7d66939d81642824c934992d110becf06339f5054bdb50b5ca3e23,train,67556,dev,"Gunshot_and_gunfire,Explosion",http://creativecommons.org/publicdomain/zero/1.0/,unmatched,fsd50k_real_v1
SS-GUN-0142,originals/gunshot/SS-GUN-0142.wav,Gunshot,FSD50K (Freesound clip 346904),https://freesound.org/s/346904/,CC0-1.0,reishugo,2026-09-23,3.696,44100,1,unspecified,unspecified,n/a,original,,,,336471e26435ccec0116feafc356e5febe887c30088301ba8b38f2654117d60f,test,346904,dev,"Gunshot_and_gunfire,Explosion",http://creativecommons.org/publicdomain/zero/1.0/,unmatched,fsd50k_real_v1
SS-GUN-0143,originals/gunshot/SS-GUN-0143.wav,Gunshot,FSD50K (Freesound clip 220612),https://freesound.org/s/220612/,CC-BY-3.0,senitiel,2026-09-23,0.569,44100,1,indoor,unspecified,n/a,original,,,,9c8bdc45a813b7ed6741d0700c285229dc6b06f04914503e6eaa1b999b7a26ba,train,220612,dev,"Gunshot_and_gunfire,Explosion",http://creativecommons.org/licenses/by/3.0/,stated,fsd50k_real_v1
SS-GUN-0144,originals/gunshot/SS-GUN-0144.wav,Gunshot,FSD50K (Freesound clip 107619),https://freesound.org/s/107619/,Sampling+-1.0,stintx,2026-09-23,2.091,44100,1,unspecified,unspecified,n/a,original,,,,884c989a97229197ef29a7b8753ee2f2644000a99e43300acbb61713e7c2b57b,train,107619,eval,"Gunshot_and_gunfire,Explosion",http://creativecommons.org/licenses/sampling+/1.0/,unmatched,fsd50k_real_v1
SS-GUN-0145,originals/gunshot/SS-GUN-0145.wav,Gunshot,FSD50K (Freesound clip 105025),https://freesound.org/s/105025/,CC-BY-3.0,tcpp,2026-09-23,1.806,44100,1,outdoor,unspecified,n/a,original,,,,f039fddecee4dc1216f1d9f1d33d7c855863c74626e3d0fe4806177dfeb7c597,test,105025,eval,"Gunshot_and_gunfire,Explosion",http://creativecommons.org/licenses/by/3.0/,stated,fsd50k_real_v1
SS-GUN-0146,originals/gunshot/SS-GUN-0146.wav,Gunshot,FSD50K (Freesound clip 204949),https://freesound.org/s/204949/,CC-BY-3.0,tehlordoswag420,2026-09-23,24.197,44100,1,outdoor,unspecified,n/a,original,,,,c2d7111a30d0c1caa68bc4d559a9d37e7d1ea97f4bcfd4f334cf1d82e87bbb41,val,204949,eval,"Gunshot_and_gunfire,Explosion",http://creativecommons.org/licenses/by/3.0/,stated,fsd50k_real_v1
SS-GUN-0147,originals/gunshot/SS-GUN-0147.wav,Gunshot,FSD50K (Freesound clip 145580),https://freesound.org/s/145580/,CC-BY-3.0,touchassembly,2026-09-23,17.049,44100,1,studio,unspecified,n/a,original,,,,19f658f22ecb781d361c5e17e5d55571a8ed9af1d665373e42ccf811ae79727a,train,145580,dev,"Gunshot_and_gunfire,Explosion",http://creativecommons.org/licenses/by/3.0/,stated,fsd50k_real_v1
SS-GUN-0148,originals/gunshot/SS-GUN-0148.wav,Gunshot,FSD50K (Freesound clip 182806),https://freesound.org/s/182806/,CC-BY-3.0,unfa,2026-09-23,3.551,44100,1,outdoor,unspecified,n/a,original,,,,0ccfb1ecc883524430d244666713ed1880840a024fee3eaa744fbb87113af8ca,train,182806,dev,"Gunshot_and_gunfire,Fireworks,Explosion",http://creativecommons.org/licenses/by/3.0/,stated,fsd50k_real_v1
SS-GUN-0149,originals/gunshot/SS-GUN-0149.wav,Gunshot,FSD50K (Freesound clip 324585),https://freesound.org/s/324585/,CC0-1.0,univ_lyon3,2026-09-23,0.5,44100,1,outdoor,unspecified,n/a,original,,,,364f778cc02dcae5c1beaeb362c2af309c50b8eb2b92ac31ee42bac0fb2db9c6,train,324585,dev,"Gunshot_and_gunfire,Explosion",http://creativecommons.org/publicdomain/zero/1.0/,stated,fsd50k_real_v1
SS-GUN-0150,originals/gunshot/SS-GUN-0150.wav,Gunshot,FSD50K (Freesound clip 151065),https://freesound.org/s/151065/,CC0-1.0,vabadus,2026-09-23,1.759,44100,1,outdoor,unspecified,n/a,original,,,,fd5502e4eba52c230d7b69f9023b53835426f25dce27d2c3ca861cd06e4e8c30,train,151065,dev,"Gunshot_and_gunfire,Explosion",http://creativecommons.org/publicdomain/zero/1.0/,inferred_from_tags,fsd50k_real_v1
SS-MAC-0001,originals/machinery_fault/SS-MAC-0001.wav,Machinery Fault,FSD50K (Freesound clip 378335),https://freesound.org/s/378335/,CC0-1.0,13FPanska_Mikova_Adela,2026-09-23,22.677,44100,1,unspecified,unspecified,n/a,original,,,,03095a5780c2e6a07c0acc35775010b623410b3111f4ce78819ae23e4e4fa46d,train,378335,dev,"Motorcycle,Motor_vehicle_(road),Vehicle",http://creativecommons.org/publicdomain/zero/1.0/,unmatched,fsd50k_real_v1
SS-MAC-0002,originals/machinery_fault/SS-MAC-0002.wav,Machinery Fault,FSD50K (Freesound clip 379376),https://freesound.org/s/379376/,CC0-1.0,13FPanska_Sychra_Petr,2026-09-23,27.286,44100,1,unspecified,unspecified,n/a,original,,,,abd735edb5ec48bb5503997ee75ec38b35197ed87f6dc525c5eeb8e9c7d97964,train,379376,dev,"Engine_starting,Bus,Motor_vehicle_(road),Vehicle,Engine",http://creativecommons.org/publicdomain/zero/1.0/,unmatched,fsd50k_real_v1
SS-MAC-0003,originals/machinery_fault/SS-MAC-0003.wav,Machinery Fault,FSD50K (Freesound clip 378680),https://freesound.org/s/378680/,CC0-1.0,13FPanská_Tolar_David,2026-09-23,16.476,44100,1,unspecified,unspecified,n/a,original,,,,efea38fe0069a936b8d6c86d40d79e897e5d390caa4d5d06f21c7161e9b7bf72,train,378680,dev,"Hammer,Tools",http://creativecommons.org/publicdomain/zero/1.0/,unmatched,fsd50k_real_v1
SS-MAC-0004,originals/machinery_fault/SS-MAC-0004.wav,Machinery Fault,FSD50K (Freesound clip 377297),https://freesound.org/s/377297/,CC0-1.0,13GPanska_Sekera_Krystof,2026-09-23,8.141,44100,1,unspecified,unspecified,n/a,original,,,,7c80bcd5f4847c14bb295ba9c6b6e407a381220c82a33ddd77e6a48ad3f0fa14,train,377297,dev,Engine,http://creativecommons.org/publicdomain/zero/1.0/,unmatched,fsd50k_real_v1
SS-MAC-0005,originals/machinery_fault/SS-MAC-0005.wav,Machinery Fault,FSD50K (Freesound clip 218773),https://freesound.org/s/218773/,CC-BY-3.0,18hiltc,2026-09-23,2.216,44100,1,indoor,unspecified,n/a,original,,,,0b00b40845c81f77dee0c9aad67d77fea164bf5867db1c28f38b969e0ab62046,test,218773,dev,"Hammer,Tools",http://creativecommons.org/licenses/by/3.0/,stated,fsd50k_real_v1
SS-MAC-0006,originals/machinery_fault/SS-MAC-0006.wav,Machinery Fault,FSD50K (Freesound clip 128124),https://freesound.org/s/128124/,CC0-1.0,1pjladd2,2026-09-23,13.24,44100,1,outdoor,unspecified,n/a,original,,,,16adab344c1ae042941ded9b24da3109833f36da2dd9d088f8119be7ec3c23a9,train,128124,eval,"Chirp_and_tweet,Car_passing_by,Engine,Bird_vocalization_and_bird_call_and_bird_song,Bird,Wild_animals,Animal,Car,Motor_vehicle_(road),Vehicle",http://creativecommons.org/publicdomain/zero/1.0/,inferred_from_tags,fsd50k_real_v1
SS-MAC-0007,originals/machinery_fault/SS-MAC-0007.wav,Machinery Fault,FSD50K (Freesound clip 148957),https://freesound.org/s/148957/,CC0-1.0,Adam_N,2026-09-23,2.359,44100,1,unspecified,unspecified,n/a,original,,,,c465a5e2f8df5c52bfc3f423aab30813cedb5f82e0cedb7be7fb2a29e56bfdff,train,148957,dev,"Engine,Mechanisms",http://creativecommons.org/publicdomain/zero/1.0/,unmatched,fsd50k_real_v1
SS-MAC-0008,originals/machinery_fault/SS-MAC-0008.wav,Machinery Fault,FSD50K (Freesound clip 362942),https://freesound.org/s/362942/,CC0-1.0,AlexanderChe,2026-09-23,27.881,44100,1,vehicle,unspecified,n/a,original,,,,40e9196aa472d4aeca1bab85a593e2ff9b2f4c8a6400a690d63750e7d469bdf8,val,362942,dev,"Idling,Engine_starting,Motor_vehicle_(road),Vehicle,Engine",http://creativecommons.org/publicdomain/zero/1.0/,inferred_from_tags,fsd50k_real_v1
SS-MAC-0009,originals/machinery_fault/SS-MAC-0009.wav,Machinery Fault,FSD50K (Freesound clip 369048),https://freesound.org/s/369048/,CC0-1.0,AndrewAlexander,2026-09-23,10.51,44100,1,unspecified,unspecified,n/a,original,,,,7b33a49a7e7a917bf2071756d3176f981c1b551495bcc0bc025ba52caf3a5cd3,val,369048,dev,"Accelerating_and_revving_and_vroom,Engine",http://creativecommons.org/publicdomain/zero/1.0/,unmatched,fsd50k_real_v1
SS-MAC-0010,originals/machinery_fault/SS-MAC-0010.wav,Machinery Fault,FSD50K (Freesound clip 58497),https://freesound.org/s/58497/,CC-BY-3.0,Benboncan,2026-09-23,11.153,44100,1,outdoor,unspecified,n/a,original,,,,63ea5b6442c343993d4a14cf67a481e9b129300a2b1f8f9a91760d9973402210,test,58497,dev,"Tick,Ratchet_and_pawl,Mechanisms,Drill,Power_tool,Tools",http://creativecommons.org/licenses/by/3.0/,stated,fsd50k_real_v1
SS-MAC-0011,originals/machinery_fault/SS-MAC-0011.wav,Machinery Fault,FSD50K (Freesound clip 85666),https://freesound.org/s/85666/,CC-BY-3.0,CGEffex,2026-09-23,0.528,44100,1,unspecified,unspecified,n/a,original,,,,175313aebf27e4c0aa9c91f28a2dca30b8e40498399bff13b81e409414451ad0,train,85666,dev,"Hammer,Tools",http://creativecommons.org/licenses/by/3.0/,unmatched,fsd50k_real_v1
SS-MAC-0012,originals/machinery_fault/SS-MAC-0012.wav,Machinery Fault,FSD50K (Freesound clip 275042),https://freesound.org/s/275042/,CC-BY-3.0,Cell31_Sound_Productions,2026-09-23,17.842,44100,1,indoor,unspecified,n/a,original,,,,310e22eb3f3dd03c549704dec137ff161a5aca1b8473d174870f92115ec56846,train,275042,eval,"Fixed-wing_aircraft_and_airplane,Engine,Aircraft,Vehicle",http://creativecommons.org/licenses/by/3.0/,stated,fsd50k_real_v1
SS-MAC-0013,originals/machinery_fault/SS-MAC-0013.wav,Machinery Fault,FSD50K (Freesound clip 162499),https://freesound.org/s/162499/,CC0-1.0,Chippy569,2026-09-23,4.265,44100,1,vehicle,unspecified,n/a,original,,,,17350c57214aaf04e35f16af79be13fe8cc91ff0f4eff83a0c9929fcac6b02ad,train,162499,dev,"Accelerating_and_revving_and_vroom,Engine",http://creativecommons.org/publicdomain/zero/1.0/,inferred_from_tags,fsd50k_real_v1
SS-MAC-0014,originals/machinery_fault/SS-MAC-0014.wav,Machinery Fault,FSD50K (Freesound clip 384016),https://freesound.org/s/384016/,CC-BY-3.0,ChrisReierson,2026-09-23,18.492,44100,1,indoor,unspecified,n/a,original,,,,801aea585962c3c1bad7b42ead986bfca60a8971273a4913431112034deff904,train,384016,dev,"Mechanical_fan,Mechanisms",http://creativecommons.org/licenses/by/3.0/,stated,fsd50k_real_v1
SS-MAC-0015,originals/machinery_fault/SS-MAC-0015.wav,Machinery Fault,FSD50K (Freesound clip 22882),https://freesound.org/s/22882/,CC-BY-3.0,Corsica_S,2026-09-23,23.535,44100,1,unspecified,unspecified,n/a,original,,,,2b459a04141b3e0941f2635f2d07c14309f45d1411f4859b439c1bf0a48e7c81,train,22882,dev,"Idling,Truck,Motor_vehicle_(road),Vehicle,Engine",http://creativecommons.org/licenses/by/3.0/,unmatched,fsd50k_real_v1
SS-MAC-0016,originals/machinery_fault/SS-MAC-0016.wav,Machinery Fault,FSD50K (Freesound clip 369194),https://freesound.org/s/369194/,CC0-1.0,Cribbler,2026-09-23,18.0,44100,1,outdoor,unspecified,n/a,original,,,,8a9a4fc8a1889eff89a53734de3f5e4236bf179ecfb2a5c71ce9a61dd154edc4,test,369194,eval,"Bus,Accelerating_and_revving_and_vroom,Motor_vehicle_(road),Vehicle,Engine",http://creativecommons.org/publicdomain/zero/1.0/,inferred_from_tags,fsd50k_real_v1
SS-MAC-0017,originals/machinery_fault/SS-MAC-0017.wav,Machinery Fault,FSD50K (Freesound clip 166225),https://freesound.org/s/166225/,CC0-1.0,DemonicElectronic,2026-09-23,0.3,44100,1,unspecified,unspecified,n/a,original,,,,cf1b2dbda0651cabf33bc8293469240c4fadf9c65d13ec6f36327fbf202de72e,train,166225,dev,"Printer,Mechanisms",http://creativecommons.org/publicdomain/zero/1.0/,unmatched,fsd50k_real_v1
SS-MAC-0018,originals/machinery_fault/SS-MAC-0018.wav,Machinery Fault,FSD50K (Freesound clip 368626),https://freesound.org/s/368626/,CC-BY-3.0,DomainHunter,2026-09-23,6.469,44100,1,vehicle,unspecified,n/a,original,,,,2d70cafe1fea27058b23ac40896d9a9abbab748a4d8c3a9fc84df83f19fb592b,val,368626,dev,"Motor_vehicle_(road),Engine,Vehicle",http://creativecommons.org/licenses/by/3.0/,inferred_from_tags,fsd50k_real_v1
SS-MAC-0019,originals/machinery_fault/SS-MAC-0019.wav,Machinery Fault,FSD50K (Freesound clip 21741),https://freesound.org/s/21741/,CC-BY-3.0,Erdie,2026-09-23,9.77,44100,1,outdoor,unspecified,n/a,original,,,,64af742e43b17b25f4c0b4fd92b9930c054b0396f175e2c4d2ccfddff275e511,train,21741,eval,"Car_passing_by,Accelerating_and_revving_and_vroom,Car,Motor_vehicle_(road),Vehicle,Engine",http://creativecommons.org/licenses/by/3.0/,stated,fsd50k_real_v1
SS-MAC-0020,originals/machinery_fault/SS-MAC-0020.wav,Machinery Fault,FSD50K (Freesound clip 339136),https://freesound.org/s/339136/,CC0-1.0,FFKoenigsegg20012017,2026-09-23,1.217,44100,1,vehicle,unspecified,n/a,original,,,,19e10016f5af68e4cf14af8fb7699139d02b71cced461aa880de1770b7d5b98a,train,339136,dev,"Race_car_and_auto_racing,Accelerating_and_revving_and_vroom,Car,Motor_vehicle_(road),Vehicle,Engine",http://creativecommons.org/publicdomain/zero/1.0/,inferred_from_tags,fsd50k_real_v1
SS-MAC-0021,originals/machinery_fault/SS-MAC-0021.wav,Machinery Fault,FSD50K (Freesound clip 401547),https://freesound.org/s/401547/,CC0-1.0,GiocoSound,2026-09-23,2.804,44100,1,unspecified,unspecified,n/a,original,,,,b2e2661172b028d37636a1cc5b5eb7e0fa7d9c5fb0ef05c3f3d9c6f2a8a41f5f,train,401547,dev,Engine,http://creativecommons.org/publicdomain/zero/1.0/,unmatched,fsd50k_real_v1
SS-MAC-0022,originals/machinery_fault/SS-MAC-0022.wav,Machinery Fault,FSD50K (Freesound clip 58548),https://freesound.org/s/58548/,CC-BY-3.0,Gvido,2026-09-23,8.751,44100,1,outdoor,unspecified,n/a,original,,,,b26beea841ef14797959133a96d784a5959e4aba284e3cbfce28c7f25dbb3cdf,train,58548,eval,"Traffic_noise_and_roadway_noise,Accelerating_and_revving_and_vroom,Car,Motor_vehicle_(road),Vehicle,Engine",http://creativecommons.org/licenses/by/3.0/,stated,fsd50k_real_v1
SS-MAC-0023,originals/machinery_fault/SS-MAC-0023.wav,Machinery Fault,FSD50K (Freesound clip 9197),https://freesound.org/s/9197/,CC0-1.0,Heigh-hoo,2026-09-23,18.879,44100,1,outdoor,unspecified,n/a,original,,,,74e3561708b03723d9a81ab989aa397841eaf167685071066bc995f56b54585f,test,9197,eval,"Idling,Motorcycle,Traffic_noise_and_roadway_noise,Accelerating_and_revving_and_vroom,Engine,Motor_vehicle_(road),Vehicle",http://creativecommons.org/publicdomain/zero/1.0/,stated,fsd50k_real_v1
SS-MAC-0024,originals/machinery_fault/SS-MAC-0024.wav,Machinery Fault,FSD50K (Freesound clip 338954),https://freesound.org/s/338954/,CC-BY-3.0,InspectorJ,2026-09-23,4.911,44100,1,vehicle,unspecified,n/a,original,,,,d6380de85e07b782c1797ac5d6e60944eb027414151e5c0249bf529dfa792c30,val,338954,dev,"Engine_starting,Car,Motor_vehicle_(road),Vehicle,Engine",http://creativecommons.org/licenses/by/3.0/,inferred_from_tags,fsd50k_real_v1
SS-MAC-0025,originals/machinery_fault/SS-MAC-0025.wav,Machinery Fault,FSD50K (Freesound clip 257021),https://freesound.org/s/257021/,CC-BY-3.0,Jagadamba,2026-09-23,1.008,44100,1,outdoor,unspecified,n/a,original,,,,f64d267ff2dea9c45122052e1d898e009fd113115f09720843a3fc589f8dfca3,train,257021,dev,"Engine,Mechanisms",http://creativecommons.org/licenses/by/3.0/,stated,fsd50k_real_v1
SS-MAC-0026,originals/machinery_fault/SS-MAC-0026.wav,Machinery Fault,FSD50K (Freesound clip 133895),https://freesound.org/s/133895/,CC-BY-3.0,JoelAudio,2026-09-23,1.26,44100,1,outdoor,unspecified,n/a,original,,,,1031f65364abf25a8c453c2dd08661a45ce159ad7e4075f0f6511459f6bf29b8,test,133895,eval,"Buzz,Insect,Wild_animals,Animal",http://creativecommons.org/licenses/by/3.0/,stated,fsd50k_real_v1
SS-MAC-0027,originals/machinery_fault/SS-MAC-0027.wav,Machinery Fault,FSD50K (Freesound clip 70114),https://freesound.org/s/70114/,CC-BY-3.0,JustinBW,2026-09-23,1.61,44100,1,outdoor,unspecified,n/a,original,,,,dbda8045e5d529ecff4d6a1628e77fb5ec83158b60e079f454f5d7fa74ba208c,train,70114,dev,"Idling,Engine",http://creativecommons.org/licenses/by/3.0/,inferred_from_tags,fsd50k_real_v1
SS-MAC-0028,originals/machinery_fault/SS-MAC-0028.wav,Machinery Fault,FSD50K (Freesound clip 242738),https://freesound.org/s/242738/,CC0-1.0,MarlonHJ,2026-09-23,1.593,44100,1,unspecified,unspecified,n/a,original,,,,f40b0233de5e031c70bfcf4de1086e916c8a66295dff960dd61a2d6e7d4b7f98,train,242738,dev,"Engine,Truck,Motor_vehicle_(road),Vehicle",http://creativecommons.org/publicdomain/zero/1.0/,unmatched,fsd50k_real_v1
SS-MAC-0029,originals/machinery_fault/SS-MAC-0029.wav,Machinery Fault,FSD50K (Freesound clip 63738),https://freesound.org/s/63738/,CC-BY-3.0,NoiseCollector,2026-09-23,29.325,44100,1,outdoor,unspecified,n/a,original,,,,749e56e0a701ec33da476964ad3f215f86fceec8ff5ebc3ce4bd75dd255e7adf,train,63738,dev,"Printer,Mechanisms",http://creativecommons.org/licenses/by/3.0/,stated,fsd50k_real_v1
SS-MAC-0030,originals/machinery_fault/SS-MAC-0030.wav,Machinery Fault,FSD50K (Freesound clip 97993),https://freesound.org/s/97993/,CC-BY-3.0,Omar Alvarado,2026-09-23,16.222,44100,1,unspecified,unspecified,n/a,original,,,,d65d74e69724b6e48d5c74bb22ead1af135b5a3f60ff90cc3dc54dff040d9348,train,97993,dev,"Hammer,Drill,Power_tool,Tools",http://creativecommons.org/licenses/by/3.0/,unmatched,fsd50k_real_v1
SS-MAC-0031,originals/machinery_fault/SS-MAC-0031.wav,Machinery Fault,FSD50K (Freesound clip 217977),https://freesound.org/s/217977/,CC-BY-3.0,Otakua,2026-09-23,6.441,44100,1,studio,unspecified,n/a,original,,,,cf342168541d6e55855a9039fa1377bbcdc2a118e695b81682867d161ee63818,train,217977,dev,Engine,http://creativecommons.org/licenses/by/3.0/,stated,fsd50k_real_v1
SS-MAC-0032,originals/machinery_fault/SS-MAC-0032.wav,Machinery Fault,FSD50K (Freesound clip 318197),https://freesound.org/s/318197/,CC0-1.0,PapercutterJohn,2026-09-23,20.365,44100,1,indoor,unspecified,n/a,original,,,,ddc48d6c733c5b6a068aac0fa69abc066e2cea4f19e5385793faa42a59075e7d,train,318197,eval,"Drill,Power_tool,Tools",http://creativecommons.org/publicdomain/zero/1.0/,stated,fsd50k_real_v1
SS-MAC-0033,originals/machinery_fault/SS-MAC-0033.wav,Machinery Fault,FSD50K (Freesound clip 23519),https://freesound.org/s/23519/,CC-BY-3.0,Percy Duke,2026-09-23,10.998,44100,1,outdoor,unspecified,n/a,original,,,,df6abfda3252acac632971af288833f23346c2be09e4a55cddb507ea6af70904,val,23519,eval,"Fixed-wing_aircraft_and_airplane,Engine,Aircraft,Vehicle",http://creativecommons.org/licenses/by/3.0/,stated,fsd50k_real_v1
SS-MAC-0034,originals/machinery_fault/SS-MAC-0034.wav,Machinery Fault,FSD50K (Freesound clip 3185),https://freesound.org/s/3185/,CC0-1.0,Pingel,2026-09-23,18.404,44100,1,outdoor,unspecified,n/a,original,,,,ab6187f3ddcce81b50be1e4944991ed012b60ebc779a28732e37eb7de974ac9e,train,3185,dev,Engine,http://creativecommons.org/publicdomain/zero/1.0/,inferred_from_tags,fsd50k_real_v1
SS-MAC-0035,originals/machinery_fault/SS-MAC-0035.wav,Machinery Fault,FSD50K (Freesound clip 112780),https://freesound.org/s/112780/,CC-BY-3.0,Puniho,2026-09-23,1.695,44100,1,outdoor,unspecified,n/a,original,,,,8170da86219301d7c698f3bad67486c001f1a8923d9c2ed6d904619b39c83b57,train,112780,eval,Engine,http://creativecommons.org/licenses/by/3.0/,stated,fsd50k_real_v1
SS-MAC-0036,originals/machinery_fault/SS-MAC-0036.wav,Machinery Fault,FSD50K (Freesound clip 385929),https://freesound.org/s/385929/,CC0-1.0,Pól,2026-09-23,8.0,44100,1,vehicle,unspecified,n/a,original,,,,e73af118e3d53511d1881b491519b10e62f6a75506dff2e8b5a19ec1573101a0,val,385929,dev,"Engine,Vehicle",http://creativecommons.org/publicdomain/zero/1.0/,inferred_from_tags,fsd50k_real_v1
SS-MAC-0037,originals/machinery_fault/SS-MAC-0037.wav,Machinery Fault,FSD50K (Freesound clip 1001),https://freesound.org/s/1001/,CC-BY-3.0,RHumphries,2026-09-23,22.338,44100,1,indoor,unspecified,n/a,original,,,,20d301a77831e66f128a9a56cf16494e4edbdc62a01f21cfc5b94dc420ac3968,train,1001,eval,"Sink_(filling_or_washing),Water_tap_and_faucet,Engine,Domestic_sounds_and_home_sounds",http://creativecommons.org/licenses/by/3.0/,stated,fsd50k_real_v1
SS-MAC-0038,originals/machinery_fault/SS-MAC-0038.wav,Machinery Fault,FSD50K (Freesound clip 216373),https://freesound.org/s/216373/,CC-BY-3.0,RSilveira_88,2026-09-23,14.831,44100,1,unspecified,unspecified,n/a,original,,,,04a29e505fcbb7b60371d7e01f30e05f6d5c33618a20670be2d1dfb1ebcd27ae,train,216373,dev,Engine,http://creativecommons.org/licenses/by/3.0/,unmatched,fsd50k_real_v1
SS-MAC-0039,originals/machinery_fault/SS-MAC-0039.wav,Machinery Fault,FSD50K (Freesound clip 46668),https://freesound.org/s/46668/,Sampling+-1.0,ReWired,2026-09-23,11.038,44100,1,outdoor,unspecified,n/a,original,,,,17409e405cee04140931457024e45bed155dd99d3bbbc55dede309d83c6668ff,train,46668,dev,"Engine,Drill,Power_tool,Tools",http://creativecommons.org/licenses/sampling+/1.0/,inferred_from_tags,fsd50k_real_v1
SS-MAC-0040,originals/machinery_fault/SS-MAC-0040.wav,Machinery Fault,FSD50K (Freesound clip 186935),https://freesound.org/s/186935/,CC0-1.0,ReadeOnly,2026-09-23,6.067,44100,1,unspecified,unspecified,n/a,original,,,,065b246f9d5c1bfadcde730ac73572dd73c4a70d85947de5084f23d21798a543,val,186935,dev,"Idling,Truck,Motor_vehicle_(road),Vehicle,Engine",http://creativecommons.org/publicdomain/zero/1.0/,unmatched,fsd50k_real_v1
SS-MAC-0041,originals/machinery_fault/SS-MAC-0041.wav,Machinery Fault,FSD50K (Freesound clip 386789),https://freesound.org/s/386789/,CC0-1.0,RichieMcMullen,2026-09-23,4.737,44100,1,unspecified,unspecified,n/a,original,,,,db6b07f9ea8e6daeb377b5179195a533b08d07172a2e92e604e008311e58b6be,test,386789,dev,"Idling,Engine",http://creativecommons.org/publicdomain/zero/1.0/,unmatched,fsd50k_real_v1
SS-MAC-0042,originals/machinery_fault/SS-MAC-0042.wav,Machinery Fault,FSD50K (Freesound clip 50751),https://freesound.org/s/50751/,CC0-1.0,RutgerMuller,2026-09-23,27.0,44100,1,outdoor,unspecified,n/a,original,,,,be9df5a66f49c19855ed89840edec41847f53ea62cd95314eec2a995e943fd1c,test,50751,dev,"Mechanical_fan,Mechanisms",http://creativecommons.org/publicdomain/zero/1.0/,inferred_from_tags,fsd50k_real_v1
SS-MAC-0043,originals/machinery_fault/SS-MAC-0043.wav,Machinery Fault,FSD50K (Freesound clip 425383),https://freesound.org/s/425383/,CC-BY-3.0,Soundholder,2026-09-23,29.184,44100,1,outdoor,unspecified,n/a,original,,,,d266192ee0cb12032413d6503d4d5b3ad06a330e68f2222a41340eb19a390477,val,425383,dev,"Car_passing_by,Accelerating_and_revving_and_vroom,Car,Motor_vehicle_(road),Vehicle,Engine",http://creativecommons.org/licenses/by/3.0/,stated,fsd50k_real_v1
SS-MAC-0044,originals/machinery_fault/SS-MAC-0044.wav,Machinery Fault,FSD50K (Freesound clip 205660),https://freesound.org/s/205660/,CC0-1.0,Soundscape_Leuphana,2026-09-23,25.259,44100,1,indoor,unspecified,n/a,original,,,,ac1bd984927865b7b4f7ac48f98d05572a8b1f1ba5753fbc637fcfb49e2deb1e,test,205660,eval,"Printer,Mechanisms",http://creativecommons.org/publicdomain/zero/1.0/,inferred_from_tags,fsd50k_real_v1
SS-MAC-0045,originals/machinery_fault/SS-MAC-0045.wav,Machinery Fault,FSD50K (Freesound clip 17434),https://freesound.org/s/17434/,Sampling+-1.0,Stomp,2026-09-23,5.273,44100,1,indoor,unspecified,n/a,original,,,,55ce3cece88e4f41dfda0cd76564847501ef0a35cb51ceb2b7d332163471472d,train,17434,dev,"Mechanical_fan,Mechanisms",http://creativecommons.org/licenses/sampling+/1.0/,stated,fsd50k_real_v1
SS-MAC-0046,originals/machinery_fault/SS-MAC-0046.wav,Machinery Fault,FSD50K (Freesound clip 37908),https://freesound.org/s/37908/,CC-BY-3.0,THE_bizniss,2026-09-23,13.05,44100,1,outdoor,unspecified,n/a,original,,,,d279071680b9fe7d6f725f241311d9a7bcd523e3fbc2f888f8ecee0bb35ad95c,val,37908,eval,"Chatter,Motorcycle,Accelerating_and_revving_and_vroom,Human_group_actions,Motor_vehicle_(road),Vehicle,Engine",http://creativecommons.org/licenses/by/3.0/,stated,fsd50k_real_v1
SS-MAC-0047,originals/machinery_fault/SS-MAC-0047.wav,Machinery Fault,FSD50K (Freesound clip 212068),https://freesound.org/s/212068/,CC-BY-3.0,Taira Komori,2026-09-23,19.433,44100,1,outdoor,unspecified,n/a,original,,,,6a0d5e954e1f6b9ed26dba91cec5170f93ba4ed364a83008048af44d2f4814d3,train,212068,dev,Engine,http://creativecommons.org/licenses/by/3.0/,inferred_from_tags,fsd50k_real_v1
SS-MAC-0048,originals/machinery_fault/SS-MAC-0048.wav,Machinery Fault,FSD50K (Freesound clip 245692),https://freesound.org/s/245692/,CC0-1.0,TicAshfield,2026-09-23,10.397,44100,1,outdoor,unspecified,n/a,original,,,,2a169aef34cdc67dd74f014495550672bca433d01f162c0596670cf7a84572d5,train,245692,dev,"Motorcycle,Motor_vehicle_(road),Vehicle",http://creativecommons.org/publicdomain/zero/1.0/,inferred_from_tags,fsd50k_real_v1
SS-MAC-0049,originals/machinery_fault/SS-MAC-0049.wav,Machinery Fault,FSD50K (Freesound clip 319393),https://freesound.org/s/319393/,CC0-1.0,Tito Lahaye,2026-09-23,12.803,44100,1,outdoor,unspecified,n/a,original,,,,a031d7c9ea93e720e7f368d71e76be357040702b7f2537309a6c81c5b4bbae7f,test,319393,eval,"Race_car_and_auto_racing,Engine,Car,Motor_vehicle_(road),Vehicle",http://creativecommons.org/publicdomain/zero/1.0/,stated,fsd50k_real_v1
SS-MAC-0050,originals/machinery_fault/SS-MAC-0050.wav,Machinery Fault,FSD50K (Freesound clip 96936),https://freesound.org/s/96936/,CC-BY-3.0,Tomlija,2026-09-23,21.354,44100,1,unspecified,unspecified,n/a,original,,,,b067fb71eaa62abb1287b1b3ee592193de9c2557f26c7b455aedf98b36c1e8da,train,96936,eval,"Hammer,Tools",http://creativecommons.org/licenses/by/3.0/,unmatched,fsd50k_real_v1
SS-MAC-0051,originals/machinery_fault/SS-MAC-0051.wav,Machinery Fault,FSD50K (Freesound clip 31632),https://freesound.org/s/31632/,CC0-1.0,UncleSigmund,2026-09-23,4.875,44100,1,unspecified,unspecified,n/a,original,,,,a1804b0940410f62854aef62afdacba9d296c1e1459108d4e578d22f42c34e16,val,31632,eval,"Engine,Domestic_sounds_and_home_sounds",http://creativecommons.org/publicdomain/zero/1.0/,unmatched,fsd50k_real_v1
SS-MAC-0052,originals/machinery_fault/SS-MAC-0052.wav,Machinery Fault,FSD50K (Freesound clip 17906),https://freesound.org/s/17906/,CC-BY-3.0,WIM,2026-09-23,7.571,44100,1,outdoor,unspecified,n/a,original,,,,e1c8b22804d1666ba501bfbb7b0e8e5c893791e491f69675d8d78fc735201fa2,train,17906,dev,"Hammer,Tools",http://creativecommons.org/licenses/by/3.0/,stated,fsd50k_real_v1
SS-MAC-0053,originals/machinery_fault/SS-MAC-0053.wav,Machinery Fault,FSD50K (Freesound clip 406110),https://freesound.org/s/406110/,CC0-1.0,Yin_Yang_Jake007,2026-09-23,6.962,44100,1,unspecified,unspecified,n/a,original,,,,7c61dac76463242ac6966152678b555812211d56aa9d3727f7b72c3b9d57a896,train,406110,eval,"Idling,Engine",http://creativecommons.org/publicdomain/zero/1.0/,unmatched,fsd50k_real_v1
SS-MAC-0054,originals/machinery_fault/SS-MAC-0054.wav,Machinery Fault,FSD50K (Freesound clip 145264),https://freesound.org/s/145264/,CC0-1.0,Zabuhailo,2026-09-23,12.136,44100,1,indoor,unspecified,n/a,original,,,,46f1711e0bea837a02d0c153cccb9741b51d467cdce5fb00a23974c86eff49a4,train,145264,dev,"Printer,Mechanisms",http://creativecommons.org/publicdomain/zero/1.0/,stated,fsd50k_real_v1
SS-MAC-0055,originals/machinery_fault/SS-MAC-0055.wav,Machinery Fault,FSD50K (Freesound clip 328752),https://freesound.org/s/328752/,CC0-1.0,aerror,2026-09-23,5.394,44100,1,unspecified,unspecified,n/a,original,,,,65cbce4fa325fac9251c4b517be5610992f1a62ea8a13c3539a82b0f08ad4e16,train,328752,eval,"Engine,Mechanisms",http://creativecommons.org/publicdomain/zero/1.0/,unmatched,fsd50k_real_v1
SS-MAC-0056,originals/machinery_fault/SS-MAC-0056.wav,Machinery Fault,FSD50K (Freesound clip 39834),https://freesound.org/s/39834/,CC-BY-3.0,aesqe,2026-09-23,23.315,44100,1,indoor,unspecified,n/a,original,,,,962c23db34aff79feb31992bd34e9b9835afe20b81c52acd522d9bee89217d6e,train,39834,eval,"Mechanical_fan,Mechanisms",http://creativecommons.org/licenses/by/3.0/,stated,fsd50k_real_v1
SS-MAC-0057,originals/machinery_fault/SS-MAC-0057.wav,Machinery Fault,FSD50K (Freesound clip 71079),https://freesound.org/s/71079/,Sampling+-1.0,aharri6,2026-09-23,3.437,44100,1,unspecified,unspecified,n/a,original,,,,228f5cc059121f09dbe6611438121f8a8a4325b721b32c0b9effc7f6d929105d,train,71079,dev,"Drill,Power_tool,Tools",http://creativecommons.org/licenses/sampling+/1.0/,unmatched,fsd50k_real_v1
SS-MAC-0058,originals/machinery_fault/SS-MAC-0058.wav,Machinery Fault,FSD50K (Freesound clip 338121),https://freesound.org/s/338121/,CC0-1.0,akoros,2026-09-23,7.7,44100,1,unspecified,unspecified,n/a,original,,,,303e5ca87db071eff06002117d68df7d65c7f0fac750c7d2704ff0dc46b60435,train,338121,dev,"Motorcycle,Motor_vehicle_(road),Vehicle",http://creativecommons.org/publicdomain/zero/1.0/,unmatched,fsd50k_real_v1
SS-MAC-0059,originals/machinery_fault/SS-MAC-0059.wav,Machinery Fault,FSD50K (Freesound clip 152657),https://freesound.org/s/152657/,CC0-1.0,alexftw123,2026-09-23,6.5,44100,1,outdoor,unspecified,n/a,original,,,,699915d3981937e7720965b6e5f56a74f9a2b4d43131f1c1feb3524d7f7bd5f6,train,152657,dev,"Accelerating_and_revving_and_vroom,Car,Motor_vehicle_(road),Vehicle,Engine",http://creativecommons.org/publicdomain/zero/1.0/,stated,fsd50k_real_v1
SS-MAC-0060,originals/machinery_fault/SS-MAC-0060.wav,Machinery Fault,FSD50K (Freesound clip 322125),https://freesound.org/s/322125/,CC-BY-3.0,azumarill,2026-09-23,16.15,44100,1,indoor,unspecified,n/a,original,,,,1f6b6a0ce689e3c5752fd39097510329326808e6cdf6056eeb573814d09cd0a4,train,322125,dev,"Printer,Mechanisms",http://creativecommons.org/licenses/by/3.0/,inferred_from_tags,fsd50k_real_v1
SS-MAC-0061,originals/machinery_fault/SS-MAC-0061.wav,Machinery Fault,FSD50K (Freesound clip 337813),https://freesound.org/s/337813/,CC0-1.0,blukotek,2026-09-23,6.144,44100,1,outdoor,unspecified,n/a,original,,,,67886a7fb295c1733a2b121416403b7e3f53a7c028dd2258c694cc516935c214,val,337813,eval,"Hammer,Tools",http://creativecommons.org/publicdomain/zero/1.0/,stated,fsd50k_real_v1
SS-MAC-0062,originals/machinery_fault/SS-MAC-0062.wav,Machinery Fault,FSD50K (Freesound clip 145541),https://freesound.org/s/145541/,CC-BY-3.0,bmoreno,2026-09-23,1.324,44100,1,outdoor,unspecified,n/a,original,,,,cae6a81c269ae4436f9ed9eb782171b7d0edfb9326933d079176cc3163fdbdd4,train,145541,dev,"Motorcycle,Motor_vehicle_(road),Vehicle",http://creativecommons.org/licenses/by/3.0/,stated,fsd50k_real_v1
SS-MAC-0063,originals/machinery_fault/SS-MAC-0063.wav,Machinery Fault,FSD50K (Freesound clip 62463),https://freesound.org/s/62463/,CC0-1.0,bsumusictech,2026-09-23,16.07,44100,1,outdoor,unspecified,n/a,original,,,,9e68e77b8a043929eacc5ebfdd33d078d81ad309bbd6dfb00c5e8abc430479ad,train,62463,eval,"Cricket,Motorcycle,Engine,Insect,Wild_animals,Animal,Motor_vehicle_(road),Vehicle",http://creativecommons.org/publicdomain/zero/1.0/,stated,fsd50k_real_v1
SS-MAC-0064,originals/machinery_fault/SS-MAC-0064.wav,Machinery Fault,FSD50K (Freesound clip 168060),https://freesound.org/s/168060/,CC-BY-3.0,buddhabeats,2026-09-23,20.1,44100,1,outdoor,unspecified,n/a,original,,,,5d27f284e68e654a6bccc2110e0fc840e2d9f70ae835a9887cc3849bc6b43fd7,val,168060,dev,Engine,http://creativecommons.org/licenses/by/3.0/,stated,fsd50k_real_v1
SS-MAC-0065,originals/machinery_fault/SS-MAC-0065.wav,Machinery Fault,FSD50K (Freesound clip 191171),https://freesound.org/s/191171/,CC-BY-3.0,cahen,2026-09-23,2.379,44100,1,studio,unspecified,n/a,original,,,,b4241910168ac20dca1d6406a29f234f261211b411f74abef64543cd9015a155,train,191171,dev,Engine,http://creativecommons.org/licenses/by/3.0/,stated,fsd50k_real_v1
SS-MAC-0066,originals/machinery_fault/SS-MAC-0066.wav,Machinery Fault,FSD50K (Freesound clip 71905),https://freesound.org/s/71905/,CC-BY-3.0,cmusounddesign,2026-09-23,27.422,44100,1,unspecified,unspecified,n/a,original,,,,5e3567f4e69793968c352de4aab630bf82b4eeadaf38245375d5319d63214d54,test,71905,dev,"Drill,Power_tool,Tools",http://creativecommons.org/licenses/by/3.0/,unmatched,fsd50k_real_v1
SS-MAC-0067,originals/machinery_fault/SS-MAC-0067.wav,Machinery Fault,FSD50K (Freesound clip 16942),https://freesound.org/s/16942/,CC0-1.0,cognito perceptu,2026-09-23,0.899,44100,1,indoor,unspecified,n/a,original,,,,1e5343e1c4358153e70030890eab68e835cb014cd0677533132341f7c999c9d8,test,16942,eval,"Printer,Mechanisms",http://creativecommons.org/publicdomain/zero/1.0/,stated,fsd50k_real_v1
SS-MAC-0068,originals/machinery_fault/SS-MAC-0068.wav,Machinery Fault,FSD50K (Freesound clip 103429),https://freesound.org/s/103429/,CC-BY-3.0,confusion_music,2026-09-23,3.462,44100,1,unspecified,unspecified,n/a,original,,,,7ed3f99e5f8ab7ae36c4cd33cc81a1a9470ffe19ee3a92f243b821efe4df250f,val,103429,dev,"Motorcycle,Engine,Motor_vehicle_(road),Vehicle",http://creativecommons.org/licenses/by/3.0/,unmatched,fsd50k_real_v1
SS-MAC-0069,originals/machinery_fault/SS-MAC-0069.wav,Machinery Fault,FSD50K (Freesound clip 36830),https://freesound.org/s/36830/,CC0-1.0,csproductions,2026-09-23,6.733,44100,1,unspecified,unspecified,n/a,original,,,,c9628edd9914ea608e4d6a2d7de283ee4c641d139c7ff07e560f0ef8a70bd3bc,train,36830,dev,"Accelerating_and_revving_and_vroom,Car,Motor_vehicle_(road),Vehicle,Engine",http://creativecommons.org/publicdomain/zero/1.0/,unmatched,fsd50k_real_v1
SS-MAC-0070,originals/machinery_fault/SS-MAC-0070.wav,Machinery Fault,FSD50K (Freesound clip 6989),https://freesound.org/s/6989/,CC-BY-3.0,dobroide,2026-09-23,15.856,44100,1,outdoor,unspecified,n/a,original,,,,88c4cb4ec4731835b72b8fb961aec87018cc719a35106e48b8fe89bdb023f9f8,train,6989,dev,Engine,http://creativecommons.org/licenses/by/3.0/,inferred_from_tags,fsd50k_real_v1
SS-MAC-0071,originals/machinery_fault/SS-MAC-0071.wav,Machinery Fault,FSD50K (Freesound clip 353977),https://freesound.org/s/353977/,CC-BY-3.0,dycmaster,2026-09-23,16.633,44100,1,unspecified,unspecified,n/a,original,,,,105169c0ab387e2e2f82bde24e05c0e3eb833cde40d878a3c1a081aa12e8bfae,train,353977,dev,"Motorcycle,Motor_vehicle_(road),Vehicle",http://creativecommons.org/licenses/by/3.0/,unmatched,fsd50k_real_v1
SS-MAC-0072,originals/machinery_fault/SS-MAC-0072.wav,Machinery Fault,FSD50K (Freesound clip 338167),https://freesound.org/s/338167/,CC0-1.0,edranil,2026-09-23,9.528,44100,1,unspecified,unspecified,n/a,original,,,,576b37572fdae1f5ecda5de270fa521afd14592f17e7e625a1b2906156beeb2b,train,338167,eval,"Male_speech_and_man_speaking,Chatter,Bus,Engine,Speech,Human_voice,Human_group_actions,Motor_vehicle_(road),Vehicle",http://creativecommons.org/publicdomain/zero/1.0/,unmatched,fsd50k_real_v1
SS-MAC-0073,originals/machinery_fault/SS-MAC-0073.wav,Machinery Fault,FSD50K (Freesound clip 141268),https://freesound.org/s/141268/,CC0-1.0,escortmarius,2026-09-23,8.479,44100,1,unspecified,unspecified,n/a,original,,,,abd4307009f346a7f684c8230486bd01b31bc487b194990d62fd9f533c5eeacf,train,141268,eval,"Idling,Accelerating_and_revving_and_vroom,Car,Motor_vehicle_(road),Vehicle,Engine",http://creativecommons.org/publicdomain/zero/1.0/,unmatched,fsd50k_real_v1
SS-MAC-0074,originals/machinery_fault/SS-MAC-0074.wav,Machinery Fault,FSD50K (Freesound clip 170757),https://freesound.org/s/170757/,CC0-1.0,esperar,2026-09-23,14.619,44100,1,unspecified,unspecified,n/a,original,,,,88f4f8d046f023ea0a532f3a510e760a811e5b6c8ef6957b78f15444c8bb7796,train,170757,dev,"Buzz,Human_voice,Insect,Wild_animals,Animal",http://creativecommons.org/publicdomain/zero/1.0/,unmatched,fsd50k_real_v1
SS-MAC-0075,originals/machinery_fault/SS-MAC-0075.wav,Machinery Fault,FSD50K (Freesound clip 191388),https://freesound.org/s/191388/,CC0-1.0,fabiopapa,2026-09-23,15.464,44100,1,unspecified,unspecified,n/a,original,,,,83b186bdeed53a8a9bf1a221674df605097c72bc560193a7ac2fd3fb9db2d2ea,train,191388,eval,"Chatter,Bus,Engine,Human_group_actions,Motor_vehicle_(road),Vehicle",http://creativecommons.org/publicdomain/zero/1.0/,unmatched,fsd50k_real_v1
SS-MAC-0076,originals/machinery_fault/SS-MAC-0076.wav,Machinery Fault,FSD50K (Freesound clip 143589),https://freesound.org/s/143589/,CC-BY-3.0,gilly11,2026-09-23,2.168,44100,1,indoor,unspecified,n/a,original,,,,88e17f60fdf26d99e4caae856f98e6f1d858a6bb84da5b31867c774cea05086e,train,143589,dev,"Hammer,Tools",http://creativecommons.org/licenses/by/3.0/,inferred_from_tags,fsd50k_real_v1
SS-MAC-0077,originals/machinery_fault/SS-MAC-0077.wav,Machinery Fault,FSD50K (Freesound clip 331520),https://freesound.org/s/331520/,CC0-1.0,gladkiy,2026-09-23,29.321,44100,1,outdoor,unspecified,n/a,original,,,,9e0cfcdbe847bf7badcf1518f972b213d9d5f207d7a71f3c040a119f506116e0,test,331520,dev,"Car_passing_by,Traffic_noise_and_roadway_noise,Bus,Engine,Car,Motor_vehicle_(road),Vehicle",http://creativecommons.org/publicdomain/zero/1.0/,stated,fsd50k_real_v1
SS-MAC-0078,originals/machinery_fault/SS-MAC-0078.wav,Machinery Fault,FSD50K (Freesound clip 222804),https://freesound.org/s/222804/,CC0-1.0,gthall,2026-09-23,4.296,44100,1,unspecified,unspecified,n/a,original,,,,c7d6f2f590af7c2471070063c3d0dd7226f9854e67ceecd9153bc02176cd4b3d,train,222804,dev,Engine,http://creativecommons.org/publicdomain/zero/1.0/,unmatched,fsd50k_real_v1
SS-MAC-0079,originals/machinery_fault/SS-MAC-0079.wav,Machinery Fault,FSD50K (Freesound clip 274906),https://freesound.org/s/274906/,CC-BY-3.0,hantorio,2026-09-23,6.5,44100,1,unspecified,unspecified,n/a,original,,,,40d16883280c1102647124de286b7038ddb220edf8b432099cba59a8876905c5,train,274906,eval,"Idling,Boat_and_Water_vehicle,Engine,Vehicle",http://creativecommons.org/licenses/by/3.0/,unmatched,fsd50k_real_v1
SS-MAC-0080,originals/machinery_fault/SS-MAC-0080.wav,Machinery Fault,FSD50K (Freesound clip 94285),https://freesound.org/s/94285/,CC0-1.0,higginsdj,2026-09-23,15.886,44100,1,unspecified,unspecified,n/a,original,,,,be837fe78a727761baa3ec44829cb934da602e9d258a4e007b94a66fca716e60,train,94285,eval,"Fill_(with_liquid),Trickle_and_dribble,Engine,Liquid,Pour",http://creativecommons.org/publicdomain/zero/1.0/,unmatched,fsd50k_real_v1
SS-MAC-0081,originals/machinery_fault/SS-MAC-0081.wav,Machinery Fault,FSD50K (Freesound clip 340239),https://freesound.org/s/340239/,CC-BY-3.0,kingof_thelab,2026-09-23,0.53,44100,1,unspecified,unspecified,n/a,original,,,,61b3a8b6425690879c0d435f7303437df738c467b8e37c2d85baa04edabc3a9e,train,340239,dev,"Hammer,Tools",http://creativecommons.org/licenses/by/3.0/,unmatched,fsd50k_real_v1
SS-MAC-0082,originals/machinery_fault/SS-MAC-0082.wav,Machinery Fault,FSD50K (Freesound clip 202752),https://freesound.org/s/202752/,CC-BY-3.0,klankbeeld,2026-09-23,29.716,44100,1,outdoor,unspecified,n/a,original,,,,dbf63f6c029d0ccee60cf8da8abd8f5f8472604e892c2ebb8f1311a7c8069fe8,test,202752,dev,"Drill,Power_tool,Tools",http://creativecommons.org/licenses/by/3.0/,inferred_from_tags,fsd50k_real_v1
SS-MAC-0083,originals/machinery_fault/SS-MAC-0083.wav,Machinery Fault,FSD50K (Freesound clip 245413),https://freesound.org/s/245413/,CC-BY-3.0,kwahmah_02,2026-09-23,12.019,44100,1,unspecified,unspecified,n/a,original,,,,fe9c0a438fa3739b903ce29cbdc82e6dc56afe71b4b6e50850bd7da99754f621,train,245413,dev,Engine,http://creativecommons.org/licenses/by/3.0/,unmatched,fsd50k_real_v1
SS-MAC-0084,originals/machinery_fault/SS-MAC-0084.wav,Machinery Fault,FSD50K (Freesound clip 404993),https://freesound.org/s/404993/,CC0-1.0,kyles,2026-09-23,22.647,44100,1,unspecified,unspecified,n/a,original,,,,36c104c81e298d0c46f5ccface6de4ac96bf6637c3f4d320035df5e893716e80,train,404993,dev,"Motorcycle,Motor_vehicle_(road),Vehicle",http://creativecommons.org/publicdomain/zero/1.0/,unmatched,fsd50k_real_v1
SS-MAC-0085,originals/machinery_fault/SS-MAC-0085.wav,Machinery Fault,FSD50K (Freesound clip 386178),https://freesound.org/s/386178/,CC0-1.0,ldezem,2026-09-23,18.0,44100,1,unspecified,unspecified,n/a,original,,,,1055f0488dbd3eb512aa447e8f27685b7f7f9b5e4e0998e3a9e940a42e5e3d56,train,386178,dev,"Drill,Power_tool,Tools",http://creativecommons.org/publicdomain/zero/1.0/,unmatched,fsd50k_real_v1
SS-MAC-0086,originals/machinery_fault/SS-MAC-0086.wav,Machinery Fault,FSD50K (Freesound clip 412431),https://freesound.org/s/412431/,CC0-1.0,lenznbua,2026-09-23,9.953,44100,1,unspecified,unspecified,n/a,original,,,,6fa5197f8002fd78d647853e51a84cfa864436b51f4294b0c5578db073600d2f,val,412431,dev,"Motorcycle,Motor_vehicle_(road),Vehicle",http://creativecommons.org/publicdomain/zero/1.0/,unmatched,fsd50k_real_v1
SS-MAC-0087,originals/machinery_fault/SS-MAC-0087.wav,Machinery Fault,FSD50K (Freesound clip 118804),https://freesound.org/s/118804/,CC0-1.0,lmbubec,2026-09-23,9.837,44100,1,unspecified,unspecified,n/a,original,,,,fe91764500935c0bf9f775dd148beb632c054c3395d13172035d92ae691ecb29,train,118804,eval,"Hiss,Engine",http://creativecommons.org/publicdomain/zero/1.0/,unmatched,fsd50k_real_v1
SS-MAC-0088,originals/machinery_fault/SS-MAC-0088.wav,Machinery Fault,FSD50K (Freesound clip 157919),https://freesound.org/s/157919/,CC0-1.0,lolamadeus,2026-09-23,9.674,44100,1,outdoor,unspecified,n/a,original,,,,c4f097969d5432fe73736e82c5d1d44f28658bad4573f9bbbb87fadce6f21399,train,157919,eval,"Male_speech_and_man_speaking,Buzz,Speech,Human_voice,Insect,Wild_animals,Animal",http://creativecommons.org/publicdomain/zero/1.0/,inferred_from_tags,fsd50k_real_v1
SS-MAC-0089,originals/machinery_fault/SS-MAC-0089.wav,Machinery Fault,FSD50K (Freesound clip 107228),https://freesound.org/s/107228/,CC-BY-3.0,lonemonk,2026-09-23,24.371,44100,1,unspecified,unspecified,n/a,original,,,,6cf234bfb03f4401af9a9c4b93a9d6e433d4d30a456aee929dc2cd495891db84,train,107228,eval,"Idling,Motorcycle,Accelerating_and_revving_and_vroom,Engine,Motor_vehicle_(road),Vehicle",http://creativecommons.org/licenses/by/3.0/,unmatched,fsd50k_real_v1
SS-MAC-0090,originals/machinery_fault/SS-MAC-0090.wav,Machinery Fault,FSD50K (Freesound clip 88799),https://freesound.org/s/88799/,CC-BY-3.0,lsprice,2026-09-23,0.369,44100,1,unspecified,unspecified,n/a,original,,,,a0bca6c7d7d754372127dc941906a9d7bc821e9ded609d1adc77a0c9bc8bde84,train,88799,dev,"Hammer,Tools",http://creativecommons.org/licenses/by/3.0/,unmatched,fsd50k_real_v1
SS-MAC-0091,originals/machinery_fault/SS-MAC-0091.wav,Machinery Fault,FSD50K (Freesound clip 336753),https://freesound.org/s/336753/,CC-BY-3.0,luminadii,2026-09-23,16.344,44100,1,outdoor,unspecified,n/a,original,,,,cb45bfa3a77559c3abe835f7761f47d58fd7451de61b04d1763fbe56f99ea00c,train,336753,eval,"Car_passing_by,Idling,Car,Motor_vehicle_(road),Vehicle,Engine",http://creativecommons.org/licenses/by/3.0/,inferred_from_tags,fsd50k_real_v1
SS-MAC-0092,originals/machinery_fault/SS-MAC-0092.wav,Machinery Fault,FSD50K (Freesound clip 349386),https://freesound.org/s/349386/,CC0-1.0,macdaddyno1,2026-09-23,10.031,44100,1,outdoor,unspecified,n/a,original,,,,653c467803c34db33462731d6d3a1381f35c0b2ecf26957fcc5ac5cd49042307,val,349386,eval,"Chatter,Car_passing_by,Traffic_noise_and_roadway_noise,Engine,Human_group_actions,Car,Motor_vehicle_(road),Vehicle",http://creativecommons.org/publicdomain/zero/1.0/,inferred_from_tags,fsd50k_real_v1
SS-MAC-0093,originals/machinery_fault/SS-MAC-0093.wav,Machinery Fault,FSD50K (Freesound clip 192387),https://freesound.org/s/192387/,CC-BY-3.0,madmini,2026-09-23,3.161,44100,1,unspecified,unspecified,n/a,original,,,,11b7e2641f7c054bbb6fbdcb108e087a022cdf7e74232c4327ba0044c8431834,test,192387,dev,"Motorcycle,Motor_vehicle_(road),Vehicle",http://creativecommons.org/licenses/by/3.0/,unmatched,fsd50k_real_v1
SS-MAC-0094,originals/machinery_fault/SS-MAC-0094.wav,Machinery Fault,FSD50K (Freesound clip 19275),https://freesound.org/s/19275/,CC0-1.0,martian,2026-09-23,9.0,44100,1,unspecified,unspecified,n/a,original,,,,51e9e88c36919a65da2609ea9c85accd57094e8d1d3e15ac9cf60ab81dded98c,train,19275,eval,"Car_passing_by,Engine,Car,Motor_vehicle_(road),Vehicle",http://creativecommons.org/publicdomain/zero/1.0/,unmatched,fsd50k_real_v1
SS-MAC-0095,originals/machinery_fault/SS-MAC-0095.wav,Machinery Fault,FSD50K (Freesound clip 38682),https://freesound.org/s/38682/,CC-BY-3.0,metamorphmuses,2026-09-23,11.586,44100,1,outdoor,unspecified,n/a,original,,,,f49fdc9c50de590d4973bf49e3af180bf639de18e28a80c4d3ce1e49e60f2310,train,38682,eval,"Idling,Engine_starting,Car,Motor_vehicle_(road),Vehicle,Engine",http://creativecommons.org/licenses/by/3.0/,inferred_from_tags,fsd50k_real_v1
SS-MAC-0096,originals/machinery_fault/SS-MAC-0096.wav,Machinery Fault,FSD50K (Freesound clip 235956),https://freesound.org/s/235956/,CC0-1.0,mffm,2026-09-23,16.274,44100,1,unspecified,unspecified,n/a,original,,,,b6160ec4a25160f668ac552e4424bfbf303277d592b9aa74906f48563cf936ab,train,235956,eval,"Fixed-wing_aircraft_and_airplane,Engine,Aircraft,Vehicle",http://creativecommons.org/publicdomain/zero/1.0/,unmatched,fsd50k_real_v1
SS-MAC-0097,originals/machinery_fault/SS-MAC-0097.wav,Machinery Fault,FSD50K (Freesound clip 340623),https://freesound.org/s/340623/,CC0-1.0,mickyman5000,2026-09-23,2.206,44100,1,indoor,unspecified,n/a,original,,,,9cf237d6695c0198d5192b0df07266bb1a507f2f61802f3b00f483e7686f6f42,val,340623,dev,"Accelerating_and_revving_and_vroom,Engine",http://creativecommons.org/publicdomain/zero/1.0/,stated,fsd50k_real_v1
SS-MAC-0098,originals/machinery_fault/SS-MAC-0098.wav,Machinery Fault,FSD50K (Freesound clip 68662),https://freesound.org/s/68662/,CC-BY-3.0,mikaelfernstrom,2026-09-23,2.74,44100,1,unspecified,unspecified,n/a,original,,,,538024adf9ff54fbd7f513d28e03f77f6c683011d5adf7743df77eac0feaf0e5,test,68662,dev,"Accelerating_and_revving_and_vroom,Car,Motor_vehicle_(road),Vehicle,Engine",http://creativecommons.org/licenses/by/3.0/,unmatched,fsd50k_real_v1
SS-MAC-0099,originals/machinery_fault/SS-MAC-0099.wav,Machinery Fault,FSD50K (Freesound clip 212038),https://freesound.org/s/212038/,CC0-1.0,monotraum,2026-09-23,22.763,44100,1,indoor,unspecified,n/a,original,,,,3fa20171878c26548986c3962752d881a7413528cc84679ae0a902da31ed2083,train,212038,eval,"Printer,Mechanisms",http://creativecommons.org/publicdomain/zero/1.0/,stated,fsd50k_real_v1
SS-MAC-0100,originals/machinery_fault/SS-MAC-0100.wav,Machinery Fault,FSD50K (Freesound clip 58573),https://freesound.org/s/58573/,CC-BY-3.0,morgantj,2026-09-23,9.012,44100,1,unspecified,unspecified,n/a,original,,,,92e0aee27a19f328e3ed779fd8037180a1ab478e100120ed817d7647cf0d9c54,test,58573,eval,"Chirp_and_tweet,Buzz,Insect,Wild_animals,Animal,Bird_vocalization_and_bird_call_and_bird_song,Bird",http://creativecommons.org/licenses/by/3.0/,unmatched,fsd50k_real_v1
SS-MAC-0101,originals/machinery_fault/SS-MAC-0101.wav,Machinery Fault,FSD50K (Freesound clip 67323),https://freesound.org/s/67323/,CC-BY-3.0,nicStage,2026-09-23,12.061,44100,1,unspecified,unspecified,n/a,original,,,,82ddd37d8328c97622301c46d4813b148469f81e238866940754ca53a80e418f,train,67323,eval,"Engine,Mechanisms",http://creativecommons.org/licenses/by/3.0/,unmatched,fsd50k_real_v1
SS-MAC-0102,originals/machinery_fault/SS-MAC-0102.wav,Machinery Fault,FSD50K (Freesound clip 117942),https://freesound.org/s/117942/,CC-BY-3.0,pishpirika,2026-09-23,0.522,44100,1,indoor,unspecified,n/a,original,,,,c2f55d79df5568d61c7bcac0df17fe1a6f0a22040a00af10384512993e7ef2b9,train,117942,dev,"Printer,Mechanisms",http://creativecommons.org/licenses/by/3.0/,stated,fsd50k_real_v1
SS-MAC-0103,originals/machinery_fault/SS-MAC-0103.wav,Machinery Fault,FSD50K (Freesound clip 114283),https://freesound.org/s/114283/,CC-BY-3.0,plingativator,2026-09-23,12.708,44100,1,unspecified,unspecified,n/a,original,,,,0612bfd1c96e60bdebc9df7a23c2d4079d3c2d103faff96d2913a96a282f1f59,val,114283,dev,Engine,http://creativecommons.org/licenses/by/3.0/,unmatched,fsd50k_real_v1
SS-MAC-0104,originals/machinery_fault/SS-MAC-0104.wav,Machinery Fault,FSD50K (Freesound clip 408617),https://freesound.org/s/408617/,CC0-1.0,poderarcano,2026-09-23,3.161,44100,1,unspecified,unspecified,n/a,original,,,,56dd90c2de8022e8a3d295e3e51fcde15d085d99792aca12dde04d14d36659c2,train,408617,eval,"Chatter,Idling,Car,Human_group_actions,Motor_vehicle_(road),Vehicle,Engine",http://creativecommons.org/publicdomain/zero/1.0/,unmatched,fsd50k_real_v1
SS-MAC-0105,originals/machinery_fault/SS-MAC-0105.wav,Machinery Fault,FSD50K (Freesound clip 54850),https://freesound.org/s/54850/,CC0-1.0,qubodup,2026-09-23,5.12,44100,1,unspecified,unspecified,n/a,original,,,,350b76f7b4468da3580996c4083657b38c43bcfa9725bd9d4ef0dca4ce1dd0ae,train,54850,dev,"Hammer,Wood,Tools",http://creativecommons.org/publicdomain/zero/1.0/,unmatched,fsd50k_real_v1
SS-MAC-0106,originals/machinery_fault/SS-MAC-0106.wav,Machinery Fault,FSD50K (Freesound clip 44086),https://freesound.org/s/44086/,CC-BY-3.0,rfhache,2026-09-23,3.872,44100,1,outdoor,unspecified,n/a,original,,,,2b005ab5f1713ceeb51f34219c03962d5bbda637b377ce4e3bba3227cc35d2b9,train,44086,dev,"Race_car_and_auto_racing,Engine_starting,Engine,Car,Motor_vehicle_(road),Vehicle",http://creativecommons.org/licenses/by/3.0/,stated,fsd50k_real_v1
SS-MAC-0107,originals/machinery_fault/SS-MAC-0107.wav,Machinery Fault,FSD50K (Freesound clip 361403),https://freesound.org/s/361403/,CC0-1.0,richwise,2026-09-23,17.588,44100,1,unspecified,unspecified,n/a,original,,,,f3e2e02fe7d355576250e93a093a3ddf7a85f49d520e7f82fcf8042ade23ed9a,train,361403,dev,"Motorcycle,Accelerating_and_revving_and_vroom,Motor_vehicle_(road),Vehicle,Engine",http://creativecommons.org/publicdomain/zero/1.0/,unmatched,fsd50k_real_v1
SS-MAC-0108,originals/machinery_fault/SS-MAC-0108.wav,Machinery Fault,FSD50K (Freesound clip 410131),https://freesound.org/s/410131/,CC0-1.0,soundman9826,2026-09-23,7.358,44100,1,vehicle,unspecified,n/a,original,,,,b4b5335c0bc520a3bccdf6d93b80ab24dd2fec19f4c1fc406a31b2cb343913c6,train,410131,dev,"Accelerating_and_revving_and_vroom,Engine",http://creativecommons.org/publicdomain/zero/1.0/,inferred_from_tags,fsd50k_real_v1
SS-MAC-0109,originals/machinery_fault/SS-MAC-0109.wav,Machinery Fault,FSD50K (Freesound clip 194931),https://freesound.org/s/194931/,CC-BY-3.0,soundmary,2026-09-23,8.568,44100,1,unspecified,unspecified,n/a,original,,,,ecf25116810414550d33a0e482ea62e58c204508d9455a5e7900ddf317094b5f,train,194931,eval,"Buzz,Insect,Wild_animals,Animal",http://creativecommons.org/licenses/by/3.0/,unmatched,fsd50k_real_v1
SS-MAC-0110,originals/machinery_fault/SS-MAC-0110.wav,Machinery Fault,FSD50K (Freesound clip 361442),https://freesound.org/s/361442/,CC-BY-3.0,spalena,2026-09-23,7.8,44100,1,studio,unspecified,n/a,original,,,,494deafa7b065877db05c92b581a1b7a6b6f986b32fc54c9ea5b6399645d6cb5,val,361442,dev,"Buzz,Insect,Wild_animals,Animal",http://creativecommons.org/licenses/by/3.0/,stated,fsd50k_real_v1
SS-MAC-0111,originals/machinery_fault/SS-MAC-0111.wav,Machinery Fault,FSD50K (Freesound clip 382950),https://freesound.org/s/382950/,CC-BY-3.0,stiffman,2026-09-23,6.743,44100,1,indoor,unspecified,n/a,original,,,,2ee9adaea667164bb68202324147124de0225aa6b43d842d8207b159e359750f,test,382950,dev,"Drill,Mechanisms,Power_tool,Tools",http://creativecommons.org/licenses/by/3.0/,inferred_from_tags,fsd50k_real_v1
SS-MAC-0112,originals/machinery_fault/SS-MAC-0112.wav,Machinery Fault,FSD50K (Freesound clip 55025),https://freesound.org/s/55025/,CC0-1.0,suonidigenova,2026-09-23,4.013,44100,1,outdoor,unspecified,n/a,original,,,,d0018d55dd1f3cf1bd80782399e36449c88590760b60f9cfb80379e2f9237ee8,train,55025,dev,"Engine,Boat_and_Water_vehicle,Vehicle",http://creativecommons.org/publicdomain/zero/1.0/,stated,fsd50k_real_v1
SS-MAC-0113,originals/machinery_fault/SS-MAC-0113.wav,Machinery Fault,FSD50K (Freesound clip 48664),https://freesound.org/s/48664/,CC-BY-3.0,suzenako,2026-09-23,1.591,44100,1,unspecified,unspecified,n/a,original,,,,76e6507333dedc6ddd396d1ca30fc5cbed36e9af734c1cff592be2059ea35d13,test,48664,dev,"Printer,Mechanisms",http://creativecommons.org/licenses/by/3.0/,unmatched,fsd50k_real_v1
SS-MAC-0114,originals/machinery_fault/SS-MAC-0114.wav,Machinery Fault,FSD50K (Freesound clip 88771),https://freesound.org/s/88771/,CC0-1.0,tec studios,2026-09-23,4.0,44100,1,outdoor,unspecified,n/a,original,,,,2a4f61c5fe5070b0f14837ae17a152bb4e2c98d779d015e675be4cec57fa5200,train,88771,dev,"Motorcycle,Motor_vehicle_(road),Vehicle",http://creativecommons.org/publicdomain/zero/1.0/,stated,fsd50k_real_v1
SS-MAC-0115,originals/machinery_fault/SS-MAC-0115.wav,Machinery Fault,FSD50K (Freesound clip 133044),https://freesound.org/s/133044/,CC0-1.0,temawas,2026-09-23,9.137,44100,1,unspecified,unspecified,n/a,original,,,,5e84b1109081b9c5a7ab69632a684cccb49fbb9fe3a7c7069cfcfbe13e6a9a4c,train,133044,dev,"Engine,Mechanisms",http://creativecommons.org/publicdomain/zero/1.0/,unmatched,fsd50k_real_v1
SS-MAC-0116,originals/machinery_fault/SS-MAC-0116.wav,Machinery Fault,FSD50K (Freesound clip 87246),https://freesound.org/s/87246/,CC-BY-3.0,tiredoldwhiteman,2026-09-23,29.518,44100,1,indoor,unspecified,n/a,original,,,,64f322f2cb6d9a498b07540afca60771fb5be669b765680206d8d1577f7cf4b5,train,87246,dev,Engine,http://creativecommons.org/licenses/by/3.0/,stated,fsd50k_real_v1
SS-MAC-0117,originals/machinery_fault/SS-MAC-0117.wav,Machinery Fault,FSD50K (Freesound clip 180129),https://freesound.org/s/180129/,CC0-1.0,toiletrolltube,2026-09-23,7.105,44100,1,outdoor,unspecified,n/a,original,,,,f993a644da6bc448d6dcbd30f64dc82b9a48127ee42ec01ba9eb7e2fd1b74f83,train,180129,dev,"Engine,Drill,Power_tool,Tools",http://creativecommons.org/publicdomain/zero/1.0/,inferred_from_tags,fsd50k_real_v1
SS-MAC-0118,originals/machinery_fault/SS-MAC-0118.wav,Machinery Fault,FSD50K (Freesound clip 160480),https://freesound.org/s/160480/,CC-BY-3.0,unfa,2026-09-23,2.604,44100,1,outdoor,unspecified,n/a,original,,,,64b8ba18d1c77a0272a36485ca0e6a2082d2ac499885aad969b409bbcf8975d9,train,160480,dev,"Buzz,Insect,Wild_animals,Animal",http://creativecommons.org/licenses/by/3.0/,stated,fsd50k_real_v1
SS-MAC-0119,originals/machinery_fault/SS-MAC-0119.wav,Machinery Fault,FSD50K (Freesound clip 322550),https://freesound.org/s/322550/,CC0-1.0,vacuumfan7072,2026-09-23,13.528,44100,1,outdoor,unspecified,n/a,original,,,,4d5b49ed585724e562e43c5b67bebc006719c5d65e3fb6f071c1bb29e6d59446,train,322550,dev,"Accelerating_and_revving_and_vroom,Engine",http://creativecommons.org/publicdomain/zero/1.0/,stated,fsd50k_real_v1
SS-MAC-0120,originals/machinery_fault/SS-MAC-0120.wav,Machinery Fault,FSD50K (Freesound clip 113180),https://freesound.org/s/113180/,CC0-1.0,victormalloy,2026-09-23,9.667,44100,1,vehicle,unspecified,n/a,original,,,,f092abf88566824aa4b9b51e78ce2fbbb164c16cf1aa333d68f03f71c93a8f73,train,113180,dev,"Engine,Car,Motor_vehicle_(road),Vehicle",http://creativecommons.org/publicdomain/zero/1.0/,inferred_from_tags,fsd50k_real_v1
SS-SCR-0001,originals/panic_scream/SS-SCR-0001.wav,Panic Scream,FSD50K (Freesound clip 165596),https://freesound.org/s/165596/,CC-BY-3.0,11linda,2026-09-23,17.755,44100,1,unspecified,unspecified,n/a,original,,,,941fcfeab528fd9bac48208e2eb1bd273f6289ac7dce3845842264c76269a0ee,train,165596,dev,"Yell,Shout,Human_voice",http://creativecommons.org/licenses/by/3.0/,unmatched,fsd50k_real_v1
SS-SCR-0002,originals/panic_scream/SS-SCR-0002.wav,Panic Scream,FSD50K (Freesound clip 166154),https://freesound.org/s/166154/,CC0-1.0,Adam_N,2026-09-23,3.561,44100,1,unspecified,unspecified,n/a,original,,,,78a1566f7b079605d1baeda711865b108b846fb58d0aa26772d8269fd949bad4,train,166154,dev,"Screaming,Human_voice",http://creativecommons.org/publicdomain/zero/1.0/,unmatched,fsd50k_real_v1
SS-SCR-0003,originals/panic_scream/SS-SCR-0003.wav,Panic Scream,FSD50K (Freesound clip 264918),https://freesound.org/s/264918/,CC-BY-3.0,AderuMoro,2026-09-23,9.52,44100,1,unspecified,unspecified,n/a,original,,,,624c81d622d801772581921b51d2f39b9996b95a06347c07f9f5b1ccb01b0426,train,264918,eval,"Screaming,Gasp,Human_voice,Breathing,Respiratory_sounds",http://creativecommons.org/licenses/by/3.0/,unmatched,fsd50k_real_v1
SS-SCR-0004,originals/panic_scream/SS-SCR-0004.wav,Panic Scream,FSD50K (Freesound clip 220365),https://freesound.org/s/220365/,CC-BY-3.0,AlSarcoli007,2026-09-23,1.739,44100,1,unspecified,unspecified,n/a,original,,,,1eaedd269efd33a6d9865a00612932cf10af3becfb4807697986079bf445b2b2,train,220365,dev,"Screaming,Human_voice",http://creativecommons.org/licenses/by/3.0/,unmatched,fsd50k_real_v1
SS-SCR-0005,originals/panic_scream/SS-SCR-0005.wav,Panic Scream,FSD50K (Freesound clip 222530),https://freesound.org/s/222530/,CC-BY-3.0,AlbertTrepat,2026-09-23,1.306,44100,1,unspecified,unspecified,n/a,original,,,,ae9080530c6914403d05a0dacbfbe971ec755f829eb916d02c55fd1693a988ac,train,222530,dev,"Screaming,Human_voice",http://creativecommons.org/licenses/by/3.0/,unmatched,fsd50k_real_v1
SS-SCR-0006,originals/panic_scream/SS-SCR-0006.wav,Panic Scream,FSD50K (Freesound clip 416537),https://freesound.org/s/416537/,CC0-1.0,AlineAudio,2026-09-23,1.184,44100,1,unspecified,unspecified,n/a,original,,,,70e4cf1cbcbbbd2afb274297eafd7863fbf4146ed11b3385c673af868d7ceaa0,train,416537,eval,"Yell,Shout,Human_voice",http://creativecommons.org/publicdomain/zero/1.0/,unmatched,fsd50k_real_v1
SS-SCR-0007,originals/panic_scream/SS-SCR-0007.wav,Panic Scream,FSD50K (Freesound clip 214989),https://freesound.org/s/214989/,CC-BY-3.0,AmishRob,2026-09-23,7.839,44100,1,outdoor,unspecified,n/a,original,,,,d8c152b0b15a06e4009b12e517f04d20cc382b8374d19eba4a6b704b2fa9dceb,val,214989,eval,"Applause,Screaming,Chatter,Crowd,Cheering,Clapping,Human_group_actions,Human_voice,Hands",http://creativecommons.org/licenses/by/3.0/,stated,fsd50k_real_v1
SS-SCR-0008,originals/panic_scream/SS-SCR-0008.wav,Panic Scream,FSD50K (Freesound clip 156510),https://freesound.org/s/156510/,CC0-1.0,AndreOnate,2026-09-23,6.616,44100,1,unspecified,unspecified,n/a,original,,,,66ffc1671514ce0b46c03bdbbf816f690af1f8068b7bb177c12821ddc953cc14,test,156510,eval,"Yell,Shout,Human_voice",http://creativecommons.org/publicdomain/zero/1.0/,unmatched,fsd50k_real_v1
SS-SCR-0009,originals/panic_scream/SS-SCR-0009.wav,Panic Scream,FSD50K (Freesound clip 345450),https://freesound.org/s/345450/,CC0-1.0,Artmasterrich,2026-09-23,1.834,44100,1,unspecified,unspecified,n/a,original,,,,77099db33db12fa1cb806cd78d1ee17c49473f915c15d71fff2bc2de4c7c8910,train,345450,dev,"Screaming,Human_voice",http://creativecommons.org/publicdomain/zero/1.0/,unmatched,fsd50k_real_v1
SS-SCR-0010,originals/panic_scream/SS-SCR-0010.wav,Panic Scream,FSD50K (Freesound clip 266716),https://freesound.org/s/266716/,CC0-1.0,BalancedEnergy10,2026-09-23,7.149,44100,1,outdoor,unspecified,n/a,original,,,,7c6e466353c88315f5c96727e80eea93f51627503bd9aecb2b41cfb4a810f1c9,test,266716,dev,"Yell,Shout,Human_voice",http://creativecommons.org/publicdomain/zero/1.0/,stated,fsd50k_real_v1
SS-SCR-0011,originals/panic_scream/SS-SCR-0011.wav,Panic Scream,FSD50K (Freesound clip 49777),https://freesound.org/s/49777/,CC-BY-3.0,BoilingSand,2026-09-23,9.822,44100,1,outdoor,unspecified,n/a,original,,,,b3a439851d8dea141999582a27802812c1ac3042e3e344bb427703e5dda570ca,train,49777,eval,"Screaming,Giggle,Child_speech_and_kid_speaking,Human_voice,Laughter,Speech",http://creativecommons.org/licenses/by/3.0/,stated,fsd50k_real_v1
SS-SCR-0012,originals/panic_scream/SS-SCR-0012.wav,Panic Scream,FSD50K (Freesound clip 340940),https://freesound.org/s/340940/,CC0-1.0,Chesshunter,2026-09-23,3.158,44100,1,unspecified,unspecified,n/a,original,,,,93d86d1664547f18ad209b2225935e3cd30e8fa31f975ade39b559aa5e57ff34,train,340940,eval,"Screech,Screaming,Human_voice",http://creativecommons.org/publicdomain/zero/1.0/,unmatched,fsd50k_real_v1
SS-SCR-0013,originals/panic_scream/SS-SCR-0013.wav,Panic Scream,FSD50K (Freesound clip 33649),https://freesound.org/s/33649/,CC-BY-3.0,Corsica_S,2026-09-23,4.734,44100,1,unspecified,unspecified,n/a,original,,,,60315651f742ec068f289ae83cfb23c3b53600baa60b07f9b077b60e2c7aee49,train,33649,dev,"Female_speech_and_woman_speaking,Yell,Speech,Human_voice,Shout",http://creativecommons.org/licenses/by/3.0/,unmatched,fsd50k_real_v1
SS-SCR-0014,originals/panic_scream/SS-SCR-0014.wav,Panic Scream,FSD50K (Freesound clip 387829),https://freesound.org/s/387829/,CC-BY-3.0,CosmicEmbers,2026-09-23,3.868,44100,1,studio,unspecified,n/a,original,,,,c7a4f8a18bed2deb734c2759bf34345c853cf19733a8be7968faf9d563114d4c,train,387829,dev,"Yell,Shout,Human_voice",http://creativecommons.org/licenses/by/3.0/,stated,fsd50k_real_v1
SS-SCR-0015,originals/panic_scream/SS-SCR-0015.wav,Panic Scream,FSD50K (Freesound clip 175385),https://freesound.org/s/175385/,CC0-1.0,DigitalDominic,2026-09-23,2.688,44100,1,unspecified,unspecified,n/a,original,,,,21770f7e4e2e42c474198b607b0f74814395137fc4335027bb6cbf1e23d49eca,train,175385,dev,"Screaming,Human_voice",http://creativecommons.org/publicdomain/zero/1.0/,unmatched,fsd50k_real_v1
SS-SCR-0016,originals/panic_scream/SS-SCR-0016.wav,Panic Scream,FSD50K (Freesound clip 169628),https://freesound.org/s/169628/,CC0-1.0,Dinsfire,2026-09-23,6.6,44100,1,unspecified,unspecified,n/a,original,,,,61046ca1a632fff807d27d28c6447e1edaab64e23660d81d376e396b861dbaee,train,169628,dev,"Screaming,Human_voice",http://creativecommons.org/publicdomain/zero/1.0/,unmatched,fsd50k_real_v1
SS-SCR-0017,originals/panic_scream/SS-SCR-0017.wav,Panic Scream,FSD50K (Freesound clip 77148),https://freesound.org/s/77148/,CC-BY-3.0,DjCHAOS,2026-09-23,1.829,44100,1,unspecified,unspecified,n/a,original,,,,d1b630a70bd3d594f235fd01af96332557b2a759fe2bd414654465e04a20aed2,train,77148,eval,"Screaming,Human_voice",http://creativecommons.org/licenses/by/3.0/,unmatched,fsd50k_real_v1
SS-SCR-0018,originals/panic_scream/SS-SCR-0018.wav,Panic Scream,FSD50K (Freesound clip 178313),https://freesound.org/s/178313/,CC0-1.0,EagleClaw,2026-09-23,3.402,44100,1,unspecified,unspecified,n/a,original,,,,5555906b730dec9de21c02d9ab611b5a4599de6678c6ac2c9dede06b45e1668a,train,178313,eval,"Screaming,Human_voice",http://creativecommons.org/publicdomain/zero/1.0/,unmatched,fsd50k_real_v1
SS-SCR-0019,originals/panic_scream/SS-SCR-0019.wav,Panic Scream,FSD50K (Freesound clip 395828),https://freesound.org/s/395828/,CC0-1.0,EathanMarkson,2026-09-23,0.874,44100,1,unspecified,unspecified,n/a,original,,,,b95a0358b524c1c6948e3100915fe673eec6434ef33bfd0a8860bdc82a6d4b8b,train,395828,eval,"Yell,Shout,Human_voice",http://creativecommons.org/publicdomain/zero/1.0/,unmatched,fsd50k_real_v1
SS-SCR-0020,originals/panic_scream/SS-SCR-0020.wav,Panic Scream,FSD50K (Freesound clip 220306),https://freesound.org/s/220306/,CC0-1.0,Ellenskellington,2026-09-23,2.287,44100,1,unspecified,unspecified,n/a,original,,,,cc73ccc82089225366e04cbfed9cb67b3bf09eeaaf1807f124550d1c187fed10,train,220306,eval,"Screaming,Human_voice",http://creativecommons.org/publicdomain/zero/1.0/,unmatched,fsd50k_real_v1
SS-SCR-0021,originals/panic_scream/SS-SCR-0021.wav,Panic Scream,FSD50K (Freesound clip 220814),https://freesound.org/s/220814/,CC0-1.0,EricSueiro,2026-09-23,0.86,44100,1,unspecified,unspecified,n/a,original,,,,8da36e65e97fd6c123a5da56ed2cab5165da7132f0d2b7ca37e4054e7692b582,train,220814,dev,"Screaming,Human_voice",http://creativecommons.org/publicdomain/zero/1.0/,unmatched,fsd50k_real_v1
SS-SCR-0022,originals/panic_scream/SS-SCR-0022.wav,Panic Scream,FSD50K (Freesound clip 42849),https://freesound.org/s/42849/,CC-BY-3.0,FreqMan,2026-09-23,5.731,44100,1,outdoor,unspecified,n/a,original,,,,bc71149d9138be5c8bb2d595f9dbdde3b4e512c9df63fbec5ecbd5fca3162fac,train,42849,dev,"Screaming,Human_voice",http://creativecommons.org/licenses/by/3.0/,inferred_from_tags,fsd50k_real_v1
SS-SCR-0023,originals/panic_scream/SS-SCR-0023.wav,Panic Scream,FSD50K (Freesound clip 159459),https://freesound.org/s/159459/,CC-BY-3.0,GR3AVE5Y,2026-09-23,6.042,44100,1,unspecified,unspecified,n/a,original,,,,ea3a22d17e39e63263060802ac0c3f71855c2a89e781d0cdc70e43be3a20bb07,val,159459,eval,"Screaming,Human_voice",http://creativecommons.org/licenses/by/3.0/,unmatched,fsd50k_real_v1
SS-SCR-0024,originals/panic_scream/SS-SCR-0024.wav,Panic Scream,FSD50K (Freesound clip 220289),https://freesound.org/s/220289/,CC-BY-3.0,GabrielaUPF,2026-09-23,1.264,44100,1,indoor,unspecified,n/a,original,,,,43e9952b326fe82953e9810d678397a4ea5056c2ea025b338f44c1e8c6ccfac4,train,220289,dev,"Screaming,Human_voice",http://creativecommons.org/licenses/by/3.0/,inferred_from_tags,fsd50k_real_v1
SS-SCR-0025,originals/panic_scream/SS-SCR-0025.wav,Panic Scream,FSD50K (Freesound clip 149825),https://freesound.org/s/149825/,CC0-1.0,Gheorghelaza,2026-09-23,3.408,44100,1,unspecified,unspecified,n/a,original,,,,a6d371c3b9eaad6d4ee68d6e9b2c74470641727582780da6c80839d62f7fe477,train,149825,dev,"Screaming,Human_voice",http://creativecommons.org/publicdomain/zero/1.0/,unmatched,fsd50k_real_v1
SS-SCR-0026,originals/panic_scream/SS-SCR-0026.wav,Panic Scream,FSD50K (Freesound clip 353086),https://freesound.org/s/353086/,CC0-1.0,GreatNate98,2026-09-23,2.803,44100,1,unspecified,unspecified,n/a,original,,,,c6d89db5a9e664d46d4b40fc213c49725603a932e69e34a49919af9724f68e31,train,353086,eval,"Screaming,Human_voice",http://creativecommons.org/publicdomain/zero/1.0/,unmatched,fsd50k_real_v1
SS-SCR-0027,originals/panic_scream/SS-SCR-0027.wav,Panic Scream,FSD50K (Freesound clip 124800),https://freesound.org/s/124800/,CC-BY-3.0,Greencouch,2026-09-23,101.808,44100,1,studio,unspecified,n/a,original,,,,4b3c5df96e577ba5612cb96893d7464197ea73400c2ee2ec398fb85a2dfc78e7,train,124800,dev,"Screaming,Human_voice",http://creativecommons.org/licenses/by/3.0/,inferred_from_tags,fsd50k_real_v1
SS-SCR-0028,originals/panic_scream/SS-SCR-0028.wav,Panic Scream,FSD50K (Freesound clip 328003),https://freesound.org/s/328003/,CC-BY-3.0,Hali_Pinson,2026-09-23,3.598,44100,1,unspecified,unspecified,n/a,original,,,,de28069129416287fb20d4472cbd5a4d158e016a7d42c78249dd39a145e9a063,val,328003,eval,"Screaming,Human_voice",http://creativecommons.org/licenses/by/3.0/,unmatched,fsd50k_real_v1
SS-SCR-0029,originals/panic_scream/SS-SCR-0029.wav,Panic Scream,FSD50K (Freesound clip 333360),https://freesound.org/s/333360/,CC0-1.0,Harlack,2026-09-23,5.172,44100,1,unspecified,unspecified,n/a,original,,,,e582219264ea37d7020b0e4df06dca7e21d0a47a08c37b70cfb03fa10d98e83b,train,333360,eval,"Yell,Shout,Human_voice",http://creativecommons.org/publicdomain/zero/1.0/,unmatched,fsd50k_real_v1
SS-SCR-0030,originals/panic_scream/SS-SCR-0030.wav,Panic Scream,FSD50K (Freesound clip 273151),https://freesound.org/s/273151/,CC-BY-3.0,Hoerspielwerkstatt_HEF,2026-09-23,3.979,44100,1,studio,unspecified,n/a,original,,,,0a0538e84b0af31e2960c9b566fd241c885ec10bf0a5293cd0cc313ee591baf5,test,273151,dev,"Screaming,Human_voice",http://creativecommons.org/licenses/by/3.0/,stated,fsd50k_real_v1
SS-SCR-0031,originals/panic_scream/SS-SCR-0031.wav,Panic Scream,FSD50K (Freesound clip 71139),https://freesound.org/s/71139/,CC-BY-3.0,HolyGhostParty,2026-09-23,4.526,44100,1,unspecified,unspecified,n/a,original,,,,e3e350246bb34c70944f5b5f211643031518026776f2b1a3c51f24601a55d985,train,71139,eval,"Screaming,Human_voice",http://creativecommons.org/licenses/by/3.0/,unmatched,fsd50k_real_v1
SS-SCR-0032,originals/panic_scream/SS-SCR-0032.wav,Panic Scream,FSD50K (Freesound clip 264377),https://freesound.org/s/264377/,CC0-1.0,HowardV,2026-09-23,24.583,44100,1,outdoor,unspecified,n/a,original,,,,c733dc89679c7ef403a3cf872ad4201ddc2bb113f42d90c237d4ee8f4ae4916f,train,264377,eval,"Applause,Screaming,Crowd,Cheering,Yell,Clapping,Human_group_actions,Human_voice,Shout,Hands",http://creativecommons.org/publicdomain/zero/1.0/,stated,fsd50k_real_v1
SS-SCR-0033,originals/panic_scream/SS-SCR-0033.wav,Panic Scream,FSD50K (Freesound clip 118521),https://freesound.org/s/118521/,CC-BY-3.0,HubOfTheUniverseProd,2026-09-23,2.795,44100,1,unspecified,unspecified,n/a,original,,,,8f5ce7a0b43a1365bc2308a031a5533377727ae5b6ce839d1481aa8cba1ea8e4,test,118521,eval,"Screaming,Human_voice",http://creativecommons.org/licenses/by/3.0/,unmatched,fsd50k_real_v1
SS-SCR-0034,originals/panic_scream/SS-SCR-0034.wav,Panic Scream,FSD50K (Freesound clip 238204),https://freesound.org/s/238204/,CC-BY-3.0,IESPAUCLARIS,2026-09-23,9.141,44100,1,unspecified,unspecified,n/a,original,,,,bd52098e6ca3685436e289e61411bbd357bb6db04d1d20c2864fc60529255058,val,238204,eval,"Male_speech_and_man_speaking,Yell,Conversation,Human_group_actions,Speech,Human_voice,Shout",http://creativecommons.org/licenses/by/3.0/,unmatched,fsd50k_real_v1
SS-SCR-0035,originals/panic_scream/SS-SCR-0035.wav,Panic Scream,FSD50K (Freesound clip 355063),https://freesound.org/s/355063/,CC-BY-3.0,ImLaxolotl,2026-09-23,7.822,44100,1,unspecified,unspecified,n/a,original,,,,e357370fc20d180bf7e0500591cc7af48feb8e507d6832818aa26d1ca980be5f,test,355063,eval,"Male_speech_and_man_speaking,Screaming,Crumpling_and_crinkling,Speech,Human_voice",http://creativecommons.org/licenses/by/3.0/,unmatched,fsd50k_real_v1
SS-SCR-0036,originals/panic_scream/SS-SCR-0036.wav,Panic Scream,FSD50K (Freesound clip 166619),https://freesound.org/s/166619/,CC-BY-3.0,J.Zazvurek,2026-09-23,0.677,44100,1,indoor,unspecified,n/a,original,,,,4aeb7eef8a5f4564b6d58476c66a56620f786735b9cb4638af5284f594be074c,val,166619,dev,"Screaming,Human_voice",http://creativecommons.org/licenses/by/3.0/,stated,fsd50k_real_v1
SS-SCR-0037,originals/panic_scream/SS-SCR-0037.wav,Panic Scream,FSD50K (Freesound clip 144337),https://freesound.org/s/144337/,CC-BY-3.0,JPolito,2026-09-23,1.84,44100,1,unspecified,unspecified,n/a,original,,,,9002da5d0ce06dd91a753554f2fc27a7d53efea06a9c6fcbb95442d2024a36f9,train,144337,dev,"Screaming,Human_voice",http://creativecommons.org/licenses/by/3.0/,unmatched,fsd50k_real_v1
SS-SCR-0038,originals/panic_scream/SS-SCR-0038.wav,Panic Scream,FSD50K (Freesound clip 223521),https://freesound.org/s/223521/,CC0-1.0,JarAxe,2026-09-23,7.461,44100,1,unspecified,unspecified,n/a,original,,,,245abcc4148d89121cfaf6ce99151be2977292202dc9e252e4edd922ab752db9,train,223521,dev,"Male_speech_and_man_speaking,Yell,Laughter,Speech,Human_voice,Shout",http://creativecommons.org/publicdomain/zero/1.0/,unmatched,fsd50k_real_v1
SS-SCR-0039,originals/panic_scream/SS-SCR-0039.wav,Panic Scream,FSD50K (Freesound clip 243376),https://freesound.org/s/243376/,CC0-1.0,JohnsonBrandEditing,2026-09-23,3.408,44100,1,unspecified,unspecified,n/a,original,,,,5066831a02384b55e921741b294210d82bfa7846e5b59189def6437e8350531f,val,243376,eval,"Screaming,Human_voice",http://creativecommons.org/publicdomain/zero/1.0/,unmatched,fsd50k_real_v1
SS-SCR-0040,originals/panic_scream/SS-SCR-0040.wav,Panic Scream,FSD50K (Freesound clip 382989),https://freesound.org/s/382989/,CC0-1.0,JúliaLN,2026-09-23,1.248,44100,1,unspecified,unspecified,n/a,original,,,,539db56af2899537fdbd1cc5359447b3ef25b197c90ce7528441c3c6c0f685b8,train,382989,eval,"Screaming,Human_voice",http://creativecommons.org/publicdomain/zero/1.0/,unmatched,fsd50k_real_v1
SS-SCR-0041,originals/panic_scream/SS-SCR-0041.wav,Panic Scream,FSD50K (Freesound clip 26720),https://freesound.org/s/26720/,CC-BY-3.0,Leady,2026-09-23,12.562,44100,1,unspecified,unspecified,n/a,original,,,,e40b8148e513ec17669beae3bb54fe74b23c904ed569ab0998e575b2b1a56dea,train,26720,eval,"Bark,Screaming,Run,Dog,Domestic_animals_and_pets,Animal,Human_voice",http://creativecommons.org/licenses/by/3.0/,unmatched,fsd50k_real_v1
SS-SCR-0042,originals/panic_scream/SS-SCR-0042.wav,Panic Scream,FSD50K (Freesound clip 323080),https://freesound.org/s/323080/,CC-BY-3.0,LiamG_SFX,2026-09-23,1.814,44100,1,unspecified,unspecified,n/a,original,,,,a27c11e42b9af912cec375a2d7b1e1ad94de5b0a7754fd2d1ec2dc653a0e4653,val,323080,dev,"Screaming,Shout,Human_voice",http://creativecommons.org/licenses/by/3.0/,unmatched,fsd50k_real_v1
SS-SCR-0043,originals/panic_scream/SS-SCR-0043.wav,Panic Scream,FSD50K (Freesound clip 9704),https://freesound.org/s/9704/,CC-BY-3.0,Lithe-Fider,2026-09-23,0.82,44100,1,unspecified,unspecified,n/a,original,,,,92c9c8848444cb0aa0baae3d9a6740d5144b9e9034e95ac831bd670e6c9c5041,train,9704,dev,"Screaming,Human_voice",http://creativecommons.org/licenses/by/3.0/,unmatched,fsd50k_real_v1
SS-SCR-0044,originals/panic_scream/SS-SCR-0044.wav,Panic Scream,FSD50K (Freesound clip 270446),https://freesound.org/s/270446/,CC-BY-3.0,LittleRobotSoundFactory,2026-09-23,1.782,44100,1,unspecified,unspecified,n/a,original,,,,99e2c4d434ca41c37b709a6ad97b3a5873cb4784d3f37b4c392d4d99ff97b2cc,test,270446,dev,"Screaming,Human_voice",http://creativecommons.org/licenses/by/3.0/,unmatched,fsd50k_real_v1
SS-SCR-0045,originals/panic_scream/SS-SCR-0045.wav,Panic Scream,FSD50K (Freesound clip 85538),https://freesound.org/s/85538/,CC-BY-3.0,MAJ061785,2026-09-23,4.538,44100,1,unspecified,unspecified,n/a,original,,,,318ae8e624eb4d0a41a95263b20095ca14c5875296ba17237a1d9f6c2b961269,train,85538,dev,"Screaming,Human_voice",http://creativecommons.org/licenses/by/3.0/,unmatched,fsd50k_real_v1
SS-SCR-0046,originals/panic_scream/SS-SCR-0046.wav,Panic Scream,FSD50K (Freesound clip 219647),https://freesound.org/s/219647/,CC0-1.0,Mir_Francs,2026-09-23,1.687,44100,1,vehicle,unspecified,n/a,original,,,,a0d94abdf9433461fc18d5995e863fec8d7098890eb41bca791c27b0a94273ad,train,219647,eval,"Screaming,Human_voice",http://creativecommons.org/publicdomain/zero/1.0/,stated,fsd50k_real_v1
SS-SCR-0047,originals/panic_scream/SS-SCR-0047.wav,Panic Scream,FSD50K (Freesound clip 241471),https://freesound.org/s/241471/,CC0-1.0,Reitanna,2026-09-23,0.731,44100,1,unspecified,unspecified,n/a,original,,,,7323d035d82540556503f31d0de01aefba1e9ea71a0909d7f00bfe8d964c5ef4,test,241471,dev,"Yell,Shout,Human_voice",http://creativecommons.org/publicdomain/zero/1.0/,unmatched,fsd50k_real_v1
SS-SCR-0048,originals/panic_scream/SS-SCR-0048.wav,Panic Scream,FSD50K (Freesound clip 104028),https://freesound.org/s/104028/,CC0-1.0,RutgerMuller,2026-09-23,3.0,44100,1,indoor,unspecified,n/a,original,,,,578568b752a3c4b980da5ed760e31a81f9f950a2bb319990cef7a939396158e7,train,104028,dev,"Screaming,Human_voice",http://creativecommons.org/publicdomain/zero/1.0/,stated,fsd50k_real_v1
SS-SCR-0049,originals/panic_scream/SS-SCR-0049.wav,Panic Scream,FSD50K (Freesound clip 110139),https://freesound.org/s/110139/,CC0-1.0,Ryding,2026-09-23,1.425,44100,1,unspecified,unspecified,n/a,original,,,,ee5c76cc480b5fd1b224642a6a48a27a60be784e3849f8b6f31697f4af0efdde,train,110139,dev,"Screaming,Human_voice",http://creativecommons.org/publicdomain/zero/1.0/,unmatched,fsd50k_real_v1
SS-SCR-0050,originals/panic_scream/SS-SCR-0050.wav,Panic Scream,FSD50K (Freesound clip 328813),https://freesound.org/s/328813/,CC0-1.0,SAMAMM101,2026-09-23,3.839,44100,1,unspecified,unspecified,n/a,original,,,,e2022d8c4732e2cbb9dbd7ae39c3791af0719a30733f258a1ea101215538a79b,train,328813,eval,"Male_speech_and_man_speaking,Screaming,Speech,Human_voice",http://creativecommons.org/publicdomain/zero/1.0/,unmatched,fsd50k_real_v1
SS-SCR-0051,originals/panic_scream/SS-SCR-0051.wav,Panic Scream,FSD50K (Freesound clip 205732),https://freesound.org/s/205732/,CC-BY-3.0,SamKolber,2026-09-23,5.678,44100,1,unspecified,unspecified,n/a,original,,,,35f80b1fdc92ced2bb6a9232cb8328f32c9dff0686e46856b0658aaafe88dd76,train,205732,eval,"Male_speech_and_man_speaking,Female_speech_and_woman_speaking,Yell,Speech,Human_voice,Shout",http://creativecommons.org/licenses/by/3.0/,unmatched,fsd50k_real_v1
SS-SCR-0052,originals/panic_scream/SS-SCR-0052.wav,Panic Scream,FSD50K (Freesound clip 321783),https://freesound.org/s/321783/,CC0-1.0,Skjor1,2026-09-23,27.173,44100,1,outdoor,unspecified,n/a,original,,,,35820ba485efa5ec21d497355211fdc50ddcf9b237f5457717f2300990e63519,train,321783,eval,"Screaming,Fireworks,Human_voice,Explosion",http://creativecommons.org/publicdomain/zero/1.0/,stated,fsd50k_real_v1
SS-SCR-0053,originals/panic_scream/SS-SCR-0053.wav,Panic Scream,FSD50K (Freesound clip 30988),https://freesound.org/s/30988/,CC0-1.0,UncleSigmund,2026-09-23,3.5,44100,1,outdoor,unspecified,n/a,original,,,,718fa247c62cb80d356f73be9711749ec4e55a8e3bd81042682d299221899a21,test,30988,eval,"Screaming,Human_voice",http://creativecommons.org/publicdomain/zero/1.0/,inferred_from_tags,fsd50k_real_v1
SS-SCR-0054,originals/panic_scream/SS-SCR-0054.wav,Panic Scream,FSD50K (Freesound clip 82418),https://freesound.org/s/82418/,CC0-1.0,Vampirella17,2026-09-23,3.12,44100,1,unspecified,unspecified,n/a,original,,,,25a1a3287d0c97a8a9f353952f8839d004173cb1780a0f5f7fe85fd83a62df0e,train,82418,eval,"Screaming,Human_voice",http://creativecommons.org/publicdomain/zero/1.0/,unmatched,fsd50k_real_v1
SS-SCR-0055,originals/panic_scream/SS-SCR-0055.wav,Panic Scream,FSD50K (Freesound clip 219858),https://freesound.org/s/219858/,CC-BY-3.0,adriancalzon,2026-09-23,1.091,44100,1,unspecified,unspecified,n/a,original,,,,0daa37c413297e91171c25d30609319091452cd002a48441545f2ea6775836f8,train,219858,dev,"Screaming,Human_voice",http://creativecommons.org/licenses/by/3.0/,unmatched,fsd50k_real_v1
SS-SCR-0056,originals/panic_scream/SS-SCR-0056.wav,Panic Scream,FSD50K (Freesound clip 219657),https://freesound.org/s/219657/,CC0-1.0,annatabernero,2026-09-23,1.602,44100,1,unspecified,unspecified,n/a,original,,,,cb429165e8955fdc9aea6d0461ab6d7334e0a90a08e7d09e9fc6f1fba95202c0,train,219657,dev,"Screaming,Human_voice",http://creativecommons.org/publicdomain/zero/1.0/,unmatched,fsd50k_real_v1
SS-SCR-0057,originals/panic_scream/SS-SCR-0057.wav,Panic Scream,FSD50K (Freesound clip 139086),https://freesound.org/s/139086/,CC0-1.0,arjanvanhoorn0181,2026-09-23,4.807,44100,1,unspecified,unspecified,n/a,original,,,,aa4a5fa017adb7befe3c72530767e924476e9ced6fafab642675aed90721b0aa,train,139086,dev,"Screaming,Human_voice",http://creativecommons.org/publicdomain/zero/1.0/,unmatched,fsd50k_real_v1
SS-SCR-0058,originals/panic_scream/SS-SCR-0058.wav,Panic Scream,FSD50K (Freesound clip 140342),https://freesound.org/s/140342/,CC-BY-3.0,arnebuhmann,2026-09-23,29.751,44100,1,unspecified,unspecified,n/a,original,,,,8c2cf7fba0e32bd8c783e7153f495736e83496903518dfaf601e974489013680,train,140342,dev,"Yell,Traffic_noise_and_roadway_noise,Shout,Human_voice,Motor_vehicle_(road),Vehicle",http://creativecommons.org/licenses/by/3.0/,unmatched,fsd50k_real_v1
SS-SCR-0059,originals/panic_scream/SS-SCR-0059.wav,Panic Scream,FSD50K (Freesound clip 315828),https://freesound.org/s/315828/,CC0-1.0,benjaminharveydesign,2026-09-23,1.884,44100,1,unspecified,unspecified,n/a,original,,,,828fb1ec82347484876806e38bb8ff6dbdfb05c93785f2a5d50f10398f958c90,train,315828,dev,"Screaming,Human_voice",http://creativecommons.org/publicdomain/zero/1.0/,unmatched,fsd50k_real_v1
SS-SCR-0060,originals/panic_scream/SS-SCR-0060.wav,Panic Scream,FSD50K (Freesound clip 21323),https://freesound.org/s/21323/,CC-BY-3.0,cdrk,2026-09-23,3.499,44100,1,unspecified,unspecified,n/a,original,,,,6693f315a9c824c2bfac3b38d3a02d4cd914ca8060a2f8a7896f2f794c6b48fd,train,21323,dev,"Screaming,Human_voice",http://creativecommons.org/licenses/by/3.0/,unmatched,fsd50k_real_v1
SS-SCR-0061,originals/panic_scream/SS-SCR-0061.wav,Panic Scream,FSD50K (Freesound clip 220045),https://freesound.org/s/220045/,CC0-1.0,clavellmorenet,2026-09-23,2.598,44100,1,unspecified,unspecified,n/a,original,,,,6533a9516f9c27da182d29b869e3450dd353a51ab1ae337adceaea81827fbd9f,train,220045,eval,"Screaming,Human_voice",http://creativecommons.org/publicdomain/zero/1.0/,unmatched,fsd50k_real_v1
SS-SCR-0062,originals/panic_scream/SS-SCR-0062.wav,Panic Scream,FSD50K (Freesound clip 32983),https://freesound.org/s/32983/,CC0-1.0,cognito perceptu,2026-09-23,12.347,44100,1,unspecified,unspecified,n/a,original,,,,83afffaeef621bb704ac3c1fc46124023c7a9446c0421d811936bca04f47f4df,test,32983,eval,"Screaming,Fireworks,Human_voice,Explosion",http://creativecommons.org/publicdomain/zero/1.0/,unmatched,fsd50k_real_v1
SS-SCR-0063,originals/panic_scream/SS-SCR-0063.wav,Panic Scream,FSD50K (Freesound clip 340363),https://freesound.org/s/340363/,CC0-1.0,daehedon,2026-09-23,1.614,44100,1,unspecified,unspecified,n/a,original,,,,aaf4575754841bc23ea02abcb9d2b811ac1e28604bf7bbdcb21b88a1b586961c,val,340363,eval,"Yell,Shout,Human_voice",http://creativecommons.org/publicdomain/zero/1.0/,unmatched,fsd50k_real_v1
SS-SCR-0064,originals/panic_scream/SS-SCR-0064.wav,Panic Scream,FSD50K (Freesound clip 76522),https://freesound.org/s/76522/,Sampling+-1.0,digitopia,2026-09-23,6.252,44100,1,unspecified,unspecified,n/a,original,,,,008881f00bb7074901fc301d2cd8c6c73d88eeb816b530d9c29e47f36a4e4cd4,train,76522,dev,"Screaming,Human_voice",http://creativecommons.org/licenses/sampling+/1.0/,unmatched,fsd50k_real_v1
SS-SCR-0065,originals/panic_scream/SS-SCR-0065.wav,Panic Scream,FSD50K (Freesound clip 33443),https://freesound.org/s/33443/,CC-BY-3.0,dobroide,2026-09-23,2.06,44100,1,outdoor,unspecified,n/a,original,,,,a48dbef5230742ac48472d0f1ca5e41991aa01cd6536096bcec64fc3a24090d6,train,33443,dev,"Screaming,Human_voice",http://creativecommons.org/licenses/by/3.0/,inferred_from_tags,fsd50k_real_v1
SS-SCR-0066,originals/panic_scream/SS-SCR-0066.wav,Panic Scream,FSD50K (Freesound clip 161358),https://freesound.org/s/161358/,CC-BY-3.0,dream4dreamtheater,2026-09-23,0.993,44100,1,unspecified,unspecified,n/a,original,,,,119bbfc45ea43dc23fb6f506ee60eaeb500e8cd1c5cacfb675d3c798f0916860,train,161358,dev,"Yell,Shout,Human_voice",http://creativecommons.org/licenses/by/3.0/,unmatched,fsd50k_real_v1
SS-SCR-0067,originals/panic_scream/SS-SCR-0067.wav,Panic Scream,FSD50K (Freesound clip 134021),https://freesound.org/s/134021/,CC0-1.0,ecfike,2026-09-23,2.754,44100,1,outdoor,unspecified,n/a,original,,,,8aa03e479d598803467a4b5dbff9e1207d49125cd4c6b977d69a65b7b90f3b34,train,134021,dev,"Screaming,Human_voice",http://creativecommons.org/publicdomain/zero/1.0/,stated,fsd50k_real_v1
SS-SCR-0068,originals/panic_scream/SS-SCR-0068.wav,Panic Scream,FSD50K (Freesound clip 25270),https://freesound.org/s/25270/,CC0-1.0,freesound,2026-09-23,24.156,44100,1,unspecified,unspecified,n/a,original,,,,e61448890e686ad6669099b95c56f3ef16e606a0e38c6ae21dc79a6ab8af1603,train,25270,eval,"Screaming,Crowd,Human_group_actions,Human_voice",http://creativecommons.org/publicdomain/zero/1.0/,unmatched,fsd50k_real_v1
SS-SCR-0069,originals/panic_scream/SS-SCR-0069.wav,Panic Scream,FSD50K (Freesound clip 391358),https://freesound.org/s/391358/,CC0-1.0,guamorims,2026-09-23,3.837,44100,1,unspecified,unspecified,n/a,original,,,,91b72ce7ab7ee6aec233f27aa8e37bed4edd21e6d695200cbd8a1fead70a5258,test,391358,dev,"Screaming,Human_voice",http://creativecommons.org/publicdomain/zero/1.0/,unmatched,fsd50k_real_v1
SS-SCR-0070,originals/panic_scream/SS-SCR-0070.wav,Panic Scream,FSD50K (Freesound clip 34281),https://freesound.org/s/34281/,CC0-1.0,hello_flowers,2026-09-23,1.59,44100,1,unspecified,unspecified,n/a,original,,,,25093f7ca67f534c2cdb0f2fc579c3f836b8e491d9cf62976cf423d566ca3acc,val,34281,dev,"Screaming,Human_voice",http://creativecommons.org/publicdomain/zero/1.0/,unmatched,fsd50k_real_v1
SS-SCR-0071,originals/panic_scream/SS-SCR-0071.wav,Panic Scream,FSD50K (Freesound clip 195178),https://freesound.org/s/195178/,CC0-1.0,insanity54,2026-09-23,1.442,44100,1,outdoor,unspecified,n/a,original,,,,27dfbd424f5e92c88ca35acc97d6397d37990ec409d52fdce6166c31c8e49d58,val,195178,eval,"Yell,Shout,Human_voice",http://creativecommons.org/publicdomain/zero/1.0/,inferred_from_tags,fsd50k_real_v1
SS-SCR-0072,originals/panic_scream/SS-SCR-0072.wav,Panic Scream,FSD50K (Freesound clip 381943),https://freesound.org/s/381943/,CC-BY-3.0,iplanella,2026-09-23,1.0,44100,1,unspecified,unspecified,n/a,original,,,,f53be54bda8bc4c042959215fb29ea3f82659da5baa00b32f1e50e528c058c5a,train,381943,eval,"Screaming,Human_voice",http://creativecommons.org/licenses/by/3.0/,unmatched,fsd50k_real_v1
SS-SCR-0073,originals/panic_scream/SS-SCR-0073.wav,Panic Scream,FSD50K (Freesound clip 219653),https://freesound.org/s/219653/,CC-BY-3.0,irenearandapares,2026-09-23,1.13,44100,1,unspecified,unspecified,n/a,original,,,,e1bb25d1ad9e3ca17ce79587c07866201f22c4eace57b6fe75729475e6870bac,train,219653,dev,"Screaming,Human_voice",http://creativecommons.org/licenses/by/3.0/,unmatched,fsd50k_real_v1
SS-SCR-0074,originals/panic_scream/SS-SCR-0074.wav,Panic Scream,FSD50K (Freesound clip 178410),https://freesound.org/s/178410/,CC-BY-3.0,jorickhoofd,2026-09-23,3.653,44100,1,unspecified,unspecified,n/a,original,,,,e951bad797db3298c0d5492feeca58ec12e43895be81d3f39cb0c849f49fff1c,train,178410,dev,"Screaming,Human_voice",http://creativecommons.org/licenses/by/3.0/,unmatched,fsd50k_real_v1
SS-SCR-0075,originals/panic_scream/SS-SCR-0075.wav,Panic Scream,FSD50K (Freesound clip 45603),https://freesound.org/s/45603/,CC0-1.0,jukkis111,2026-09-23,0.511,44100,1,unspecified,unspecified,n/a,original,,,,90ef5fa1a4e2cca5ab587c64ba41ecae6aa91b5e1076229640f4cc8203e36845,test,45603,eval,"Yell,Shout,Human_voice",http://creativecommons.org/publicdomain/zero/1.0/,unmatched,fsd50k_real_v1
SS-SCR-0076,originals/panic_scream/SS-SCR-0076.wav,Panic Scream,FSD50K (Freesound clip 381801),https://freesound.org/s/381801/,CC-BY-3.0,juliabosque,2026-09-23,0.731,44100,1,unspecified,unspecified,n/a,original,,,,7299e313ab9be025d7fc18187e1dca6a81a537b9dda702ff9bbdc7233eca27e2,val,381801,dev,"Screaming,Human_voice",http://creativecommons.org/licenses/by/3.0/,unmatched,fsd50k_real_v1
SS-SCR-0077,originals/panic_scream/SS-SCR-0077.wav,Panic Scream,FSD50K (Freesound clip 368276),https://freesound.org/s/368276/,CC-BY-3.0,klankbeeld,2026-09-23,1.387,44100,1,outdoor,unspecified,n/a,original,,,,51ae6855c4fcb132948ddaa5e5f21cc0d29d0d28c8a66ba9ad43c45371d86011,train,368276,dev,"Yell,Shout,Human_voice",http://creativecommons.org/licenses/by/3.0/,inferred_from_tags,fsd50k_real_v1
SS-SCR-0078,originals/panic_scream/SS-SCR-0078.wav,Panic Scream,FSD50K (Freesound clip 219685),https://freesound.org/s/219685/,CC0-1.0,mariateresa_garcia,2026-09-23,2.05,44100,1,unspecified,unspecified,n/a,original,,,,1e21defc02993f7181e5f7378bafb1b5c11864bf74dbec749793f7dfb5180edd,train,219685,eval,"Screaming,Human_voice",http://creativecommons.org/publicdomain/zero/1.0/,unmatched,fsd50k_real_v1
SS-SCR-0079,originals/panic_scream/SS-SCR-0079.wav,Panic Scream,FSD50K (Freesound clip 220649),https://freesound.org/s/220649/,CC-BY-3.0,marionagm90,2026-09-23,1.324,44100,1,unspecified,unspecified,n/a,original,,,,c9a5f3affd6a59b26ab13d437fa5c8d009abecdbb6b3bf3214393553e15e71de,val,220649,dev,"Screaming,Human_voice",http://creativecommons.org/licenses/by/3.0/,unmatched,fsd50k_real_v1
SS-SCR-0080,originals/panic_scream/SS-SCR-0080.wav,Panic Scream,FSD50K (Freesound clip 381893),https://freesound.org/s/381893/,CC-BY-3.0,marsebastia,2026-09-23,2.847,44100,1,unspecified,unspecified,n/a,original,,,,2b653240605d0d7339c2d79602b2188b2d7a09a823239dbe3e712f49135e2083,train,381893,dev,"Screaming,Human_voice",http://creativecommons.org/licenses/by/3.0/,unmatched,fsd50k_real_v1
SS-SCR-0081,originals/panic_scream/SS-SCR-0081.wav,Panic Scream,FSD50K (Freesound clip 400587),https://freesound.org/s/400587/,CC0-1.0,misjoc,2026-09-23,5.76,44100,1,unspecified,unspecified,n/a,original,,,,80d297dba7d96cb318c88d4d3a74ccda0536a36e0db18526ebdc0162d705b5b2,test,400587,eval,"Applause,Screaming,Chatter,Crowd,Cheering,Clapping,Human_group_actions,Human_voice,Hands",http://creativecommons.org/publicdomain/zero/1.0/,unmatched,fsd50k_real_v1
SS-SCR-0082,originals/panic_scream/SS-SCR-0082.wav,Panic Scream,FSD50K (Freesound clip 169810),https://freesound.org/s/169810/,CC0-1.0,missozzy,2026-09-23,7.069,44100,1,unspecified,unspecified,n/a,original,,,,16ac12111295dbe9706ae6b690f5fc5849dd45f941b2754343c819970a4f5f4b,test,169810,dev,"Screaming,Yell,Human_voice,Shout",http://creativecommons.org/publicdomain/zero/1.0/,unmatched,fsd50k_real_v1
SS-SCR-0083,originals/panic_scream/SS-SCR-0083.wav,Panic Scream,FSD50K (Freesound clip 59586),https://freesound.org/s/59586/,CC-BY-3.0,morgantj,2026-09-23,27.063,44100,1,outdoor,unspecified,n/a,original,,,,d144e4cffe68c1d5ac4184fbfc4ed67b689c68ed1e3490ee794614eca454bbba,train,59586,eval,"Female_speech_and_woman_speaking,Screaming,Conversation,Bus,Engine,Crying_and_sobbing,Speech,Human_voice,Motor_vehicle_(road),Vehicle",http://creativecommons.org/licenses/by/3.0/,inferred_from_tags,fsd50k_real_v1
SS-SCR-0084,originals/panic_scream/SS-SCR-0084.wav,Panic Scream,FSD50K (Freesound clip 353103),https://freesound.org/s/353103/,CC0-1.0,musamdu,2026-09-23,0.698,44100,1,unspecified,unspecified,n/a,original,,,,3aacc4d9c3b95e3577784810a0003d251d34e346b720e6d0fa9d75df11c1dd4f,train,353103,eval,"Yell,Shout,Human_voice",http://creativecommons.org/publicdomain/zero/1.0/,unmatched,fsd50k_real_v1
SS-SCR-0085,originals/panic_scream/SS-SCR-0085.wav,Panic Scream,FSD50K (Freesound clip 219882),https://freesound.org/s/219882/,CC-BY-3.0,pablocandel,2026-09-23,1.858,44100,1,unspecified,unspecified,n/a,original,,,,7bf2d545bfec8d64bdd3473512de5e219b4d698a2b2b27277a73e1c2427736e9,train,219882,dev,"Screaming,Human_voice",http://creativecommons.org/licenses/by/3.0/,unmatched,fsd50k_real_v1
SS-SCR-0086,originals/panic_scream/SS-SCR-0086.wav,Panic Scream,FSD50K (Freesound clip 219868),https://freesound.org/s/219868/,CC-BY-3.0,polmdx,2026-09-23,3.03,44100,1,unspecified,unspecified,n/a,original,,,,20cdaa03ab61f8dcd1961967ceaee6191812dc737143bec7ab03b6377e56e011,test,219868,dev,"Screaming,Human_voice",http://creativecommons.org/licenses/by/3.0/,unmatched,fsd50k_real_v1
SS-SCR-0087,originals/panic_scream/SS-SCR-0087.wav,Panic Scream,FSD50K (Freesound clip 415341),https://freesound.org/s/415341/,CC-BY-3.0,prucanada,2026-09-23,0.492,44100,1,unspecified,unspecified,n/a,original,,,,2aaf62b43152e67f4a940de971baae6397f0e39bd2954c86c5e16d6ca65f9e62,val,415341,eval,"Female_speech_and_woman_speaking,Yell,Speech,Human_voice,Shout",http://creativecommons.org/licenses/by/3.0/,unmatched,fsd50k_real_v1
SS-SCR-0088,originals/panic_scream/SS-SCR-0088.wav,Panic Scream,FSD50K (Freesound clip 241591),https://freesound.org/s/241591/,CC0-1.0,pushkin,2026-09-23,3.162,44100,1,unspecified,unspecified,n/a,original,,,,a1786a8fadd83d9c9b2d5ced8373f64d642c3bd14a62b27456e60b9cbf1b0a5a,train,241591,dev,"Screaming,Human_voice",http://creativecommons.org/publicdomain/zero/1.0/,unmatched,fsd50k_real_v1
SS-SCR-0089,originals/panic_scream/SS-SCR-0089.wav,Panic Scream,FSD50K (Freesound clip 166943),https://freesound.org/s/166943/,CC0-1.0,qubodup,2026-09-23,8.915,44100,1,unspecified,unspecified,n/a,original,,,,f76ef341140692b3abe6465aa3f680b47b57ed7587ef4ee9e3eded414147cbfd,train,166943,dev,"Screaming,Human_voice",http://creativecommons.org/publicdomain/zero/1.0/,unmatched,fsd50k_real_v1
SS-SCR-0090,originals/panic_scream/SS-SCR-0090.wav,Panic Scream,FSD50K (Freesound clip 222537),https://freesound.org/s/222537/,CC0-1.0,queen_westeros,2026-09-23,2.67,44100,1,unspecified,unspecified,n/a,original,,,,3f2fd533a2999680f9bded8e676bfbb6de9d478cbd6c3b335e3d4b7fcbe6bd2d,train,222537,dev,"Screaming,Human_voice",http://creativecommons.org/publicdomain/zero/1.0/,unmatched,fsd50k_real_v1
SS-SCR-0091,originals/panic_scream/SS-SCR-0091.wav,Panic Scream,FSD50K (Freesound clip 219661),https://freesound.org/s/219661/,CC0-1.0,saraonsins,2026-09-23,1.83,44100,1,unspecified,unspecified,n/a,original,,,,34421b8d961ecfe0d6c46639ff633a522db5376f0b87d809631463431f6f68ea,train,219661,dev,"Screaming,Human_voice",http://creativecommons.org/publicdomain/zero/1.0/,unmatched,fsd50k_real_v1
SS-SCR-0092,originals/panic_scream/SS-SCR-0092.wav,Panic Scream,FSD50K (Freesound clip 96825),https://freesound.org/s/96825/,CC-BY-3.0,shawshank73,2026-09-23,7.688,44100,1,unspecified,unspecified,n/a,original,,,,b9012728b27c3d6994b52ce6f7f64217f9d7eaca593df18fc658b9e25716c1a7,train,96825,eval,"Yell,Shout,Human_voice",http://creativecommons.org/licenses/by/3.0/,unmatched,fsd50k_real_v1
SS-SCR-0093,originals/panic_scream/SS-SCR-0093.wav,Panic Scream,FSD50K (Freesound clip 235591),https://freesound.org/s/235591/,CC0-1.0,tcrocker68,2026-09-23,3.37,44100,1,unspecified,unspecified,n/a,original,,,,bc56d8d57d8e8125c8d20b1b8e2c8d885585308f0f70f9d65c37bd1e21a20a64,train,235591,eval,"Screaming,Gasp,Human_voice,Breathing,Respiratory_sounds",http://creativecommons.org/publicdomain/zero/1.0/,unmatched,fsd50k_real_v1
SS-SCR-0094,originals/panic_scream/SS-SCR-0094.wav,Panic Scream,FSD50K (Freesound clip 9429),https://freesound.org/s/9429/,CC-BY-3.0,thanvannispen,2026-09-23,2.875,44100,1,unspecified,unspecified,n/a,original,,,,4f4ce0dfef671b2f326bf7e61fe1ddc84377faba4d74513a94b428f38fff3786,train,9429,dev,"Screaming,Crying_and_sobbing,Human_voice",http://creativecommons.org/licenses/by/3.0/,unmatched,fsd50k_real_v1
SS-SCR-0095,originals/panic_scream/SS-SCR-0095.wav,Panic Scream,FSD50K (Freesound clip 400182),https://freesound.org/s/400182/,CC0-1.0,tomattka,2026-09-23,2.201,44100,1,unspecified,unspecified,n/a,original,,,,294d281e1e4a42cf12a7db8b370c4840649591fef007a417b72f6811a070af3e,train,400182,eval,"Screaming,Human_voice",http://creativecommons.org/publicdomain/zero/1.0/,unmatched,fsd50k_real_v1
SS-SCR-0096,originals/panic_scream/SS-SCR-0096.wav,Panic Scream,FSD50K (Freesound clip 187359),https://freesound.org/s/187359/,CC-BY-3.0,unfa,2026-09-23,1.921,44100,1,outdoor,unspecified,n/a,original,,,,8f05c0bbb5c67dbc9cf4f00fd60a095e6ac286284b32e45700992c1fb136988c,train,187359,dev,"Yell,Shout,Human_voice",http://creativecommons.org/licenses/by/3.0/,stated,fsd50k_real_v1
SS-SCR-0097,originals/panic_scream/SS-SCR-0097.wav,Panic Scream,FSD50K (Freesound clip 351334),https://freesound.org/s/351334/,CC-BY-3.0,visions68,2026-09-23,6.558,44100,1,unspecified,unspecified,n/a,original,,,,9f5bba90b68e5d6855bfe3e8e04d378013a7792c5e22f217c1454ab575f74679,train,351334,dev,"Screaming,Human_voice",http://creativecommons.org/licenses/by/3.0/,unmatched,fsd50k_real_v1
SS-SCR-0098,originals/panic_scream/SS-SCR-0098.wav,Panic Scream,FSD50K (Freesound clip 63632),https://freesound.org/s/63632/,CC-BY-3.0,vtownpunks,2026-09-23,1.162,44100,1,unspecified,unspecified,n/a,original,,,,aaea2b2313d3c835c1717f7b7dbe2ece567639ba74995a7ae85abe442f3d8e28,val,63632,dev,"Screaming,Human_voice",http://creativecommons.org/licenses/by/3.0/,unmatched,fsd50k_real_v1
SS-SCR-0099,originals/panic_scream/SS-SCR-0099.wav,Panic Scream,FSD50K (Freesound clip 353135),https://freesound.org/s/353135/,CC0-1.0,wayneoutthere,2026-09-23,5.074,44100,1,unspecified,unspecified,n/a,original,,,,c657ce6259ccc5dec70eb512c87b9a248fd83fb1dee8d80a3ddc127690e4473c,val,353135,eval,"Yell,Shout,Human_voice",http://creativecommons.org/publicdomain/zero/1.0/,unmatched,fsd50k_real_v1
SS-SCR-0100,originals/panic_scream/SS-SCR-0100.wav,Panic Scream,FSD50K (Freesound clip 223745),https://freesound.org/s/223745/,CC-BY-3.0,xtrgamr,2026-09-23,8.617,44100,1,outdoor,unspecified,n/a,original,,,,a51fa7e9f01187398fbbcd025a4ada24baf1b81d02286f05a9767c86ef774ad8,test,223745,dev,"Screaming,Crowd,Cheering,Human_voice,Human_group_actions",http://creativecommons.org/licenses/by/3.0/,stated,fsd50k_real_v1
SS-HOR-0001,originals/vehicle_horn/SS-HOR-0001.wav,Vehicle Horn,FSD50K (Freesound clip 377496),https://freesound.org/s/377496/,CC0-1.0,13FPanska_Mokrolusky_Tomas,2026-09-23,9.348,44100,1,unspecified,unspecified,n/a,original,,,,60889900fd43c680be366ff8e597ad5e0df917cf7e5e995dd0cbb2cd1aa7e80d,test,377496,dev,"Vehicle_horn_and_car_horn_and_honking,Car,Motor_vehicle_(road),Vehicle,Alarm",http://creativecommons.org/publicdomain/zero/1.0/,unmatched,fsd50k_real_v1
SS-HOR-0002,originals/vehicle_horn/SS-HOR-0002.wav,Vehicle Horn,FSD50K (Freesound clip 379034),https://freesound.org/s/379034/,CC0-1.0,13FPanska_Stewart_Gerron,2026-09-23,3.654,44100,1,unspecified,unspecified,n/a,original,,,,e375d24f2d1ba74b0c518815894f30edbadd2075213afe27d91df7815185edf1,train,379034,dev,"Vehicle_horn_and_car_horn_and_honking,Car,Motor_vehicle_(road),Vehicle,Alarm",http://creativecommons.org/publicdomain/zero/1.0/,unmatched,fsd50k_real_v1
SS-HOR-0003,originals/vehicle_horn/SS-HOR-0003.wav,Vehicle Horn,FSD50K (Freesound clip 377300),https://freesound.org/s/377300/,CC0-1.0,13GPanska_Sekera_Krystof,2026-09-23,1.301,44100,1,unspecified,unspecified,n/a,original,,,,cc6a8d51d0c4870f036f95e0ac108191f90889cda6940e8c7a3645cebd870637,train,377300,dev,"Vehicle_horn_and_car_horn_and_honking,Car,Motor_vehicle_(road),Vehicle,Alarm",http://creativecommons.org/publicdomain/zero/1.0/,unmatched,fsd50k_real_v1
SS-HOR-0004,originals/vehicle_horn/SS-HOR-0004.wav,Vehicle Horn,FSD50K (Freesound clip 377302),https://freesound.org/s/377302/,CC0-1.0,13GPanska_Sekera_Krystof,2026-09-23,1.235,44100,1,unspecified,unspecified,n/a,original,,,,d17245a1a5b6fa0f8e799320de926e6cbdeda139f8b3aca0260851c2f193c8c4,train,377302,dev,"Vehicle_horn_and_car_horn_and_honking,Car,Motor_vehicle_(road),Vehicle,Alarm",http://creativecommons.org/publicdomain/zero/1.0/,unmatched,fsd50k_real_v1
SS-HOR-0005,originals/vehicle_horn/SS-HOR-0005.wav,Vehicle Horn,FSD50K (Freesound clip 100265),https://freesound.org/s/100265/,CC-BY-3.0,2hear,2026-09-23,22.439,44100,1,outdoor,unspecified,n/a,original,,,,3d0b79564dd9ce0b7b8d4132d388151942d0a8565747eb7e9279205a4a401569,train,100265,eval,"Chirp_and_tweet,Vehicle_horn_and_car_horn_and_honking,Train,Alarm,Car,Motor_vehicle_(road),Vehicle,Rail_transport,Bird_vocalization_and_bird_call_and_bird_song,Bird,Wild_animals,Animal",http://creativecommons.org/licenses/by/3.0/,stated,fsd50k_real_v1
SS-HOR-0006,originals/vehicle_horn/SS-HOR-0006.wav,Vehicle Horn,FSD50K (Freesound clip 235363),https://freesound.org/s/235363/,CC0-1.0,3863,2026-09-23,8.704,44100,1,unspecified,unspecified,n/a,original,,,,9af32cee4b380c2dc739f6b56f1e37320f9468eed0e167a43e2fc97ec369de58,train,235363,eval,"Car_passing_by,Vehicle_horn_and_car_horn_and_honking,Alarm,Car,Motor_vehicle_(road),Vehicle",http://creativecommons.org/publicdomain/zero/1.0/,unmatched,fsd50k_real_v1
SS-HOR-0007,originals/vehicle_horn/SS-HOR-0007.wav,Vehicle Horn,FSD50K (Freesound clip 29724),https://freesound.org/s/29724/,Sampling+-1.0,AMPUL,2026-09-23,1.25,44100,1,unspecified,unspecified,n/a,original,,,,de2f9f57da26077c0ad6ede2c3fe1834200e821b2e2b1a048c3a5e7b856335a6,train,29724,dev,"Vehicle_horn_and_car_horn_and_honking,Car,Motor_vehicle_(road),Vehicle,Alarm",http://creativecommons.org/licenses/sampling+/1.0/,unmatched,fsd50k_real_v1
SS-HOR-0008,originals/vehicle_horn/SS-HOR-0008.wav,Vehicle Horn,FSD50K (Freesound clip 164625),https://freesound.org/s/164625/,CC0-1.0,Adam_N,2026-09-23,1.356,44100,1,outdoor,unspecified,n/a,original,,,,b204dfd2611089eb72f5dd4c75dbc7c5e9a44d136674b0873c6a172b92fc984f,val,164625,dev,"Vehicle_horn_and_car_horn_and_honking,Car,Motor_vehicle_(road),Vehicle,Alarm",http://creativecommons.org/publicdomain/zero/1.0/,inferred_from_tags,fsd50k_real_v1
SS-HOR-0009,originals/vehicle_horn/SS-HOR-0009.wav,Vehicle Horn,FSD50K (Freesound clip 164626),https://freesound.org/s/164626/,CC0-1.0,Adam_N,2026-09-23,2.786,44100,1,outdoor,unspecified,n/a,original,,,,5aefbdd4c721244604ff23fa855cedf96602c8352c3655b3e43ce02b8780ff6e,train,164626,dev,"Vehicle_horn_and_car_horn_and_honking,Car,Motor_vehicle_(road),Vehicle,Alarm",http://creativecommons.org/publicdomain/zero/1.0/,inferred_from_tags,fsd50k_real_v1
SS-HOR-0010,originals/vehicle_horn/SS-HOR-0010.wav,Vehicle Horn,FSD50K (Freesound clip 352305),https://freesound.org/s/352305/,CC-BY-3.0,AlienXXX,2026-09-23,19.126,44100,1,outdoor,unspecified,n/a,original,,,,e4777067948dad5d156c4e4dfa4f6e62ba57785815d138ab6a0fb5dc83f8c914,train,352305,dev,"Vehicle_horn_and_car_horn_and_honking,Car,Motor_vehicle_(road),Vehicle,Alarm",http://creativecommons.org/licenses/by/3.0/,stated,fsd50k_real_v1
SS-HOR-0011,originals/vehicle_horn/SS-HOR-0011.wav,Vehicle Horn,FSD50K (Freesound clip 423990),https://freesound.org/s/423990/,CC0-1.0,AmishRob,2026-09-23,0.7,44100,1,unspecified,unspecified,n/a,original,,,,1f5af22c245d22f3896dda97c01f78b1d16f1241da92556ebef2e4ccf188c83f,val,423990,eval,"Vehicle_horn_and_car_horn_and_honking,Alarm,Car,Motor_vehicle_(road),Vehicle",http://creativecommons.org/publicdomain/zero/1.0/,unmatched,fsd50k_real_v1
SS-HOR-0012,originals/vehicle_horn/SS-HOR-0012.wav,Vehicle Horn,FSD50K (Freesound clip 431841),https://freesound.org/s/431841/,CC0-1.0,Audy_Leonard,2026-09-23,7.8,44100,1,unspecified,unspecified,n/a,original,,,,fcf89f2d7c14623695b3b1c285cf504d4a18d128a7a1692058a172748e8a0715,train,431841,dev,"Vehicle_horn_and_car_horn_and_honking,Car,Motor_vehicle_(road),Vehicle,Alarm",http://creativecommons.org/publicdomain/zero/1.0/,unmatched,fsd50k_real_v1
SS-HOR-0013,originals/vehicle_horn/SS-HOR-0013.wav,Vehicle Horn,FSD50K (Freesound clip 221644),https://freesound.org/s/221644/,CC-BY-3.0,BRYANSMOSH,2026-09-23,20.12,44100,1,unspecified,unspecified,n/a,original,,,,9a5dbcb21a4a3ddd14258d7a94ace2a2a6148a5c43856b110d675d0866003b85,train,221644,dev,"Vehicle_horn_and_car_horn_and_honking,Car,Motor_vehicle_(road),Vehicle,Alarm",http://creativecommons.org/licenses/by/3.0/,unmatched,fsd50k_real_v1
SS-HOR-0014,originals/vehicle_horn/SS-HOR-0014.wav,Vehicle Horn,FSD50K (Freesound clip 170243),https://freesound.org/s/170243/,CC0-1.0,BeatsbyCasper,2026-09-23,0.409,44100,1,unspecified,unspecified,n/a,original,,,,27d36be7e09f9d6d0dc2e408c6aaba317ca77fb1e4516aec06e10e5afc870248,train,170243,dev,"Vehicle_horn_and_car_horn_and_honking,Car,Motor_vehicle_(road),Vehicle,Alarm",http://creativecommons.org/publicdomain/zero/1.0/,unmatched,fsd50k_real_v1
SS-HOR-0015,originals/vehicle_horn/SS-HOR-0015.wav,Vehicle Horn,FSD50K (Freesound clip 196139),https://freesound.org/s/196139/,CC0-1.0,BiblicalBricksProductions,2026-09-23,4.738,44100,1,unspecified,unspecified,n/a,original,,,,c18d33ebc826962d9a54b52b6fa1e67463359668cd0cb3871d50281d39fbf8d8,val,196139,eval,"Vehicle_horn_and_car_horn_and_honking,Alarm,Car,Motor_vehicle_(road),Vehicle",http://creativecommons.org/publicdomain/zero/1.0/,unmatched,fsd50k_real_v1
SS-HOR-0016,originals/vehicle_horn/SS-HOR-0016.wav,Vehicle Horn,FSD50K (Freesound clip 162540),https://freesound.org/s/162540/,CC0-1.0,Chippy569,2026-09-23,13.0,44100,1,vehicle,unspecified,n/a,original,,,,5559eef073496e8054ff71d2c4dc5a1f90c5702e25fcd9fce4482526af1491db,train,162540,dev,"Vehicle_horn_and_car_horn_and_honking,Vehicle,Car,Motor_vehicle_(road),Alarm",http://creativecommons.org/publicdomain/zero/1.0/,inferred_from_tags,fsd50k_real_v1
SS-HOR-0017,originals/vehicle_horn/SS-HOR-0017.wav,Vehicle Horn,FSD50K (Freesound clip 162541),https://freesound.org/s/162541/,CC0-1.0,Chippy569,2026-09-23,13.0,44100,1,outdoor,unspecified,n/a,original,,,,b0dbb37c1128127353ebd3b34ec8f831cf9732f3022a63bc3d2628ba8f779ed3,val,162541,dev,"Vehicle_horn_and_car_horn_and_honking,Car,Motor_vehicle_(road),Vehicle,Alarm",http://creativecommons.org/publicdomain/zero/1.0/,stated,fsd50k_real_v1
SS-HOR-0018,originals/vehicle_horn/SS-HOR-0018.wav,Vehicle Horn,FSD50K (Freesound clip 433578),https://freesound.org/s/433578/,CC0-1.0,ChrisReierson,2026-09-23,1.99,44100,1,outdoor,unspecified,n/a,original,,,,0d540bbbb7d32949db41edc517348fec6e5c289dd5fe0916962e624d1ec58ff1,train,433578,dev,"Vehicle_horn_and_car_horn_and_honking,Car,Motor_vehicle_(road),Vehicle,Alarm",http://creativecommons.org/publicdomain/zero/1.0/,inferred_from_tags,fsd50k_real_v1
SS-HOR-0019,originals/vehicle_horn/SS-HOR-0019.wav,Vehicle Horn,FSD50K (Freesound clip 424601),https://freesound.org/s/424601/,CC0-1.0,Daniela-Santos,2026-09-23,13.14,44100,1,outdoor,unspecified,n/a,original,,,,347ead97f362d2bad667c0bd70326919e0a44815b7af84a64793b65c28969d6e,train,424601,eval,"Male_speech_and_man_speaking,Chatter,Chirp_and_tweet,Traffic_noise_and_roadway_noise,Vehicle_horn_and_car_horn_and_honking,Alarm,Car,Motor_vehicle_(road),Vehicle,Speech,Human_voice,Human_group_actions,Bird_vocalization_and_bird_call_and_bird_song,Bird,Wild_animals,Animal",http://creativecommons.org/publicdomain/zero/1.0/,inferred_from_tags,fsd50k_real_v1
SS-HOR-0020,originals/vehicle_horn/SS-HOR-0020.wav,Vehicle Horn,FSD50K (Freesound clip 394655),https://freesound.org/s/394655/,CC0-1.0,DigPro120,2026-09-23,1.541,44100,1,unspecified,unspecified,n/a,original,,,,c7823b41025f0c0c0d2cb09592f6cb996d480308e6b95fd27c48f4f8a96a0a58,train,394655,eval,"Vehicle_horn_and_car_horn_and_honking,Alarm,Car,Motor_vehicle_(road),Vehicle",http://creativecommons.org/publicdomain/zero/1.0/,unmatched,fsd50k_real_v1
SS-HOR-0021,originals/vehicle_horn/SS-HOR-0021.wav,Vehicle Horn,FSD50K (Freesound clip 432641),https://freesound.org/s/432641/,CC0-1.0,DigPro120,2026-09-23,2.926,44100,1,indoor,unspecified,n/a,original,,,,4dd71301d24a8e391babcfeeafa8c9bc99bb66016d6db6dad7ef55dbdd1080bf,train,432641,eval,"Vehicle_horn_and_car_horn_and_honking,Alarm,Car,Motor_vehicle_(road),Vehicle",http://creativecommons.org/publicdomain/zero/1.0/,stated,fsd50k_real_v1
SS-HOR-0022,originals/vehicle_horn/SS-HOR-0022.wav,Vehicle Horn,FSD50K (Freesound clip 381774),https://freesound.org/s/381774/,CC-BY-3.0,DomainHunter,2026-09-23,0.851,44100,1,unspecified,unspecified,n/a,original,,,,81f18e86603894657b1e12300ed5c61dd7b774c1726ab644395362dedfda2ec7,train,381774,dev,"Vehicle_horn_and_car_horn_and_honking,Motor_vehicle_(road),Car,Vehicle,Alarm",http://creativecommons.org/licenses/by/3.0/,unmatched,fsd50k_real_v1
SS-HOR-0023,originals/vehicle_horn/SS-HOR-0023.wav,Vehicle Horn,FSD50K (Freesound clip 381775),https://freesound.org/s/381775/,CC-BY-3.0,DomainHunter,2026-09-23,1.759,44100,1,unspecified,unspecified,n/a,original,,,,ec35f517283a97c015d403c735610266d23500c67c72d00e010402c359e866fc,train,381775,dev,"Vehicle_horn_and_car_horn_and_honking,Car,Motor_vehicle_(road),Vehicle,Alarm",http://creativecommons.org/licenses/by/3.0/,unmatched,fsd50k_real_v1
SS-HOR-0024,originals/vehicle_horn/SS-HOR-0024.wav,Vehicle Horn,FSD50K (Freesound clip 424603),https://freesound.org/s/424603/,CC0-1.0,FiddlingAround121,2026-09-23,19.749,44100,1,unspecified,unspecified,n/a,original,,,,697027204edc3e0db912b7ae50b86c7b6dc16edc3d569089e018c418e80fd7ac,train,424603,dev,"Vehicle_horn_and_car_horn_and_honking,Car,Motor_vehicle_(road),Vehicle,Alarm",http://creativecommons.org/publicdomain/zero/1.0/,unmatched,fsd50k_real_v1
SS-HOR-0025,originals/vehicle_horn/SS-HOR-0025.wav,Vehicle Horn,FSD50K (Freesound clip 424604),https://freesound.org/s/424604/,CC0-1.0,FiddlingAround121,2026-09-23,19.775,44100,1,unspecified,unspecified,n/a,original,,,,fc0aea8d4b4fadd5da57b80fa032d7b6784c05d42b1f258c30fef5c530f78d4e,train,424604,dev,"Vehicle_horn_and_car_horn_and_honking,Car,Motor_vehicle_(road),Vehicle,Alarm",http://creativecommons.org/publicdomain/zero/1.0/,unmatched,fsd50k_real_v1
SS-HOR-0026,originals/vehicle_horn/SS-HOR-0026.wav,Vehicle Horn,FSD50K (Freesound clip 28165),https://freesound.org/s/28165/,CC0-1.0,Heigh-hoo,2026-09-23,29.148,44100,1,outdoor,unspecified,n/a,original,,,,372c7a552ac6463233379ae0d3fb3842134ed67b442287011cf2151e3fd0df5e,val,28165,eval,"Walk_and_footsteps,Chatter,Idling,Traffic_noise_and_roadway_noise,Vehicle_horn_and_car_horn_and_honking,Alarm,Car,Motor_vehicle_(road),Vehicle,Human_group_actions,Engine",http://creativecommons.org/publicdomain/zero/1.0/,stated,fsd50k_real_v1
SS-HOR-0027,originals/vehicle_horn/SS-HOR-0027.wav,Vehicle Horn,FSD50K (Freesound clip 138277),https://freesound.org/s/138277/,CC0-1.0,Hupguy,2026-09-23,8.465,44100,1,outdoor,unspecified,n/a,original,,,,7f5e8acfb5dce7970b7a9822ebb740588774c8abc6a025f506593599c7ef34c0,train,138277,dev,"Car_passing_by,Vehicle_horn_and_car_horn_and_honking,Car,Motor_vehicle_(road),Vehicle,Alarm",http://creativecommons.org/publicdomain/zero/1.0/,stated,fsd50k_real_v1
SS-HOR-0028,originals/vehicle_horn/SS-HOR-0028.wav,Vehicle Horn,FSD50K (Freesound clip 371833),https://freesound.org/s/371833/,CC0-1.0,Iamgiorgio,2026-09-23,2.0,44100,1,unspecified,unspecified,n/a,original,,,,00931a34b0f04bf924ecc6c95c529b525e553643fb1136d0e9f8386c01d296f2,train,371833,dev,"Vehicle_horn_and_car_horn_and_honking,Car,Motor_vehicle_(road),Vehicle,Alarm",http://creativecommons.org/publicdomain/zero/1.0/,unmatched,fsd50k_real_v1
SS-HOR-0029,originals/vehicle_horn/SS-HOR-0029.wav,Vehicle Horn,FSD50K (Freesound clip 371853),https://freesound.org/s/371853/,CC0-1.0,Iamgiorgio,2026-09-23,3.004,44100,1,unspecified,unspecified,n/a,original,,,,220199fe2267a264fe2c0ab9d2850cad889d66e473e4f6a3792c1bf8d4c1f329,train,371853,dev,"Vehicle_horn_and_car_horn_and_honking,Car,Motor_vehicle_(road),Vehicle,Alarm",http://creativecommons.org/publicdomain/zero/1.0/,unmatched,fsd50k_real_v1
SS-HOR-0030,originals/vehicle_horn/SS-HOR-0030.wav,Vehicle Horn,FSD50K (Freesound clip 402958),https://freesound.org/s/402958/,CC-BY-3.0,InspectorJ,2026-09-23,25.261,44100,1,indoor,unspecified,n/a,original,,,,5a9284c913ea31dee424651e5c5963d6c40a449938c39a42846b9e765bcc91e3,train,402958,dev,"Vehicle_horn_and_car_horn_and_honking,Car,Motor_vehicle_(road),Vehicle,Alarm",http://creativecommons.org/licenses/by/3.0/,stated,fsd50k_real_v1
SS-HOR-0031,originals/vehicle_horn/SS-HOR-0031.wav,Vehicle Horn,FSD50K (Freesound clip 420830),https://freesound.org/s/420830/,CC-BY-3.0,IsaacRoman,2026-09-23,11.736,44100,1,outdoor,unspecified,n/a,original,,,,5630249649770177934be724be134cdafd511dbf0da122f1fd9c0e75aa17f284,val,420830,eval,"Male_speech_and_man_speaking,Church_bell,Vehicle_horn_and_car_horn_and_honking,Crow,Alarm,Car,Motor_vehicle_(road),Vehicle,Speech,Human_voice,Bell,Bird,Wild_animals,Animal",http://creativecommons.org/licenses/by/3.0/,stated,fsd50k_real_v1
SS-HOR-0032,originals/vehicle_horn/SS-HOR-0032.wav,Vehicle Horn,FSD50K (Freesound clip 32417),https://freesound.org/s/32417/,CC0-1.0,KRAFTWERK2K1,2026-09-23,0.919,44100,1,outdoor,unspecified,n/a,original,,,,2fa61c66e507d4a7990b8cac067347144f8f79552e78116387b9aeced1c705ea,train,32417,dev,"Vehicle_horn_and_car_horn_and_honking,Car,Motor_vehicle_(road),Vehicle,Alarm",http://creativecommons.org/publicdomain/zero/1.0/,inferred_from_tags,fsd50k_real_v1
SS-HOR-0033,originals/vehicle_horn/SS-HOR-0033.wav,Vehicle Horn,FSD50K (Freesound clip 329612),https://freesound.org/s/329612/,CC0-1.0,LOVEBURD,2026-09-23,6.242,44100,1,unspecified,unspecified,n/a,original,,,,8980a2808969fd709be2d378078028a1c2f3fb8f2a4656637d98d91540989661,train,329612,dev,"Vehicle_horn_and_car_horn_and_honking,Motor_vehicle_(road),Car,Vehicle,Alarm",http://creativecommons.org/publicdomain/zero/1.0/,unmatched,fsd50k_real_v1
SS-HOR-0034,originals/vehicle_horn/SS-HOR-0034.wav,Vehicle Horn,FSD50K (Freesound clip 379754),https://freesound.org/s/379754/,CC-BY-3.0,MicrosoftSam,2026-09-23,13.817,44100,1,outdoor,unspecified,n/a,original,,,,bda8b79c356108bce52a7c53d09a63acb0f96c9b8ed0b3a4bfbeba528820b368,train,379754,dev,"Vehicle_horn_and_car_horn_and_honking,Rain,Car,Motor_vehicle_(road),Vehicle,Alarm,Water",http://creativecommons.org/licenses/by/3.0/,stated,fsd50k_real_v1
SS-HOR-0035,originals/vehicle_horn/SS-HOR-0035.wav,Vehicle Horn,FSD50K (Freesound clip 379756),https://freesound.org/s/379756/,CC-BY-3.0,MicrosoftSam,2026-09-23,20.657,44100,1,outdoor,unspecified,n/a,original,,,,1ac9f9af5067b3746641ce12269a0a5aff684ab0e3a4d13950942dc8f6ca4027,train,379756,dev,"Raindrop,Trickle_and_dribble,Vehicle_horn_and_car_horn_and_honking,Rain,Car,Motor_vehicle_(road),Vehicle,Alarm,Water,Pour,Liquid",http://creativecommons.org/licenses/by/3.0/,stated,fsd50k_real_v1
SS-HOR-0036,originals/vehicle_horn/SS-HOR-0036.wav,Vehicle Horn,FSD50K (Freesound clip 347964),https://freesound.org/s/347964/,CC-BY-3.0,Nkzdra,2026-09-23,18.808,44100,1,vehicle,unspecified,n/a,original,,,,a564436cafe4cf1874528465bba858c78dcb1c5aaccb2150c0b79dfcf9e5dc56,train,347964,eval,"Engine_starting,Traffic_noise_and_roadway_noise,Vehicle_horn_and_car_horn_and_honking,Alarm,Car,Motor_vehicle_(road),Vehicle,Engine",http://creativecommons.org/licenses/by/3.0/,stated,fsd50k_real_v1
SS-HOR-0037,originals/vehicle_horn/SS-HOR-0037.wav,Vehicle Horn,FSD50K (Freesound clip 77509),https://freesound.org/s/77509/,CC-BY-3.0,NoiseCollector,2026-09-23,5.146,44100,1,outdoor,unspecified,n/a,original,,,,b21b03d893493b0aca6fd6bc84096341639c04dd18573e7059551dde2a79c53a,test,77509,dev,"Vehicle_horn_and_car_horn_and_honking,Car,Motor_vehicle_(road),Vehicle,Alarm",http://creativecommons.org/licenses/by/3.0/,stated,fsd50k_real_v1
SS-HOR-0038,originals/vehicle_horn/SS-HOR-0038.wav,Vehicle Horn,FSD50K (Freesound clip 113319),https://freesound.org/s/113319/,CC-BY-3.0,NoiseCollector,2026-09-23,6.097,44100,1,outdoor,unspecified,n/a,original,,,,9034163dd3517a0bb6c49a87504ca4fbf616e4a503ee676f4787de7e7fe694e0,train,113319,dev,"Bus,Vehicle_horn_and_car_horn_and_honking,Vehicle,Car,Motor_vehicle_(road),Alarm",http://creativecommons.org/licenses/by/3.0/,stated,fsd50k_real_v1
SS-HOR-0039,originals/vehicle_horn/SS-HOR-0039.wav,Vehicle Horn,FSD50K (Freesound clip 171249),https://freesound.org/s/171249/,CC0-1.0,Oddworld,2026-09-23,22.069,44100,1,outdoor,unspecified,n/a,original,,,,27f48ccd35dbe44d9479f38d5a602dfdf74ed2af1e89868e1d7b3c1e74762157,val,171249,dev,"Vehicle_horn_and_car_horn_and_honking,Car,Motor_vehicle_(road),Vehicle,Alarm",http://creativecommons.org/publicdomain/zero/1.0/,stated,fsd50k_real_v1
SS-HOR-0040,originals/vehicle_horn/SS-HOR-0040.wav,Vehicle Horn,FSD50K (Freesound clip 399828),https://freesound.org/s/399828/,CC0-1.0,Radio_fragola_gorizia,2026-09-23,12.22,44100,1,outdoor,unspecified,n/a,original,,,,93e78a7c8fa98e0ec64e8fd767469aa5cb9e7cc75f9fa83776b535629da81b26,train,399828,eval,"Traffic_noise_and_roadway_noise,Vehicle_horn_and_car_horn_and_honking,Alarm,Car,Motor_vehicle_(road),Vehicle",http://creativecommons.org/publicdomain/zero/1.0/,inferred_from_tags,fsd50k_real_v1
SS-HOR-0041,originals/vehicle_horn/SS-HOR-0041.wav,Vehicle Horn,FSD50K (Freesound clip 425496),https://freesound.org/s/425496/,CC-BY-3.0,Soundholder,2026-09-23,1.589,44100,1,outdoor,unspecified,n/a,original,,,,85f85c8756191a4d303d5e706fe241e8ed720991e1e828c74780e82ab9d8312b,val,425496,dev,"Vehicle_horn_and_car_horn_and_honking,Car,Motor_vehicle_(road),Vehicle,Alarm",http://creativecommons.org/licenses/by/3.0/,stated,fsd50k_real_v1
SS-HOR-0042,originals/vehicle_horn/SS-HOR-0042.wav,Vehicle Horn,FSD50K (Freesound clip 425848),https://freesound.org/s/425848/,CC-BY-3.0,Soundholder,2026-09-23,7.731,44100,1,outdoor,unspecified,n/a,original,,,,a8434b622f2ffc1f6be30f98faeced867a77fa1a2af360c4c95d9f2b2b963f12,test,425848,dev,"Vehicle_horn_and_car_horn_and_honking,Truck,Car,Motor_vehicle_(road),Vehicle,Alarm",http://creativecommons.org/licenses/by/3.0/,stated,fsd50k_real_v1
SS-HOR-0043,originals/vehicle_horn/SS-HOR-0043.wav,Vehicle Horn,FSD50K (Freesound clip 210254),https://freesound.org/s/210254/,CC0-1.0,Soundscape_Leuphana,2026-09-23,15.633,44100,1,outdoor,unspecified,n/a,original,,,,744fc0986f481b56247e67df157ab05b1a8cd91f883fa5d039dec05c1431048b,train,210254,eval,"Vehicle_horn_and_car_horn_and_honking,Alarm,Car,Motor_vehicle_(road),Vehicle",http://creativecommons.org/publicdomain/zero/1.0/,stated,fsd50k_real_v1
SS-HOR-0044,originals/vehicle_horn/SS-HOR-0044.wav,Vehicle Horn,FSD50K (Freesound clip 27881),https://freesound.org/s/27881/,CC-BY-3.0,Stickinthemud,2026-09-23,0.483,44100,1,unspecified,unspecified,n/a,original,,,,5fe4cbe3afd29f5789cf1cf015b519f103c6e11bfa3f53c39f165c033a3d713e,test,27881,dev,"Vehicle_horn_and_car_horn_and_honking,Car,Motor_vehicle_(road),Vehicle,Alarm",http://creativecommons.org/licenses/by/3.0/,unmatched,fsd50k_real_v1
SS-HOR-0045,originals/vehicle_horn/SS-HOR-0045.wav,Vehicle Horn,FSD50K (Freesound clip 27882),https://freesound.org/s/27882/,CC-BY-3.0,Stickinthemud,2026-09-23,0.782,44100,1,unspecified,unspecified,n/a,original,,,,1d2232062548d485a8ad09a80f1509c219ea46dedb127de31b4e712b4263ec68,test,27882,dev,"Vehicle_horn_and_car_horn_and_honking,Car,Motor_vehicle_(road),Vehicle,Alarm",http://creativecommons.org/licenses/by/3.0/,unmatched,fsd50k_real_v1
SS-HOR-0046,originals/vehicle_horn/SS-HOR-0046.wav,Vehicle Horn,FSD50K (Freesound clip 58202),https://freesound.org/s/58202/,CC-BY-3.0,THE_bizniss,2026-09-23,2.107,44100,1,outdoor,unspecified,n/a,original,,,,fd10fadb5c732482675d05c3f097e80e3df177aa73dd6824e94bb509b036671e,train,58202,eval,"Vehicle_horn_and_car_horn_and_honking,Alarm,Car,Motor_vehicle_(road),Vehicle",http://creativecommons.org/licenses/by/3.0/,stated,fsd50k_real_v1
SS-HOR-0047,originals/vehicle_horn/SS-HOR-0047.wav,Vehicle Horn,FSD50K (Freesound clip 100647),https://freesound.org/s/100647/,CC0-1.0,Unice.ys,2026-09-23,19.435,44100,1,outdoor,unspecified,n/a,original,,,,51ee1069039f52c413f44b9ce919f016ceb76e9b57c1fd4985ff3b817bb23893,train,100647,eval,"Chatter,Bus,Vehicle_horn_and_car_horn_and_honking,Bell,Alarm,Car,Motor_vehicle_(road),Vehicle,Human_group_actions",http://creativecommons.org/publicdomain/zero/1.0/,stated,fsd50k_real_v1
SS-HOR-0048,originals/vehicle_horn/SS-HOR-0048.wav,Vehicle Horn,FSD50K (Freesound clip 392257),https://freesound.org/s/392257/,CC0-1.0,Viliguis,2026-09-23,28.189,44100,1,unspecified,unspecified,n/a,original,,,,c94cac283626573111fe80fe5ec29fd52d7ef96391bccb8cbd18bd992d27e6b6,test,392257,eval,"Chatter,Bus,Vehicle_horn_and_car_horn_and_honking,Engine,Alarm,Car,Motor_vehicle_(road),Vehicle,Human_group_actions",http://creativecommons.org/publicdomain/zero/1.0/,unmatched,fsd50k_real_v1
SS-HOR-0049,originals/vehicle_horn/SS-HOR-0049.wav,Vehicle Horn,FSD50K (Freesound clip 26176),https://freesound.org/s/26176/,CC-BY-3.0,WIM,2026-09-23,1.95,44100,1,outdoor,unspecified,n/a,original,,,,1ad028114557d8d80d5b95e10fbc206ca9301ada55e47fa5ab7a8bb63f9b4367,train,26176,dev,"Traffic_noise_and_roadway_noise,Vehicle_horn_and_car_horn_and_honking,Car,Motor_vehicle_(road),Vehicle,Alarm",http://creativecommons.org/licenses/by/3.0/,inferred_from_tags,fsd50k_real_v1
SS-HOR-0050,originals/vehicle_horn/SS-HOR-0050.wav,Vehicle Horn,FSD50K (Freesound clip 26177),https://freesound.org/s/26177/,CC-BY-3.0,WIM,2026-09-23,3.941,44100,1,outdoor,unspecified,n/a,original,,,,ea21252135cabef3ecc7d36154e0fc2c217f3d40cfb98d1d2a77e11d304f40f8,train,26177,dev,"Traffic_noise_and_roadway_noise,Vehicle_horn_and_car_horn_and_honking,Car,Motor_vehicle_(road),Vehicle,Alarm",http://creativecommons.org/licenses/by/3.0/,stated,fsd50k_real_v1
SS-HOR-0051,originals/vehicle_horn/SS-HOR-0051.wav,Vehicle Horn,FSD50K (Freesound clip 153057),https://freesound.org/s/153057/,CC-BY-3.0,Xampi8,2026-09-23,1.829,44100,1,outdoor,unspecified,n/a,original,,,,cba2b45763ffdc0dade825fee2733b18a26e8ce46ba3a381d5ab2deec7190ad9,train,153057,eval,"Vehicle_horn_and_car_horn_and_honking,Alarm,Car,Motor_vehicle_(road),Vehicle",http://creativecommons.org/licenses/by/3.0/,inferred_from_tags,fsd50k_real_v1
SS-HOR-0052,originals/vehicle_horn/SS-HOR-0052.wav,Vehicle Horn,FSD50K (Freesound clip 254507),https://freesound.org/s/254507/,CC-BY-3.0,YleArkisto,2026-09-23,21.602,44100,1,outdoor,unspecified,n/a,original,,,,2a8f93e0cce245c5a2fa921838ba52899ee7763483c76cc642d11cfaf8732eb7,train,254507,dev,"Vehicle_horn_and_car_horn_and_honking,Motor_vehicle_(road),Car,Vehicle,Alarm",http://creativecommons.org/licenses/by/3.0/,inferred_from_tags,fsd50k_real_v1
SS-HOR-0053,originals/vehicle_horn/SS-HOR-0053.wav,Vehicle Horn,FSD50K (Freesound clip 255699),https://freesound.org/s/255699/,CC-BY-3.0,YleArkisto,2026-09-23,26.406,44100,1,outdoor,unspecified,n/a,original,,,,fd865612074a5463d22c5cbdfc2fd46b6d07a131ef613724eee1504d4acc14fc,train,255699,dev,"Vehicle_horn_and_car_horn_and_honking,Motor_vehicle_(road),Car,Vehicle,Alarm",http://creativecommons.org/licenses/by/3.0/,inferred_from_tags,fsd50k_real_v1
SS-HOR-0054,originals/vehicle_horn/SS-HOR-0054.wav,Vehicle Horn,FSD50K (Freesound clip 325701),https://freesound.org/s/325701/,CC0-1.0,__O,2026-09-23,29.257,44100,1,unspecified,unspecified,n/a,original,,,,4e8931ea5e74ce90d0edfec9a949730c43c7384045bfadbd0b2b6d5bdbdc8fb0,test,325701,eval,"Male_speech_and_man_speaking,Female_speech_and_woman_speaking,Chatter,Traffic_noise_and_roadway_noise,Vehicle_horn_and_car_horn_and_honking,Bell,Wind_instrument_and_woodwind_instrument,Drum,Alarm,Car,Motor_vehicle_(road),Vehicle,Speech,Human_voice,Musical_instrument,Music,Percussion,Human_group_actions",http://creativecommons.org/publicdomain/zero/1.0/,unmatched,fsd50k_real_v1
SS-HOR-0055,originals/vehicle_horn/SS-HOR-0055.wav,Vehicle Horn,FSD50K (Freesound clip 83488),https://freesound.org/s/83488/,Sampling+-1.0,acoley,2026-09-23,6.13,44100,1,unspecified,unspecified,n/a,original,,,,6291ba02a9758cbf676d0a0ec826575617f51d935f511f4735b035c945211975,train,83488,dev,"Vehicle_horn_and_car_horn_and_honking,Car,Motor_vehicle_(road),Vehicle,Alarm",http://creativecommons.org/licenses/sampling+/1.0/,unmatched,fsd50k_real_v1
SS-HOR-0056,originals/vehicle_horn/SS-HOR-0056.wav,Vehicle Horn,FSD50K (Freesound clip 47275),https://freesound.org/s/47275/,CC-BY-3.0,alphahog,2026-09-23,4.415,44100,1,outdoor,unspecified,n/a,original,,,,d204fc2169d52a54998cba9d31794e643d23644d977c89ab26077584d2cf439c,train,47275,dev,"Vehicle_horn_and_car_horn_and_honking,Human_voice,Car,Motor_vehicle_(road),Vehicle,Alarm",http://creativecommons.org/licenses/by/3.0/,stated,fsd50k_real_v1
SS-HOR-0057,originals/vehicle_horn/SS-HOR-0057.wav,Vehicle Horn,FSD50K (Freesound clip 144137),https://freesound.org/s/144137/,CC-BY-3.0,alukahn,2026-09-23,2.377,44100,1,outdoor,unspecified,n/a,original,,,,5ce3f49e19d6e323e35012b2c35c9f3a5ad61e43c26895caf53497058ebc30e1,test,144137,eval,"Vehicle_horn_and_car_horn_and_honking,Alarm,Car,Motor_vehicle_(road),Vehicle",http://creativecommons.org/licenses/by/3.0/,inferred_from_tags,fsd50k_real_v1
SS-HOR-0058,originals/vehicle_horn/SS-HOR-0058.wav,Vehicle Horn,FSD50K (Freesound clip 403455),https://freesound.org/s/403455/,CC-BY-3.0,anez,2026-09-23,0.56,44100,1,unspecified,unspecified,n/a,original,,,,e07663b05b4845116a40cf6d6955e28bcb0701e253df09492c777c6d327d8379,train,403455,dev,"Vehicle_horn_and_car_horn_and_honking,Car,Motor_vehicle_(road),Vehicle,Alarm",http://creativecommons.org/licenses/by/3.0/,unmatched,fsd50k_real_v1
SS-HOR-0059,originals/vehicle_horn/SS-HOR-0059.wav,Vehicle Horn,FSD50K (Freesound clip 403457),https://freesound.org/s/403457/,CC-BY-3.0,anez,2026-09-23,0.815,44100,1,unspecified,unspecified,n/a,original,,,,1d1c073d60c5bbc552fb021a44edadcd66a5147f088c98e6bf173e8f94c27d20,train,403457,dev,"Vehicle_horn_and_car_horn_and_honking,Car,Motor_vehicle_(road),Vehicle,Alarm",http://creativecommons.org/licenses/by/3.0/,unmatched,fsd50k_real_v1
SS-HOR-0060,originals/vehicle_horn/SS-HOR-0060.wav,Vehicle Horn,FSD50K (Freesound clip 118577),https://freesound.org/s/118577/,CC0-1.0,antwash,2026-09-23,18.204,44100,1,outdoor,unspecified,n/a,original,,,,53c786fcf67b816c47cb0d31fa7ead42f0f8e39a8b3d2d920cf0b4becb94bee0,val,118577,eval,"Bark,Chirp_and_tweet,Traffic_noise_and_roadway_noise,Vehicle_horn_and_car_horn_and_honking,Alarm,Car,Motor_vehicle_(road),Vehicle,Dog,Domestic_animals_and_pets,Animal,Bird_vocalization_and_bird_call_and_bird_song,Bird,Wild_animals",http://creativecommons.org/publicdomain/zero/1.0/,stated,fsd50k_real_v1
SS-HOR-0061,originals/vehicle_horn/SS-HOR-0061.wav,Vehicle Horn,FSD50K (Freesound clip 184355),https://freesound.org/s/184355/,CC-BY-3.0,balou82,2026-09-23,15.609,44100,1,outdoor,unspecified,n/a,original,,,,8229258a1ec09f9960e86df70ef2029987ec9dce0205a8e9490a7398d07fbea4,test,184355,dev,"Vehicle_horn_and_car_horn_and_honking,Car,Motor_vehicle_(road),Vehicle,Alarm",http://creativecommons.org/licenses/by/3.0/,stated,fsd50k_real_v1
SS-HOR-0062,originals/vehicle_horn/SS-HOR-0062.wav,Vehicle Horn,FSD50K (Freesound clip 349922),https://freesound.org/s/349922/,CC0-1.0,bigmanjoe,2026-09-23,3.201,44100,1,vehicle,unspecified,n/a,original,,,,1f8c6a72c3e665197e77ec06050756e18a8e2bf1ad21bf15904b455c1309096f,train,349922,eval,"Vehicle_horn_and_car_horn_and_honking,Alarm,Car,Motor_vehicle_(road),Vehicle",http://creativecommons.org/publicdomain/zero/1.0/,inferred_from_tags,fsd50k_real_v1
SS-HOR-0063,originals/vehicle_horn/SS-HOR-0063.wav,Vehicle Horn,FSD50K (Freesound clip 212182),https://freesound.org/s/212182/,CC0-1.0,blaukreuz,2026-09-23,12.76,44100,1,vehicle,unspecified,n/a,original,,,,7ac4750334a0fbf0346ab28d0a7677277058be3baff138c9593391e37d4f352e,train,212182,dev,"Traffic_noise_and_roadway_noise,Vehicle_horn_and_car_horn_and_honking,Car,Motor_vehicle_(road),Vehicle,Alarm",http://creativecommons.org/publicdomain/zero/1.0/,stated,fsd50k_real_v1
SS-HOR-0064,originals/vehicle_horn/SS-HOR-0064.wav,Vehicle Horn,FSD50K (Freesound clip 212186),https://freesound.org/s/212186/,CC0-1.0,blaukreuz,2026-09-23,28.48,44100,1,vehicle,unspecified,n/a,original,,,,1322e48a929ac33698c095df171787b4a229e4b89960f36ce8df677c0544ebbb,train,212186,dev,"Traffic_noise_and_roadway_noise,Vehicle_horn_and_car_horn_and_honking,Car,Motor_vehicle_(road),Vehicle,Alarm",http://creativecommons.org/publicdomain/zero/1.0/,stated,fsd50k_real_v1
SS-HOR-0065,originals/vehicle_horn/SS-HOR-0065.wav,Vehicle Horn,FSD50K (Freesound clip 145577),https://freesound.org/s/145577/,CC-BY-3.0,bmoreno,2026-09-23,1.435,44100,1,outdoor,unspecified,n/a,original,,,,c556c0debf6dec9b07a65eeaa2aab55f68da58bfa4185eabc71dbbb492001970,train,145577,dev,"Vehicle_horn_and_car_horn_and_honking,Car,Motor_vehicle_(road),Vehicle,Alarm",http://creativecommons.org/licenses/by/3.0/,stated,fsd50k_real_v1
SS-HOR-0066,originals/vehicle_horn/SS-HOR-0066.wav,Vehicle Horn,FSD50K (Freesound clip 83465),https://freesound.org/s/83465/,CC0-1.0,bsumusictech,2026-09-23,4.512,44100,1,unspecified,unspecified,n/a,original,,,,424657848cbc3e14cbc335cfeff77ede7844131c47a2585fe2725126a0ae279c,val,83465,eval,"Vehicle_horn_and_car_horn_and_honking,Alarm,Car,Motor_vehicle_(road),Vehicle",http://creativecommons.org/publicdomain/zero/1.0/,unmatched,fsd50k_real_v1
SS-HOR-0067,originals/vehicle_horn/SS-HOR-0067.wav,Vehicle Horn,FSD50K (Freesound clip 138465),https://freesound.org/s/138465/,CC-BY-3.0,campl,2026-09-23,28.0,44100,1,outdoor,unspecified,n/a,original,,,,fbb4ea411be9d513633d3c8546aa8c8d7e6c88dc7ba2b77bbf1ade173d6e9d02,train,138465,dev,"Traffic_noise_and_roadway_noise,Bus,Vehicle_horn_and_car_horn_and_honking,Car,Motor_vehicle_(road),Vehicle,Alarm",http://creativecommons.org/licenses/by/3.0/,stated,fsd50k_real_v1
SS-HOR-0068,originals/vehicle_horn/SS-HOR-0068.wav,Vehicle Horn,FSD50K (Freesound clip 138468),https://freesound.org/s/138468/,CC-BY-3.0,campl,2026-09-23,5.0,44100,1,outdoor,unspecified,n/a,original,,,,ff211b9c1483df2e65c92b8f084d3a62997a3433b9c385bb62e46391486dbcc2,train,138468,dev,"Traffic_noise_and_roadway_noise,Vehicle_horn_and_car_horn_and_honking,Car,Motor_vehicle_(road),Vehicle,Alarm",http://creativecommons.org/licenses/by/3.0/,stated,fsd50k_real_v1
SS-HOR-0069,originals/vehicle_horn/SS-HOR-0069.wav,Vehicle Horn,FSD50K (Freesound clip 235506),https://freesound.org/s/235506/,CC-BY-3.0,ceberation,2026-09-23,5.611,44100,1,unspecified,unspecified,n/a,original,,,,329f8410d6d8548b93502bd81657fc4231f5b8a4be37fc5ccfe729df0e4285b5,train,235506,eval,"Vehicle_horn_and_car_horn_and_honking,Alarm,Car,Motor_vehicle_(road),Vehicle",http://creativecommons.org/licenses/by/3.0/,unmatched,fsd50k_real_v1
SS-HOR-0070,originals/vehicle_horn/SS-HOR-0070.wav,Vehicle Horn,FSD50K (Freesound clip 17124),https://freesound.org/s/17124/,CC0-1.0,cognito perceptu,2026-09-23,0.654,44100,1,unspecified,unspecified,n/a,original,,,,7f49f309b5a22e0fde25b6a92964c7fcfd5eac5a34e6e9ac4e10034377705415,test,17124,eval,"Vehicle_horn_and_car_horn_and_honking,Alarm,Car,Motor_vehicle_(road),Vehicle",http://creativecommons.org/publicdomain/zero/1.0/,unmatched,fsd50k_real_v1
SS-HOR-0071,originals/vehicle_horn/SS-HOR-0071.wav,Vehicle Horn,FSD50K (Freesound clip 87275),https://freesound.org/s/87275/,CC0-1.0,cognito perceptu,2026-09-23,6.404,44100,1,unspecified,unspecified,n/a,original,,,,0390ad188e34747434c0a1ea77a428599285bfd4647144ae53d93901e5171020,val,87275,eval,"Car_passing_by,Cricket,Accelerating_and_revving_and_vroom,Vehicle_horn_and_car_horn_and_honking,Alarm,Car,Motor_vehicle_(road),Vehicle,Insect,Wild_animals,Animal,Engine",http://creativecommons.org/publicdomain/zero/1.0/,unmatched,fsd50k_real_v1
SS-HOR-0072,originals/vehicle_horn/SS-HOR-0072.wav,Vehicle Horn,FSD50K (Freesound clip 2937),https://freesound.org/s/2937/,Sampling+-1.0,conny,2026-09-23,0.819,44100,1,outdoor,unspecified,n/a,original,,,,1d99c803c259593bcc7c191010d8b93720f796247b244412ae50f53749b6632c,train,2937,dev,"Vehicle_horn_and_car_horn_and_honking,Car,Motor_vehicle_(road),Vehicle,Alarm",http://creativecommons.org/licenses/sampling+/1.0/,stated,fsd50k_real_v1
SS-HOR-0073,originals/vehicle_horn/SS-HOR-0073.wav,Vehicle Horn,FSD50K (Freesound clip 380772),https://freesound.org/s/380772/,CC-BY-3.0,cosmo235,2026-09-23,30.0,44100,1,outdoor,unspecified,n/a,original,,,,d85349f0c319af7b28a26a2725cc6567c5aca84dceacce3b11027dc1db8db885,train,380772,eval,"Traffic_noise_and_roadway_noise,Bus,Vehicle_horn_and_car_horn_and_honking,Train,Alarm,Car,Motor_vehicle_(road),Vehicle,Rail_transport",http://creativecommons.org/licenses/by/3.0/,stated,fsd50k_real_v1
SS-HOR-0074,originals/vehicle_horn/SS-HOR-0074.wav,Vehicle Horn,FSD50K (Freesound clip 49974),https://freesound.org/s/49974/,CC0-1.0,dADDoiT,2026-09-23,2.588,44100,1,studio,unspecified,n/a,original,,,,82d85ba65b92bfed7824a3ce19fd30f0b3b91d4e580080ea4be8ae0382ecb062,train,49974,dev,"Vehicle_horn_and_car_horn_and_honking,Car,Motor_vehicle_(road),Vehicle,Alarm",http://creativecommons.org/publicdomain/zero/1.0/,stated,fsd50k_real_v1
SS-HOR-0075,originals/vehicle_horn/SS-HOR-0075.wav,Vehicle Horn,FSD50K (Freesound clip 221639),https://freesound.org/s/221639/,CC0-1.0,dafiles,2026-09-23,17.58,44100,1,outdoor,unspecified,n/a,original,,,,03c4b04fce2b7aebc7e04fe5d3358fb6be30b43fe02061b26f936ae1e4393b7a,train,221639,dev,"Male_speech_and_man_speaking,Chatter,Engine_starting,Traffic_noise_and_roadway_noise,Vehicle_horn_and_car_horn_and_honking,Laughter,Car,Motor_vehicle_(road),Vehicle,Alarm,Speech,Human_voice,Human_group_actions,Engine",http://creativecommons.org/publicdomain/zero/1.0/,stated,fsd50k_real_v1
SS-HOR-0076,originals/vehicle_horn/SS-HOR-0076.wav,Vehicle Horn,FSD50K (Freesound clip 6984),https://freesound.org/s/6984/,CC-BY-3.0,dobroide,2026-09-23,16.927,44100,1,outdoor,unspecified,n/a,original,,,,4c34caaa485c088e6c0eb6654b9e9dc5a1468ae22dbf8845ad05a66a2bd5192b,val,6984,dev,"Vehicle_horn_and_car_horn_and_honking,Car,Motor_vehicle_(road),Vehicle,Alarm",http://creativecommons.org/licenses/by/3.0/,inferred_from_tags,fsd50k_real_v1
SS-HOR-0077,originals/vehicle_horn/SS-HOR-0077.wav,Vehicle Horn,FSD50K (Freesound clip 217806),https://freesound.org/s/217806/,CC0-1.0,eaglechopper,2026-09-23,29.676,44100,1,outdoor,unspecified,n/a,original,,,,d7d7b9c0f85c336cee97832663dd5d3c442f918f792dfb194c320d2fb4ae3e87,val,217806,eval,"Chirp_and_tweet,Traffic_noise_and_roadway_noise,Conversation,Vehicle_horn_and_car_horn_and_honking,Engine,Crow,Alarm,Car,Motor_vehicle_(road),Vehicle,Bird_vocalization_and_bird_call_and_bird_song,Bird,Wild_animals,Animal,Speech,Human_voice",http://creativecommons.org/publicdomain/zero/1.0/,stated,fsd50k_real_v1
SS-HOR-0078,originals/vehicle_horn/SS-HOR-0078.wav,Vehicle Horn,FSD50K (Freesound clip 338168),https://freesound.org/s/338168/,CC0-1.0,edranil,2026-09-23,12.84,44100,1,unspecified,unspecified,n/a,original,,,,e7fb4a95a14e5cc68f731fb28cd6ae66f56608f2680b7976bdd7d438c5f7d64d,train,338168,eval,"Male_speech_and_man_speaking,Chatter,Bus,Accelerating_and_revving_and_vroom,Vehicle_horn_and_car_horn_and_honking,Alarm,Car,Motor_vehicle_(road),Vehicle,Speech,Human_voice,Human_group_actions,Engine",http://creativecommons.org/publicdomain/zero/1.0/,unmatched,fsd50k_real_v1
SS-HOR-0079,originals/vehicle_horn/SS-HOR-0079.wav,Vehicle Horn,FSD50K (Freesound clip 170848),https://freesound.org/s/170848/,CC-BY-3.0,eliasheuninck,2026-09-23,4.858,44100,1,outdoor,unspecified,n/a,original,,,,1939d025ec6fbc696a93b442144029540815c7543109b52cb8d125ac175d50e9,test,170848,eval,"Vehicle_horn_and_car_horn_and_honking,Water,Train,Alarm,Car,Motor_vehicle_(road),Vehicle,Rail_transport",http://creativecommons.org/licenses/by/3.0/,stated,fsd50k_real_v1
SS-HOR-0080,originals/vehicle_horn/SS-HOR-0080.wav,Vehicle Horn,FSD50K (Freesound clip 21687),https://freesound.org/s/21687/,Sampling+-1.0,gbling,2026-09-23,3.648,44100,1,unspecified,unspecified,n/a,original,,,,b460e7b8041fee7c6ed365bee54697f925cb9ecd0a784fc99a0dad2572adb135,train,21687,dev,"Vehicle_horn_and_car_horn_and_honking,Car,Motor_vehicle_(road),Vehicle,Alarm",http://creativecommons.org/licenses/sampling+/1.0/,unmatched,fsd50k_real_v1
SS-HOR-0081,originals/vehicle_horn/SS-HOR-0081.wav,Vehicle Horn,FSD50K (Freesound clip 178402),https://freesound.org/s/178402/,CC0-1.0,genel,2026-09-23,14.637,44100,1,outdoor,unspecified,n/a,original,,,,8cc8ccd4d13eb8d1b7f2d061fdc63a8a0bc9fe762b5b66d6d24e6149ad589a4e,train,178402,dev,"Vehicle_horn_and_car_horn_and_honking,Car,Motor_vehicle_(road),Vehicle,Alarm",http://creativecommons.org/publicdomain/zero/1.0/,stated,fsd50k_real_v1
SS-HOR-0082,originals/vehicle_horn/SS-HOR-0082.wav,Vehicle Horn,FSD50K (Freesound clip 44791),https://freesound.org/s/44791/,CC-BY-3.0,gezortenplotz,2026-09-23,27.067,44100,1,outdoor,unspecified,n/a,original,,,,67b425a7a8ba43af1e77a5f05728eb59bf335bb53ebf5f0d697ac5d4a195bb19,val,44791,eval,"Walk_and_footsteps,Chatter,Idling,Traffic_noise_and_roadway_noise,Bus,Vehicle_horn_and_car_horn_and_honking,Alarm,Car,Motor_vehicle_(road),Vehicle,Human_group_actions,Engine",http://creativecommons.org/licenses/by/3.0/,inferred_from_tags,fsd50k_real_v1
SS-HOR-0083,originals/vehicle_horn/SS-HOR-0083.wav,Vehicle Horn,FSD50K (Freesound clip 54086),https://freesound.org/s/54086/,CC0-1.0,guitarguy1985,2026-09-23,4.598,44100,1,outdoor,unspecified,n/a,original,,,,ae2472d264988a622bf8e5931ed7bd135c2285242599a62617a6812c149d0833,train,54086,eval,"Vehicle_horn_and_car_horn_and_honking,Alarm,Car,Motor_vehicle_(road),Vehicle",http://creativecommons.org/publicdomain/zero/1.0/,stated,fsd50k_real_v1
SS-HOR-0084,originals/vehicle_horn/SS-HOR-0084.wav,Vehicle Horn,FSD50K (Freesound clip 19026),https://freesound.org/s/19026/,CC-BY-3.0,han1,2026-09-23,1.925,44100,1,unspecified,unspecified,n/a,original,,,,1aba797b983e1164f7b73098879b4b4d6747c09bddf2e439692fb96d2dbd8aa2,test,19026,dev,"Vehicle_horn_and_car_horn_and_honking,Car,Motor_vehicle_(road),Vehicle,Alarm",http://creativecommons.org/licenses/by/3.0/,unmatched,fsd50k_real_v1
SS-HOR-0085,originals/vehicle_horn/SS-HOR-0085.wav,Vehicle Horn,FSD50K (Freesound clip 239030),https://freesound.org/s/239030/,CC-BY-3.0,harrybates01,2026-09-23,1.509,44100,1,indoor,unspecified,n/a,original,,,,1a2f94f23b22c5dec0a8cdb8c31d35c40511f17cd77defc6866d4b46928d4e90,train,239030,dev,"Vehicle_horn_and_car_horn_and_honking,Car,Motor_vehicle_(road),Vehicle,Alarm",http://creativecommons.org/licenses/by/3.0/,stated,fsd50k_real_v1
SS-HOR-0086,originals/vehicle_horn/SS-HOR-0086.wav,Vehicle Horn,FSD50K (Freesound clip 239031),https://freesound.org/s/239031/,CC-BY-3.0,harrybates01,2026-09-23,1.509,44100,1,indoor,unspecified,n/a,original,,,,14a147a0121c08854fbe9a9ba476fd562829fd90e8e350ce0fd8d30991d343e2,train,239031,dev,"Vehicle_horn_and_car_horn_and_honking,Car,Motor_vehicle_(road),Vehicle,Alarm",http://creativecommons.org/licenses/by/3.0/,stated,fsd50k_real_v1
SS-HOR-0087,originals/vehicle_horn/SS-HOR-0087.wav,Vehicle Horn,FSD50K (Freesound clip 254678),https://freesound.org/s/254678/,CC0-1.0,hsaunier10,2026-09-23,2.513,44100,1,unspecified,unspecified,n/a,original,,,,8b564fd691213b04e28b33d2df6c839406c705d7d5d75ec976dc95e55b5f638b,train,254678,dev,"Vehicle_horn_and_car_horn_and_honking,Car,Motor_vehicle_(road),Vehicle,Alarm",http://creativecommons.org/publicdomain/zero/1.0/,unmatched,fsd50k_real_v1
SS-HOR-0088,originals/vehicle_horn/SS-HOR-0088.wav,Vehicle Horn,FSD50K (Freesound clip 362799),https://freesound.org/s/362799/,CC-BY-3.0,ikbenraar,2026-09-23,8.223,44100,1,vehicle,unspecified,n/a,original,,,,9713bc475cdcd7256a52cfece6762ef48ea8d7c1c7428b6c66bb6b446c998e96,test,362799,eval,"Vehicle_horn_and_car_horn_and_honking,Alarm,Car,Motor_vehicle_(road),Vehicle",http://creativecommons.org/licenses/by/3.0/,inferred_from_tags,fsd50k_real_v1
SS-HOR-0089,originals/vehicle_horn/SS-HOR-0089.wav,Vehicle Horn,FSD50K (Freesound clip 73168),https://freesound.org/s/73168/,CC-BY-3.0,inchadney,2026-09-23,4.745,44100,1,outdoor,unspecified,n/a,original,,,,ac849543fc87bae866f37846796f20a596f14d5d8155863e390c0b25756a31e5,train,73168,dev,"Vehicle_horn_and_car_horn_and_honking,Car,Motor_vehicle_(road),Vehicle,Alarm",http://creativecommons.org/licenses/by/3.0/,inferred_from_tags,fsd50k_real_v1
SS-HOR-0090,originals/vehicle_horn/SS-HOR-0090.wav,Vehicle Horn,FSD50K (Freesound clip 118070),https://freesound.org/s/118070/,CC0-1.0,ipears1,2026-09-23,2.347,44100,1,unspecified,unspecified,n/a,original,,,,90b1bb5c91d9ef65023ebea9f01d8598553f7a0bddda6fdb9c63354896b6408f,train,118070,eval,"Vehicle_horn_and_car_horn_and_honking,Alarm,Car,Motor_vehicle_(road),Vehicle",http://creativecommons.org/publicdomain/zero/1.0/,unmatched,fsd50k_real_v1
SS-HOR-0091,originals/vehicle_horn/SS-HOR-0091.wav,Vehicle Horn,FSD50K (Freesound clip 118078),https://freesound.org/s/118078/,CC0-1.0,ipears1,2026-09-23,10.197,44100,1,unspecified,unspecified,n/a,original,,,,7bc7f761b3cd262be5d97c1ba88c1c1edb272918f3bbd60fd57b895831976646,val,118078,eval,"Tap,Keys_jangling,Vehicle_horn_and_car_horn_and_honking,Alarm,Car,Motor_vehicle_(road),Vehicle,Domestic_sounds_and_home_sounds",http://creativecommons.org/publicdomain/zero/1.0/,unmatched,fsd50k_real_v1
SS-HOR-0092,originals/vehicle_horn/SS-HOR-0092.wav,Vehicle Horn,FSD50K (Freesound clip 174840),https://freesound.org/s/174840/,CC-BY-3.0,jakobthiesen,2026-09-23,5.717,44100,1,unspecified,unspecified,n/a,original,,,,e8167d57f8275699685df150260ad3459b10ca2a5cd996499e47b0890bd6e569,train,174840,dev,"Vehicle_horn_and_car_horn_and_honking,Car,Motor_vehicle_(road),Vehicle,Alarm",http://creativecommons.org/licenses/by/3.0/,unmatched,fsd50k_real_v1
SS-HOR-0093,originals/vehicle_horn/SS-HOR-0093.wav,Vehicle Horn,FSD50K (Freesound clip 174841),https://freesound.org/s/174841/,CC-BY-3.0,jakobthiesen,2026-09-23,4.907,44100,1,unspecified,unspecified,n/a,original,,,,c22900128e7bef41f663c2ad489cb5e57e44c9e017d0fedd992b3c9dc255ceae,train,174841,dev,"Vehicle_horn_and_car_horn_and_honking,Car,Motor_vehicle_(road),Vehicle,Alarm",http://creativecommons.org/licenses/by/3.0/,unmatched,fsd50k_real_v1
SS-HOR-0094,originals/vehicle_horn/SS-HOR-0094.wav,Vehicle Horn,FSD50K (Freesound clip 268015),https://freesound.org/s/268015/,CC-BY-3.0,jjamespacap,2026-09-23,9.476,44100,1,outdoor,unspecified,n/a,original,,,,f0099b7cdfecfe182c1be9337313a6e20494a4101d8962c9592da1d5890cc5e8,train,268015,dev,"Male_speech_and_man_speaking,Traffic_noise_and_roadway_noise,Vehicle_horn_and_car_horn_and_honking,Engine,Car,Motor_vehicle_(road),Vehicle,Alarm,Speech,Human_voice",http://creativecommons.org/licenses/by/3.0/,stated,fsd50k_real_v1
SS-HOR-0095,originals/vehicle_horn/SS-HOR-0095.wav,Vehicle Horn,FSD50K (Freesound clip 331540),https://freesound.org/s/331540/,CC0-1.0,jmpeeples,2026-09-23,14.325,44100,1,indoor,unspecified,n/a,original,,,,283fe9518dfd2e01730158330867752314659c68edb15f4f36acd551eac33bbe,test,331540,dev,"Vehicle_horn_and_car_horn_and_honking,Car,Motor_vehicle_(road),Vehicle,Alarm",http://creativecommons.org/publicdomain/zero/1.0/,stated,fsd50k_real_v1
SS-HOR-0096,originals/vehicle_horn/SS-HOR-0096.wav,Vehicle Horn,FSD50K (Freesound clip 176634),https://freesound.org/s/176634/,CC-BY-3.0,jorickhoofd,2026-09-23,16.384,44100,1,vehicle,unspecified,n/a,original,,,,24938f29aab39d73ecd476dee798779d25889a5f985e270e5b5355a1b9685357,val,176634,dev,"Vehicle_horn_and_car_horn_and_honking,Car,Motor_vehicle_(road),Vehicle,Alarm",http://creativecommons.org/licenses/by/3.0/,stated,fsd50k_real_v1
SS-HOR-0097,originals/vehicle_horn/SS-HOR-0097.wav,Vehicle Horn,FSD50K (Freesound clip 72240),https://freesound.org/s/72240/,CC-BY-3.0,jppi_Stu,2026-09-23,3.76,44100,1,outdoor,unspecified,n/a,original,,,,65429d3a95893afe164ec0ce4b5381d940aad3e65133431144f71d627dfe8746,test,72240,eval,"Chatter,Chuckle_and_chortle,Vehicle_horn_and_car_horn_and_honking,Alarm,Car,Motor_vehicle_(road),Vehicle,Human_group_actions,Laughter,Human_voice",http://creativecommons.org/licenses/by/3.0/,inferred_from_tags,fsd50k_real_v1
SS-HOR-0098,originals/vehicle_horn/SS-HOR-0098.wav,Vehicle Horn,FSD50K (Freesound clip 209970),https://freesound.org/s/209970/,CC0-1.0,jrosin,2026-09-23,4.068,44100,1,outdoor,unspecified,n/a,original,,,,3e7db6bdb622c9b773636ed97c60d8a2508a80d5d39eb7777820877a5c66a741,train,209970,eval,"Vehicle_horn_and_car_horn_and_honking,Train,Alarm,Car,Motor_vehicle_(road),Vehicle,Rail_transport",http://creativecommons.org/publicdomain/zero/1.0/,stated,fsd50k_real_v1
SS-HOR-0099,originals/vehicle_horn/SS-HOR-0099.wav,Vehicle Horn,FSD50K (Freesound clip 182474),https://freesound.org/s/182474/,CC0-1.0,keweldog,2026-09-23,4.322,44100,1,outdoor,unspecified,n/a,original,,,,481df663f67fd1df7da7ea040ee41d4e9ea7676ba19b1104e42dbcb63eb6e239,train,182474,dev,"Traffic_noise_and_roadway_noise,Vehicle_horn_and_car_horn_and_honking,Car,Motor_vehicle_(road),Vehicle,Alarm",http://creativecommons.org/publicdomain/zero/1.0/,stated,fsd50k_real_v1
SS-HOR-0100,originals/vehicle_horn/SS-HOR-0100.wav,Vehicle Horn,FSD50K (Freesound clip 125520),https://freesound.org/s/125520/,CC0-1.0,krissyeliot,2026-09-23,8.13,44100,1,indoor,unspecified,n/a,original,,,,2e1ef7aa7182f0bd1da554782be233b8a3556510cf59d8c69cac8e43607e4a40,train,125520,dev,"Vehicle_horn_and_car_horn_and_honking,Car,Motor_vehicle_(road),Vehicle,Alarm",http://creativecommons.org/publicdomain/zero/1.0/,stated,fsd50k_real_v1
SS-HOR-0101,originals/vehicle_horn/SS-HOR-0101.wav,Vehicle Horn,FSD50K (Freesound clip 118807),https://freesound.org/s/118807/,CC0-1.0,lmbubec,2026-09-23,8.167,44100,1,unspecified,unspecified,n/a,original,,,,305e156134181913e4ab872e486e0a5ada081c23f909d8248440dda5ed53e5b4,test,118807,eval,"Vehicle_horn_and_car_horn_and_honking,Alarm,Car,Motor_vehicle_(road),Vehicle",http://creativecommons.org/publicdomain/zero/1.0/,unmatched,fsd50k_real_v1
SS-HOR-0102,originals/vehicle_horn/SS-HOR-0102.wav,Vehicle Horn,FSD50K (Freesound clip 54187),https://freesound.org/s/54187/,CC-BY-3.0,lonemonk,2026-09-23,14.507,44100,1,outdoor,unspecified,n/a,original,,,,60425335130c3ff07a091e4bca7e759381783f5cd73b3175766d2f2aa078fcde,train,54187,eval,"Vehicle_horn_and_car_horn_and_honking,Alarm,Car,Motor_vehicle_(road),Vehicle",http://creativecommons.org/licenses/by/3.0/,stated,fsd50k_real_v1
SS-HOR-0103,originals/vehicle_horn/SS-HOR-0103.wav,Vehicle Horn,FSD50K (Freesound clip 117165),https://freesound.org/s/117165/,CC-BY-3.0,marachynna,2026-09-23,4.367,44100,1,indoor,unspecified,n/a,original,,,,620696c710996d5042e9f1f5505e5628e126188faa4eb35d34619b70241bfcd8,train,117165,dev,"Vehicle_horn_and_car_horn_and_honking,Car,Motor_vehicle_(road),Vehicle,Alarm",http://creativecommons.org/licenses/by/3.0/,stated,fsd50k_real_v1
SS-HOR-0104,originals/vehicle_horn/SS-HOR-0104.wav,Vehicle Horn,FSD50K (Freesound clip 156091),https://freesound.org/s/156091/,CC0-1.0,marcolo91,2026-09-23,2.969,44100,1,outdoor,unspecified,n/a,original,,,,fb4a6e16ba53d88ef012c78bc8507ba56a0e04a06d1b7b54b83b5c40563158b3,train,156091,eval,"Male_speech_and_man_speaking,Traffic_noise_and_roadway_noise,Vehicle_horn_and_car_horn_and_honking,Engine,Alarm,Car,Motor_vehicle_(road),Vehicle,Speech,Human_voice",http://creativecommons.org/publicdomain/zero/1.0/,stated,fsd50k_real_v1
SS-HOR-0105,originals/vehicle_horn/SS-HOR-0105.wav,Vehicle Horn,FSD50K (Freesound clip 431396),https://freesound.org/s/431396/,CC-BY-3.0,mariadrrs,2026-09-23,5.902,44100,1,unspecified,unspecified,n/a,original,,,,45407e4a4ada02b18891ce353a97f1996f3c3da07a59737829c98dbc8ffd7de2,train,431396,eval,"Vehicle_horn_and_car_horn_and_honking,Alarm,Car,Motor_vehicle_(road),Vehicle",http://creativecommons.org/licenses/by/3.0/,unmatched,fsd50k_real_v1
SS-HOR-0106,originals/vehicle_horn/SS-HOR-0106.wav,Vehicle Horn,FSD50K (Freesound clip 235962),https://freesound.org/s/235962/,CC0-1.0,mffm,2026-09-23,9.704,44100,1,studio,unspecified,n/a,original,,,,81ddd2074da4c6344db461ea6e33c6f4fa24cf468c4ab9f572776a025bb358c1,val,235962,eval,"Car_passing_by,Vehicle_horn_and_car_horn_and_honking,Engine,Alarm,Car,Motor_vehicle_(road),Vehicle",http://creativecommons.org/publicdomain/zero/1.0/,stated,fsd50k_real_v1
SS-HOR-0107,originals/vehicle_horn/SS-HOR-0107.wav,Vehicle Horn,FSD50K (Freesound clip 68657),https://freesound.org/s/68657/,CC-BY-3.0,mikaelfernstrom,2026-09-23,0.853,44100,1,unspecified,unspecified,n/a,original,,,,7d35a6b1b5ba605f841058eb577c68480cfa49158f848c586939a4ef7958bfeb,train,68657,dev,"Vehicle_horn_and_car_horn_and_honking,Car,Motor_vehicle_(road),Vehicle,Alarm",http://creativecommons.org/licenses/by/3.0/,unmatched,fsd50k_real_v1
SS-HOR-0108,originals/vehicle_horn/SS-HOR-0108.wav,Vehicle Horn,FSD50K (Freesound clip 59587),https://freesound.org/s/59587/,CC-BY-3.0,morgantj,2026-09-23,21.081,44100,1,vehicle,unspecified,n/a,original,,,,4e206dfef69c0c3d4e2b473cd6cfece42f6ff30545741892f336a14c8eb28950,train,59587,eval,"Idling,Motorcycle,Vehicle_horn_and_car_horn_and_honking,Alarm,Car,Motor_vehicle_(road),Vehicle,Engine",http://creativecommons.org/licenses/by/3.0/,inferred_from_tags,fsd50k_real_v1
SS-HOR-0109,originals/vehicle_horn/SS-HOR-0109.wav,Vehicle Horn,FSD50K (Freesound clip 271110),https://freesound.org/s/271110/,CC-BY-3.0,mshahen,2026-09-23,27.82,44100,1,unspecified,unspecified,n/a,original,,,,36fa2505746dbb871d7c36e1cf024cd2a5e16562a60687f01d4c2463e94550dd,train,271110,eval,"Vehicle_horn_and_car_horn_and_honking,Alarm,Car,Motor_vehicle_(road),Vehicle",http://creativecommons.org/licenses/by/3.0/,unmatched,fsd50k_real_v1
SS-HOR-0110,originals/vehicle_horn/SS-HOR-0110.wav,Vehicle Horn,FSD50K (Freesound clip 276965),https://freesound.org/s/276965/,CC-BY-3.0,odilonmarcenaro,2026-09-23,10.269,44100,1,unspecified,unspecified,n/a,original,,,,807a79828df4c58ef5a0201e3a0d3ba3f3f1bb963d1278de2f634463f2fb3657,train,276965,eval,"Vehicle_horn_and_car_horn_and_honking,Alarm,Car,Motor_vehicle_(road),Vehicle",http://creativecommons.org/licenses/by/3.0/,unmatched,fsd50k_real_v1
SS-HOR-0111,originals/vehicle_horn/SS-HOR-0111.wav,Vehicle Horn,FSD50K (Freesound clip 340898),https://freesound.org/s/340898/,CC-BY-3.0,passAirmangrace,2026-09-23,5.201,44100,1,unspecified,unspecified,n/a,original,,,,ffacbdf5543c5e8a44a13fc3988cf0d31d898f1145054fe3d7b7a331c0d72576,val,340898,eval,"Chirp_and_tweet,Vehicle_horn_and_car_horn_and_honking,Alarm,Car,Motor_vehicle_(road),Vehicle,Bird_vocalization_and_bird_call_and_bird_song,Bird,Wild_animals,Animal",http://creativecommons.org/licenses/by/3.0/,unmatched,fsd50k_real_v1
SS-HOR-0112,originals/vehicle_horn/SS-HOR-0112.wav,Vehicle Horn,FSD50K (Freesound clip 154840),https://freesound.org/s/154840/,CC0-1.0,pawsound,2026-09-23,15.496,44100,1,outdoor,unspecified,n/a,original,,,,01f308561796495fc58040054ab65fdd0483f50420de0857d1f151c26bf1f175,test,154840,eval,"Male_speech_and_man_speaking,Walk_and_footsteps,Child_speech_and_kid_speaking,Vehicle_horn_and_car_horn_and_honking,Dog,Alarm,Car,Motor_vehicle_(road),Vehicle,Speech,Human_voice,Domestic_animals_and_pets,Animal",http://creativecommons.org/publicdomain/zero/1.0/,stated,fsd50k_real_v1
SS-HOR-0113,originals/vehicle_horn/SS-HOR-0113.wav,Vehicle Horn,FSD50K (Freesound clip 371450),https://freesound.org/s/371450/,CC0-1.0,redafs,2026-09-23,14.655,44100,1,outdoor,unspecified,n/a,original,,,,027539ba1917bc314c78afa894d06f69803fadca98d08477fbf7127e40bf4d17,train,371450,eval,"Vehicle_horn_and_car_horn_and_honking,Alarm,Car,Motor_vehicle_(road),Vehicle",http://creativecommons.org/publicdomain/zero/1.0/,inferred_from_tags,fsd50k_real_v1
SS-HOR-0114,originals/vehicle_horn/SS-HOR-0114.wav,Vehicle Horn,FSD50K (Freesound clip 275558),https://freesound.org/s/275558/,CC-BY-3.0,rhadniel,2026-09-23,12.774,44100,1,outdoor,unspecified,n/a,original,,,,8566d5ab2cf6e485a3634fd58fdf041520853ce05742f906aa42207bd9f3caa8,val,275558,dev,"Chatter,Traffic_noise_and_roadway_noise,Vehicle_horn_and_car_horn_and_honking,Engine,Car,Motor_vehicle_(road),Vehicle,Alarm,Human_group_actions",http://creativecommons.org/licenses/by/3.0/,stated,fsd50k_real_v1
SS-HOR-0115,originals/vehicle_horn/SS-HOR-0115.wav,Vehicle Horn,FSD50K (Freesound clip 180339),https://freesound.org/s/180339/,CC-BY-3.0,sankalp,2026-09-23,20.598,44100,1,unspecified,unspecified,n/a,original,,,,ccb876fb5789c2e053b2ee2d28021ee707d0e8744354b078aa10847c4e2274a0,test,180339,eval,"Vehicle_horn_and_car_horn_and_honking,Breathing,Alarm,Car,Motor_vehicle_(road),Vehicle,Respiratory_sounds",http://creativecommons.org/licenses/by/3.0/,unmatched,fsd50k_real_v1
SS-HOR-0116,originals/vehicle_horn/SS-HOR-0116.wav,Vehicle Horn,FSD50K (Freesound clip 382572),https://freesound.org/s/382572/,CC0-1.0,schmutz,2026-09-23,16.998,44100,1,outdoor,unspecified,n/a,original,,,,b79cf8761b242b515499851078c4b79f0a755e9638c40898edec2078879af845,val,382572,eval,"Walk_and_footsteps,Chatter,Bus,Vehicle_horn_and_car_horn_and_honking,Engine,Alarm,Car,Motor_vehicle_(road),Vehicle,Human_group_actions",http://creativecommons.org/publicdomain/zero/1.0/,inferred_from_tags,fsd50k_real_v1
SS-HOR-0117,originals/vehicle_horn/SS-HOR-0117.wav,Vehicle Horn,FSD50K (Freesound clip 264993),https://freesound.org/s/264993/,CC0-1.0,sethlind,2026-09-23,11.124,44100,1,outdoor,unspecified,n/a,original,,,,41f0d5f20d872189cfcd3359975a6e85ace526304b7c32a32c1c51f2e76c5ff7,train,264993,dev,"Traffic_noise_and_roadway_noise,Vehicle_horn_and_car_horn_and_honking,Car,Motor_vehicle_(road),Vehicle,Alarm",http://creativecommons.org/publicdomain/zero/1.0/,stated,fsd50k_real_v1
SS-HOR-0118,originals/vehicle_horn/SS-HOR-0118.wav,Vehicle Horn,FSD50K (Freesound clip 151359),https://freesound.org/s/151359/,CC0-1.0,shakaharu,2026-09-23,15.515,44100,1,unspecified,unspecified,n/a,original,,,,0ec3c56949d7995fc65934e075b2092ef812a11d4efa8195a59572f6ea3160dc,train,151359,dev,"Traffic_noise_and_roadway_noise,Vehicle_horn_and_car_horn_and_honking,Car,Motor_vehicle_(road),Vehicle,Alarm",http://creativecommons.org/publicdomain/zero/1.0/,unmatched,fsd50k_real_v1
SS-HOR-0119,originals/vehicle_horn/SS-HOR-0119.wav,Vehicle Horn,FSD50K (Freesound clip 136642),https://freesound.org/s/136642/,CC0-1.0,smmassuda,2026-09-23,0.625,44100,1,unspecified,unspecified,n/a,original,,,,50e84eb5692e8015c8710539d0d6629eba0e36a46804faeb504c722044903838,train,136642,eval,"Vehicle_horn_and_car_horn_and_honking,Alarm,Car,Motor_vehicle_(road),Vehicle",http://creativecommons.org/publicdomain/zero/1.0/,unmatched,fsd50k_real_v1
SS-HOR-0120,originals/vehicle_horn/SS-HOR-0120.wav,Vehicle Horn,FSD50K (Freesound clip 162702),https://freesound.org/s/162702/,CC-BY-3.0,synthetic-oz,2026-09-23,1.376,44100,1,outdoor,unspecified,n/a,original,,,,5559eca038648a5565d81f2ef73e8f932ad5a60658120d94bad301b2217316e5,train,162702,dev,"Vehicle_horn_and_car_horn_and_honking,Car,Motor_vehicle_(road),Vehicle,Alarm",http://creativecommons.org/licenses/by/3.0/,stated,fsd50k_real_v1
SS-HOR-0121,originals/vehicle_horn/SS-HOR-0121.wav,Vehicle Horn,FSD50K (Freesound clip 91366),https://freesound.org/s/91366/,Sampling+-1.0,tallers,2026-09-23,1.25,44100,1,unspecified,unspecified,n/a,original,,,,dc370810782c47b861294bd89fe590b57cfe53b54be9fb4622de2b0d9f983b21,train,91366,eval,"Vehicle_horn_and_car_horn_and_honking,Alarm,Car,Motor_vehicle_(road),Vehicle",http://creativecommons.org/licenses/sampling+/1.0/,unmatched,fsd50k_real_v1
SS-HOR-0122,originals/vehicle_horn/SS-HOR-0122.wav,Vehicle Horn,FSD50K (Freesound clip 342656),https://freesound.org/s/342656/,CC-BY-3.0,thiagoriedel,2026-09-23,9.036,44100,1,outdoor,unspecified,n/a,original,,,,f615ebbbc96a5b68ab76c15b82d3b9a28f8fa7af4c9948d2114494128f17bd8d,train,342656,eval,"Idling,Vehicle_horn_and_car_horn_and_honking,Alarm,Car,Motor_vehicle_(road),Vehicle,Engine",http://creativecommons.org/licenses/by/3.0/,stated,fsd50k_real_v1
SS-HOR-0123,originals/vehicle_horn/SS-HOR-0123.wav,Vehicle Horn,FSD50K (Freesound clip 94868),https://freesound.org/s/94868/,CC-BY-3.0,tm1000,2026-09-23,3.943,44100,1,unspecified,unspecified,n/a,original,,,,c24715a384e3e6d14227ae6991a1c982b110b761b219a5c47febfad9c4bd9e65,test,94868,eval,"Vehicle_horn_and_car_horn_and_honking,Alarm,Car,Motor_vehicle_(road),Vehicle",http://creativecommons.org/licenses/by/3.0/,unmatched,fsd50k_real_v1
SS-HOR-0124,originals/vehicle_horn/SS-HOR-0124.wav,Vehicle Horn,FSD50K (Freesound clip 175842),https://freesound.org/s/175842/,CC0-1.0,toiletrolltube,2026-09-23,1.893,44100,1,outdoor,unspecified,n/a,original,,,,13a42a35da5d4aa197ef830d2d60d0fbba26540064e3b289cf37925b09612d27,train,175842,dev,"Traffic_noise_and_roadway_noise,Vehicle_horn_and_car_horn_and_honking,Car,Motor_vehicle_(road),Vehicle,Alarm",http://creativecommons.org/publicdomain/zero/1.0/,stated,fsd50k_real_v1
SS-HOR-0125,originals/vehicle_horn/SS-HOR-0125.wav,Vehicle Horn,FSD50K (Freesound clip 175843),https://freesound.org/s/175843/,CC0-1.0,toiletrolltube,2026-09-23,1.947,44100,1,outdoor,unspecified,n/a,original,,,,bd7956fa87a9889b9120081325cc1fff7953c233e63aa967e15a04825d8edd6e,train,175843,dev,"Traffic_noise_and_roadway_noise,Vehicle_horn_and_car_horn_and_honking,Car,Motor_vehicle_(road),Vehicle,Alarm",http://creativecommons.org/publicdomain/zero/1.0/,stated,fsd50k_real_v1
SS-HOR-0126,originals/vehicle_horn/SS-HOR-0126.wav,Vehicle Horn,FSD50K (Freesound clip 254907),https://freesound.org/s/254907/,CC0-1.0,tsidilin,2026-09-23,4.0,44100,1,outdoor,unspecified,n/a,original,,,,c2caaec822ca2adfdd905a3f997c2a7c152c4241915d1dfd42ae258c3d85c2ca,train,254907,dev,"Vehicle_horn_and_car_horn_and_honking,Car,Motor_vehicle_(road),Vehicle,Alarm",http://creativecommons.org/publicdomain/zero/1.0/,inferred_from_tags,fsd50k_real_v1
SS-HOR-0127,originals/vehicle_horn/SS-HOR-0127.wav,Vehicle Horn,FSD50K (Freesound clip 166441),https://freesound.org/s/166441/,CC-BY-3.0,ultradust,2026-09-23,16.509,44100,1,indoor,unspecified,n/a,original,,,,07f0a315ae1a7e90e1350fcd2804f98af9c180ae6764c6a7070a785c277c355d,train,166441,eval,"Car_passing_by,Toilet_flush,Vehicle_horn_and_car_horn_and_honking,Door,Alarm,Car,Motor_vehicle_(road),Vehicle,Domestic_sounds_and_home_sounds",http://creativecommons.org/licenses/by/3.0/,stated,fsd50k_real_v1
SS-HOR-0128,originals/vehicle_horn/SS-HOR-0128.wav,Vehicle Horn,FSD50K (Freesound clip 322129),https://freesound.org/s/322129/,CC0-1.0,vacuumfan7072,2026-09-23,15.831,44100,1,unspecified,unspecified,n/a,original,,,,a8a69b2dc94ab1c968471b06d8d0c27139bc29b842ec32fc5d877b367a3bb7e5,train,322129,dev,"Vehicle_horn_and_car_horn_and_honking,Car,Motor_vehicle_(road),Vehicle,Alarm",http://creativecommons.org/publicdomain/zero/1.0/,unmatched,fsd50k_real_v1
SS-HOR-0129,originals/vehicle_horn/SS-HOR-0129.wav,Vehicle Horn,FSD50K (Freesound clip 162443),https://freesound.org/s/162443/,CC0-1.0,zendry423,2026-09-23,11.97,44100,1,outdoor,unspecified,n/a,original,,,,701d7add5af7b065b8c693052de79cbd2740a273d1e97cbe9ed103fa4d22123d,train,162443,dev,"Motorcycle,Traffic_noise_and_roadway_noise,Vehicle_horn_and_car_horn_and_honking,Engine,Car,Motor_vehicle_(road),Vehicle,Alarm",http://creativecommons.org/publicdomain/zero/1.0/,stated,fsd50k_real_v1
SS-HOR-0130,originals/vehicle_horn/SS-HOR-0130.wav,Vehicle Horn,FSD50K (Freesound clip 66585),https://freesound.org/s/66585/,CC0-1.0,zerolagtime,2026-09-23,6.949,44100,1,unspecified,unspecified,n/a,original,,,,01912667c9861dcf6920087b4ac771a24fad0928cb121b189ce53bd7adc55ec2,train,66585,dev,"Vehicle_horn_and_car_horn_and_honking,Car,Motor_vehicle_(road),Vehicle,Alarm",http://creativecommons.org/publicdomain/zero/1.0/,unmatched,fsd50k_real_v1
