audio_id,filename,class_label,source,source_url,licence,author,date_fetched,duration_sec,sampling_rate,channels,recording_environment,recording_device,approximate_distance,original_or_augmented,parent_audio_id,segment_start_sec,segment_end_sec,sha256,dataset_split,source_category,corpus_id,salience,environment_basis,fetch_batch,original_filename,licence_url
SS-AGG-0501,originals/aggression/SS-AGG-0501.wav,Aggression,FSD50K.eval (recovered from truncated archive),https://zenodo.org/record/4060432,CC-BY-4.0,Eduardo Fonseca et al.,2026-09-24,22.642,44100,1,field,,n/a,original,,,,8d948d5801fd3065c72ccd570f2864da440aec21af879c39a259a945e6d3fbc3,,"Chatter,Engine,Shout,Aircraft,Human group actions,Human voice,Vehicle",fsd50k_eval:165748,,corpus_metadata:FSD50K Freesound field recordings,fsd50k_eval_recovered_v1,165748.wav,https://creativecommons.org/licenses/by/4.0/
SS-AGG-0502,originals/aggression/SS-AGG-0502.wav,Aggression,FSD50K.eval (recovered from truncated archive),https://zenodo.org/record/4060432,CC-BY-4.0,Eduardo Fonseca et al.,2026-09-24,2.429,44100,1,field,,n/a,original,,,,faa8a16e8bf75e5d97cf97309a4118e3e640085ba8dcdf69b0b2a079a8e4504c,,"Shout,Human voice",fsd50k_eval:222648,,corpus_metadata:FSD50K Freesound field recordings,fsd50k_eval_recovered_v1,222648.wav,https://creativecommons.org/licenses/by/4.0/
SS-AGG-0503,originals/aggression/SS-AGG-0503.wav,Aggression,FSD50K.eval (recovered from truncated archive),https://zenodo.org/record/4060432,CC-BY-4.0,Eduardo Fonseca et al.,2026-09-24,6.09,44100,1,field,,n/a,original,,,,7c39cfbb406e1989d9337ca9702ecc681ee7bdcc8f4595cf5f13ae2772baa290,,"Applause,Chatter,Cheering,Clapping,Shout,Human group actions,Human voice,Hands",fsd50k_eval:417554,,corpus_metadata:FSD50K Freesound field recordings,fsd50k_eval_recovered_v1,417554.wav,https://creativecommons.org/licenses/by/4.0/
SS-AGG-0504,originals/aggression/SS-AGG-0504.wav,Aggression,FSD50K.eval (recovered from truncated archive),https://zenodo.org/record/4060432,CC-BY-4.0,Eduardo Fonseca et al.,2026-09-24,5.003,44100,1,field,,n/a,original,,,,8bf1bf63a5bcaa2f0aecfc760b1a551af59580df7d0a1ef3bd9ee8efc3b02dde,,"Cheering,Clapping,Shout,Human group actions,Human voice,Hands",fsd50k_eval:52322,,corpus_metadata:FSD50K Freesound field recordings,fsd50k_eval_recovered_v1,52322.wav,https://creativecommons.org/licenses/by/4.0/
SS-AGG-0505,originals/aggression/SS-AGG-0505.wav,Aggression,FSD50K.eval (recovered from truncated archive),https://zenodo.org/record/4060432,CC-BY-4.0,Eduardo Fonseca et al.,2026-09-24,0.977,44100,1,field,,n/a,original,,,,b1dd9b608d91921798bd3ec0d8172ba88687c678300a0cec964b03d8d5ac15f1,,"Yell,Shout,Human voice",fsd50k_eval:72950,,corpus_metadata:FSD50K Freesound field recordings,fsd50k_eval_recovered_v1,72950.wav,https://creativecommons.org/licenses/by/4.0/
SS-ALM-0501,originals/alarm_or_siren/SS-ALM-0501.wav,Alarm or Siren,ESC-50 (Environmental Sound Classification),https://github.com/karolpiczak/ESC-50,CC-BY-4.0,Karol J. Piczak,2026-09-24,5.0,44100,1,field,,n/a,original,,,,2e28b25e14611723cdcc0becfa36468a8d0329a0c141e4f1d894bd6bb5773f34,,clock_alarm,esc50:1-13613-A-37.wav,,corpus_metadata:ESC-50 field recordings (Freesound clips),esc50_v1,1-13613-A-37.wav,https://github.com/karolpiczak/ESC-50/blob/master/LICENSE
SS-ALM-0502,originals/alarm_or_siren/SS-ALM-0502.wav,Alarm or Siren,ESC-50 (Environmental Sound Classification),https://github.com/karolpiczak/ESC-50,CC-BY-4.0,Karol J. Piczak,2026-09-24,5.0,44100,1,field,,n/a,original,,,,220c3d127df2f0d8979a2edde5318aaaa3aed19d8c5d3b4a40d529f979bba453,,clock_alarm,esc50:1-14262-A-37.wav,,corpus_metadata:ESC-50 field recordings (Freesound clips),esc50_v1,1-14262-A-37.wav,https://github.com/karolpiczak/ESC-50/blob/master/LICENSE
SS-ALM-0503,originals/alarm_or_siren/SS-ALM-0503.wav,Alarm or Siren,ESC-50 (Environmental Sound Classification),https://github.com/karolpiczak/ESC-50,CC-BY-4.0,Karol J. Piczak,2026-09-24,5.0,44100,1,field,,n/a,original,,,,e4c640a001c2abe808389c90b90ba7084fb1922d58235e3ec95c18c4afb4ef5c,,siren,esc50:1-31482-A-42.wav,,corpus_metadata:ESC-50 field recordings (Freesound clips),esc50_v1,1-31482-A-42.wav,https://github.com/karolpiczak/ESC-50/blob/master/LICENSE
SS-ALM-0504,originals/alarm_or_siren/SS-ALM-0504.wav,Alarm or Siren,ESC-50 (Environmental Sound Classification),https://github.com/karolpiczak/ESC-50,CC-BY-4.0,Karol J. Piczak,2026-09-24,5.0,44100,1,field,,n/a,original,,,,2446a3eb69758de0ddde8962ab8966790a19960c71ab649cff52aae3d5d93a54,,siren,esc50:1-31482-B-42.wav,,corpus_metadata:ESC-50 field recordings (Freesound clips),esc50_v1,1-31482-B-42.wav,https://github.com/karolpiczak/ESC-50/blob/master/LICENSE
SS-ALM-0505,originals/alarm_or_siren/SS-ALM-0505.wav,Alarm or Siren,ESC-50 (Environmental Sound Classification),https://github.com/karolpiczak/ESC-50,CC-BY-4.0,Karol J. Piczak,2026-09-24,5.0,44100,1,field,,n/a,original,,,,87c0ead33b915845a8d86437b78755278408aedf8ed19e4880674a3679122cf4,,clock_alarm,esc50:1-34853-A-37.wav,,corpus_metadata:ESC-50 field recordings (Freesound clips),esc50_v1,1-34853-A-37.wav,https://github.com/karolpiczak/ESC-50/blob/master/LICENSE
SS-ALM-0506,originals/alarm_or_siren/SS-ALM-0506.wav,Alarm or Siren,ESC-50 (Environmental Sound Classification),https://github.com/karolpiczak/ESC-50,CC-BY-4.0,Karol J. Piczak,2026-09-24,5.0,44100,1,field,,n/a,original,,,,b0ce84a3c012d144a1f97394cab2830512078d660e809eecb8abc4fa8ad0a9e1,,siren,esc50:1-54084-A-42.wav,,corpus_metadata:ESC-50 field recordings (Freesound clips),esc50_v1,1-54084-A-42.wav,https://github.com/karolpiczak/ESC-50/blob/master/LICENSE
SS-ALM-0507,originals/alarm_or_siren/SS-ALM-0507.wav,Alarm or Siren,ESC-50 (Environmental Sound Classification),https://github.com/karolpiczak/ESC-50,CC-BY-4.0,Karol J. Piczak,2026-09-24,5.0,44100,1,field,,n/a,original,,,,e00a8c065c7797e35ac9857dfdd8ae4272a22cc1a41af0ed245068774a8b9cea,,clock_alarm,esc50:1-67033-A-37.wav,,corpus_metadata:ESC-50 field recordings (Freesound clips),esc50_v1,1-67033-A-37.wav,https://github.com/karolpiczak/ESC-50/blob/master/LICENSE
SS-ALM-0508,originals/alarm_or_siren/SS-ALM-0508.wav,Alarm or Siren,ESC-50 (Environmental Sound Classification),https://github.com/karolpiczak/ESC-50,CC-BY-4.0,Karol J. Piczak,2026-09-24,5.0,44100,1,field,,n/a,original,,,,d4bf2130de0d593abb7cd7c96867e4f26a3ae266cf07413a3a7804781d221d02,,clock_alarm,esc50:1-72195-A-37.wav,,corpus_metadata:ESC-50 field recordings (Freesound clips),esc50_v1,1-72195-A-37.wav,https://github.com/karolpiczak/ESC-50/blob/master/LICENSE
SS-ALM-0509,originals/alarm_or_siren/SS-ALM-0509.wav,Alarm or Siren,ESC-50 (Environmental Sound Classification),https://github.com/karolpiczak/ESC-50,CC-BY-4.0,Karol J. Piczak,2026-09-24,5.0,44100,1,field,,n/a,original,,,,e7aab3836068e1776bc2a16086b49e57046d728812b4ed9989053ebc705a4f7e,,clock_alarm,esc50:1-72195-B-37.wav,,corpus_metadata:ESC-50 field recordings (Freesound clips),esc50_v1,1-72195-B-37.wav,https://github.com/karolpiczak/ESC-50/blob/master/LICENSE
SS-ALM-0510,originals/alarm_or_siren/SS-ALM-0510.wav,Alarm or Siren,ESC-50 (Environmental Sound Classification),https://github.com/karolpiczak/ESC-50,CC-BY-4.0,Karol J. Piczak,2026-09-24,5.0,44100,1,field,,n/a,original,,,,119c27838962b7aee90e1d26fbad8a7da2977da8f788d79a1ada43d27f15e4aa,,clock_alarm,esc50:1-74517-A-37.wav,,corpus_metadata:ESC-50 field recordings (Freesound clips),esc50_v1,1-74517-A-37.wav,https://github.com/karolpiczak/ESC-50/blob/master/LICENSE
SS-ALM-0511,originals/alarm_or_siren/SS-ALM-0511.wav,Alarm or Siren,ESC-50 (Environmental Sound Classification),https://github.com/karolpiczak/ESC-50,CC-BY-4.0,Karol J. Piczak,2026-09-24,5.0,44100,1,field,,n/a,original,,,,4b3084efd71e12121f459df54c21b24e4a4710f93dd4f1585d2c2d507b6ec365,,siren,esc50:1-76831-A-42.wav,,corpus_metadata:ESC-50 field recordings (Freesound clips),esc50_v1,1-76831-A-42.wav,https://github.com/karolpiczak/ESC-50/blob/master/LICENSE
SS-ALM-0512,originals/alarm_or_siren/SS-ALM-0512.wav,Alarm or Siren,ESC-50 (Environmental Sound Classification),https://github.com/karolpiczak/ESC-50,CC-BY-4.0,Karol J. Piczak,2026-09-24,5.0,44100,1,field,,n/a,original,,,,5e91fb8adabdc48483e968357f839d801e29054c7fdb1338f8781ececbd9e76c,,siren,esc50:1-76831-B-42.wav,,corpus_metadata:ESC-50 field recordings (Freesound clips),esc50_v1,1-76831-B-42.wav,https://github.com/karolpiczak/ESC-50/blob/master/LICENSE
SS-ALM-0513,originals/alarm_or_siren/SS-ALM-0513.wav,Alarm or Siren,ESC-50 (Environmental Sound Classification),https://github.com/karolpiczak/ESC-50,CC-BY-4.0,Karol J. Piczak,2026-09-24,5.0,44100,1,field,,n/a,original,,,,bed7848fd5b111ba310961c15e6a89520f14f5f3207178035a0807f5f60ab841,,siren,esc50:1-76831-C-42.wav,,corpus_metadata:ESC-50 field recordings (Freesound clips),esc50_v1,1-76831-C-42.wav,https://github.com/karolpiczak/ESC-50/blob/master/LICENSE
SS-ALM-0514,originals/alarm_or_siren/SS-ALM-0514.wav,Alarm or Siren,ESC-50 (Environmental Sound Classification),https://github.com/karolpiczak/ESC-50,CC-BY-4.0,Karol J. Piczak,2026-09-24,5.0,44100,1,field,,n/a,original,,,,6e69b25168dae7ff0833fd132c37fe599ed98a946cf1e44d702444e06b9a1913,,siren,esc50:1-76831-D-42.wav,,corpus_metadata:ESC-50 field recordings (Freesound clips),esc50_v1,1-76831-D-42.wav,https://github.com/karolpiczak/ESC-50/blob/master/LICENSE
SS-ALM-0515,originals/alarm_or_siren/SS-ALM-0515.wav,Alarm or Siren,ESC-50 (Environmental Sound Classification),https://github.com/karolpiczak/ESC-50,CC-BY-4.0,Karol J. Piczak,2026-09-24,5.0,44100,1,field,,n/a,original,,,,d45df4c567ab2398c4fae35654266e74f92de5022d36944fef4c9f79d919288a,,siren,esc50:1-76831-E-42.wav,,corpus_metadata:ESC-50 field recordings (Freesound clips),esc50_v1,1-76831-E-42.wav,https://github.com/karolpiczak/ESC-50/blob/master/LICENSE
SS-ALM-0516,originals/alarm_or_siren/SS-ALM-0516.wav,Alarm or Siren,ESC-50 (Environmental Sound Classification),https://github.com/karolpiczak/ESC-50,CC-BY-4.0,Karol J. Piczak,2026-09-24,5.0,44100,1,field,,n/a,original,,,,48e8337f9d0df547ca9784597aea7f00d4ec3984ee5aa5894d21fed0f4f8a399,,clock_alarm,esc50:1-96890-A-37.wav,,corpus_metadata:ESC-50 field recordings (Freesound clips),esc50_v1,1-96890-A-37.wav,https://github.com/karolpiczak/ESC-50/blob/master/LICENSE
SS-ALM-0517,originals/alarm_or_siren/SS-ALM-0517.wav,Alarm or Siren,ESC-50 (Environmental Sound Classification),https://github.com/karolpiczak/ESC-50,CC-BY-4.0,Karol J. Piczak,2026-09-24,5.0,44100,1,field,,n/a,original,,,,6917ce398c3cb7cb426c65224f59e63794eeabd732ad2f399c23f5b091bbcd12,,clock_alarm,esc50:2-102435-A-37.wav,,corpus_metadata:ESC-50 field recordings (Freesound clips),esc50_v1,2-102435-A-37.wav,https://github.com/karolpiczak/ESC-50/blob/master/LICENSE
SS-ALM-0518,originals/alarm_or_siren/SS-ALM-0518.wav,Alarm or Siren,ESC-50 (Environmental Sound Classification),https://github.com/karolpiczak/ESC-50,CC-BY-4.0,Karol J. Piczak,2026-09-24,5.0,44100,1,field,,n/a,original,,,,3b2f085ba02fd9a1070e28f42ba5c132bde45be96753349258f566bb24172d69,,clock_alarm,esc50:2-104475-A-37.wav,,corpus_metadata:ESC-50 field recordings (Freesound clips),esc50_v1,2-104475-A-37.wav,https://github.com/karolpiczak/ESC-50/blob/master/LICENSE
SS-ALM-0519,originals/alarm_or_siren/SS-ALM-0519.wav,Alarm or Siren,ESC-50 (Environmental Sound Classification),https://github.com/karolpiczak/ESC-50,CC-BY-4.0,Karol J. Piczak,2026-09-24,5.0,44100,1,field,,n/a,original,,,,eb652724ba0a12a9665073a2b7130c685c67ac69c2d55cd8fd6c5b4593e28548,,clock_alarm,esc50:2-104476-A-37.wav,,corpus_metadata:ESC-50 field recordings (Freesound clips),esc50_v1,2-104476-A-37.wav,https://github.com/karolpiczak/ESC-50/blob/master/LICENSE
SS-ALM-0520,originals/alarm_or_siren/SS-ALM-0520.wav,Alarm or Siren,ESC-50 (Environmental Sound Classification),https://github.com/karolpiczak/ESC-50,CC-BY-4.0,Karol J. Piczak,2026-09-24,5.0,44100,1,field,,n/a,original,,,,c1d8172cb41dd3338c2f48475c13b0bccaa99515c111e24f1a638a76774f0979,,clock_alarm,esc50:2-117116-A-37.wav,,corpus_metadata:ESC-50 field recordings (Freesound clips),esc50_v1,2-117116-A-37.wav,https://github.com/karolpiczak/ESC-50/blob/master/LICENSE
SS-ALM-0521,originals/alarm_or_siren/SS-ALM-0521.wav,Alarm or Siren,ESC-50 (Environmental Sound Classification),https://github.com/karolpiczak/ESC-50,CC-BY-4.0,Karol J. Piczak,2026-09-24,5.0,44100,1,field,,n/a,original,,,,ba6777f4ea87490953ec0fe89499368ce993afb99ba9eec60747cbb94785eb4f,,siren,esc50:2-43802-A-42.wav,,corpus_metadata:ESC-50 field recordings (Freesound clips),esc50_v1,2-43802-A-42.wav,https://github.com/karolpiczak/ESC-50/blob/master/LICENSE
SS-ALM-0522,originals/alarm_or_siren/SS-ALM-0522.wav,Alarm or Siren,ESC-50 (Environmental Sound Classification),https://github.com/karolpiczak/ESC-50,CC-BY-4.0,Karol J. Piczak,2026-09-24,5.0,44100,1,field,,n/a,original,,,,376353be53fe9eff3dc25d6ff94fd685510a985ba11cdfea39ea5ae33bbd42c2,,siren,esc50:2-43806-A-42.wav,,corpus_metadata:ESC-50 field recordings (Freesound clips),esc50_v1,2-43806-A-42.wav,https://github.com/karolpiczak/ESC-50/blob/master/LICENSE
SS-ALM-0523,originals/alarm_or_siren/SS-ALM-0523.wav,Alarm or Siren,ESC-50 (Environmental Sound Classification),https://github.com/karolpiczak/ESC-50,CC-BY-4.0,Karol J. Piczak,2026-09-24,5.0,44100,1,field,,n/a,original,,,,012cf9bf49d8619a9c60cf0a606af4b0e32645d9220e9fa266865a858a906608,,siren,esc50:2-70052-A-42.wav,,corpus_metadata:ESC-50 field recordings (Freesound clips),esc50_v1,2-70052-A-42.wav,https://github.com/karolpiczak/ESC-50/blob/master/LICENSE
SS-ALM-0524,originals/alarm_or_siren/SS-ALM-0524.wav,Alarm or Siren,ESC-50 (Environmental Sound Classification),https://github.com/karolpiczak/ESC-50,CC-BY-4.0,Karol J. Piczak,2026-09-24,5.0,44100,1,field,,n/a,original,,,,65bf1c84e863a15e878f73c316d66df38872ec63462efc0989cf06538e01aa62,,siren,esc50:2-70052-B-42.wav,,corpus_metadata:ESC-50 field recordings (Freesound clips),esc50_v1,2-70052-B-42.wav,https://github.com/karolpiczak/ESC-50/blob/master/LICENSE
SS-ALM-0525,originals/alarm_or_siren/SS-ALM-0525.wav,Alarm or Siren,ESC-50 (Environmental Sound Classification),https://github.com/karolpiczak/ESC-50,CC-BY-4.0,Karol J. Piczak,2026-09-24,5.0,44100,1,field,,n/a,original,,,,187e6149565a5c95d350d672dfca2750e9471d6cad846ba5ddc998e7a3958f58,,siren,esc50:2-70936-A-42.wav,,corpus_metadata:ESC-50 field recordings (Freesound clips),esc50_v1,2-70936-A-42.wav,https://github.com/karolpiczak/ESC-50/blob/master/LICENSE
SS-ALM-0526,originals/alarm_or_siren/SS-ALM-0526.wav,Alarm or Siren,ESC-50 (Environmental Sound Classification),https://github.com/karolpiczak/ESC-50,CC-BY-4.0,Karol J. Piczak,2026-09-24,5.0,44100,1,field,,n/a,original,,,,942d1f4b4959e4f72b8176377934f26015f58863102188a25c07189bffe743d2,,siren,esc50:2-70938-A-42.wav,,corpus_metadata:ESC-50 field recordings (Freesound clips),esc50_v1,2-70938-A-42.wav,https://github.com/karolpiczak/ESC-50/blob/master/LICENSE
SS-ALM-0527,originals/alarm_or_siren/SS-ALM-0527.wav,Alarm or Siren,ESC-50 (Environmental Sound Classification),https://github.com/karolpiczak/ESC-50,CC-BY-4.0,Karol J. Piczak,2026-09-24,5.0,44100,1,field,,n/a,original,,,,a3b366a40193537c92bc4053a1691a36f102c6067514f116cf07773498a0decf,,siren,esc50:2-70939-A-42.wav,,corpus_metadata:ESC-50 field recordings (Freesound clips),esc50_v1,2-70939-A-42.wav,https://github.com/karolpiczak/ESC-50/blob/master/LICENSE
SS-ALM-0528,originals/alarm_or_siren/SS-ALM-0528.wav,Alarm or Siren,ESC-50 (Environmental Sound Classification),https://github.com/karolpiczak/ESC-50,CC-BY-4.0,Karol J. Piczak,2026-09-24,5.0,44100,1,field,,n/a,original,,,,406225783170623a673c8104c9eef1871d8a693f5f93372965e1041543530f30,,siren,esc50:2-72688-A-42.wav,,corpus_metadata:ESC-50 field recordings (Freesound clips),esc50_v1,2-72688-A-42.wav,https://github.com/karolpiczak/ESC-50/blob/master/LICENSE
SS-ALM-0529,originals/alarm_or_siren/SS-ALM-0529.wav,Alarm or Siren,ESC-50 (Environmental Sound Classification),https://github.com/karolpiczak/ESC-50,CC-BY-4.0,Karol J. Piczak,2026-09-24,5.0,44100,1,field,,n/a,original,,,,e89e5beebe92c819855411884b7294bb32b3f07bcde4671bba66064fc7b40d60,,clock_alarm,esc50:2-78562-A-37.wav,,corpus_metadata:ESC-50 field recordings (Freesound clips),esc50_v1,2-78562-A-37.wav,https://github.com/karolpiczak/ESC-50/blob/master/LICENSE
SS-ALM-0530,originals/alarm_or_siren/SS-ALM-0530.wav,Alarm or Siren,ESC-50 (Environmental Sound Classification),https://github.com/karolpiczak/ESC-50,CC-BY-4.0,Karol J. Piczak,2026-09-24,5.0,44100,1,field,,n/a,original,,,,5e7905399bf6604eab686cdf53301d4af34a48fa2fba98262deb217e8a401f51,,clock_alarm,esc50:2-78562-B-37.wav,,corpus_metadata:ESC-50 field recordings (Freesound clips),esc50_v1,2-78562-B-37.wav,https://github.com/karolpiczak/ESC-50/blob/master/LICENSE
SS-ALM-0531,originals/alarm_or_siren/SS-ALM-0531.wav,Alarm or Siren,ESC-50 (Environmental Sound Classification),https://github.com/karolpiczak/ESC-50,CC-BY-4.0,Karol J. Piczak,2026-09-24,5.0,44100,1,field,,n/a,original,,,,dc52aabca65500b637d2cc526f7f09a9f5d9ad1951b1c00ad02558002159a039,,clock_alarm,esc50:2-89516-A-37.wav,,corpus_metadata:ESC-50 field recordings (Freesound clips),esc50_v1,2-89516-A-37.wav,https://github.com/karolpiczak/ESC-50/blob/master/LICENSE
SS-ALM-0532,originals/alarm_or_siren/SS-ALM-0532.wav,Alarm or Siren,ESC-50 (Environmental Sound Classification),https://github.com/karolpiczak/ESC-50,CC-BY-4.0,Karol J. Piczak,2026-09-24,5.0,44100,1,field,,n/a,original,,,,d2232652538520fdd06fa275470eb166ab0794705fdf3922ca8aa82c89d78cb8,,clock_alarm,esc50:2-96063-A-37.wav,,corpus_metadata:ESC-50 field recordings (Freesound clips),esc50_v1,2-96063-A-37.wav,https://github.com/karolpiczak/ESC-50/blob/master/LICENSE
SS-ALM-0533,originals/alarm_or_siren/SS-ALM-0533.wav,Alarm or Siren,ESC-50 (Environmental Sound Classification),https://github.com/karolpiczak/ESC-50,CC-BY-4.0,Karol J. Piczak,2026-09-24,5.0,44100,1,field,,n/a,original,,,,403a522c137b94195bdf3d9175aa3432a76018e41fd049f74cbd6da900f38cd4,,clock_alarm,esc50:3-117793-A-37.wav,,corpus_metadata:ESC-50 field recordings (Freesound clips),esc50_v1,3-117793-A-37.wav,https://github.com/karolpiczak/ESC-50/blob/master/LICENSE
SS-ALM-0534,originals/alarm_or_siren/SS-ALM-0534.wav,Alarm or Siren,ESC-50 (Environmental Sound Classification),https://github.com/karolpiczak/ESC-50,CC-BY-4.0,Karol J. Piczak,2026-09-24,5.0,44100,1,field,,n/a,original,,,,93064c312872ee32c74e893a7b2a7fa2b8fa83170a17ce6267227186178ddcdb,,clock_alarm,esc50:3-117883-A-37.wav,,corpus_metadata:ESC-50 field recordings (Freesound clips),esc50_v1,3-117883-A-37.wav,https://github.com/karolpiczak/ESC-50/blob/master/LICENSE
SS-ALM-0535,originals/alarm_or_siren/SS-ALM-0535.wav,Alarm or Siren,ESC-50 (Environmental Sound Classification),https://github.com/karolpiczak/ESC-50,CC-BY-4.0,Karol J. Piczak,2026-09-24,5.0,44100,1,field,,n/a,original,,,,9e45012b982eeb50eeaeb84f1ba27035027f1d5967b593707840306e880e4ab3,,clock_alarm,esc50:3-120526-A-37.wav,,corpus_metadata:ESC-50 field recordings (Freesound clips),esc50_v1,3-120526-A-37.wav,https://github.com/karolpiczak/ESC-50/blob/master/LICENSE
SS-ALM-0536,originals/alarm_or_siren/SS-ALM-0536.wav,Alarm or Siren,ESC-50 (Environmental Sound Classification),https://github.com/karolpiczak/ESC-50,CC-BY-4.0,Karol J. Piczak,2026-09-24,5.0,44100,1,field,,n/a,original,,,,bb41577fe3816b9447a12823add1f4126aba6c023eb20022ec44645179bf5429,,clock_alarm,esc50:3-120526-B-37.wav,,corpus_metadata:ESC-50 field recordings (Freesound clips),esc50_v1,3-120526-B-37.wav,https://github.com/karolpiczak/ESC-50/blob/master/LICENSE
SS-ALM-0537,originals/alarm_or_siren/SS-ALM-0537.wav,Alarm or Siren,ESC-50 (Environmental Sound Classification),https://github.com/karolpiczak/ESC-50,CC-BY-4.0,Karol J. Piczak,2026-09-24,5.0,44100,1,field,,n/a,original,,,,1d12a9f29903f1d8c5ed2cfd86873a768724b818d38f418afd924327c428e539,,clock_alarm,esc50:3-131943-A-37.wav,,corpus_metadata:ESC-50 field recordings (Freesound clips),esc50_v1,3-131943-A-37.wav,https://github.com/karolpiczak/ESC-50/blob/master/LICENSE
SS-ALM-0538,originals/alarm_or_siren/SS-ALM-0538.wav,Alarm or Siren,ESC-50 (Environmental Sound Classification),https://github.com/karolpiczak/ESC-50,CC-BY-4.0,Karol J. Piczak,2026-09-24,5.0,44100,1,field,,n/a,original,,,,822124583e9e57218af01ea91f97c04d373deea3548d106d822106670486a3c8,,clock_alarm,esc50:3-132340-A-37.wav,,corpus_metadata:ESC-50 field recordings (Freesound clips),esc50_v1,3-132340-A-37.wav,https://github.com/karolpiczak/ESC-50/blob/master/LICENSE
SS-ALM-0539,originals/alarm_or_siren/SS-ALM-0539.wav,Alarm or Siren,ESC-50 (Environmental Sound Classification),https://github.com/karolpiczak/ESC-50,CC-BY-4.0,Karol J. Piczak,2026-09-24,5.0,44100,1,field,,n/a,original,,,,b863f4119feb3ca8b754fa25ce918542b8421947823df89ef53948af726a21f3,,clock_alarm,esc50:3-139958-A-37.wav,,corpus_metadata:ESC-50 field recordings (Freesound clips),esc50_v1,3-139958-A-37.wav,https://github.com/karolpiczak/ESC-50/blob/master/LICENSE
SS-ALM-0540,originals/alarm_or_siren/SS-ALM-0540.wav,Alarm or Siren,ESC-50 (Environmental Sound Classification),https://github.com/karolpiczak/ESC-50,CC-BY-4.0,Karol J. Piczak,2026-09-24,5.0,44100,1,field,,n/a,original,,,,3e1cd1eb5c9bfe18c841b222af19d3d0fb999a931c4665c9c43385f5f26739ce,,clock_alarm,esc50:3-148297-A-37.wav,,corpus_metadata:ESC-50 field recordings (Freesound clips),esc50_v1,3-148297-A-37.wav,https://github.com/karolpiczak/ESC-50/blob/master/LICENSE
SS-ALM-0541,originals/alarm_or_siren/SS-ALM-0541.wav,Alarm or Siren,ESC-50 (Environmental Sound Classification),https://github.com/karolpiczak/ESC-50,CC-BY-4.0,Karol J. Piczak,2026-09-24,5.0,44100,1,field,,n/a,original,,,,de32c52b3f928f02ad8dd388f424bbe7c7e22dbe4614cfcd2a271946aec3325a,,siren,esc50:3-51376-A-42.wav,,corpus_metadata:ESC-50 field recordings (Freesound clips),esc50_v1,3-51376-A-42.wav,https://github.com/karolpiczak/ESC-50/blob/master/LICENSE
SS-ALM-0542,originals/alarm_or_siren/SS-ALM-0542.wav,Alarm or Siren,ESC-50 (Environmental Sound Classification),https://github.com/karolpiczak/ESC-50,CC-BY-4.0,Karol J. Piczak,2026-09-24,5.0,44100,1,field,,n/a,original,,,,0268313151d1865b712d5556e6a0fc7fcf87807639c68de23d9951d38474208e,,siren,esc50:3-51731-A-42.wav,,corpus_metadata:ESC-50 field recordings (Freesound clips),esc50_v1,3-51731-A-42.wav,https://github.com/karolpiczak/ESC-50/blob/master/LICENSE
SS-ALM-0543,originals/alarm_or_siren/SS-ALM-0543.wav,Alarm or Siren,ESC-50 (Environmental Sound Classification),https://github.com/karolpiczak/ESC-50,CC-BY-4.0,Karol J. Piczak,2026-09-24,5.0,44100,1,field,,n/a,original,,,,4918f7e9c5b2056580ea7261db9b13d026c21aa132bcc6ff981e09c2b7d0518e,,siren,esc50:3-51731-B-42.wav,,corpus_metadata:ESC-50 field recordings (Freesound clips),esc50_v1,3-51731-B-42.wav,https://github.com/karolpiczak/ESC-50/blob/master/LICENSE
SS-ALM-0544,originals/alarm_or_siren/SS-ALM-0544.wav,Alarm or Siren,ESC-50 (Environmental Sound Classification),https://github.com/karolpiczak/ESC-50,CC-BY-4.0,Karol J. Piczak,2026-09-24,5.0,44100,1,field,,n/a,original,,,,5f5c273e29bd8fbcb52cecc798cbbcdb4497f503e04731ef7bcdc3094d0b046d,,siren,esc50:3-51909-A-42.wav,,corpus_metadata:ESC-50 field recordings (Freesound clips),esc50_v1,3-51909-A-42.wav,https://github.com/karolpiczak/ESC-50/blob/master/LICENSE
SS-ALM-0545,originals/alarm_or_siren/SS-ALM-0545.wav,Alarm or Siren,ESC-50 (Environmental Sound Classification),https://github.com/karolpiczak/ESC-50,CC-BY-4.0,Karol J. Piczak,2026-09-24,5.0,44100,1,field,,n/a,original,,,,75bf135fc612f63b9e79fcf0461c2ea30677d0254c84f43005cfc7d337da75e8,,siren,esc50:3-51909-B-42.wav,,corpus_metadata:ESC-50 field recordings (Freesound clips),esc50_v1,3-51909-B-42.wav,https://github.com/karolpiczak/ESC-50/blob/master/LICENSE
SS-ALM-0546,originals/alarm_or_siren/SS-ALM-0546.wav,Alarm or Siren,ESC-50 (Environmental Sound Classification),https://github.com/karolpiczak/ESC-50,CC-BY-4.0,Karol J. Piczak,2026-09-24,5.0,44100,1,field,,n/a,original,,,,b7b50b9bd964f0026d5d29d9bffd4b7be78171a231d4a190b9addd8ce3390352,,siren,esc50:3-58772-A-42.wav,,corpus_metadata:ESC-50 field recordings (Freesound clips),esc50_v1,3-58772-A-42.wav,https://github.com/karolpiczak/ESC-50/blob/master/LICENSE
SS-ALM-0547,originals/alarm_or_siren/SS-ALM-0547.wav,Alarm or Siren,ESC-50 (Environmental Sound Classification),https://github.com/karolpiczak/ESC-50,CC-BY-4.0,Karol J. Piczak,2026-09-24,5.0,44100,1,field,,n/a,original,,,,9a68c6a6678a7fda587c12dd45064d12093befd4b8b4b10e187ad2248c71e445,,siren,esc50:3-62878-A-42.wav,,corpus_metadata:ESC-50 field recordings (Freesound clips),esc50_v1,3-62878-A-42.wav,https://github.com/karolpiczak/ESC-50/blob/master/LICENSE
SS-ALM-0548,originals/alarm_or_siren/SS-ALM-0548.wav,Alarm or Siren,ESC-50 (Environmental Sound Classification),https://github.com/karolpiczak/ESC-50,CC-BY-4.0,Karol J. Piczak,2026-09-24,5.0,44100,1,field,,n/a,original,,,,387866faea68816ac73cf30fecf94ae886660fbce7e80992d23eaa108ba82990,,siren,esc50:3-62878-B-42.wav,,corpus_metadata:ESC-50 field recordings (Freesound clips),esc50_v1,3-62878-B-42.wav,https://github.com/karolpiczak/ESC-50/blob/master/LICENSE
SS-ALM-0549,originals/alarm_or_siren/SS-ALM-0549.wav,Alarm or Siren,ESC-50 (Environmental Sound Classification),https://github.com/karolpiczak/ESC-50,CC-BY-4.0,Karol J. Piczak,2026-09-24,5.0,44100,1,field,,n/a,original,,,,9dabae27ebcd55cc16ea57e813fc1984ec444159b62f246c0399cb4f920454ea,,siren,esc50:4-102871-A-42.wav,,corpus_metadata:ESC-50 field recordings (Freesound clips),esc50_v1,4-102871-A-42.wav,https://github.com/karolpiczak/ESC-50/blob/master/LICENSE
SS-ALM-0550,originals/alarm_or_siren/SS-ALM-0550.wav,Alarm or Siren,ESC-50 (Environmental Sound Classification),https://github.com/karolpiczak/ESC-50,CC-BY-4.0,Karol J. Piczak,2026-09-24,5.0,44100,1,field,,n/a,original,,,,365e4a2a7fcb455894d3b0a7b7ad08ac9725f6565fc4d3ace32876b5afc4c2cd,,siren,esc50:4-111671-A-42.wav,,corpus_metadata:ESC-50 field recordings (Freesound clips),esc50_v1,4-111671-A-42.wav,https://github.com/karolpiczak/ESC-50/blob/master/LICENSE
SS-ALM-0551,originals/alarm_or_siren/SS-ALM-0551.wav,Alarm or Siren,ESC-50 (Environmental Sound Classification),https://github.com/karolpiczak/ESC-50,CC-BY-4.0,Karol J. Piczak,2026-09-24,5.0,44100,1,field,,n/a,original,,,,7b862bec0a634cc342e53fe54fbac85c28801588903e2a35e9eff705b5593b05,,siren,esc50:4-111671-B-42.wav,,corpus_metadata:ESC-50 field recordings (Freesound clips),esc50_v1,4-111671-B-42.wav,https://github.com/karolpiczak/ESC-50/blob/master/LICENSE
SS-ALM-0552,originals/alarm_or_siren/SS-ALM-0552.wav,Alarm or Siren,ESC-50 (Environmental Sound Classification),https://github.com/karolpiczak/ESC-50,CC-BY-4.0,Karol J. Piczak,2026-09-24,5.0,44100,1,field,,n/a,original,,,,9f7d32892f55d06a7ce39a0c97c5fd24fcc477c3e517c6e34003a5a9d2c822f5,,siren,esc50:4-121532-A-42.wav,,corpus_metadata:ESC-50 field recordings (Freesound clips),esc50_v1,4-121532-A-42.wav,https://github.com/karolpiczak/ESC-50/blob/master/LICENSE
SS-ALM-0553,originals/alarm_or_siren/SS-ALM-0553.wav,Alarm or Siren,ESC-50 (Environmental Sound Classification),https://github.com/karolpiczak/ESC-50,CC-BY-4.0,Karol J. Piczak,2026-09-24,5.0,44100,1,field,,n/a,original,,,,c83789199d3a2794323f9151cae42fa478b7ae408a624f483399316bd44cf899,,clock_alarm,esc50:4-151242-A-37.wav,,corpus_metadata:ESC-50 field recordings (Freesound clips),esc50_v1,4-151242-A-37.wav,https://github.com/karolpiczak/ESC-50/blob/master/LICENSE
SS-ALM-0554,originals/alarm_or_siren/SS-ALM-0554.wav,Alarm or Siren,ESC-50 (Environmental Sound Classification),https://github.com/karolpiczak/ESC-50,CC-BY-4.0,Karol J. Piczak,2026-09-24,5.0,44100,1,field,,n/a,original,,,,1b78f0e61352c9d8d4c95987ba852cc3f9e84c3d6a4f3be7424e2704057570a2,,clock_alarm,esc50:4-169508-A-37.wav,,corpus_metadata:ESC-50 field recordings (Freesound clips),esc50_v1,4-169508-A-37.wav,https://github.com/karolpiczak/ESC-50/blob/master/LICENSE
SS-ALM-0555,originals/alarm_or_siren/SS-ALM-0555.wav,Alarm or Siren,ESC-50 (Environmental Sound Classification),https://github.com/karolpiczak/ESC-50,CC-BY-4.0,Karol J. Piczak,2026-09-24,5.0,44100,1,field,,n/a,original,,,,b6d260c3b1823bdd45c9d8968b87a9bc6d57c0b99bfef07362cae506ae38b32a,,clock_alarm,esc50:4-172366-A-37.wav,,corpus_metadata:ESC-50 field recordings (Freesound clips),esc50_v1,4-172366-A-37.wav,https://github.com/karolpiczak/ESC-50/blob/master/LICENSE
SS-ALM-0556,originals/alarm_or_siren/SS-ALM-0556.wav,Alarm or Siren,ESC-50 (Environmental Sound Classification),https://github.com/karolpiczak/ESC-50,CC-BY-4.0,Karol J. Piczak,2026-09-24,5.0,44100,1,field,,n/a,original,,,,892a04fea067db4c75b8d8e835a55d852dfd44f96c85c354ee86f5c63ce52721,,clock_alarm,esc50:4-189332-A-37.wav,,corpus_metadata:ESC-50 field recordings (Freesound clips),esc50_v1,4-189332-A-37.wav,https://github.com/karolpiczak/ESC-50/blob/master/LICENSE
SS-ALM-0557,originals/alarm_or_siren/SS-ALM-0557.wav,Alarm or Siren,ESC-50 (Environmental Sound Classification),https://github.com/karolpiczak/ESC-50,CC-BY-4.0,Karol J. Piczak,2026-09-24,5.0,44100,1,field,,n/a,original,,,,49223fa45a7db4a1ca663d7c0f4c2de3e46a76f7f0e740fa5511f1fd3107062c,,clock_alarm,esc50:4-198841-A-37.wav,,corpus_metadata:ESC-50 field recordings (Freesound clips),esc50_v1,4-198841-A-37.wav,https://github.com/karolpiczak/ESC-50/blob/master/LICENSE
SS-ALM-0558,originals/alarm_or_siren/SS-ALM-0558.wav,Alarm or Siren,ESC-50 (Environmental Sound Classification),https://github.com/karolpiczak/ESC-50,CC-BY-4.0,Karol J. Piczak,2026-09-24,5.0,44100,1,field,,n/a,original,,,,2d2ae2240ee02f8208eab138101ff702013bcc018327bae3aeeae53c2716d04b,,clock_alarm,esc50:4-204684-A-37.wav,,corpus_metadata:ESC-50 field recordings (Freesound clips),esc50_v1,4-204684-A-37.wav,https://github.com/karolpiczak/ESC-50/blob/master/LICENSE
SS-ALM-0559,originals/alarm_or_siren/SS-ALM-0559.wav,Alarm or Siren,ESC-50 (Environmental Sound Classification),https://github.com/karolpiczak/ESC-50,CC-BY-4.0,Karol J. Piczak,2026-09-24,5.0,44100,1,field,,n/a,original,,,,c7d052483af976895f91bc5fc48b32467ac8b3968c47b33daff87c5e93527877,,clock_alarm,esc50:4-209536-A-37.wav,,corpus_metadata:ESC-50 field recordings (Freesound clips),esc50_v1,4-209536-A-37.wav,https://github.com/karolpiczak/ESC-50/blob/master/LICENSE
SS-ALM-0560,originals/alarm_or_siren/SS-ALM-0560.wav,Alarm or Siren,ESC-50 (Environmental Sound Classification),https://github.com/karolpiczak/ESC-50,CC-BY-4.0,Karol J. Piczak,2026-09-24,5.0,44100,1,field,,n/a,original,,,,b8b67daf8895617ba9f2b6b266e6cdc32845ddcc9153b017d06874a95d780945,,clock_alarm,esc50:4-209698-A-37.wav,,corpus_metadata:ESC-50 field recordings (Freesound clips),esc50_v1,4-209698-A-37.wav,https://github.com/karolpiczak/ESC-50/blob/master/LICENSE
SS-ALM-0561,originals/alarm_or_siren/SS-ALM-0561.wav,Alarm or Siren,ESC-50 (Environmental Sound Classification),https://github.com/karolpiczak/ESC-50,CC-BY-4.0,Karol J. Piczak,2026-09-24,5.0,44100,1,field,,n/a,original,,,,3192ab47aff92ef5dcec1ce178e342e24ecadf826dc6c9dd3f0515a4c53c58d2,,siren,esc50:4-67358-A-42.wav,,corpus_metadata:ESC-50 field recordings (Freesound clips),esc50_v1,4-67358-A-42.wav,https://github.com/karolpiczak/ESC-50/blob/master/LICENSE
SS-ALM-0562,originals/alarm_or_siren/SS-ALM-0562.wav,Alarm or Siren,ESC-50 (Environmental Sound Classification),https://github.com/karolpiczak/ESC-50,CC-BY-4.0,Karol J. Piczak,2026-09-24,5.0,44100,1,field,,n/a,original,,,,d1301a63a3d7f4429b40244d7a52f11636c3ed28b846f6213bda6e0005b1c072,,siren,esc50:4-80761-A-42.wav,,corpus_metadata:ESC-50 field recordings (Freesound clips),esc50_v1,4-80761-A-42.wav,https://github.com/karolpiczak/ESC-50/blob/master/LICENSE
SS-ALM-0563,originals/alarm_or_siren/SS-ALM-0563.wav,Alarm or Siren,ESC-50 (Environmental Sound Classification),https://github.com/karolpiczak/ESC-50,CC-BY-4.0,Karol J. Piczak,2026-09-24,5.0,44100,1,field,,n/a,original,,,,bbde0117f66201fe236b2bedccd231efe8e74b5c3361471a32159bbef5777e9a,,siren,esc50:4-90014-A-42.wav,,corpus_metadata:ESC-50 field recordings (Freesound clips),esc50_v1,4-90014-A-42.wav,https://github.com/karolpiczak/ESC-50/blob/master/LICENSE
SS-ALM-0564,originals/alarm_or_siren/SS-ALM-0564.wav,Alarm or Siren,ESC-50 (Environmental Sound Classification),https://github.com/karolpiczak/ESC-50,CC-BY-4.0,Karol J. Piczak,2026-09-24,5.0,44100,1,field,,n/a,original,,,,7fc6af65b6c6bbbadf39426c3ce9300367f5fefce8725a7df990a58ffc9130fb,,siren,esc50:4-90014-B-42.wav,,corpus_metadata:ESC-50 field recordings (Freesound clips),esc50_v1,4-90014-B-42.wav,https://github.com/karolpiczak/ESC-50/blob/master/LICENSE
SS-ALM-0565,originals/alarm_or_siren/SS-ALM-0565.wav,Alarm or Siren,ESC-50 (Environmental Sound Classification),https://github.com/karolpiczak/ESC-50,CC-BY-4.0,Karol J. Piczak,2026-09-24,5.0,44100,1,field,,n/a,original,,,,79cbdaf2156d7af410fe97a5c131ee6f46f2f7a99f4051fadd01e931ad8c9e14,,siren,esc50:5-117118-A-42.wav,,corpus_metadata:ESC-50 field recordings (Freesound clips),esc50_v1,5-117118-A-42.wav,https://github.com/karolpiczak/ESC-50/blob/master/LICENSE
SS-ALM-0566,originals/alarm_or_siren/SS-ALM-0566.wav,Alarm or Siren,ESC-50 (Environmental Sound Classification),https://github.com/karolpiczak/ESC-50,CC-BY-4.0,Karol J. Piczak,2026-09-24,5.0,44100,1,field,,n/a,original,,,,b22c04d1ea6841f9a1b79e21f2d44c8f9f446a204d28f5a3e4b4f57071c669aa,,siren,esc50:5-117120-A-42.wav,,corpus_metadata:ESC-50 field recordings (Freesound clips),esc50_v1,5-117120-A-42.wav,https://github.com/karolpiczak/ESC-50/blob/master/LICENSE
SS-ALM-0567,originals/alarm_or_siren/SS-ALM-0567.wav,Alarm or Siren,ESC-50 (Environmental Sound Classification),https://github.com/karolpiczak/ESC-50,CC-BY-4.0,Karol J. Piczak,2026-09-24,5.0,44100,1,field,,n/a,original,,,,1b1d4849a6a95b40d9ac1ce01ff8f3ba5899bf1dc025da6646c1008e1a7caf65,,siren,esc50:5-117122-A-42.wav,,corpus_metadata:ESC-50 field recordings (Freesound clips),esc50_v1,5-117122-A-42.wav,https://github.com/karolpiczak/ESC-50/blob/master/LICENSE
SS-ALM-0568,originals/alarm_or_siren/SS-ALM-0568.wav,Alarm or Siren,ESC-50 (Environmental Sound Classification),https://github.com/karolpiczak/ESC-50,CC-BY-4.0,Karol J. Piczak,2026-09-24,5.0,44100,1,field,,n/a,original,,,,7521bb9b94ef12283db760cb97338b7c9a3145b8c78ce3931e03953c6d91f08e,,siren,esc50:5-133989-A-42.wav,,corpus_metadata:ESC-50 field recordings (Freesound clips),esc50_v1,5-133989-A-42.wav,https://github.com/karolpiczak/ESC-50/blob/master/LICENSE
SS-ALM-0569,originals/alarm_or_siren/SS-ALM-0569.wav,Alarm or Siren,ESC-50 (Environmental Sound Classification),https://github.com/karolpiczak/ESC-50,CC-BY-4.0,Karol J. Piczak,2026-09-24,5.0,44100,1,field,,n/a,original,,,,8b91f090b3339c1a4b780b454062ef65ba16c49a2a3c0068cced69b07ef3a119,,siren,esc50:5-133989-B-42.wav,,corpus_metadata:ESC-50 field recordings (Freesound clips),esc50_v1,5-133989-B-42.wav,https://github.com/karolpiczak/ESC-50/blob/master/LICENSE
SS-ALM-0570,originals/alarm_or_siren/SS-ALM-0570.wav,Alarm or Siren,ESC-50 (Environmental Sound Classification),https://github.com/karolpiczak/ESC-50,CC-BY-4.0,Karol J. Piczak,2026-09-24,5.0,44100,1,field,,n/a,original,,,,9e8901e0a7f22c3546c2f1b42bcc3e2ca8077e94f755702ba744feb2f39d55ac,,siren,esc50:5-150409-A-42.wav,,corpus_metadata:ESC-50 field recordings (Freesound clips),esc50_v1,5-150409-A-42.wav,https://github.com/karolpiczak/ESC-50/blob/master/LICENSE
SS-ALM-0571,originals/alarm_or_siren/SS-ALM-0571.wav,Alarm or Siren,ESC-50 (Environmental Sound Classification),https://github.com/karolpiczak/ESC-50,CC-BY-4.0,Karol J. Piczak,2026-09-24,5.0,44100,1,field,,n/a,original,,,,6cc7555cafe56d7ec8a9c1f672885a73601970ef0687f37a0445131bd5020650,,siren,esc50:5-160551-A-42.wav,,corpus_metadata:ESC-50 field recordings (Freesound clips),esc50_v1,5-160551-A-42.wav,https://github.com/karolpiczak/ESC-50/blob/master/LICENSE
SS-ALM-0572,originals/alarm_or_siren/SS-ALM-0572.wav,Alarm or Siren,ESC-50 (Environmental Sound Classification),https://github.com/karolpiczak/ESC-50,CC-BY-4.0,Karol J. Piczak,2026-09-24,5.0,44100,1,field,,n/a,original,,,,bc3d8abd08b3e37ed980c21972acb5ce5ba83ee001f7ddffd95f04e5e6b642ea,,siren,esc50:5-184323-A-42.wav,,corpus_metadata:ESC-50 field recordings (Freesound clips),esc50_v1,5-184323-A-42.wav,https://github.com/karolpiczak/ESC-50/blob/master/LICENSE
SS-ALM-0573,originals/alarm_or_siren/SS-ALM-0573.wav,Alarm or Siren,ESC-50 (Environmental Sound Classification),https://github.com/karolpiczak/ESC-50,CC-BY-4.0,Karol J. Piczak,2026-09-24,5.0,44100,1,field,,n/a,original,,,,c08a0615afcfbe6b30ba536eeb3cc555d4bd25580a36f12f8b32330b83228dfb,,clock_alarm,esc50:5-210612-A-37.wav,,corpus_metadata:ESC-50 field recordings (Freesound clips),esc50_v1,5-210612-A-37.wav,https://github.com/karolpiczak/ESC-50/blob/master/LICENSE
SS-ALM-0574,originals/alarm_or_siren/SS-ALM-0574.wav,Alarm or Siren,ESC-50 (Environmental Sound Classification),https://github.com/karolpiczak/ESC-50,CC-BY-4.0,Karol J. Piczak,2026-09-24,5.0,44100,1,field,,n/a,original,,,,c78db93c244fafc7d835cc32e64959c93ce3fdfc0ffd5b58067cbc99f845a239,,clock_alarm,esc50:5-211408-A-37.wav,,corpus_metadata:ESC-50 field recordings (Freesound clips),esc50_v1,5-211408-A-37.wav,https://github.com/karolpiczak/ESC-50/blob/master/LICENSE
SS-ALM-0575,originals/alarm_or_siren/SS-ALM-0575.wav,Alarm or Siren,ESC-50 (Environmental Sound Classification),https://github.com/karolpiczak/ESC-50,CC-BY-4.0,Karol J. Piczak,2026-09-24,5.0,44100,1,field,,n/a,original,,,,1c5a500bc3c9d8546bf57377724aad24957d8a8c67cba7c0f3f2d4a4ed7ba9d1,,clock_alarm,esc50:5-219242-A-37.wav,,corpus_metadata:ESC-50 field recordings (Freesound clips),esc50_v1,5-219242-A-37.wav,https://github.com/karolpiczak/ESC-50/blob/master/LICENSE
SS-ALM-0576,originals/alarm_or_siren/SS-ALM-0576.wav,Alarm or Siren,ESC-50 (Environmental Sound Classification),https://github.com/karolpiczak/ESC-50,CC-BY-4.0,Karol J. Piczak,2026-09-24,5.0,44100,1,field,,n/a,original,,,,21679508d50f7b025c74d8c9bd332fb835ce51b2768d6e98eb5c118810dfdf8d,,clock_alarm,esc50:5-219242-B-37.wav,,corpus_metadata:ESC-50 field recordings (Freesound clips),esc50_v1,5-219242-B-37.wav,https://github.com/karolpiczak/ESC-50/blob/master/LICENSE
SS-ALM-0577,originals/alarm_or_siren/SS-ALM-0577.wav,Alarm or Siren,ESC-50 (Environmental Sound Classification),https://github.com/karolpiczak/ESC-50,CC-BY-4.0,Karol J. Piczak,2026-09-24,5.0,44100,1,field,,n/a,original,,,,5822815ceb1589bc11f05f26b6972e5ebd9dd1a7f12568645140a82852664db8,,clock_alarm,esc50:5-223176-A-37.wav,,corpus_metadata:ESC-50 field recordings (Freesound clips),esc50_v1,5-223176-A-37.wav,https://github.com/karolpiczak/ESC-50/blob/master/LICENSE
SS-ALM-0578,originals/alarm_or_siren/SS-ALM-0578.wav,Alarm or Siren,ESC-50 (Environmental Sound Classification),https://github.com/karolpiczak/ESC-50,CC-BY-4.0,Karol J. Piczak,2026-09-24,5.0,44100,1,field,,n/a,original,,,,218a6463e3618d4cb98a725827dc51901682b6ffcf3c15763c73032870f1ac94,,clock_alarm,esc50:5-233645-A-37.wav,,corpus_metadata:ESC-50 field recordings (Freesound clips),esc50_v1,5-233645-A-37.wav,https://github.com/karolpiczak/ESC-50/blob/master/LICENSE
SS-ALM-0579,originals/alarm_or_siren/SS-ALM-0579.wav,Alarm or Siren,ESC-50 (Environmental Sound Classification),https://github.com/karolpiczak/ESC-50,CC-BY-4.0,Karol J. Piczak,2026-09-24,5.0,44100,1,field,,n/a,original,,,,0f99cf9aecfa93e37ba0de4c4a80849ded00cd52f80fc11c9315261512f94702,,clock_alarm,esc50:5-234247-A-37.wav,,corpus_metadata:ESC-50 field recordings (Freesound clips),esc50_v1,5-234247-A-37.wav,https://github.com/karolpiczak/ESC-50/blob/master/LICENSE
SS-ALM-0580,originals/alarm_or_siren/SS-ALM-0580.wav,Alarm or Siren,ESC-50 (Environmental Sound Classification),https://github.com/karolpiczak/ESC-50,CC-BY-4.0,Karol J. Piczak,2026-09-24,5.0,44100,1,field,,n/a,original,,,,cd9fd493266fcc36b6a89a8427b88c745feaf0b1315ad7fb14f57cd2c08e343e,,clock_alarm,esc50:5-250629-A-37.wav,,corpus_metadata:ESC-50 field recordings (Freesound clips),esc50_v1,5-250629-A-37.wav,https://github.com/karolpiczak/ESC-50/blob/master/LICENSE
SS-ALM-0581,originals/alarm_or_siren/SS-ALM-0581.wav,Alarm or Siren,UrbanSound8K (urban sound slices),https://urbansounddataset.weebly.com/urbansound8k.html,CC-BY-4.0,"Justin Salamon, Duncan Jacoby, Juan Pablo Bello",2026-09-24,4.0,44100,2,field,,n/a,original,,,,4624ef9147e3b3363b5f19b20d2e7c9b033ff7dda819cc315cbd2fb28b8142bc,,siren,us8k:102853-8-0-0.wav,2,corpus_metadata:UrbanSound8K urban field recordings,urbansound8k_v1,102853-8-0-0.wav,https://creativecommons.org/licenses/by/4.0/
SS-ALM-0582,originals/alarm_or_siren/SS-ALM-0582.wav,Alarm or Siren,UrbanSound8K (urban sound slices),https://urbansounddataset.weebly.com/urbansound8k.html,CC-BY-4.0,"Justin Salamon, Duncan Jacoby, Juan Pablo Bello",2026-09-24,4.0,44100,2,field,,n/a,original,,,,6b0d425a866bbf1035271c3b32a154772b38670f13ac51837c853d4c517326af,,siren,us8k:102853-8-0-1.wav,2,corpus_metadata:UrbanSound8K urban field recordings,urbansound8k_v1,102853-8-0-1.wav,https://creativecommons.org/licenses/by/4.0/
SS-ALM-0583,originals/alarm_or_siren/SS-ALM-0583.wav,Alarm or Siren,UrbanSound8K (urban sound slices),https://urbansounddataset.weebly.com/urbansound8k.html,CC-BY-4.0,"Justin Salamon, Duncan Jacoby, Juan Pablo Bello",2026-09-24,4.0,44100,2,field,,n/a,original,,,,647b6169a4a182102374da0b290f3e1181f3755a77289d89d574878f8cb4c80d,,siren,us8k:102853-8-0-2.wav,2,corpus_metadata:UrbanSound8K urban field recordings,urbansound8k_v1,102853-8-0-2.wav,https://creativecommons.org/licenses/by/4.0/
SS-ALM-0584,originals/alarm_or_siren/SS-ALM-0584.wav,Alarm or Siren,UrbanSound8K (urban sound slices),https://urbansounddataset.weebly.com/urbansound8k.html,CC-BY-4.0,"Justin Salamon, Duncan Jacoby, Juan Pablo Bello",2026-09-24,4.0,44100,2,field,,n/a,original,,,,c493b59378c27e9f25f2e031200fde22cf92802fa7c97f94c88758e377cb913c,,siren,us8k:102853-8-0-3.wav,2,corpus_metadata:UrbanSound8K urban field recordings,urbansound8k_v1,102853-8-0-3.wav,https://creativecommons.org/licenses/by/4.0/
SS-ALM-0585,originals/alarm_or_siren/SS-ALM-0585.wav,Alarm or Siren,UrbanSound8K (urban sound slices),https://urbansounddataset.weebly.com/urbansound8k.html,CC-BY-4.0,"Justin Salamon, Duncan Jacoby, Juan Pablo Bello",2026-09-24,4.0,44100,2,field,,n/a,original,,,,547d62b1f5097f5dac1af521b04f5cdc74ca858882b7935814586297f30f5686,,siren,us8k:102853-8-0-4.wav,2,corpus_metadata:UrbanSound8K urban field recordings,urbansound8k_v1,102853-8-0-4.wav,https://creativecommons.org/licenses/by/4.0/
SS-ALM-0586,originals/alarm_or_siren/SS-ALM-0586.wav,Alarm or Siren,UrbanSound8K (urban sound slices),https://urbansounddataset.weebly.com/urbansound8k.html,CC-BY-4.0,"Justin Salamon, Duncan Jacoby, Juan Pablo Bello",2026-09-24,4.0,44100,2,field,,n/a,original,,,,565e1678b71e75a87be68f95eba44155f94b6d56e0dd067d0649f6307a6622ca,,siren,us8k:102853-8-0-5.wav,2,corpus_metadata:UrbanSound8K urban field recordings,urbansound8k_v1,102853-8-0-5.wav,https://creativecommons.org/licenses/by/4.0/
SS-ALM-0587,originals/alarm_or_siren/SS-ALM-0587.wav,Alarm or Siren,UrbanSound8K (urban sound slices),https://urbansounddataset.weebly.com/urbansound8k.html,CC-BY-4.0,"Justin Salamon, Duncan Jacoby, Juan Pablo Bello",2026-09-24,4.0,44100,2,field,,n/a,original,,,,fce61bb52ca0c6ae6b14ceaa3d2460c6675010caea8257f1906c112a21393502,,siren,us8k:102853-8-0-6.wav,2,corpus_metadata:UrbanSound8K urban field recordings,urbansound8k_v1,102853-8-0-6.wav,https://creativecommons.org/licenses/by/4.0/
SS-ALM-0588,originals/alarm_or_siren/SS-ALM-0588.wav,Alarm or Siren,UrbanSound8K (urban sound slices),https://urbansounddataset.weebly.com/urbansound8k.html,CC-BY-4.0,"Justin Salamon, Duncan Jacoby, Juan Pablo Bello",2026-09-24,4.0,44100,2,field,,n/a,original,,,,72e7b6875e5e7faa029674634f8c972c3817165d943cd1a9f9c30e73bb36c5f4,,siren,us8k:102853-8-1-0.wav,2,corpus_metadata:UrbanSound8K urban field recordings,urbansound8k_v1,102853-8-1-0.wav,https://creativecommons.org/licenses/by/4.0/
SS-ALM-0589,originals/alarm_or_siren/SS-ALM-0589.wav,Alarm or Siren,UrbanSound8K (urban sound slices),https://urbansounddataset.weebly.com/urbansound8k.html,CC-BY-4.0,"Justin Salamon, Duncan Jacoby, Juan Pablo Bello",2026-09-24,4.0,44100,2,field,,n/a,original,,,,2cebc051a2042fb856a2777c094281d95cadd5aed404e3990bf5f06156d65552,,siren,us8k:102871-8-0-0.wav,1,corpus_metadata:UrbanSound8K urban field recordings,urbansound8k_v1,102871-8-0-0.wav,https://creativecommons.org/licenses/by/4.0/
SS-ALM-0590,originals/alarm_or_siren/SS-ALM-0590.wav,Alarm or Siren,UrbanSound8K (urban sound slices),https://urbansounddataset.weebly.com/urbansound8k.html,CC-BY-4.0,"Justin Salamon, Duncan Jacoby, Juan Pablo Bello",2026-09-24,4.0,44100,2,field,,n/a,original,,,,d712ed354d3f5949d8a90275224dab667d0e3860c9236959f9a79cd3921275ae,,siren,us8k:102871-8-0-1.wav,1,corpus_metadata:UrbanSound8K urban field recordings,urbansound8k_v1,102871-8-0-1.wav,https://creativecommons.org/licenses/by/4.0/
SS-ALM-0591,originals/alarm_or_siren/SS-ALM-0591.wav,Alarm or Siren,UrbanSound8K (urban sound slices),https://urbansounddataset.weebly.com/urbansound8k.html,CC-BY-4.0,"Justin Salamon, Duncan Jacoby, Juan Pablo Bello",2026-09-24,4.0,44100,2,field,,n/a,original,,,,bf509e57028a6aaa92abf0da93e0c282bbfc894a2614316f0476d66178773dee,,siren,us8k:102871-8-0-10.wav,1,corpus_metadata:UrbanSound8K urban field recordings,urbansound8k_v1,102871-8-0-10.wav,https://creativecommons.org/licenses/by/4.0/
SS-ALM-0592,originals/alarm_or_siren/SS-ALM-0592.wav,Alarm or Siren,UrbanSound8K (urban sound slices),https://urbansounddataset.weebly.com/urbansound8k.html,CC-BY-4.0,"Justin Salamon, Duncan Jacoby, Juan Pablo Bello",2026-09-24,4.0,44100,2,field,,n/a,original,,,,f02e61365c418770d7deb5d68a7dc989b8a92d3bd66f11b240af8aa81143401a,,siren,us8k:102871-8-0-11.wav,1,corpus_metadata:UrbanSound8K urban field recordings,urbansound8k_v1,102871-8-0-11.wav,https://creativecommons.org/licenses/by/4.0/
SS-ALM-0593,originals/alarm_or_siren/SS-ALM-0593.wav,Alarm or Siren,UrbanSound8K (urban sound slices),https://urbansounddataset.weebly.com/urbansound8k.html,CC-BY-4.0,"Justin Salamon, Duncan Jacoby, Juan Pablo Bello",2026-09-24,4.0,44100,2,field,,n/a,original,,,,bec945c20421581e0f8c490497518fc8c3ef7f95cba17346c13a2aa9ad575b1b,,siren,us8k:102871-8-0-12.wav,1,corpus_metadata:UrbanSound8K urban field recordings,urbansound8k_v1,102871-8-0-12.wav,https://creativecommons.org/licenses/by/4.0/
SS-ALM-0594,originals/alarm_or_siren/SS-ALM-0594.wav,Alarm or Siren,UrbanSound8K (urban sound slices),https://urbansounddataset.weebly.com/urbansound8k.html,CC-BY-4.0,"Justin Salamon, Duncan Jacoby, Juan Pablo Bello",2026-09-24,4.0,44100,2,field,,n/a,original,,,,7a8b4187762bf53105e190cacdf911f7c5ad554dad24ff79caadd7ece094ce25,,siren,us8k:102871-8-0-13.wav,1,corpus_metadata:UrbanSound8K urban field recordings,urbansound8k_v1,102871-8-0-13.wav,https://creativecommons.org/licenses/by/4.0/
SS-ALM-0595,originals/alarm_or_siren/SS-ALM-0595.wav,Alarm or Siren,UrbanSound8K (urban sound slices),https://urbansounddataset.weebly.com/urbansound8k.html,CC-BY-4.0,"Justin Salamon, Duncan Jacoby, Juan Pablo Bello",2026-09-24,4.0,44100,2,field,,n/a,original,,,,2684ff88259e24a352be34e44ac04dc8e1741dabc915d68c7723b62282f0a670,,siren,us8k:102871-8-0-14.wav,1,corpus_metadata:UrbanSound8K urban field recordings,urbansound8k_v1,102871-8-0-14.wav,https://creativecommons.org/licenses/by/4.0/
SS-ALM-0596,originals/alarm_or_siren/SS-ALM-0596.wav,Alarm or Siren,UrbanSound8K (urban sound slices),https://urbansounddataset.weebly.com/urbansound8k.html,CC-BY-4.0,"Justin Salamon, Duncan Jacoby, Juan Pablo Bello",2026-09-24,4.0,44100,2,field,,n/a,original,,,,5d78a7f783606212389e041d1ece7a47610fa077d4cf326f017333c0b12949fe,,siren,us8k:102871-8-0-15.wav,1,corpus_metadata:UrbanSound8K urban field recordings,urbansound8k_v1,102871-8-0-15.wav,https://creativecommons.org/licenses/by/4.0/
SS-ALM-0597,originals/alarm_or_siren/SS-ALM-0597.wav,Alarm or Siren,UrbanSound8K (urban sound slices),https://urbansounddataset.weebly.com/urbansound8k.html,CC-BY-4.0,"Justin Salamon, Duncan Jacoby, Juan Pablo Bello",2026-09-24,4.0,44100,2,field,,n/a,original,,,,4780eab76634dd5b5561d18e86a718e0906949967a9f1bc137490a979a194054,,siren,us8k:102871-8-0-2.wav,1,corpus_metadata:UrbanSound8K urban field recordings,urbansound8k_v1,102871-8-0-2.wav,https://creativecommons.org/licenses/by/4.0/
SS-ALM-0598,originals/alarm_or_siren/SS-ALM-0598.wav,Alarm or Siren,UrbanSound8K (urban sound slices),https://urbansounddataset.weebly.com/urbansound8k.html,CC-BY-4.0,"Justin Salamon, Duncan Jacoby, Juan Pablo Bello",2026-09-24,4.0,44100,2,field,,n/a,original,,,,ad4407e82ceb3063999ff692ab186782a7ad73f2b911f6bc8af33ba5424ce019,,siren,us8k:102871-8-0-3.wav,1,corpus_metadata:UrbanSound8K urban field recordings,urbansound8k_v1,102871-8-0-3.wav,https://creativecommons.org/licenses/by/4.0/
SS-ALM-0599,originals/alarm_or_siren/SS-ALM-0599.wav,Alarm or Siren,UrbanSound8K (urban sound slices),https://urbansounddataset.weebly.com/urbansound8k.html,CC-BY-4.0,"Justin Salamon, Duncan Jacoby, Juan Pablo Bello",2026-09-24,4.0,44100,2,field,,n/a,original,,,,4986649e29711613d56961bc6a158834a6fc36f6740bd2433cb2af6871cfa3c4,,siren,us8k:102871-8-0-4.wav,1,corpus_metadata:UrbanSound8K urban field recordings,urbansound8k_v1,102871-8-0-4.wav,https://creativecommons.org/licenses/by/4.0/
SS-ALM-0600,originals/alarm_or_siren/SS-ALM-0600.wav,Alarm or Siren,UrbanSound8K (urban sound slices),https://urbansounddataset.weebly.com/urbansound8k.html,CC-BY-4.0,"Justin Salamon, Duncan Jacoby, Juan Pablo Bello",2026-09-24,4.0,44100,2,field,,n/a,original,,,,93852caad820954ceed4f40e7b22413a6236f84fb561c00ba5df2cec95abc0cf,,siren,us8k:102871-8-0-5.wav,1,corpus_metadata:UrbanSound8K urban field recordings,urbansound8k_v1,102871-8-0-5.wav,https://creativecommons.org/licenses/by/4.0/
SS-ALM-0601,originals/alarm_or_siren/SS-ALM-0601.wav,Alarm or Siren,UrbanSound8K (urban sound slices),https://urbansounddataset.weebly.com/urbansound8k.html,CC-BY-4.0,"Justin Salamon, Duncan Jacoby, Juan Pablo Bello",2026-09-24,4.0,44100,2,field,,n/a,original,,,,eaa71ec561d5167fe9b0c6023a88065177d88d2610622f1302863cc435c172fa,,siren,us8k:102871-8-0-6.wav,1,corpus_metadata:UrbanSound8K urban field recordings,urbansound8k_v1,102871-8-0-6.wav,https://creativecommons.org/licenses/by/4.0/
SS-ALM-0602,originals/alarm_or_siren/SS-ALM-0602.wav,Alarm or Siren,UrbanSound8K (urban sound slices),https://urbansounddataset.weebly.com/urbansound8k.html,CC-BY-4.0,"Justin Salamon, Duncan Jacoby, Juan Pablo Bello",2026-09-24,4.0,44100,2,field,,n/a,original,,,,db6344901048e268b1471f96c227798f088e7c733721a221edce016ee39f9043,,siren,us8k:102871-8-0-7.wav,1,corpus_metadata:UrbanSound8K urban field recordings,urbansound8k_v1,102871-8-0-7.wav,https://creativecommons.org/licenses/by/4.0/
SS-ALM-0603,originals/alarm_or_siren/SS-ALM-0603.wav,Alarm or Siren,UrbanSound8K (urban sound slices),https://urbansounddataset.weebly.com/urbansound8k.html,CC-BY-4.0,"Justin Salamon, Duncan Jacoby, Juan Pablo Bello",2026-09-24,4.0,44100,2,field,,n/a,original,,,,82da27de4144c98b59d0277e58a9618e500c94f3fedfa4cb53307dd87986847a,,siren,us8k:102871-8-0-8.wav,1,corpus_metadata:UrbanSound8K urban field recordings,urbansound8k_v1,102871-8-0-8.wav,https://creativecommons.org/licenses/by/4.0/
SS-ALM-0604,originals/alarm_or_siren/SS-ALM-0604.wav,Alarm or Siren,UrbanSound8K (urban sound slices),https://urbansounddataset.weebly.com/urbansound8k.html,CC-BY-4.0,"Justin Salamon, Duncan Jacoby, Juan Pablo Bello",2026-09-24,4.0,44100,2,field,,n/a,original,,,,cfe5254fcfaca3f6c5ff6d3d95f72a1a707d3506658e0836a1f131ba305f8e7e,,siren,us8k:102871-8-0-9.wav,1,corpus_metadata:UrbanSound8K urban field recordings,urbansound8k_v1,102871-8-0-9.wav,https://creativecommons.org/licenses/by/4.0/
SS-ALM-0605,originals/alarm_or_siren/SS-ALM-0605.wav,Alarm or Siren,UrbanSound8K (urban sound slices),https://urbansounddataset.weebly.com/urbansound8k.html,CC-BY-4.0,"Justin Salamon, Duncan Jacoby, Juan Pablo Bello",2026-09-24,4.0,44100,2,field,,n/a,original,,,,f1b5200ebe12f6f3ca9d9d34f499d054dd429901c35a6acd3fc80cbdee2cb05c,,siren,us8k:105289-8-0-0.wav,2,corpus_metadata:UrbanSound8K urban field recordings,urbansound8k_v1,105289-8-0-0.wav,https://creativecommons.org/licenses/by/4.0/
SS-ALM-0606,originals/alarm_or_siren/SS-ALM-0606.wav,Alarm or Siren,UrbanSound8K (urban sound slices),https://urbansounddataset.weebly.com/urbansound8k.html,CC-BY-4.0,"Justin Salamon, Duncan Jacoby, Juan Pablo Bello",2026-09-24,4.0,44100,2,field,,n/a,original,,,,46b38ede3a3e59904a92cbd80bb952f1674813e2a156c99065763707512c16cf,,siren,us8k:105289-8-0-1.wav,2,corpus_metadata:UrbanSound8K urban field recordings,urbansound8k_v1,105289-8-0-1.wav,https://creativecommons.org/licenses/by/4.0/
SS-ALM-0607,originals/alarm_or_siren/SS-ALM-0607.wav,Alarm or Siren,UrbanSound8K (urban sound slices),https://urbansounddataset.weebly.com/urbansound8k.html,CC-BY-4.0,"Justin Salamon, Duncan Jacoby, Juan Pablo Bello",2026-09-24,4.0,44100,2,field,,n/a,original,,,,7e148631cb61074cdc2541ba6bee84428b958991201ec88cd1b7a1d0ffcaa67f,,siren,us8k:105289-8-0-2.wav,2,corpus_metadata:UrbanSound8K urban field recordings,urbansound8k_v1,105289-8-0-2.wav,https://creativecommons.org/licenses/by/4.0/
SS-ALM-0608,originals/alarm_or_siren/SS-ALM-0608.wav,Alarm or Siren,UrbanSound8K (urban sound slices),https://urbansounddataset.weebly.com/urbansound8k.html,CC-BY-4.0,"Justin Salamon, Duncan Jacoby, Juan Pablo Bello",2026-09-24,4.0,44100,2,field,,n/a,original,,,,dc27fdcd69382f9bc9e6a54b92cc65dd22ac779b05ad2f83caa3f5664c8e0137,,siren,us8k:105289-8-0-3.wav,2,corpus_metadata:UrbanSound8K urban field recordings,urbansound8k_v1,105289-8-0-3.wav,https://creativecommons.org/licenses/by/4.0/
SS-ALM-0609,originals/alarm_or_siren/SS-ALM-0609.wav,Alarm or Siren,UrbanSound8K (urban sound slices),https://urbansounddataset.weebly.com/urbansound8k.html,CC-BY-4.0,"Justin Salamon, Duncan Jacoby, Juan Pablo Bello",2026-09-24,4.0,44100,2,field,,n/a,original,,,,3da94c0d9823cee065e166639c2c1b1dc15a8d6dd6eedd06aa1614bc473ea6a2,,siren,us8k:105289-8-0-4.wav,2,corpus_metadata:UrbanSound8K urban field recordings,urbansound8k_v1,105289-8-0-4.wav,https://creativecommons.org/licenses/by/4.0/
SS-ALM-0610,originals/alarm_or_siren/SS-ALM-0610.wav,Alarm or Siren,UrbanSound8K (urban sound slices),https://urbansounddataset.weebly.com/urbansound8k.html,CC-BY-4.0,"Justin Salamon, Duncan Jacoby, Juan Pablo Bello",2026-09-24,4.0,44100,2,field,,n/a,original,,,,2a6fd37c67de699f701ef6b2128d72faddee0d3ed9940141b121731575554730,,siren,us8k:105289-8-0-5.wav,2,corpus_metadata:UrbanSound8K urban field recordings,urbansound8k_v1,105289-8-0-5.wav,https://creativecommons.org/licenses/by/4.0/
SS-ALM-0611,originals/alarm_or_siren/SS-ALM-0611.wav,Alarm or Siren,UrbanSound8K (urban sound slices),https://urbansounddataset.weebly.com/urbansound8k.html,CC-BY-4.0,"Justin Salamon, Duncan Jacoby, Juan Pablo Bello",2026-09-24,4.0,44100,2,field,,n/a,original,,,,6ddccfa2aefa4b38b3cfc48dc6bce7fdbf003ba456aed75cfb8dbe2684e1e7a5,,siren,us8k:105289-8-1-0.wav,1,corpus_metadata:UrbanSound8K urban field recordings,urbansound8k_v1,105289-8-1-0.wav,https://creativecommons.org/licenses/by/4.0/
SS-ALM-0612,originals/alarm_or_siren/SS-ALM-0612.wav,Alarm or Siren,UrbanSound8K (urban sound slices),https://urbansounddataset.weebly.com/urbansound8k.html,CC-BY-4.0,"Justin Salamon, Duncan Jacoby, Juan Pablo Bello",2026-09-24,4.0,44100,2,field,,n/a,original,,,,404d006f09838a3e6731ee250180e1fd2f4e72d5c2f82f7416c5d6cc26073221,,siren,us8k:105289-8-1-1.wav,1,corpus_metadata:UrbanSound8K urban field recordings,urbansound8k_v1,105289-8-1-1.wav,https://creativecommons.org/licenses/by/4.0/
SS-ALM-0613,originals/alarm_or_siren/SS-ALM-0613.wav,Alarm or Siren,UrbanSound8K (urban sound slices),https://urbansounddataset.weebly.com/urbansound8k.html,CC-BY-4.0,"Justin Salamon, Duncan Jacoby, Juan Pablo Bello",2026-09-24,4.0,44100,2,field,,n/a,original,,,,a8aeaa48a65bfb615b6b8fc7031fe486184cd79e677ef72a00d531315945ca01,,siren,us8k:105289-8-1-2.wav,1,corpus_metadata:UrbanSound8K urban field recordings,urbansound8k_v1,105289-8-1-2.wav,https://creativecommons.org/licenses/by/4.0/
SS-ALM-0614,originals/alarm_or_siren/SS-ALM-0614.wav,Alarm or Siren,UrbanSound8K (urban sound slices),https://urbansounddataset.weebly.com/urbansound8k.html,CC-BY-4.0,"Justin Salamon, Duncan Jacoby, Juan Pablo Bello",2026-09-24,4.0,44100,2,field,,n/a,original,,,,6c8660d19f1ef014480e07a4200a5935ea4fcde091e77df647411825e0b52fc6,,siren,us8k:105289-8-1-3.wav,1,corpus_metadata:UrbanSound8K urban field recordings,urbansound8k_v1,105289-8-1-3.wav,https://creativecommons.org/licenses/by/4.0/
SS-ALM-0615,originals/alarm_or_siren/SS-ALM-0615.wav,Alarm or Siren,UrbanSound8K (urban sound slices),https://urbansounddataset.weebly.com/urbansound8k.html,CC-BY-4.0,"Justin Salamon, Duncan Jacoby, Juan Pablo Bello",2026-09-24,4.0,44100,2,field,,n/a,original,,,,4edc8417e682c98939b92d3e284231e9ad00930b9cb40d4923344fbc7cc83172,,siren,us8k:105289-8-1-4.wav,1,corpus_metadata:UrbanSound8K urban field recordings,urbansound8k_v1,105289-8-1-4.wav,https://creativecommons.org/licenses/by/4.0/
SS-ALM-0616,originals/alarm_or_siren/SS-ALM-0616.wav,Alarm or Siren,UrbanSound8K (urban sound slices),https://urbansounddataset.weebly.com/urbansound8k.html,CC-BY-4.0,"Justin Salamon, Duncan Jacoby, Juan Pablo Bello",2026-09-24,4.0,44100,2,field,,n/a,original,,,,261b9e84131c2581e89d5abd3388f04df0f5f773d4f52d31809b434ba9b4783d,,siren,us8k:105289-8-2-0.wav,2,corpus_metadata:UrbanSound8K urban field recordings,urbansound8k_v1,105289-8-2-0.wav,https://creativecommons.org/licenses/by/4.0/
SS-ALM-0617,originals/alarm_or_siren/SS-ALM-0617.wav,Alarm or Siren,UrbanSound8K (urban sound slices),https://urbansounddataset.weebly.com/urbansound8k.html,CC-BY-4.0,"Justin Salamon, Duncan Jacoby, Juan Pablo Bello",2026-09-24,4.0,44100,2,field,,n/a,original,,,,a24d31fb6f7dab70fcbc312df62802229265443322ba7fdcd2d63c4addc8bae0,,siren,us8k:105289-8-2-1.wav,2,corpus_metadata:UrbanSound8K urban field recordings,urbansound8k_v1,105289-8-2-1.wav,https://creativecommons.org/licenses/by/4.0/
SS-ALM-0618,originals/alarm_or_siren/SS-ALM-0618.wav,Alarm or Siren,UrbanSound8K (urban sound slices),https://urbansounddataset.weebly.com/urbansound8k.html,CC-BY-4.0,"Justin Salamon, Duncan Jacoby, Juan Pablo Bello",2026-09-24,4.0,44100,2,field,,n/a,original,,,,5d26a29c0898f1dc326fc43adbbae44dc10284a01c755f560f0f618f969f90fe,,siren,us8k:105289-8-2-2.wav,2,corpus_metadata:UrbanSound8K urban field recordings,urbansound8k_v1,105289-8-2-2.wav,https://creativecommons.org/licenses/by/4.0/
SS-ALM-0619,originals/alarm_or_siren/SS-ALM-0619.wav,Alarm or Siren,UrbanSound8K (urban sound slices),https://urbansounddataset.weebly.com/urbansound8k.html,CC-BY-4.0,"Justin Salamon, Duncan Jacoby, Juan Pablo Bello",2026-09-24,4.0,44100,2,field,,n/a,original,,,,f288d609167c45abf4aa40e3e211df0dd4e9833ca1dbfa7c6cdf660f96633e40,,siren,us8k:105289-8-2-3.wav,2,corpus_metadata:UrbanSound8K urban field recordings,urbansound8k_v1,105289-8-2-3.wav,https://creativecommons.org/licenses/by/4.0/
SS-ALM-0620,originals/alarm_or_siren/SS-ALM-0620.wav,Alarm or Siren,UrbanSound8K (urban sound slices),https://urbansounddataset.weebly.com/urbansound8k.html,CC-BY-4.0,"Justin Salamon, Duncan Jacoby, Juan Pablo Bello",2026-09-24,4.0,44100,2,field,,n/a,original,,,,a102c4d7200f5017c4707ab26e30c5eb16cd0591b7964c309f050f162925c1a8,,siren,us8k:105289-8-2-4.wav,2,corpus_metadata:UrbanSound8K urban field recordings,urbansound8k_v1,105289-8-2-4.wav,https://creativecommons.org/licenses/by/4.0/
SS-ALM-0621,originals/alarm_or_siren/SS-ALM-0621.wav,Alarm or Siren,UrbanSound8K (urban sound slices),https://urbansounddataset.weebly.com/urbansound8k.html,CC-BY-4.0,"Justin Salamon, Duncan Jacoby, Juan Pablo Bello",2026-09-24,4.0,44100,2,field,,n/a,original,,,,98d53d98d212b7cc269147b5c95f8c0162a6a06f3fa3d0e2c1dbb9ae87890e1f,,siren,us8k:105289-8-2-5.wav,2,corpus_metadata:UrbanSound8K urban field recordings,urbansound8k_v1,105289-8-2-5.wav,https://creativecommons.org/licenses/by/4.0/
SS-ALM-0622,originals/alarm_or_siren/SS-ALM-0622.wav,Alarm or Siren,UrbanSound8K (urban sound slices),https://urbansounddataset.weebly.com/urbansound8k.html,CC-BY-4.0,"Justin Salamon, Duncan Jacoby, Juan Pablo Bello",2026-09-24,4.0,44100,2,field,,n/a,original,,,,450d52d9c32162e3028e2129107be6b897f160679d70f5c40991df350253da09,,siren,us8k:105289-8-2-6.wav,2,corpus_metadata:UrbanSound8K urban field recordings,urbansound8k_v1,105289-8-2-6.wav,https://creativecommons.org/licenses/by/4.0/
SS-ALM-0623,originals/alarm_or_siren/SS-ALM-0623.wav,Alarm or Siren,UrbanSound8K (urban sound slices),https://urbansounddataset.weebly.com/urbansound8k.html,CC-BY-4.0,"Justin Salamon, Duncan Jacoby, Juan Pablo Bello",2026-09-24,4.0,44100,2,field,,n/a,original,,,,79915ed2d1a08d53655ecd77dadc073a1a14099d6b3405d69df24eaae508895d,,siren,us8k:105289-8-2-7.wav,2,corpus_metadata:UrbanSound8K urban field recordings,urbansound8k_v1,105289-8-2-7.wav,https://creativecommons.org/licenses/by/4.0/
SS-ALM-0624,originals/alarm_or_siren/SS-ALM-0624.wav,Alarm or Siren,UrbanSound8K (urban sound slices),https://urbansounddataset.weebly.com/urbansound8k.html,CC-BY-4.0,"Justin Salamon, Duncan Jacoby, Juan Pablo Bello",2026-09-24,4.0,44100,2,field,,n/a,original,,,,5478119e1bf1470beef812bdd032f3df01c9270d644eb9020278d6238cd9e9f6,,siren,us8k:106905-8-0-0.wav,2,corpus_metadata:UrbanSound8K urban field recordings,urbansound8k_v1,106905-8-0-0.wav,https://creativecommons.org/licenses/by/4.0/
SS-ALM-0625,originals/alarm_or_siren/SS-ALM-0625.wav,Alarm or Siren,UrbanSound8K (urban sound slices),https://urbansounddataset.weebly.com/urbansound8k.html,CC-BY-4.0,"Justin Salamon, Duncan Jacoby, Juan Pablo Bello",2026-09-24,4.0,44100,2,field,,n/a,original,,,,cac019ef9d9b4b97eb64a19712713ab207cf3d4b00c5d00c4b86d0b18c6aba09,,siren,us8k:106905-8-0-1.wav,2,corpus_metadata:UrbanSound8K urban field recordings,urbansound8k_v1,106905-8-0-1.wav,https://creativecommons.org/licenses/by/4.0/
SS-ALM-0626,originals/alarm_or_siren/SS-ALM-0626.wav,Alarm or Siren,UrbanSound8K (urban sound slices),https://urbansounddataset.weebly.com/urbansound8k.html,CC-BY-4.0,"Justin Salamon, Duncan Jacoby, Juan Pablo Bello",2026-09-24,4.0,44100,2,field,,n/a,original,,,,ee4a04e7e9d640decdc735fbbf20a33e679eb0256e16fbe000d54a53c3f162bb,,siren,us8k:106905-8-0-2.wav,2,corpus_metadata:UrbanSound8K urban field recordings,urbansound8k_v1,106905-8-0-2.wav,https://creativecommons.org/licenses/by/4.0/
SS-ALM-0627,originals/alarm_or_siren/SS-ALM-0627.wav,Alarm or Siren,UrbanSound8K (urban sound slices),https://urbansounddataset.weebly.com/urbansound8k.html,CC-BY-4.0,"Justin Salamon, Duncan Jacoby, Juan Pablo Bello",2026-09-24,4.0,44100,2,field,,n/a,original,,,,37f59af5e70b3da8b0ec1d49634de55b7e9c8d0b2afa85eb17d1064587a1dd76,,siren,us8k:106905-8-0-3.wav,2,corpus_metadata:UrbanSound8K urban field recordings,urbansound8k_v1,106905-8-0-3.wav,https://creativecommons.org/licenses/by/4.0/
SS-ALM-0628,originals/alarm_or_siren/SS-ALM-0628.wav,Alarm or Siren,UrbanSound8K (urban sound slices),https://urbansounddataset.weebly.com/urbansound8k.html,CC-BY-4.0,"Justin Salamon, Duncan Jacoby, Juan Pablo Bello",2026-09-24,4.0,44100,2,field,,n/a,original,,,,b9d5d3da561e7ad3bd8b46c0371a55b4683528fc1ceb66ab1aa2cf228ef87c58,,siren,us8k:107357-8-0-0.wav,2,corpus_metadata:UrbanSound8K urban field recordings,urbansound8k_v1,107357-8-0-0.wav,https://creativecommons.org/licenses/by/4.0/
SS-ALM-0629,originals/alarm_or_siren/SS-ALM-0629.wav,Alarm or Siren,UrbanSound8K (urban sound slices),https://urbansounddataset.weebly.com/urbansound8k.html,CC-BY-4.0,"Justin Salamon, Duncan Jacoby, Juan Pablo Bello",2026-09-24,4.0,44100,2,field,,n/a,original,,,,f63a30ef39d0b12db34d80ef33541fc5647236f742c3c78104c3a8f4ac6a7ebd,,siren,us8k:107357-8-0-1.wav,2,corpus_metadata:UrbanSound8K urban field recordings,urbansound8k_v1,107357-8-0-1.wav,https://creativecommons.org/licenses/by/4.0/
SS-ALM-0630,originals/alarm_or_siren/SS-ALM-0630.wav,Alarm or Siren,UrbanSound8K (urban sound slices),https://urbansounddataset.weebly.com/urbansound8k.html,CC-BY-4.0,"Justin Salamon, Duncan Jacoby, Juan Pablo Bello",2026-09-24,4.0,44100,2,field,,n/a,original,,,,042011d9e6e6efb82abe51fe6a6007cc6d22827b45eccd06707441e7e540a982,,siren,us8k:107357-8-0-2.wav,2,corpus_metadata:UrbanSound8K urban field recordings,urbansound8k_v1,107357-8-0-2.wav,https://creativecommons.org/licenses/by/4.0/
SS-ALM-0631,originals/alarm_or_siren/SS-ALM-0631.wav,Alarm or Siren,UrbanSound8K (urban sound slices),https://urbansounddataset.weebly.com/urbansound8k.html,CC-BY-4.0,"Justin Salamon, Duncan Jacoby, Juan Pablo Bello",2026-09-24,4.0,44100,2,field,,n/a,original,,,,c402df93890695bdc493fb76ffa2c68a50c99c698c13dd4df07d6ff2db3ee56a,,siren,us8k:107357-8-0-3.wav,2,corpus_metadata:UrbanSound8K urban field recordings,urbansound8k_v1,107357-8-0-3.wav,https://creativecommons.org/licenses/by/4.0/
SS-ALM-0632,originals/alarm_or_siren/SS-ALM-0632.wav,Alarm or Siren,UrbanSound8K (urban sound slices),https://urbansounddataset.weebly.com/urbansound8k.html,CC-BY-4.0,"Justin Salamon, Duncan Jacoby, Juan Pablo Bello",2026-09-24,4.0,44100,2,field,,n/a,original,,,,a1e880f374f581cccf7f4061767ad328b5405529a4c3369fd4c6fd72edb2fbaa,,siren,us8k:107357-8-0-4.wav,2,corpus_metadata:UrbanSound8K urban field recordings,urbansound8k_v1,107357-8-0-4.wav,https://creativecommons.org/licenses/by/4.0/
SS-ALM-0633,originals/alarm_or_siren/SS-ALM-0633.wav,Alarm or Siren,UrbanSound8K (urban sound slices),https://urbansounddataset.weebly.com/urbansound8k.html,CC-BY-4.0,"Justin Salamon, Duncan Jacoby, Juan Pablo Bello",2026-09-24,4.0,44100,2,field,,n/a,original,,,,08e17de45df417fedcd6f5bc5281675e5b6a166e4cb051ece77352019dc05437,,siren,us8k:107357-8-0-5.wav,2,corpus_metadata:UrbanSound8K urban field recordings,urbansound8k_v1,107357-8-0-5.wav,https://creativecommons.org/licenses/by/4.0/
SS-ALM-0634,originals/alarm_or_siren/SS-ALM-0634.wav,Alarm or Siren,UrbanSound8K (urban sound slices),https://urbansounddataset.weebly.com/urbansound8k.html,CC-BY-4.0,"Justin Salamon, Duncan Jacoby, Juan Pablo Bello",2026-09-24,4.0,44100,2,field,,n/a,original,,,,2e7cba55bad9dbcaf793b5856e47fb20cfd5520541c61cdfa5a393d4fb23a12d,,siren,us8k:107357-8-0-6.wav,2,corpus_metadata:UrbanSound8K urban field recordings,urbansound8k_v1,107357-8-0-6.wav,https://creativecommons.org/licenses/by/4.0/
SS-ALM-0635,originals/alarm_or_siren/SS-ALM-0635.wav,Alarm or Siren,UrbanSound8K (urban sound slices),https://urbansounddataset.weebly.com/urbansound8k.html,CC-BY-4.0,"Justin Salamon, Duncan Jacoby, Juan Pablo Bello",2026-09-24,4.0,44100,2,field,,n/a,original,,,,a137be171f3c4ebd3ae2399bfb343c16b338a1531ff8f01c31e96b37eac30e07,,siren,us8k:107357-8-0-7.wav,2,corpus_metadata:UrbanSound8K urban field recordings,urbansound8k_v1,107357-8-0-7.wav,https://creativecommons.org/licenses/by/4.0/
SS-ALM-0636,originals/alarm_or_siren/SS-ALM-0636.wav,Alarm or Siren,UrbanSound8K (urban sound slices),https://urbansounddataset.weebly.com/urbansound8k.html,CC-BY-4.0,"Justin Salamon, Duncan Jacoby, Juan Pablo Bello",2026-09-24,4.0,44100,2,field,,n/a,original,,,,f34c1981a1220cd07f3d01b87187cbb076b3e993da2cbc9f765d504e5c93415f,,siren,us8k:107357-8-0-8.wav,2,corpus_metadata:UrbanSound8K urban field recordings,urbansound8k_v1,107357-8-0-8.wav,https://creativecommons.org/licenses/by/4.0/
SS-ALM-0637,originals/alarm_or_siren/SS-ALM-0637.wav,Alarm or Siren,UrbanSound8K (urban sound slices),https://urbansounddataset.weebly.com/urbansound8k.html,CC-BY-4.0,"Justin Salamon, Duncan Jacoby, Juan Pablo Bello",2026-09-24,4.0,44100,2,field,,n/a,original,,,,eb172eda40f47961902189e35e7da1d2bbd9b699697400ea6bc5158a0cff3bf6,,siren,us8k:107357-8-1-0.wav,2,corpus_metadata:UrbanSound8K urban field recordings,urbansound8k_v1,107357-8-1-0.wav,https://creativecommons.org/licenses/by/4.0/
SS-ALM-0638,originals/alarm_or_siren/SS-ALM-0638.wav,Alarm or Siren,UrbanSound8K (urban sound slices),https://urbansounddataset.weebly.com/urbansound8k.html,CC-BY-4.0,"Justin Salamon, Duncan Jacoby, Juan Pablo Bello",2026-09-24,4.0,44100,2,field,,n/a,original,,,,a48f4e763ea59defaa91a467cc0ccb68cfacaa1dd93a8199756f2a6ea50ebaab,,siren,us8k:107357-8-1-1.wav,2,corpus_metadata:UrbanSound8K urban field recordings,urbansound8k_v1,107357-8-1-1.wav,https://creativecommons.org/licenses/by/4.0/
SS-ALM-0639,originals/alarm_or_siren/SS-ALM-0639.wav,Alarm or Siren,UrbanSound8K (urban sound slices),https://urbansounddataset.weebly.com/urbansound8k.html,CC-BY-4.0,"Justin Salamon, Duncan Jacoby, Juan Pablo Bello",2026-09-24,4.0,44100,2,field,,n/a,original,,,,ec5ab36bd6a0ae55f979fd8ad4d840e625da049f8a7f7c2d024dc4fbf02e50eb,,siren,us8k:107357-8-1-10.wav,2,corpus_metadata:UrbanSound8K urban field recordings,urbansound8k_v1,107357-8-1-10.wav,https://creativecommons.org/licenses/by/4.0/
SS-ALM-0640,originals/alarm_or_siren/SS-ALM-0640.wav,Alarm or Siren,UrbanSound8K (urban sound slices),https://urbansounddataset.weebly.com/urbansound8k.html,CC-BY-4.0,"Justin Salamon, Duncan Jacoby, Juan Pablo Bello",2026-09-24,4.0,44100,2,field,,n/a,original,,,,a1c876a756c83bd21b56668f489e414807413b72fdb4e0a2c0a7668583ec6fff,,siren,us8k:107357-8-1-11.wav,2,corpus_metadata:UrbanSound8K urban field recordings,urbansound8k_v1,107357-8-1-11.wav,https://creativecommons.org/licenses/by/4.0/
SS-ALM-0641,originals/alarm_or_siren/SS-ALM-0641.wav,Alarm or Siren,UrbanSound8K (urban sound slices),https://urbansounddataset.weebly.com/urbansound8k.html,CC-BY-4.0,"Justin Salamon, Duncan Jacoby, Juan Pablo Bello",2026-09-24,4.0,44100,2,field,,n/a,original,,,,4e9c40804ac02dbe60669f952a044edcdd21a6dbfe1360c5c9528382aac2bf51,,siren,us8k:107357-8-1-12.wav,2,corpus_metadata:UrbanSound8K urban field recordings,urbansound8k_v1,107357-8-1-12.wav,https://creativecommons.org/licenses/by/4.0/
SS-ALM-0642,originals/alarm_or_siren/SS-ALM-0642.wav,Alarm or Siren,UrbanSound8K (urban sound slices),https://urbansounddataset.weebly.com/urbansound8k.html,CC-BY-4.0,"Justin Salamon, Duncan Jacoby, Juan Pablo Bello",2026-09-24,4.0,44100,2,field,,n/a,original,,,,9bf0e385ecdb5d7daf1866be4a1f26301053eaf049dc0406fab9af5b50dfc6b4,,siren,us8k:107357-8-1-13.wav,2,corpus_metadata:UrbanSound8K urban field recordings,urbansound8k_v1,107357-8-1-13.wav,https://creativecommons.org/licenses/by/4.0/
SS-ALM-0643,originals/alarm_or_siren/SS-ALM-0643.wav,Alarm or Siren,UrbanSound8K (urban sound slices),https://urbansounddataset.weebly.com/urbansound8k.html,CC-BY-4.0,"Justin Salamon, Duncan Jacoby, Juan Pablo Bello",2026-09-24,4.0,44100,2,field,,n/a,original,,,,96426dd5810a3812983cc984b5f9cf50b48968bb6111c4c0f1c116a4c5329965,,siren,us8k:107357-8-1-14.wav,2,corpus_metadata:UrbanSound8K urban field recordings,urbansound8k_v1,107357-8-1-14.wav,https://creativecommons.org/licenses/by/4.0/
SS-ALM-0644,originals/alarm_or_siren/SS-ALM-0644.wav,Alarm or Siren,UrbanSound8K (urban sound slices),https://urbansounddataset.weebly.com/urbansound8k.html,CC-BY-4.0,"Justin Salamon, Duncan Jacoby, Juan Pablo Bello",2026-09-24,4.0,44100,2,field,,n/a,original,,,,0f04f875bd8d331f7125494bf70afbf06b0610634c96e4d4beabc8a05c64b653,,siren,us8k:107357-8-1-15.wav,2,corpus_metadata:UrbanSound8K urban field recordings,urbansound8k_v1,107357-8-1-15.wav,https://creativecommons.org/licenses/by/4.0/
SS-ALM-0645,originals/alarm_or_siren/SS-ALM-0645.wav,Alarm or Siren,UrbanSound8K (urban sound slices),https://urbansounddataset.weebly.com/urbansound8k.html,CC-BY-4.0,"Justin Salamon, Duncan Jacoby, Juan Pablo Bello",2026-09-24,4.0,44100,2,field,,n/a,original,,,,98d2bb56c943294ee045872490542faf5f8f24f3ad0d6cfc6eb10cc465418009,,siren,us8k:107357-8-1-16.wav,2,corpus_metadata:UrbanSound8K urban field recordings,urbansound8k_v1,107357-8-1-16.wav,https://creativecommons.org/licenses/by/4.0/
SS-ALM-0646,originals/alarm_or_siren/SS-ALM-0646.wav,Alarm or Siren,UrbanSound8K (urban sound slices),https://urbansounddataset.weebly.com/urbansound8k.html,CC-BY-4.0,"Justin Salamon, Duncan Jacoby, Juan Pablo Bello",2026-09-24,4.0,44100,2,field,,n/a,original,,,,8c31cbff915416dc36cd29e50065dd624f10f331c3983fe922ac92c273803d6f,,siren,us8k:107357-8-1-17.wav,2,corpus_metadata:UrbanSound8K urban field recordings,urbansound8k_v1,107357-8-1-17.wav,https://creativecommons.org/licenses/by/4.0/
SS-ALM-0647,originals/alarm_or_siren/SS-ALM-0647.wav,Alarm or Siren,UrbanSound8K (urban sound slices),https://urbansounddataset.weebly.com/urbansound8k.html,CC-BY-4.0,"Justin Salamon, Duncan Jacoby, Juan Pablo Bello",2026-09-24,4.0,44100,2,field,,n/a,original,,,,ffe8f58b3b41cc2b3847cda2631c4a34b0f0f9ef3db8d963f82d37f95d573c6e,,siren,us8k:107357-8-1-18.wav,2,corpus_metadata:UrbanSound8K urban field recordings,urbansound8k_v1,107357-8-1-18.wav,https://creativecommons.org/licenses/by/4.0/
SS-ALM-0648,originals/alarm_or_siren/SS-ALM-0648.wav,Alarm or Siren,UrbanSound8K (urban sound slices),https://urbansounddataset.weebly.com/urbansound8k.html,CC-BY-4.0,"Justin Salamon, Duncan Jacoby, Juan Pablo Bello",2026-09-24,4.0,44100,2,field,,n/a,original,,,,5bb1e3513a1b28f999b43e1840c79d5bcc52d83e7915fc48063466a0bc7a0e17,,siren,us8k:107357-8-1-2.wav,2,corpus_metadata:UrbanSound8K urban field recordings,urbansound8k_v1,107357-8-1-2.wav,https://creativecommons.org/licenses/by/4.0/
SS-ALM-0649,originals/alarm_or_siren/SS-ALM-0649.wav,Alarm or Siren,UrbanSound8K (urban sound slices),https://urbansounddataset.weebly.com/urbansound8k.html,CC-BY-4.0,"Justin Salamon, Duncan Jacoby, Juan Pablo Bello",2026-09-24,4.0,44100,2,field,,n/a,original,,,,2a2da604d7070793d4be28ec7f0c4c3be72ce168b429d1c7e7bff358ef20444f,,siren,us8k:107357-8-1-3.wav,2,corpus_metadata:UrbanSound8K urban field recordings,urbansound8k_v1,107357-8-1-3.wav,https://creativecommons.org/licenses/by/4.0/
SS-ALM-0650,originals/alarm_or_siren/SS-ALM-0650.wav,Alarm or Siren,UrbanSound8K (urban sound slices),https://urbansounddataset.weebly.com/urbansound8k.html,CC-BY-4.0,"Justin Salamon, Duncan Jacoby, Juan Pablo Bello",2026-09-24,4.0,44100,2,field,,n/a,original,,,,7bec4009d87bb99c0f2cdb947c5e2f3dbb32e90e9459916855b7298cab59be99,,siren,us8k:107357-8-1-4.wav,2,corpus_metadata:UrbanSound8K urban field recordings,urbansound8k_v1,107357-8-1-4.wav,https://creativecommons.org/licenses/by/4.0/
SS-ALM-0651,originals/alarm_or_siren/SS-ALM-0651.wav,Alarm or Siren,UrbanSound8K (urban sound slices),https://urbansounddataset.weebly.com/urbansound8k.html,CC-BY-4.0,"Justin Salamon, Duncan Jacoby, Juan Pablo Bello",2026-09-24,4.0,44100,2,field,,n/a,original,,,,428f0ace98084a3681e260f3aed276f1e8374702ba9fd580104040c91a7f54a6,,siren,us8k:107357-8-1-5.wav,2,corpus_metadata:UrbanSound8K urban field recordings,urbansound8k_v1,107357-8-1-5.wav,https://creativecommons.org/licenses/by/4.0/
SS-ALM-0652,originals/alarm_or_siren/SS-ALM-0652.wav,Alarm or Siren,UrbanSound8K (urban sound slices),https://urbansounddataset.weebly.com/urbansound8k.html,CC-BY-4.0,"Justin Salamon, Duncan Jacoby, Juan Pablo Bello",2026-09-24,4.0,44100,2,field,,n/a,original,,,,26f3ec9bb16b890b12de0ec93232f128bbfcfe578a3a65844fa194e7e912c54d,,siren,us8k:107357-8-1-6.wav,2,corpus_metadata:UrbanSound8K urban field recordings,urbansound8k_v1,107357-8-1-6.wav,https://creativecommons.org/licenses/by/4.0/
SS-ALM-0653,originals/alarm_or_siren/SS-ALM-0653.wav,Alarm or Siren,UrbanSound8K (urban sound slices),https://urbansounddataset.weebly.com/urbansound8k.html,CC-BY-4.0,"Justin Salamon, Duncan Jacoby, Juan Pablo Bello",2026-09-24,4.0,44100,2,field,,n/a,original,,,,5e4d73771c32d8c68499d3b882018067ebafa5d6c47a7fd28ddff088bc5ccf18,,siren,us8k:107357-8-1-7.wav,2,corpus_metadata:UrbanSound8K urban field recordings,urbansound8k_v1,107357-8-1-7.wav,https://creativecommons.org/licenses/by/4.0/
SS-ALM-0654,originals/alarm_or_siren/SS-ALM-0654.wav,Alarm or Siren,UrbanSound8K (urban sound slices),https://urbansounddataset.weebly.com/urbansound8k.html,CC-BY-4.0,"Justin Salamon, Duncan Jacoby, Juan Pablo Bello",2026-09-24,4.0,44100,2,field,,n/a,original,,,,cc2ae258d16626e622b9e52141b6367973d03f371b01aa01459258a3bfb5df58,,siren,us8k:107357-8-1-8.wav,2,corpus_metadata:UrbanSound8K urban field recordings,urbansound8k_v1,107357-8-1-8.wav,https://creativecommons.org/licenses/by/4.0/
SS-ALM-0655,originals/alarm_or_siren/SS-ALM-0655.wav,Alarm or Siren,UrbanSound8K (urban sound slices),https://urbansounddataset.weebly.com/urbansound8k.html,CC-BY-4.0,"Justin Salamon, Duncan Jacoby, Juan Pablo Bello",2026-09-24,4.0,44100,2,field,,n/a,original,,,,7f59f88ba43f0c1506da3b815b32f51748d4505771d546a3ea51649346d59fae,,siren,us8k:107357-8-1-9.wav,2,corpus_metadata:UrbanSound8K urban field recordings,urbansound8k_v1,107357-8-1-9.wav,https://creativecommons.org/licenses/by/4.0/
SS-ALM-0656,originals/alarm_or_siren/SS-ALM-0656.wav,Alarm or Siren,UrbanSound8K (urban sound slices),https://urbansounddataset.weebly.com/urbansound8k.html,CC-BY-4.0,"Justin Salamon, Duncan Jacoby, Juan Pablo Bello",2026-09-24,4.0,48000,2,field,,n/a,original,,,,572933041b23adf740c838fc0ed70b6ea150098638a7a25f6f67779a2b1ded45,,siren,us8k:111671-8-0-0.wav,1,corpus_metadata:UrbanSound8K urban field recordings,urbansound8k_v1,111671-8-0-0.wav,https://creativecommons.org/licenses/by/4.0/
SS-ALM-0657,originals/alarm_or_siren/SS-ALM-0657.wav,Alarm or Siren,UrbanSound8K (urban sound slices),https://urbansounddataset.weebly.com/urbansound8k.html,CC-BY-4.0,"Justin Salamon, Duncan Jacoby, Juan Pablo Bello",2026-09-24,4.0,48000,2,field,,n/a,original,,,,78b9592afe1fe2cb96cc70a916454ad2a7556c98cac5cf75a171baa696a9f09f,,siren,us8k:111671-8-0-1.wav,1,corpus_metadata:UrbanSound8K urban field recordings,urbansound8k_v1,111671-8-0-1.wav,https://creativecommons.org/licenses/by/4.0/
SS-ALM-0658,originals/alarm_or_siren/SS-ALM-0658.wav,Alarm or Siren,UrbanSound8K (urban sound slices),https://urbansounddataset.weebly.com/urbansound8k.html,CC-BY-4.0,"Justin Salamon, Duncan Jacoby, Juan Pablo Bello",2026-09-24,4.0,48000,2,field,,n/a,original,,,,a33ca9c2b42eac2eee00236e2c45b373821e25f95826b728f4cdd976e842e791,,siren,us8k:111671-8-0-10.wav,1,corpus_metadata:UrbanSound8K urban field recordings,urbansound8k_v1,111671-8-0-10.wav,https://creativecommons.org/licenses/by/4.0/
SS-ALM-0659,originals/alarm_or_siren/SS-ALM-0659.wav,Alarm or Siren,UrbanSound8K (urban sound slices),https://urbansounddataset.weebly.com/urbansound8k.html,CC-BY-4.0,"Justin Salamon, Duncan Jacoby, Juan Pablo Bello",2026-09-24,4.0,48000,2,field,,n/a,original,,,,c760dc150bfb8d77cc098b5a43f7d34059da642127d5a5365c2a3615519aa8c5,,siren,us8k:111671-8-0-11.wav,1,corpus_metadata:UrbanSound8K urban field recordings,urbansound8k_v1,111671-8-0-11.wav,https://creativecommons.org/licenses/by/4.0/
SS-ALM-0660,originals/alarm_or_siren/SS-ALM-0660.wav,Alarm or Siren,UrbanSound8K (urban sound slices),https://urbansounddataset.weebly.com/urbansound8k.html,CC-BY-4.0,"Justin Salamon, Duncan Jacoby, Juan Pablo Bello",2026-09-24,4.0,48000,2,field,,n/a,original,,,,7472d43b8a92138bf47f7f2b07c81cb509f20ce2ccab6264f4c40de6271e2e12,,siren,us8k:111671-8-0-12.wav,1,corpus_metadata:UrbanSound8K urban field recordings,urbansound8k_v1,111671-8-0-12.wav,https://creativecommons.org/licenses/by/4.0/
SS-ALM-0661,originals/alarm_or_siren/SS-ALM-0661.wav,Alarm or Siren,UrbanSound8K (urban sound slices),https://urbansounddataset.weebly.com/urbansound8k.html,CC-BY-4.0,"Justin Salamon, Duncan Jacoby, Juan Pablo Bello",2026-09-24,4.0,48000,2,field,,n/a,original,,,,4edf363b59d1f83758217faa6dca60480df7e4e8a7f4dd7dc342fc4715d5b982,,siren,us8k:111671-8-0-13.wav,1,corpus_metadata:UrbanSound8K urban field recordings,urbansound8k_v1,111671-8-0-13.wav,https://creativecommons.org/licenses/by/4.0/
SS-ALM-0662,originals/alarm_or_siren/SS-ALM-0662.wav,Alarm or Siren,UrbanSound8K (urban sound slices),https://urbansounddataset.weebly.com/urbansound8k.html,CC-BY-4.0,"Justin Salamon, Duncan Jacoby, Juan Pablo Bello",2026-09-24,4.0,48000,2,field,,n/a,original,,,,b5717918ede50178f1fdd62218cc94825a87487c4e151d48b578de8c702f0a4b,,siren,us8k:111671-8-0-14.wav,1,corpus_metadata:UrbanSound8K urban field recordings,urbansound8k_v1,111671-8-0-14.wav,https://creativecommons.org/licenses/by/4.0/
SS-ALM-0663,originals/alarm_or_siren/SS-ALM-0663.wav,Alarm or Siren,UrbanSound8K (urban sound slices),https://urbansounddataset.weebly.com/urbansound8k.html,CC-BY-4.0,"Justin Salamon, Duncan Jacoby, Juan Pablo Bello",2026-09-24,4.0,48000,2,field,,n/a,original,,,,d2126f4448ce0ba2017d446a50877a95b338ef36a7c66ceaf4252fda92cd4e2f,,siren,us8k:111671-8-0-15.wav,1,corpus_metadata:UrbanSound8K urban field recordings,urbansound8k_v1,111671-8-0-15.wav,https://creativecommons.org/licenses/by/4.0/
SS-ALM-0664,originals/alarm_or_siren/SS-ALM-0664.wav,Alarm or Siren,UrbanSound8K (urban sound slices),https://urbansounddataset.weebly.com/urbansound8k.html,CC-BY-4.0,"Justin Salamon, Duncan Jacoby, Juan Pablo Bello",2026-09-24,4.0,48000,2,field,,n/a,original,,,,672409355068ab6c07c2ef8927d3e099e8d22523369e9f19694d717d73b8eb21,,siren,us8k:111671-8-0-16.wav,1,corpus_metadata:UrbanSound8K urban field recordings,urbansound8k_v1,111671-8-0-16.wav,https://creativecommons.org/licenses/by/4.0/
SS-ALM-0665,originals/alarm_or_siren/SS-ALM-0665.wav,Alarm or Siren,UrbanSound8K (urban sound slices),https://urbansounddataset.weebly.com/urbansound8k.html,CC-BY-4.0,"Justin Salamon, Duncan Jacoby, Juan Pablo Bello",2026-09-24,4.0,48000,2,field,,n/a,original,,,,b23c1a23123fd8edd8b7e3e68a68e1ebfbc01036e0d247cbf1b4f01f32d5da2d,,siren,us8k:111671-8-0-17.wav,1,corpus_metadata:UrbanSound8K urban field recordings,urbansound8k_v1,111671-8-0-17.wav,https://creativecommons.org/licenses/by/4.0/
SS-ALM-0666,originals/alarm_or_siren/SS-ALM-0666.wav,Alarm or Siren,UrbanSound8K (urban sound slices),https://urbansounddataset.weebly.com/urbansound8k.html,CC-BY-4.0,"Justin Salamon, Duncan Jacoby, Juan Pablo Bello",2026-09-24,4.0,48000,2,field,,n/a,original,,,,2f6f44d79ca106616e883649bc19ec985e81f5af58559d3bfec807c1e73af2a5,,siren,us8k:111671-8-0-18.wav,1,corpus_metadata:UrbanSound8K urban field recordings,urbansound8k_v1,111671-8-0-18.wav,https://creativecommons.org/licenses/by/4.0/
SS-ALM-0667,originals/alarm_or_siren/SS-ALM-0667.wav,Alarm or Siren,UrbanSound8K (urban sound slices),https://urbansounddataset.weebly.com/urbansound8k.html,CC-BY-4.0,"Justin Salamon, Duncan Jacoby, Juan Pablo Bello",2026-09-24,4.0,48000,2,field,,n/a,original,,,,08e6e020d7b10cd1b82a40ea4d6d7564a45a8ce3ceca35896a03045c8be5352b,,siren,us8k:111671-8-0-19.wav,1,corpus_metadata:UrbanSound8K urban field recordings,urbansound8k_v1,111671-8-0-19.wav,https://creativecommons.org/licenses/by/4.0/
SS-ALM-0668,originals/alarm_or_siren/SS-ALM-0668.wav,Alarm or Siren,UrbanSound8K (urban sound slices),https://urbansounddataset.weebly.com/urbansound8k.html,CC-BY-4.0,"Justin Salamon, Duncan Jacoby, Juan Pablo Bello",2026-09-24,4.0,48000,2,field,,n/a,original,,,,5a5b7cb08879c0d94fff2ba4f55d0253c50e617efb1c93ee6bb6d0622efbc5e4,,siren,us8k:111671-8-0-2.wav,1,corpus_metadata:UrbanSound8K urban field recordings,urbansound8k_v1,111671-8-0-2.wav,https://creativecommons.org/licenses/by/4.0/
SS-ALM-0669,originals/alarm_or_siren/SS-ALM-0669.wav,Alarm or Siren,UrbanSound8K (urban sound slices),https://urbansounddataset.weebly.com/urbansound8k.html,CC-BY-4.0,"Justin Salamon, Duncan Jacoby, Juan Pablo Bello",2026-09-24,4.0,48000,2,field,,n/a,original,,,,ef611b0309f7024f7c5194c5c4370745958c16434569b34e2e10d60a9c99a121,,siren,us8k:111671-8-0-20.wav,1,corpus_metadata:UrbanSound8K urban field recordings,urbansound8k_v1,111671-8-0-20.wav,https://creativecommons.org/licenses/by/4.0/
SS-ALM-0670,originals/alarm_or_siren/SS-ALM-0670.wav,Alarm or Siren,UrbanSound8K (urban sound slices),https://urbansounddataset.weebly.com/urbansound8k.html,CC-BY-4.0,"Justin Salamon, Duncan Jacoby, Juan Pablo Bello",2026-09-24,4.0,48000,2,field,,n/a,original,,,,6144c9d51f725c55efe4f217088633af3bb51bf646253a608f94893bbecb20e2,,siren,us8k:111671-8-0-21.wav,1,corpus_metadata:UrbanSound8K urban field recordings,urbansound8k_v1,111671-8-0-21.wav,https://creativecommons.org/licenses/by/4.0/
SS-ANI-0501,originals/animal_sound/SS-ANI-0501.wav,Animal Sound,ESC-50 (Environmental Sound Classification),https://github.com/karolpiczak/ESC-50,CC-BY-4.0,Karol J. Piczak,2026-09-24,5.0,44100,1,field,,n/a,original,,,,f40a849a2375c8c63312a73dd2dd6c74007301fcc21b4be2ece29a642831e3d8,,dog,esc50:1-100032-A-0.wav,,corpus_metadata:ESC-50 field recordings (Freesound clips),esc50_v1,1-100032-A-0.wav,https://github.com/karolpiczak/ESC-50/blob/master/LICENSE
SS-ANI-0502,originals/animal_sound/SS-ANI-0502.wav,Animal Sound,ESC-50 (Environmental Sound Classification),https://github.com/karolpiczak/ESC-50,CC-BY-4.0,Karol J. Piczak,2026-09-24,5.0,44100,1,field,,n/a,original,,,,2faa39d8e59e8f292dfbdbe72bd8a00294f9535714b3c19b39904c2c17e14675,,chirping_birds,esc50:1-100038-A-14.wav,,corpus_metadata:ESC-50 field recordings (Freesound clips),esc50_v1,1-100038-A-14.wav,https://github.com/karolpiczak/ESC-50/blob/master/LICENSE
SS-ANI-0503,originals/animal_sound/SS-ANI-0503.wav,Animal Sound,ESC-50 (Environmental Sound Classification),https://github.com/karolpiczak/ESC-50,CC-BY-4.0,Karol J. Piczak,2026-09-24,5.0,44100,1,field,,n/a,original,,,,e75bd5e27e7d68b15bf17bc348d8cf4ab338e9089dc1a1564f2c434ce22db27c,,crow,esc50:1-103298-A-9.wav,,corpus_metadata:ESC-50 field recordings (Freesound clips),esc50_v1,1-103298-A-9.wav,https://github.com/karolpiczak/ESC-50/blob/master/LICENSE
SS-ANI-0504,originals/animal_sound/SS-ANI-0504.wav,Animal Sound,ESC-50 (Environmental Sound Classification),https://github.com/karolpiczak/ESC-50,CC-BY-4.0,Karol J. Piczak,2026-09-24,5.0,44100,1,field,,n/a,original,,,,4a18f3f834eb184b9f02595ac74c7de37ef8048a3da92f58f27018fec580b36a,,dog,esc50:1-110389-A-0.wav,,corpus_metadata:ESC-50 field recordings (Freesound clips),esc50_v1,1-110389-A-0.wav,https://github.com/karolpiczak/ESC-50/blob/master/LICENSE
SS-ANI-0505,originals/animal_sound/SS-ANI-0505.wav,Animal Sound,ESC-50 (Environmental Sound Classification),https://github.com/karolpiczak/ESC-50,CC-BY-4.0,Karol J. Piczak,2026-09-24,5.0,44100,1,field,,n/a,original,,,,03ed7b103e873f07713de2d9a17fd298eb19c204eaf54a9bfa955423c95a1a14,,sheep,esc50:1-121951-A-8.wav,,corpus_metadata:ESC-50 field recordings (Freesound clips),esc50_v1,1-121951-A-8.wav,https://github.com/karolpiczak/ESC-50/blob/master/LICENSE
SS-ANI-0506,originals/animal_sound/SS-ANI-0506.wav,Animal Sound,ESC-50 (Environmental Sound Classification),https://github.com/karolpiczak/ESC-50,CC-BY-4.0,Karol J. Piczak,2026-09-24,5.0,44100,1,field,,n/a,original,,,,bdb124b7004b02ab8299f7d7389d15b5eb53e12002cff379d49dcdec4d8b1372,,frog,esc50:1-15689-A-4.wav,,corpus_metadata:ESC-50 field recordings (Freesound clips),esc50_v1,1-15689-A-4.wav,https://github.com/karolpiczak/ESC-50/blob/master/LICENSE
SS-ANI-0507,originals/animal_sound/SS-ANI-0507.wav,Animal Sound,ESC-50 (Environmental Sound Classification),https://github.com/karolpiczak/ESC-50,CC-BY-4.0,Karol J. Piczak,2026-09-24,5.0,44100,1,field,,n/a,original,,,,db7a1d190931f1101d533661852e3cdebaa2b89c4b743385b201391be7de003d,,frog,esc50:1-15689-B-4.wav,,corpus_metadata:ESC-50 field recordings (Freesound clips),esc50_v1,1-15689-B-4.wav,https://github.com/karolpiczak/ESC-50/blob/master/LICENSE
SS-ANI-0508,originals/animal_sound/SS-ANI-0508.wav,Animal Sound,ESC-50 (Environmental Sound Classification),https://github.com/karolpiczak/ESC-50,CC-BY-4.0,Karol J. Piczak,2026-09-24,5.0,44100,1,field,,n/a,original,,,,5fe40ae706ec97d016fd1d74407cde66bbfa033ffa4ebc26546c0dac341ffc8f,,cow,esc50:1-16568-A-3.wav,,corpus_metadata:ESC-50 field recordings (Freesound clips),esc50_v1,1-16568-A-3.wav,https://github.com/karolpiczak/ESC-50/blob/master/LICENSE
SS-ANI-0509,originals/animal_sound/SS-ANI-0509.wav,Animal Sound,ESC-50 (Environmental Sound Classification),https://github.com/karolpiczak/ESC-50,CC-BY-4.0,Karol J. Piczak,2026-09-24,5.0,44100,1,field,,n/a,original,,,,beb564e150ce6aab27740bb44445cc710695979362b43edea09c90552723b9ce,,insects,esc50:1-17585-A-7.wav,,corpus_metadata:ESC-50 field recordings (Freesound clips),esc50_v1,1-17585-A-7.wav,https://github.com/karolpiczak/ESC-50/blob/master/LICENSE
SS-ANI-0510,originals/animal_sound/SS-ANI-0510.wav,Animal Sound,ESC-50 (Environmental Sound Classification),https://github.com/karolpiczak/ESC-50,CC-BY-4.0,Karol J. Piczak,2026-09-24,5.0,44100,1,field,,n/a,original,,,,3ef1243cfebc5a6d45e8395c505349a1b3cfd5d97ad48ed4dcc68d3b0240e296,,frog,esc50:1-17970-A-4.wav,,corpus_metadata:ESC-50 field recordings (Freesound clips),esc50_v1,1-17970-A-4.wav,https://github.com/karolpiczak/ESC-50/blob/master/LICENSE
SS-ANI-0511,originals/animal_sound/SS-ANI-0511.wav,Animal Sound,ESC-50 (Environmental Sound Classification),https://github.com/karolpiczak/ESC-50,CC-BY-4.0,Karol J. Piczak,2026-09-24,5.0,44100,1,field,,n/a,original,,,,26c99da1d62a3e93371e13ff1b5e29003e40e2bfdc9334f46672c1de232be243,,hen,esc50:1-18074-A-6.wav,,corpus_metadata:ESC-50 field recordings (Freesound clips),esc50_v1,1-18074-A-6.wav,https://github.com/karolpiczak/ESC-50/blob/master/LICENSE
SS-ANI-0512,originals/animal_sound/SS-ANI-0512.wav,Animal Sound,ESC-50 (Environmental Sound Classification),https://github.com/karolpiczak/ESC-50,CC-BY-4.0,Karol J. Piczak,2026-09-24,5.0,44100,1,field,,n/a,original,,,,68c54aaccb36a91281ca689aaa8d4d888e7a53c571f4c00995a9f69b5ba1d333,,hen,esc50:1-18074-B-6.wav,,corpus_metadata:ESC-50 field recordings (Freesound clips),esc50_v1,1-18074-B-6.wav,https://github.com/karolpiczak/ESC-50/blob/master/LICENSE
SS-ANI-0513,originals/animal_sound/SS-ANI-0513.wav,Animal Sound,ESC-50 (Environmental Sound Classification),https://github.com/karolpiczak/ESC-50,CC-BY-4.0,Karol J. Piczak,2026-09-24,5.0,44100,1,field,,n/a,original,,,,7fc23f0179e6ab9f9cd851e49c305e773ab5bbc944490b6b67eed30346635598,,frog,esc50:1-18755-A-4.wav,,corpus_metadata:ESC-50 field recordings (Freesound clips),esc50_v1,1-18755-A-4.wav,https://github.com/karolpiczak/ESC-50/blob/master/LICENSE
SS-ANI-0514,originals/animal_sound/SS-ANI-0514.wav,Animal Sound,ESC-50 (Environmental Sound Classification),https://github.com/karolpiczak/ESC-50,CC-BY-4.0,Karol J. Piczak,2026-09-24,5.0,44100,1,field,,n/a,original,,,,3fadff6b71d7a5d8f96cd098218f55265fb07b9a618943e4a34d5e8b1ca7c6d9,,frog,esc50:1-18755-B-4.wav,,corpus_metadata:ESC-50 field recordings (Freesound clips),esc50_v1,1-18755-B-4.wav,https://github.com/karolpiczak/ESC-50/blob/master/LICENSE
SS-ANI-0515,originals/animal_sound/SS-ANI-0515.wav,Animal Sound,ESC-50 (Environmental Sound Classification),https://github.com/karolpiczak/ESC-50,CC-BY-4.0,Karol J. Piczak,2026-09-24,5.0,44100,1,field,,n/a,original,,,,dac86a651f49fccc16b5b5de5dac68182ed572841ea5914da2afccc83ae83700,,frog,esc50:1-18757-A-4.wav,,corpus_metadata:ESC-50 field recordings (Freesound clips),esc50_v1,1-18757-A-4.wav,https://github.com/karolpiczak/ESC-50/blob/master/LICENSE
SS-ANI-0516,originals/animal_sound/SS-ANI-0516.wav,Animal Sound,ESC-50 (Environmental Sound Classification),https://github.com/karolpiczak/ESC-50,CC-BY-4.0,Karol J. Piczak,2026-09-24,5.0,44100,1,field,,n/a,original,,,,d10dfa62d347aa2b72dc8c6e1c1d76125f59c37d08596f2b62e91e82502acb78,,insects,esc50:1-19501-A-7.wav,,corpus_metadata:ESC-50 field recordings (Freesound clips),esc50_v1,1-19501-A-7.wav,https://github.com/karolpiczak/ESC-50/blob/master/LICENSE
SS-ANI-0517,originals/animal_sound/SS-ANI-0517.wav,Animal Sound,ESC-50 (Environmental Sound Classification),https://github.com/karolpiczak/ESC-50,CC-BY-4.0,Karol J. Piczak,2026-09-24,5.0,44100,1,field,,n/a,original,,,,8fd98d50c5ff6ffeea6785d306dca53e01ea2e914488115bf32da4fb11d4a53b,,sheep,esc50:1-196660-A-8.wav,,corpus_metadata:ESC-50 field recordings (Freesound clips),esc50_v1,1-196660-A-8.wav,https://github.com/karolpiczak/ESC-50/blob/master/LICENSE
SS-ANI-0518,originals/animal_sound/SS-ANI-0518.wav,Animal Sound,ESC-50 (Environmental Sound Classification),https://github.com/karolpiczak/ESC-50,CC-BY-4.0,Karol J. Piczak,2026-09-24,5.0,44100,1,field,,n/a,original,,,,5b1895203de8d4392ae851a498973b07b38b915e9b0e001f8a46743a06981aa2,,sheep,esc50:1-196660-B-8.wav,,corpus_metadata:ESC-50 field recordings (Freesound clips),esc50_v1,1-196660-B-8.wav,https://github.com/karolpiczak/ESC-50/blob/master/LICENSE
SS-ANI-0519,originals/animal_sound/SS-ANI-0519.wav,Animal Sound,ESC-50 (Environmental Sound Classification),https://github.com/karolpiczak/ESC-50,CC-BY-4.0,Karol J. Piczak,2026-09-24,5.0,44100,1,field,,n/a,original,,,,d033c6572aaaa4ac451327ba5fbf3cdcada06c681f05d8188043b39f1346be98,,cow,esc50:1-202111-A-3.wav,,corpus_metadata:ESC-50 field recordings (Freesound clips),esc50_v1,1-202111-A-3.wav,https://github.com/karolpiczak/ESC-50/blob/master/LICENSE
SS-ANI-0520,originals/animal_sound/SS-ANI-0520.wav,Animal Sound,ESC-50 (Environmental Sound Classification),https://github.com/karolpiczak/ESC-50,CC-BY-4.0,Karol J. Piczak,2026-09-24,5.0,44100,1,field,,n/a,original,,,,866245ac085d99d72406fb80dd09535b7b62c7cafc26972a73dd4bdb8db79ebc,,pig,esc50:1-208757-A-2.wav,,corpus_metadata:ESC-50 field recordings (Freesound clips),esc50_v1,1-208757-A-2.wav,https://github.com/karolpiczak/ESC-50/blob/master/LICENSE
SS-ANI-0521,originals/animal_sound/SS-ANI-0521.wav,Animal Sound,ESC-50 (Environmental Sound Classification),https://github.com/karolpiczak/ESC-50,CC-BY-4.0,Karol J. Piczak,2026-09-24,5.0,44100,1,field,,n/a,original,,,,2d041c169d58f25bc769a057bc201bdcf8c289ef16b3b93388c248407f6a5d1a,,pig,esc50:1-208757-B-2.wav,,corpus_metadata:ESC-50 field recordings (Freesound clips),esc50_v1,1-208757-B-2.wav,https://github.com/karolpiczak/ESC-50/blob/master/LICENSE
SS-ANI-0522,originals/animal_sound/SS-ANI-0522.wav,Animal Sound,ESC-50 (Environmental Sound Classification),https://github.com/karolpiczak/ESC-50,CC-BY-4.0,Karol J. Piczak,2026-09-24,5.0,44100,1,field,,n/a,original,,,,060daa9528df8024d08688fb4861aca6079b8f8603a4a3438ee1554621e4d914,,pig,esc50:1-208757-C-2.wav,,corpus_metadata:ESC-50 field recordings (Freesound clips),esc50_v1,1-208757-C-2.wav,https://github.com/karolpiczak/ESC-50/blob/master/LICENSE
SS-ANI-0523,originals/animal_sound/SS-ANI-0523.wav,Animal Sound,ESC-50 (Environmental Sound Classification),https://github.com/karolpiczak/ESC-50,CC-BY-4.0,Karol J. Piczak,2026-09-24,5.0,44100,1,field,,n/a,original,,,,776ae2c1dadcb914f31fa033cf99a26bdb2f01295bd29159092b6d88ae83f9e8,,pig,esc50:1-208757-D-2.wav,,corpus_metadata:ESC-50 field recordings (Freesound clips),esc50_v1,1-208757-D-2.wav,https://github.com/karolpiczak/ESC-50/blob/master/LICENSE
SS-ANI-0524,originals/animal_sound/SS-ANI-0524.wav,Animal Sound,ESC-50 (Environmental Sound Classification),https://github.com/karolpiczak/ESC-50,CC-BY-4.0,Karol J. Piczak,2026-09-24,5.0,44100,1,field,,n/a,original,,,,2085c6ff08ec19fba4dd4aad9462c592d925f4e92cfbca82b199f4289339301e,,pig,esc50:1-208757-E-2.wav,,corpus_metadata:ESC-50 field recordings (Freesound clips),esc50_v1,1-208757-E-2.wav,https://github.com/karolpiczak/ESC-50/blob/master/LICENSE
SS-ANI-0525,originals/animal_sound/SS-ANI-0525.wav,Animal Sound,ESC-50 (Environmental Sound Classification),https://github.com/karolpiczak/ESC-50,CC-BY-4.0,Karol J. Piczak,2026-09-24,5.0,44100,1,field,,n/a,original,,,,e624cb74542ef6bd6e4a9bbe340624db117da231111bcb87ef100f25dde8afb3,,pig,esc50:1-260640-A-2.wav,,corpus_metadata:ESC-50 field recordings (Freesound clips),esc50_v1,1-260640-A-2.wav,https://github.com/karolpiczak/ESC-50/blob/master/LICENSE
SS-ANI-0526,originals/animal_sound/SS-ANI-0526.wav,Animal Sound,ESC-50 (Environmental Sound Classification),https://github.com/karolpiczak/ESC-50,CC-BY-4.0,Karol J. Piczak,2026-09-24,5.0,44100,1,field,,n/a,original,,,,3c310e4f565a634e3f45580abf98b0c1bfc5c1e71589bbbc9e3d44e82df22946,,pig,esc50:1-260640-B-2.wav,,corpus_metadata:ESC-50 field recordings (Freesound clips),esc50_v1,1-260640-B-2.wav,https://github.com/karolpiczak/ESC-50/blob/master/LICENSE
SS-ANI-0527,originals/animal_sound/SS-ANI-0527.wav,Animal Sound,ESC-50 (Environmental Sound Classification),https://github.com/karolpiczak/ESC-50,CC-BY-4.0,Karol J. Piczak,2026-09-24,5.0,44100,1,field,,n/a,original,,,,3c7e3feb43ac711ab1934c01c3e7eac0a29ab94a725e879fea91623b7d069f79,,pig,esc50:1-260640-C-2.wav,,corpus_metadata:ESC-50 field recordings (Freesound clips),esc50_v1,1-260640-C-2.wav,https://github.com/karolpiczak/ESC-50/blob/master/LICENSE
SS-ANI-0528,originals/animal_sound/SS-ANI-0528.wav,Animal Sound,ESC-50 (Environmental Sound Classification),https://github.com/karolpiczak/ESC-50,CC-BY-4.0,Karol J. Piczak,2026-09-24,5.0,44100,1,field,,n/a,original,,,,9021db2a8218814e1f90957a179589c7f3167fd1f235f58019890064e23ee5be,,rooster,esc50:1-26806-A-1.wav,,corpus_metadata:ESC-50 field recordings (Freesound clips),esc50_v1,1-26806-A-1.wav,https://github.com/karolpiczak/ESC-50/blob/master/LICENSE
SS-ANI-0529,originals/animal_sound/SS-ANI-0529.wav,Animal Sound,ESC-50 (Environmental Sound Classification),https://github.com/karolpiczak/ESC-50,CC-BY-4.0,Karol J. Piczak,2026-09-24,5.0,44100,1,field,,n/a,original,,,,3bb615f722d94caa848f64bf4da365fde52dc93a732b0d017d38fe9e1474649f,,rooster,esc50:1-27724-A-1.wav,,corpus_metadata:ESC-50 field recordings (Freesound clips),esc50_v1,1-27724-A-1.wav,https://github.com/karolpiczak/ESC-50/blob/master/LICENSE
SS-ANI-0530,originals/animal_sound/SS-ANI-0530.wav,Animal Sound,ESC-50 (Environmental Sound Classification),https://github.com/karolpiczak/ESC-50,CC-BY-4.0,Karol J. Piczak,2026-09-24,5.0,44100,1,field,,n/a,original,,,,ca2626d2b49c7c20a3e0f9f8d7aa56f4497643c6bc264ff37764392be2b15753,,dog,esc50:1-30226-A-0.wav,,corpus_metadata:ESC-50 field recordings (Freesound clips),esc50_v1,1-30226-A-0.wav,https://github.com/karolpiczak/ESC-50/blob/master/LICENSE
SS-ANI-0531,originals/animal_sound/SS-ANI-0531.wav,Animal Sound,ESC-50 (Environmental Sound Classification),https://github.com/karolpiczak/ESC-50,CC-BY-4.0,Karol J. Piczak,2026-09-24,5.0,44100,1,field,,n/a,original,,,,52a876cff473fe9b6deb4feea9545a2b976e63e03744921afc72f9800758ce30,,dog,esc50:1-30344-A-0.wav,,corpus_metadata:ESC-50 field recordings (Freesound clips),esc50_v1,1-30344-A-0.wav,https://github.com/karolpiczak/ESC-50/blob/master/LICENSE
SS-ANI-0532,originals/animal_sound/SS-ANI-0532.wav,Animal Sound,ESC-50 (Environmental Sound Classification),https://github.com/karolpiczak/ESC-50,CC-BY-4.0,Karol J. Piczak,2026-09-24,5.0,44100,1,field,,n/a,original,,,,f9dc446b4f6d7861943c079771506b917fd5dbd0867f5800c142ff767a449570,,hen,esc50:1-31251-A-6.wav,,corpus_metadata:ESC-50 field recordings (Freesound clips),esc50_v1,1-31251-A-6.wav,https://github.com/karolpiczak/ESC-50/blob/master/LICENSE
SS-ANI-0533,originals/animal_sound/SS-ANI-0533.wav,Animal Sound,ESC-50 (Environmental Sound Classification),https://github.com/karolpiczak/ESC-50,CC-BY-4.0,Karol J. Piczak,2026-09-24,5.0,44100,1,field,,n/a,original,,,,2cdb1b3ab1a71bce3a64e48eff9167d63ef86001862f10c245689cf9a6254edd,,hen,esc50:1-31251-B-6.wav,,corpus_metadata:ESC-50 field recordings (Freesound clips),esc50_v1,1-31251-B-6.wav,https://github.com/karolpiczak/ESC-50/blob/master/LICENSE
SS-ANI-0534,originals/animal_sound/SS-ANI-0534.wav,Animal Sound,ESC-50 (Environmental Sound Classification),https://github.com/karolpiczak/ESC-50,CC-BY-4.0,Karol J. Piczak,2026-09-24,5.0,44100,1,field,,n/a,original,,,,2807d582aaeaf50414cb7e1e4f0ea2cbfd80727c7a08727eb2b68ed6db30f758,,frog,esc50:1-31836-A-4.wav,,corpus_metadata:ESC-50 field recordings (Freesound clips),esc50_v1,1-31836-A-4.wav,https://github.com/karolpiczak/ESC-50/blob/master/LICENSE
SS-ANI-0535,originals/animal_sound/SS-ANI-0535.wav,Animal Sound,ESC-50 (Environmental Sound Classification),https://github.com/karolpiczak/ESC-50,CC-BY-4.0,Karol J. Piczak,2026-09-24,5.0,44100,1,field,,n/a,original,,,,d59a86d8a55ceaf65673df4ca0997503ee5f795c3bdb0fcb4b075ec653fa5f82,,frog,esc50:1-31836-B-4.wav,,corpus_metadata:ESC-50 field recordings (Freesound clips),esc50_v1,1-31836-B-4.wav,https://github.com/karolpiczak/ESC-50/blob/master/LICENSE
SS-ANI-0536,originals/animal_sound/SS-ANI-0536.wav,Animal Sound,ESC-50 (Environmental Sound Classification),https://github.com/karolpiczak/ESC-50,CC-BY-4.0,Karol J. Piczak,2026-09-24,5.0,44100,1,field,,n/a,original,,,,0e96f0bab8bbba81c98a8d7741cf258c8381c6481bac36961b8603a600a6c321,,dog,esc50:1-32318-A-0.wav,,corpus_metadata:ESC-50 field recordings (Freesound clips),esc50_v1,1-32318-A-0.wav,https://github.com/karolpiczak/ESC-50/blob/master/LICENSE
SS-ANI-0537,originals/animal_sound/SS-ANI-0537.wav,Animal Sound,ESC-50 (Environmental Sound Classification),https://github.com/karolpiczak/ESC-50,CC-BY-4.0,Karol J. Piczak,2026-09-24,5.0,44100,1,field,,n/a,original,,,,ceddf296bcdda3996d35d3f4c292c338050bcb4c5a05a96ca22a69d33e33e4de,,cat,esc50:1-34094-A-5.wav,,corpus_metadata:ESC-50 field recordings (Freesound clips),esc50_v1,1-34094-A-5.wav,https://github.com/karolpiczak/ESC-50/blob/master/LICENSE
SS-ANI-0538,originals/animal_sound/SS-ANI-0538.wav,Animal Sound,ESC-50 (Environmental Sound Classification),https://github.com/karolpiczak/ESC-50,CC-BY-4.0,Karol J. Piczak,2026-09-24,5.0,44100,1,field,,n/a,original,,,,43814c96e62a5c2fbf14b84828cc929e381e53c0add7c1e8211d212e1da97734,,cat,esc50:1-34094-B-5.wav,,corpus_metadata:ESC-50 field recordings (Freesound clips),esc50_v1,1-34094-B-5.wav,https://github.com/karolpiczak/ESC-50/blob/master/LICENSE
SS-ANI-0539,originals/animal_sound/SS-ANI-0539.wav,Animal Sound,ESC-50 (Environmental Sound Classification),https://github.com/karolpiczak/ESC-50,CC-BY-4.0,Karol J. Piczak,2026-09-24,5.0,44100,1,field,,n/a,original,,,,4085bfea267b1ecfcdd95b666e2f0c6a5fdf152794740834a24c54c75967f5fe,,rooster,esc50:1-34119-A-1.wav,,corpus_metadata:ESC-50 field recordings (Freesound clips),esc50_v1,1-34119-A-1.wav,https://github.com/karolpiczak/ESC-50/blob/master/LICENSE
SS-ANI-0540,originals/animal_sound/SS-ANI-0540.wav,Animal Sound,ESC-50 (Environmental Sound Classification),https://github.com/karolpiczak/ESC-50,CC-BY-4.0,Karol J. Piczak,2026-09-24,5.0,44100,1,field,,n/a,original,,,,55c3e6b3ce6299d1c1675fc9655327aa2dbc2130d87c08f5f38cac7d33e336cc,,rooster,esc50:1-34119-B-1.wav,,corpus_metadata:ESC-50 field recordings (Freesound clips),esc50_v1,1-34119-B-1.wav,https://github.com/karolpiczak/ESC-50/blob/master/LICENSE
SS-ANI-0541,originals/animal_sound/SS-ANI-0541.wav,Animal Sound,ESC-50 (Environmental Sound Classification),https://github.com/karolpiczak/ESC-50,CC-BY-4.0,Karol J. Piczak,2026-09-24,5.0,44100,1,field,,n/a,original,,,,3641b914303dca50d01c2ab5aceaaf918ce977028f4ee752c22beb64d09eeec3,,chirping_birds,esc50:1-34495-A-14.wav,,corpus_metadata:ESC-50 field recordings (Freesound clips),esc50_v1,1-34495-A-14.wav,https://github.com/karolpiczak/ESC-50/blob/master/LICENSE
SS-ANI-0542,originals/animal_sound/SS-ANI-0542.wav,Animal Sound,ESC-50 (Environmental Sound Classification),https://github.com/karolpiczak/ESC-50,CC-BY-4.0,Karol J. Piczak,2026-09-24,5.0,44100,1,field,,n/a,original,,,,fcb9f579a65a189a2b0e35a38c6711eaad931aa208c8c43de0bf3ba15cf8380f,,chirping_birds,esc50:1-34497-A-14.wav,,corpus_metadata:ESC-50 field recordings (Freesound clips),esc50_v1,1-34497-A-14.wav,https://github.com/karolpiczak/ESC-50/blob/master/LICENSE
SS-ANI-0543,originals/animal_sound/SS-ANI-0543.wav,Animal Sound,ESC-50 (Environmental Sound Classification),https://github.com/karolpiczak/ESC-50,CC-BY-4.0,Karol J. Piczak,2026-09-24,5.0,44100,1,field,,n/a,original,,,,bda988c22f4b928012abe6d4231b4244700dc615b6d43f439476cda3d7f8a5d8,,chirping_birds,esc50:1-38559-A-14.wav,,corpus_metadata:ESC-50 field recordings (Freesound clips),esc50_v1,1-38559-A-14.wav,https://github.com/karolpiczak/ESC-50/blob/master/LICENSE
SS-ANI-0544,originals/animal_sound/SS-ANI-0544.wav,Animal Sound,ESC-50 (Environmental Sound Classification),https://github.com/karolpiczak/ESC-50,CC-BY-4.0,Karol J. Piczak,2026-09-24,5.0,44100,1,field,,n/a,original,,,,d6b1c659ed64ba12036d8834d0af88200849669dd5a16527e583d8c7f8c86106,,chirping_birds,esc50:1-38560-A-14.wav,,corpus_metadata:ESC-50 field recordings (Freesound clips),esc50_v1,1-38560-A-14.wav,https://github.com/karolpiczak/ESC-50/blob/master/LICENSE
SS-ANI-0545,originals/animal_sound/SS-ANI-0545.wav,Animal Sound,ESC-50 (Environmental Sound Classification),https://github.com/karolpiczak/ESC-50,CC-BY-4.0,Karol J. Piczak,2026-09-24,5.0,44100,1,field,,n/a,original,,,,403db280f38092be1ff41cf1e412750f01b5fe0df042125373b6f1cd340cc767,,crow,esc50:1-39835-A-9.wav,,corpus_metadata:ESC-50 field recordings (Freesound clips),esc50_v1,1-39835-A-9.wav,https://github.com/karolpiczak/ESC-50/blob/master/LICENSE
SS-ANI-0546,originals/animal_sound/SS-ANI-0546.wav,Animal Sound,ESC-50 (Environmental Sound Classification),https://github.com/karolpiczak/ESC-50,CC-BY-4.0,Karol J. Piczak,2026-09-24,5.0,44100,1,field,,n/a,original,,,,c48f8bddec7b80bd27d05a65b26a2ea8e128b0412a26ae06527acf3bcf1ffa0d,,crow,esc50:1-39835-B-9.wav,,corpus_metadata:ESC-50 field recordings (Freesound clips),esc50_v1,1-39835-B-9.wav,https://github.com/karolpiczak/ESC-50/blob/master/LICENSE
SS-ANI-0547,originals/animal_sound/SS-ANI-0547.wav,Animal Sound,ESC-50 (Environmental Sound Classification),https://github.com/karolpiczak/ESC-50,CC-BY-4.0,Karol J. Piczak,2026-09-24,5.0,44100,1,field,,n/a,original,,,,62379ace4cf58d0625a09fa8cf943ce8ab5a99602c20c6f96bacd522e6903e06,,rooster,esc50:1-39923-A-1.wav,,corpus_metadata:ESC-50 field recordings (Freesound clips),esc50_v1,1-39923-A-1.wav,https://github.com/karolpiczak/ESC-50/blob/master/LICENSE
SS-ANI-0548,originals/animal_sound/SS-ANI-0548.wav,Animal Sound,ESC-50 (Environmental Sound Classification),https://github.com/karolpiczak/ESC-50,CC-BY-4.0,Karol J. Piczak,2026-09-24,5.0,44100,1,field,,n/a,original,,,,5b6f2f3795ac7b2711c39742a77ae7b81017aad43d0a226896cc5d78c87c1b92,,rooster,esc50:1-40730-A-1.wav,,corpus_metadata:ESC-50 field recordings (Freesound clips),esc50_v1,1-40730-A-1.wav,https://github.com/karolpiczak/ESC-50/blob/master/LICENSE
SS-ANI-0549,originals/animal_sound/SS-ANI-0549.wav,Animal Sound,ESC-50 (Environmental Sound Classification),https://github.com/karolpiczak/ESC-50,CC-BY-4.0,Karol J. Piczak,2026-09-24,5.0,44100,1,field,,n/a,original,,,,95fff21655b9945a12e73e69c1d1e5015b2f2802bde43bc7f76351b695cf9901,,rooster,esc50:1-43382-A-1.wav,,corpus_metadata:ESC-50 field recordings (Freesound clips),esc50_v1,1-43382-A-1.wav,https://github.com/karolpiczak/ESC-50/blob/master/LICENSE
SS-ANI-0550,originals/animal_sound/SS-ANI-0550.wav,Animal Sound,ESC-50 (Environmental Sound Classification),https://github.com/karolpiczak/ESC-50,CC-BY-4.0,Karol J. Piczak,2026-09-24,5.0,44100,1,field,,n/a,original,,,,f8958a100e0b005c1421eac9b114d4dff6b0d7d58caf24ba933a2c6ae5343d26,,rooster,esc50:1-44831-A-1.wav,,corpus_metadata:ESC-50 field recordings (Freesound clips),esc50_v1,1-44831-A-1.wav,https://github.com/karolpiczak/ESC-50/blob/master/LICENSE
SS-ANI-0551,originals/animal_sound/SS-ANI-0551.wav,Animal Sound,ESC-50 (Environmental Sound Classification),https://github.com/karolpiczak/ESC-50,CC-BY-4.0,Karol J. Piczak,2026-09-24,5.0,44100,1,field,,n/a,original,,,,065fe905f87b0a21efaebb6cd88ecee9fe407eb72bad3b43c52d2e099d262d72,,chirping_birds,esc50:1-46040-A-14.wav,,corpus_metadata:ESC-50 field recordings (Freesound clips),esc50_v1,1-46040-A-14.wav,https://github.com/karolpiczak/ESC-50/blob/master/LICENSE
SS-ANI-0552,originals/animal_sound/SS-ANI-0552.wav,Animal Sound,ESC-50 (Environmental Sound Classification),https://github.com/karolpiczak/ESC-50,CC-BY-4.0,Karol J. Piczak,2026-09-24,5.0,44100,1,field,,n/a,original,,,,d97f844fa224ecf18068598b5ad83027f6185720071da8e331d14f2e103dd43d,,insects,esc50:1-46938-A-7.wav,,corpus_metadata:ESC-50 field recordings (Freesound clips),esc50_v1,1-46938-A-7.wav,https://github.com/karolpiczak/ESC-50/blob/master/LICENSE
SS-ANI-0553,originals/animal_sound/SS-ANI-0553.wav,Animal Sound,ESC-50 (Environmental Sound Classification),https://github.com/karolpiczak/ESC-50,CC-BY-4.0,Karol J. Piczak,2026-09-24,5.0,44100,1,field,,n/a,original,,,,53e23b708d758fd482d159a1060aeb121ba478c7d97445facb853e4a99447ef1,,insects,esc50:1-46938-B-7.wav,,corpus_metadata:ESC-50 field recordings (Freesound clips),esc50_v1,1-46938-B-7.wav,https://github.com/karolpiczak/ESC-50/blob/master/LICENSE
SS-ANI-0554,originals/animal_sound/SS-ANI-0554.wav,Animal Sound,ESC-50 (Environmental Sound Classification),https://github.com/karolpiczak/ESC-50,CC-BY-4.0,Karol J. Piczak,2026-09-24,5.0,44100,1,field,,n/a,original,,,,2abe50ef7597a38f17d49076a3800690355a8f70ab2952298dd0277c9d4a6839,,cat,esc50:1-47819-A-5.wav,,corpus_metadata:ESC-50 field recordings (Freesound clips),esc50_v1,1-47819-A-5.wav,https://github.com/karolpiczak/ESC-50/blob/master/LICENSE
SS-ANI-0555,originals/animal_sound/SS-ANI-0555.wav,Animal Sound,ESC-50 (Environmental Sound Classification),https://github.com/karolpiczak/ESC-50,CC-BY-4.0,Karol J. Piczak,2026-09-24,5.0,44100,1,field,,n/a,original,,,,05884970b04e454d33b0ee8d5a6f185b941f38c466c19439f0b4124d262cc17e,,cat,esc50:1-47819-B-5.wav,,corpus_metadata:ESC-50 field recordings (Freesound clips),esc50_v1,1-47819-B-5.wav,https://github.com/karolpiczak/ESC-50/blob/master/LICENSE
SS-ANI-0556,originals/animal_sound/SS-ANI-0556.wav,Animal Sound,ESC-50 (Environmental Sound Classification),https://github.com/karolpiczak/ESC-50,CC-BY-4.0,Karol J. Piczak,2026-09-24,5.0,44100,1,field,,n/a,original,,,,f8223f6d3ffcf23490c88dba5a298bfb48a96f58f4b9a5bfb141eb92bbe826b5,,cat,esc50:1-47819-C-5.wav,,corpus_metadata:ESC-50 field recordings (Freesound clips),esc50_v1,1-47819-C-5.wav,https://github.com/karolpiczak/ESC-50/blob/master/LICENSE
SS-ANI-0557,originals/animal_sound/SS-ANI-0557.wav,Animal Sound,ESC-50 (Environmental Sound Classification),https://github.com/karolpiczak/ESC-50,CC-BY-4.0,Karol J. Piczak,2026-09-24,5.0,44100,1,field,,n/a,original,,,,fcfe7f698a5e8b48b23b5e62a275f15d65cd2d3ed5119d511ae2f896941bec34,,sheep,esc50:1-49409-A-8.wav,,corpus_metadata:ESC-50 field recordings (Freesound clips),esc50_v1,1-49409-A-8.wav,https://github.com/karolpiczak/ESC-50/blob/master/LICENSE
SS-ANI-0558,originals/animal_sound/SS-ANI-0558.wav,Animal Sound,ESC-50 (Environmental Sound Classification),https://github.com/karolpiczak/ESC-50,CC-BY-4.0,Karol J. Piczak,2026-09-24,5.0,44100,1,field,,n/a,original,,,,5cc4ea4472513c766ab2c2f97f2a1abef2990c38e0cbf2bf1e535fd630f0f85a,,sheep,esc50:1-49409-B-8.wav,,corpus_metadata:ESC-50 field recordings (Freesound clips),esc50_v1,1-49409-B-8.wav,https://github.com/karolpiczak/ESC-50/blob/master/LICENSE
SS-ANI-0559,originals/animal_sound/SS-ANI-0559.wav,Animal Sound,ESC-50 (Environmental Sound Classification),https://github.com/karolpiczak/ESC-50,CC-BY-4.0,Karol J. Piczak,2026-09-24,5.0,44100,1,field,,n/a,original,,,,86ee46f8d022bc8083828f9aacfbcd21602a35002e59740385341268a8df0ddc,,chirping_birds,esc50:1-54918-A-14.wav,,corpus_metadata:ESC-50 field recordings (Freesound clips),esc50_v1,1-54918-A-14.wav,https://github.com/karolpiczak/ESC-50/blob/master/LICENSE
SS-ANI-0560,originals/animal_sound/SS-ANI-0560.wav,Animal Sound,ESC-50 (Environmental Sound Classification),https://github.com/karolpiczak/ESC-50,CC-BY-4.0,Karol J. Piczak,2026-09-24,5.0,44100,1,field,,n/a,original,,,,86620fddba2ad91ec91181fa049a4e54ab02b667d426f7b4865ae53a3d7f0e45,,chirping_birds,esc50:1-54918-B-14.wav,,corpus_metadata:ESC-50 field recordings (Freesound clips),esc50_v1,1-54918-B-14.wav,https://github.com/karolpiczak/ESC-50/blob/master/LICENSE
SS-ANI-0561,originals/animal_sound/SS-ANI-0561.wav,Animal Sound,ESC-50 (Environmental Sound Classification),https://github.com/karolpiczak/ESC-50,CC-BY-4.0,Karol J. Piczak,2026-09-24,5.0,44100,1,field,,n/a,original,,,,9cb4e70950714136aac1809bd1eb73faff0359343b68969743420a771d2c33aa,,crow,esc50:1-56233-A-9.wav,,corpus_metadata:ESC-50 field recordings (Freesound clips),esc50_v1,1-56233-A-9.wav,https://github.com/karolpiczak/ESC-50/blob/master/LICENSE
SS-ANI-0562,originals/animal_sound/SS-ANI-0562.wav,Animal Sound,ESC-50 (Environmental Sound Classification),https://github.com/karolpiczak/ESC-50,CC-BY-4.0,Karol J. Piczak,2026-09-24,5.0,44100,1,field,,n/a,original,,,,6fda26eb779f5cd7edd40280d8073c43b399e80d2e2e23939529ec00e8f200a9,,crow,esc50:1-56234-A-9.wav,,corpus_metadata:ESC-50 field recordings (Freesound clips),esc50_v1,1-56234-A-9.wav,https://github.com/karolpiczak/ESC-50/blob/master/LICENSE
SS-ANI-0563,originals/animal_sound/SS-ANI-0563.wav,Animal Sound,ESC-50 (Environmental Sound Classification),https://github.com/karolpiczak/ESC-50,CC-BY-4.0,Karol J. Piczak,2026-09-24,5.0,44100,1,field,,n/a,original,,,,41b7fa6bca14e3f8571c238ddc06256c57c377ca510caeab136b9145294a416a,,cat,esc50:1-56380-A-5.wav,,corpus_metadata:ESC-50 field recordings (Freesound clips),esc50_v1,1-56380-A-5.wav,https://github.com/karolpiczak/ESC-50/blob/master/LICENSE
SS-ANI-0564,originals/animal_sound/SS-ANI-0564.wav,Animal Sound,ESC-50 (Environmental Sound Classification),https://github.com/karolpiczak/ESC-50,CC-BY-4.0,Karol J. Piczak,2026-09-24,5.0,44100,1,field,,n/a,original,,,,c4f5bc0cf370ff7cb75ef9be003e0b0ee867be6c58e81c1d47cad0018e1b5bce,,cat,esc50:1-56380-B-5.wav,,corpus_metadata:ESC-50 field recordings (Freesound clips),esc50_v1,1-56380-B-5.wav,https://github.com/karolpiczak/ESC-50/blob/master/LICENSE
SS-ANI-0565,originals/animal_sound/SS-ANI-0565.wav,Animal Sound,ESC-50 (Environmental Sound Classification),https://github.com/karolpiczak/ESC-50,CC-BY-4.0,Karol J. Piczak,2026-09-24,5.0,44100,1,field,,n/a,original,,,,2df85254c1ba9c2bcb8517c8d2b36caeaf60ab6197e2e3b7285680720ecd638c,,crickets,esc50:1-57316-A-13.wav,,corpus_metadata:ESC-50 field recordings (Freesound clips),esc50_v1,1-57316-A-13.wav,https://github.com/karolpiczak/ESC-50/blob/master/LICENSE
SS-ANI-0566,originals/animal_sound/SS-ANI-0566.wav,Animal Sound,ESC-50 (Environmental Sound Classification),https://github.com/karolpiczak/ESC-50,CC-BY-4.0,Karol J. Piczak,2026-09-24,5.0,44100,1,field,,n/a,original,,,,0e02985a93837d58cfaaf3da12e49bb0438bcd007afc22b46a8bb05002bcb849,,crickets,esc50:1-57318-A-13.wav,,corpus_metadata:ESC-50 field recordings (Freesound clips),esc50_v1,1-57318-A-13.wav,https://github.com/karolpiczak/ESC-50/blob/master/LICENSE
SS-ANI-0567,originals/animal_sound/SS-ANI-0567.wav,Animal Sound,ESC-50 (Environmental Sound Classification),https://github.com/karolpiczak/ESC-50,CC-BY-4.0,Karol J. Piczak,2026-09-24,5.0,44100,1,field,,n/a,original,,,,3513598567597a06bd786b87e76f62ffbda3f66a90f838fd9567f8ac32e719f9,,sheep,esc50:1-57795-A-8.wav,,corpus_metadata:ESC-50 field recordings (Freesound clips),esc50_v1,1-57795-A-8.wav,https://github.com/karolpiczak/ESC-50/blob/master/LICENSE
SS-ANI-0568,originals/animal_sound/SS-ANI-0568.wav,Animal Sound,ESC-50 (Environmental Sound Classification),https://github.com/karolpiczak/ESC-50,CC-BY-4.0,Karol J. Piczak,2026-09-24,5.0,44100,1,field,,n/a,original,,,,0b91b847564bf0092d4b61157949cfb3d8e3215be9a041e16aaca6b3c2a60e5c,,cow,esc50:1-58277-A-3.wav,,corpus_metadata:ESC-50 field recordings (Freesound clips),esc50_v1,1-58277-A-3.wav,https://github.com/karolpiczak/ESC-50/blob/master/LICENSE
SS-ANI-0569,originals/animal_sound/SS-ANI-0569.wav,Animal Sound,ESC-50 (Environmental Sound Classification),https://github.com/karolpiczak/ESC-50,CC-BY-4.0,Karol J. Piczak,2026-09-24,5.0,44100,1,field,,n/a,original,,,,e316ba0e0a2e1eafa204909392c0834ee679355e1eb4c583e40624905dd22493,,crickets,esc50:1-59102-A-13.wav,,corpus_metadata:ESC-50 field recordings (Freesound clips),esc50_v1,1-59102-A-13.wav,https://github.com/karolpiczak/ESC-50/blob/master/LICENSE
SS-ANI-0570,originals/animal_sound/SS-ANI-0570.wav,Animal Sound,ESC-50 (Environmental Sound Classification),https://github.com/karolpiczak/ESC-50,CC-BY-4.0,Karol J. Piczak,2026-09-24,5.0,44100,1,field,,n/a,original,,,,b573fcbb4d3a8a05a857dc1ffdb09c687253ff3a03baa326460e291ce4cbfee7,,dog,esc50:1-59513-A-0.wav,,corpus_metadata:ESC-50 field recordings (Freesound clips),esc50_v1,1-59513-A-0.wav,https://github.com/karolpiczak/ESC-50/blob/master/LICENSE
SS-ANI-0571,originals/animal_sound/SS-ANI-0571.wav,Animal Sound,ESC-50 (Environmental Sound Classification),https://github.com/karolpiczak/ESC-50,CC-BY-4.0,Karol J. Piczak,2026-09-24,5.0,44100,1,field,,n/a,original,,,,f6ef290108818050f2b99b41c749120c8f7123e3091c78026cc9643299ce2ed6,,hen,esc50:1-5996-A-6.wav,,corpus_metadata:ESC-50 field recordings (Freesound clips),esc50_v1,1-5996-A-6.wav,https://github.com/karolpiczak/ESC-50/blob/master/LICENSE
SS-ANI-0572,originals/animal_sound/SS-ANI-0572.wav,Animal Sound,ESC-50 (Environmental Sound Classification),https://github.com/karolpiczak/ESC-50,CC-BY-4.0,Karol J. Piczak,2026-09-24,5.0,44100,1,field,,n/a,original,,,,66bea025f6a3fef1d9e92b74bc307cadd090d741420823d727d3eb6b333225e1,,crickets,esc50:1-65483-A-13.wav,,corpus_metadata:ESC-50 field recordings (Freesound clips),esc50_v1,1-65483-A-13.wav,https://github.com/karolpiczak/ESC-50/blob/master/LICENSE
SS-ANI-0573,originals/animal_sound/SS-ANI-0573.wav,Animal Sound,ESC-50 (Environmental Sound Classification),https://github.com/karolpiczak/ESC-50,CC-BY-4.0,Karol J. Piczak,2026-09-24,5.0,44100,1,field,,n/a,original,,,,eae2114202f30a4adca8bae5d583c93a9e203eaec6297d638c0155117635f48a,,cow,esc50:1-69422-A-3.wav,,corpus_metadata:ESC-50 field recordings (Freesound clips),esc50_v1,1-69422-A-3.wav,https://github.com/karolpiczak/ESC-50/blob/master/LICENSE
SS-ANI-0574,originals/animal_sound/SS-ANI-0574.wav,Animal Sound,ESC-50 (Environmental Sound Classification),https://github.com/karolpiczak/ESC-50,CC-BY-4.0,Karol J. Piczak,2026-09-24,5.0,44100,1,field,,n/a,original,,,,c2d7151ff4839b24616dbc1d7b1ae6da4e336bce5e3ce6fc7292ce225ebd84ba,,cow,esc50:1-69641-A-3.wav,,corpus_metadata:ESC-50 field recordings (Freesound clips),esc50_v1,1-69641-A-3.wav,https://github.com/karolpiczak/ESC-50/blob/master/LICENSE
SS-ANI-0575,originals/animal_sound/SS-ANI-0575.wav,Animal Sound,ESC-50 (Environmental Sound Classification),https://github.com/karolpiczak/ESC-50,CC-BY-4.0,Karol J. Piczak,2026-09-24,5.0,44100,1,field,,n/a,original,,,,4ab392d7464a2a4b7d84eec89314490e459aca98786fad224243625f1861de02,,hen,esc50:1-71030-A-6.wav,,corpus_metadata:ESC-50 field recordings (Freesound clips),esc50_v1,1-71030-A-6.wav,https://github.com/karolpiczak/ESC-50/blob/master/LICENSE
SS-ANI-0576,originals/animal_sound/SS-ANI-0576.wav,Animal Sound,ESC-50 (Environmental Sound Classification),https://github.com/karolpiczak/ESC-50,CC-BY-4.0,Karol J. Piczak,2026-09-24,5.0,44100,1,field,,n/a,original,,,,d6d876c24c6c41d7e7f2a12433b7225340237b0f6f77ad0c07cdfadfdba16041,,hen,esc50:1-72229-A-6.wav,,corpus_metadata:ESC-50 field recordings (Freesound clips),esc50_v1,1-72229-A-6.wav,https://github.com/karolpiczak/ESC-50/blob/master/LICENSE
SS-ANI-0577,originals/animal_sound/SS-ANI-0577.wav,Animal Sound,ESC-50 (Environmental Sound Classification),https://github.com/karolpiczak/ESC-50,CC-BY-4.0,Karol J. Piczak,2026-09-24,5.0,44100,1,field,,n/a,original,,,,5e34754fb50a5e30240c2effaed7bb15cf4bb2efc3d88a4140ce61d0684591e4,,hen,esc50:1-72229-B-6.wav,,corpus_metadata:ESC-50 field recordings (Freesound clips),esc50_v1,1-72229-B-6.wav,https://github.com/karolpiczak/ESC-50/blob/master/LICENSE
SS-ANI-0578,originals/animal_sound/SS-ANI-0578.wav,Animal Sound,ESC-50 (Environmental Sound Classification),https://github.com/karolpiczak/ESC-50,CC-BY-4.0,Karol J. Piczak,2026-09-24,5.0,44100,1,field,,n/a,original,,,,167d606a6707a59115243e50b344c5cf97f5865f3ec70585feb7480e15b20dbd,,insects,esc50:1-73585-A-7.wav,,corpus_metadata:ESC-50 field recordings (Freesound clips),esc50_v1,1-73585-A-7.wav,https://github.com/karolpiczak/ESC-50/blob/master/LICENSE
SS-ANI-0579,originals/animal_sound/SS-ANI-0579.wav,Animal Sound,ESC-50 (Environmental Sound Classification),https://github.com/karolpiczak/ESC-50,CC-BY-4.0,Karol J. Piczak,2026-09-24,5.0,44100,1,field,,n/a,original,,,,e0d183004905b786e6e5e48aa9b6e0aa7630b4b4dfbaeae5da900c041b5e7408,,crickets,esc50:1-7456-A-13.wav,,corpus_metadata:ESC-50 field recordings (Freesound clips),esc50_v1,1-7456-A-13.wav,https://github.com/karolpiczak/ESC-50/blob/master/LICENSE
SS-ANI-0580,originals/animal_sound/SS-ANI-0580.wav,Animal Sound,ESC-50 (Environmental Sound Classification),https://github.com/karolpiczak/ESC-50,CC-BY-4.0,Karol J. Piczak,2026-09-24,5.0,44100,1,field,,n/a,original,,,,d7970b542228a7283d6b64bff28145e5105133930762201b930f665cb53aaaf2,,crow,esc50:1-75162-A-9.wav,,corpus_metadata:ESC-50 field recordings (Freesound clips),esc50_v1,1-75162-A-9.wav,https://github.com/karolpiczak/ESC-50/blob/master/LICENSE
SS-ANI-0581,originals/animal_sound/SS-ANI-0581.wav,Animal Sound,ESC-50 (Environmental Sound Classification),https://github.com/karolpiczak/ESC-50,CC-BY-4.0,Karol J. Piczak,2026-09-24,5.0,44100,1,field,,n/a,original,,,,626f938e5e5ef9fc37f3cc326a3286fb6ad1c8128336dfa02cbf9342eea53b4d,,insects,esc50:1-75189-A-7.wav,,corpus_metadata:ESC-50 field recordings (Freesound clips),esc50_v1,1-75189-A-7.wav,https://github.com/karolpiczak/ESC-50/blob/master/LICENSE
SS-ANI-0582,originals/animal_sound/SS-ANI-0582.wav,Animal Sound,ESC-50 (Environmental Sound Classification),https://github.com/karolpiczak/ESC-50,CC-BY-4.0,Karol J. Piczak,2026-09-24,5.0,44100,1,field,,n/a,original,,,,b1af7101ae2cd34f159e5263413170c2f1068f02dc3d500acf73463535296ff7,,sheep,esc50:1-75190-A-8.wav,,corpus_metadata:ESC-50 field recordings (Freesound clips),esc50_v1,1-75190-A-8.wav,https://github.com/karolpiczak/ESC-50/blob/master/LICENSE
SS-ANI-0583,originals/animal_sound/SS-ANI-0583.wav,Animal Sound,ESC-50 (Environmental Sound Classification),https://github.com/karolpiczak/ESC-50,CC-BY-4.0,Karol J. Piczak,2026-09-24,5.0,44100,1,field,,n/a,original,,,,40acbd05cffe4f1a0a435a4ac31e2d1a747f3ecaa43a04ffaf93ea4b79e80007,,cow,esc50:1-77160-A-3.wav,,corpus_metadata:ESC-50 field recordings (Freesound clips),esc50_v1,1-77160-A-3.wav,https://github.com/karolpiczak/ESC-50/blob/master/LICENSE
SS-ANI-0584,originals/animal_sound/SS-ANI-0584.wav,Animal Sound,ESC-50 (Environmental Sound Classification),https://github.com/karolpiczak/ESC-50,CC-BY-4.0,Karol J. Piczak,2026-09-24,5.0,44100,1,field,,n/a,original,,,,546b1cbd05d979ba2db79b32147cde8faddbbc3d4a43fcdbe99a5ee9b4b871cd,,cow,esc50:1-77241-A-3.wav,,corpus_metadata:ESC-50 field recordings (Freesound clips),esc50_v1,1-77241-A-3.wav,https://github.com/karolpiczak/ESC-50/blob/master/LICENSE
SS-ANI-0585,originals/animal_sound/SS-ANI-0585.wav,Animal Sound,ESC-50 (Environmental Sound Classification),https://github.com/karolpiczak/ESC-50,CC-BY-4.0,Karol J. Piczak,2026-09-24,5.0,44100,1,field,,n/a,original,,,,4c1b3bc531fb57cbe6d23a111d35878579070fafad0a1508b954cf9c619af647,,cat,esc50:1-79113-A-5.wav,,corpus_metadata:ESC-50 field recordings (Freesound clips),esc50_v1,1-79113-A-5.wav,https://github.com/karolpiczak/ESC-50/blob/master/LICENSE
SS-ANI-0586,originals/animal_sound/SS-ANI-0586.wav,Animal Sound,ESC-50 (Environmental Sound Classification),https://github.com/karolpiczak/ESC-50,CC-BY-4.0,Karol J. Piczak,2026-09-24,5.0,44100,1,field,,n/a,original,,,,889f613a74d03a8c299193ca8f37c4468a5b88229932ab2ba3fa0a725d8aabb9,,insects,esc50:1-7973-A-7.wav,,corpus_metadata:ESC-50 field recordings (Freesound clips),esc50_v1,1-7973-A-7.wav,https://github.com/karolpiczak/ESC-50/blob/master/LICENSE
SS-ANI-0587,originals/animal_sound/SS-ANI-0587.wav,Animal Sound,ESC-50 (Environmental Sound Classification),https://github.com/karolpiczak/ESC-50,CC-BY-4.0,Karol J. Piczak,2026-09-24,5.0,44100,1,field,,n/a,original,,,,c150869a185f1a5d95c0593e2ff248b78219eb9831aeff2dc31d7a241bc18238,,insects,esc50:1-80785-A-7.wav,,corpus_metadata:ESC-50 field recordings (Freesound clips),esc50_v1,1-80785-A-7.wav,https://github.com/karolpiczak/ESC-50/blob/master/LICENSE
SS-ANI-0588,originals/animal_sound/SS-ANI-0588.wav,Animal Sound,ESC-50 (Environmental Sound Classification),https://github.com/karolpiczak/ESC-50,CC-BY-4.0,Karol J. Piczak,2026-09-24,5.0,44100,1,field,,n/a,original,,,,9cfbec9acd3a7deee1f7cc758a562911ec357291c633b487880403d3b326d050,,crickets,esc50:1-80840-A-13.wav,,corpus_metadata:ESC-50 field recordings (Freesound clips),esc50_v1,1-80840-A-13.wav,https://github.com/karolpiczak/ESC-50/blob/master/LICENSE
SS-ANI-0589,originals/animal_sound/SS-ANI-0589.wav,Animal Sound,ESC-50 (Environmental Sound Classification),https://github.com/karolpiczak/ESC-50,CC-BY-4.0,Karol J. Piczak,2026-09-24,5.0,44100,1,field,,n/a,original,,,,dea6239d0ea4995f0f6103bc060541b70a5b514523d5a68187363ff16ea385d9,,crickets,esc50:1-80841-A-13.wav,,corpus_metadata:ESC-50 field recordings (Freesound clips),esc50_v1,1-80841-A-13.wav,https://github.com/karolpiczak/ESC-50/blob/master/LICENSE
SS-ANI-0590,originals/animal_sound/SS-ANI-0590.wav,Animal Sound,ESC-50 (Environmental Sound Classification),https://github.com/karolpiczak/ESC-50,CC-BY-4.0,Karol J. Piczak,2026-09-24,5.0,44100,1,field,,n/a,original,,,,c90db3c3e0a705ed7c566cd6658377a1e3244045fb46b482f7a8c7b96a5b8ab1,,cow,esc50:1-81269-A-3.wav,,corpus_metadata:ESC-50 field recordings (Freesound clips),esc50_v1,1-81269-A-3.wav,https://github.com/karolpiczak/ESC-50/blob/master/LICENSE
SS-ANI-0591,originals/animal_sound/SS-ANI-0591.wav,Animal Sound,ESC-50 (Environmental Sound Classification),https://github.com/karolpiczak/ESC-50,CC-BY-4.0,Karol J. Piczak,2026-09-24,5.0,44100,1,field,,n/a,original,,,,2f7742933d677b0dc8d77b802e90ee0fb94b5828183ca96f7a8dd8d24ab57b7b,,dog,esc50:1-85362-A-0.wav,,corpus_metadata:ESC-50 field recordings (Freesound clips),esc50_v1,1-85362-A-0.wav,https://github.com/karolpiczak/ESC-50/blob/master/LICENSE
SS-ANI-0592,originals/animal_sound/SS-ANI-0592.wav,Animal Sound,ESC-50 (Environmental Sound Classification),https://github.com/karolpiczak/ESC-50,CC-BY-4.0,Karol J. Piczak,2026-09-24,5.0,44100,1,field,,n/a,original,,,,57b57ec473ab0e0768219023172c8f9a8b67a4e6cc4eeffd4e4fbaf132e81268,,sheep,esc50:1-88574-A-8.wav,,corpus_metadata:ESC-50 field recordings (Freesound clips),esc50_v1,1-88574-A-8.wav,https://github.com/karolpiczak/ESC-50/blob/master/LICENSE
SS-ANI-0593,originals/animal_sound/SS-ANI-0593.wav,Animal Sound,ESC-50 (Environmental Sound Classification),https://github.com/karolpiczak/ESC-50,CC-BY-4.0,Karol J. Piczak,2026-09-24,5.0,44100,1,field,,n/a,original,,,,a199a6812e4c68b7181a7c687b9dfb56ce07bcb6a38120819b57589479b27927,,crow,esc50:1-96950-A-9.wav,,corpus_metadata:ESC-50 field recordings (Freesound clips),esc50_v1,1-96950-A-9.wav,https://github.com/karolpiczak/ESC-50/blob/master/LICENSE
SS-ANI-0594,originals/animal_sound/SS-ANI-0594.wav,Animal Sound,ESC-50 (Environmental Sound Classification),https://github.com/karolpiczak/ESC-50,CC-BY-4.0,Karol J. Piczak,2026-09-24,5.0,44100,1,field,,n/a,original,,,,dcfe51f36294220efeb1cb8d16016a4500892668134d85bab4b0ef8ed54be5be,,crow,esc50:1-96950-B-9.wav,,corpus_metadata:ESC-50 field recordings (Freesound clips),esc50_v1,1-96950-B-9.wav,https://github.com/karolpiczak/ESC-50/blob/master/LICENSE
SS-ANI-0595,originals/animal_sound/SS-ANI-0595.wav,Animal Sound,ESC-50 (Environmental Sound Classification),https://github.com/karolpiczak/ESC-50,CC-BY-4.0,Karol J. Piczak,2026-09-24,5.0,44100,1,field,,n/a,original,,,,9ec2eb304d2a1ab3a50150a2a558dce0771e4ffc920d074e107fd76cb7b5d28c,,dog,esc50:1-97392-A-0.wav,,corpus_metadata:ESC-50 field recordings (Freesound clips),esc50_v1,1-97392-A-0.wav,https://github.com/karolpiczak/ESC-50/blob/master/LICENSE
SS-ANI-0596,originals/animal_sound/SS-ANI-0596.wav,Animal Sound,ESC-50 (Environmental Sound Classification),https://github.com/karolpiczak/ESC-50,CC-BY-4.0,Karol J. Piczak,2026-09-24,5.0,44100,1,field,,n/a,original,,,,42d997027d8227c21fdf7edf24fcee019d6450bfb3343dbfffb5d3210a24c0ff,,crickets,esc50:1-9841-A-13.wav,,corpus_metadata:ESC-50 field recordings (Freesound clips),esc50_v1,1-9841-A-13.wav,https://github.com/karolpiczak/ESC-50/blob/master/LICENSE
SS-ANI-0597,originals/animal_sound/SS-ANI-0597.wav,Animal Sound,ESC-50 (Environmental Sound Classification),https://github.com/karolpiczak/ESC-50,CC-BY-4.0,Karol J. Piczak,2026-09-24,5.0,44100,1,field,,n/a,original,,,,53704d16503042581837335ba937d399c028f788903f103abf44af1c2d2d5d71,,rooster,esc50:2-100786-A-1.wav,,corpus_metadata:ESC-50 field recordings (Freesound clips),esc50_v1,2-100786-A-1.wav,https://github.com/karolpiczak/ESC-50/blob/master/LICENSE
SS-ANI-0598,originals/animal_sound/SS-ANI-0598.wav,Animal Sound,ESC-50 (Environmental Sound Classification),https://github.com/karolpiczak/ESC-50,CC-BY-4.0,Karol J. Piczak,2026-09-24,5.0,44100,1,field,,n/a,original,,,,8fea1be61f324f3ab5a98655cac91f027542aa2ab609d5c45e603cf9bda5d15e,,cow,esc50:2-103423-A-3.wav,,corpus_metadata:ESC-50 field recordings (Freesound clips),esc50_v1,2-103423-A-3.wav,https://github.com/karolpiczak/ESC-50/blob/master/LICENSE
SS-ANI-0599,originals/animal_sound/SS-ANI-0599.wav,Animal Sound,ESC-50 (Environmental Sound Classification),https://github.com/karolpiczak/ESC-50,CC-BY-4.0,Karol J. Piczak,2026-09-24,5.0,44100,1,field,,n/a,original,,,,c68819bc481c1f5b9827406dad3d5d0d03ca8d5ff40fd2e4ac6b3b12224ef6a5,,cow,esc50:2-103424-A-3.wav,,corpus_metadata:ESC-50 field recordings (Freesound clips),esc50_v1,2-103424-A-3.wav,https://github.com/karolpiczak/ESC-50/blob/master/LICENSE
SS-ANI-0600,originals/animal_sound/SS-ANI-0600.wav,Animal Sound,ESC-50 (Environmental Sound Classification),https://github.com/karolpiczak/ESC-50,CC-BY-4.0,Karol J. Piczak,2026-09-24,5.0,44100,1,field,,n/a,original,,,,0a6a76ceea0c571574d52c77f32e1865d032fbcb1ce71a442831a6f032a3f2b8,,cow,esc50:2-103426-A-3.wav,,corpus_metadata:ESC-50 field recordings (Freesound clips),esc50_v1,2-103426-A-3.wav,https://github.com/karolpiczak/ESC-50/blob/master/LICENSE
SS-ANI-0601,originals/animal_sound/SS-ANI-0601.wav,Animal Sound,ESC-50 (Environmental Sound Classification),https://github.com/karolpiczak/ESC-50,CC-BY-4.0,Karol J. Piczak,2026-09-24,5.0,44100,1,field,,n/a,original,,,,4840991aed3e29e268e13d57aa261a228edfc1f092d58523448ac23dfd80d898,,cow,esc50:2-103427-A-3.wav,,corpus_metadata:ESC-50 field recordings (Freesound clips),esc50_v1,2-103427-A-3.wav,https://github.com/karolpiczak/ESC-50/blob/master/LICENSE
SS-ANI-0602,originals/animal_sound/SS-ANI-0602.wav,Animal Sound,ESC-50 (Environmental Sound Classification),https://github.com/karolpiczak/ESC-50,CC-BY-4.0,Karol J. Piczak,2026-09-24,5.0,44100,1,field,,n/a,original,,,,2e3fea12acd934008c1e543e7f4f9a95f2c726698aacd47279401bdbee71bda7,,cow,esc50:2-103428-A-3.wav,,corpus_metadata:ESC-50 field recordings (Freesound clips),esc50_v1,2-103428-A-3.wav,https://github.com/karolpiczak/ESC-50/blob/master/LICENSE
SS-ANI-0603,originals/animal_sound/SS-ANI-0603.wav,Animal Sound,ESC-50 (Environmental Sound Classification),https://github.com/karolpiczak/ESC-50,CC-BY-4.0,Karol J. Piczak,2026-09-24,5.0,44100,1,field,,n/a,original,,,,d080b1e130167773798ef2ef7c2b7bede174e2afb0d7387e4769856a94d25deb,,cow,esc50:2-104877-A-3.wav,,corpus_metadata:ESC-50 field recordings (Freesound clips),esc50_v1,2-104877-A-3.wav,https://github.com/karolpiczak/ESC-50/blob/master/LICENSE
SS-ANI-0604,originals/animal_sound/SS-ANI-0604.wav,Animal Sound,ESC-50 (Environmental Sound Classification),https://github.com/karolpiczak/ESC-50,CC-BY-4.0,Karol J. Piczak,2026-09-24,5.0,44100,1,field,,n/a,original,,,,8728828af8b276092646dd7d734502d6dae960aa2f4dc4a585e001645e03d41e,,crickets,esc50:2-106019-A-13.wav,,corpus_metadata:ESC-50 field recordings (Freesound clips),esc50_v1,2-106019-A-13.wav,https://github.com/karolpiczak/ESC-50/blob/master/LICENSE
SS-ANI-0605,originals/animal_sound/SS-ANI-0605.wav,Animal Sound,ESC-50 (Environmental Sound Classification),https://github.com/karolpiczak/ESC-50,CC-BY-4.0,Karol J. Piczak,2026-09-24,5.0,44100,1,field,,n/a,original,,,,c8b166433114f83cb401192a7f485e501698c9ebc091bf8c4c21a17b9b3040fc,,chirping_birds,esc50:2-108760-A-14.wav,,corpus_metadata:ESC-50 field recordings (Freesound clips),esc50_v1,2-108760-A-14.wav,https://github.com/karolpiczak/ESC-50/blob/master/LICENSE
SS-ANI-0606,originals/animal_sound/SS-ANI-0606.wav,Animal Sound,ESC-50 (Environmental Sound Classification),https://github.com/karolpiczak/ESC-50,CC-BY-4.0,Karol J. Piczak,2026-09-24,5.0,44100,1,field,,n/a,original,,,,717fd2c117208dde97da875c237918141c66c7a4b92818fd7d236c9fb3fc0783,,chirping_birds,esc50:2-108760-B-14.wav,,corpus_metadata:ESC-50 field recordings (Freesound clips),esc50_v1,2-108760-B-14.wav,https://github.com/karolpiczak/ESC-50/blob/master/LICENSE
SS-ANI-0607,originals/animal_sound/SS-ANI-0607.wav,Animal Sound,ESC-50 (Environmental Sound Classification),https://github.com/karolpiczak/ESC-50,CC-BY-4.0,Karol J. Piczak,2026-09-24,5.0,44100,1,field,,n/a,original,,,,e8ae4ed6faea0630e7c7f555a73c9dda5e67e37f108b26f8e15d4275dfd53d0c,,chirping_birds,esc50:2-108761-A-14.wav,,corpus_metadata:ESC-50 field recordings (Freesound clips),esc50_v1,2-108761-A-14.wav,https://github.com/karolpiczak/ESC-50/blob/master/LICENSE
SS-ANI-0608,originals/animal_sound/SS-ANI-0608.wav,Animal Sound,ESC-50 (Environmental Sound Classification),https://github.com/karolpiczak/ESC-50,CC-BY-4.0,Karol J. Piczak,2026-09-24,5.0,44100,1,field,,n/a,original,,,,2da6b40b7023cb501e248d73263031a1a84dda1890557fe2c475f964221db067,,crow,esc50:2-108763-A-9.wav,,corpus_metadata:ESC-50 field recordings (Freesound clips),esc50_v1,2-108763-A-9.wav,https://github.com/karolpiczak/ESC-50/blob/master/LICENSE
SS-ANI-0609,originals/animal_sound/SS-ANI-0609.wav,Animal Sound,ESC-50 (Environmental Sound Classification),https://github.com/karolpiczak/ESC-50,CC-BY-4.0,Karol J. Piczak,2026-09-24,5.0,44100,1,field,,n/a,original,,,,315db3b94e2cde16b34d942c3bb2f1838f7de6d49119444cce5cf2489db72c84,,crow,esc50:2-108766-A-9.wav,,corpus_metadata:ESC-50 field recordings (Freesound clips),esc50_v1,2-108766-A-9.wav,https://github.com/karolpiczak/ESC-50/blob/master/LICENSE
SS-ANI-0610,originals/animal_sound/SS-ANI-0610.wav,Animal Sound,ESC-50 (Environmental Sound Classification),https://github.com/karolpiczak/ESC-50,CC-BY-4.0,Karol J. Piczak,2026-09-24,5.0,44100,1,field,,n/a,original,,,,3ba19aee2d427e51a971be11a3eb4fe340ffbfdbfd2f3ad9454a3a89e6ffeafb,,crow,esc50:2-108767-A-9.wav,,corpus_metadata:ESC-50 field recordings (Freesound clips),esc50_v1,2-108767-A-9.wav,https://github.com/karolpiczak/ESC-50/blob/master/LICENSE
SS-ANI-0611,originals/animal_sound/SS-ANI-0611.wav,Animal Sound,ESC-50 (Environmental Sound Classification),https://github.com/karolpiczak/ESC-50,CC-BY-4.0,Karol J. Piczak,2026-09-24,5.0,44100,1,field,,n/a,original,,,,0e4abc593de8b5f66cbf27d0bc1b6b0e23cf5baea09baf2bad477fa3c7236223,,crow,esc50:2-108767-B-9.wav,,corpus_metadata:ESC-50 field recordings (Freesound clips),esc50_v1,2-108767-B-9.wav,https://github.com/karolpiczak/ESC-50/blob/master/LICENSE
SS-ANI-0612,originals/animal_sound/SS-ANI-0612.wav,Animal Sound,ESC-50 (Environmental Sound Classification),https://github.com/karolpiczak/ESC-50,CC-BY-4.0,Karol J. Piczak,2026-09-24,5.0,44100,1,field,,n/a,original,,,,cc74156e1e782cd16a449ad8b990562309c2661420179e8fb875d151cbf0c60c,,crow,esc50:2-108767-C-9.wav,,corpus_metadata:ESC-50 field recordings (Freesound clips),esc50_v1,2-108767-C-9.wav,https://github.com/karolpiczak/ESC-50/blob/master/LICENSE
SS-ANI-0613,originals/animal_sound/SS-ANI-0613.wav,Animal Sound,ESC-50 (Environmental Sound Classification),https://github.com/karolpiczak/ESC-50,CC-BY-4.0,Karol J. Piczak,2026-09-24,5.0,44100,1,field,,n/a,original,,,,5abd37546cd8ed0e591db9836e1f503236d71236a06fd87d4015df362630c5f3,,crow,esc50:2-109231-A-9.wav,,corpus_metadata:ESC-50 field recordings (Freesound clips),esc50_v1,2-109231-A-9.wav,https://github.com/karolpiczak/ESC-50/blob/master/LICENSE
SS-ANI-0614,originals/animal_sound/SS-ANI-0614.wav,Animal Sound,ESC-50 (Environmental Sound Classification),https://github.com/karolpiczak/ESC-50,CC-BY-4.0,Karol J. Piczak,2026-09-24,5.0,44100,1,field,,n/a,original,,,,c8955af1369d17446c322be2df1e3c98fb89b41da5d2215638ee9209318af98f,,crow,esc50:2-109231-B-9.wav,,corpus_metadata:ESC-50 field recordings (Freesound clips),esc50_v1,2-109231-B-9.wav,https://github.com/karolpiczak/ESC-50/blob/master/LICENSE
SS-ANI-0615,originals/animal_sound/SS-ANI-0615.wav,Animal Sound,ESC-50 (Environmental Sound Classification),https://github.com/karolpiczak/ESC-50,CC-BY-4.0,Karol J. Piczak,2026-09-24,5.0,44100,1,field,,n/a,original,,,,873a8b070d4720fae233dd91c91f69e66406b7fa69c4c5bd086559b1b7c3701c,,crow,esc50:2-109231-C-9.wav,,corpus_metadata:ESC-50 field recordings (Freesound clips),esc50_v1,2-109231-C-9.wav,https://github.com/karolpiczak/ESC-50/blob/master/LICENSE
SS-ANI-0616,originals/animal_sound/SS-ANI-0616.wav,Animal Sound,ESC-50 (Environmental Sound Classification),https://github.com/karolpiczak/ESC-50,CC-BY-4.0,Karol J. Piczak,2026-09-24,5.0,44100,1,field,,n/a,original,,,,e3777378fd307de79c32e6f3e035001343bb0e9d6726fd5d871833bd8522c731,,cat,esc50:2-110010-A-5.wav,,corpus_metadata:ESC-50 field recordings (Freesound clips),esc50_v1,2-110010-A-5.wav,https://github.com/karolpiczak/ESC-50/blob/master/LICENSE
SS-ANI-0617,originals/animal_sound/SS-ANI-0617.wav,Animal Sound,ESC-50 (Environmental Sound Classification),https://github.com/karolpiczak/ESC-50,CC-BY-4.0,Karol J. Piczak,2026-09-24,5.0,44100,1,field,,n/a,original,,,,8b5c8afd02a5a79ab464446bec0a06b345ca092eb408660c13e3d76e68e8cdba,,cat,esc50:2-110011-A-5.wav,,corpus_metadata:ESC-50 field recordings (Freesound clips),esc50_v1,2-110011-A-5.wav,https://github.com/karolpiczak/ESC-50/blob/master/LICENSE
SS-ANI-0618,originals/animal_sound/SS-ANI-0618.wav,Animal Sound,ESC-50 (Environmental Sound Classification),https://github.com/karolpiczak/ESC-50,CC-BY-4.0,Karol J. Piczak,2026-09-24,5.0,44100,1,field,,n/a,original,,,,2d52254a00d857f7ac022fa4ab0bcb6cd3cd082d631876c5456994c1e465e9a3,,crickets,esc50:2-110613-A-13.wav,,corpus_metadata:ESC-50 field recordings (Freesound clips),esc50_v1,2-110613-A-13.wav,https://github.com/karolpiczak/ESC-50/blob/master/LICENSE
SS-ANI-0619,originals/animal_sound/SS-ANI-0619.wav,Animal Sound,ESC-50 (Environmental Sound Classification),https://github.com/karolpiczak/ESC-50,CC-BY-4.0,Karol J. Piczak,2026-09-24,5.0,44100,1,field,,n/a,original,,,,cf9681cb5a3eb18088228436c764006f9dfbcc1822274186eb680239435f6ed2,,sheep,esc50:2-110614-A-8.wav,,corpus_metadata:ESC-50 field recordings (Freesound clips),esc50_v1,2-110614-A-8.wav,https://github.com/karolpiczak/ESC-50/blob/master/LICENSE
SS-ANI-0620,originals/animal_sound/SS-ANI-0620.wav,Animal Sound,ESC-50 (Environmental Sound Classification),https://github.com/karolpiczak/ESC-50,CC-BY-4.0,Karol J. Piczak,2026-09-24,5.0,44100,1,field,,n/a,original,,,,649518e19e3cdff90144e218ff607f0da2fa4328d8196f1748b8ab6f4b287a51,,sheep,esc50:2-110614-B-8.wav,,corpus_metadata:ESC-50 field recordings (Freesound clips),esc50_v1,2-110614-B-8.wav,https://github.com/karolpiczak/ESC-50/blob/master/LICENSE
SS-ANI-0621,originals/animal_sound/SS-ANI-0621.wav,Animal Sound,ESC-50 (Environmental Sound Classification),https://github.com/karolpiczak/ESC-50,CC-BY-4.0,Karol J. Piczak,2026-09-24,5.0,44100,1,field,,n/a,original,,,,23cd06e6c8b2e054d13ad6392d34d91588cd8572041d6f4c1c337048fd5deb69,,dog,esc50:2-114280-A-0.wav,,corpus_metadata:ESC-50 field recordings (Freesound clips),esc50_v1,2-114280-A-0.wav,https://github.com/karolpiczak/ESC-50/blob/master/LICENSE
SS-ANI-0622,originals/animal_sound/SS-ANI-0622.wav,Animal Sound,ESC-50 (Environmental Sound Classification),https://github.com/karolpiczak/ESC-50,CC-BY-4.0,Karol J. Piczak,2026-09-24,5.0,44100,1,field,,n/a,original,,,,34d7f9c32c2cda9b6b68483028bb85326259d1c5f2956eac2ecc48b18b06f999,,dog,esc50:2-114587-A-0.wav,,corpus_metadata:ESC-50 field recordings (Freesound clips),esc50_v1,2-114587-A-0.wav,https://github.com/karolpiczak/ESC-50/blob/master/LICENSE
SS-ANI-0623,originals/animal_sound/SS-ANI-0623.wav,Animal Sound,ESC-50 (Environmental Sound Classification),https://github.com/karolpiczak/ESC-50,CC-BY-4.0,Karol J. Piczak,2026-09-24,5.0,44100,1,field,,n/a,original,,,,9830a9ccefad59e7ac9313b86913a6a15e5b4cb281fd479fc6fb076a06ff2a6e,,dog,esc50:2-116400-A-0.wav,,corpus_metadata:ESC-50 field recordings (Freesound clips),esc50_v1,2-116400-A-0.wav,https://github.com/karolpiczak/ESC-50/blob/master/LICENSE
SS-ANI-0624,originals/animal_sound/SS-ANI-0624.wav,Animal Sound,ESC-50 (Environmental Sound Classification),https://github.com/karolpiczak/ESC-50,CC-BY-4.0,Karol J. Piczak,2026-09-24,5.0,44100,1,field,,n/a,original,,,,636eb41093489304bb85802fdf2e8ac8b911500516e210e01f3b0b92f156c01d,,dog,esc50:2-117271-A-0.wav,,corpus_metadata:ESC-50 field recordings (Freesound clips),esc50_v1,2-117271-A-0.wav,https://github.com/karolpiczak/ESC-50/blob/master/LICENSE
SS-ANI-0625,originals/animal_sound/SS-ANI-0625.wav,Animal Sound,ESC-50 (Environmental Sound Classification),https://github.com/karolpiczak/ESC-50,CC-BY-4.0,Karol J. Piczak,2026-09-24,5.0,44100,1,field,,n/a,original,,,,3fc4813da6aacad5956ab9a4943d0d80a2fb2e6e7a4139cb93fc083f187a15c6,,cow,esc50:2-117795-A-3.wav,,corpus_metadata:ESC-50 field recordings (Freesound clips),esc50_v1,2-117795-A-3.wav,https://github.com/karolpiczak/ESC-50/blob/master/LICENSE
SS-ANI-0626,originals/animal_sound/SS-ANI-0626.wav,Animal Sound,ESC-50 (Environmental Sound Classification),https://github.com/karolpiczak/ESC-50,CC-BY-4.0,Karol J. Piczak,2026-09-24,5.0,44100,1,field,,n/a,original,,,,8b645004ac1962dda7d5d34bd4bb9b404778518aa3a3baa797d87aef94c56e66,,cow,esc50:2-117795-B-3.wav,,corpus_metadata:ESC-50 field recordings (Freesound clips),esc50_v1,2-117795-B-3.wav,https://github.com/karolpiczak/ESC-50/blob/master/LICENSE
SS-ANI-0627,originals/animal_sound/SS-ANI-0627.wav,Animal Sound,ESC-50 (Environmental Sound Classification),https://github.com/karolpiczak/ESC-50,CC-BY-4.0,Karol J. Piczak,2026-09-24,5.0,44100,1,field,,n/a,original,,,,c2003f5ce159e77c3a0e52ff042567d159ea8eab6cd3081e64c0b709556dcb4e,,dog,esc50:2-118072-A-0.wav,,corpus_metadata:ESC-50 field recordings (Freesound clips),esc50_v1,2-118072-A-0.wav,https://github.com/karolpiczak/ESC-50/blob/master/LICENSE
SS-ANI-0628,originals/animal_sound/SS-ANI-0628.wav,Animal Sound,ESC-50 (Environmental Sound Classification),https://github.com/karolpiczak/ESC-50,CC-BY-4.0,Karol J. Piczak,2026-09-24,5.0,44100,1,field,,n/a,original,,,,c684bc7d6ff7d8b9dbb7b033760319c4b4aac2ec0ae221df9ba684790a502d87,,dog,esc50:2-118964-A-0.wav,,corpus_metadata:ESC-50 field recordings (Freesound clips),esc50_v1,2-118964-A-0.wav,https://github.com/karolpiczak/ESC-50/blob/master/LICENSE
SS-ANI-0629,originals/animal_sound/SS-ANI-0629.wav,Animal Sound,ESC-50 (Environmental Sound Classification),https://github.com/karolpiczak/ESC-50,CC-BY-4.0,Karol J. Piczak,2026-09-24,5.0,44100,1,field,,n/a,original,,,,da487f739a2260c5f597cfb4fbf76f013fd0616180a4a9590989493837c5a40d,,sheep,esc50:2-119161-A-8.wav,,corpus_metadata:ESC-50 field recordings (Freesound clips),esc50_v1,2-119161-A-8.wav,https://github.com/karolpiczak/ESC-50/blob/master/LICENSE
SS-ANI-0630,originals/animal_sound/SS-ANI-0630.wav,Animal Sound,ESC-50 (Environmental Sound Classification),https://github.com/karolpiczak/ESC-50,CC-BY-4.0,Karol J. Piczak,2026-09-24,5.0,44100,1,field,,n/a,original,,,,15d00f32393111f6d1260b584a9a8e2c0b23a50cb4e39c953d30628e1aece800,,sheep,esc50:2-119161-B-8.wav,,corpus_metadata:ESC-50 field recordings (Freesound clips),esc50_v1,2-119161-B-8.wav,https://github.com/karolpiczak/ESC-50/blob/master/LICENSE
SS-ANI-0631,originals/animal_sound/SS-ANI-0631.wav,Animal Sound,ESC-50 (Environmental Sound Classification),https://github.com/karolpiczak/ESC-50,CC-BY-4.0,Karol J. Piczak,2026-09-24,5.0,44100,1,field,,n/a,original,,,,9f9ad7b894a8d50bf59ce6c4750e5d2d8a4dfc534aebf490babc9f8befd8b2ac,,sheep,esc50:2-119161-C-8.wav,,corpus_metadata:ESC-50 field recordings (Freesound clips),esc50_v1,2-119161-C-8.wav,https://github.com/karolpiczak/ESC-50/blob/master/LICENSE
SS-ANI-0632,originals/animal_sound/SS-ANI-0632.wav,Animal Sound,ESC-50 (Environmental Sound Classification),https://github.com/karolpiczak/ESC-50,CC-BY-4.0,Karol J. Piczak,2026-09-24,5.0,44100,1,field,,n/a,original,,,,b077480a9b26ba20472e4c0263544c86a0af49351057072dde7bb2d483a054da,,hen,esc50:2-120586-A-6.wav,,corpus_metadata:ESC-50 field recordings (Freesound clips),esc50_v1,2-120586-A-6.wav,https://github.com/karolpiczak/ESC-50/blob/master/LICENSE
SS-ANI-0633,originals/animal_sound/SS-ANI-0633.wav,Animal Sound,ESC-50 (Environmental Sound Classification),https://github.com/karolpiczak/ESC-50,CC-BY-4.0,Karol J. Piczak,2026-09-24,5.0,44100,1,field,,n/a,original,,,,1f8830d0c8a05a78b998e43fbfc565af636156147f7b5cadaa598ff1f12f4c64,,hen,esc50:2-120587-A-6.wav,,corpus_metadata:ESC-50 field recordings (Freesound clips),esc50_v1,2-120587-A-6.wav,https://github.com/karolpiczak/ESC-50/blob/master/LICENSE
SS-ANI-0634,originals/animal_sound/SS-ANI-0634.wav,Animal Sound,ESC-50 (Environmental Sound Classification),https://github.com/karolpiczak/ESC-50,CC-BY-4.0,Karol J. Piczak,2026-09-24,5.0,44100,1,field,,n/a,original,,,,0ed7ff66a9d9a570768815d0027803283f091201ec8bf742f466441ad051f736,,dog,esc50:2-122104-A-0.wav,,corpus_metadata:ESC-50 field recordings (Freesound clips),esc50_v1,2-122104-A-0.wav,https://github.com/karolpiczak/ESC-50/blob/master/LICENSE
SS-ANI-0635,originals/animal_sound/SS-ANI-0635.wav,Animal Sound,ESC-50 (Environmental Sound Classification),https://github.com/karolpiczak/ESC-50,CC-BY-4.0,Karol J. Piczak,2026-09-24,5.0,44100,1,field,,n/a,original,,,,3cbf9d8b919210c37a2c74706cdeacf99073a83e98ae6a797d31b34e35db9a59,,dog,esc50:2-122104-B-0.wav,,corpus_metadata:ESC-50 field recordings (Freesound clips),esc50_v1,2-122104-B-0.wav,https://github.com/karolpiczak/ESC-50/blob/master/LICENSE
SS-ANI-0636,originals/animal_sound/SS-ANI-0636.wav,Animal Sound,ESC-50 (Environmental Sound Classification),https://github.com/karolpiczak/ESC-50,CC-BY-4.0,Karol J. Piczak,2026-09-24,5.0,44100,1,field,,n/a,original,,,,3007fb5df39d042addc2a73a2ddd16d246d2cda64fb7b95f9e9134d248cb7818,,chirping_birds,esc50:2-122616-A-14.wav,,corpus_metadata:ESC-50 field recordings (Freesound clips),esc50_v1,2-122616-A-14.wav,https://github.com/karolpiczak/ESC-50/blob/master/LICENSE
SS-ANI-0637,originals/animal_sound/SS-ANI-0637.wav,Animal Sound,ESC-50 (Environmental Sound Classification),https://github.com/karolpiczak/ESC-50,CC-BY-4.0,Karol J. Piczak,2026-09-24,5.0,44100,1,field,,n/a,original,,,,2befdc649b281a3a185b10240e83b70210bc262bf8cb2b0edcb443871a5f7077,,crickets,esc50:2-125821-A-13.wav,,corpus_metadata:ESC-50 field recordings (Freesound clips),esc50_v1,2-125821-A-13.wav,https://github.com/karolpiczak/ESC-50/blob/master/LICENSE
SS-ANI-0638,originals/animal_sound/SS-ANI-0638.wav,Animal Sound,ESC-50 (Environmental Sound Classification),https://github.com/karolpiczak/ESC-50,CC-BY-4.0,Karol J. Piczak,2026-09-24,5.0,44100,1,field,,n/a,original,,,,4c4360eca2d961048bde5fa984ca772b6ac2d2a7e9a7f8ff5c81cc9df6f6b839,,crickets,esc50:2-125875-A-13.wav,,corpus_metadata:ESC-50 field recordings (Freesound clips),esc50_v1,2-125875-A-13.wav,https://github.com/karolpiczak/ESC-50/blob/master/LICENSE
SS-ANI-0639,originals/animal_sound/SS-ANI-0639.wav,Animal Sound,ESC-50 (Environmental Sound Classification),https://github.com/karolpiczak/ESC-50,CC-BY-4.0,Karol J. Piczak,2026-09-24,5.0,44100,1,field,,n/a,original,,,,b57d9172f99594d8708c72f1432862135b41679172f5034dbb50f7b0dc0e0f68,,hen,esc50:2-127109-A-6.wav,,corpus_metadata:ESC-50 field recordings (Freesound clips),esc50_v1,2-127109-A-6.wav,https://github.com/karolpiczak/ESC-50/blob/master/LICENSE
SS-ANI-0640,originals/animal_sound/SS-ANI-0640.wav,Animal Sound,ESC-50 (Environmental Sound Classification),https://github.com/karolpiczak/ESC-50,CC-BY-4.0,Karol J. Piczak,2026-09-24,5.0,44100,1,field,,n/a,original,,,,a0136c66873d8a5d3bd8b843ab3a59fe2e25bac8b37d2aaa0cd0c1b3e3907483,,hen,esc50:2-134049-A-6.wav,,corpus_metadata:ESC-50 field recordings (Freesound clips),esc50_v1,2-134049-A-6.wav,https://github.com/karolpiczak/ESC-50/blob/master/LICENSE
SS-ANI-0641,originals/animal_sound/SS-ANI-0641.wav,Animal Sound,ESC-50 (Environmental Sound Classification),https://github.com/karolpiczak/ESC-50,CC-BY-4.0,Karol J. Piczak,2026-09-24,5.0,44100,1,field,,n/a,original,,,,5e8fc0d2e680ce80ae1a8a4f44bf5b4884a3ff7b3f934b9aa802b80697e21902,,hen,esc50:2-157488-A-6.wav,,corpus_metadata:ESC-50 field recordings (Freesound clips),esc50_v1,2-157488-A-6.wav,https://github.com/karolpiczak/ESC-50/blob/master/LICENSE
SS-ANI-0642,originals/animal_sound/SS-ANI-0642.wav,Animal Sound,ESC-50 (Environmental Sound Classification),https://github.com/karolpiczak/ESC-50,CC-BY-4.0,Karol J. Piczak,2026-09-24,5.0,44100,1,field,,n/a,original,,,,a49f779f4c0a82d736af56419408a1012697d35d5f8b8791575ad9e5054cf7e4,,pig,esc50:2-158746-A-2.wav,,corpus_metadata:ESC-50 field recordings (Freesound clips),esc50_v1,2-158746-A-2.wav,https://github.com/karolpiczak/ESC-50/blob/master/LICENSE
SS-ANI-0643,originals/animal_sound/SS-ANI-0643.wav,Animal Sound,ESC-50 (Environmental Sound Classification),https://github.com/karolpiczak/ESC-50,CC-BY-4.0,Karol J. Piczak,2026-09-24,5.0,44100,1,field,,n/a,original,,,,8ab130e01e109124f6b6940299ed6b3b728191b3ed41342b2e3f2c674ac808a1,,pig,esc50:2-158746-B-2.wav,,corpus_metadata:ESC-50 field recordings (Freesound clips),esc50_v1,2-158746-B-2.wav,https://github.com/karolpiczak/ESC-50/blob/master/LICENSE
SS-ANI-0644,originals/animal_sound/SS-ANI-0644.wav,Animal Sound,ESC-50 (Environmental Sound Classification),https://github.com/karolpiczak/ESC-50,CC-BY-4.0,Karol J. Piczak,2026-09-24,5.0,44100,1,field,,n/a,original,,,,70afaa57d2b9502bd9f733f1cdd550653afe6135839b3f43c479aee7f15cf065,,pig,esc50:2-158746-C-2.wav,,corpus_metadata:ESC-50 field recordings (Freesound clips),esc50_v1,2-158746-C-2.wav,https://github.com/karolpiczak/ESC-50/blob/master/LICENSE
SS-ANI-0645,originals/animal_sound/SS-ANI-0645.wav,Animal Sound,ESC-50 (Environmental Sound Classification),https://github.com/karolpiczak/ESC-50,CC-BY-4.0,Karol J. Piczak,2026-09-24,5.0,44100,1,field,,n/a,original,,,,fbdc5d04b36c6ef3cae45ccf7e650c0516a82ca256a4ad4cbd306c6267c51278,,pig,esc50:2-158746-D-2.wav,,corpus_metadata:ESC-50 field recordings (Freesound clips),esc50_v1,2-158746-D-2.wav,https://github.com/karolpiczak/ESC-50/blob/master/LICENSE
SS-ANI-0646,originals/animal_sound/SS-ANI-0646.wav,Animal Sound,ESC-50 (Environmental Sound Classification),https://github.com/karolpiczak/ESC-50,CC-BY-4.0,Karol J. Piczak,2026-09-24,5.0,44100,1,field,,n/a,original,,,,e5b29a67400bf3ad91670d13969771c71b17d33ceb5c73b3325384b1d2b0d55a,,insects,esc50:2-160128-A-7.wav,,corpus_metadata:ESC-50 field recordings (Freesound clips),esc50_v1,2-160128-A-7.wav,https://github.com/karolpiczak/ESC-50/blob/master/LICENSE
SS-ANI-0647,originals/animal_sound/SS-ANI-0647.wav,Animal Sound,ESC-50 (Environmental Sound Classification),https://github.com/karolpiczak/ESC-50,CC-BY-4.0,Karol J. Piczak,2026-09-24,5.0,44100,1,field,,n/a,original,,,,22b884eb880a87220ff934c8c7cc7337659591f9748bc850b291c91e4ec0b3fe,,pig,esc50:2-166644-A-2.wav,,corpus_metadata:ESC-50 field recordings (Freesound clips),esc50_v1,2-166644-A-2.wav,https://github.com/karolpiczak/ESC-50/blob/master/LICENSE
SS-ANI-0648,originals/animal_sound/SS-ANI-0648.wav,Animal Sound,ESC-50 (Environmental Sound Classification),https://github.com/karolpiczak/ESC-50,CC-BY-4.0,Karol J. Piczak,2026-09-24,5.0,44100,1,field,,n/a,original,,,,4222b9e32ef50e4d8d9837dc599a4fa755d9b865b58ec07715f9d1aba183cf35,,pig,esc50:2-166644-B-2.wav,,corpus_metadata:ESC-50 field recordings (Freesound clips),esc50_v1,2-166644-B-2.wav,https://github.com/karolpiczak/ESC-50/blob/master/LICENSE
SS-ANI-0649,originals/animal_sound/SS-ANI-0649.wav,Animal Sound,ESC-50 (Environmental Sound Classification),https://github.com/karolpiczak/ESC-50,CC-BY-4.0,Karol J. Piczak,2026-09-24,5.0,44100,1,field,,n/a,original,,,,e9b0017b9351df870d803c37c1ff61e6c2eee66bd93f53c9f28b95d0827ef192,,pig,esc50:2-166644-C-2.wav,,corpus_metadata:ESC-50 field recordings (Freesound clips),esc50_v1,2-166644-C-2.wav,https://github.com/karolpiczak/ESC-50/blob/master/LICENSE
SS-ANI-0650,originals/animal_sound/SS-ANI-0650.wav,Animal Sound,ESC-50 (Environmental Sound Classification),https://github.com/karolpiczak/ESC-50,CC-BY-4.0,Karol J. Piczak,2026-09-24,5.0,44100,1,field,,n/a,original,,,,e4199830c5ceffe30f815a7860f00ea135433be48e3bce764ff64a34e910c18a,,sheep,esc50:2-182508-A-8.wav,,corpus_metadata:ESC-50 field recordings (Freesound clips),esc50_v1,2-182508-A-8.wav,https://github.com/karolpiczak/ESC-50/blob/master/LICENSE
SS-BGN-0501,originals/background_noise/SS-BGN-0501.wav,Background Noise,ESC-50 (Environmental Sound Classification),https://github.com/karolpiczak/ESC-50,CC-BY-4.0,Karol J. Piczak,2026-09-24,5.0,44100,1,field,,n/a,original,,,,b0323e17979ff3d840ce3f9b7f13bf800a69a48f62632162b964efc9bfe4ef10,,thunderstorm,esc50:1-101296-A-19.wav,,corpus_metadata:ESC-50 field recordings (Freesound clips),esc50_v1,1-101296-A-19.wav,https://github.com/karolpiczak/ESC-50/blob/master/LICENSE
SS-BGN-0502,originals/background_noise/SS-BGN-0502.wav,Background Noise,ESC-50 (Environmental Sound Classification),https://github.com/karolpiczak/ESC-50,CC-BY-4.0,Karol J. Piczak,2026-09-24,5.0,44100,1,field,,n/a,original,,,,bdad401df959569dc44ad26fff3ff097de5ac98cde763eb37a557a4ab441440f,,thunderstorm,esc50:1-101296-B-19.wav,,corpus_metadata:ESC-50 field recordings (Freesound clips),esc50_v1,1-101296-B-19.wav,https://github.com/karolpiczak/ESC-50/blob/master/LICENSE
SS-BGN-0503,originals/background_noise/SS-BGN-0503.wav,Background Noise,ESC-50 (Environmental Sound Classification),https://github.com/karolpiczak/ESC-50,CC-BY-4.0,Karol J. Piczak,2026-09-24,5.0,44100,1,field,,n/a,original,,,,87c3f36e376c3c26faac723d3d1a8ba0af76c8b3e1b456cfe4062975e67b88d2,,thunderstorm,esc50:1-115521-A-19.wav,,corpus_metadata:ESC-50 field recordings (Freesound clips),esc50_v1,1-115521-A-19.wav,https://github.com/karolpiczak/ESC-50/blob/master/LICENSE
SS-BGN-0504,originals/background_noise/SS-BGN-0504.wav,Background Noise,ESC-50 (Environmental Sound Classification),https://github.com/karolpiczak/ESC-50,CC-BY-4.0,Karol J. Piczak,2026-09-24,5.0,44100,1,field,,n/a,original,,,,9e8ec2f92df6dc2f9673f4c701ac327dc5455e6cfa8e108e0f5443aeaa535a65,,water_drops,esc50:1-12653-A-15.wav,,corpus_metadata:ESC-50 field recordings (Freesound clips),esc50_v1,1-12653-A-15.wav,https://github.com/karolpiczak/ESC-50/blob/master/LICENSE
SS-BGN-0505,originals/background_noise/SS-BGN-0505.wav,Background Noise,ESC-50 (Environmental Sound Classification),https://github.com/karolpiczak/ESC-50,CC-BY-4.0,Karol J. Piczak,2026-09-24,5.0,44100,1,field,,n/a,original,,,,d2dd3a33d3187b9b643a345e768c4286a12a36fc23a3a2c2aaa525d1ce6e8658,,water_drops,esc50:1-12654-A-15.wav,,corpus_metadata:ESC-50 field recordings (Freesound clips),esc50_v1,1-12654-A-15.wav,https://github.com/karolpiczak/ESC-50/blob/master/LICENSE
SS-BGN-0506,originals/background_noise/SS-BGN-0506.wav,Background Noise,ESC-50 (Environmental Sound Classification),https://github.com/karolpiczak/ESC-50,CC-BY-4.0,Karol J. Piczak,2026-09-24,5.0,44100,1,field,,n/a,original,,,,0aae7efcfcf849cb630434296b2de3397ecd8aaf51282feab30ee28fd91d2227,,water_drops,esc50:1-12654-B-15.wav,,corpus_metadata:ESC-50 field recordings (Freesound clips),esc50_v1,1-12654-B-15.wav,https://github.com/karolpiczak/ESC-50/blob/master/LICENSE
SS-BGN-0507,originals/background_noise/SS-BGN-0507.wav,Background Noise,ESC-50 (Environmental Sound Classification),https://github.com/karolpiczak/ESC-50,CC-BY-4.0,Karol J. Piczak,2026-09-24,5.0,44100,1,field,,n/a,original,,,,73e2dd5e66dda29f76a54b53c3c8e33441d105fc35c1d231bfbd8f7a18442969,,wind,esc50:1-137296-A-16.wav,,corpus_metadata:ESC-50 field recordings (Freesound clips),esc50_v1,1-137296-A-16.wav,https://github.com/karolpiczak/ESC-50/blob/master/LICENSE
SS-BGN-0508,originals/background_noise/SS-BGN-0508.wav,Background Noise,ESC-50 (Environmental Sound Classification),https://github.com/karolpiczak/ESC-50,CC-BY-4.0,Karol J. Piczak,2026-09-24,5.0,44100,1,field,,n/a,original,,,,2543c7e9ee65860a5baa39d86040807bf9aa7255b50938e85d478d0f662716dd,,water_drops,esc50:1-16746-A-15.wav,,corpus_metadata:ESC-50 field recordings (Freesound clips),esc50_v1,1-16746-A-15.wav,https://github.com/karolpiczak/ESC-50/blob/master/LICENSE
SS-BGN-0509,originals/background_noise/SS-BGN-0509.wav,Background Noise,ESC-50 (Environmental Sound Classification),https://github.com/karolpiczak/ESC-50,CC-BY-4.0,Karol J. Piczak,2026-09-24,5.0,44100,1,field,,n/a,original,,,,3d278bc2034dfb83881491a8eec97de6f1239f0a5b8a7c02be46b5aab0a51609,,crackling_fire,esc50:1-17150-A-12.wav,,corpus_metadata:ESC-50 field recordings (Freesound clips),esc50_v1,1-17150-A-12.wav,https://github.com/karolpiczak/ESC-50/blob/master/LICENSE
SS-BGN-0510,originals/background_noise/SS-BGN-0510.wav,Background Noise,ESC-50 (Environmental Sound Classification),https://github.com/karolpiczak/ESC-50,CC-BY-4.0,Karol J. Piczak,2026-09-24,5.0,44100,1,field,,n/a,original,,,,d732acd2e0c7c40405968010f49f250740c86998fc416eff2ed5330fc8c89dea,,rain,esc50:1-17367-A-10.wav,,corpus_metadata:ESC-50 field recordings (Freesound clips),esc50_v1,1-17367-A-10.wav,https://github.com/karolpiczak/ESC-50/blob/master/LICENSE
SS-BGN-0511,originals/background_noise/SS-BGN-0511.wav,Background Noise,ESC-50 (Environmental Sound Classification),https://github.com/karolpiczak/ESC-50,CC-BY-4.0,Karol J. Piczak,2026-09-24,5.0,44100,1,field,,n/a,original,,,,bf16e25363a2d5824c07e96dc05defcb87e1d9dcd47bfd241a9d25e01b411209,,crackling_fire,esc50:1-17565-A-12.wav,,corpus_metadata:ESC-50 field recordings (Freesound clips),esc50_v1,1-17565-A-12.wav,https://github.com/karolpiczak/ESC-50/blob/master/LICENSE
SS-BGN-0512,originals/background_noise/SS-BGN-0512.wav,Background Noise,ESC-50 (Environmental Sound Classification),https://github.com/karolpiczak/ESC-50,CC-BY-4.0,Karol J. Piczak,2026-09-24,5.0,44100,1,field,,n/a,original,,,,57c4d44ed80ad163ac63353ea98a7b286cfbe5ceb844cc57959b70c08ce5dde9,,crackling_fire,esc50:1-17742-A-12.wav,,corpus_metadata:ESC-50 field recordings (Freesound clips),esc50_v1,1-17742-A-12.wav,https://github.com/karolpiczak/ESC-50/blob/master/LICENSE
SS-BGN-0513,originals/background_noise/SS-BGN-0513.wav,Background Noise,ESC-50 (Environmental Sound Classification),https://github.com/karolpiczak/ESC-50,CC-BY-4.0,Karol J. Piczak,2026-09-24,5.0,44100,1,field,,n/a,original,,,,e6a90f134fe2f2eaa759b2b01ec831d6f86e300522fb0a5d19e050df16c606af,,crackling_fire,esc50:1-17808-A-12.wav,,corpus_metadata:ESC-50 field recordings (Freesound clips),esc50_v1,1-17808-A-12.wav,https://github.com/karolpiczak/ESC-50/blob/master/LICENSE
SS-BGN-0514,originals/background_noise/SS-BGN-0514.wav,Background Noise,ESC-50 (Environmental Sound Classification),https://github.com/karolpiczak/ESC-50,CC-BY-4.0,Karol J. Piczak,2026-09-24,5.0,44100,1,field,,n/a,original,,,,f28b0f8158b6a5adfa4bca5df5c71963c839dd22815440c8b3e220ef2016a365,,crackling_fire,esc50:1-17808-B-12.wav,,corpus_metadata:ESC-50 field recordings (Freesound clips),esc50_v1,1-17808-B-12.wav,https://github.com/karolpiczak/ESC-50/blob/master/LICENSE
SS-BGN-0515,originals/background_noise/SS-BGN-0515.wav,Background Noise,ESC-50 (Environmental Sound Classification),https://github.com/karolpiczak/ESC-50,CC-BY-4.0,Karol J. Piczak,2026-09-24,5.0,44100,1,field,,n/a,original,,,,5f15ab2d8f6ef9932909b1b75c8ac254cbea46c93b4b2f0f3542abdf09b9abc0,,rain,esc50:1-21189-A-10.wav,,corpus_metadata:ESC-50 field recordings (Freesound clips),esc50_v1,1-21189-A-10.wav,https://github.com/karolpiczak/ESC-50/blob/master/LICENSE
SS-BGN-0516,originals/background_noise/SS-BGN-0516.wav,Background Noise,ESC-50 (Environmental Sound Classification),https://github.com/karolpiczak/ESC-50,CC-BY-4.0,Karol J. Piczak,2026-09-24,5.0,44100,1,field,,n/a,original,,,,0d346768ebd5359cdc18d871d836c31b0d94dea3e69e9a7a15630ebbe7e1a91e,,water_drops,esc50:1-23094-A-15.wav,,corpus_metadata:ESC-50 field recordings (Freesound clips),esc50_v1,1-23094-A-15.wav,https://github.com/karolpiczak/ESC-50/blob/master/LICENSE
SS-BGN-0517,originals/background_noise/SS-BGN-0517.wav,Background Noise,ESC-50 (Environmental Sound Classification),https://github.com/karolpiczak/ESC-50,CC-BY-4.0,Karol J. Piczak,2026-09-24,5.0,44100,1,field,,n/a,original,,,,a2b8e98255f517cdacd61cf1a3f35f8c6f15a71e4cc51d0bc1044938f627dd58,,water_drops,esc50:1-23094-B-15.wav,,corpus_metadata:ESC-50 field recordings (Freesound clips),esc50_v1,1-23094-B-15.wav,https://github.com/karolpiczak/ESC-50/blob/master/LICENSE
SS-BGN-0518,originals/background_noise/SS-BGN-0518.wav,Background Noise,ESC-50 (Environmental Sound Classification),https://github.com/karolpiczak/ESC-50,CC-BY-4.0,Karol J. Piczak,2026-09-24,5.0,44100,1,field,,n/a,original,,,,680bc85f2f6fb1f0fef85a1f4f059bc7b6957a30d0a0b3dd8e93c287216cbbd5,,thunderstorm,esc50:1-23222-A-19.wav,,corpus_metadata:ESC-50 field recordings (Freesound clips),esc50_v1,1-23222-A-19.wav,https://github.com/karolpiczak/ESC-50/blob/master/LICENSE
SS-BGN-0519,originals/background_noise/SS-BGN-0519.wav,Background Noise,ESC-50 (Environmental Sound Classification),https://github.com/karolpiczak/ESC-50,CC-BY-4.0,Karol J. Piczak,2026-09-24,5.0,44100,1,field,,n/a,original,,,,a48701b1104510004ad4d425bf0dbc8d55b8febd1a603b9e72c1a74075b45c23,,thunderstorm,esc50:1-23222-B-19.wav,,corpus_metadata:ESC-50 field recordings (Freesound clips),esc50_v1,1-23222-B-19.wav,https://github.com/karolpiczak/ESC-50/blob/master/LICENSE
SS-BGN-0520,originals/background_noise/SS-BGN-0520.wav,Background Noise,ESC-50 (Environmental Sound Classification),https://github.com/karolpiczak/ESC-50,CC-BY-4.0,Karol J. Piczak,2026-09-24,5.0,44100,1,field,,n/a,original,,,,a0a8af38dc93186bdaef63b0eff44853604d4c2ba8a2f329109c784a8fab3f67,,thunderstorm,esc50:1-24524-A-19.wav,,corpus_metadata:ESC-50 field recordings (Freesound clips),esc50_v1,1-24524-A-19.wav,https://github.com/karolpiczak/ESC-50/blob/master/LICENSE
SS-BGN-0521,originals/background_noise/SS-BGN-0521.wav,Background Noise,ESC-50 (Environmental Sound Classification),https://github.com/karolpiczak/ESC-50,CC-BY-4.0,Karol J. Piczak,2026-09-24,5.0,44100,1,field,,n/a,original,,,,661ff207a4373a81a5311745e1d51b79bb42ac9825a87a592d21637aa514dbf3,,thunderstorm,esc50:1-24524-B-19.wav,,corpus_metadata:ESC-50 field recordings (Freesound clips),esc50_v1,1-24524-B-19.wav,https://github.com/karolpiczak/ESC-50/blob/master/LICENSE
SS-BGN-0522,originals/background_noise/SS-BGN-0522.wav,Background Noise,ESC-50 (Environmental Sound Classification),https://github.com/karolpiczak/ESC-50,CC-BY-4.0,Karol J. Piczak,2026-09-24,5.0,44100,1,field,,n/a,original,,,,3116ac95bb308961b1581d3db91e9926581ce901507828cf210d5540239239d3,,thunderstorm,esc50:1-24524-C-19.wav,,corpus_metadata:ESC-50 field recordings (Freesound clips),esc50_v1,1-24524-C-19.wav,https://github.com/karolpiczak/ESC-50/blob/master/LICENSE
SS-BGN-0523,originals/background_noise/SS-BGN-0523.wav,Background Noise,ESC-50 (Environmental Sound Classification),https://github.com/karolpiczak/ESC-50,CC-BY-4.0,Karol J. Piczak,2026-09-24,5.0,44100,1,field,,n/a,original,,,,7a03695543a56d61464ea2bd87e0947bb994d38c914492c02be686693b6e1dac,,rain,esc50:1-26222-A-10.wav,,corpus_metadata:ESC-50 field recordings (Freesound clips),esc50_v1,1-26222-A-10.wav,https://github.com/karolpiczak/ESC-50/blob/master/LICENSE
SS-BGN-0524,originals/background_noise/SS-BGN-0524.wav,Background Noise,ESC-50 (Environmental Sound Classification),https://github.com/karolpiczak/ESC-50,CC-BY-4.0,Karol J. Piczak,2026-09-24,5.0,44100,1,field,,n/a,original,,,,4d04b84d490c4d9ab28a52c4c96d1b14c2f8b132fc4be38166197ae814920742,,sea_waves,esc50:1-28135-A-11.wav,,corpus_metadata:ESC-50 field recordings (Freesound clips),esc50_v1,1-28135-A-11.wav,https://github.com/karolpiczak/ESC-50/blob/master/LICENSE
SS-BGN-0525,originals/background_noise/SS-BGN-0525.wav,Background Noise,ESC-50 (Environmental Sound Classification),https://github.com/karolpiczak/ESC-50,CC-BY-4.0,Karol J. Piczak,2026-09-24,5.0,44100,1,field,,n/a,original,,,,806548ec876df9f91ced5503f76794a42dca6b8790324f87464de5ed780189cb,,sea_waves,esc50:1-28135-B-11.wav,,corpus_metadata:ESC-50 field recordings (Freesound clips),esc50_v1,1-28135-B-11.wav,https://github.com/karolpiczak/ESC-50/blob/master/LICENSE
SS-BGN-0526,originals/background_noise/SS-BGN-0526.wav,Background Noise,ESC-50 (Environmental Sound Classification),https://github.com/karolpiczak/ESC-50,CC-BY-4.0,Karol J. Piczak,2026-09-24,5.0,44100,1,field,,n/a,original,,,,f7161457776ff69adbb903e870a3ecf532228a033de6896f25af2f4ce77c5f68,,wind,esc50:1-29532-A-16.wav,,corpus_metadata:ESC-50 field recordings (Freesound clips),esc50_v1,1-29532-A-16.wav,https://github.com/karolpiczak/ESC-50/blob/master/LICENSE
SS-BGN-0527,originals/background_noise/SS-BGN-0527.wav,Background Noise,ESC-50 (Environmental Sound Classification),https://github.com/karolpiczak/ESC-50,CC-BY-4.0,Karol J. Piczak,2026-09-24,5.0,44100,1,field,,n/a,original,,,,4dc600962b53709664b27073f46ef2ad7d766ddad39c3ff04fcaf98442aae65b,,rain,esc50:1-29561-A-10.wav,,corpus_metadata:ESC-50 field recordings (Freesound clips),esc50_v1,1-29561-A-10.wav,https://github.com/karolpiczak/ESC-50/blob/master/LICENSE
SS-BGN-0528,originals/background_noise/SS-BGN-0528.wav,Background Noise,ESC-50 (Environmental Sound Classification),https://github.com/karolpiczak/ESC-50,CC-BY-4.0,Karol J. Piczak,2026-09-24,5.0,44100,1,field,,n/a,original,,,,b1e33d5fe73bc31317fa9fa4e70d0fcaf761346f8a908c89cec50c6c23f41603,,sea_waves,esc50:1-39901-A-11.wav,,corpus_metadata:ESC-50 field recordings (Freesound clips),esc50_v1,1-39901-A-11.wav,https://github.com/karolpiczak/ESC-50/blob/master/LICENSE
SS-BGN-0529,originals/background_noise/SS-BGN-0529.wav,Background Noise,ESC-50 (Environmental Sound Classification),https://github.com/karolpiczak/ESC-50,CC-BY-4.0,Karol J. Piczak,2026-09-24,5.0,44100,1,field,,n/a,original,,,,582d4c541bb4bdbc300ccbbaa52f120931a849b1616a4eb6135cf32c5ba8c517,,sea_waves,esc50:1-39901-B-11.wav,,corpus_metadata:ESC-50 field recordings (Freesound clips),esc50_v1,1-39901-B-11.wav,https://github.com/karolpiczak/ESC-50/blob/master/LICENSE
SS-BGN-0530,originals/background_noise/SS-BGN-0530.wav,Background Noise,ESC-50 (Environmental Sound Classification),https://github.com/karolpiczak/ESC-50,CC-BY-4.0,Karol J. Piczak,2026-09-24,5.0,44100,1,field,,n/a,original,,,,6e8d15a855d1622c1f7dcd12e00ba2bfc3b65a316947e1bbdcaa0be0157175db,,crackling_fire,esc50:1-4211-A-12.wav,,corpus_metadata:ESC-50 field recordings (Freesound clips),esc50_v1,1-4211-A-12.wav,https://github.com/karolpiczak/ESC-50/blob/master/LICENSE
SS-BGN-0531,originals/background_noise/SS-BGN-0531.wav,Background Noise,ESC-50 (Environmental Sound Classification),https://github.com/karolpiczak/ESC-50,CC-BY-4.0,Karol J. Piczak,2026-09-24,5.0,44100,1,field,,n/a,original,,,,efd808d11d8df8f75f46b7d4183baf082abce9948985c4fca02e191d3204be10,,sea_waves,esc50:1-43760-A-11.wav,,corpus_metadata:ESC-50 field recordings (Freesound clips),esc50_v1,1-43760-A-11.wav,https://github.com/karolpiczak/ESC-50/blob/master/LICENSE
SS-BGN-0532,originals/background_noise/SS-BGN-0532.wav,Background Noise,ESC-50 (Environmental Sound Classification),https://github.com/karolpiczak/ESC-50,CC-BY-4.0,Karol J. Piczak,2026-09-24,5.0,44100,1,field,,n/a,original,,,,d48f5f4994b0ac7bbd4983f7c4cb3bdee0a3fe15bdbd0ac8f0fba7450d75c678,,crackling_fire,esc50:1-46272-A-12.wav,,corpus_metadata:ESC-50 field recordings (Freesound clips),esc50_v1,1-46272-A-12.wav,https://github.com/karolpiczak/ESC-50/blob/master/LICENSE
SS-BGN-0533,originals/background_noise/SS-BGN-0533.wav,Background Noise,ESC-50 (Environmental Sound Classification),https://github.com/karolpiczak/ESC-50,CC-BY-4.0,Karol J. Piczak,2026-09-24,5.0,44100,1,field,,n/a,original,,,,179c0a007da435841be8bca63bb0aa44fefc1af1b9dbb2a413f9c0acff805fea,,wind,esc50:1-47709-A-16.wav,,corpus_metadata:ESC-50 field recordings (Freesound clips),esc50_v1,1-47709-A-16.wav,https://github.com/karolpiczak/ESC-50/blob/master/LICENSE
SS-BGN-0534,originals/background_noise/SS-BGN-0534.wav,Background Noise,ESC-50 (Environmental Sound Classification),https://github.com/karolpiczak/ESC-50,CC-BY-4.0,Karol J. Piczak,2026-09-24,5.0,44100,1,field,,n/a,original,,,,cfcba34eb24f53b5be2c5a824c664dc376890631490c29a46655abb43b19ae8b,,wind,esc50:1-47714-A-16.wav,,corpus_metadata:ESC-50 field recordings (Freesound clips),esc50_v1,1-47714-A-16.wav,https://github.com/karolpiczak/ESC-50/blob/master/LICENSE
SS-BGN-0535,originals/background_noise/SS-BGN-0535.wav,Background Noise,ESC-50 (Environmental Sound Classification),https://github.com/karolpiczak/ESC-50,CC-BY-4.0,Karol J. Piczak,2026-09-24,5.0,44100,1,field,,n/a,original,,,,cc8119be878eafdc69f7408dad614493a238174372eebf75e4c8314d1bb9807d,,rain,esc50:1-50060-A-10.wav,,corpus_metadata:ESC-50 field recordings (Freesound clips),esc50_v1,1-50060-A-10.wav,https://github.com/karolpiczak/ESC-50/blob/master/LICENSE
SS-BGN-0536,originals/background_noise/SS-BGN-0536.wav,Background Noise,ESC-50 (Environmental Sound Classification),https://github.com/karolpiczak/ESC-50,CC-BY-4.0,Karol J. Piczak,2026-09-24,5.0,44100,1,field,,n/a,original,,,,7d73ac9525cb81fe60a0728b310e1f27affc550945da7fa780961dc2f39cbbc9,,water_drops,esc50:1-50623-A-15.wav,,corpus_metadata:ESC-50 field recordings (Freesound clips),esc50_v1,1-50623-A-15.wav,https://github.com/karolpiczak/ESC-50/blob/master/LICENSE
SS-BGN-0537,originals/background_noise/SS-BGN-0537.wav,Background Noise,ESC-50 (Environmental Sound Classification),https://github.com/karolpiczak/ESC-50,CC-BY-4.0,Karol J. Piczak,2026-09-24,5.0,44100,1,field,,n/a,original,,,,d8b851e1a4210e2a8ef92ce603b4dabe12743a51318a59d3b1d393e856de12b0,,wind,esc50:1-51035-A-16.wav,,corpus_metadata:ESC-50 field recordings (Freesound clips),esc50_v1,1-51035-A-16.wav,https://github.com/karolpiczak/ESC-50/blob/master/LICENSE
SS-BGN-0538,originals/background_noise/SS-BGN-0538.wav,Background Noise,ESC-50 (Environmental Sound Classification),https://github.com/karolpiczak/ESC-50,CC-BY-4.0,Karol J. Piczak,2026-09-24,5.0,44100,1,field,,n/a,original,,,,77aee0377d909fb77cd085ef1a1828c8aec3da8306e8ca7cf8c17f5c77ae3111,,wind,esc50:1-51036-A-16.wav,,corpus_metadata:ESC-50 field recordings (Freesound clips),esc50_v1,1-51036-A-16.wav,https://github.com/karolpiczak/ESC-50/blob/master/LICENSE
SS-BGN-0539,originals/background_noise/SS-BGN-0539.wav,Background Noise,ESC-50 (Environmental Sound Classification),https://github.com/karolpiczak/ESC-50,CC-BY-4.0,Karol J. Piczak,2026-09-24,5.0,44100,1,field,,n/a,original,,,,3609c5ef4959aab64c320e757d5d7d6aab49ab027ba9cf955de00874d16e8b23,,wind,esc50:1-51037-A-16.wav,,corpus_metadata:ESC-50 field recordings (Freesound clips),esc50_v1,1-51037-A-16.wav,https://github.com/karolpiczak/ESC-50/blob/master/LICENSE
SS-BGN-0540,originals/background_noise/SS-BGN-0540.wav,Background Noise,ESC-50 (Environmental Sound Classification),https://github.com/karolpiczak/ESC-50,CC-BY-4.0,Karol J. Piczak,2026-09-24,5.0,44100,1,field,,n/a,original,,,,d93233d42dc57a3e81cb9ca446145f50cdc806f0174393b1055e5d9a327cef86,,rain,esc50:1-54958-A-10.wav,,corpus_metadata:ESC-50 field recordings (Freesound clips),esc50_v1,1-54958-A-10.wav,https://github.com/karolpiczak/ESC-50/blob/master/LICENSE
SS-BGN-0541,originals/background_noise/SS-BGN-0541.wav,Background Noise,ESC-50 (Environmental Sound Classification),https://github.com/karolpiczak/ESC-50,CC-BY-4.0,Karol J. Piczak,2026-09-24,5.0,44100,1,field,,n/a,original,,,,cf0dcbd49d979bf73992068b51db46cf3098995e66b3fb8ceb6ec276009aadc7,,rain,esc50:1-56311-A-10.wav,,corpus_metadata:ESC-50 field recordings (Freesound clips),esc50_v1,1-56311-A-10.wav,https://github.com/karolpiczak/ESC-50/blob/master/LICENSE
SS-BGN-0542,originals/background_noise/SS-BGN-0542.wav,Background Noise,ESC-50 (Environmental Sound Classification),https://github.com/karolpiczak/ESC-50,CC-BY-4.0,Karol J. Piczak,2026-09-24,5.0,44100,1,field,,n/a,original,,,,fb76a05332ed37fa76ef09b878d28831d5c433554d317893a9911384bd84082b,,sea_waves,esc50:1-61252-A-11.wav,,corpus_metadata:ESC-50 field recordings (Freesound clips),esc50_v1,1-61252-A-11.wav,https://github.com/karolpiczak/ESC-50/blob/master/LICENSE
SS-BGN-0543,originals/background_noise/SS-BGN-0543.wav,Background Noise,ESC-50 (Environmental Sound Classification),https://github.com/karolpiczak/ESC-50,CC-BY-4.0,Karol J. Piczak,2026-09-24,5.0,44100,1,field,,n/a,original,,,,9ae1461223eaecf2df3818b51e0d7b5987ef497b17038594455bbcee6673d350,,rain,esc50:1-63871-A-10.wav,,corpus_metadata:ESC-50 field recordings (Freesound clips),esc50_v1,1-63871-A-10.wav,https://github.com/karolpiczak/ESC-50/blob/master/LICENSE
SS-BGN-0544,originals/background_noise/SS-BGN-0544.wav,Background Noise,ESC-50 (Environmental Sound Classification),https://github.com/karolpiczak/ESC-50,CC-BY-4.0,Karol J. Piczak,2026-09-24,5.0,44100,1,field,,n/a,original,,,,60280269ee55438b8c30486db5711cb52d566555aac4abf169ae8cd0d875ec77,,wind,esc50:1-69760-A-16.wav,,corpus_metadata:ESC-50 field recordings (Freesound clips),esc50_v1,1-69760-A-16.wav,https://github.com/karolpiczak/ESC-50/blob/master/LICENSE
SS-BGN-0545,originals/background_noise/SS-BGN-0545.wav,Background Noise,ESC-50 (Environmental Sound Classification),https://github.com/karolpiczak/ESC-50,CC-BY-4.0,Karol J. Piczak,2026-09-24,5.0,44100,1,field,,n/a,original,,,,f92e52f9ab78d700dc10bcbc36020082613e669db245961b3205e8394c075da6,,crackling_fire,esc50:1-7057-A-12.wav,,corpus_metadata:ESC-50 field recordings (Freesound clips),esc50_v1,1-7057-A-12.wav,https://github.com/karolpiczak/ESC-50/blob/master/LICENSE
SS-BGN-0546,originals/background_noise/SS-BGN-0546.wav,Background Noise,ESC-50 (Environmental Sound Classification),https://github.com/karolpiczak/ESC-50,CC-BY-4.0,Karol J. Piczak,2026-09-24,5.0,44100,1,field,,n/a,original,,,,53c31439d01c36f13c774287707bb6cb5fe24bdea15e213e4c49fcd88b78b584,,water_drops,esc50:1-90797-A-15.wav,,corpus_metadata:ESC-50 field recordings (Freesound clips),esc50_v1,1-90797-A-15.wav,https://github.com/karolpiczak/ESC-50/blob/master/LICENSE
SS-BGN-0547,originals/background_noise/SS-BGN-0547.wav,Background Noise,ESC-50 (Environmental Sound Classification),https://github.com/karolpiczak/ESC-50,CC-BY-4.0,Karol J. Piczak,2026-09-24,5.0,44100,1,field,,n/a,original,,,,dc68614d5082a595bce514b13304d91451cc6d570dddfb84a9283e5d77fc3148,,sea_waves,esc50:1-91359-A-11.wav,,corpus_metadata:ESC-50 field recordings (Freesound clips),esc50_v1,1-91359-A-11.wav,https://github.com/karolpiczak/ESC-50/blob/master/LICENSE
SS-BGN-0548,originals/background_noise/SS-BGN-0548.wav,Background Noise,ESC-50 (Environmental Sound Classification),https://github.com/karolpiczak/ESC-50,CC-BY-4.0,Karol J. Piczak,2026-09-24,5.0,44100,1,field,,n/a,original,,,,119e12872a9ec159c255ddaab2c8382439a97815ce90552273529d53f86ee8ff,,sea_waves,esc50:1-91359-B-11.wav,,corpus_metadata:ESC-50 field recordings (Freesound clips),esc50_v1,1-91359-B-11.wav,https://github.com/karolpiczak/ESC-50/blob/master/LICENSE
SS-BGN-0549,originals/background_noise/SS-BGN-0549.wav,Background Noise,ESC-50 (Environmental Sound Classification),https://github.com/karolpiczak/ESC-50,CC-BY-4.0,Karol J. Piczak,2026-09-24,5.0,44100,1,field,,n/a,original,,,,ef456a67e12d2e2c84513e9eb8bea769e343cd5e0bfe65a34dc96c526f260838,,rain,esc50:2-101676-A-10.wav,,corpus_metadata:ESC-50 field recordings (Freesound clips),esc50_v1,2-101676-A-10.wav,https://github.com/karolpiczak/ESC-50/blob/master/LICENSE
SS-BGN-0550,originals/background_noise/SS-BGN-0550.wav,Background Noise,ESC-50 (Environmental Sound Classification),https://github.com/karolpiczak/ESC-50,CC-BY-4.0,Karol J. Piczak,2026-09-24,5.0,44100,1,field,,n/a,original,,,,88e893f0db59886dd96f9b2c0f839eaad0364e9d2ec948eca3ef6af1a66e64b5,,sea_waves,esc50:2-102852-A-11.wav,,corpus_metadata:ESC-50 field recordings (Freesound clips),esc50_v1,2-102852-A-11.wav,https://github.com/karolpiczak/ESC-50/blob/master/LICENSE
SS-BGN-0551,originals/background_noise/SS-BGN-0551.wav,Background Noise,ESC-50 (Environmental Sound Classification),https://github.com/karolpiczak/ESC-50,CC-BY-4.0,Karol J. Piczak,2026-09-24,5.0,44100,1,field,,n/a,original,,,,2ee21d7425178ca938f3415c8f45682c908902f357a07f727749f863b670e655,,thunderstorm,esc50:2-104105-A-19.wav,,corpus_metadata:ESC-50 field recordings (Freesound clips),esc50_v1,2-104105-A-19.wav,https://github.com/karolpiczak/ESC-50/blob/master/LICENSE
SS-BGN-0552,originals/background_noise/SS-BGN-0552.wav,Background Noise,ESC-50 (Environmental Sound Classification),https://github.com/karolpiczak/ESC-50,CC-BY-4.0,Karol J. Piczak,2026-09-24,5.0,44100,1,field,,n/a,original,,,,8a02fab36f501893605f9e5de65e96c5a6a0828245415991b89828caadfdf180,,thunderstorm,esc50:2-104105-B-19.wav,,corpus_metadata:ESC-50 field recordings (Freesound clips),esc50_v1,2-104105-B-19.wav,https://github.com/karolpiczak/ESC-50/blob/master/LICENSE
SS-BGN-0553,originals/background_noise/SS-BGN-0553.wav,Background Noise,ESC-50 (Environmental Sound Classification),https://github.com/karolpiczak/ESC-50,CC-BY-4.0,Karol J. Piczak,2026-09-24,5.0,44100,1,field,,n/a,original,,,,d3f15c7eaac8332a48fb0aeb921d1b50ae8eba558928eaa4f7c30639018854df,,wind,esc50:2-104952-A-16.wav,,corpus_metadata:ESC-50 field recordings (Freesound clips),esc50_v1,2-104952-A-16.wav,https://github.com/karolpiczak/ESC-50/blob/master/LICENSE
SS-BGN-0554,originals/background_noise/SS-BGN-0554.wav,Background Noise,ESC-50 (Environmental Sound Classification),https://github.com/karolpiczak/ESC-50,CC-BY-4.0,Karol J. Piczak,2026-09-24,5.0,44100,1,field,,n/a,original,,,,88d27648c6a78a46cebaba763af5e09dc491296dd49a0a928b1104c1cda1c735,,wind,esc50:2-104952-B-16.wav,,corpus_metadata:ESC-50 field recordings (Freesound clips),esc50_v1,2-104952-B-16.wav,https://github.com/karolpiczak/ESC-50/blob/master/LICENSE
SS-BGN-0555,originals/background_noise/SS-BGN-0555.wav,Background Noise,ESC-50 (Environmental Sound Classification),https://github.com/karolpiczak/ESC-50,CC-BY-4.0,Karol J. Piczak,2026-09-24,5.0,44100,1,field,,n/a,original,,,,0cf39cf3983eaedfffa3ba3a2a70a4a55146845029f2888fdc66d4c070809c37,,wind,esc50:2-109371-A-16.wav,,corpus_metadata:ESC-50 field recordings (Freesound clips),esc50_v1,2-109371-A-16.wav,https://github.com/karolpiczak/ESC-50/blob/master/LICENSE
SS-BGN-0556,originals/background_noise/SS-BGN-0556.wav,Background Noise,ESC-50 (Environmental Sound Classification),https://github.com/karolpiczak/ESC-50,CC-BY-4.0,Karol J. Piczak,2026-09-24,5.0,44100,1,field,,n/a,original,,,,be0ea8a1ff1748c5c5a4bbff92e03ddb2a67bf4b7f07679047468490d08f8bdc,,wind,esc50:2-109371-B-16.wav,,corpus_metadata:ESC-50 field recordings (Freesound clips),esc50_v1,2-109371-B-16.wav,https://github.com/karolpiczak/ESC-50/blob/master/LICENSE
SS-BGN-0557,originals/background_noise/SS-BGN-0557.wav,Background Noise,ESC-50 (Environmental Sound Classification),https://github.com/karolpiczak/ESC-50,CC-BY-4.0,Karol J. Piczak,2026-09-24,5.0,44100,1,field,,n/a,original,,,,0f4cdd69ef229b244563c681b4b3fde04840941c9304dea0946b919c060752ef,,wind,esc50:2-109371-C-16.wav,,corpus_metadata:ESC-50 field recordings (Freesound clips),esc50_v1,2-109371-C-16.wav,https://github.com/karolpiczak/ESC-50/blob/master/LICENSE
SS-BGN-0558,originals/background_noise/SS-BGN-0558.wav,Background Noise,ESC-50 (Environmental Sound Classification),https://github.com/karolpiczak/ESC-50,CC-BY-4.0,Karol J. Piczak,2026-09-24,5.0,44100,1,field,,n/a,original,,,,c40dcc1e5ee9ab4c3663f0022d9443d2623a0c205924f3e508ee710deb4f0d98,,wind,esc50:2-109371-D-16.wav,,corpus_metadata:ESC-50 field recordings (Freesound clips),esc50_v1,2-109371-D-16.wav,https://github.com/karolpiczak/ESC-50/blob/master/LICENSE
SS-BGN-0559,originals/background_noise/SS-BGN-0559.wav,Background Noise,ESC-50 (Environmental Sound Classification),https://github.com/karolpiczak/ESC-50,CC-BY-4.0,Karol J. Piczak,2026-09-24,5.0,44100,1,field,,n/a,original,,,,a4aaa0c3473b7db30a3738ad432299d2360d2236bb5816c9c5cf1f0fa855f52d,,wind,esc50:2-109374-A-16.wav,,corpus_metadata:ESC-50 field recordings (Freesound clips),esc50_v1,2-109374-A-16.wav,https://github.com/karolpiczak/ESC-50/blob/master/LICENSE
SS-BGN-0560,originals/background_noise/SS-BGN-0560.wav,Background Noise,ESC-50 (Environmental Sound Classification),https://github.com/karolpiczak/ESC-50,CC-BY-4.0,Karol J. Piczak,2026-09-24,5.0,44100,1,field,,n/a,original,,,,26c3b6b455aeb91f6f3d9a2b00f7e06bd1fc79609606ea2ae86272657dc02e88,,rain,esc50:2-117625-A-10.wav,,corpus_metadata:ESC-50 field recordings (Freesound clips),esc50_v1,2-117625-A-10.wav,https://github.com/karolpiczak/ESC-50/blob/master/LICENSE
SS-BGN-0561,originals/background_noise/SS-BGN-0561.wav,Background Noise,ESC-50 (Environmental Sound Classification),https://github.com/karolpiczak/ESC-50,CC-BY-4.0,Karol J. Piczak,2026-09-24,5.0,44100,1,field,,n/a,original,,,,9b8cba3bb95b883c392c6dada8b256a7a8aa708f464de23c4d377fd321a2c38b,,water_drops,esc50:2-124564-A-15.wav,,corpus_metadata:ESC-50 field recordings (Freesound clips),esc50_v1,2-124564-A-15.wav,https://github.com/karolpiczak/ESC-50/blob/master/LICENSE
SS-BGN-0562,originals/background_noise/SS-BGN-0562.wav,Background Noise,ESC-50 (Environmental Sound Classification),https://github.com/karolpiczak/ESC-50,CC-BY-4.0,Karol J. Piczak,2026-09-24,5.0,44100,1,field,,n/a,original,,,,60c6883343535fcf14bb030d30c7b79c81fad89fdc7f4e6f34d81c1d98c1e645,,sea_waves,esc50:2-124662-A-11.wav,,corpus_metadata:ESC-50 field recordings (Freesound clips),esc50_v1,2-124662-A-11.wav,https://github.com/karolpiczak/ESC-50/blob/master/LICENSE
SS-BGN-0563,originals/background_noise/SS-BGN-0563.wav,Background Noise,ESC-50 (Environmental Sound Classification),https://github.com/karolpiczak/ESC-50,CC-BY-4.0,Karol J. Piczak,2026-09-24,5.0,44100,1,field,,n/a,original,,,,86643b7df512575db786b21b70092f27050b81e01f459f7fcbcb862314827e51,,sea_waves,esc50:2-125966-A-11.wav,,corpus_metadata:ESC-50 field recordings (Freesound clips),esc50_v1,2-125966-A-11.wav,https://github.com/karolpiczak/ESC-50/blob/master/LICENSE
SS-BGN-0564,originals/background_noise/SS-BGN-0564.wav,Background Noise,ESC-50 (Environmental Sound Classification),https://github.com/karolpiczak/ESC-50,CC-BY-4.0,Karol J. Piczak,2026-09-24,5.0,44100,1,field,,n/a,original,,,,1925d1067111dd06970446f46a786f261efa68b121039bb5cea4f546f9600685,,sea_waves,esc50:2-132157-A-11.wav,,corpus_metadata:ESC-50 field recordings (Freesound clips),esc50_v1,2-132157-A-11.wav,https://github.com/karolpiczak/ESC-50/blob/master/LICENSE
SS-BGN-0565,originals/background_noise/SS-BGN-0565.wav,Background Noise,ESC-50 (Environmental Sound Classification),https://github.com/karolpiczak/ESC-50,CC-BY-4.0,Karol J. Piczak,2026-09-24,5.0,44100,1,field,,n/a,original,,,,4158aa78341d58d23771deb264c7db18f9a3784b42fc838c77a002cb28e3f784,,sea_waves,esc50:2-132157-B-11.wav,,corpus_metadata:ESC-50 field recordings (Freesound clips),esc50_v1,2-132157-B-11.wav,https://github.com/karolpiczak/ESC-50/blob/master/LICENSE
SS-BGN-0566,originals/background_noise/SS-BGN-0566.wav,Background Noise,ESC-50 (Environmental Sound Classification),https://github.com/karolpiczak/ESC-50,CC-BY-4.0,Karol J. Piczak,2026-09-24,5.0,44100,1,field,,n/a,original,,,,a5dc90f79b7bfbe1b1b8279d5f5542be82af3fa32502ba57518d1302e9e38a9f,,sea_waves,esc50:2-133863-A-11.wav,,corpus_metadata:ESC-50 field recordings (Freesound clips),esc50_v1,2-133863-A-11.wav,https://github.com/karolpiczak/ESC-50/blob/master/LICENSE
SS-BGN-0567,originals/background_noise/SS-BGN-0567.wav,Background Noise,ESC-50 (Environmental Sound Classification),https://github.com/karolpiczak/ESC-50,CC-BY-4.0,Karol J. Piczak,2026-09-24,5.0,44100,1,field,,n/a,original,,,,4d9d5bd94694230cc4d40e3c1e1bfc9a91228741fc516946852c0bb8dac6c2de,,sea_waves,esc50:2-137162-A-11.wav,,corpus_metadata:ESC-50 field recordings (Freesound clips),esc50_v1,2-137162-A-11.wav,https://github.com/karolpiczak/ESC-50/blob/master/LICENSE
SS-BGN-0568,originals/background_noise/SS-BGN-0568.wav,Background Noise,ESC-50 (Environmental Sound Classification),https://github.com/karolpiczak/ESC-50,CC-BY-4.0,Karol J. Piczak,2026-09-24,5.0,44100,1,field,,n/a,original,,,,a74cc5a21d30d16ec332bb086b6d1e42636bd8f277b3c7f904701839bc862c2f,,water_drops,esc50:2-139748-A-15.wav,,corpus_metadata:ESC-50 field recordings (Freesound clips),esc50_v1,2-139748-A-15.wav,https://github.com/karolpiczak/ESC-50/blob/master/LICENSE
SS-BGN-0569,originals/background_noise/SS-BGN-0569.wav,Background Noise,ESC-50 (Environmental Sound Classification),https://github.com/karolpiczak/ESC-50,CC-BY-4.0,Karol J. Piczak,2026-09-24,5.0,44100,1,field,,n/a,original,,,,f00e971cd95874f3db87879e6fd6e687663184db5cb21dd681e44343f02932ee,,water_drops,esc50:2-139748-B-15.wav,,corpus_metadata:ESC-50 field recordings (Freesound clips),esc50_v1,2-139748-B-15.wav,https://github.com/karolpiczak/ESC-50/blob/master/LICENSE
SS-BGN-0570,originals/background_noise/SS-BGN-0570.wav,Background Noise,ESC-50 (Environmental Sound Classification),https://github.com/karolpiczak/ESC-50,CC-BY-4.0,Karol J. Piczak,2026-09-24,5.0,44100,1,field,,n/a,original,,,,d8304986e4b06f7640ac941182269370cac93ece7088f21a1bf3b4e4d75d87a9,,water_drops,esc50:2-139749-A-15.wav,,corpus_metadata:ESC-50 field recordings (Freesound clips),esc50_v1,2-139749-A-15.wav,https://github.com/karolpiczak/ESC-50/blob/master/LICENSE
SS-BGN-0571,originals/background_noise/SS-BGN-0571.wav,Background Noise,ESC-50 (Environmental Sound Classification),https://github.com/karolpiczak/ESC-50,CC-BY-4.0,Karol J. Piczak,2026-09-24,5.0,44100,1,field,,n/a,original,,,,1851566021e7ad54163515236574452dd86cadc4657317f6bc285c9e06a9b436,,sea_waves,esc50:2-155801-A-11.wav,,corpus_metadata:ESC-50 field recordings (Freesound clips),esc50_v1,2-155801-A-11.wav,https://github.com/karolpiczak/ESC-50/blob/master/LICENSE
SS-BGN-0572,originals/background_noise/SS-BGN-0572.wav,Background Noise,ESC-50 (Environmental Sound Classification),https://github.com/karolpiczak/ESC-50,CC-BY-4.0,Karol J. Piczak,2026-09-24,5.0,44100,1,field,,n/a,original,,,,10a98a61a73baee8028c19b9de330261f2dae87f57b2792457d81e46a544697a,,crackling_fire,esc50:2-18766-A-12.wav,,corpus_metadata:ESC-50 field recordings (Freesound clips),esc50_v1,2-18766-A-12.wav,https://github.com/karolpiczak/ESC-50/blob/master/LICENSE
SS-BGN-0573,originals/background_noise/SS-BGN-0573.wav,Background Noise,ESC-50 (Environmental Sound Classification),https://github.com/karolpiczak/ESC-50,CC-BY-4.0,Karol J. Piczak,2026-09-24,5.0,44100,1,field,,n/a,original,,,,ce9d67f6f6b8d093d3dc2d14088251d76b2772210733908d01b0ecc08c349fe4,,crackling_fire,esc50:2-18766-B-12.wav,,corpus_metadata:ESC-50 field recordings (Freesound clips),esc50_v1,2-18766-B-12.wav,https://github.com/karolpiczak/ESC-50/blob/master/LICENSE
SS-BGN-0574,originals/background_noise/SS-BGN-0574.wav,Background Noise,ESC-50 (Environmental Sound Classification),https://github.com/karolpiczak/ESC-50,CC-BY-4.0,Karol J. Piczak,2026-09-24,5.0,44100,1,field,,n/a,original,,,,ddd9c3577d08f999d3f1d8bc487d8a31570dc8380d150cabf50ad74dbca691a2,,wind,esc50:2-205966-A-16.wav,,corpus_metadata:ESC-50 field recordings (Freesound clips),esc50_v1,2-205966-A-16.wav,https://github.com/karolpiczak/ESC-50/blob/master/LICENSE
SS-BGN-0575,originals/background_noise/SS-BGN-0575.wav,Background Noise,ESC-50 (Environmental Sound Classification),https://github.com/karolpiczak/ESC-50,CC-BY-4.0,Karol J. Piczak,2026-09-24,5.0,44100,1,field,,n/a,original,,,,f77a729e093baeeba246d00c4875e6fd7702c3635e0e5e58aca2357f62d16c92,,crackling_fire,esc50:2-28314-A-12.wav,,corpus_metadata:ESC-50 field recordings (Freesound clips),esc50_v1,2-28314-A-12.wav,https://github.com/karolpiczak/ESC-50/blob/master/LICENSE
SS-BGN-0576,originals/background_noise/SS-BGN-0576.wav,Background Noise,ESC-50 (Environmental Sound Classification),https://github.com/karolpiczak/ESC-50,CC-BY-4.0,Karol J. Piczak,2026-09-24,5.0,44100,1,field,,n/a,original,,,,6c5f3f8b6af384c0b553741b51e7348c24537d686e7abaa6eadf4badd2da2168,,crackling_fire,esc50:2-28314-B-12.wav,,corpus_metadata:ESC-50 field recordings (Freesound clips),esc50_v1,2-28314-B-12.wav,https://github.com/karolpiczak/ESC-50/blob/master/LICENSE
SS-BGN-0577,originals/background_noise/SS-BGN-0577.wav,Background Noise,ESC-50 (Environmental Sound Classification),https://github.com/karolpiczak/ESC-50,CC-BY-4.0,Karol J. Piczak,2026-09-24,5.0,44100,1,field,,n/a,original,,,,894526cbb7e9ca1150893b332a69cdc2cffaede5a29a881b4b7fe7dab4f1156e,,crackling_fire,esc50:2-30322-A-12.wav,,corpus_metadata:ESC-50 field recordings (Freesound clips),esc50_v1,2-30322-A-12.wav,https://github.com/karolpiczak/ESC-50/blob/master/LICENSE
SS-BGN-0578,originals/background_noise/SS-BGN-0578.wav,Background Noise,ESC-50 (Environmental Sound Classification),https://github.com/karolpiczak/ESC-50,CC-BY-4.0,Karol J. Piczak,2026-09-24,5.0,44100,1,field,,n/a,original,,,,b0a16101ed58292d6105d0f694adfb885578c56292e04e6c64a53ca3d5c2e884,,crackling_fire,esc50:2-30322-B-12.wav,,corpus_metadata:ESC-50 field recordings (Freesound clips),esc50_v1,2-30322-B-12.wav,https://github.com/karolpiczak/ESC-50/blob/master/LICENSE
SS-BGN-0579,originals/background_noise/SS-BGN-0579.wav,Background Noise,ESC-50 (Environmental Sound Classification),https://github.com/karolpiczak/ESC-50,CC-BY-4.0,Karol J. Piczak,2026-09-24,5.0,44100,1,field,,n/a,original,,,,3ce6a2b28d3934b0267c2eb6171646e3b4be749d4f40b37214efb2d2ca59d1f1,,thunderstorm,esc50:2-39441-A-19.wav,,corpus_metadata:ESC-50 field recordings (Freesound clips),esc50_v1,2-39441-A-19.wav,https://github.com/karolpiczak/ESC-50/blob/master/LICENSE
SS-BGN-0580,originals/background_noise/SS-BGN-0580.wav,Background Noise,ESC-50 (Environmental Sound Classification),https://github.com/karolpiczak/ESC-50,CC-BY-4.0,Karol J. Piczak,2026-09-24,5.0,44100,1,field,,n/a,original,,,,68d84d52cfdfe5ce0d9183074fbe068f27d46a1b817cf4b942fd43f1aa986444,,thunderstorm,esc50:2-39443-A-19.wav,,corpus_metadata:ESC-50 field recordings (Freesound clips),esc50_v1,2-39443-A-19.wav,https://github.com/karolpiczak/ESC-50/blob/master/LICENSE
SS-BGN-0581,originals/background_noise/SS-BGN-0581.wav,Background Noise,ESC-50 (Environmental Sound Classification),https://github.com/karolpiczak/ESC-50,CC-BY-4.0,Karol J. Piczak,2026-09-24,5.0,44100,1,field,,n/a,original,,,,290775ea9db60e5983e4f2a42177c73e9daa129dfb45cc120d6385af20efad26,,thunderstorm,esc50:2-39443-B-19.wav,,corpus_metadata:ESC-50 field recordings (Freesound clips),esc50_v1,2-39443-B-19.wav,https://github.com/karolpiczak/ESC-50/blob/master/LICENSE
SS-BGN-0582,originals/background_noise/SS-BGN-0582.wav,Background Noise,ESC-50 (Environmental Sound Classification),https://github.com/karolpiczak/ESC-50,CC-BY-4.0,Karol J. Piczak,2026-09-24,5.0,44100,1,field,,n/a,original,,,,6e9c5566161ac1dbc87720491cc92e70943ad44d5fd300767959fa4ef1371222,,thunderstorm,esc50:2-39945-A-19.wav,,corpus_metadata:ESC-50 field recordings (Freesound clips),esc50_v1,2-39945-A-19.wav,https://github.com/karolpiczak/ESC-50/blob/master/LICENSE
SS-BGN-0583,originals/background_noise/SS-BGN-0583.wav,Background Noise,ESC-50 (Environmental Sound Classification),https://github.com/karolpiczak/ESC-50,CC-BY-4.0,Karol J. Piczak,2026-09-24,5.0,44100,1,field,,n/a,original,,,,03174476d22286aa7355abe0f4e45f4215da65ce108b2dd4669a9e141e3b501f,,thunderstorm,esc50:2-39945-B-19.wav,,corpus_metadata:ESC-50 field recordings (Freesound clips),esc50_v1,2-39945-B-19.wav,https://github.com/karolpiczak/ESC-50/blob/master/LICENSE
SS-BGN-0584,originals/background_noise/SS-BGN-0584.wav,Background Noise,ESC-50 (Environmental Sound Classification),https://github.com/karolpiczak/ESC-50,CC-BY-4.0,Karol J. Piczak,2026-09-24,5.0,44100,1,field,,n/a,original,,,,85890d5d3d1539a609581bbd1cec56521d842ef545071baafe17283cae94f944,,thunderstorm,esc50:2-39945-C-19.wav,,corpus_metadata:ESC-50 field recordings (Freesound clips),esc50_v1,2-39945-C-19.wav,https://github.com/karolpiczak/ESC-50/blob/master/LICENSE
SS-BGN-0585,originals/background_noise/SS-BGN-0585.wav,Background Noise,ESC-50 (Environmental Sound Classification),https://github.com/karolpiczak/ESC-50,CC-BY-4.0,Karol J. Piczak,2026-09-24,5.0,44100,1,field,,n/a,original,,,,e0c27e6498d90f6e3a70346ebd43669478a92a170d453ebae6afbda2af1954e2,,crackling_fire,esc50:2-61311-A-12.wav,,corpus_metadata:ESC-50 field recordings (Freesound clips),esc50_v1,2-61311-A-12.wav,https://github.com/karolpiczak/ESC-50/blob/master/LICENSE
SS-BGN-0586,originals/background_noise/SS-BGN-0586.wav,Background Noise,ESC-50 (Environmental Sound Classification),https://github.com/karolpiczak/ESC-50,CC-BY-4.0,Karol J. Piczak,2026-09-24,5.0,44100,1,field,,n/a,original,,,,2b0c11a021a5b3cd7e95057abdd1116e5db9bc4e5b87c790a77c365f81581969,,water_drops,esc50:2-64962-A-15.wav,,corpus_metadata:ESC-50 field recordings (Freesound clips),esc50_v1,2-64962-A-15.wav,https://github.com/karolpiczak/ESC-50/blob/master/LICENSE
SS-BGN-0587,originals/background_noise/SS-BGN-0587.wav,Background Noise,ESC-50 (Environmental Sound Classification),https://github.com/karolpiczak/ESC-50,CC-BY-4.0,Karol J. Piczak,2026-09-24,5.0,44100,1,field,,n/a,original,,,,1f7345829f6df2462bcde7de7397305189c39405932cf257ebd47ed22d08ebd1,,water_drops,esc50:2-64963-A-15.wav,,corpus_metadata:ESC-50 field recordings (Freesound clips),esc50_v1,2-64963-A-15.wav,https://github.com/karolpiczak/ESC-50/blob/master/LICENSE
SS-BGN-0588,originals/background_noise/SS-BGN-0588.wav,Background Noise,ESC-50 (Environmental Sound Classification),https://github.com/karolpiczak/ESC-50,CC-BY-4.0,Karol J. Piczak,2026-09-24,5.0,44100,1,field,,n/a,original,,,,14a098365b21366eeec932f9cadfb368144fbd7d84e0066f81992afc3fac19a5,,crackling_fire,esc50:2-65747-A-12.wav,,corpus_metadata:ESC-50 field recordings (Freesound clips),esc50_v1,2-65747-A-12.wav,https://github.com/karolpiczak/ESC-50/blob/master/LICENSE
SS-BGN-0589,originals/background_noise/SS-BGN-0589.wav,Background Noise,ESC-50 (Environmental Sound Classification),https://github.com/karolpiczak/ESC-50,CC-BY-4.0,Karol J. Piczak,2026-09-24,5.0,44100,1,field,,n/a,original,,,,bcc0c2a5a2290256f35f68dc4cbaf39f44f84bd7ff31ccdd782a6edcc83ee406,,water_drops,esc50:2-68595-A-15.wav,,corpus_metadata:ESC-50 field recordings (Freesound clips),esc50_v1,2-68595-A-15.wav,https://github.com/karolpiczak/ESC-50/blob/master/LICENSE
SS-BGN-0590,originals/background_noise/SS-BGN-0590.wav,Background Noise,ESC-50 (Environmental Sound Classification),https://github.com/karolpiczak/ESC-50,CC-BY-4.0,Karol J. Piczak,2026-09-24,5.0,44100,1,field,,n/a,original,,,,55b4eb8b58dcaeea8805d48174f8f71a03b373dbe099ceff7eb2c6eb972f303d,,water_drops,esc50:2-68595-B-15.wav,,corpus_metadata:ESC-50 field recordings (Freesound clips),esc50_v1,2-68595-B-15.wav,https://github.com/karolpiczak/ESC-50/blob/master/LICENSE
SS-BGN-0591,originals/background_noise/SS-BGN-0591.wav,Background Noise,ESC-50 (Environmental Sound Classification),https://github.com/karolpiczak/ESC-50,CC-BY-4.0,Karol J. Piczak,2026-09-24,5.0,44100,1,field,,n/a,original,,,,f6d91324daa8863100c7f922b20727c86d46c27249cce9e15d66305e623e56b8,,rain,esc50:2-72970-A-10.wav,,corpus_metadata:ESC-50 field recordings (Freesound clips),esc50_v1,2-72970-A-10.wav,https://github.com/karolpiczak/ESC-50/blob/master/LICENSE
SS-BGN-0592,originals/background_noise/SS-BGN-0592.wav,Background Noise,ESC-50 (Environmental Sound Classification),https://github.com/karolpiczak/ESC-50,CC-BY-4.0,Karol J. Piczak,2026-09-24,5.0,44100,1,field,,n/a,original,,,,42eba8ebc797e9fa843e8dbfb907c58ea8c8976277997d5f6e726b1bd3fe4111,,rain,esc50:2-73027-A-10.wav,,corpus_metadata:ESC-50 field recordings (Freesound clips),esc50_v1,2-73027-A-10.wav,https://github.com/karolpiczak/ESC-50/blob/master/LICENSE
SS-BGN-0593,originals/background_noise/SS-BGN-0593.wav,Background Noise,ESC-50 (Environmental Sound Classification),https://github.com/karolpiczak/ESC-50,CC-BY-4.0,Karol J. Piczak,2026-09-24,5.0,44100,1,field,,n/a,original,,,,206b445eaf57f739c09185695e82bc0c3e7b9f68215ad9f7cb4374f7648e9acc,,rain,esc50:2-73260-A-10.wav,,corpus_metadata:ESC-50 field recordings (Freesound clips),esc50_v1,2-73260-A-10.wav,https://github.com/karolpiczak/ESC-50/blob/master/LICENSE
SS-BGN-0594,originals/background_noise/SS-BGN-0594.wav,Background Noise,ESC-50 (Environmental Sound Classification),https://github.com/karolpiczak/ESC-50,CC-BY-4.0,Karol J. Piczak,2026-09-24,5.0,44100,1,field,,n/a,original,,,,25d3a915368db5e4175b1d51dea34bfad02d909039a051cbf72c0f39a0f34667,,rain,esc50:2-81731-A-10.wav,,corpus_metadata:ESC-50 field recordings (Freesound clips),esc50_v1,2-81731-A-10.wav,https://github.com/karolpiczak/ESC-50/blob/master/LICENSE
SS-BGN-0595,originals/background_noise/SS-BGN-0595.wav,Background Noise,ESC-50 (Environmental Sound Classification),https://github.com/karolpiczak/ESC-50,CC-BY-4.0,Karol J. Piczak,2026-09-24,5.0,44100,1,field,,n/a,original,,,,2cce637e5f60368db490c8ec980eb0cc7dbdd623c077bcd456a2fb60afdd4820,,rain,esc50:2-82367-A-10.wav,,corpus_metadata:ESC-50 field recordings (Freesound clips),esc50_v1,2-82367-A-10.wav,https://github.com/karolpiczak/ESC-50/blob/master/LICENSE
SS-BGN-0596,originals/background_noise/SS-BGN-0596.wav,Background Noise,ESC-50 (Environmental Sound Classification),https://github.com/karolpiczak/ESC-50,CC-BY-4.0,Karol J. Piczak,2026-09-24,5.0,44100,1,field,,n/a,original,,,,81fe7ce5da401a69a542439a5c8277864468a0bf09bf1378b0accac15c033638,,rain,esc50:2-87781-A-10.wav,,corpus_metadata:ESC-50 field recordings (Freesound clips),esc50_v1,2-87781-A-10.wav,https://github.com/karolpiczak/ESC-50/blob/master/LICENSE
SS-BGN-0597,originals/background_noise/SS-BGN-0597.wav,Background Noise,ESC-50 (Environmental Sound Classification),https://github.com/karolpiczak/ESC-50,CC-BY-4.0,Karol J. Piczak,2026-09-24,5.0,44100,1,field,,n/a,original,,,,0cdb8c8e21c3dc74b10c935bf43292c1e3d7d4e7bb7026a0d047054001813295,,thunderstorm,esc50:3-103050-A-19.wav,,corpus_metadata:ESC-50 field recordings (Freesound clips),esc50_v1,3-103050-A-19.wav,https://github.com/karolpiczak/ESC-50/blob/master/LICENSE
SS-BGN-0598,originals/background_noise/SS-BGN-0598.wav,Background Noise,ESC-50 (Environmental Sound Classification),https://github.com/karolpiczak/ESC-50,CC-BY-4.0,Karol J. Piczak,2026-09-24,5.0,44100,1,field,,n/a,original,,,,527de954dc9d28a742146db130fbb8143a446cf88a487c2d43cd0ef22bbd3a3b,,thunderstorm,esc50:3-103051-A-19.wav,,corpus_metadata:ESC-50 field recordings (Freesound clips),esc50_v1,3-103051-A-19.wav,https://github.com/karolpiczak/ESC-50/blob/master/LICENSE
SS-BGN-0599,originals/background_noise/SS-BGN-0599.wav,Background Noise,ESC-50 (Environmental Sound Classification),https://github.com/karolpiczak/ESC-50,CC-BY-4.0,Karol J. Piczak,2026-09-24,5.0,44100,1,field,,n/a,original,,,,46b360eaebee376c82a17c6737ad581bf8dde1717e0ae9172480154154c7479a,,thunderstorm,esc50:3-103051-B-19.wav,,corpus_metadata:ESC-50 field recordings (Freesound clips),esc50_v1,3-103051-B-19.wav,https://github.com/karolpiczak/ESC-50/blob/master/LICENSE
SS-BGN-0600,originals/background_noise/SS-BGN-0600.wav,Background Noise,ESC-50 (Environmental Sound Classification),https://github.com/karolpiczak/ESC-50,CC-BY-4.0,Karol J. Piczak,2026-09-24,5.0,44100,1,field,,n/a,original,,,,80910d45d6680671f39a17a8a21d376d3299c5648a44564016e9a39427e5dd38,,thunderstorm,esc50:3-103051-C-19.wav,,corpus_metadata:ESC-50 field recordings (Freesound clips),esc50_v1,3-103051-C-19.wav,https://github.com/karolpiczak/ESC-50/blob/master/LICENSE
SS-BGN-0601,originals/background_noise/SS-BGN-0601.wav,Background Noise,ESC-50 (Environmental Sound Classification),https://github.com/karolpiczak/ESC-50,CC-BY-4.0,Karol J. Piczak,2026-09-24,5.0,44100,1,field,,n/a,original,,,,415e6d92371447377a916760fdda326f55f6f88cf428dc45b3edfe45b1d2b0a5,,crackling_fire,esc50:3-104632-A-12.wav,,corpus_metadata:ESC-50 field recordings (Freesound clips),esc50_v1,3-104632-A-12.wav,https://github.com/karolpiczak/ESC-50/blob/master/LICENSE
SS-BGN-0602,originals/background_noise/SS-BGN-0602.wav,Background Noise,ESC-50 (Environmental Sound Classification),https://github.com/karolpiczak/ESC-50,CC-BY-4.0,Karol J. Piczak,2026-09-24,5.0,44100,1,field,,n/a,original,,,,d538428b1a51d450809757d169ba16f77c85721c267a46d29f5d538dfc846563,,crackling_fire,esc50:3-104958-A-12.wav,,corpus_metadata:ESC-50 field recordings (Freesound clips),esc50_v1,3-104958-A-12.wav,https://github.com/karolpiczak/ESC-50/blob/master/LICENSE
SS-BGN-0603,originals/background_noise/SS-BGN-0603.wav,Background Noise,ESC-50 (Environmental Sound Classification),https://github.com/karolpiczak/ESC-50,CC-BY-4.0,Karol J. Piczak,2026-09-24,5.0,44100,1,field,,n/a,original,,,,e8870d76a3bb29b43606231859c1b75ffc6dfaded319944028d122993470669e,,wind,esc50:3-117504-A-16.wav,,corpus_metadata:ESC-50 field recordings (Freesound clips),esc50_v1,3-117504-A-16.wav,https://github.com/karolpiczak/ESC-50/blob/master/LICENSE
SS-BGN-0604,originals/background_noise/SS-BGN-0604.wav,Background Noise,ESC-50 (Environmental Sound Classification),https://github.com/karolpiczak/ESC-50,CC-BY-4.0,Karol J. Piczak,2026-09-24,5.0,44100,1,field,,n/a,original,,,,c57afdb76acf9b99fa15282bca63f411c280a158e905c2619488aabbf53ef04e,,wind,esc50:3-117504-B-16.wav,,corpus_metadata:ESC-50 field recordings (Freesound clips),esc50_v1,3-117504-B-16.wav,https://github.com/karolpiczak/ESC-50/blob/master/LICENSE
SS-BGN-0605,originals/background_noise/SS-BGN-0605.wav,Background Noise,ESC-50 (Environmental Sound Classification),https://github.com/karolpiczak/ESC-50,CC-BY-4.0,Karol J. Piczak,2026-09-24,5.0,44100,1,field,,n/a,original,,,,44acca39a9f884a0ba916ea8f5865079006d42acd31a8498f4e5bb0d5bd10146,,crackling_fire,esc50:3-120644-A-12.wav,,corpus_metadata:ESC-50 field recordings (Freesound clips),esc50_v1,3-120644-A-12.wav,https://github.com/karolpiczak/ESC-50/blob/master/LICENSE
SS-BGN-0606,originals/background_noise/SS-BGN-0606.wav,Background Noise,ESC-50 (Environmental Sound Classification),https://github.com/karolpiczak/ESC-50,CC-BY-4.0,Karol J. Piczak,2026-09-24,5.0,44100,1,field,,n/a,original,,,,e14050de1c0176d92f3dc430bf8d71f41930226649bf355c5cb37b1db0ba25b5,,thunderstorm,esc50:3-123224-A-19.wav,,corpus_metadata:ESC-50 field recordings (Freesound clips),esc50_v1,3-123224-A-19.wav,https://github.com/karolpiczak/ESC-50/blob/master/LICENSE
SS-BGN-0607,originals/background_noise/SS-BGN-0607.wav,Background Noise,ESC-50 (Environmental Sound Classification),https://github.com/karolpiczak/ESC-50,CC-BY-4.0,Karol J. Piczak,2026-09-24,5.0,44100,1,field,,n/a,original,,,,f1842cefb0f9f540f4cb0024bf0454e5966e4bcccf39b7a36c149451152b4eeb,,thunderstorm,esc50:3-124600-A-19.wav,,corpus_metadata:ESC-50 field recordings (Freesound clips),esc50_v1,3-124600-A-19.wav,https://github.com/karolpiczak/ESC-50/blob/master/LICENSE
SS-BGN-0608,originals/background_noise/SS-BGN-0608.wav,Background Noise,ESC-50 (Environmental Sound Classification),https://github.com/karolpiczak/ESC-50,CC-BY-4.0,Karol J. Piczak,2026-09-24,5.0,44100,1,field,,n/a,original,,,,5d4960883ceabe28c008721ea3b5f5206a6f0234cacd4c1af81dd7594b4d3503,,rain,esc50:3-132852-A-10.wav,,corpus_metadata:ESC-50 field recordings (Freesound clips),esc50_v1,3-132852-A-10.wav,https://github.com/karolpiczak/ESC-50/blob/master/LICENSE
SS-BGN-0609,originals/background_noise/SS-BGN-0609.wav,Background Noise,ESC-50 (Environmental Sound Classification),https://github.com/karolpiczak/ESC-50,CC-BY-4.0,Karol J. Piczak,2026-09-24,5.0,44100,1,field,,n/a,original,,,,1801639106154163503cde2fb8544efc6ab5d4e95a09f5b780efb7f44a017fbf,,wind,esc50:3-134699-A-16.wav,,corpus_metadata:ESC-50 field recordings (Freesound clips),esc50_v1,3-134699-A-16.wav,https://github.com/karolpiczak/ESC-50/blob/master/LICENSE
SS-BGN-0610,originals/background_noise/SS-BGN-0610.wav,Background Noise,ESC-50 (Environmental Sound Classification),https://github.com/karolpiczak/ESC-50,CC-BY-4.0,Karol J. Piczak,2026-09-24,5.0,44100,1,field,,n/a,original,,,,4836977a0362e609b42dcc47811190268da98d573cecc7a8a4270db979ecea54,,wind,esc50:3-134699-B-16.wav,,corpus_metadata:ESC-50 field recordings (Freesound clips),esc50_v1,3-134699-B-16.wav,https://github.com/karolpiczak/ESC-50/blob/master/LICENSE
SS-BGN-0611,originals/background_noise/SS-BGN-0611.wav,Background Noise,ESC-50 (Environmental Sound Classification),https://github.com/karolpiczak/ESC-50,CC-BY-4.0,Karol J. Piczak,2026-09-24,5.0,44100,1,field,,n/a,original,,,,3c313aab15b8bf3a3ca3dccfc0bb81281f4cb440231f8ce8cc90c141033a64e5,,wind,esc50:3-134699-C-16.wav,,corpus_metadata:ESC-50 field recordings (Freesound clips),esc50_v1,3-134699-C-16.wav,https://github.com/karolpiczak/ESC-50/blob/master/LICENSE
SS-BGN-0612,originals/background_noise/SS-BGN-0612.wav,Background Noise,ESC-50 (Environmental Sound Classification),https://github.com/karolpiczak/ESC-50,CC-BY-4.0,Karol J. Piczak,2026-09-24,5.0,44100,1,field,,n/a,original,,,,0fb13968566e14200c01ac1aa3f0f878f8e11ba806fb4d5e2b19d34eb4844cc8,,wind,esc50:3-136608-A-16.wav,,corpus_metadata:ESC-50 field recordings (Freesound clips),esc50_v1,3-136608-A-16.wav,https://github.com/karolpiczak/ESC-50/blob/master/LICENSE
SS-BGN-0613,originals/background_noise/SS-BGN-0613.wav,Background Noise,ESC-50 (Environmental Sound Classification),https://github.com/karolpiczak/ESC-50,CC-BY-4.0,Karol J. Piczak,2026-09-24,5.0,44100,1,field,,n/a,original,,,,1dd994fb071b52e4232b0cbd06558dd8d179008be2e4cf1f41d4abdca4f390fe,,rain,esc50:3-140774-A-10.wav,,corpus_metadata:ESC-50 field recordings (Freesound clips),esc50_v1,3-140774-A-10.wav,https://github.com/karolpiczak/ESC-50/blob/master/LICENSE
SS-BGN-0614,originals/background_noise/SS-BGN-0614.wav,Background Noise,ESC-50 (Environmental Sound Classification),https://github.com/karolpiczak/ESC-50,CC-BY-4.0,Karol J. Piczak,2026-09-24,5.0,44100,1,field,,n/a,original,,,,784441f1c74be9dc64ec77aa9628df5b4557711b5f1435286dff9ea9317f02e0,,rain,esc50:3-142005-A-10.wav,,corpus_metadata:ESC-50 field recordings (Freesound clips),esc50_v1,3-142005-A-10.wav,https://github.com/karolpiczak/ESC-50/blob/master/LICENSE
SS-BGN-0615,originals/background_noise/SS-BGN-0615.wav,Background Noise,ESC-50 (Environmental Sound Classification),https://github.com/karolpiczak/ESC-50,CC-BY-4.0,Karol J. Piczak,2026-09-24,5.0,44100,1,field,,n/a,original,,,,bd24c750af1d7ed49a3d19ecc4401cd10368a18e02a07c3a5524fdb7a576d5af,,rain,esc50:3-142006-A-10.wav,,corpus_metadata:ESC-50 field recordings (Freesound clips),esc50_v1,3-142006-A-10.wav,https://github.com/karolpiczak/ESC-50/blob/master/LICENSE
SS-BGN-0616,originals/background_noise/SS-BGN-0616.wav,Background Noise,ESC-50 (Environmental Sound Classification),https://github.com/karolpiczak/ESC-50,CC-BY-4.0,Karol J. Piczak,2026-09-24,5.0,44100,1,field,,n/a,original,,,,5510934acbb493aee8e975d5b1c1b34b1a39ef0b870e6091778909995fef9004,,rain,esc50:3-143929-A-10.wav,,corpus_metadata:ESC-50 field recordings (Freesound clips),esc50_v1,3-143929-A-10.wav,https://github.com/karolpiczak/ESC-50/blob/master/LICENSE
SS-BGN-0617,originals/background_noise/SS-BGN-0617.wav,Background Noise,ESC-50 (Environmental Sound Classification),https://github.com/karolpiczak/ESC-50,CC-BY-4.0,Karol J. Piczak,2026-09-24,5.0,44100,1,field,,n/a,original,,,,553ceeb0be8984ea22e9ae1b4c892e76c19867e9240d5f9367c62b08ee7eba4e,,sea_waves,esc50:3-144827-A-11.wav,,corpus_metadata:ESC-50 field recordings (Freesound clips),esc50_v1,3-144827-A-11.wav,https://github.com/karolpiczak/ESC-50/blob/master/LICENSE
SS-BGN-0618,originals/background_noise/SS-BGN-0618.wav,Background Noise,ESC-50 (Environmental Sound Classification),https://github.com/karolpiczak/ESC-50,CC-BY-4.0,Karol J. Piczak,2026-09-24,5.0,44100,1,field,,n/a,original,,,,977a5b671cb9b57aea049bce2b1c139c039aa745c5c46c1f84964d8098381aa8,,sea_waves,esc50:3-144827-B-11.wav,,corpus_metadata:ESC-50 field recordings (Freesound clips),esc50_v1,3-144827-B-11.wav,https://github.com/karolpiczak/ESC-50/blob/master/LICENSE
SS-BGN-0619,originals/background_noise/SS-BGN-0619.wav,Background Noise,ESC-50 (Environmental Sound Classification),https://github.com/karolpiczak/ESC-50,CC-BY-4.0,Karol J. Piczak,2026-09-24,5.0,44100,1,field,,n/a,original,,,,945cc1af1c6a8da8227f9a19a4caa4b8e46900d13ff13162b9f8d588107af4af,,thunderstorm,esc50:3-144891-A-19.wav,,corpus_metadata:ESC-50 field recordings (Freesound clips),esc50_v1,3-144891-A-19.wav,https://github.com/karolpiczak/ESC-50/blob/master/LICENSE
SS-BGN-0620,originals/background_noise/SS-BGN-0620.wav,Background Noise,ESC-50 (Environmental Sound Classification),https://github.com/karolpiczak/ESC-50,CC-BY-4.0,Karol J. Piczak,2026-09-24,5.0,44100,1,field,,n/a,original,,,,31a199e7042205a1066faca86517a4f7bddfa604d5fa0dc0feca46e62a9dfc48,,thunderstorm,esc50:3-144891-B-19.wav,,corpus_metadata:ESC-50 field recordings (Freesound clips),esc50_v1,3-144891-B-19.wav,https://github.com/karolpiczak/ESC-50/blob/master/LICENSE
SS-BGN-0621,originals/background_noise/SS-BGN-0621.wav,Background Noise,ESC-50 (Environmental Sound Classification),https://github.com/karolpiczak/ESC-50,CC-BY-4.0,Karol J. Piczak,2026-09-24,5.0,44100,1,field,,n/a,original,,,,126163ee53c9cfc620a9963303a56e5e8fb2e1a47da02ac0a8849f35244e0c8e,,crackling_fire,esc50:3-145774-A-12.wav,,corpus_metadata:ESC-50 field recordings (Freesound clips),esc50_v1,3-145774-A-12.wav,https://github.com/karolpiczak/ESC-50/blob/master/LICENSE
SS-BGN-0622,originals/background_noise/SS-BGN-0622.wav,Background Noise,ESC-50 (Environmental Sound Classification),https://github.com/karolpiczak/ESC-50,CC-BY-4.0,Karol J. Piczak,2026-09-24,5.0,44100,1,field,,n/a,original,,,,e5de3d144c438512347ce7ebad8a7d69b0f1a28e47dc1c2ee86da44a6ef30a03,,crackling_fire,esc50:3-147965-A-12.wav,,corpus_metadata:ESC-50 field recordings (Freesound clips),esc50_v1,3-147965-A-12.wav,https://github.com/karolpiczak/ESC-50/blob/master/LICENSE
SS-BGN-0623,originals/background_noise/SS-BGN-0623.wav,Background Noise,ESC-50 (Environmental Sound Classification),https://github.com/karolpiczak/ESC-50,CC-BY-4.0,Karol J. Piczak,2026-09-24,5.0,44100,1,field,,n/a,original,,,,2b3168d0ece00768528c830841cd6edd683367bfb1ae0da1788912713a8a895d,,sea_waves,esc50:3-155642-A-11.wav,,corpus_metadata:ESC-50 field recordings (Freesound clips),esc50_v1,3-155642-A-11.wav,https://github.com/karolpiczak/ESC-50/blob/master/LICENSE
SS-BGN-0624,originals/background_noise/SS-BGN-0624.wav,Background Noise,ESC-50 (Environmental Sound Classification),https://github.com/karolpiczak/ESC-50,CC-BY-4.0,Karol J. Piczak,2026-09-24,5.0,44100,1,field,,n/a,original,,,,76de2c046bd684e4788f852b5c3bc56df90b97660627b197619d156eccd3f306,,sea_waves,esc50:3-155642-B-11.wav,,corpus_metadata:ESC-50 field recordings (Freesound clips),esc50_v1,3-155642-B-11.wav,https://github.com/karolpiczak/ESC-50/blob/master/LICENSE
SS-BGN-0625,originals/background_noise/SS-BGN-0625.wav,Background Noise,ESC-50 (Environmental Sound Classification),https://github.com/karolpiczak/ESC-50,CC-BY-4.0,Karol J. Piczak,2026-09-24,5.0,44100,1,field,,n/a,original,,,,713f2d9acc4ea229c8cc0687e7d3b6282d21f861dedc96ced65cbb2389b0ad7c,,water_drops,esc50:3-156907-A-15.wav,,corpus_metadata:ESC-50 field recordings (Freesound clips),esc50_v1,3-156907-A-15.wav,https://github.com/karolpiczak/ESC-50/blob/master/LICENSE
SS-BGN-0626,originals/background_noise/SS-BGN-0626.wav,Background Noise,ESC-50 (Environmental Sound Classification),https://github.com/karolpiczak/ESC-50,CC-BY-4.0,Karol J. Piczak,2026-09-24,5.0,44100,1,field,,n/a,original,,,,83d1a7c62ffbf4f2241775502ec2fe3cf5c32fd69b4c107d8ca66b21d08bcda9,,rain,esc50:3-157149-A-10.wav,,corpus_metadata:ESC-50 field recordings (Freesound clips),esc50_v1,3-157149-A-10.wav,https://github.com/karolpiczak/ESC-50/blob/master/LICENSE
SS-BGN-0627,originals/background_noise/SS-BGN-0627.wav,Background Noise,ESC-50 (Environmental Sound Classification),https://github.com/karolpiczak/ESC-50,CC-BY-4.0,Karol J. Piczak,2026-09-24,5.0,44100,1,field,,n/a,original,,,,732379827a29ef372d098553de376a66adaac8c32b357221295a9bc7ebba84f0,,crackling_fire,esc50:3-157187-A-12.wav,,corpus_metadata:ESC-50 field recordings (Freesound clips),esc50_v1,3-157187-A-12.wav,https://github.com/karolpiczak/ESC-50/blob/master/LICENSE
SS-BGN-0628,originals/background_noise/SS-BGN-0628.wav,Background Noise,ESC-50 (Environmental Sound Classification),https://github.com/karolpiczak/ESC-50,CC-BY-4.0,Karol J. Piczak,2026-09-24,5.0,44100,1,field,,n/a,original,,,,2acadf44d110c13b39bf17d6db9afa13bb4db19c8b3147b1a61b4f492caf1e97,,rain,esc50:3-157487-A-10.wav,,corpus_metadata:ESC-50 field recordings (Freesound clips),esc50_v1,3-157487-A-10.wav,https://github.com/karolpiczak/ESC-50/blob/master/LICENSE
SS-BGN-0629,originals/background_noise/SS-BGN-0629.wav,Background Noise,ESC-50 (Environmental Sound Classification),https://github.com/karolpiczak/ESC-50,CC-BY-4.0,Karol J. Piczak,2026-09-24,5.0,44100,1,field,,n/a,original,,,,5d3ac19904b4f7f0545f20b5a4d31d0cc9d97c5f555efc42b0484b41418052fa,,rain,esc50:3-157615-A-10.wav,,corpus_metadata:ESC-50 field recordings (Freesound clips),esc50_v1,3-157615-A-10.wav,https://github.com/karolpiczak/ESC-50/blob/master/LICENSE
SS-BGN-0630,originals/background_noise/SS-BGN-0630.wav,Background Noise,ESC-50 (Environmental Sound Classification),https://github.com/karolpiczak/ESC-50,CC-BY-4.0,Karol J. Piczak,2026-09-24,5.0,44100,1,field,,n/a,original,,,,6d5eb5cbb48457fddc3647fa4750e1c5d3c8f5121756182206adfbf9c9eedc50,,crackling_fire,esc50:3-158476-A-12.wav,,corpus_metadata:ESC-50 field recordings (Freesound clips),esc50_v1,3-158476-A-12.wav,https://github.com/karolpiczak/ESC-50/blob/master/LICENSE
SS-BGN-0631,originals/background_noise/SS-BGN-0631.wav,Background Noise,ESC-50 (Environmental Sound Classification),https://github.com/karolpiczak/ESC-50,CC-BY-4.0,Karol J. Piczak,2026-09-24,5.0,44100,1,field,,n/a,original,,,,28c8678f97375100236a78fb738110aab8e571400a5c707fdcf5c49e0247e31f,,water_drops,esc50:3-160119-A-15.wav,,corpus_metadata:ESC-50 field recordings (Freesound clips),esc50_v1,3-160119-A-15.wav,https://github.com/karolpiczak/ESC-50/blob/master/LICENSE
SS-BGN-0632,originals/background_noise/SS-BGN-0632.wav,Background Noise,ESC-50 (Environmental Sound Classification),https://github.com/karolpiczak/ESC-50,CC-BY-4.0,Karol J. Piczak,2026-09-24,5.0,44100,1,field,,n/a,original,,,,adcd03bf5b6a5c220cfbc4382ba6aa6873bedef53d0034a4dc5e2f0f6a183cb4,,sea_waves,esc50:3-164120-A-11.wav,,corpus_metadata:ESC-50 field recordings (Freesound clips),esc50_v1,3-164120-A-11.wav,https://github.com/karolpiczak/ESC-50/blob/master/LICENSE
SS-BGN-0633,originals/background_noise/SS-BGN-0633.wav,Background Noise,ESC-50 (Environmental Sound Classification),https://github.com/karolpiczak/ESC-50,CC-BY-4.0,Karol J. Piczak,2026-09-24,5.0,44100,1,field,,n/a,original,,,,642600443ae4f0be042ab271af9a88b834648361059a206118398deec5d53873,,water_drops,esc50:3-164592-A-15.wav,,corpus_metadata:ESC-50 field recordings (Freesound clips),esc50_v1,3-164592-A-15.wav,https://github.com/karolpiczak/ESC-50/blob/master/LICENSE
SS-BGN-0634,originals/background_noise/SS-BGN-0634.wav,Background Noise,ESC-50 (Environmental Sound Classification),https://github.com/karolpiczak/ESC-50,CC-BY-4.0,Karol J. Piczak,2026-09-24,5.0,44100,1,field,,n/a,original,,,,cb2f3dd439acbba31b4a292f14b12e5d698796235aeab7f857fef3167e463ffd,,water_drops,esc50:3-164593-A-15.wav,,corpus_metadata:ESC-50 field recordings (Freesound clips),esc50_v1,3-164593-A-15.wav,https://github.com/karolpiczak/ESC-50/blob/master/LICENSE
SS-BGN-0635,originals/background_noise/SS-BGN-0635.wav,Background Noise,ESC-50 (Environmental Sound Classification),https://github.com/karolpiczak/ESC-50,CC-BY-4.0,Karol J. Piczak,2026-09-24,5.0,44100,1,field,,n/a,original,,,,3f6652e5d3289ca0b2f072a6c449e0b92cdb920130b9b50ec66043ff68d974f7,,water_drops,esc50:3-164594-A-15.wav,,corpus_metadata:ESC-50 field recordings (Freesound clips),esc50_v1,3-164594-A-15.wav,https://github.com/karolpiczak/ESC-50/blob/master/LICENSE
SS-BGN-0636,originals/background_noise/SS-BGN-0636.wav,Background Noise,ESC-50 (Environmental Sound Classification),https://github.com/karolpiczak/ESC-50,CC-BY-4.0,Karol J. Piczak,2026-09-24,5.0,44100,1,field,,n/a,original,,,,20079e9c34ffa6a0d6f6474c1a77c79e7e1ccb3cf982f47fc1105a2684f5a1d6,,water_drops,esc50:3-164595-A-15.wav,,corpus_metadata:ESC-50 field recordings (Freesound clips),esc50_v1,3-164595-A-15.wav,https://github.com/karolpiczak/ESC-50/blob/master/LICENSE
SS-BGN-0637,originals/background_noise/SS-BGN-0637.wav,Background Noise,ESC-50 (Environmental Sound Classification),https://github.com/karolpiczak/ESC-50,CC-BY-4.0,Karol J. Piczak,2026-09-24,5.0,44100,1,field,,n/a,original,,,,f51da90204e7194f92090de1872a27968ffda90c53fc694ca9d4781233fb6dad,,sea_waves,esc50:3-164630-A-11.wav,,corpus_metadata:ESC-50 field recordings (Freesound clips),esc50_v1,3-164630-A-11.wav,https://github.com/karolpiczak/ESC-50/blob/master/LICENSE
SS-BGN-0638,originals/background_noise/SS-BGN-0638.wav,Background Noise,ESC-50 (Environmental Sound Classification),https://github.com/karolpiczak/ESC-50,CC-BY-4.0,Karol J. Piczak,2026-09-24,5.0,44100,1,field,,n/a,original,,,,1e17ce0d83924170a27459c99151e7755ac7a325bc9ffde11383ee75e56f7642,,water_drops,esc50:3-166324-A-15.wav,,corpus_metadata:ESC-50 field recordings (Freesound clips),esc50_v1,3-166324-A-15.wav,https://github.com/karolpiczak/ESC-50/blob/master/LICENSE
SS-BGN-0639,originals/background_noise/SS-BGN-0639.wav,Background Noise,ESC-50 (Environmental Sound Classification),https://github.com/karolpiczak/ESC-50,CC-BY-4.0,Karol J. Piczak,2026-09-24,5.0,44100,1,field,,n/a,original,,,,e3c2b5d946738990d8f43dcf6de4beae730a282f8acb5c322a058ec234c1e241,,water_drops,esc50:3-166326-A-15.wav,,corpus_metadata:ESC-50 field recordings (Freesound clips),esc50_v1,3-166326-A-15.wav,https://github.com/karolpiczak/ESC-50/blob/master/LICENSE
SS-BGN-0640,originals/background_noise/SS-BGN-0640.wav,Background Noise,ESC-50 (Environmental Sound Classification),https://github.com/karolpiczak/ESC-50,CC-BY-4.0,Karol J. Piczak,2026-09-24,5.0,44100,1,field,,n/a,original,,,,3ecc909c603753417b812b66a4846f3159bf854cc22b695f5018948bd1035fc9,,sea_waves,esc50:3-166422-A-11.wav,,corpus_metadata:ESC-50 field recordings (Freesound clips),esc50_v1,3-166422-A-11.wav,https://github.com/karolpiczak/ESC-50/blob/master/LICENSE
SS-BGN-0641,originals/background_noise/SS-BGN-0641.wav,Background Noise,ESC-50 (Environmental Sound Classification),https://github.com/karolpiczak/ESC-50,CC-BY-4.0,Karol J. Piczak,2026-09-24,5.0,44100,1,field,,n/a,original,,,,97714f535ad104a9eac0b85552f37b97e05b1d18f67223d502d201503b02dbaa,,sea_waves,esc50:3-187710-A-11.wav,,corpus_metadata:ESC-50 field recordings (Freesound clips),esc50_v1,3-187710-A-11.wav,https://github.com/karolpiczak/ESC-50/blob/master/LICENSE
SS-BGN-0642,originals/background_noise/SS-BGN-0642.wav,Background Noise,ESC-50 (Environmental Sound Classification),https://github.com/karolpiczak/ESC-50,CC-BY-4.0,Karol J. Piczak,2026-09-24,5.0,44100,1,field,,n/a,original,,,,ea4351647ba7f248a404e583e525a83b86118c7e7c5f4544f8b1315e84ff7557,,wind,esc50:3-246513-A-16.wav,,corpus_metadata:ESC-50 field recordings (Freesound clips),esc50_v1,3-246513-A-16.wav,https://github.com/karolpiczak/ESC-50/blob/master/LICENSE
SS-BGN-0643,originals/background_noise/SS-BGN-0643.wav,Background Noise,ESC-50 (Environmental Sound Classification),https://github.com/karolpiczak/ESC-50,CC-BY-4.0,Karol J. Piczak,2026-09-24,5.0,44100,1,field,,n/a,original,,,,e0adc1831f31a13f692e123ea4024cbcab64b2191c21ac632700e139206fc351,,wind,esc50:3-246513-B-16.wav,,corpus_metadata:ESC-50 field recordings (Freesound clips),esc50_v1,3-246513-B-16.wav,https://github.com/karolpiczak/ESC-50/blob/master/LICENSE
SS-BGN-0644,originals/background_noise/SS-BGN-0644.wav,Background Noise,ESC-50 (Environmental Sound Classification),https://github.com/karolpiczak/ESC-50,CC-BY-4.0,Karol J. Piczak,2026-09-24,5.0,44100,1,field,,n/a,original,,,,e829acb3fa5e83e70139e275435c6bf63b2400d85456d34490633d4e16f4309e,,crackling_fire,esc50:3-65748-A-12.wav,,corpus_metadata:ESC-50 field recordings (Freesound clips),esc50_v1,3-65748-A-12.wav,https://github.com/karolpiczak/ESC-50/blob/master/LICENSE
SS-BGN-0645,originals/background_noise/SS-BGN-0645.wav,Background Noise,ESC-50 (Environmental Sound Classification),https://github.com/karolpiczak/ESC-50,CC-BY-4.0,Karol J. Piczak,2026-09-24,5.0,44100,1,field,,n/a,original,,,,61b68a9eb06ee056826f8ce06e56558bc46301a2f4df43b92d7619cd6b2e8475,,thunderstorm,esc50:4-125070-A-19.wav,,corpus_metadata:ESC-50 field recordings (Freesound clips),esc50_v1,4-125070-A-19.wav,https://github.com/karolpiczak/ESC-50/blob/master/LICENSE
SS-BGN-0646,originals/background_noise/SS-BGN-0646.wav,Background Noise,ESC-50 (Environmental Sound Classification),https://github.com/karolpiczak/ESC-50,CC-BY-4.0,Karol J. Piczak,2026-09-24,5.0,44100,1,field,,n/a,original,,,,fe38b9a2a0f8ab43fd39cc1dc396218ffb42dfe9ee1e948db37ba036303adcff,,thunderstorm,esc50:4-125071-A-19.wav,,corpus_metadata:ESC-50 field recordings (Freesound clips),esc50_v1,4-125071-A-19.wav,https://github.com/karolpiczak/ESC-50/blob/master/LICENSE
SS-BGN-0647,originals/background_noise/SS-BGN-0647.wav,Background Noise,ESC-50 (Environmental Sound Classification),https://github.com/karolpiczak/ESC-50,CC-BY-4.0,Karol J. Piczak,2026-09-24,5.0,44100,1,field,,n/a,original,,,,5dabae26cf309348043fd04d95c829ea0944397d04b8db66108df28d8b27676e,,thunderstorm,esc50:4-125072-A-19.wav,,corpus_metadata:ESC-50 field recordings (Freesound clips),esc50_v1,4-125072-A-19.wav,https://github.com/karolpiczak/ESC-50/blob/master/LICENSE
SS-BGN-0648,originals/background_noise/SS-BGN-0648.wav,Background Noise,ESC-50 (Environmental Sound Classification),https://github.com/karolpiczak/ESC-50,CC-BY-4.0,Karol J. Piczak,2026-09-24,5.0,44100,1,field,,n/a,original,,,,740bc4d9421e207dd70835ed6daa6982fda8c16a51a00256baaa69b4491ca29e,,thunderstorm,esc50:4-125072-B-19.wav,,corpus_metadata:ESC-50 field recordings (Freesound clips),esc50_v1,4-125072-B-19.wav,https://github.com/karolpiczak/ESC-50/blob/master/LICENSE
SS-BGN-0649,originals/background_noise/SS-BGN-0649.wav,Background Noise,ESC-50 (Environmental Sound Classification),https://github.com/karolpiczak/ESC-50,CC-BY-4.0,Karol J. Piczak,2026-09-24,5.0,44100,1,field,,n/a,original,,,,a0b0bbb04a05542784cc031b2f806605d47f469c49576d8b903cebf9cc58f4b7,,wind,esc50:4-144083-A-16.wav,,corpus_metadata:ESC-50 field recordings (Freesound clips),esc50_v1,4-144083-A-16.wav,https://github.com/karolpiczak/ESC-50/blob/master/LICENSE
SS-BGN-0650,originals/background_noise/SS-BGN-0650.wav,Background Noise,ESC-50 (Environmental Sound Classification),https://github.com/karolpiczak/ESC-50,CC-BY-4.0,Karol J. Piczak,2026-09-24,5.0,44100,1,field,,n/a,original,,,,6295c5592ebaa83de1109be26a2473912d15565d5594abb24784b89cb17d29ae,,wind,esc50:4-144083-B-16.wav,,corpus_metadata:ESC-50 field recordings (Freesound clips),esc50_v1,4-144083-B-16.wav,https://github.com/karolpiczak/ESC-50/blob/master/LICENSE
SS-BGN-0651,originals/background_noise/SS-BGN-0651.wav,Background Noise,ESC-50 (Environmental Sound Classification),https://github.com/karolpiczak/ESC-50,CC-BY-4.0,Karol J. Piczak,2026-09-24,5.0,44100,1,field,,n/a,original,,,,942008e68f61223b0888964844bed818bd22288cc0fbb993720d6cb641b08f3d,,wind,esc50:4-144083-C-16.wav,,corpus_metadata:ESC-50 field recordings (Freesound clips),esc50_v1,4-144083-C-16.wav,https://github.com/karolpiczak/ESC-50/blob/master/LICENSE
SS-BGN-0652,originals/background_noise/SS-BGN-0652.wav,Background Noise,ESC-50 (Environmental Sound Classification),https://github.com/karolpiczak/ESC-50,CC-BY-4.0,Karol J. Piczak,2026-09-24,5.0,44100,1,field,,n/a,original,,,,b757e037f324d9c0986290237792ae24d2df71988e9c4f972d1252c9de8ac088,,wind,esc50:4-144085-A-16.wav,,corpus_metadata:ESC-50 field recordings (Freesound clips),esc50_v1,4-144085-A-16.wav,https://github.com/karolpiczak/ESC-50/blob/master/LICENSE
SS-BGN-0653,originals/background_noise/SS-BGN-0653.wav,Background Noise,ESC-50 (Environmental Sound Classification),https://github.com/karolpiczak/ESC-50,CC-BY-4.0,Karol J. Piczak,2026-09-24,5.0,44100,1,field,,n/a,original,,,,542138c59d58acaab06659a09902e49fe7acffb07594680210f38a6ba21898e5,,thunderstorm,esc50:4-156993-A-19.wav,,corpus_metadata:ESC-50 field recordings (Freesound clips),esc50_v1,4-156993-A-19.wav,https://github.com/karolpiczak/ESC-50/blob/master/LICENSE
SS-BGN-0654,originals/background_noise/SS-BGN-0654.wav,Background Noise,ESC-50 (Environmental Sound Classification),https://github.com/karolpiczak/ESC-50,CC-BY-4.0,Karol J. Piczak,2026-09-24,5.0,44100,1,field,,n/a,original,,,,c85ef3d5cbd86ba80a7f089277d66f165e36b8dcf8070643ddc7ec73eb4f5dcb,,rain,esc50:4-160999-A-10.wav,,corpus_metadata:ESC-50 field recordings (Freesound clips),esc50_v1,4-160999-A-10.wav,https://github.com/karolpiczak/ESC-50/blob/master/LICENSE
SS-BGN-0655,originals/background_noise/SS-BGN-0655.wav,Background Noise,ESC-50 (Environmental Sound Classification),https://github.com/karolpiczak/ESC-50,CC-BY-4.0,Karol J. Piczak,2026-09-24,5.0,44100,1,field,,n/a,original,,,,3ea9076dd2ee68b67bd0707652a0c0ca77811b0664426e10e6860c187401af89,,rain,esc50:4-161127-A-10.wav,,corpus_metadata:ESC-50 field recordings (Freesound clips),esc50_v1,4-161127-A-10.wav,https://github.com/karolpiczak/ESC-50/blob/master/LICENSE
SS-BGN-0656,originals/background_noise/SS-BGN-0656.wav,Background Noise,ESC-50 (Environmental Sound Classification),https://github.com/karolpiczak/ESC-50,CC-BY-4.0,Karol J. Piczak,2026-09-24,5.0,44100,1,field,,n/a,original,,,,883e430ff497be4e5d1d19c118273a209f76ab82a2133b585f2d1b93cdb73d84,,thunderstorm,esc50:4-161519-A-19.wav,,corpus_metadata:ESC-50 field recordings (Freesound clips),esc50_v1,4-161519-A-19.wav,https://github.com/karolpiczak/ESC-50/blob/master/LICENSE
SS-BGN-0657,originals/background_noise/SS-BGN-0657.wav,Background Noise,ESC-50 (Environmental Sound Classification),https://github.com/karolpiczak/ESC-50,CC-BY-4.0,Karol J. Piczak,2026-09-24,5.0,44100,1,field,,n/a,original,,,,c2f5737bfafb1a3cb2f06a3d97d291e33901051ae4ef5b25c6f19093453c0ead,,rain,esc50:4-163264-A-10.wav,,corpus_metadata:ESC-50 field recordings (Freesound clips),esc50_v1,4-163264-A-10.wav,https://github.com/karolpiczak/ESC-50/blob/master/LICENSE
SS-BGN-0658,originals/background_noise/SS-BGN-0658.wav,Background Noise,ESC-50 (Environmental Sound Classification),https://github.com/karolpiczak/ESC-50,CC-BY-4.0,Karol J. Piczak,2026-09-24,5.0,44100,1,field,,n/a,original,,,,92246658b7d47b7628efc35da952e4b1ef47322c809542e221037408b69d7de2,,wind,esc50:4-163606-A-16.wav,,corpus_metadata:ESC-50 field recordings (Freesound clips),esc50_v1,4-163606-A-16.wav,https://github.com/karolpiczak/ESC-50/blob/master/LICENSE
SS-BGN-0659,originals/background_noise/SS-BGN-0659.wav,Background Noise,ESC-50 (Environmental Sound Classification),https://github.com/karolpiczak/ESC-50,CC-BY-4.0,Karol J. Piczak,2026-09-24,5.0,44100,1,field,,n/a,original,,,,696f32e8d0e62b5cb5bf388f6045b720bb81f93c887e3b15991b01aeb293b732,,wind,esc50:4-163608-B-16.wav,,corpus_metadata:ESC-50 field recordings (Freesound clips),esc50_v1,4-163608-B-16.wav,https://github.com/karolpiczak/ESC-50/blob/master/LICENSE
SS-BGN-0660,originals/background_noise/SS-BGN-0660.wav,Background Noise,ESC-50 (Environmental Sound Classification),https://github.com/karolpiczak/ESC-50,CC-BY-4.0,Karol J. Piczak,2026-09-24,5.0,44100,1,field,,n/a,original,,,,c2d27e6f92ed5a3e0175d30c0fc9f45cbd746c5a1ff4b4e4b0c2828f0a6e7d53,,wind,esc50:4-163609-A-16.wav,,corpus_metadata:ESC-50 field recordings (Freesound clips),esc50_v1,4-163609-A-16.wav,https://github.com/karolpiczak/ESC-50/blob/master/LICENSE
SS-BGN-0661,originals/background_noise/SS-BGN-0661.wav,Background Noise,ESC-50 (Environmental Sound Classification),https://github.com/karolpiczak/ESC-50,CC-BY-4.0,Karol J. Piczak,2026-09-24,5.0,44100,1,field,,n/a,original,,,,668cc23d97b4c9cc94053bff6b6d03797058e4d941a731d02c5df2cf6633ee51,,wind,esc50:4-163609-B-16.wav,,corpus_metadata:ESC-50 field recordings (Freesound clips),esc50_v1,4-163609-B-16.wav,https://github.com/karolpiczak/ESC-50/blob/master/LICENSE
SS-BGN-0662,originals/background_noise/SS-BGN-0662.wav,Background Noise,ESC-50 (Environmental Sound Classification),https://github.com/karolpiczak/ESC-50,CC-BY-4.0,Karol J. Piczak,2026-09-24,5.0,44100,1,field,,n/a,original,,,,75f81596617c19cb01f4e0a0422798f100d1bedd796cd13aa59687b2bac13d16,,rain,esc50:4-164206-A-10.wav,,corpus_metadata:ESC-50 field recordings (Freesound clips),esc50_v1,4-164206-A-10.wav,https://github.com/karolpiczak/ESC-50/blob/master/LICENSE
SS-BGN-0663,originals/background_noise/SS-BGN-0663.wav,Background Noise,ESC-50 (Environmental Sound Classification),https://github.com/karolpiczak/ESC-50,CC-BY-4.0,Karol J. Piczak,2026-09-24,5.0,44100,1,field,,n/a,original,,,,5dba3d3689ad470168a93c321674fb1d0e152a939bc034dcfe88c7a055e6d5f5,,crackling_fire,esc50:4-164661-A-12.wav,,corpus_metadata:ESC-50 field recordings (Freesound clips),esc50_v1,4-164661-A-12.wav,https://github.com/karolpiczak/ESC-50/blob/master/LICENSE
SS-BGN-0664,originals/background_noise/SS-BGN-0664.wav,Background Noise,ESC-50 (Environmental Sound Classification),https://github.com/karolpiczak/ESC-50,CC-BY-4.0,Karol J. Piczak,2026-09-24,5.0,44100,1,field,,n/a,original,,,,e8db809460aaf1d4cad3458762e5b60c31e88efdc00b33a6d6a7c3bd83306ec4,,crackling_fire,esc50:4-164661-B-12.wav,,corpus_metadata:ESC-50 field recordings (Freesound clips),esc50_v1,4-164661-B-12.wav,https://github.com/karolpiczak/ESC-50/blob/master/LICENSE
SS-BGN-0665,originals/background_noise/SS-BGN-0665.wav,Background Noise,ESC-50 (Environmental Sound Classification),https://github.com/karolpiczak/ESC-50,CC-BY-4.0,Karol J. Piczak,2026-09-24,5.0,44100,1,field,,n/a,original,,,,57e571572eb4055f2446b646e83d55e9ed39f598adb02734dafe0efd934e634e,,thunderstorm,esc50:4-165813-A-19.wav,,corpus_metadata:ESC-50 field recordings (Freesound clips),esc50_v1,4-165813-A-19.wav,https://github.com/karolpiczak/ESC-50/blob/master/LICENSE
SS-BGN-0666,originals/background_noise/SS-BGN-0666.wav,Background Noise,ESC-50 (Environmental Sound Classification),https://github.com/karolpiczak/ESC-50,CC-BY-4.0,Karol J. Piczak,2026-09-24,5.0,44100,1,field,,n/a,original,,,,4a89c1dcfd418624f14b58811b657815b36317e429d088db99e31e98961a8083,,thunderstorm,esc50:4-165813-B-19.wav,,corpus_metadata:ESC-50 field recordings (Freesound clips),esc50_v1,4-165813-B-19.wav,https://github.com/karolpiczak/ESC-50/blob/master/LICENSE
SS-BGN-0667,originals/background_noise/SS-BGN-0667.wav,Background Noise,ESC-50 (Environmental Sound Classification),https://github.com/karolpiczak/ESC-50,CC-BY-4.0,Karol J. Piczak,2026-09-24,5.0,44100,1,field,,n/a,original,,,,a958fd56bfff6c34c896c8ca4e5f69705b47a446edcb57060c492f65007d277d,,rain,esc50:4-166661-A-10.wav,,corpus_metadata:ESC-50 field recordings (Freesound clips),esc50_v1,4-166661-A-10.wav,https://github.com/karolpiczak/ESC-50/blob/master/LICENSE
SS-BGN-0668,originals/background_noise/SS-BGN-0668.wav,Background Noise,ESC-50 (Environmental Sound Classification),https://github.com/karolpiczak/ESC-50,CC-BY-4.0,Karol J. Piczak,2026-09-24,5.0,44100,1,field,,n/a,original,,,,3cfc8edd94c4efc892a80151ed83aff7febcab1219d5c1e41abe5e4bf6c7d8ad,,sea_waves,esc50:4-167063-A-11.wav,,corpus_metadata:ESC-50 field recordings (Freesound clips),esc50_v1,4-167063-A-11.wav,https://github.com/karolpiczak/ESC-50/blob/master/LICENSE
SS-BGN-0669,originals/background_noise/SS-BGN-0669.wav,Background Noise,ESC-50 (Environmental Sound Classification),https://github.com/karolpiczak/ESC-50,CC-BY-4.0,Karol J. Piczak,2026-09-24,5.0,44100,1,field,,n/a,original,,,,0dd8330a8d102d1192dca1e0c43e83602f3f308994aaf8f9f68bb8b1c682cb4a,,sea_waves,esc50:4-167063-B-11.wav,,corpus_metadata:ESC-50 field recordings (Freesound clips),esc50_v1,4-167063-B-11.wav,https://github.com/karolpiczak/ESC-50/blob/master/LICENSE
SS-BGN-0670,originals/background_noise/SS-BGN-0670.wav,Background Noise,ESC-50 (Environmental Sound Classification),https://github.com/karolpiczak/ESC-50,CC-BY-4.0,Karol J. Piczak,2026-09-24,5.0,44100,1,field,,n/a,original,,,,0c11db409fe2f395dbd8d34d83b9d96cb10d8e971cda562120d7fea19d61d62d,,sea_waves,esc50:4-167063-C-11.wav,,corpus_metadata:ESC-50 field recordings (Freesound clips),esc50_v1,4-167063-C-11.wav,https://github.com/karolpiczak/ESC-50/blob/master/LICENSE
SS-BGN-0671,originals/background_noise/SS-BGN-0671.wav,Background Noise,ESC-50 (Environmental Sound Classification),https://github.com/karolpiczak/ESC-50,CC-BY-4.0,Karol J. Piczak,2026-09-24,5.0,44100,1,field,,n/a,original,,,,2cd2ad18953fa15ac00e34417479f1021d9f01afdfc193aeaa486c1a3473313e,,water_drops,esc50:4-168155-A-15.wav,,corpus_metadata:ESC-50 field recordings (Freesound clips),esc50_v1,4-168155-A-15.wav,https://github.com/karolpiczak/ESC-50/blob/master/LICENSE
SS-BGN-0672,originals/background_noise/SS-BGN-0672.wav,Background Noise,ESC-50 (Environmental Sound Classification),https://github.com/karolpiczak/ESC-50,CC-BY-4.0,Karol J. Piczak,2026-09-24,5.0,44100,1,field,,n/a,original,,,,19a2e37237b10d02f8c54281ecacd17d4e7af1c4b69df5c1db3831fe55d996a7,,crackling_fire,esc50:4-170247-A-12.wav,,corpus_metadata:ESC-50 field recordings (Freesound clips),esc50_v1,4-170247-A-12.wav,https://github.com/karolpiczak/ESC-50/blob/master/LICENSE
SS-BGN-0673,originals/background_noise/SS-BGN-0673.wav,Background Noise,ESC-50 (Environmental Sound Classification),https://github.com/karolpiczak/ESC-50,CC-BY-4.0,Karol J. Piczak,2026-09-24,5.0,44100,1,field,,n/a,original,,,,ff4985fe31123d45350cfc29e048d6817a1cdfe27059b5ccb55546d67c668bee,,crackling_fire,esc50:4-170247-B-12.wav,,corpus_metadata:ESC-50 field recordings (Freesound clips),esc50_v1,4-170247-B-12.wav,https://github.com/karolpiczak/ESC-50/blob/master/LICENSE
SS-BGN-0674,originals/background_noise/SS-BGN-0674.wav,Background Noise,ESC-50 (Environmental Sound Classification),https://github.com/karolpiczak/ESC-50,CC-BY-4.0,Karol J. Piczak,2026-09-24,5.0,44100,1,field,,n/a,original,,,,c2b852693789c4d835c9e6e5584788298401fb2cae183353f6388cfc99f30027,,crackling_fire,esc50:4-171207-A-12.wav,,corpus_metadata:ESC-50 field recordings (Freesound clips),esc50_v1,4-171207-A-12.wav,https://github.com/karolpiczak/ESC-50/blob/master/LICENSE
SS-BGN-0675,originals/background_noise/SS-BGN-0675.wav,Background Noise,ESC-50 (Environmental Sound Classification),https://github.com/karolpiczak/ESC-50,CC-BY-4.0,Karol J. Piczak,2026-09-24,5.0,44100,1,field,,n/a,original,,,,acdd567a1d75cf635a94d4566916b950b34ca9d153b13b601c659a9b86be69b4,,water_drops,esc50:4-174797-A-15.wav,,corpus_metadata:ESC-50 field recordings (Freesound clips),esc50_v1,4-174797-A-15.wav,https://github.com/karolpiczak/ESC-50/blob/master/LICENSE
SS-BGN-0676,originals/background_noise/SS-BGN-0676.wav,Background Noise,ESC-50 (Environmental Sound Classification),https://github.com/karolpiczak/ESC-50,CC-BY-4.0,Karol J. Piczak,2026-09-24,5.0,44100,1,field,,n/a,original,,,,daae54d9bcfb4f31adfac8adbca4ab54c3543b8ed68c555b5a98c3fc20283358,,rain,esc50:4-177250-A-10.wav,,corpus_metadata:ESC-50 field recordings (Freesound clips),esc50_v1,4-177250-A-10.wav,https://github.com/karolpiczak/ESC-50/blob/master/LICENSE
SS-BGN-0677,originals/background_noise/SS-BGN-0677.wav,Background Noise,ESC-50 (Environmental Sound Classification),https://github.com/karolpiczak/ESC-50,CC-BY-4.0,Karol J. Piczak,2026-09-24,5.0,44100,1,field,,n/a,original,,,,d73fdc45016ab102ed49683509d93eccb40b985ed9492fe17c3aecf50963a35b,,rain,esc50:4-180380-A-10.wav,,corpus_metadata:ESC-50 field recordings (Freesound clips),esc50_v1,4-180380-A-10.wav,https://github.com/karolpiczak/ESC-50/blob/master/LICENSE
SS-BGN-0678,originals/background_noise/SS-BGN-0678.wav,Background Noise,ESC-50 (Environmental Sound Classification),https://github.com/karolpiczak/ESC-50,CC-BY-4.0,Karol J. Piczak,2026-09-24,5.0,44100,1,field,,n/a,original,,,,f4adde0e7a70a466a161325824b020a28ae3aaf76568436116c82b6b25d76fdf,,rain,esc50:4-181286-A-10.wav,,corpus_metadata:ESC-50 field recordings (Freesound clips),esc50_v1,4-181286-A-10.wav,https://github.com/karolpiczak/ESC-50/blob/master/LICENSE
SS-BGN-0679,originals/background_noise/SS-BGN-0679.wav,Background Noise,ESC-50 (Environmental Sound Classification),https://github.com/karolpiczak/ESC-50,CC-BY-4.0,Karol J. Piczak,2026-09-24,5.0,44100,1,field,,n/a,original,,,,ddb4f826b26093badfbec99c52ae78fdf83b8f86a633864f220f7097660d7132,,crackling_fire,esc50:4-181563-A-12.wav,,corpus_metadata:ESC-50 field recordings (Freesound clips),esc50_v1,4-181563-A-12.wav,https://github.com/karolpiczak/ESC-50/blob/master/LICENSE
SS-BGN-0680,originals/background_noise/SS-BGN-0680.wav,Background Noise,ESC-50 (Environmental Sound Classification),https://github.com/karolpiczak/ESC-50,CC-BY-4.0,Karol J. Piczak,2026-09-24,5.0,44100,1,field,,n/a,original,,,,c3ba5793bb74cbf7e92b678bc41f7ad4ab925b175c77e8320a755d92e4d1bad8,,crackling_fire,esc50:4-182368-A-12.wav,,corpus_metadata:ESC-50 field recordings (Freesound clips),esc50_v1,4-182368-A-12.wav,https://github.com/karolpiczak/ESC-50/blob/master/LICENSE
SS-GLA-0501,originals/glass_breaking/SS-GLA-0501.wav,Glass Breaking,ESC-50 (Environmental Sound Classification),https://github.com/karolpiczak/ESC-50,CC-BY-4.0,Karol J. Piczak,2026-09-24,5.0,44100,1,field,,n/a,original,,,,db6946133c37fbd4513fe932dbb71e0b077bf7d240beaed339eb6c88e48c903b,,glass_breaking,esc50:1-20133-A-39.wav,,corpus_metadata:ESC-50 field recordings (Freesound clips),esc50_v1,1-20133-A-39.wav,https://github.com/karolpiczak/ESC-50/blob/master/LICENSE
SS-GLA-0502,originals/glass_breaking/SS-GLA-0502.wav,Glass Breaking,ESC-50 (Environmental Sound Classification),https://github.com/karolpiczak/ESC-50,CC-BY-4.0,Karol J. Piczak,2026-09-24,5.0,44100,1,field,,n/a,original,,,,79efba4c0c54acadc88783e83b428fc9c430db94515b25339a6b5598e2ade0c0,,glass_breaking,esc50:1-84536-A-39.wav,,corpus_metadata:ESC-50 field recordings (Freesound clips),esc50_v1,1-84536-A-39.wav,https://github.com/karolpiczak/ESC-50/blob/master/LICENSE
SS-GLA-0503,originals/glass_breaking/SS-GLA-0503.wav,Glass Breaking,ESC-50 (Environmental Sound Classification),https://github.com/karolpiczak/ESC-50,CC-BY-4.0,Karol J. Piczak,2026-09-24,5.0,44100,1,field,,n/a,original,,,,c3e1abf0273f02b5f89e7d51cb890f3ad1575dc55fe1023650b0860b6f3abd15,,glass_breaking,esc50:1-84704-A-39.wav,,corpus_metadata:ESC-50 field recordings (Freesound clips),esc50_v1,1-84704-A-39.wav,https://github.com/karolpiczak/ESC-50/blob/master/LICENSE
SS-GLA-0504,originals/glass_breaking/SS-GLA-0504.wav,Glass Breaking,ESC-50 (Environmental Sound Classification),https://github.com/karolpiczak/ESC-50,CC-BY-4.0,Karol J. Piczak,2026-09-24,5.0,44100,1,field,,n/a,original,,,,e8cc52dd91213cd69031e10c0fe15f77230f588ececb13cc7c906c43ece32336,,glass_breaking,esc50:1-84705-A-39.wav,,corpus_metadata:ESC-50 field recordings (Freesound clips),esc50_v1,1-84705-A-39.wav,https://github.com/karolpiczak/ESC-50/blob/master/LICENSE
SS-GLA-0505,originals/glass_breaking/SS-GLA-0505.wav,Glass Breaking,ESC-50 (Environmental Sound Classification),https://github.com/karolpiczak/ESC-50,CC-BY-4.0,Karol J. Piczak,2026-09-24,5.0,44100,1,field,,n/a,original,,,,08fcf5a7656cc1c824122aba2a7dd1107130a0f9d6f3e3b73e7d06575b246ed5,,glass_breaking,esc50:1-85168-A-39.wav,,corpus_metadata:ESC-50 field recordings (Freesound clips),esc50_v1,1-85168-A-39.wav,https://github.com/karolpiczak/ESC-50/blob/master/LICENSE
SS-GLA-0506,originals/glass_breaking/SS-GLA-0506.wav,Glass Breaking,ESC-50 (Environmental Sound Classification),https://github.com/karolpiczak/ESC-50,CC-BY-4.0,Karol J. Piczak,2026-09-24,5.0,44100,1,field,,n/a,original,,,,aafacfae6a441ba21f4c76a11042726f933272709a099a54a15a905a1d65b837,,glass_breaking,esc50:1-85184-A-39.wav,,corpus_metadata:ESC-50 field recordings (Freesound clips),esc50_v1,1-85184-A-39.wav,https://github.com/karolpiczak/ESC-50/blob/master/LICENSE
SS-GLA-0507,originals/glass_breaking/SS-GLA-0507.wav,Glass Breaking,ESC-50 (Environmental Sound Classification),https://github.com/karolpiczak/ESC-50,CC-BY-4.0,Karol J. Piczak,2026-09-24,5.0,44100,1,field,,n/a,original,,,,e5c368173342c2acba450c7d3116fac74fcec86bc8dc26055c6da7ebc509d191,,glass_breaking,esc50:1-88807-A-39.wav,,corpus_metadata:ESC-50 field recordings (Freesound clips),esc50_v1,1-88807-A-39.wav,https://github.com/karolpiczak/ESC-50/blob/master/LICENSE
SS-GLA-0508,originals/glass_breaking/SS-GLA-0508.wav,Glass Breaking,ESC-50 (Environmental Sound Classification),https://github.com/karolpiczak/ESC-50,CC-BY-4.0,Karol J. Piczak,2026-09-24,5.0,44100,1,field,,n/a,original,,,,67c88e07db9e2dd7a7551f0c5b99da315ce7df041f83ed57b479d8fda8fbfe27,,glass_breaking,esc50:1-977-A-39.wav,,corpus_metadata:ESC-50 field recordings (Freesound clips),esc50_v1,1-977-A-39.wav,https://github.com/karolpiczak/ESC-50/blob/master/LICENSE
SS-GLA-0509,originals/glass_breaking/SS-GLA-0509.wav,Glass Breaking,ESC-50 (Environmental Sound Classification),https://github.com/karolpiczak/ESC-50,CC-BY-4.0,Karol J. Piczak,2026-09-24,5.0,44100,1,field,,n/a,original,,,,e54a661c1fff8150b7c34d54da1686a18eaeaaf454394b866a251ceb68e3f886,,glass_breaking,esc50:2-106881-A-39.wav,,corpus_metadata:ESC-50 field recordings (Freesound clips),esc50_v1,2-106881-A-39.wav,https://github.com/karolpiczak/ESC-50/blob/master/LICENSE
SS-GLA-0510,originals/glass_breaking/SS-GLA-0510.wav,Glass Breaking,ESC-50 (Environmental Sound Classification),https://github.com/karolpiczak/ESC-50,CC-BY-4.0,Karol J. Piczak,2026-09-24,5.0,44100,1,field,,n/a,original,,,,a6b60fb2268d7f0ceda0ff6f798d2d51b4ceb08218b3ac5ca91980a42d9c706b,,glass_breaking,esc50:2-112213-A-39.wav,,corpus_metadata:ESC-50 field recordings (Freesound clips),esc50_v1,2-112213-A-39.wav,https://github.com/karolpiczak/ESC-50/blob/master/LICENSE
SS-GLA-0511,originals/glass_breaking/SS-GLA-0511.wav,Glass Breaking,ESC-50 (Environmental Sound Classification),https://github.com/karolpiczak/ESC-50,CC-BY-4.0,Karol J. Piczak,2026-09-24,5.0,44100,1,field,,n/a,original,,,,d1d705535a4506b6e7f94c8ebff688bc0aa8bc115b42e8daf13542bec4f90ac7,,glass_breaking,esc50:2-112213-B-39.wav,,corpus_metadata:ESC-50 field recordings (Freesound clips),esc50_v1,2-112213-B-39.wav,https://github.com/karolpiczak/ESC-50/blob/master/LICENSE
SS-GLA-0512,originals/glass_breaking/SS-GLA-0512.wav,Glass Breaking,ESC-50 (Environmental Sound Classification),https://github.com/karolpiczak/ESC-50,CC-BY-4.0,Karol J. Piczak,2026-09-24,5.0,44100,1,field,,n/a,original,,,,3ef4dae6a116b3d18a0f9f18d4373f0247debb168b0718eee89c0a30a38890c7,,glass_breaking,esc50:2-141563-A-39.wav,,corpus_metadata:ESC-50 field recordings (Freesound clips),esc50_v1,2-141563-A-39.wav,https://github.com/karolpiczak/ESC-50/blob/master/LICENSE
SS-GLA-0513,originals/glass_breaking/SS-GLA-0513.wav,Glass Breaking,ESC-50 (Environmental Sound Classification),https://github.com/karolpiczak/ESC-50,CC-BY-4.0,Karol J. Piczak,2026-09-24,5.0,44100,1,field,,n/a,original,,,,e60d74d17651551cb82e4fd8a542ceae3f278da1a6b4393fe9e704c786ff4125,,glass_breaking,esc50:2-173559-A-39.wav,,corpus_metadata:ESC-50 field recordings (Freesound clips),esc50_v1,2-173559-A-39.wav,https://github.com/karolpiczak/ESC-50/blob/master/LICENSE
SS-GLA-0514,originals/glass_breaking/SS-GLA-0514.wav,Glass Breaking,ESC-50 (Environmental Sound Classification),https://github.com/karolpiczak/ESC-50,CC-BY-4.0,Karol J. Piczak,2026-09-24,5.0,44100,1,field,,n/a,original,,,,55cc07864f3f8195e51bbdf10fda1601df6b5ff0d5f486a356d79b60c0beb3d6,,glass_breaking,esc50:2-173607-A-39.wav,,corpus_metadata:ESC-50 field recordings (Freesound clips),esc50_v1,2-173607-A-39.wav,https://github.com/karolpiczak/ESC-50/blob/master/LICENSE
SS-GLA-0515,originals/glass_breaking/SS-GLA-0515.wav,Glass Breaking,ESC-50 (Environmental Sound Classification),https://github.com/karolpiczak/ESC-50,CC-BY-4.0,Karol J. Piczak,2026-09-24,5.0,44100,1,field,,n/a,original,,,,9170ecdc0903514ded47782447d6f0828d752ebc9765fa0cb257f869529dd830,,glass_breaking,esc50:2-173618-A-39.wav,,corpus_metadata:ESC-50 field recordings (Freesound clips),esc50_v1,2-173618-A-39.wav,https://github.com/karolpiczak/ESC-50/blob/master/LICENSE
SS-GLA-0516,originals/glass_breaking/SS-GLA-0516.wav,Glass Breaking,ESC-50 (Environmental Sound Classification),https://github.com/karolpiczak/ESC-50,CC-BY-4.0,Karol J. Piczak,2026-09-24,5.0,44100,1,field,,n/a,original,,,,ca0b7286ded500bd1f1928ef96ad5c35704bec66a790181afeb17ec7d995dbac,,glass_breaking,esc50:2-250710-A-39.wav,,corpus_metadata:ESC-50 field recordings (Freesound clips),esc50_v1,2-250710-A-39.wav,https://github.com/karolpiczak/ESC-50/blob/master/LICENSE
SS-GLA-0517,originals/glass_breaking/SS-GLA-0517.wav,Glass Breaking,ESC-50 (Environmental Sound Classification),https://github.com/karolpiczak/ESC-50,CC-BY-4.0,Karol J. Piczak,2026-09-24,5.0,44100,1,field,,n/a,original,,,,60a600ff3e1ac00b41c60b0e3979ee8b1b46ebfcbc370523389094e4fbda415b,,glass_breaking,esc50:3-203371-A-39.wav,,corpus_metadata:ESC-50 field recordings (Freesound clips),esc50_v1,3-203371-A-39.wav,https://github.com/karolpiczak/ESC-50/blob/master/LICENSE
SS-GLA-0518,originals/glass_breaking/SS-GLA-0518.wav,Glass Breaking,ESC-50 (Environmental Sound Classification),https://github.com/karolpiczak/ESC-50,CC-BY-4.0,Karol J. Piczak,2026-09-24,5.0,44100,1,field,,n/a,original,,,,beb0605537f3fe20e98b54f19f20842d92b7a95f9408dee41e620a8955b33111,,glass_breaking,esc50:3-203373-A-39.wav,,corpus_metadata:ESC-50 field recordings (Freesound clips),esc50_v1,3-203373-A-39.wav,https://github.com/karolpiczak/ESC-50/blob/master/LICENSE
SS-GLA-0519,originals/glass_breaking/SS-GLA-0519.wav,Glass Breaking,ESC-50 (Environmental Sound Classification),https://github.com/karolpiczak/ESC-50,CC-BY-4.0,Karol J. Piczak,2026-09-24,5.0,44100,1,field,,n/a,original,,,,d2d0b97a0ad01b927a83605cd4e5cc988c4b868e1e01a4fa874563c038e16473,,glass_breaking,esc50:3-203374-A-39.wav,,corpus_metadata:ESC-50 field recordings (Freesound clips),esc50_v1,3-203374-A-39.wav,https://github.com/karolpiczak/ESC-50/blob/master/LICENSE
SS-GLA-0520,originals/glass_breaking/SS-GLA-0520.wav,Glass Breaking,ESC-50 (Environmental Sound Classification),https://github.com/karolpiczak/ESC-50,CC-BY-4.0,Karol J. Piczak,2026-09-24,5.0,44100,1,field,,n/a,original,,,,b6a987feb4855cf91f55498dcc04bee4fd0f8ed06290d451ce37a07fff230feb,,glass_breaking,esc50:3-203375-A-39.wav,,corpus_metadata:ESC-50 field recordings (Freesound clips),esc50_v1,3-203375-A-39.wav,https://github.com/karolpiczak/ESC-50/blob/master/LICENSE
SS-GLA-0521,originals/glass_breaking/SS-GLA-0521.wav,Glass Breaking,ESC-50 (Environmental Sound Classification),https://github.com/karolpiczak/ESC-50,CC-BY-4.0,Karol J. Piczak,2026-09-24,5.0,44100,1,field,,n/a,original,,,,66c6c338f75f509754b454cedae44597f70c97a44f79a3079da0183a63e34562,,glass_breaking,esc50:3-203377-A-39.wav,,corpus_metadata:ESC-50 field recordings (Freesound clips),esc50_v1,3-203377-A-39.wav,https://github.com/karolpiczak/ESC-50/blob/master/LICENSE
SS-GLA-0522,originals/glass_breaking/SS-GLA-0522.wav,Glass Breaking,ESC-50 (Environmental Sound Classification),https://github.com/karolpiczak/ESC-50,CC-BY-4.0,Karol J. Piczak,2026-09-24,5.0,44100,1,field,,n/a,original,,,,2ff2076e898eb818ee6ce5edb615126500b72f6c2fb525ea6bd411d73f8ca580,,glass_breaking,esc50:3-216280-A-39.wav,,corpus_metadata:ESC-50 field recordings (Freesound clips),esc50_v1,3-216280-A-39.wav,https://github.com/karolpiczak/ESC-50/blob/master/LICENSE
SS-GLA-0523,originals/glass_breaking/SS-GLA-0523.wav,Glass Breaking,ESC-50 (Environmental Sound Classification),https://github.com/karolpiczak/ESC-50,CC-BY-4.0,Karol J. Piczak,2026-09-24,5.0,44100,1,field,,n/a,original,,,,6f0ae114a872f560946a6a45d474f2b9e0664325ac5b236bc396723ecfbcb5ff,,glass_breaking,esc50:3-216281-A-39.wav,,corpus_metadata:ESC-50 field recordings (Freesound clips),esc50_v1,3-216281-A-39.wav,https://github.com/karolpiczak/ESC-50/blob/master/LICENSE
SS-GLA-0524,originals/glass_breaking/SS-GLA-0524.wav,Glass Breaking,ESC-50 (Environmental Sound Classification),https://github.com/karolpiczak/ESC-50,CC-BY-4.0,Karol J. Piczak,2026-09-24,5.0,44100,1,field,,n/a,original,,,,b494fb47b9afd88715976c1476e6115024b8869681a293ea761fea72a03abf3e,,glass_breaking,esc50:3-216284-A-39.wav,,corpus_metadata:ESC-50 field recordings (Freesound clips),esc50_v1,3-216284-A-39.wav,https://github.com/karolpiczak/ESC-50/blob/master/LICENSE
SS-GLA-0525,originals/glass_breaking/SS-GLA-0525.wav,Glass Breaking,ESC-50 (Environmental Sound Classification),https://github.com/karolpiczak/ESC-50,CC-BY-4.0,Karol J. Piczak,2026-09-24,5.0,44100,1,field,,n/a,original,,,,3d4a520122727b384d55738c254f33103e1eee73152f4c45893736089915eff9,,glass_breaking,esc50:4-204115-A-39.wav,,corpus_metadata:ESC-50 field recordings (Freesound clips),esc50_v1,4-204115-A-39.wav,https://github.com/karolpiczak/ESC-50/blob/master/LICENSE
SS-GLA-0526,originals/glass_breaking/SS-GLA-0526.wav,Glass Breaking,ESC-50 (Environmental Sound Classification),https://github.com/karolpiczak/ESC-50,CC-BY-4.0,Karol J. Piczak,2026-09-24,5.0,44100,1,field,,n/a,original,,,,2fbc4acd76fa931f8461c3370eeef3e417b1ea28da20eff7874d4b4e2177fc41,,glass_breaking,esc50:4-204119-A-39.wav,,corpus_metadata:ESC-50 field recordings (Freesound clips),esc50_v1,4-204119-A-39.wav,https://github.com/karolpiczak/ESC-50/blob/master/LICENSE
SS-GLA-0527,originals/glass_breaking/SS-GLA-0527.wav,Glass Breaking,ESC-50 (Environmental Sound Classification),https://github.com/karolpiczak/ESC-50,CC-BY-4.0,Karol J. Piczak,2026-09-24,5.0,44100,1,field,,n/a,original,,,,ad42b3c91dd21d4f3a8238290c20dac179e7a7674320dab7029c5b111116d1d1,,glass_breaking,esc50:4-204121-A-39.wav,,corpus_metadata:ESC-50 field recordings (Freesound clips),esc50_v1,4-204121-A-39.wav,https://github.com/karolpiczak/ESC-50/blob/master/LICENSE
SS-GLA-0528,originals/glass_breaking/SS-GLA-0528.wav,Glass Breaking,ESC-50 (Environmental Sound Classification),https://github.com/karolpiczak/ESC-50,CC-BY-4.0,Karol J. Piczak,2026-09-24,5.0,44100,1,field,,n/a,original,,,,a35fd2223acb65ae87ab1e3ad4c774e8cda44a5482b639f11b6aa0d8065b4a7a,,glass_breaking,esc50:4-204123-A-39.wav,,corpus_metadata:ESC-50 field recordings (Freesound clips),esc50_v1,4-204123-A-39.wav,https://github.com/karolpiczak/ESC-50/blob/master/LICENSE
SS-GLA-0529,originals/glass_breaking/SS-GLA-0529.wav,Glass Breaking,ESC-50 (Environmental Sound Classification),https://github.com/karolpiczak/ESC-50,CC-BY-4.0,Karol J. Piczak,2026-09-24,5.0,44100,1,field,,n/a,original,,,,872608ee9201b147b13b9cdc871558b39368bd09d3eb7dc469544866e414c0f8,,glass_breaking,esc50:4-204777-A-39.wav,,corpus_metadata:ESC-50 field recordings (Freesound clips),esc50_v1,4-204777-A-39.wav,https://github.com/karolpiczak/ESC-50/blob/master/LICENSE
SS-GLA-0530,originals/glass_breaking/SS-GLA-0530.wav,Glass Breaking,ESC-50 (Environmental Sound Classification),https://github.com/karolpiczak/ESC-50,CC-BY-4.0,Karol J. Piczak,2026-09-24,5.0,44100,1,field,,n/a,original,,,,98b930c2e4028e80749d82616ccba7640e58650a9ccf7770a77f814e3b2dcd24,,glass_breaking,esc50:4-204777-B-39.wav,,corpus_metadata:ESC-50 field recordings (Freesound clips),esc50_v1,4-204777-B-39.wav,https://github.com/karolpiczak/ESC-50/blob/master/LICENSE
SS-GLA-0531,originals/glass_breaking/SS-GLA-0531.wav,Glass Breaking,ESC-50 (Environmental Sound Classification),https://github.com/karolpiczak/ESC-50,CC-BY-4.0,Karol J. Piczak,2026-09-24,5.0,44100,1,field,,n/a,original,,,,88bbd7af8f04d1b46f9e0c13a304223efea777c1dd908564b8eff73b9774477b,,glass_breaking,esc50:4-204777-C-39.wav,,corpus_metadata:ESC-50 field recordings (Freesound clips),esc50_v1,4-204777-C-39.wav,https://github.com/karolpiczak/ESC-50/blob/master/LICENSE
SS-GLA-0532,originals/glass_breaking/SS-GLA-0532.wav,Glass Breaking,ESC-50 (Environmental Sound Classification),https://github.com/karolpiczak/ESC-50,CC-BY-4.0,Karol J. Piczak,2026-09-24,5.0,44100,1,field,,n/a,original,,,,4491d08becad3c0074b46fbe25eeb7536a458036ecd5eed77f5709ed77313ef8,,glass_breaking,esc50:4-212698-A-39.wav,,corpus_metadata:ESC-50 field recordings (Freesound clips),esc50_v1,4-212698-A-39.wav,https://github.com/karolpiczak/ESC-50/blob/master/LICENSE
SS-GLA-0533,originals/glass_breaking/SS-GLA-0533.wav,Glass Breaking,ESC-50 (Environmental Sound Classification),https://github.com/karolpiczak/ESC-50,CC-BY-4.0,Karol J. Piczak,2026-09-24,5.0,44100,1,field,,n/a,original,,,,f4796e4ec53c1dee2257365e58ff5ab75cf37d9a813f07b681927e85ee472cde,,glass_breaking,esc50:5-221528-A-39.wav,,corpus_metadata:ESC-50 field recordings (Freesound clips),esc50_v1,5-221528-A-39.wav,https://github.com/karolpiczak/ESC-50/blob/master/LICENSE
SS-GLA-0534,originals/glass_breaking/SS-GLA-0534.wav,Glass Breaking,ESC-50 (Environmental Sound Classification),https://github.com/karolpiczak/ESC-50,CC-BY-4.0,Karol J. Piczak,2026-09-24,5.0,44100,1,field,,n/a,original,,,,3863f5097117a5eebbb75ca1a9eddd13fb2cd735542313fe5aa88c940db6a758,,glass_breaking,esc50:5-221529-A-39.wav,,corpus_metadata:ESC-50 field recordings (Freesound clips),esc50_v1,5-221529-A-39.wav,https://github.com/karolpiczak/ESC-50/blob/master/LICENSE
SS-GLA-0535,originals/glass_breaking/SS-GLA-0535.wav,Glass Breaking,ESC-50 (Environmental Sound Classification),https://github.com/karolpiczak/ESC-50,CC-BY-4.0,Karol J. Piczak,2026-09-24,5.0,44100,1,field,,n/a,original,,,,ae86e74bf03c69cb2c2962b7327b5524dda7d531e553b9fab91a375de5299bff,,glass_breaking,esc50:5-233605-A-39.wav,,corpus_metadata:ESC-50 field recordings (Freesound clips),esc50_v1,5-233605-A-39.wav,https://github.com/karolpiczak/ESC-50/blob/master/LICENSE
SS-GLA-0536,originals/glass_breaking/SS-GLA-0536.wav,Glass Breaking,ESC-50 (Environmental Sound Classification),https://github.com/karolpiczak/ESC-50,CC-BY-4.0,Karol J. Piczak,2026-09-24,5.0,44100,1,field,,n/a,original,,,,c2988d2ecd448a3e27bc80a248355a5d3bb85c769ec25f37fda4b9ec990c94dc,,glass_breaking,esc50:5-233607-A-39.wav,,corpus_metadata:ESC-50 field recordings (Freesound clips),esc50_v1,5-233607-A-39.wav,https://github.com/karolpiczak/ESC-50/blob/master/LICENSE
SS-GLA-0537,originals/glass_breaking/SS-GLA-0537.wav,Glass Breaking,ESC-50 (Environmental Sound Classification),https://github.com/karolpiczak/ESC-50,CC-BY-4.0,Karol J. Piczak,2026-09-24,5.0,44100,1,field,,n/a,original,,,,a93747921a23b090d444c7ecc57adace2d856abbe18c038bd52773a57512613b,,glass_breaking,esc50:5-257642-A-39.wav,,corpus_metadata:ESC-50 field recordings (Freesound clips),esc50_v1,5-257642-A-39.wav,https://github.com/karolpiczak/ESC-50/blob/master/LICENSE
SS-GLA-0538,originals/glass_breaking/SS-GLA-0538.wav,Glass Breaking,ESC-50 (Environmental Sound Classification),https://github.com/karolpiczak/ESC-50,CC-BY-4.0,Karol J. Piczak,2026-09-24,5.0,44100,1,field,,n/a,original,,,,e1da0f73ebaca89112dfd6aff25d154c08961aab7eeea5ed033223d6cabfaef0,,glass_breaking,esc50:5-260432-A-39.wav,,corpus_metadata:ESC-50 field recordings (Freesound clips),esc50_v1,5-260432-A-39.wav,https://github.com/karolpiczak/ESC-50/blob/master/LICENSE
SS-GLA-0539,originals/glass_breaking/SS-GLA-0539.wav,Glass Breaking,ESC-50 (Environmental Sound Classification),https://github.com/karolpiczak/ESC-50,CC-BY-4.0,Karol J. Piczak,2026-09-24,5.0,44100,1,field,,n/a,original,,,,04a46ed54d5159b4afa7015d9799901a2806f3012507fa6bc923e23124efcdfc,,glass_breaking,esc50:5-260433-A-39.wav,,corpus_metadata:ESC-50 field recordings (Freesound clips),esc50_v1,5-260433-A-39.wav,https://github.com/karolpiczak/ESC-50/blob/master/LICENSE
SS-GLA-0540,originals/glass_breaking/SS-GLA-0540.wav,Glass Breaking,ESC-50 (Environmental Sound Classification),https://github.com/karolpiczak/ESC-50,CC-BY-4.0,Karol J. Piczak,2026-09-24,5.0,44100,1,field,,n/a,original,,,,92d7ac3de371429d81338c1233cadfbcfb3873253c005f2f6aa4be7dce8a014e,,glass_breaking,esc50:5-260434-A-39.wav,,corpus_metadata:ESC-50 field recordings (Freesound clips),esc50_v1,5-260434-A-39.wav,https://github.com/karolpiczak/ESC-50/blob/master/LICENSE
SS-GLA-0541,originals/glass_breaking/SS-GLA-0541.wav,Glass Breaking,FSD50K.eval (recovered from truncated archive),https://zenodo.org/record/4060432,CC-BY-4.0,Eduardo Fonseca et al.,2026-09-24,1.176,44100,1,field,,n/a,original,,,,a4d071c3a1a525a46cff514c5d0258a28159c9ee2444a0698a4010074e2e076b,,"Chink and clink,Glass",fsd50k_eval:145441,,corpus_metadata:FSD50K Freesound field recordings,fsd50k_eval_recovered_v1,145441.wav,https://creativecommons.org/licenses/by/4.0/
SS-GLA-0542,originals/glass_breaking/SS-GLA-0542.wav,Glass Breaking,FSD50K.eval (recovered from truncated archive),https://zenodo.org/record/4060432,CC-BY-4.0,Eduardo Fonseca et al.,2026-09-24,3.501,44100,1,field,,n/a,original,,,,b88a0c9d807df186f5b67e6eb08bf4e00b5f9d00085b3b9c214fa86845b7d62a,,"Shatter,Thump and thud,Glass",fsd50k_eval:171996,,corpus_metadata:FSD50K Freesound field recordings,fsd50k_eval_recovered_v1,171996.wav,https://creativecommons.org/licenses/by/4.0/
SS-GLA-0543,originals/glass_breaking/SS-GLA-0543.wav,Glass Breaking,FSD50K.eval (recovered from truncated archive),https://zenodo.org/record/4060432,CC-BY-4.0,Eduardo Fonseca et al.,2026-09-24,8.0,44100,1,field,,n/a,original,,,,425efaef4a96986cea763e6ceb62aaea7c9dcbeaf03224d1d99925562fddee7c,,"Fill (with liquid),Trickle and dribble,Glass,Liquid,Pour",fsd50k_eval:186692,,corpus_metadata:FSD50K Freesound field recordings,fsd50k_eval_recovered_v1,186692.wav,https://creativecommons.org/licenses/by/4.0/
SS-GLA-0544,originals/glass_breaking/SS-GLA-0544.wav,Glass Breaking,FSD50K.eval (recovered from truncated archive),https://zenodo.org/record/4060432,CC-BY-4.0,Eduardo Fonseca et al.,2026-09-24,1.411,44100,1,field,,n/a,original,,,,72767c445ec90d904b4558aaff3fe6a8c461049f32f29db7cf62d118eb7d0a06,,"Rattle,Cupboard open or close,Chink and clink,Domestic sounds and home sounds,Glass",fsd50k_eval:210299,,corpus_metadata:FSD50K Freesound field recordings,fsd50k_eval_recovered_v1,210299.wav,https://creativecommons.org/licenses/by/4.0/
SS-GLA-0545,originals/glass_breaking/SS-GLA-0545.wav,Glass Breaking,FSD50K.eval (recovered from truncated archive),https://zenodo.org/record/4060432,CC-BY-4.0,Eduardo Fonseca et al.,2026-09-24,3.733,44100,1,field,,n/a,original,,,,5d022959c43f9ace3e2bf1f392c2b0bc2488f47bb303acb4ad7904415c90bc62,,"Keys jangling,Run,Chink and clink,Domestic sounds and home sounds,Glass",fsd50k_eval:233067,,corpus_metadata:FSD50K Freesound field recordings,fsd50k_eval_recovered_v1,233067.wav,https://creativecommons.org/licenses/by/4.0/
SS-GLA-0546,originals/glass_breaking/SS-GLA-0546.wav,Glass Breaking,FSD50K.eval (recovered from truncated archive),https://zenodo.org/record/4060432,CC-BY-4.0,Eduardo Fonseca et al.,2026-09-24,8.393,44100,1,field,,n/a,original,,,,b4849f77e1f4c197362ceb1c419bcabfeb5ebf9217db7a7e06428e231230c7e3,,"Cutlery and silverware,Chink and clink,Domestic sounds and home sounds,Glass",fsd50k_eval:255565,,corpus_metadata:FSD50K Freesound field recordings,fsd50k_eval_recovered_v1,255565.wav,https://creativecommons.org/licenses/by/4.0/
SS-GLA-0547,originals/glass_breaking/SS-GLA-0547.wav,Glass Breaking,FSD50K.eval (recovered from truncated archive),https://zenodo.org/record/4060432,CC-BY-4.0,Eduardo Fonseca et al.,2026-09-24,11.0,44100,1,field,,n/a,original,,,,b01e34916f687445034610c9550c5dcbced0bf9f3874fea7ae11c1f18f7d821a,,"Crack,Chink and clink,Crushing,Glass",fsd50k_eval:365987,,corpus_metadata:FSD50K Freesound field recordings,fsd50k_eval_recovered_v1,365987.wav,https://creativecommons.org/licenses/by/4.0/
SS-GLA-0548,originals/glass_breaking/SS-GLA-0548.wav,Glass Breaking,FSD50K.eval (recovered from truncated archive),https://zenodo.org/record/4060432,CC-BY-4.0,Eduardo Fonseca et al.,2026-09-24,2.612,44100,1,field,,n/a,original,,,,54cd2343847fb58aa7a1cf7e6d87e16b460c2fd1ed323b7c853065c374698e31,,"Shatter,Glass",fsd50k_eval:366595,,corpus_metadata:FSD50K Freesound field recordings,fsd50k_eval_recovered_v1,366595.wav,https://creativecommons.org/licenses/by/4.0/
SS-GLA-0549,originals/glass_breaking/SS-GLA-0549.wav,Glass Breaking,FSD50K.eval (recovered from truncated archive),https://zenodo.org/record/4060432,CC-BY-4.0,Eduardo Fonseca et al.,2026-09-24,27.109,44100,1,field,,n/a,original,,,,e766b4f6e3e656b6ed5d383be0645f9c8e1c01ba31cc04b02f8b39949427d5f7,,"Chink and clink,Thump and thud,Glass",fsd50k_eval:369981,,corpus_metadata:FSD50K Freesound field recordings,fsd50k_eval_recovered_v1,369981.wav,https://creativecommons.org/licenses/by/4.0/
SS-GLA-0550,originals/glass_breaking/SS-GLA-0550.wav,Glass Breaking,FSD50K.eval (recovered from truncated archive),https://zenodo.org/record/4060432,CC-BY-4.0,Eduardo Fonseca et al.,2026-09-24,13.0,44100,1,field,,n/a,original,,,,1ba6ff59e82fadb17d62fbb5ef2ce10f50b1571517606b927bb44bf41de4ca4c,,"Dishes and pots and pans,Chink and clink,Domestic sounds and home sounds,Glass",fsd50k_eval:390340,,corpus_metadata:FSD50K Freesound field recordings,fsd50k_eval_recovered_v1,390340.wav,https://creativecommons.org/licenses/by/4.0/
SS-GLA-0551,originals/glass_breaking/SS-GLA-0551.wav,Glass Breaking,FSD50K.eval (recovered from truncated archive),https://zenodo.org/record/4060432,CC-BY-4.0,Eduardo Fonseca et al.,2026-09-24,3.34,44100,1,field,,n/a,original,,,,d2470f863a296661b3a67c08b320e64f3ad6320304e7d10b7db0f32ac972ec7b,,"Chink and clink,Crushing,Glass",fsd50k_eval:96927,,corpus_metadata:FSD50K Freesound field recordings,fsd50k_eval_recovered_v1,96927.wav,https://creativecommons.org/licenses/by/4.0/
SS-GUN-0501,originals/gunshot/SS-GUN-0501.wav,Gunshot,UrbanSound8K (urban sound slices),https://urbansounddataset.weebly.com/urbansound8k.html,CC-BY-4.0,"Justin Salamon, Duncan Jacoby, Juan Pablo Bello",2026-09-24,2.61,44100,2,field,,n/a,original,,,,95c157ec8801ab5a01e38c560592f98303769971425ccc0396841010c9ff67ab,,gun_shot,us8k:102305-6-0-0.wav,1,corpus_metadata:UrbanSound8K urban field recordings,urbansound8k_v1,102305-6-0-0.wav,https://creativecommons.org/licenses/by/4.0/
SS-GUN-0502,originals/gunshot/SS-GUN-0502.wav,Gunshot,UrbanSound8K (urban sound slices),https://urbansounddataset.weebly.com/urbansound8k.html,CC-BY-4.0,"Justin Salamon, Duncan Jacoby, Juan Pablo Bello",2026-09-24,1.15,44100,2,field,,n/a,original,,,,7f6e69bc296db4d3e32afffd99c07f15f2345602c48d7ec9fe423b3b3ddf7c30,,gun_shot,us8k:106955-6-0-0.wav,1,corpus_metadata:UrbanSound8K urban field recordings,urbansound8k_v1,106955-6-0-0.wav,https://creativecommons.org/licenses/by/4.0/
SS-GUN-0503,originals/gunshot/SS-GUN-0503.wav,Gunshot,UrbanSound8K (urban sound slices),https://urbansounddataset.weebly.com/urbansound8k.html,CC-BY-4.0,"Justin Salamon, Duncan Jacoby, Juan Pablo Bello",2026-09-24,1.5,48000,2,field,,n/a,original,,,,d81d3dc2e0c0aafd334c82539d693975391b98a59989b0aa5b76db9dcfea266f,,gun_shot,us8k:110622-6-0-0.wav,1,corpus_metadata:UrbanSound8K urban field recordings,urbansound8k_v1,110622-6-0-0.wav,https://creativecommons.org/licenses/by/4.0/
SS-GUN-0504,originals/gunshot/SS-GUN-0504.wav,Gunshot,UrbanSound8K (urban sound slices),https://urbansounddataset.weebly.com/urbansound8k.html,CC-BY-4.0,"Justin Salamon, Duncan Jacoby, Juan Pablo Bello",2026-09-24,1.31,22050,2,field,,n/a,original,,,,4489c1224fa2524c50ea339e412dcac3a07862d87e69abacdca435e4bba2c44d,,gun_shot,us8k:111048-6-0-0.wav,1,corpus_metadata:UrbanSound8K urban field recordings,urbansound8k_v1,111048-6-0-0.wav,https://creativecommons.org/licenses/by/4.0/
SS-GUN-0505,originals/gunshot/SS-GUN-0505.wav,Gunshot,UrbanSound8K (urban sound slices),https://urbansounddataset.weebly.com/urbansound8k.html,CC-BY-4.0,"Justin Salamon, Duncan Jacoby, Juan Pablo Bello",2026-09-24,3.146,44100,2,field,,n/a,original,,,,d9b93ce68b6c1a87f8e06357c38a4f03e784f5d6ed4e3fdf183a6487ae81ff20,,gun_shot,us8k:122690-6-0-0.wav,1,corpus_metadata:UrbanSound8K urban field recordings,urbansound8k_v1,122690-6-0-0.wav,https://creativecommons.org/licenses/by/4.0/
SS-GUN-0506,originals/gunshot/SS-GUN-0506.wav,Gunshot,UrbanSound8K (urban sound slices),https://urbansounddataset.weebly.com/urbansound8k.html,CC-BY-4.0,"Justin Salamon, Duncan Jacoby, Juan Pablo Bello",2026-09-24,1.9,44100,2,field,,n/a,original,,,,740df41666010d89b35a917664edd447a8ac94b648559a14291e8bac68539779,,gun_shot,us8k:131571-6-0-0.wav,1,corpus_metadata:UrbanSound8K urban field recordings,urbansound8k_v1,131571-6-0-0.wav,https://creativecommons.org/licenses/by/4.0/
SS-GUN-0507,originals/gunshot/SS-GUN-0507.wav,Gunshot,UrbanSound8K (urban sound slices),https://urbansounddataset.weebly.com/urbansound8k.html,CC-BY-4.0,"Justin Salamon, Duncan Jacoby, Juan Pablo Bello",2026-09-24,1.408,48000,2,field,,n/a,original,,,,e33f3d375f905168adabfb59275c42e5abfdfb363786c3b314885b8008aff523,,gun_shot,us8k:133797-6-0-0.wav,1,corpus_metadata:UrbanSound8K urban field recordings,urbansound8k_v1,133797-6-0-0.wav,https://creativecommons.org/licenses/by/4.0/
SS-GUN-0508,originals/gunshot/SS-GUN-0508.wav,Gunshot,UrbanSound8K (urban sound slices),https://urbansounddataset.weebly.com/urbansound8k.html,CC-BY-4.0,"Justin Salamon, Duncan Jacoby, Juan Pablo Bello",2026-09-24,1.95,48000,2,field,,n/a,original,,,,eb0d292bd15e19d39021613d2da106c76870fe05d870c46affe1639731263cea,,gun_shot,us8k:133797-6-1-0.wav,1,corpus_metadata:UrbanSound8K urban field recordings,urbansound8k_v1,133797-6-1-0.wav,https://creativecommons.org/licenses/by/4.0/
SS-GUN-0509,originals/gunshot/SS-GUN-0509.wav,Gunshot,UrbanSound8K (urban sound slices),https://urbansounddataset.weebly.com/urbansound8k.html,CC-BY-4.0,"Justin Salamon, Duncan Jacoby, Juan Pablo Bello",2026-09-24,1.769,48000,2,field,,n/a,original,,,,0175b772784095bc876891ac3eddea9d70385b325939d48cb9f66f8037c8640c,,gun_shot,us8k:133797-6-2-0.wav,1,corpus_metadata:UrbanSound8K urban field recordings,urbansound8k_v1,133797-6-2-0.wav,https://creativecommons.org/licenses/by/4.0/
SS-GUN-0510,originals/gunshot/SS-GUN-0510.wav,Gunshot,UrbanSound8K (urban sound slices),https://urbansounddataset.weebly.com/urbansound8k.html,CC-BY-4.0,"Justin Salamon, Duncan Jacoby, Juan Pablo Bello",2026-09-24,1.475,44100,2,field,,n/a,original,,,,90d533059136806ffb487d39535211a2b496ae28e1265ba6ae2de011430e95e7,,gun_shot,us8k:135526-6-0-0.wav,1,corpus_metadata:UrbanSound8K urban field recordings,urbansound8k_v1,135526-6-0-0.wav,https://creativecommons.org/licenses/by/4.0/
SS-GUN-0511,originals/gunshot/SS-GUN-0511.wav,Gunshot,UrbanSound8K (urban sound slices),https://urbansounddataset.weebly.com/urbansound8k.html,CC-BY-4.0,"Justin Salamon, Duncan Jacoby, Juan Pablo Bello",2026-09-24,1.45,44100,2,field,,n/a,original,,,,d7e367bccd10fd709d0d9ac6b04075954d2f71769cdbb6ae17b980f339de4df8,,gun_shot,us8k:135526-6-1-0.wav,1,corpus_metadata:UrbanSound8K urban field recordings,urbansound8k_v1,135526-6-1-0.wav,https://creativecommons.org/licenses/by/4.0/
SS-GUN-0512,originals/gunshot/SS-GUN-0512.wav,Gunshot,UrbanSound8K (urban sound slices),https://urbansounddataset.weebly.com/urbansound8k.html,CC-BY-4.0,"Justin Salamon, Duncan Jacoby, Juan Pablo Bello",2026-09-24,2.61,44100,2,field,,n/a,original,,,,1820f28c98e5abb2c22a2c3cb7828f7f1e62954f3182bb4b61036a2e0de149b6,,gun_shot,us8k:135526-6-10-0.wav,1,corpus_metadata:UrbanSound8K urban field recordings,urbansound8k_v1,135526-6-10-0.wav,https://creativecommons.org/licenses/by/4.0/
SS-GUN-0513,originals/gunshot/SS-GUN-0513.wav,Gunshot,UrbanSound8K (urban sound slices),https://urbansounddataset.weebly.com/urbansound8k.html,CC-BY-4.0,"Justin Salamon, Duncan Jacoby, Juan Pablo Bello",2026-09-24,2.39,44100,2,field,,n/a,original,,,,8ef34fac6c341313ac8613caaaf823702f8c56db89434f79cc99650426350e55,,gun_shot,us8k:135526-6-11-0.wav,1,corpus_metadata:UrbanSound8K urban field recordings,urbansound8k_v1,135526-6-11-0.wav,https://creativecommons.org/licenses/by/4.0/
SS-GUN-0514,originals/gunshot/SS-GUN-0514.wav,Gunshot,UrbanSound8K (urban sound slices),https://urbansounddataset.weebly.com/urbansound8k.html,CC-BY-4.0,"Justin Salamon, Duncan Jacoby, Juan Pablo Bello",2026-09-24,2.68,44100,2,field,,n/a,original,,,,e090915ef44fd63c26fdfbcc60d6f5f5e2b1c6db184bf9f200ebdbcfbd991d09,,gun_shot,us8k:135526-6-12-0.wav,1,corpus_metadata:UrbanSound8K urban field recordings,urbansound8k_v1,135526-6-12-0.wav,https://creativecommons.org/licenses/by/4.0/
SS-GUN-0515,originals/gunshot/SS-GUN-0515.wav,Gunshot,UrbanSound8K (urban sound slices),https://urbansounddataset.weebly.com/urbansound8k.html,CC-BY-4.0,"Justin Salamon, Duncan Jacoby, Juan Pablo Bello",2026-09-24,0.556,44100,2,field,,n/a,original,,,,a2d83d3e8b77ece3acd19987d7d402a5ce48567ba5a99525db585c86bad7c74b,,gun_shot,us8k:135526-6-13-0.wav,1,corpus_metadata:UrbanSound8K urban field recordings,urbansound8k_v1,135526-6-13-0.wav,https://creativecommons.org/licenses/by/4.0/
SS-GUN-0516,originals/gunshot/SS-GUN-0516.wav,Gunshot,UrbanSound8K (urban sound slices),https://urbansounddataset.weebly.com/urbansound8k.html,CC-BY-4.0,"Justin Salamon, Duncan Jacoby, Juan Pablo Bello",2026-09-24,2.588,44100,2,field,,n/a,original,,,,db8335dc90c03ae7569a6e0526efc55215853ca6c6e520d93b56dd54822d88b3,,gun_shot,us8k:135526-6-2-0.wav,1,corpus_metadata:UrbanSound8K urban field recordings,urbansound8k_v1,135526-6-2-0.wav,https://creativecommons.org/licenses/by/4.0/
SS-GUN-0517,originals/gunshot/SS-GUN-0517.wav,Gunshot,UrbanSound8K (urban sound slices),https://urbansounddataset.weebly.com/urbansound8k.html,CC-BY-4.0,"Justin Salamon, Duncan Jacoby, Juan Pablo Bello",2026-09-24,1.52,44100,2,field,,n/a,original,,,,3a0eafd101405bacef40b54264f77e4417b84a707ae04fbaa231ebf94886bc61,,gun_shot,us8k:135526-6-3-0.wav,1,corpus_metadata:UrbanSound8K urban field recordings,urbansound8k_v1,135526-6-3-0.wav,https://creativecommons.org/licenses/by/4.0/
SS-GUN-0518,originals/gunshot/SS-GUN-0518.wav,Gunshot,UrbanSound8K (urban sound slices),https://urbansounddataset.weebly.com/urbansound8k.html,CC-BY-4.0,"Justin Salamon, Duncan Jacoby, Juan Pablo Bello",2026-09-24,1.79,44100,2,field,,n/a,original,,,,54fa2ead3e63bd1c7c3b32d504d8ef662ccd4992f4711397208adc6abae006f5,,gun_shot,us8k:135526-6-4-0.wav,1,corpus_metadata:UrbanSound8K urban field recordings,urbansound8k_v1,135526-6-4-0.wav,https://creativecommons.org/licenses/by/4.0/
SS-GUN-0519,originals/gunshot/SS-GUN-0519.wav,Gunshot,UrbanSound8K (urban sound slices),https://urbansounddataset.weebly.com/urbansound8k.html,CC-BY-4.0,"Justin Salamon, Duncan Jacoby, Juan Pablo Bello",2026-09-24,2.298,44100,2,field,,n/a,original,,,,1258ae4e4f88a77702c2ce0cad5ad48ec24b1ae51e00f9579f2c702da1cb2d09,,gun_shot,us8k:135526-6-5-0.wav,1,corpus_metadata:UrbanSound8K urban field recordings,urbansound8k_v1,135526-6-5-0.wav,https://creativecommons.org/licenses/by/4.0/
SS-GUN-0520,originals/gunshot/SS-GUN-0520.wav,Gunshot,UrbanSound8K (urban sound slices),https://urbansounddataset.weebly.com/urbansound8k.html,CC-BY-4.0,"Justin Salamon, Duncan Jacoby, Juan Pablo Bello",2026-09-24,2.2,44100,2,field,,n/a,original,,,,d63965a63c736bbc0fea150084cd1b0a3af6c7be52c58a39618b4c6cd31e60d2,,gun_shot,us8k:135526-6-6-0.wav,1,corpus_metadata:UrbanSound8K urban field recordings,urbansound8k_v1,135526-6-6-0.wav,https://creativecommons.org/licenses/by/4.0/
SS-GUN-0521,originals/gunshot/SS-GUN-0521.wav,Gunshot,UrbanSound8K (urban sound slices),https://urbansounddataset.weebly.com/urbansound8k.html,CC-BY-4.0,"Justin Salamon, Duncan Jacoby, Juan Pablo Bello",2026-09-24,2.056,44100,2,field,,n/a,original,,,,33deb881cd032471d34fa50c33f0f7b9f6aadf401f289c10b7090c6abd2def0a,,gun_shot,us8k:135526-6-7-0.wav,1,corpus_metadata:UrbanSound8K urban field recordings,urbansound8k_v1,135526-6-7-0.wav,https://creativecommons.org/licenses/by/4.0/
SS-GUN-0522,originals/gunshot/SS-GUN-0522.wav,Gunshot,UrbanSound8K (urban sound slices),https://urbansounddataset.weebly.com/urbansound8k.html,CC-BY-4.0,"Justin Salamon, Duncan Jacoby, Juan Pablo Bello",2026-09-24,1.86,44100,2,field,,n/a,original,,,,589b037380cb48960b3a9df6efc9d21e4ce5cd59981759d8cebfc250c9aab0d5,,gun_shot,us8k:135526-6-8-0.wav,1,corpus_metadata:UrbanSound8K urban field recordings,urbansound8k_v1,135526-6-8-0.wav,https://creativecommons.org/licenses/by/4.0/
SS-GUN-0523,originals/gunshot/SS-GUN-0523.wav,Gunshot,UrbanSound8K (urban sound slices),https://urbansounddataset.weebly.com/urbansound8k.html,CC-BY-4.0,"Justin Salamon, Duncan Jacoby, Juan Pablo Bello",2026-09-24,1.98,44100,2,field,,n/a,original,,,,a003caa3fbb12fd0f83ff4a099a6ee0c4daa2da76d035728c7f3c74a766c1ff0,,gun_shot,us8k:135526-6-9-0.wav,1,corpus_metadata:UrbanSound8K urban field recordings,urbansound8k_v1,135526-6-9-0.wav,https://creativecommons.org/licenses/by/4.0/
SS-GUN-0524,originals/gunshot/SS-GUN-0524.wav,Gunshot,UrbanSound8K (urban sound slices),https://urbansounddataset.weebly.com/urbansound8k.html,CC-BY-4.0,"Justin Salamon, Duncan Jacoby, Juan Pablo Bello",2026-09-24,1.28,44100,2,field,,n/a,original,,,,90d6d94caa3dd0c4ae268df7242c22dce058a9fef89898b7b9f0d9310788f9f8,,gun_shot,us8k:135527-6-0-0.wav,2,corpus_metadata:UrbanSound8K urban field recordings,urbansound8k_v1,135527-6-0-0.wav,https://creativecommons.org/licenses/by/4.0/
SS-GUN-0525,originals/gunshot/SS-GUN-0525.wav,Gunshot,UrbanSound8K (urban sound slices),https://urbansounddataset.weebly.com/urbansound8k.html,CC-BY-4.0,"Justin Salamon, Duncan Jacoby, Juan Pablo Bello",2026-09-24,3.23,44100,2,field,,n/a,original,,,,2724d537586cde786aa0c077812f1e70d0db6836bd3394a6625d5ca81ee9fed9,,gun_shot,us8k:135527-6-1-0.wav,2,corpus_metadata:UrbanSound8K urban field recordings,urbansound8k_v1,135527-6-1-0.wav,https://creativecommons.org/licenses/by/4.0/
SS-GUN-0526,originals/gunshot/SS-GUN-0526.wav,Gunshot,UrbanSound8K (urban sound slices),https://urbansounddataset.weebly.com/urbansound8k.html,CC-BY-4.0,"Justin Salamon, Duncan Jacoby, Juan Pablo Bello",2026-09-24,0.85,44100,2,field,,n/a,original,,,,978d31e1b11bdae29c286fc3576889ae585c4dfe09d97d0c98ac6d7497544094,,gun_shot,us8k:135527-6-10-0.wav,2,corpus_metadata:UrbanSound8K urban field recordings,urbansound8k_v1,135527-6-10-0.wav,https://creativecommons.org/licenses/by/4.0/
SS-GUN-0527,originals/gunshot/SS-GUN-0527.wav,Gunshot,UrbanSound8K (urban sound slices),https://urbansounddataset.weebly.com/urbansound8k.html,CC-BY-4.0,"Justin Salamon, Duncan Jacoby, Juan Pablo Bello",2026-09-24,1.89,44100,2,field,,n/a,original,,,,3132f0b435238e8ee5f45a3d30e6ad196d49c3d64b973dbd2c4f35c174ef26a2,,gun_shot,us8k:135527-6-11-0.wav,2,corpus_metadata:UrbanSound8K urban field recordings,urbansound8k_v1,135527-6-11-0.wav,https://creativecommons.org/licenses/by/4.0/
SS-GUN-0528,originals/gunshot/SS-GUN-0528.wav,Gunshot,UrbanSound8K (urban sound slices),https://urbansounddataset.weebly.com/urbansound8k.html,CC-BY-4.0,"Justin Salamon, Duncan Jacoby, Juan Pablo Bello",2026-09-24,1.95,44100,2,field,,n/a,original,,,,bed5e21beb36e62a78646a1c263333c4d4c3413ecbb7654a038bd25c602637e5,,gun_shot,us8k:135527-6-12-0.wav,2,corpus_metadata:UrbanSound8K urban field recordings,urbansound8k_v1,135527-6-12-0.wav,https://creativecommons.org/licenses/by/4.0/
SS-GUN-0529,originals/gunshot/SS-GUN-0529.wav,Gunshot,UrbanSound8K (urban sound slices),https://urbansounddataset.weebly.com/urbansound8k.html,CC-BY-4.0,"Justin Salamon, Duncan Jacoby, Juan Pablo Bello",2026-09-24,1.707,44100,2,field,,n/a,original,,,,6fc343ad88cb634a279d65ce8fbc093c6d3075d259f3403c44c78aaa2564a281,,gun_shot,us8k:135527-6-13-0.wav,2,corpus_metadata:UrbanSound8K urban field recordings,urbansound8k_v1,135527-6-13-0.wav,https://creativecommons.org/licenses/by/4.0/
SS-GUN-0530,originals/gunshot/SS-GUN-0530.wav,Gunshot,UrbanSound8K (urban sound slices),https://urbansounddataset.weebly.com/urbansound8k.html,CC-BY-4.0,"Justin Salamon, Duncan Jacoby, Juan Pablo Bello",2026-09-24,4.0,44100,2,field,,n/a,original,,,,882d5c370bc064be713c9a31bfa25482a2a512b18f42e8a8fd32386be98a821b,,gun_shot,us8k:135527-6-14-0.wav,2,corpus_metadata:UrbanSound8K urban field recordings,urbansound8k_v1,135527-6-14-0.wav,https://creativecommons.org/licenses/by/4.0/
SS-GUN-0531,originals/gunshot/SS-GUN-0531.wav,Gunshot,UrbanSound8K (urban sound slices),https://urbansounddataset.weebly.com/urbansound8k.html,CC-BY-4.0,"Justin Salamon, Duncan Jacoby, Juan Pablo Bello",2026-09-24,4.0,44100,2,field,,n/a,original,,,,3751c7cbf23b12265e708685a63f3b77c7a80612eda3232ab30c1b43a2513d4b,,gun_shot,us8k:135527-6-14-1.wav,2,corpus_metadata:UrbanSound8K urban field recordings,urbansound8k_v1,135527-6-14-1.wav,https://creativecommons.org/licenses/by/4.0/
SS-GUN-0532,originals/gunshot/SS-GUN-0532.wav,Gunshot,UrbanSound8K (urban sound slices),https://urbansounddataset.weebly.com/urbansound8k.html,CC-BY-4.0,"Justin Salamon, Duncan Jacoby, Juan Pablo Bello",2026-09-24,4.0,44100,2,field,,n/a,original,,,,775a18b1bde0d077e1f0adb941317be2b66a680e25fdac0a56a892dc11badee4,,gun_shot,us8k:135527-6-14-10.wav,2,corpus_metadata:UrbanSound8K urban field recordings,urbansound8k_v1,135527-6-14-10.wav,https://creativecommons.org/licenses/by/4.0/
SS-GUN-0533,originals/gunshot/SS-GUN-0533.wav,Gunshot,UrbanSound8K (urban sound slices),https://urbansounddataset.weebly.com/urbansound8k.html,CC-BY-4.0,"Justin Salamon, Duncan Jacoby, Juan Pablo Bello",2026-09-24,4.0,44100,2,field,,n/a,original,,,,e04b09583953458f78a5accf7adeaed2c32073ff59f2b9721d2ffc16f3d46cad,,gun_shot,us8k:135527-6-14-2.wav,2,corpus_metadata:UrbanSound8K urban field recordings,urbansound8k_v1,135527-6-14-2.wav,https://creativecommons.org/licenses/by/4.0/
SS-GUN-0534,originals/gunshot/SS-GUN-0534.wav,Gunshot,UrbanSound8K (urban sound slices),https://urbansounddataset.weebly.com/urbansound8k.html,CC-BY-4.0,"Justin Salamon, Duncan Jacoby, Juan Pablo Bello",2026-09-24,4.0,44100,2,field,,n/a,original,,,,1d6f38bdafcebbca8d45458f99a80986c8c381bce6a85a4c3d1a07c459e97967,,gun_shot,us8k:135527-6-14-3.wav,2,corpus_metadata:UrbanSound8K urban field recordings,urbansound8k_v1,135527-6-14-3.wav,https://creativecommons.org/licenses/by/4.0/
SS-GUN-0535,originals/gunshot/SS-GUN-0535.wav,Gunshot,UrbanSound8K (urban sound slices),https://urbansounddataset.weebly.com/urbansound8k.html,CC-BY-4.0,"Justin Salamon, Duncan Jacoby, Juan Pablo Bello",2026-09-24,4.0,44100,2,field,,n/a,original,,,,9a2673775b6522fc565adf6aa7f010b44cad70cfd6410f65c87c83bfd0159d18,,gun_shot,us8k:135527-6-14-4.wav,2,corpus_metadata:UrbanSound8K urban field recordings,urbansound8k_v1,135527-6-14-4.wav,https://creativecommons.org/licenses/by/4.0/
SS-GUN-0536,originals/gunshot/SS-GUN-0536.wav,Gunshot,UrbanSound8K (urban sound slices),https://urbansounddataset.weebly.com/urbansound8k.html,CC-BY-4.0,"Justin Salamon, Duncan Jacoby, Juan Pablo Bello",2026-09-24,4.0,44100,2,field,,n/a,original,,,,217e25b80337ff46e5f55c3dff26d4991c0856deb1db6d7e60b3e04f34a80e9c,,gun_shot,us8k:135527-6-14-5.wav,2,corpus_metadata:UrbanSound8K urban field recordings,urbansound8k_v1,135527-6-14-5.wav,https://creativecommons.org/licenses/by/4.0/
SS-GUN-0537,originals/gunshot/SS-GUN-0537.wav,Gunshot,UrbanSound8K (urban sound slices),https://urbansounddataset.weebly.com/urbansound8k.html,CC-BY-4.0,"Justin Salamon, Duncan Jacoby, Juan Pablo Bello",2026-09-24,4.0,44100,2,field,,n/a,original,,,,6039ace5161c83671b2cf5aff06df23c5c29c241dcf8e4d5e714a4f36992519d,,gun_shot,us8k:135527-6-14-6.wav,2,corpus_metadata:UrbanSound8K urban field recordings,urbansound8k_v1,135527-6-14-6.wav,https://creativecommons.org/licenses/by/4.0/
SS-GUN-0538,originals/gunshot/SS-GUN-0538.wav,Gunshot,UrbanSound8K (urban sound slices),https://urbansounddataset.weebly.com/urbansound8k.html,CC-BY-4.0,"Justin Salamon, Duncan Jacoby, Juan Pablo Bello",2026-09-24,4.0,44100,2,field,,n/a,original,,,,3fff496fbd4fca0e76ff3d3a0972d09f61130e82646f0641803a1b2cb53206c1,,gun_shot,us8k:135527-6-14-7.wav,2,corpus_metadata:UrbanSound8K urban field recordings,urbansound8k_v1,135527-6-14-7.wav,https://creativecommons.org/licenses/by/4.0/
SS-GUN-0539,originals/gunshot/SS-GUN-0539.wav,Gunshot,UrbanSound8K (urban sound slices),https://urbansounddataset.weebly.com/urbansound8k.html,CC-BY-4.0,"Justin Salamon, Duncan Jacoby, Juan Pablo Bello",2026-09-24,4.0,44100,2,field,,n/a,original,,,,6abe3e1c7c80a98385f1ffeb1a78452bdbdf7b62c1d1296330027a6ff5b6ac28,,gun_shot,us8k:135527-6-14-8.wav,2,corpus_metadata:UrbanSound8K urban field recordings,urbansound8k_v1,135527-6-14-8.wav,https://creativecommons.org/licenses/by/4.0/
SS-GUN-0540,originals/gunshot/SS-GUN-0540.wav,Gunshot,UrbanSound8K (urban sound slices),https://urbansounddataset.weebly.com/urbansound8k.html,CC-BY-4.0,"Justin Salamon, Duncan Jacoby, Juan Pablo Bello",2026-09-24,4.0,44100,2,field,,n/a,original,,,,c315159de491a81bc12167a8c7d6f37dfb919fda1811b0f736831dea8fa73d3f,,gun_shot,us8k:135527-6-14-9.wav,2,corpus_metadata:UrbanSound8K urban field recordings,urbansound8k_v1,135527-6-14-9.wav,https://creativecommons.org/licenses/by/4.0/
SS-GUN-0541,originals/gunshot/SS-GUN-0541.wav,Gunshot,UrbanSound8K (urban sound slices),https://urbansounddataset.weebly.com/urbansound8k.html,CC-BY-4.0,"Justin Salamon, Duncan Jacoby, Juan Pablo Bello",2026-09-24,2.13,44100,2,field,,n/a,original,,,,a7c618925515ff758a689f272b6a4cc10b334b7fd510e0f6a710be7f9941c241,,gun_shot,us8k:135527-6-2-0.wav,2,corpus_metadata:UrbanSound8K urban field recordings,urbansound8k_v1,135527-6-2-0.wav,https://creativecommons.org/licenses/by/4.0/
SS-GUN-0542,originals/gunshot/SS-GUN-0542.wav,Gunshot,UrbanSound8K (urban sound slices),https://urbansounddataset.weebly.com/urbansound8k.html,CC-BY-4.0,"Justin Salamon, Duncan Jacoby, Juan Pablo Bello",2026-09-24,1.28,44100,2,field,,n/a,original,,,,03965e9ddac252f9dafec57cb8ac645f75d7d8564f6411edf498a29bab9d93f0,,gun_shot,us8k:135527-6-3-0.wav,2,corpus_metadata:UrbanSound8K urban field recordings,urbansound8k_v1,135527-6-3-0.wav,https://creativecommons.org/licenses/by/4.0/
SS-GUN-0543,originals/gunshot/SS-GUN-0543.wav,Gunshot,UrbanSound8K (urban sound slices),https://urbansounddataset.weebly.com/urbansound8k.html,CC-BY-4.0,"Justin Salamon, Duncan Jacoby, Juan Pablo Bello",2026-09-24,2.19,44100,2,field,,n/a,original,,,,caa7f3f253f3af701ac09d703ce84e033c76fe9953fa469eb269b48264d4f73e,,gun_shot,us8k:135527-6-4-0.wav,2,corpus_metadata:UrbanSound8K urban field recordings,urbansound8k_v1,135527-6-4-0.wav,https://creativecommons.org/licenses/by/4.0/
SS-GUN-0544,originals/gunshot/SS-GUN-0544.wav,Gunshot,UrbanSound8K (urban sound slices),https://urbansounddataset.weebly.com/urbansound8k.html,CC-BY-4.0,"Justin Salamon, Duncan Jacoby, Juan Pablo Bello",2026-09-24,2.256,44100,2,field,,n/a,original,,,,0ad196e95b74ed5cee0fa9d01b5ee7c26e33790d95719aea215f7e09efefedd2,,gun_shot,us8k:135527-6-5-0.wav,2,corpus_metadata:UrbanSound8K urban field recordings,urbansound8k_v1,135527-6-5-0.wav,https://creativecommons.org/licenses/by/4.0/
SS-GUN-0545,originals/gunshot/SS-GUN-0545.wav,Gunshot,UrbanSound8K (urban sound slices),https://urbansounddataset.weebly.com/urbansound8k.html,CC-BY-4.0,"Justin Salamon, Duncan Jacoby, Juan Pablo Bello",2026-09-24,2.439,44100,2,field,,n/a,original,,,,061424b44f7a7f6e03cd2fe6be42fdec3688388db213048b808a721add8e0669,,gun_shot,us8k:135527-6-6-0.wav,2,corpus_metadata:UrbanSound8K urban field recordings,urbansound8k_v1,135527-6-6-0.wav,https://creativecommons.org/licenses/by/4.0/
SS-GUN-0546,originals/gunshot/SS-GUN-0546.wav,Gunshot,UrbanSound8K (urban sound slices),https://urbansounddataset.weebly.com/urbansound8k.html,CC-BY-4.0,"Justin Salamon, Duncan Jacoby, Juan Pablo Bello",2026-09-24,2.378,44100,2,field,,n/a,original,,,,c2f581ca8e3989884c5e443969c348734a5fc509096a0928b50252d98168eefc,,gun_shot,us8k:135527-6-7-0.wav,2,corpus_metadata:UrbanSound8K urban field recordings,urbansound8k_v1,135527-6-7-0.wav,https://creativecommons.org/licenses/by/4.0/
SS-GUN-0547,originals/gunshot/SS-GUN-0547.wav,Gunshot,UrbanSound8K (urban sound slices),https://urbansounddataset.weebly.com/urbansound8k.html,CC-BY-4.0,"Justin Salamon, Duncan Jacoby, Juan Pablo Bello",2026-09-24,1.829,44100,2,field,,n/a,original,,,,ef142a53de1568e4c1c41d3e2c1b94964e47589deafbeeadc1c97c774ea02263,,gun_shot,us8k:135527-6-8-0.wav,2,corpus_metadata:UrbanSound8K urban field recordings,urbansound8k_v1,135527-6-8-0.wav,https://creativecommons.org/licenses/by/4.0/
SS-GUN-0548,originals/gunshot/SS-GUN-0548.wav,Gunshot,UrbanSound8K (urban sound slices),https://urbansounddataset.weebly.com/urbansound8k.html,CC-BY-4.0,"Justin Salamon, Duncan Jacoby, Juan Pablo Bello",2026-09-24,2.07,44100,2,field,,n/a,original,,,,368e62cd4d80b68384dcb979c719f4ff414cb6446fa24ea5b3f5cbdd2272f405,,gun_shot,us8k:135527-6-9-0.wav,2,corpus_metadata:UrbanSound8K urban field recordings,urbansound8k_v1,135527-6-9-0.wav,https://creativecommons.org/licenses/by/4.0/
SS-GUN-0549,originals/gunshot/SS-GUN-0549.wav,Gunshot,UrbanSound8K (urban sound slices),https://urbansounddataset.weebly.com/urbansound8k.html,CC-BY-4.0,"Justin Salamon, Duncan Jacoby, Juan Pablo Bello",2026-09-24,2.45,44100,2,field,,n/a,original,,,,54359fd5c15666c56e439f82a548f3980c1dae527c76662d1cffd6a62e6f876f,,gun_shot,us8k:135528-6-0-0.wav,2,corpus_metadata:UrbanSound8K urban field recordings,urbansound8k_v1,135528-6-0-0.wav,https://creativecommons.org/licenses/by/4.0/
SS-GUN-0550,originals/gunshot/SS-GUN-0550.wav,Gunshot,UrbanSound8K (urban sound slices),https://urbansounddataset.weebly.com/urbansound8k.html,CC-BY-4.0,"Justin Salamon, Duncan Jacoby, Juan Pablo Bello",2026-09-24,2.175,44100,2,field,,n/a,original,,,,0c2aff1fecde0e8abe166587d78b40d31a62cb9b54f9fb5a97a413eacc7e576f,,gun_shot,us8k:135528-6-1-0.wav,2,corpus_metadata:UrbanSound8K urban field recordings,urbansound8k_v1,135528-6-1-0.wav,https://creativecommons.org/licenses/by/4.0/
SS-GUN-0551,originals/gunshot/SS-GUN-0551.wav,Gunshot,UrbanSound8K (urban sound slices),https://urbansounddataset.weebly.com/urbansound8k.html,CC-BY-4.0,"Justin Salamon, Duncan Jacoby, Juan Pablo Bello",2026-09-24,2.119,44100,2,field,,n/a,original,,,,2690c37e4d39a547718ac12e8c9d5b3e2766d47f0f2f180a2c3714cb4cb79388,,gun_shot,us8k:135528-6-10-0.wav,2,corpus_metadata:UrbanSound8K urban field recordings,urbansound8k_v1,135528-6-10-0.wav,https://creativecommons.org/licenses/by/4.0/
SS-GUN-0552,originals/gunshot/SS-GUN-0552.wav,Gunshot,UrbanSound8K (urban sound slices),https://urbansounddataset.weebly.com/urbansound8k.html,CC-BY-4.0,"Justin Salamon, Duncan Jacoby, Juan Pablo Bello",2026-09-24,1.84,44100,2,field,,n/a,original,,,,c97adc8a337594a7d4e8bf445707b53c9255cc3d2bcaac04d459020a53e37016,,gun_shot,us8k:135528-6-11-0.wav,2,corpus_metadata:UrbanSound8K urban field recordings,urbansound8k_v1,135528-6-11-0.wav,https://creativecommons.org/licenses/by/4.0/
SS-GUN-0553,originals/gunshot/SS-GUN-0553.wav,Gunshot,UrbanSound8K (urban sound slices),https://urbansounddataset.weebly.com/urbansound8k.html,CC-BY-4.0,"Justin Salamon, Duncan Jacoby, Juan Pablo Bello",2026-09-24,2.34,44100,2,field,,n/a,original,,,,f7a04a1189b66238c06057df0b41ae0c4bb8576db8c0945456eb8265c4ad540a,,gun_shot,us8k:135528-6-12-0.wav,2,corpus_metadata:UrbanSound8K urban field recordings,urbansound8k_v1,135528-6-12-0.wav,https://creativecommons.org/licenses/by/4.0/
SS-GUN-0554,originals/gunshot/SS-GUN-0554.wav,Gunshot,UrbanSound8K (urban sound slices),https://urbansounddataset.weebly.com/urbansound8k.html,CC-BY-4.0,"Justin Salamon, Duncan Jacoby, Juan Pablo Bello",2026-09-24,4.0,44100,2,field,,n/a,original,,,,ee53f91d772d8333fd6c749bf03aae2e9324bf755d2e858bd94b541443342d13,,gun_shot,us8k:135528-6-2-0.wav,2,corpus_metadata:UrbanSound8K urban field recordings,urbansound8k_v1,135528-6-2-0.wav,https://creativecommons.org/licenses/by/4.0/
SS-GUN-0555,originals/gunshot/SS-GUN-0555.wav,Gunshot,UrbanSound8K (urban sound slices),https://urbansounddataset.weebly.com/urbansound8k.html,CC-BY-4.0,"Justin Salamon, Duncan Jacoby, Juan Pablo Bello",2026-09-24,2.84,44100,2,field,,n/a,original,,,,520839b87175e630e463695fe3fcb00f1149bc20dcbb7e30c9e4c96b5e5ae9f0,,gun_shot,us8k:135528-6-3-0.wav,2,corpus_metadata:UrbanSound8K urban field recordings,urbansound8k_v1,135528-6-3-0.wav,https://creativecommons.org/licenses/by/4.0/
SS-GUN-0556,originals/gunshot/SS-GUN-0556.wav,Gunshot,UrbanSound8K (urban sound slices),https://urbansounddataset.weebly.com/urbansound8k.html,CC-BY-4.0,"Justin Salamon, Duncan Jacoby, Juan Pablo Bello",2026-09-24,4.0,44100,2,field,,n/a,original,,,,5745444feb630a65883bb1534054d71303b631b1b95ec7be1a17c755b1061103,,gun_shot,us8k:135528-6-4-0.wav,2,corpus_metadata:UrbanSound8K urban field recordings,urbansound8k_v1,135528-6-4-0.wav,https://creativecommons.org/licenses/by/4.0/
SS-GUN-0557,originals/gunshot/SS-GUN-0557.wav,Gunshot,UrbanSound8K (urban sound slices),https://urbansounddataset.weebly.com/urbansound8k.html,CC-BY-4.0,"Justin Salamon, Duncan Jacoby, Juan Pablo Bello",2026-09-24,4.0,44100,2,field,,n/a,original,,,,ee9c5ff27877bb922bb7b696b3181ff306d8b170b2068a9c724e5c320cea5a98,,gun_shot,us8k:135528-6-4-1.wav,2,corpus_metadata:UrbanSound8K urban field recordings,urbansound8k_v1,135528-6-4-1.wav,https://creativecommons.org/licenses/by/4.0/
SS-GUN-0558,originals/gunshot/SS-GUN-0558.wav,Gunshot,UrbanSound8K (urban sound slices),https://urbansounddataset.weebly.com/urbansound8k.html,CC-BY-4.0,"Justin Salamon, Duncan Jacoby, Juan Pablo Bello",2026-09-24,4.0,44100,2,field,,n/a,original,,,,b09a75c9bedaeb04b5f93b0f021e41a09c4a26b450282bdc99d03ea25a7c32df,,gun_shot,us8k:135528-6-4-2.wav,2,corpus_metadata:UrbanSound8K urban field recordings,urbansound8k_v1,135528-6-4-2.wav,https://creativecommons.org/licenses/by/4.0/
SS-GUN-0559,originals/gunshot/SS-GUN-0559.wav,Gunshot,UrbanSound8K (urban sound slices),https://urbansounddataset.weebly.com/urbansound8k.html,CC-BY-4.0,"Justin Salamon, Duncan Jacoby, Juan Pablo Bello",2026-09-24,2.23,44100,2,field,,n/a,original,,,,6feb607654ab1fde2c4b86cecf2fb89fb9a9efa2f7bd7e5d615ff7e243f54046,,gun_shot,us8k:135528-6-5-0.wav,2,corpus_metadata:UrbanSound8K urban field recordings,urbansound8k_v1,135528-6-5-0.wav,https://creativecommons.org/licenses/by/4.0/
SS-GUN-0560,originals/gunshot/SS-GUN-0560.wav,Gunshot,UrbanSound8K (urban sound slices),https://urbansounddataset.weebly.com/urbansound8k.html,CC-BY-4.0,"Justin Salamon, Duncan Jacoby, Juan Pablo Bello",2026-09-24,2.008,44100,2,field,,n/a,original,,,,56babf82224edf62ec3ffccdea95f03cf3150c809a865eb92cdaa52cfe93dbcc,,gun_shot,us8k:135528-6-6-0.wav,2,corpus_metadata:UrbanSound8K urban field recordings,urbansound8k_v1,135528-6-6-0.wav,https://creativecommons.org/licenses/by/4.0/
SS-GUN-0561,originals/gunshot/SS-GUN-0561.wav,Gunshot,UrbanSound8K (urban sound slices),https://urbansounddataset.weebly.com/urbansound8k.html,CC-BY-4.0,"Justin Salamon, Duncan Jacoby, Juan Pablo Bello",2026-09-24,1.617,44100,2,field,,n/a,original,,,,c14644ff6882a071b7ce9f92c0366d2b59f5f743a3cabd404ee4a83d246f3653,,gun_shot,us8k:135528-6-7-0.wav,2,corpus_metadata:UrbanSound8K urban field recordings,urbansound8k_v1,135528-6-7-0.wav,https://creativecommons.org/licenses/by/4.0/
SS-GUN-0562,originals/gunshot/SS-GUN-0562.wav,Gunshot,UrbanSound8K (urban sound slices),https://urbansounddataset.weebly.com/urbansound8k.html,CC-BY-4.0,"Justin Salamon, Duncan Jacoby, Juan Pablo Bello",2026-09-24,1.28,44100,2,field,,n/a,original,,,,9c6ca282968c71b44e845bef0aa2804cef56b560a7ead0109c2d97239e808933,,gun_shot,us8k:135528-6-8-0.wav,2,corpus_metadata:UrbanSound8K urban field recordings,urbansound8k_v1,135528-6-8-0.wav,https://creativecommons.org/licenses/by/4.0/
SS-GUN-0563,originals/gunshot/SS-GUN-0563.wav,Gunshot,UrbanSound8K (urban sound slices),https://urbansounddataset.weebly.com/urbansound8k.html,CC-BY-4.0,"Justin Salamon, Duncan Jacoby, Juan Pablo Bello",2026-09-24,1.227,44100,2,field,,n/a,original,,,,320cd5a94cdc3244e24bbba59f53e8e6cceb7689392519c17e6d4bd9ecaa0f8f,,gun_shot,us8k:135528-6-9-0.wav,2,corpus_metadata:UrbanSound8K urban field recordings,urbansound8k_v1,135528-6-9-0.wav,https://creativecommons.org/licenses/by/4.0/
SS-GUN-0564,originals/gunshot/SS-GUN-0564.wav,Gunshot,UrbanSound8K (urban sound slices),https://urbansounddataset.weebly.com/urbansound8k.html,CC-BY-4.0,"Justin Salamon, Duncan Jacoby, Juan Pablo Bello",2026-09-24,2.328,44100,2,field,,n/a,original,,,,30d0e96324015bd27c148807015f67a8d79f6f69a05a116ce687cf9616a9f6fd,,gun_shot,us8k:135544-6-0-0.wav,1,corpus_metadata:UrbanSound8K urban field recordings,urbansound8k_v1,135544-6-0-0.wav,https://creativecommons.org/licenses/by/4.0/
SS-GUN-0565,originals/gunshot/SS-GUN-0565.wav,Gunshot,UrbanSound8K (urban sound slices),https://urbansounddataset.weebly.com/urbansound8k.html,CC-BY-4.0,"Justin Salamon, Duncan Jacoby, Juan Pablo Bello",2026-09-24,2.38,44100,2,field,,n/a,original,,,,65e78f57ff3bfc0bf59b215d3565acac841f42e66cca42874ad87fcded7657f4,,gun_shot,us8k:135544-6-1-0.wav,1,corpus_metadata:UrbanSound8K urban field recordings,urbansound8k_v1,135544-6-1-0.wav,https://creativecommons.org/licenses/by/4.0/
SS-GUN-0566,originals/gunshot/SS-GUN-0566.wav,Gunshot,UrbanSound8K (urban sound slices),https://urbansounddataset.weebly.com/urbansound8k.html,CC-BY-4.0,"Justin Salamon, Duncan Jacoby, Juan Pablo Bello",2026-09-24,0.94,44100,2,field,,n/a,original,,,,1ed37a8c40030d9dd1ede98a5df091922f8962f6b7c373ab29005cc81bf5473b,,gun_shot,us8k:135544-6-10-0.wav,1,corpus_metadata:UrbanSound8K urban field recordings,urbansound8k_v1,135544-6-10-0.wav,https://creativecommons.org/licenses/by/4.0/
SS-GUN-0567,originals/gunshot/SS-GUN-0567.wav,Gunshot,UrbanSound8K (urban sound slices),https://urbansounddataset.weebly.com/urbansound8k.html,CC-BY-4.0,"Justin Salamon, Duncan Jacoby, Juan Pablo Bello",2026-09-24,0.499,44100,2,field,,n/a,original,,,,bf966240c440b7c2e46bc41af1cf8a9e7db51799b36e0fc604b3aef121c9a08d,,gun_shot,us8k:135544-6-11-0.wav,1,corpus_metadata:UrbanSound8K urban field recordings,urbansound8k_v1,135544-6-11-0.wav,https://creativecommons.org/licenses/by/4.0/
SS-GUN-0568,originals/gunshot/SS-GUN-0568.wav,Gunshot,UrbanSound8K (urban sound slices),https://urbansounddataset.weebly.com/urbansound8k.html,CC-BY-4.0,"Justin Salamon, Duncan Jacoby, Juan Pablo Bello",2026-09-24,1.05,44100,2,field,,n/a,original,,,,771a26be77ee25a470273fee5d2644d5b698dbd685ee4faa5be294fde430906f,,gun_shot,us8k:135544-6-12-0.wav,1,corpus_metadata:UrbanSound8K urban field recordings,urbansound8k_v1,135544-6-12-0.wav,https://creativecommons.org/licenses/by/4.0/
SS-GUN-0569,originals/gunshot/SS-GUN-0569.wav,Gunshot,UrbanSound8K (urban sound slices),https://urbansounddataset.weebly.com/urbansound8k.html,CC-BY-4.0,"Justin Salamon, Duncan Jacoby, Juan Pablo Bello",2026-09-24,1.16,44100,2,field,,n/a,original,,,,e18d03e8fb41e09730a497a57fe9de2fdc0368e3824b892378dc12cea905346c,,gun_shot,us8k:135544-6-13-0.wav,1,corpus_metadata:UrbanSound8K urban field recordings,urbansound8k_v1,135544-6-13-0.wav,https://creativecommons.org/licenses/by/4.0/
SS-GUN-0570,originals/gunshot/SS-GUN-0570.wav,Gunshot,UrbanSound8K (urban sound slices),https://urbansounddataset.weebly.com/urbansound8k.html,CC-BY-4.0,"Justin Salamon, Duncan Jacoby, Juan Pablo Bello",2026-09-24,0.998,44100,2,field,,n/a,original,,,,18c9616ae77a9a43a530c5942dc2703d5d1848d13bbef1884dba223c28a00109,,gun_shot,us8k:135544-6-14-0.wav,1,corpus_metadata:UrbanSound8K urban field recordings,urbansound8k_v1,135544-6-14-0.wav,https://creativecommons.org/licenses/by/4.0/
SS-GUN-0571,originals/gunshot/SS-GUN-0571.wav,Gunshot,UrbanSound8K (urban sound slices),https://urbansounddataset.weebly.com/urbansound8k.html,CC-BY-4.0,"Justin Salamon, Duncan Jacoby, Juan Pablo Bello",2026-09-24,1.219,44100,2,field,,n/a,original,,,,761e05b70430ac5ff6da838e65bfd2e292e6f3c2ca7b77780f113b9a088ef425,,gun_shot,us8k:135544-6-15-0.wav,1,corpus_metadata:UrbanSound8K urban field recordings,urbansound8k_v1,135544-6-15-0.wav,https://creativecommons.org/licenses/by/4.0/
SS-GUN-0572,originals/gunshot/SS-GUN-0572.wav,Gunshot,UrbanSound8K (urban sound slices),https://urbansounddataset.weebly.com/urbansound8k.html,CC-BY-4.0,"Justin Salamon, Duncan Jacoby, Juan Pablo Bello",2026-09-24,1.44,44100,2,field,,n/a,original,,,,94d70a9f66251d88122b1af4ca74a89ed2fd2a04b7d84461b1e8776d74fc446d,,gun_shot,us8k:135544-6-16-0.wav,1,corpus_metadata:UrbanSound8K urban field recordings,urbansound8k_v1,135544-6-16-0.wav,https://creativecommons.org/licenses/by/4.0/
SS-GUN-0573,originals/gunshot/SS-GUN-0573.wav,Gunshot,UrbanSound8K (urban sound slices),https://urbansounddataset.weebly.com/urbansound8k.html,CC-BY-4.0,"Justin Salamon, Duncan Jacoby, Juan Pablo Bello",2026-09-24,1.607,44100,2,field,,n/a,original,,,,b7e77b67f0d087268d925e917c99fdbc828175c885eed11806c1557d406af345,,gun_shot,us8k:135544-6-17-0.wav,1,corpus_metadata:UrbanSound8K urban field recordings,urbansound8k_v1,135544-6-17-0.wav,https://creativecommons.org/licenses/by/4.0/
SS-GUN-0574,originals/gunshot/SS-GUN-0574.wav,Gunshot,UrbanSound8K (urban sound slices),https://urbansounddataset.weebly.com/urbansound8k.html,CC-BY-4.0,"Justin Salamon, Duncan Jacoby, Juan Pablo Bello",2026-09-24,1.829,44100,2,field,,n/a,original,,,,7450460adddc52f2d1b1518831aeffbffdc8f9f23ebf4c4f2322b001165671b1,,gun_shot,us8k:135544-6-18-0.wav,1,corpus_metadata:UrbanSound8K urban field recordings,urbansound8k_v1,135544-6-18-0.wav,https://creativecommons.org/licenses/by/4.0/
SS-GUN-0575,originals/gunshot/SS-GUN-0575.wav,Gunshot,UrbanSound8K (urban sound slices),https://urbansounddataset.weebly.com/urbansound8k.html,CC-BY-4.0,"Justin Salamon, Duncan Jacoby, Juan Pablo Bello",2026-09-24,1.718,44100,2,field,,n/a,original,,,,0859c2aba4c6542b60e74ccd00f6724b7d303e8a7fb598949d7301f1a805bf92,,gun_shot,us8k:135544-6-19-0.wav,1,corpus_metadata:UrbanSound8K urban field recordings,urbansound8k_v1,135544-6-19-0.wav,https://creativecommons.org/licenses/by/4.0/
SS-GUN-0576,originals/gunshot/SS-GUN-0576.wav,Gunshot,UrbanSound8K (urban sound slices),https://urbansounddataset.weebly.com/urbansound8k.html,CC-BY-4.0,"Justin Salamon, Duncan Jacoby, Juan Pablo Bello",2026-09-24,1.77,44100,2,field,,n/a,original,,,,f3e7fa5ac0f0b4fea445900248ebd835537e519f933e8b0e53adf74595eec84c,,gun_shot,us8k:135544-6-2-0.wav,1,corpus_metadata:UrbanSound8K urban field recordings,urbansound8k_v1,135544-6-2-0.wav,https://creativecommons.org/licenses/by/4.0/
SS-GUN-0577,originals/gunshot/SS-GUN-0577.wav,Gunshot,UrbanSound8K (urban sound slices),https://urbansounddataset.weebly.com/urbansound8k.html,CC-BY-4.0,"Justin Salamon, Duncan Jacoby, Juan Pablo Bello",2026-09-24,1.496,44100,2,field,,n/a,original,,,,2288c6f8d55e5e5cd1804631588caaeae28bca4ee56de1e66000b56b3329dee5,,gun_shot,us8k:135544-6-3-0.wav,1,corpus_metadata:UrbanSound8K urban field recordings,urbansound8k_v1,135544-6-3-0.wav,https://creativecommons.org/licenses/by/4.0/
SS-GUN-0578,originals/gunshot/SS-GUN-0578.wav,Gunshot,UrbanSound8K (urban sound slices),https://urbansounddataset.weebly.com/urbansound8k.html,CC-BY-4.0,"Justin Salamon, Duncan Jacoby, Juan Pablo Bello",2026-09-24,1.219,44100,2,field,,n/a,original,,,,f9ce48712a7eee3b55aaba06afd037982a77bdeadc05c19217d3225d20559589,,gun_shot,us8k:135544-6-4-0.wav,1,corpus_metadata:UrbanSound8K urban field recordings,urbansound8k_v1,135544-6-4-0.wav,https://creativecommons.org/licenses/by/4.0/
SS-GUN-0579,originals/gunshot/SS-GUN-0579.wav,Gunshot,UrbanSound8K (urban sound slices),https://urbansounddataset.weebly.com/urbansound8k.html,CC-BY-4.0,"Justin Salamon, Duncan Jacoby, Juan Pablo Bello",2026-09-24,1.66,44100,2,field,,n/a,original,,,,fe7db81b5e117c70b1f74dc4f47b2cae4425edf409c2ef416afa1eb5823c2977,,gun_shot,us8k:135544-6-5-0.wav,1,corpus_metadata:UrbanSound8K urban field recordings,urbansound8k_v1,135544-6-5-0.wav,https://creativecommons.org/licenses/by/4.0/
SS-GUN-0580,originals/gunshot/SS-GUN-0580.wav,Gunshot,UrbanSound8K (urban sound slices),https://urbansounddataset.weebly.com/urbansound8k.html,CC-BY-4.0,"Justin Salamon, Duncan Jacoby, Juan Pablo Bello",2026-09-24,1.496,44100,2,field,,n/a,original,,,,d6801aaf507548f1427a9cfca222554ef58f88d2017c58e6277b867dc59c3d87,,gun_shot,us8k:135544-6-6-0.wav,1,corpus_metadata:UrbanSound8K urban field recordings,urbansound8k_v1,135544-6-6-0.wav,https://creativecommons.org/licenses/by/4.0/
SS-GUN-0581,originals/gunshot/SS-GUN-0581.wav,Gunshot,UrbanSound8K (urban sound slices),https://urbansounddataset.weebly.com/urbansound8k.html,CC-BY-4.0,"Justin Salamon, Duncan Jacoby, Juan Pablo Bello",2026-09-24,1.33,44100,2,field,,n/a,original,,,,6a41f9eaa6df77e5078ba00009f358c3bbb1fa4414d668f0172641a17651a664,,gun_shot,us8k:135544-6-7-0.wav,1,corpus_metadata:UrbanSound8K urban field recordings,urbansound8k_v1,135544-6-7-0.wav,https://creativecommons.org/licenses/by/4.0/
SS-GUN-0582,originals/gunshot/SS-GUN-0582.wav,Gunshot,UrbanSound8K (urban sound slices),https://urbansounddataset.weebly.com/urbansound8k.html,CC-BY-4.0,"Justin Salamon, Duncan Jacoby, Juan Pablo Bello",2026-09-24,0.665,44100,2,field,,n/a,original,,,,3cb0142d97d3257612709b94f1a8e91b1c58571396821f21fd3e81701966f5fe,,gun_shot,us8k:135544-6-8-0.wav,1,corpus_metadata:UrbanSound8K urban field recordings,urbansound8k_v1,135544-6-8-0.wav,https://creativecommons.org/licenses/by/4.0/
SS-GUN-0583,originals/gunshot/SS-GUN-0583.wav,Gunshot,UrbanSound8K (urban sound slices),https://urbansounddataset.weebly.com/urbansound8k.html,CC-BY-4.0,"Justin Salamon, Duncan Jacoby, Juan Pablo Bello",2026-09-24,1.44,44100,2,field,,n/a,original,,,,d2dd231285c12561ed40bae0fa766588f8d9a0bebbe2cb836d0a381f310189f8,,gun_shot,us8k:135544-6-9-0.wav,1,corpus_metadata:UrbanSound8K urban field recordings,urbansound8k_v1,135544-6-9-0.wav,https://creativecommons.org/licenses/by/4.0/
SS-GUN-0584,originals/gunshot/SS-GUN-0584.wav,Gunshot,UrbanSound8K (urban sound slices),https://urbansounddataset.weebly.com/urbansound8k.html,CC-BY-4.0,"Justin Salamon, Duncan Jacoby, Juan Pablo Bello",2026-09-24,3.35,48000,2,field,,n/a,original,,,,57b2fd6719d09357b7cd1b9bac14c878fb30a3e4340f31463895213e4e01fb99,,gun_shot,us8k:136399-6-0-0.wav,1,corpus_metadata:UrbanSound8K urban field recordings,urbansound8k_v1,136399-6-0-0.wav,https://creativecommons.org/licenses/by/4.0/
SS-GUN-0585,originals/gunshot/SS-GUN-0585.wav,Gunshot,UrbanSound8K (urban sound slices),https://urbansounddataset.weebly.com/urbansound8k.html,CC-BY-4.0,"Justin Salamon, Duncan Jacoby, Juan Pablo Bello",2026-09-24,3.68,48000,2,field,,n/a,original,,,,e8594e61e5ab702e163b1d876b542e02f16d757b996fcf27dc9dac7032ed6ff6,,gun_shot,us8k:136399-6-1-0.wav,1,corpus_metadata:UrbanSound8K urban field recordings,urbansound8k_v1,136399-6-1-0.wav,https://creativecommons.org/licenses/by/4.0/
SS-GUN-0586,originals/gunshot/SS-GUN-0586.wav,Gunshot,UrbanSound8K (urban sound slices),https://urbansounddataset.weebly.com/urbansound8k.html,CC-BY-4.0,"Justin Salamon, Duncan Jacoby, Juan Pablo Bello",2026-09-24,3.25,48000,2,field,,n/a,original,,,,86a27804af6890e9393aefd3d9815811c0dd5bee3f808cfddcd58d5aaa64e312,,gun_shot,us8k:136399-6-2-0.wav,1,corpus_metadata:UrbanSound8K urban field recordings,urbansound8k_v1,136399-6-2-0.wav,https://creativecommons.org/licenses/by/4.0/
SS-GUN-0587,originals/gunshot/SS-GUN-0587.wav,Gunshot,UrbanSound8K (urban sound slices),https://urbansounddataset.weebly.com/urbansound8k.html,CC-BY-4.0,"Justin Salamon, Duncan Jacoby, Juan Pablo Bello",2026-09-24,2.947,48000,2,field,,n/a,original,,,,b1ff5f4441421ea9717af08036f8e2ff5e732cb1560844037748f5a599b1537a,,gun_shot,us8k:136399-6-3-0.wav,1,corpus_metadata:UrbanSound8K urban field recordings,urbansound8k_v1,136399-6-3-0.wav,https://creativecommons.org/licenses/by/4.0/
SS-GUN-0588,originals/gunshot/SS-GUN-0588.wav,Gunshot,UrbanSound8K (urban sound slices),https://urbansounddataset.weebly.com/urbansound8k.html,CC-BY-4.0,"Justin Salamon, Duncan Jacoby, Juan Pablo Bello",2026-09-24,1.956,48000,2,field,,n/a,original,,,,1c00c6b9ee8ce89fcc02862d307b7b8aab6a38400614bb6039c1ff877b61cf8f,,gun_shot,us8k:136399-6-4-0.wav,1,corpus_metadata:UrbanSound8K urban field recordings,urbansound8k_v1,136399-6-4-0.wav,https://creativecommons.org/licenses/by/4.0/
SS-GUN-0589,originals/gunshot/SS-GUN-0589.wav,Gunshot,UrbanSound8K (urban sound slices),https://urbansounddataset.weebly.com/urbansound8k.html,CC-BY-4.0,"Justin Salamon, Duncan Jacoby, Juan Pablo Bello",2026-09-24,2.36,48000,2,field,,n/a,original,,,,77442c03b78fc85a3111da8c7516e51744e4e4e82527cb9a459f79eff1307341,,gun_shot,us8k:136399-6-5-0.wav,1,corpus_metadata:UrbanSound8K urban field recordings,urbansound8k_v1,136399-6-5-0.wav,https://creativecommons.org/licenses/by/4.0/
SS-GUN-0590,originals/gunshot/SS-GUN-0590.wav,Gunshot,UrbanSound8K (urban sound slices),https://urbansounddataset.weebly.com/urbansound8k.html,CC-BY-4.0,"Justin Salamon, Duncan Jacoby, Juan Pablo Bello",2026-09-24,1.93,48000,2,field,,n/a,original,,,,d7689e22ff95c8b56b898d940446cfa7ffa0c6fa18d9453ab716da40c04cb6e9,,gun_shot,us8k:136399-6-6-0.wav,1,corpus_metadata:UrbanSound8K urban field recordings,urbansound8k_v1,136399-6-6-0.wav,https://creativecommons.org/licenses/by/4.0/
SS-GUN-0591,originals/gunshot/SS-GUN-0591.wav,Gunshot,UrbanSound8K (urban sound slices),https://urbansounddataset.weebly.com/urbansound8k.html,CC-BY-4.0,"Justin Salamon, Duncan Jacoby, Juan Pablo Bello",2026-09-24,2.617,48000,2,field,,n/a,original,,,,534e685866231cb0ca24d633d3cff34923529b911b9274bc37283c31629d4703,,gun_shot,us8k:136399-6-7-0.wav,1,corpus_metadata:UrbanSound8K urban field recordings,urbansound8k_v1,136399-6-7-0.wav,https://creativecommons.org/licenses/by/4.0/
SS-GUN-0592,originals/gunshot/SS-GUN-0592.wav,Gunshot,UrbanSound8K (urban sound slices),https://urbansounddataset.weebly.com/urbansound8k.html,CC-BY-4.0,"Justin Salamon, Duncan Jacoby, Juan Pablo Bello",2026-09-24,1.55,48000,2,field,,n/a,original,,,,47bb9cef97fec927e12f09abcf49288a595defb803a51e85de78fefbfeb1b9c2,,gun_shot,us8k:136399-6-8-0.wav,1,corpus_metadata:UrbanSound8K urban field recordings,urbansound8k_v1,136399-6-8-0.wav,https://creativecommons.org/licenses/by/4.0/
SS-GUN-0593,originals/gunshot/SS-GUN-0593.wav,Gunshot,UrbanSound8K (urban sound slices),https://urbansounddataset.weebly.com/urbansound8k.html,CC-BY-4.0,"Justin Salamon, Duncan Jacoby, Juan Pablo Bello",2026-09-24,2.03,48000,2,field,,n/a,original,,,,014010e1f0f865ee5affd141315962310a4c771e3bbfe8e4afeb0779ce3e57d9,,gun_shot,us8k:136399-6-9-0.wav,1,corpus_metadata:UrbanSound8K urban field recordings,urbansound8k_v1,136399-6-9-0.wav,https://creativecommons.org/licenses/by/4.0/
SS-GUN-0594,originals/gunshot/SS-GUN-0594.wav,Gunshot,UrbanSound8K (urban sound slices),https://urbansounddataset.weebly.com/urbansound8k.html,CC-BY-4.0,"Justin Salamon, Duncan Jacoby, Juan Pablo Bello",2026-09-24,1.24,44100,2,field,,n/a,original,,,,54a801d62089214015d6fa3de0f9fff7c9b42ac59f037f8216bb4975435b8e8e,,gun_shot,us8k:145206-6-0-0.wav,1,corpus_metadata:UrbanSound8K urban field recordings,urbansound8k_v1,145206-6-0-0.wav,https://creativecommons.org/licenses/by/4.0/
SS-GUN-0595,originals/gunshot/SS-GUN-0595.wav,Gunshot,UrbanSound8K (urban sound slices),https://urbansounddataset.weebly.com/urbansound8k.html,CC-BY-4.0,"Justin Salamon, Duncan Jacoby, Juan Pablo Bello",2026-09-24,1.47,44100,2,field,,n/a,original,,,,82a12153d2913db466428a8e53f4a1fe658d9cc514772da9ff899e337fa627bd,,gun_shot,us8k:145206-6-1-0.wav,1,corpus_metadata:UrbanSound8K urban field recordings,urbansound8k_v1,145206-6-1-0.wav,https://creativecommons.org/licenses/by/4.0/
SS-GUN-0596,originals/gunshot/SS-GUN-0596.wav,Gunshot,UrbanSound8K (urban sound slices),https://urbansounddataset.weebly.com/urbansound8k.html,CC-BY-4.0,"Justin Salamon, Duncan Jacoby, Juan Pablo Bello",2026-09-24,0.95,44100,2,field,,n/a,original,,,,f551c8e76324406dcfc4fcbe4e8692b150e724e5014cf19fd781ecf5c2ddaa7a,,gun_shot,us8k:145206-6-2-0.wav,1,corpus_metadata:UrbanSound8K urban field recordings,urbansound8k_v1,145206-6-2-0.wav,https://creativecommons.org/licenses/by/4.0/
SS-GUN-0597,originals/gunshot/SS-GUN-0597.wav,Gunshot,UrbanSound8K (urban sound slices),https://urbansounddataset.weebly.com/urbansound8k.html,CC-BY-4.0,"Justin Salamon, Duncan Jacoby, Juan Pablo Bello",2026-09-24,1.22,44100,2,field,,n/a,original,,,,0e636a664f96f2dd6ff0d3a4d87b6f093d79eddeed7008371073fc6ad04194d4,,gun_shot,us8k:145206-6-3-0.wav,1,corpus_metadata:UrbanSound8K urban field recordings,urbansound8k_v1,145206-6-3-0.wav,https://creativecommons.org/licenses/by/4.0/
SS-GUN-0598,originals/gunshot/SS-GUN-0598.wav,Gunshot,UrbanSound8K (urban sound slices),https://urbansounddataset.weebly.com/urbansound8k.html,CC-BY-4.0,"Justin Salamon, Duncan Jacoby, Juan Pablo Bello",2026-09-24,0.967,44100,2,field,,n/a,original,,,,4be319125788830a82f3d1a0532b8ba59b2649b335ca5c870fa63b73d282cc63,,gun_shot,us8k:145206-6-4-0.wav,1,corpus_metadata:UrbanSound8K urban field recordings,urbansound8k_v1,145206-6-4-0.wav,https://creativecommons.org/licenses/by/4.0/
SS-GUN-0599,originals/gunshot/SS-GUN-0599.wav,Gunshot,UrbanSound8K (urban sound slices),https://urbansounddataset.weebly.com/urbansound8k.html,CC-BY-4.0,"Justin Salamon, Duncan Jacoby, Juan Pablo Bello",2026-09-24,0.75,44100,2,field,,n/a,original,,,,cd1927655d3df67e21074fcfc984430dd13f2a6a34413f34fde2bc783ce1b824,,gun_shot,us8k:145206-6-5-0.wav,1,corpus_metadata:UrbanSound8K urban field recordings,urbansound8k_v1,145206-6-5-0.wav,https://creativecommons.org/licenses/by/4.0/
SS-GUN-0600,originals/gunshot/SS-GUN-0600.wav,Gunshot,UrbanSound8K (urban sound slices),https://urbansounddataset.weebly.com/urbansound8k.html,CC-BY-4.0,"Justin Salamon, Duncan Jacoby, Juan Pablo Bello",2026-09-24,1.009,96000,2,field,,n/a,original,,,,109a8b98e4723cbcdc3f23b5e54cec21396edf084bafd31d27f5efa986535acc,,gun_shot,us8k:145608-6-0-0.wav,2,corpus_metadata:UrbanSound8K urban field recordings,urbansound8k_v1,145608-6-0-0.wav,https://creativecommons.org/licenses/by/4.0/
SS-GUN-0601,originals/gunshot/SS-GUN-0601.wav,Gunshot,UrbanSound8K (urban sound slices),https://urbansounddataset.weebly.com/urbansound8k.html,CC-BY-4.0,"Justin Salamon, Duncan Jacoby, Juan Pablo Bello",2026-09-24,1.03,96000,2,field,,n/a,original,,,,70a9e0df2698c1b943c456bdfdc01afede70e1b8ce8a99072dee0b8f06f8ce76,,gun_shot,us8k:145608-6-1-0.wav,2,corpus_metadata:UrbanSound8K urban field recordings,urbansound8k_v1,145608-6-1-0.wav,https://creativecommons.org/licenses/by/4.0/
SS-GUN-0602,originals/gunshot/SS-GUN-0602.wav,Gunshot,UrbanSound8K (urban sound slices),https://urbansounddataset.weebly.com/urbansound8k.html,CC-BY-4.0,"Justin Salamon, Duncan Jacoby, Juan Pablo Bello",2026-09-24,0.958,96000,2,field,,n/a,original,,,,4f916b2dfdf03fc8415cb8e60c59dbe88dc30d3ab894481a275bdf04727ff577,,gun_shot,us8k:145608-6-2-0.wav,2,corpus_metadata:UrbanSound8K urban field recordings,urbansound8k_v1,145608-6-2-0.wav,https://creativecommons.org/licenses/by/4.0/
SS-GUN-0603,originals/gunshot/SS-GUN-0603.wav,Gunshot,UrbanSound8K (urban sound slices),https://urbansounddataset.weebly.com/urbansound8k.html,CC-BY-4.0,"Justin Salamon, Duncan Jacoby, Juan Pablo Bello",2026-09-24,0.907,96000,2,field,,n/a,original,,,,f356c8d523f88ce8eaf805a87015403b61c28c357d8b70ffd120eddbedf269d8,,gun_shot,us8k:145608-6-3-0.wav,2,corpus_metadata:UrbanSound8K urban field recordings,urbansound8k_v1,145608-6-3-0.wav,https://creativecommons.org/licenses/by/4.0/
SS-GUN-0604,originals/gunshot/SS-GUN-0604.wav,Gunshot,UrbanSound8K (urban sound slices),https://urbansounddataset.weebly.com/urbansound8k.html,CC-BY-4.0,"Justin Salamon, Duncan Jacoby, Juan Pablo Bello",2026-09-24,1.266,96000,2,field,,n/a,original,,,,9cc269cce065bc0a852fbd2e33f9d548a3747c63faffe06abe4d09c3290be8ac,,gun_shot,us8k:145609-6-0-0.wav,2,corpus_metadata:UrbanSound8K urban field recordings,urbansound8k_v1,145609-6-0-0.wav,https://creativecommons.org/licenses/by/4.0/
SS-GUN-0605,originals/gunshot/SS-GUN-0605.wav,Gunshot,UrbanSound8K (urban sound slices),https://urbansounddataset.weebly.com/urbansound8k.html,CC-BY-4.0,"Justin Salamon, Duncan Jacoby, Juan Pablo Bello",2026-09-24,1.087,96000,2,field,,n/a,original,,,,9def95434528fcd809fc5589fe345977c262f1b23d319e033465a9c4540a329b,,gun_shot,us8k:145609-6-1-0.wav,2,corpus_metadata:UrbanSound8K urban field recordings,urbansound8k_v1,145609-6-1-0.wav,https://creativecommons.org/licenses/by/4.0/
SS-GUN-0606,originals/gunshot/SS-GUN-0606.wav,Gunshot,UrbanSound8K (urban sound slices),https://urbansounddataset.weebly.com/urbansound8k.html,CC-BY-4.0,"Justin Salamon, Duncan Jacoby, Juan Pablo Bello",2026-09-24,1.157,96000,2,field,,n/a,original,,,,68d2d8db2773ba549520aec8589f277a78322b46fd8271c3bccb9fcf48394ae6,,gun_shot,us8k:145611-6-0-0.wav,2,corpus_metadata:UrbanSound8K urban field recordings,urbansound8k_v1,145611-6-0-0.wav,https://creativecommons.org/licenses/by/4.0/
SS-GUN-0607,originals/gunshot/SS-GUN-0607.wav,Gunshot,UrbanSound8K (urban sound slices),https://urbansounddataset.weebly.com/urbansound8k.html,CC-BY-4.0,"Justin Salamon, Duncan Jacoby, Juan Pablo Bello",2026-09-24,1.175,96000,2,field,,n/a,original,,,,2f80b16836b172a876e8e658745c50cd9c95010087814066c917902f2e8911f5,,gun_shot,us8k:145611-6-1-0.wav,2,corpus_metadata:UrbanSound8K urban field recordings,urbansound8k_v1,145611-6-1-0.wav,https://creativecommons.org/licenses/by/4.0/
SS-GUN-0608,originals/gunshot/SS-GUN-0608.wav,Gunshot,UrbanSound8K (urban sound slices),https://urbansounddataset.weebly.com/urbansound8k.html,CC-BY-4.0,"Justin Salamon, Duncan Jacoby, Juan Pablo Bello",2026-09-24,1.1,96000,2,field,,n/a,original,,,,9b8c7c44eb4cc769c679fbdbb57a845ead987d9fd955ccf9f55782467b4c2a76,,gun_shot,us8k:145611-6-2-0.wav,2,corpus_metadata:UrbanSound8K urban field recordings,urbansound8k_v1,145611-6-2-0.wav,https://creativecommons.org/licenses/by/4.0/
SS-GUN-0609,originals/gunshot/SS-GUN-0609.wav,Gunshot,UrbanSound8K (urban sound slices),https://urbansounddataset.weebly.com/urbansound8k.html,CC-BY-4.0,"Justin Salamon, Duncan Jacoby, Juan Pablo Bello",2026-09-24,1.119,96000,2,field,,n/a,original,,,,18680546961d35835adab2d6319ade586e57192c4d45b5dbc108ba7c0ed9ab31,,gun_shot,us8k:145611-6-3-0.wav,2,corpus_metadata:UrbanSound8K urban field recordings,urbansound8k_v1,145611-6-3-0.wav,https://creativecommons.org/licenses/by/4.0/
SS-GUN-0610,originals/gunshot/SS-GUN-0610.wav,Gunshot,UrbanSound8K (urban sound slices),https://urbansounddataset.weebly.com/urbansound8k.html,CC-BY-4.0,"Justin Salamon, Duncan Jacoby, Juan Pablo Bello",2026-09-24,1.06,96000,2,field,,n/a,original,,,,b237b11ad8b3d191ecbc17bc3592aa09a4d482db47ec9ec59fdd00bb162b4070,,gun_shot,us8k:145611-6-4-0.wav,2,corpus_metadata:UrbanSound8K urban field recordings,urbansound8k_v1,145611-6-4-0.wav,https://creativecommons.org/licenses/by/4.0/
SS-GUN-0611,originals/gunshot/SS-GUN-0611.wav,Gunshot,UrbanSound8K (urban sound slices),https://urbansounddataset.weebly.com/urbansound8k.html,CC-BY-4.0,"Justin Salamon, Duncan Jacoby, Juan Pablo Bello",2026-09-24,0.975,96000,2,field,,n/a,original,,,,62727a9b97417aa67bfdf509b599ca08433a7e206811c0b97f93712915e4d017,,gun_shot,us8k:145612-6-0-0.wav,2,corpus_metadata:UrbanSound8K urban field recordings,urbansound8k_v1,145612-6-0-0.wav,https://creativecommons.org/licenses/by/4.0/
SS-GUN-0612,originals/gunshot/SS-GUN-0612.wav,Gunshot,UrbanSound8K (urban sound slices),https://urbansounddataset.weebly.com/urbansound8k.html,CC-BY-4.0,"Justin Salamon, Duncan Jacoby, Juan Pablo Bello",2026-09-24,0.797,96000,2,field,,n/a,original,,,,3d90fdf597038b6ba97b703052c24fb6f6ed3b264b0fb7ac2cf01346c5c61c0d,,gun_shot,us8k:145612-6-1-0.wav,2,corpus_metadata:UrbanSound8K urban field recordings,urbansound8k_v1,145612-6-1-0.wav,https://creativecommons.org/licenses/by/4.0/
SS-GUN-0613,originals/gunshot/SS-GUN-0613.wav,Gunshot,UrbanSound8K (urban sound slices),https://urbansounddataset.weebly.com/urbansound8k.html,CC-BY-4.0,"Justin Salamon, Duncan Jacoby, Juan Pablo Bello",2026-09-24,0.91,96000,2,field,,n/a,original,,,,e511f07ad8ba5ad06646806d284475cdae790e9ca99325294188ccda40f12ff5,,gun_shot,us8k:145612-6-2-0.wav,2,corpus_metadata:UrbanSound8K urban field recordings,urbansound8k_v1,145612-6-2-0.wav,https://creativecommons.org/licenses/by/4.0/
SS-GUN-0614,originals/gunshot/SS-GUN-0614.wav,Gunshot,UrbanSound8K (urban sound slices),https://urbansounddataset.weebly.com/urbansound8k.html,CC-BY-4.0,"Justin Salamon, Duncan Jacoby, Juan Pablo Bello",2026-09-24,1.126,96000,2,field,,n/a,original,,,,380932a52c22e45764c4f3e6539d1e38ad4330c242c03b627c49eae9403350f7,,gun_shot,us8k:145612-6-3-0.wav,2,corpus_metadata:UrbanSound8K urban field recordings,urbansound8k_v1,145612-6-3-0.wav,https://creativecommons.org/licenses/by/4.0/
SS-GUN-0615,originals/gunshot/SS-GUN-0615.wav,Gunshot,UrbanSound8K (urban sound slices),https://urbansounddataset.weebly.com/urbansound8k.html,CC-BY-4.0,"Justin Salamon, Duncan Jacoby, Juan Pablo Bello",2026-09-24,1.23,96000,2,field,,n/a,original,,,,dc3956832dcfc1594acf411d513f6006a3cb96752deb05967d8ae4a598d8a846,,gun_shot,us8k:145683-6-0-0.wav,2,corpus_metadata:UrbanSound8K urban field recordings,urbansound8k_v1,145683-6-0-0.wav,https://creativecommons.org/licenses/by/4.0/
SS-GUN-0616,originals/gunshot/SS-GUN-0616.wav,Gunshot,UrbanSound8K (urban sound slices),https://urbansounddataset.weebly.com/urbansound8k.html,CC-BY-4.0,"Justin Salamon, Duncan Jacoby, Juan Pablo Bello",2026-09-24,1.38,96000,2,field,,n/a,original,,,,f1f7d095095f0adfefb3e9b5824aba9312bb9ef17f4f951a4006ad3da04dd224,,gun_shot,us8k:145683-6-1-0.wav,2,corpus_metadata:UrbanSound8K urban field recordings,urbansound8k_v1,145683-6-1-0.wav,https://creativecommons.org/licenses/by/4.0/
SS-GUN-0617,originals/gunshot/SS-GUN-0617.wav,Gunshot,UrbanSound8K (urban sound slices),https://urbansounddataset.weebly.com/urbansound8k.html,CC-BY-4.0,"Justin Salamon, Duncan Jacoby, Juan Pablo Bello",2026-09-24,0.92,96000,2,field,,n/a,original,,,,76ac8dceb4b5a28ec0c47bf5b0a88dfc5975e9fbc8cb791ba8ca23f6bed4f6a3,,gun_shot,us8k:145683-6-2-0.wav,2,corpus_metadata:UrbanSound8K urban field recordings,urbansound8k_v1,145683-6-2-0.wav,https://creativecommons.org/licenses/by/4.0/
SS-GUN-0618,originals/gunshot/SS-GUN-0618.wav,Gunshot,UrbanSound8K (urban sound slices),https://urbansounddataset.weebly.com/urbansound8k.html,CC-BY-4.0,"Justin Salamon, Duncan Jacoby, Juan Pablo Bello",2026-09-24,0.98,96000,2,field,,n/a,original,,,,de7c656e9c12f3c447f635b9729bad772a007fde66b28a1f89383e972dac5e7d,,gun_shot,us8k:145683-6-3-0.wav,2,corpus_metadata:UrbanSound8K urban field recordings,urbansound8k_v1,145683-6-3-0.wav,https://creativecommons.org/licenses/by/4.0/
SS-GUN-0619,originals/gunshot/SS-GUN-0619.wav,Gunshot,UrbanSound8K (urban sound slices),https://urbansounddataset.weebly.com/urbansound8k.html,CC-BY-4.0,"Justin Salamon, Duncan Jacoby, Juan Pablo Bello",2026-09-24,0.98,96000,2,field,,n/a,original,,,,a2b70563bc4efc69753f86cc56fc8081b9306497b2a1c707ed6b617b3a2b0ccd,,gun_shot,us8k:145683-6-4-0.wav,2,corpus_metadata:UrbanSound8K urban field recordings,urbansound8k_v1,145683-6-4-0.wav,https://creativecommons.org/licenses/by/4.0/
SS-GUN-0620,originals/gunshot/SS-GUN-0620.wav,Gunshot,UrbanSound8K (urban sound slices),https://urbansounddataset.weebly.com/urbansound8k.html,CC-BY-4.0,"Justin Salamon, Duncan Jacoby, Juan Pablo Bello",2026-09-24,0.5,96000,2,field,,n/a,original,,,,995578143d019aeda68203cb9110b8a3c18a6d07636165576076f4c4eefe2ba2,,gun_shot,us8k:145683-6-5-0.wav,2,corpus_metadata:UrbanSound8K urban field recordings,urbansound8k_v1,145683-6-5-0.wav,https://creativecommons.org/licenses/by/4.0/
SS-GUN-0621,originals/gunshot/SS-GUN-0621.wav,Gunshot,UrbanSound8K (urban sound slices),https://urbansounddataset.weebly.com/urbansound8k.html,CC-BY-4.0,"Justin Salamon, Duncan Jacoby, Juan Pablo Bello",2026-09-24,1.29,44100,2,field,,n/a,original,,,,97116c01671a3ab94d9d2ca21e63a3fdf23d1fefa4e939c74ed310ebfedc2222,,gun_shot,us8k:147317-6-0-0.wav,1,corpus_metadata:UrbanSound8K urban field recordings,urbansound8k_v1,147317-6-0-0.wav,https://creativecommons.org/licenses/by/4.0/
SS-GUN-0622,originals/gunshot/SS-GUN-0622.wav,Gunshot,UrbanSound8K (urban sound slices),https://urbansounddataset.weebly.com/urbansound8k.html,CC-BY-4.0,"Justin Salamon, Duncan Jacoby, Juan Pablo Bello",2026-09-24,1.02,44100,2,field,,n/a,original,,,,6b25044312dcbd770cb81a43968a57f9eb1f8f2d067c8dd6558e636d39e89407,,gun_shot,us8k:148166-6-0-0.wav,1,corpus_metadata:UrbanSound8K urban field recordings,urbansound8k_v1,148166-6-0-0.wav,https://creativecommons.org/licenses/by/4.0/
SS-GUN-0623,originals/gunshot/SS-GUN-0623.wav,Gunshot,UrbanSound8K (urban sound slices),https://urbansounddataset.weebly.com/urbansound8k.html,CC-BY-4.0,"Justin Salamon, Duncan Jacoby, Juan Pablo Bello",2026-09-24,0.95,44100,2,field,,n/a,original,,,,79f2f9ed972cafb4961777267ceb0013a6d017652c41faa0131892ad325eddfe,,gun_shot,us8k:148827-6-0-0.wav,1,corpus_metadata:UrbanSound8K urban field recordings,urbansound8k_v1,148827-6-0-0.wav,https://creativecommons.org/licenses/by/4.0/
SS-GUN-0624,originals/gunshot/SS-GUN-0624.wav,Gunshot,UrbanSound8K (urban sound slices),https://urbansounddataset.weebly.com/urbansound8k.html,CC-BY-4.0,"Justin Salamon, Duncan Jacoby, Juan Pablo Bello",2026-09-24,0.786,44100,2,field,,n/a,original,,,,c82f9af6fa9fc1339319d8c0a0af61e4794bc564d80e3fc036393307c14dcf14,,gun_shot,us8k:148827-6-1-0.wav,1,corpus_metadata:UrbanSound8K urban field recordings,urbansound8k_v1,148827-6-1-0.wav,https://creativecommons.org/licenses/by/4.0/
SS-GUN-0625,originals/gunshot/SS-GUN-0625.wav,Gunshot,UrbanSound8K (urban sound slices),https://urbansounddataset.weebly.com/urbansound8k.html,CC-BY-4.0,"Justin Salamon, Duncan Jacoby, Juan Pablo Bello",2026-09-24,0.77,44100,2,field,,n/a,original,,,,678a4edf6d287f99bd4cc0718d9e57e63c84148f34d730c208dcd8b752a106bf,,gun_shot,us8k:148827-6-2-0.wav,1,corpus_metadata:UrbanSound8K urban field recordings,urbansound8k_v1,148827-6-2-0.wav,https://creativecommons.org/licenses/by/4.0/
SS-GUN-0626,originals/gunshot/SS-GUN-0626.wav,Gunshot,UrbanSound8K (urban sound slices),https://urbansounddataset.weebly.com/urbansound8k.html,CC-BY-4.0,"Justin Salamon, Duncan Jacoby, Juan Pablo Bello",2026-09-24,1.018,44100,2,field,,n/a,original,,,,5e7811415d93e80db83a3bcddd62e8abbcdbe9e4b44b6190fb5e4f9edbcfae45,,gun_shot,us8k:148827-6-3-0.wav,1,corpus_metadata:UrbanSound8K urban field recordings,urbansound8k_v1,148827-6-3-0.wav,https://creativecommons.org/licenses/by/4.0/
SS-GUN-0627,originals/gunshot/SS-GUN-0627.wav,Gunshot,UrbanSound8K (urban sound slices),https://urbansounddataset.weebly.com/urbansound8k.html,CC-BY-4.0,"Justin Salamon, Duncan Jacoby, Juan Pablo Bello",2026-09-24,0.54,44100,2,field,,n/a,original,,,,e8b169b1b9840c40e01673f071420d6ff1ffea2a3cdf05c5a222d6dea804df94,,gun_shot,us8k:148827-6-4-0.wav,1,corpus_metadata:UrbanSound8K urban field recordings,urbansound8k_v1,148827-6-4-0.wav,https://creativecommons.org/licenses/by/4.0/
SS-GUN-0628,originals/gunshot/SS-GUN-0628.wav,Gunshot,UrbanSound8K (urban sound slices),https://urbansounddataset.weebly.com/urbansound8k.html,CC-BY-4.0,"Justin Salamon, Duncan Jacoby, Juan Pablo Bello",2026-09-24,1.148,44100,2,field,,n/a,original,,,,c344484fb70f01f6ede6987e67d343848bba2934a17344f45ba54beb4fa640f1,,gun_shot,us8k:148828-6-0-0.wav,1,corpus_metadata:UrbanSound8K urban field recordings,urbansound8k_v1,148828-6-0-0.wav,https://creativecommons.org/licenses/by/4.0/
SS-GUN-0629,originals/gunshot/SS-GUN-0629.wav,Gunshot,UrbanSound8K (urban sound slices),https://urbansounddataset.weebly.com/urbansound8k.html,CC-BY-4.0,"Justin Salamon, Duncan Jacoby, Juan Pablo Bello",2026-09-24,1.09,44100,2,field,,n/a,original,,,,9ab17611c48d5e60ee55ce4f97084acc8917c3007cc111e615589b5537c517e5,,gun_shot,us8k:148828-6-1-0.wav,1,corpus_metadata:UrbanSound8K urban field recordings,urbansound8k_v1,148828-6-1-0.wav,https://creativecommons.org/licenses/by/4.0/
SS-GUN-0630,originals/gunshot/SS-GUN-0630.wav,Gunshot,UrbanSound8K (urban sound slices),https://urbansounddataset.weebly.com/urbansound8k.html,CC-BY-4.0,"Justin Salamon, Duncan Jacoby, Juan Pablo Bello",2026-09-24,1.478,44100,2,field,,n/a,original,,,,fd5294d772b8875dd13973852a8b0326064c896712500b8205a3e599a4828cfe,,gun_shot,us8k:148833-6-0-0.wav,1,corpus_metadata:UrbanSound8K urban field recordings,urbansound8k_v1,148833-6-0-0.wav,https://creativecommons.org/licenses/by/4.0/
SS-GUN-0631,originals/gunshot/SS-GUN-0631.wav,Gunshot,UrbanSound8K (urban sound slices),https://urbansounddataset.weebly.com/urbansound8k.html,CC-BY-4.0,"Justin Salamon, Duncan Jacoby, Juan Pablo Bello",2026-09-24,1.88,44100,2,field,,n/a,original,,,,f41ea459e388df75535c4a82dda4f07dc8805f36e855f4daae753ca7c76cd444,,gun_shot,us8k:148833-6-1-0.wav,1,corpus_metadata:UrbanSound8K urban field recordings,urbansound8k_v1,148833-6-1-0.wav,https://creativecommons.org/licenses/by/4.0/
SS-GUN-0632,originals/gunshot/SS-GUN-0632.wav,Gunshot,UrbanSound8K (urban sound slices),https://urbansounddataset.weebly.com/urbansound8k.html,CC-BY-4.0,"Justin Salamon, Duncan Jacoby, Juan Pablo Bello",2026-09-24,0.66,44100,2,field,,n/a,original,,,,9c9e9e6772bbdc6825c2168eb5c192890c362b7a9b4008ade3a2f660afb3ee1f,,gun_shot,us8k:148834-6-0-0.wav,1,corpus_metadata:UrbanSound8K urban field recordings,urbansound8k_v1,148834-6-0-0.wav,https://creativecommons.org/licenses/by/4.0/
SS-GUN-0633,originals/gunshot/SS-GUN-0633.wav,Gunshot,UrbanSound8K (urban sound slices),https://urbansounddataset.weebly.com/urbansound8k.html,CC-BY-4.0,"Justin Salamon, Duncan Jacoby, Juan Pablo Bello",2026-09-24,0.819,44100,2,field,,n/a,original,,,,4c8ffdcaad581a20470a824765d2ecf6ea3e80c7e292c80c52e090a5d9b17642,,gun_shot,us8k:148835-6-0-0.wav,1,corpus_metadata:UrbanSound8K urban field recordings,urbansound8k_v1,148835-6-0-0.wav,https://creativecommons.org/licenses/by/4.0/
SS-GUN-0634,originals/gunshot/SS-GUN-0634.wav,Gunshot,UrbanSound8K (urban sound slices),https://urbansounddataset.weebly.com/urbansound8k.html,CC-BY-4.0,"Justin Salamon, Duncan Jacoby, Juan Pablo Bello",2026-09-24,0.94,44100,2,field,,n/a,original,,,,89d0be4a6247ee5361e2a776191436f48d16e8c525818fe223735277a601e40f,,gun_shot,us8k:148835-6-1-0.wav,1,corpus_metadata:UrbanSound8K urban field recordings,urbansound8k_v1,148835-6-1-0.wav,https://creativecommons.org/licenses/by/4.0/
SS-GUN-0635,originals/gunshot/SS-GUN-0635.wav,Gunshot,UrbanSound8K (urban sound slices),https://urbansounddataset.weebly.com/urbansound8k.html,CC-BY-4.0,"Justin Salamon, Duncan Jacoby, Juan Pablo Bello",2026-09-24,1.27,44100,2,field,,n/a,original,,,,6b654d5869b3f9a9f463fb034c0d50c6a7b4909a3e7829e4b59c17f9aa0c271f,,gun_shot,us8k:148835-6-2-0.wav,1,corpus_metadata:UrbanSound8K urban field recordings,urbansound8k_v1,148835-6-2-0.wav,https://creativecommons.org/licenses/by/4.0/
SS-GUN-0636,originals/gunshot/SS-GUN-0636.wav,Gunshot,UrbanSound8K (urban sound slices),https://urbansounddataset.weebly.com/urbansound8k.html,CC-BY-4.0,"Justin Salamon, Duncan Jacoby, Juan Pablo Bello",2026-09-24,1.49,44100,2,field,,n/a,original,,,,9ea3d9caeaae878f4d214701544426498b0471db089e9e8bc8fb0458fd3fce7c,,gun_shot,us8k:148835-6-3-0.wav,1,corpus_metadata:UrbanSound8K urban field recordings,urbansound8k_v1,148835-6-3-0.wav,https://creativecommons.org/licenses/by/4.0/
SS-GUN-0637,originals/gunshot/SS-GUN-0637.wav,Gunshot,UrbanSound8K (urban sound slices),https://urbansounddataset.weebly.com/urbansound8k.html,CC-BY-4.0,"Justin Salamon, Duncan Jacoby, Juan Pablo Bello",2026-09-24,0.7,44100,2,field,,n/a,original,,,,7332ffac56a5ccc98c9d7a1ed254e914fe8ed538884e604e63f766ee8b912a8a,,gun_shot,us8k:148835-6-4-0.wav,1,corpus_metadata:UrbanSound8K urban field recordings,urbansound8k_v1,148835-6-4-0.wav,https://creativecommons.org/licenses/by/4.0/
SS-GUN-0638,originals/gunshot/SS-GUN-0638.wav,Gunshot,UrbanSound8K (urban sound slices),https://urbansounddataset.weebly.com/urbansound8k.html,CC-BY-4.0,"Justin Salamon, Duncan Jacoby, Juan Pablo Bello",2026-09-24,1.208,44100,2,field,,n/a,original,,,,b6016ae57304e66804e1544dfd0c3a6c3e7a474eebd79eab4f56f792f62b4539,,gun_shot,us8k:148837-6-0-0.wav,1,corpus_metadata:UrbanSound8K urban field recordings,urbansound8k_v1,148837-6-0-0.wav,https://creativecommons.org/licenses/by/4.0/
SS-GUN-0639,originals/gunshot/SS-GUN-0639.wav,Gunshot,UrbanSound8K (urban sound slices),https://urbansounddataset.weebly.com/urbansound8k.html,CC-BY-4.0,"Justin Salamon, Duncan Jacoby, Juan Pablo Bello",2026-09-24,1.187,44100,2,field,,n/a,original,,,,9ee4e384e5dc4454a85bcdd4ee87fd7c49eac547a47a88b5831604ba9d5361ee,,gun_shot,us8k:148837-6-1-0.wav,1,corpus_metadata:UrbanSound8K urban field recordings,urbansound8k_v1,148837-6-1-0.wav,https://creativecommons.org/licenses/by/4.0/
SS-GUN-0640,originals/gunshot/SS-GUN-0640.wav,Gunshot,UrbanSound8K (urban sound slices),https://urbansounddataset.weebly.com/urbansound8k.html,CC-BY-4.0,"Justin Salamon, Duncan Jacoby, Juan Pablo Bello",2026-09-24,1.46,44100,2,field,,n/a,original,,,,ab88727c5723f51488f15b8a8bc3972f254b02a4e9ed5a561bb68930e0e1f7be,,gun_shot,us8k:148837-6-2-0.wav,1,corpus_metadata:UrbanSound8K urban field recordings,urbansound8k_v1,148837-6-2-0.wav,https://creativecommons.org/licenses/by/4.0/
SS-GUN-0641,originals/gunshot/SS-GUN-0641.wav,Gunshot,UrbanSound8K (urban sound slices),https://urbansounddataset.weebly.com/urbansound8k.html,CC-BY-4.0,"Justin Salamon, Duncan Jacoby, Juan Pablo Bello",2026-09-24,1.02,44100,2,field,,n/a,original,,,,00515724dbba7b287e727e81d92b02f228261d9e6f3fe29fda0b345e85ec260c,,gun_shot,us8k:148838-6-0-0.wav,1,corpus_metadata:UrbanSound8K urban field recordings,urbansound8k_v1,148838-6-0-0.wav,https://creativecommons.org/licenses/by/4.0/
SS-GUN-0642,originals/gunshot/SS-GUN-0642.wav,Gunshot,UrbanSound8K (urban sound slices),https://urbansounddataset.weebly.com/urbansound8k.html,CC-BY-4.0,"Justin Salamon, Duncan Jacoby, Juan Pablo Bello",2026-09-24,1.206,44100,2,field,,n/a,original,,,,2fcbe6743887b605b86a028729cbf38528d84b18c5820e3d4a7cbae735d60622,,gun_shot,us8k:148838-6-1-0.wav,1,corpus_metadata:UrbanSound8K urban field recordings,urbansound8k_v1,148838-6-1-0.wav,https://creativecommons.org/licenses/by/4.0/
SS-GUN-0643,originals/gunshot/SS-GUN-0643.wav,Gunshot,UrbanSound8K (urban sound slices),https://urbansounddataset.weebly.com/urbansound8k.html,CC-BY-4.0,"Justin Salamon, Duncan Jacoby, Juan Pablo Bello",2026-09-24,1.2,44100,2,field,,n/a,original,,,,eb0c0fecc798af2f97a3e963d348edcc34ad2e1b155bb3af63ea70ebac4853a5,,gun_shot,us8k:148838-6-2-0.wav,1,corpus_metadata:UrbanSound8K urban field recordings,urbansound8k_v1,148838-6-2-0.wav,https://creativecommons.org/licenses/by/4.0/
SS-GUN-0644,originals/gunshot/SS-GUN-0644.wav,Gunshot,UrbanSound8K (urban sound slices),https://urbansounddataset.weebly.com/urbansound8k.html,CC-BY-4.0,"Justin Salamon, Duncan Jacoby, Juan Pablo Bello",2026-09-24,1.52,44100,2,field,,n/a,original,,,,7fe6e31f369b9d00069e7a2adff92e95e4903b7d3c41722ce1cb6a12257b4395,,gun_shot,us8k:148841-6-0-0.wav,1,corpus_metadata:UrbanSound8K urban field recordings,urbansound8k_v1,148841-6-0-0.wav,https://creativecommons.org/licenses/by/4.0/
SS-GUN-0645,originals/gunshot/SS-GUN-0645.wav,Gunshot,UrbanSound8K (urban sound slices),https://urbansounddataset.weebly.com/urbansound8k.html,CC-BY-4.0,"Justin Salamon, Duncan Jacoby, Juan Pablo Bello",2026-09-24,1.33,44100,2,field,,n/a,original,,,,56244958343343afc25c3b669789b3ee720981a25648c4b867600ffc7564257d,,gun_shot,us8k:148841-6-1-0.wav,1,corpus_metadata:UrbanSound8K urban field recordings,urbansound8k_v1,148841-6-1-0.wav,https://creativecommons.org/licenses/by/4.0/
SS-GUN-0646,originals/gunshot/SS-GUN-0646.wav,Gunshot,UrbanSound8K (urban sound slices),https://urbansounddataset.weebly.com/urbansound8k.html,CC-BY-4.0,"Justin Salamon, Duncan Jacoby, Juan Pablo Bello",2026-09-24,1.656,44100,2,field,,n/a,original,,,,8c788080c09f02d9603bcb4e1f1c977e0e4c52611535d73c29be07d7916927fa,,gun_shot,us8k:148841-6-2-0.wav,1,corpus_metadata:UrbanSound8K urban field recordings,urbansound8k_v1,148841-6-2-0.wav,https://creativecommons.org/licenses/by/4.0/
SS-GUN-0647,originals/gunshot/SS-GUN-0647.wav,Gunshot,UrbanSound8K (urban sound slices),https://urbansounddataset.weebly.com/urbansound8k.html,CC-BY-4.0,"Justin Salamon, Duncan Jacoby, Juan Pablo Bello",2026-09-24,0.817,44100,1,field,,n/a,original,,,,b170ec0511e0331cf4c43155ae7cf6c20dde0adffdce28cacfe72315a343b0c1,,gun_shot,us8k:149177-6-0-0.wav,1,corpus_metadata:UrbanSound8K urban field recordings,urbansound8k_v1,149177-6-0-0.wav,https://creativecommons.org/licenses/by/4.0/
SS-GUN-0648,originals/gunshot/SS-GUN-0648.wav,Gunshot,UrbanSound8K (urban sound slices),https://urbansounddataset.weebly.com/urbansound8k.html,CC-BY-4.0,"Justin Salamon, Duncan Jacoby, Juan Pablo Bello",2026-09-24,1.596,44100,1,field,,n/a,original,,,,df52846bfbca05fa39e812afd478d2c849e36f90a941dc39145b6967cae45c26,,gun_shot,us8k:151065-6-0-0.wav,1,corpus_metadata:UrbanSound8K urban field recordings,urbansound8k_v1,151065-6-0-0.wav,https://creativecommons.org/licenses/by/4.0/
SS-GUN-0649,originals/gunshot/SS-GUN-0649.wav,Gunshot,UrbanSound8K (urban sound slices),https://urbansounddataset.weebly.com/urbansound8k.html,CC-BY-4.0,"Justin Salamon, Duncan Jacoby, Juan Pablo Bello",2026-09-24,1.85,44100,1,field,,n/a,original,,,,c464af64316148310af2d7abed1b78ef876796bc343f07da211fda52143b9caf,,gun_shot,us8k:151069-6-0-0.wav,1,corpus_metadata:UrbanSound8K urban field recordings,urbansound8k_v1,151069-6-0-0.wav,https://creativecommons.org/licenses/by/4.0/
SS-GUN-0650,originals/gunshot/SS-GUN-0650.wav,Gunshot,UrbanSound8K (urban sound slices),https://urbansounddataset.weebly.com/urbansound8k.html,CC-BY-4.0,"Justin Salamon, Duncan Jacoby, Juan Pablo Bello",2026-09-24,1.74,44100,1,field,,n/a,original,,,,8d0b49a7a7c1963198af8148e479801e622c41ce84c57ee836ffe2210c72bf02,,gun_shot,us8k:151071-6-0-0.wav,1,corpus_metadata:UrbanSound8K urban field recordings,urbansound8k_v1,151071-6-0-0.wav,https://creativecommons.org/licenses/by/4.0/
SS-MAC-0501,originals/machinery_fault/SS-MAC-0501.wav,Machinery Fault,ESC-50 (Environmental Sound Classification),https://github.com/karolpiczak/ESC-50,CC-BY-4.0,Karol J. Piczak,2026-09-24,5.0,44100,1,field,,n/a,original,,,,f97e97b0fe0afce323d858503b6fa3ffd6c8cb1162c43cf3b24461300fb9abf6,,vacuum_cleaner,esc50:1-100210-A-36.wav,,corpus_metadata:ESC-50 field recordings (Freesound clips),esc50_v1,1-100210-A-36.wav,https://github.com/karolpiczak/ESC-50/blob/master/LICENSE
SS-MAC-0502,originals/machinery_fault/SS-MAC-0502.wav,Machinery Fault,ESC-50 (Environmental Sound Classification),https://github.com/karolpiczak/ESC-50,CC-BY-4.0,Karol J. Piczak,2026-09-24,5.0,44100,1,field,,n/a,original,,,,acfdccbb58647655b9b63ab5574c178783b969f56e05933f115ae4dd1878a524,,vacuum_cleaner,esc50:1-100210-B-36.wav,,corpus_metadata:ESC-50 field recordings (Freesound clips),esc50_v1,1-100210-B-36.wav,https://github.com/karolpiczak/ESC-50/blob/master/LICENSE
SS-MAC-0503,originals/machinery_fault/SS-MAC-0503.wav,Machinery Fault,ESC-50 (Environmental Sound Classification),https://github.com/karolpiczak/ESC-50,CC-BY-4.0,Karol J. Piczak,2026-09-24,5.0,44100,1,field,,n/a,original,,,,1199ff6d4f5040bf20f06a441276bcd6448b1e1de4f098ce3e47d856ee97ce33,,chainsaw,esc50:1-116765-A-41.wav,,corpus_metadata:ESC-50 field recordings (Freesound clips),esc50_v1,1-116765-A-41.wav,https://github.com/karolpiczak/ESC-50/blob/master/LICENSE
SS-MAC-0504,originals/machinery_fault/SS-MAC-0504.wav,Machinery Fault,ESC-50 (Environmental Sound Classification),https://github.com/karolpiczak/ESC-50,CC-BY-4.0,Karol J. Piczak,2026-09-24,5.0,44100,1,field,,n/a,original,,,,23ad50d792907e1caa894e6e31bb623938ae0417606b830b433da11ca2ecb2f4,,helicopter,esc50:1-172649-A-40.wav,,corpus_metadata:ESC-50 field recordings (Freesound clips),esc50_v1,1-172649-A-40.wav,https://github.com/karolpiczak/ESC-50/blob/master/LICENSE
SS-MAC-0505,originals/machinery_fault/SS-MAC-0505.wav,Machinery Fault,ESC-50 (Environmental Sound Classification),https://github.com/karolpiczak/ESC-50,CC-BY-4.0,Karol J. Piczak,2026-09-24,5.0,44100,1,field,,n/a,original,,,,ca32a4cd05246a83b4ede5ecd48d05de0fd026169002f786f28de7eaa3693630,,helicopter,esc50:1-172649-B-40.wav,,corpus_metadata:ESC-50 field recordings (Freesound clips),esc50_v1,1-172649-B-40.wav,https://github.com/karolpiczak/ESC-50/blob/master/LICENSE
SS-MAC-0506,originals/machinery_fault/SS-MAC-0506.wav,Machinery Fault,ESC-50 (Environmental Sound Classification),https://github.com/karolpiczak/ESC-50,CC-BY-4.0,Karol J. Piczak,2026-09-24,5.0,44100,1,field,,n/a,original,,,,9bc5e8a84cc1beb275a81d8041faaf0c6b0681c6a6962972c85e5c8e54a03a89,,helicopter,esc50:1-172649-C-40.wav,,corpus_metadata:ESC-50 field recordings (Freesound clips),esc50_v1,1-172649-C-40.wav,https://github.com/karolpiczak/ESC-50/blob/master/LICENSE
SS-MAC-0507,originals/machinery_fault/SS-MAC-0507.wav,Machinery Fault,ESC-50 (Environmental Sound Classification),https://github.com/karolpiczak/ESC-50,CC-BY-4.0,Karol J. Piczak,2026-09-24,5.0,44100,1,field,,n/a,original,,,,0c742933bef2f80b0bde223bbd00bf92013b0130fc0ebfb139d873774118af6f,,helicopter,esc50:1-172649-D-40.wav,,corpus_metadata:ESC-50 field recordings (Freesound clips),esc50_v1,1-172649-D-40.wav,https://github.com/karolpiczak/ESC-50/blob/master/LICENSE
SS-MAC-0508,originals/machinery_fault/SS-MAC-0508.wav,Machinery Fault,ESC-50 (Environmental Sound Classification),https://github.com/karolpiczak/ESC-50,CC-BY-4.0,Karol J. Piczak,2026-09-24,5.0,44100,1,field,,n/a,original,,,,2fa49f370f70849805b2467339431682860ac025c2beccfd4afaaa9939dc63c7,,helicopter,esc50:1-172649-E-40.wav,,corpus_metadata:ESC-50 field recordings (Freesound clips),esc50_v1,1-172649-E-40.wav,https://github.com/karolpiczak/ESC-50/blob/master/LICENSE
SS-MAC-0509,originals/machinery_fault/SS-MAC-0509.wav,Machinery Fault,ESC-50 (Environmental Sound Classification),https://github.com/karolpiczak/ESC-50,CC-BY-4.0,Karol J. Piczak,2026-09-24,5.0,44100,1,field,,n/a,original,,,,02635aac12a85ba006c6558dd11246a2afed7e123cc42c3e14a5ab4081a22d71,,helicopter,esc50:1-172649-F-40.wav,,corpus_metadata:ESC-50 field recordings (Freesound clips),esc50_v1,1-172649-F-40.wav,https://github.com/karolpiczak/ESC-50/blob/master/LICENSE
SS-MAC-0510,originals/machinery_fault/SS-MAC-0510.wav,Machinery Fault,ESC-50 (Environmental Sound Classification),https://github.com/karolpiczak/ESC-50,CC-BY-4.0,Karol J. Piczak,2026-09-24,5.0,44100,1,field,,n/a,original,,,,5faf5c216d7573ba4f0a07c5495d3666925c5287b97752341661614ea68d87dd,,helicopter,esc50:1-181071-A-40.wav,,corpus_metadata:ESC-50 field recordings (Freesound clips),esc50_v1,1-181071-A-40.wav,https://github.com/karolpiczak/ESC-50/blob/master/LICENSE
SS-MAC-0511,originals/machinery_fault/SS-MAC-0511.wav,Machinery Fault,ESC-50 (Environmental Sound Classification),https://github.com/karolpiczak/ESC-50,CC-BY-4.0,Karol J. Piczak,2026-09-24,5.0,44100,1,field,,n/a,original,,,,6727248f265e7f9d179c6b72e85f8d2cbc4a31edcac27492036422116bb1673d,,helicopter,esc50:1-181071-B-40.wav,,corpus_metadata:ESC-50 field recordings (Freesound clips),esc50_v1,1-181071-B-40.wav,https://github.com/karolpiczak/ESC-50/blob/master/LICENSE
SS-MAC-0512,originals/machinery_fault/SS-MAC-0512.wav,Machinery Fault,ESC-50 (Environmental Sound Classification),https://github.com/karolpiczak/ESC-50,CC-BY-4.0,Karol J. Piczak,2026-09-24,5.0,44100,1,field,,n/a,original,,,,83eb3e6065246fd87d1acbbe414aa5bfb7c2081a57c188713cdc017819ffc38f,,engine,esc50:1-18527-A-44.wav,,corpus_metadata:ESC-50 field recordings (Freesound clips),esc50_v1,1-18527-A-44.wav,https://github.com/karolpiczak/ESC-50/blob/master/LICENSE
SS-MAC-0513,originals/machinery_fault/SS-MAC-0513.wav,Machinery Fault,ESC-50 (Environmental Sound Classification),https://github.com/karolpiczak/ESC-50,CC-BY-4.0,Karol J. Piczak,2026-09-24,5.0,44100,1,field,,n/a,original,,,,40f0ab8a2fa68cbdf814f10fc8b2c26916b3dc54c1b0e719d4697ba58c0bdb81,,engine,esc50:1-18527-B-44.wav,,corpus_metadata:ESC-50 field recordings (Freesound clips),esc50_v1,1-18527-B-44.wav,https://github.com/karolpiczak/ESC-50/blob/master/LICENSE
SS-MAC-0514,originals/machinery_fault/SS-MAC-0514.wav,Machinery Fault,ESC-50 (Environmental Sound Classification),https://github.com/karolpiczak/ESC-50,CC-BY-4.0,Karol J. Piczak,2026-09-24,5.0,44100,1,field,,n/a,original,,,,f3597d925f71cc6a85f03cd08edeed6657b5433d70c229484d8f6cc0236e9df8,,hand_saw,esc50:1-18810-A-49.wav,,corpus_metadata:ESC-50 field recordings (Freesound clips),esc50_v1,1-18810-A-49.wav,https://github.com/karolpiczak/ESC-50/blob/master/LICENSE
SS-MAC-0515,originals/machinery_fault/SS-MAC-0515.wav,Machinery Fault,ESC-50 (Environmental Sound Classification),https://github.com/karolpiczak/ESC-50,CC-BY-4.0,Karol J. Piczak,2026-09-24,5.0,44100,1,field,,n/a,original,,,,d6d58e48005b976207cd6030de5d8976e9e7f4377eab86f790c5473c95ad2dd1,,vacuum_cleaner,esc50:1-19840-A-36.wav,,corpus_metadata:ESC-50 field recordings (Freesound clips),esc50_v1,1-19840-A-36.wav,https://github.com/karolpiczak/ESC-50/blob/master/LICENSE
SS-MAC-0516,originals/machinery_fault/SS-MAC-0516.wav,Machinery Fault,ESC-50 (Environmental Sound Classification),https://github.com/karolpiczak/ESC-50,CC-BY-4.0,Karol J. Piczak,2026-09-24,5.0,44100,1,field,,n/a,original,,,,6f15bb8c669aaf930dfd44ef95920141a2b8d43148f7e29c0f1a7a52f91260d6,,vacuum_cleaner,esc50:1-19872-A-36.wav,,corpus_metadata:ESC-50 field recordings (Freesound clips),esc50_v1,1-19872-A-36.wav,https://github.com/karolpiczak/ESC-50/blob/master/LICENSE
SS-MAC-0517,originals/machinery_fault/SS-MAC-0517.wav,Machinery Fault,ESC-50 (Environmental Sound Classification),https://github.com/karolpiczak/ESC-50,CC-BY-4.0,Karol J. Piczak,2026-09-24,5.0,44100,1,field,,n/a,original,,,,610ae9ac76627cf8c1d655190fffa635979a24d25c5925cbbcf1dc659e323146,,vacuum_cleaner,esc50:1-19872-B-36.wav,,corpus_metadata:ESC-50 field recordings (Freesound clips),esc50_v1,1-19872-B-36.wav,https://github.com/karolpiczak/ESC-50/blob/master/LICENSE
SS-MAC-0518,originals/machinery_fault/SS-MAC-0518.wav,Machinery Fault,ESC-50 (Environmental Sound Classification),https://github.com/karolpiczak/ESC-50,CC-BY-4.0,Karol J. Piczak,2026-09-24,5.0,44100,1,field,,n/a,original,,,,02afa3102978b5fb16f9c6237d90231abb74318873309600f01caf4776746944,,chainsaw,esc50:1-19898-A-41.wav,,corpus_metadata:ESC-50 field recordings (Freesound clips),esc50_v1,1-19898-A-41.wav,https://github.com/karolpiczak/ESC-50/blob/master/LICENSE
SS-MAC-0519,originals/machinery_fault/SS-MAC-0519.wav,Machinery Fault,ESC-50 (Environmental Sound Classification),https://github.com/karolpiczak/ESC-50,CC-BY-4.0,Karol J. Piczak,2026-09-24,5.0,44100,1,field,,n/a,original,,,,cab4735712a7727e16cc1946308f80034c926c59ed467dccf539f39bebe8d61d,,chainsaw,esc50:1-19898-B-41.wav,,corpus_metadata:ESC-50 field recordings (Freesound clips),esc50_v1,1-19898-B-41.wav,https://github.com/karolpiczak/ESC-50/blob/master/LICENSE
SS-MAC-0520,originals/machinery_fault/SS-MAC-0520.wav,Machinery Fault,ESC-50 (Environmental Sound Classification),https://github.com/karolpiczak/ESC-50,CC-BY-4.0,Karol J. Piczak,2026-09-24,5.0,44100,1,field,,n/a,original,,,,04f11bf73d8b4df3c64b523a334f42f44053045478810093bf028fb02a82448e,,chainsaw,esc50:1-19898-C-41.wav,,corpus_metadata:ESC-50 field recordings (Freesound clips),esc50_v1,1-19898-C-41.wav,https://github.com/karolpiczak/ESC-50/blob/master/LICENSE
SS-MAC-0521,originals/machinery_fault/SS-MAC-0521.wav,Machinery Fault,ESC-50 (Environmental Sound Classification),https://github.com/karolpiczak/ESC-50,CC-BY-4.0,Karol J. Piczak,2026-09-24,5.0,44100,1,field,,n/a,original,,,,1b4210c50a01cabab07065a112463fad4f82de60385ef9aaf6316afe7d4b976c,,washing_machine,esc50:1-21896-A-35.wav,,corpus_metadata:ESC-50 field recordings (Freesound clips),esc50_v1,1-21896-A-35.wav,https://github.com/karolpiczak/ESC-50/blob/master/LICENSE
SS-MAC-0522,originals/machinery_fault/SS-MAC-0522.wav,Machinery Fault,ESC-50 (Environmental Sound Classification),https://github.com/karolpiczak/ESC-50,CC-BY-4.0,Karol J. Piczak,2026-09-24,5.0,44100,1,field,,n/a,original,,,,b908257c714fdaa15dddfc814eb497397ada9bee501e8a5c9d6ec7adc325e2d0,,engine,esc50:1-22882-A-44.wav,,corpus_metadata:ESC-50 field recordings (Freesound clips),esc50_v1,1-22882-A-44.wav,https://github.com/karolpiczak/ESC-50/blob/master/LICENSE
SS-MAC-0523,originals/machinery_fault/SS-MAC-0523.wav,Machinery Fault,ESC-50 (Environmental Sound Classification),https://github.com/karolpiczak/ESC-50,CC-BY-4.0,Karol J. Piczak,2026-09-24,5.0,44100,1,field,,n/a,original,,,,578e665791e50b49fd105745ee79e3974b5fe323c7712aad4cd8bce67e21bf76,,hand_saw,esc50:1-23706-A-49.wav,,corpus_metadata:ESC-50 field recordings (Freesound clips),esc50_v1,1-23706-A-49.wav,https://github.com/karolpiczak/ESC-50/blob/master/LICENSE
SS-MAC-0524,originals/machinery_fault/SS-MAC-0524.wav,Machinery Fault,ESC-50 (Environmental Sound Classification),https://github.com/karolpiczak/ESC-50,CC-BY-4.0,Karol J. Piczak,2026-09-24,5.0,44100,1,field,,n/a,original,,,,cbfd9239fcd7e10a936e6836bbcc8c5f391f89b6a1e12dfe159df717e2898657,,washing_machine,esc50:1-23996-A-35.wav,,corpus_metadata:ESC-50 field recordings (Freesound clips),esc50_v1,1-23996-A-35.wav,https://github.com/karolpiczak/ESC-50/blob/master/LICENSE
SS-MAC-0525,originals/machinery_fault/SS-MAC-0525.wav,Machinery Fault,ESC-50 (Environmental Sound Classification),https://github.com/karolpiczak/ESC-50,CC-BY-4.0,Karol J. Piczak,2026-09-24,5.0,44100,1,field,,n/a,original,,,,ca674e8520adea211f45e60eb86ae13f1be91e976afb82427ad61cb814142a2f,,washing_machine,esc50:1-23996-B-35.wav,,corpus_metadata:ESC-50 field recordings (Freesound clips),esc50_v1,1-23996-B-35.wav,https://github.com/karolpiczak/ESC-50/blob/master/LICENSE
SS-MAC-0526,originals/machinery_fault/SS-MAC-0526.wav,Machinery Fault,ESC-50 (Environmental Sound Classification),https://github.com/karolpiczak/ESC-50,CC-BY-4.0,Karol J. Piczak,2026-09-24,5.0,44100,1,field,,n/a,original,,,,e6cad0b77f3204159226c4b12003156401f284a32351b9eacd2051df7f6e8237,,washing_machine,esc50:1-27165-A-35.wav,,corpus_metadata:ESC-50 field recordings (Freesound clips),esc50_v1,1-27165-A-35.wav,https://github.com/karolpiczak/ESC-50/blob/master/LICENSE
SS-MAC-0527,originals/machinery_fault/SS-MAC-0527.wav,Machinery Fault,ESC-50 (Environmental Sound Classification),https://github.com/karolpiczak/ESC-50,CC-BY-4.0,Karol J. Piczak,2026-09-24,5.0,44100,1,field,,n/a,original,,,,eb7e1055a911665a03ac65d7085798b77cfa3e0718c123f93e93b7b07ad34796,,washing_machine,esc50:1-27166-A-35.wav,,corpus_metadata:ESC-50 field recordings (Freesound clips),esc50_v1,1-27166-A-35.wav,https://github.com/karolpiczak/ESC-50/blob/master/LICENSE
SS-MAC-0528,originals/machinery_fault/SS-MAC-0528.wav,Machinery Fault,ESC-50 (Environmental Sound Classification),https://github.com/karolpiczak/ESC-50,CC-BY-4.0,Karol J. Piczak,2026-09-24,5.0,44100,1,field,,n/a,original,,,,b80e92b0c3b019a593601686fb2475e51294dfd9b1a36a1f34ce4e5edd9d5b0a,,washing_machine,esc50:1-32373-A-35.wav,,corpus_metadata:ESC-50 field recordings (Freesound clips),esc50_v1,1-32373-A-35.wav,https://github.com/karolpiczak/ESC-50/blob/master/LICENSE
SS-MAC-0529,originals/machinery_fault/SS-MAC-0529.wav,Machinery Fault,ESC-50 (Environmental Sound Classification),https://github.com/karolpiczak/ESC-50,CC-BY-4.0,Karol J. Piczak,2026-09-24,5.0,44100,1,field,,n/a,original,,,,d95a3f2c66f1f15f81c2526a3102ab0480aa012a538dcb95660df5e9055537c0,,washing_machine,esc50:1-32373-B-35.wav,,corpus_metadata:ESC-50 field recordings (Freesound clips),esc50_v1,1-32373-B-35.wav,https://github.com/karolpiczak/ESC-50/blob/master/LICENSE
SS-MAC-0530,originals/machinery_fault/SS-MAC-0530.wav,Machinery Fault,ESC-50 (Environmental Sound Classification),https://github.com/karolpiczak/ESC-50,CC-BY-4.0,Karol J. Piczak,2026-09-24,5.0,44100,1,field,,n/a,original,,,,0a1d6325dc5bb88e18e18295cb7beb5a074ae34ea062df2d8f06013412a6aedc,,hand_saw,esc50:1-46353-A-49.wav,,corpus_metadata:ESC-50 field recordings (Freesound clips),esc50_v1,1-46353-A-49.wav,https://github.com/karolpiczak/ESC-50/blob/master/LICENSE
SS-MAC-0531,originals/machinery_fault/SS-MAC-0531.wav,Machinery Fault,ESC-50 (Environmental Sound Classification),https://github.com/karolpiczak/ESC-50,CC-BY-4.0,Karol J. Piczak,2026-09-24,5.0,44100,1,field,,n/a,original,,,,2ce9931568a6e0ddf3cf840988ffd2af6fe3be62012a1f865e18180fb2b0f21e,,vacuum_cleaner,esc50:1-46744-A-36.wav,,corpus_metadata:ESC-50 field recordings (Freesound clips),esc50_v1,1-46744-A-36.wav,https://github.com/karolpiczak/ESC-50/blob/master/LICENSE
SS-MAC-0532,originals/machinery_fault/SS-MAC-0532.wav,Machinery Fault,ESC-50 (Environmental Sound Classification),https://github.com/karolpiczak/ESC-50,CC-BY-4.0,Karol J. Piczak,2026-09-24,5.0,44100,1,field,,n/a,original,,,,81312e10f426ae6312c29a97fd4227ef36bcae323c520ddff4b8e890d458772d,,chainsaw,esc50:1-47250-A-41.wav,,corpus_metadata:ESC-50 field recordings (Freesound clips),esc50_v1,1-47250-A-41.wav,https://github.com/karolpiczak/ESC-50/blob/master/LICENSE
SS-MAC-0533,originals/machinery_fault/SS-MAC-0533.wav,Machinery Fault,ESC-50 (Environmental Sound Classification),https://github.com/karolpiczak/ESC-50,CC-BY-4.0,Karol J. Piczak,2026-09-24,5.0,44100,1,field,,n/a,original,,,,25cd4254bfe2be5d1d4674161a8dbc16635fd658cdd1b7bac80510099911f3c5,,chainsaw,esc50:1-47250-B-41.wav,,corpus_metadata:ESC-50 field recordings (Freesound clips),esc50_v1,1-47250-B-41.wav,https://github.com/karolpiczak/ESC-50/blob/master/LICENSE
SS-MAC-0534,originals/machinery_fault/SS-MAC-0534.wav,Machinery Fault,ESC-50 (Environmental Sound Classification),https://github.com/karolpiczak/ESC-50,CC-BY-4.0,Karol J. Piczak,2026-09-24,5.0,44100,1,field,,n/a,original,,,,14c76b96653f5a54cc7615b05bc2bd942f09dbfeb6096c6de6649306bbd0c820,,washing_machine,esc50:1-49098-A-35.wav,,corpus_metadata:ESC-50 field recordings (Freesound clips),esc50_v1,1-49098-A-35.wav,https://github.com/karolpiczak/ESC-50/blob/master/LICENSE
SS-MAC-0535,originals/machinery_fault/SS-MAC-0535.wav,Machinery Fault,ESC-50 (Environmental Sound Classification),https://github.com/karolpiczak/ESC-50,CC-BY-4.0,Karol J. Piczak,2026-09-24,5.0,44100,1,field,,n/a,original,,,,8110a6df1a30a16513c9516caf46dd34b9ae516dd28982e521019ad99831bcfa,,engine,esc50:1-50454-A-44.wav,,corpus_metadata:ESC-50 field recordings (Freesound clips),esc50_v1,1-50454-A-44.wav,https://github.com/karolpiczak/ESC-50/blob/master/LICENSE
SS-MAC-0536,originals/machinery_fault/SS-MAC-0536.wav,Machinery Fault,ESC-50 (Environmental Sound Classification),https://github.com/karolpiczak/ESC-50,CC-BY-4.0,Karol J. Piczak,2026-09-24,5.0,44100,1,field,,n/a,original,,,,cb823cc6d4de1cf3e8173938ffb4ab754a84bd858f9ac180f37a89e695c95f7a,,engine,esc50:1-50455-A-44.wav,,corpus_metadata:ESC-50 field recordings (Freesound clips),esc50_v1,1-50455-A-44.wav,https://github.com/karolpiczak/ESC-50/blob/master/LICENSE
SS-MAC-0537,originals/machinery_fault/SS-MAC-0537.wav,Machinery Fault,ESC-50 (Environmental Sound Classification),https://github.com/karolpiczak/ESC-50,CC-BY-4.0,Karol J. Piczak,2026-09-24,5.0,44100,1,field,,n/a,original,,,,10e7461b7fe455a10bceba5fd6299c5bb4bd73d7138853baa09f04ee777f09a4,,engine,esc50:1-50661-A-44.wav,,corpus_metadata:ESC-50 field recordings (Freesound clips),esc50_v1,1-50661-A-44.wav,https://github.com/karolpiczak/ESC-50/blob/master/LICENSE
SS-MAC-0538,originals/machinery_fault/SS-MAC-0538.wav,Machinery Fault,ESC-50 (Environmental Sound Classification),https://github.com/karolpiczak/ESC-50,CC-BY-4.0,Karol J. Piczak,2026-09-24,5.0,44100,1,field,,n/a,original,,,,b5be86f8883d3deb8ecde4d8bd18ca9264abebd2726439f06684028061ef5dd2,,vacuum_cleaner,esc50:1-60460-A-36.wav,,corpus_metadata:ESC-50 field recordings (Freesound clips),esc50_v1,1-60460-A-36.wav,https://github.com/karolpiczak/ESC-50/blob/master/LICENSE
SS-MAC-0539,originals/machinery_fault/SS-MAC-0539.wav,Machinery Fault,ESC-50 (Environmental Sound Classification),https://github.com/karolpiczak/ESC-50,CC-BY-4.0,Karol J. Piczak,2026-09-24,5.0,44100,1,field,,n/a,original,,,,6f60f274364bab7ca04a1221448efd1c0436292f7dce158eabeafacd338f6065,,engine,esc50:1-61261-A-44.wav,,corpus_metadata:ESC-50 field recordings (Freesound clips),esc50_v1,1-61261-A-44.wav,https://github.com/karolpiczak/ESC-50/blob/master/LICENSE
SS-MAC-0540,originals/machinery_fault/SS-MAC-0540.wav,Machinery Fault,ESC-50 (Environmental Sound Classification),https://github.com/karolpiczak/ESC-50,CC-BY-4.0,Karol J. Piczak,2026-09-24,5.0,44100,1,field,,n/a,original,,,,f1831f884cd66a7cd29180a49ff6efd577149ca50b0b130febf5a95ce16946f5,,engine,esc50:1-62565-A-44.wav,,corpus_metadata:ESC-50 field recordings (Freesound clips),esc50_v1,1-62565-A-44.wav,https://github.com/karolpiczak/ESC-50/blob/master/LICENSE
SS-MAC-0541,originals/machinery_fault/SS-MAC-0541.wav,Machinery Fault,ESC-50 (Environmental Sound Classification),https://github.com/karolpiczak/ESC-50,CC-BY-4.0,Karol J. Piczak,2026-09-24,5.0,44100,1,field,,n/a,original,,,,0bb8b8988b6d398e67e0f896d5acbf28adf1d4bec9d00cb45fb00d430389ad95,,chainsaw,esc50:1-64398-A-41.wav,,corpus_metadata:ESC-50 field recordings (Freesound clips),esc50_v1,1-64398-A-41.wav,https://github.com/karolpiczak/ESC-50/blob/master/LICENSE
SS-MAC-0542,originals/machinery_fault/SS-MAC-0542.wav,Machinery Fault,ESC-50 (Environmental Sound Classification),https://github.com/karolpiczak/ESC-50,CC-BY-4.0,Karol J. Piczak,2026-09-24,5.0,44100,1,field,,n/a,original,,,,fc460220cde3dc9a080da0c1742d38755a25870463bc34d66aec65eb16050fb5,,chainsaw,esc50:1-64398-B-41.wav,,corpus_metadata:ESC-50 field recordings (Freesound clips),esc50_v1,1-64398-B-41.wav,https://github.com/karolpiczak/ESC-50/blob/master/LICENSE
SS-MAC-0543,originals/machinery_fault/SS-MAC-0543.wav,Machinery Fault,ESC-50 (Environmental Sound Classification),https://github.com/karolpiczak/ESC-50,CC-BY-4.0,Karol J. Piczak,2026-09-24,5.0,44100,1,field,,n/a,original,,,,c2a7d2bc06b14b9e9cecaa1e67ab5c0b21e1c1caa9945b853d1b7c9009e3ae8b,,vacuum_cleaner,esc50:1-79236-A-36.wav,,corpus_metadata:ESC-50 field recordings (Freesound clips),esc50_v1,1-79236-A-36.wav,https://github.com/karolpiczak/ESC-50/blob/master/LICENSE
SS-MAC-0544,originals/machinery_fault/SS-MAC-0544.wav,Machinery Fault,ESC-50 (Environmental Sound Classification),https://github.com/karolpiczak/ESC-50,CC-BY-4.0,Karol J. Piczak,2026-09-24,5.0,44100,1,field,,n/a,original,,,,6d71679378b81aca9372f3d22a1c9d0adec9abed91cdb35c555c27c9c31f1dad,,hand_saw,esc50:1-7974-A-49.wav,,corpus_metadata:ESC-50 field recordings (Freesound clips),esc50_v1,1-7974-A-49.wav,https://github.com/karolpiczak/ESC-50/blob/master/LICENSE
SS-MAC-0545,originals/machinery_fault/SS-MAC-0545.wav,Machinery Fault,ESC-50 (Environmental Sound Classification),https://github.com/karolpiczak/ESC-50,CC-BY-4.0,Karol J. Piczak,2026-09-24,5.0,44100,1,field,,n/a,original,,,,27544da8a76fd3efab41b470ec2aa0e78395f1e5fe408c5d2d67890aa94332b0,,hand_saw,esc50:1-7974-B-49.wav,,corpus_metadata:ESC-50 field recordings (Freesound clips),esc50_v1,1-7974-B-49.wav,https://github.com/karolpiczak/ESC-50/blob/master/LICENSE
SS-MAC-0546,originals/machinery_fault/SS-MAC-0546.wav,Machinery Fault,ESC-50 (Environmental Sound Classification),https://github.com/karolpiczak/ESC-50,CC-BY-4.0,Karol J. Piczak,2026-09-24,5.0,44100,1,field,,n/a,original,,,,a58f08da432f03b8516219c3999628ddd92c77afba1af7df02afe1138cb8a779,,hand_saw,esc50:1-9886-A-49.wav,,corpus_metadata:ESC-50 field recordings (Freesound clips),esc50_v1,1-9886-A-49.wav,https://github.com/karolpiczak/ESC-50/blob/master/LICENSE
SS-MAC-0547,originals/machinery_fault/SS-MAC-0547.wav,Machinery Fault,ESC-50 (Environmental Sound Classification),https://github.com/karolpiczak/ESC-50,CC-BY-4.0,Karol J. Piczak,2026-09-24,5.0,44100,1,field,,n/a,original,,,,05835a86a447de42809ec63ad3f0beca153456c9f5e9342a8410aadef65785e1,,hand_saw,esc50:1-9887-A-49.wav,,corpus_metadata:ESC-50 field recordings (Freesound clips),esc50_v1,1-9887-A-49.wav,https://github.com/karolpiczak/ESC-50/blob/master/LICENSE
SS-MAC-0548,originals/machinery_fault/SS-MAC-0548.wav,Machinery Fault,ESC-50 (Environmental Sound Classification),https://github.com/karolpiczak/ESC-50,CC-BY-4.0,Karol J. Piczak,2026-09-24,5.0,44100,1,field,,n/a,original,,,,4a9f5a9c1b017cb798b74665d376e83128af49a8956295021d8d906c625e63f3,,hand_saw,esc50:1-9887-B-49.wav,,corpus_metadata:ESC-50 field recordings (Freesound clips),esc50_v1,1-9887-B-49.wav,https://github.com/karolpiczak/ESC-50/blob/master/LICENSE
SS-MAC-0549,originals/machinery_fault/SS-MAC-0549.wav,Machinery Fault,ESC-50 (Environmental Sound Classification),https://github.com/karolpiczak/ESC-50,CC-BY-4.0,Karol J. Piczak,2026-09-24,5.0,44100,1,field,,n/a,original,,,,fb6a18ab967f87466bb047e0165354e20fb1d33a8a6ea5810fa260645171b26b,,washing_machine,esc50:2-102567-A-35.wav,,corpus_metadata:ESC-50 field recordings (Freesound clips),esc50_v1,2-102567-A-35.wav,https://github.com/karolpiczak/ESC-50/blob/master/LICENSE
SS-MAC-0550,originals/machinery_fault/SS-MAC-0550.wav,Machinery Fault,ESC-50 (Environmental Sound Classification),https://github.com/karolpiczak/ESC-50,CC-BY-4.0,Karol J. Piczak,2026-09-24,5.0,44100,1,field,,n/a,original,,,,f88e6e5e078013025b79671369cbe82dfc05290ae20857746e31b8c04b9d5f01,,washing_machine,esc50:2-102567-B-35.wav,,corpus_metadata:ESC-50 field recordings (Freesound clips),esc50_v1,2-102567-B-35.wav,https://github.com/karolpiczak/ESC-50/blob/master/LICENSE
SS-MAC-0551,originals/machinery_fault/SS-MAC-0551.wav,Machinery Fault,ESC-50 (Environmental Sound Classification),https://github.com/karolpiczak/ESC-50,CC-BY-4.0,Karol J. Piczak,2026-09-24,5.0,44100,1,field,,n/a,original,,,,9fdb8301cd41ff855170092bb932f94f155022e6d60be70debb79be10c663f8f,,washing_machine,esc50:2-102567-C-35.wav,,corpus_metadata:ESC-50 field recordings (Freesound clips),esc50_v1,2-102567-C-35.wav,https://github.com/karolpiczak/ESC-50/blob/master/LICENSE
SS-MAC-0552,originals/machinery_fault/SS-MAC-0552.wav,Machinery Fault,ESC-50 (Environmental Sound Classification),https://github.com/karolpiczak/ESC-50,CC-BY-4.0,Karol J. Piczak,2026-09-24,5.0,44100,1,field,,n/a,original,,,,35bee3117918059a34ba7a793877a3556b4dfe2195d8c838670a0a9700724422,,washing_machine,esc50:2-102567-D-35.wav,,corpus_metadata:ESC-50 field recordings (Freesound clips),esc50_v1,2-102567-D-35.wav,https://github.com/karolpiczak/ESC-50/blob/master/LICENSE
SS-MAC-0553,originals/machinery_fault/SS-MAC-0553.wav,Machinery Fault,ESC-50 (Environmental Sound Classification),https://github.com/karolpiczak/ESC-50,CC-BY-4.0,Karol J. Piczak,2026-09-24,5.0,44100,1,field,,n/a,original,,,,a7a12f573ae83f38afcc845f41b54817c7004de548d3680e10af430612162ce3,,washing_machine,esc50:2-102568-A-35.wav,,corpus_metadata:ESC-50 field recordings (Freesound clips),esc50_v1,2-102568-A-35.wav,https://github.com/karolpiczak/ESC-50/blob/master/LICENSE
SS-MAC-0554,originals/machinery_fault/SS-MAC-0554.wav,Machinery Fault,ESC-50 (Environmental Sound Classification),https://github.com/karolpiczak/ESC-50,CC-BY-4.0,Karol J. Piczak,2026-09-24,5.0,44100,1,field,,n/a,original,,,,b996815242ac0a881ee3f7e5f57f1c11e2254ae0c502014045e44c625e43afc2,,engine,esc50:2-106014-A-44.wav,,corpus_metadata:ESC-50 field recordings (Freesound clips),esc50_v1,2-106014-A-44.wav,https://github.com/karolpiczak/ESC-50/blob/master/LICENSE
SS-MAC-0555,originals/machinery_fault/SS-MAC-0555.wav,Machinery Fault,ESC-50 (Environmental Sound Classification),https://github.com/karolpiczak/ESC-50,CC-BY-4.0,Karol J. Piczak,2026-09-24,5.0,44100,1,field,,n/a,original,,,,f0ba6aad7c9281f54565f01bb64435407705b363f81d67f0d1eab4532b40140c,,engine,esc50:2-106015-A-44.wav,,corpus_metadata:ESC-50 field recordings (Freesound clips),esc50_v1,2-106015-A-44.wav,https://github.com/karolpiczak/ESC-50/blob/master/LICENSE
SS-MAC-0556,originals/machinery_fault/SS-MAC-0556.wav,Machinery Fault,ESC-50 (Environmental Sound Classification),https://github.com/karolpiczak/ESC-50,CC-BY-4.0,Karol J. Piczak,2026-09-24,5.0,44100,1,field,,n/a,original,,,,105471eb1b1921b7c0a2df9b64e1a873bb4fe027fb62201f51d1d0d845983daa,,engine,esc50:2-106015-B-44.wav,,corpus_metadata:ESC-50 field recordings (Freesound clips),esc50_v1,2-106015-B-44.wav,https://github.com/karolpiczak/ESC-50/blob/master/LICENSE
SS-MAC-0557,originals/machinery_fault/SS-MAC-0557.wav,Machinery Fault,ESC-50 (Environmental Sound Classification),https://github.com/karolpiczak/ESC-50,CC-BY-4.0,Karol J. Piczak,2026-09-24,5.0,44100,1,field,,n/a,original,,,,48d6c73a9f124f3d9454d1c93bbd91e088c96e7cc88352419bdad3f73ba499cd,,vacuum_cleaner,esc50:2-106072-A-36.wav,,corpus_metadata:ESC-50 field recordings (Freesound clips),esc50_v1,2-106072-A-36.wav,https://github.com/karolpiczak/ESC-50/blob/master/LICENSE
SS-MAC-0558,originals/machinery_fault/SS-MAC-0558.wav,Machinery Fault,ESC-50 (Environmental Sound Classification),https://github.com/karolpiczak/ESC-50,CC-BY-4.0,Karol J. Piczak,2026-09-24,5.0,44100,1,field,,n/a,original,,,,a578d3c4f74bc96341a041e63e8c3190b2c94d3ec3a306f4b7ac8fbe7e84c828,,vacuum_cleaner,esc50:2-106073-A-36.wav,,corpus_metadata:ESC-50 field recordings (Freesound clips),esc50_v1,2-106073-A-36.wav,https://github.com/karolpiczak/ESC-50/blob/master/LICENSE
SS-MAC-0559,originals/machinery_fault/SS-MAC-0559.wav,Machinery Fault,ESC-50 (Environmental Sound Classification),https://github.com/karolpiczak/ESC-50,CC-BY-4.0,Karol J. Piczak,2026-09-24,5.0,44100,1,field,,n/a,original,,,,e8321d8f39f8ada6f402dfffdad732e4864401ec5359c06c2fa31389a48e22bf,,engine,esc50:2-106486-A-44.wav,,corpus_metadata:ESC-50 field recordings (Freesound clips),esc50_v1,2-106486-A-44.wav,https://github.com/karolpiczak/ESC-50/blob/master/LICENSE
SS-MAC-0560,originals/machinery_fault/SS-MAC-0560.wav,Machinery Fault,ESC-50 (Environmental Sound Classification),https://github.com/karolpiczak/ESC-50,CC-BY-4.0,Karol J. Piczak,2026-09-24,5.0,44100,1,field,,n/a,original,,,,0b00f30a8e3f533b537f080d757e3e63b561ffc7df2c2b590401b9702f83d664,,engine,esc50:2-106487-A-44.wav,,corpus_metadata:ESC-50 field recordings (Freesound clips),esc50_v1,2-106487-A-44.wav,https://github.com/karolpiczak/ESC-50/blob/master/LICENSE
SS-MAC-0561,originals/machinery_fault/SS-MAC-0561.wav,Machinery Fault,ESC-50 (Environmental Sound Classification),https://github.com/karolpiczak/ESC-50,CC-BY-4.0,Karol J. Piczak,2026-09-24,5.0,44100,1,field,,n/a,original,,,,c07111aa13c801afbb81f4d5357865d450e3c4ae8a52ba4746b5f03e32294be3,,engine,esc50:2-107228-A-44.wav,,corpus_metadata:ESC-50 field recordings (Freesound clips),esc50_v1,2-107228-A-44.wav,https://github.com/karolpiczak/ESC-50/blob/master/LICENSE
SS-MAC-0562,originals/machinery_fault/SS-MAC-0562.wav,Machinery Fault,ESC-50 (Environmental Sound Classification),https://github.com/karolpiczak/ESC-50,CC-BY-4.0,Karol J. Piczak,2026-09-24,5.0,44100,1,field,,n/a,original,,,,235a1adc585c4aaaa9447e843783b88e14326b61b68cac0d2b3c11982762e18b,,engine,esc50:2-107228-B-44.wav,,corpus_metadata:ESC-50 field recordings (Freesound clips),esc50_v1,2-107228-B-44.wav,https://github.com/karolpiczak/ESC-50/blob/master/LICENSE
SS-MAC-0563,originals/machinery_fault/SS-MAC-0563.wav,Machinery Fault,ESC-50 (Environmental Sound Classification),https://github.com/karolpiczak/ESC-50,CC-BY-4.0,Karol J. Piczak,2026-09-24,5.0,44100,1,field,,n/a,original,,,,653406b8837c9202bde48dbde333aab65c887a752be0436ace262e0ccd78ae49,,washing_machine,esc50:2-121909-A-35.wav,,corpus_metadata:ESC-50 field recordings (Freesound clips),esc50_v1,2-121909-A-35.wav,https://github.com/karolpiczak/ESC-50/blob/master/LICENSE
SS-MAC-0564,originals/machinery_fault/SS-MAC-0564.wav,Machinery Fault,ESC-50 (Environmental Sound Classification),https://github.com/karolpiczak/ESC-50,CC-BY-4.0,Karol J. Piczak,2026-09-24,5.0,44100,1,field,,n/a,original,,,,89cb5093a2706c98fb55cf9f2b609349e31c44f3be91dcd22fbb3ed64162ec38,,vacuum_cleaner,esc50:2-122820-A-36.wav,,corpus_metadata:ESC-50 field recordings (Freesound clips),esc50_v1,2-122820-A-36.wav,https://github.com/karolpiczak/ESC-50/blob/master/LICENSE
SS-MAC-0565,originals/machinery_fault/SS-MAC-0565.wav,Machinery Fault,ESC-50 (Environmental Sound Classification),https://github.com/karolpiczak/ESC-50,CC-BY-4.0,Karol J. Piczak,2026-09-24,5.0,44100,1,field,,n/a,original,,,,d00e4870e272267edea4c370525c8aa653979564b84646a5a97d0bef7694ba8d,,vacuum_cleaner,esc50:2-122820-B-36.wav,,corpus_metadata:ESC-50 field recordings (Freesound clips),esc50_v1,2-122820-B-36.wav,https://github.com/karolpiczak/ESC-50/blob/master/LICENSE
SS-MAC-0566,originals/machinery_fault/SS-MAC-0566.wav,Machinery Fault,ESC-50 (Environmental Sound Classification),https://github.com/karolpiczak/ESC-50,CC-BY-4.0,Karol J. Piczak,2026-09-24,5.0,44100,1,field,,n/a,original,,,,d454aa30999e63581e2d8aa669742f1641bc34842b86e031cd94a22a23935f83,,hand_saw,esc50:2-135860-A-49.wav,,corpus_metadata:ESC-50 field recordings (Freesound clips),esc50_v1,2-135860-A-49.wav,https://github.com/karolpiczak/ESC-50/blob/master/LICENSE
SS-MAC-0567,originals/machinery_fault/SS-MAC-0567.wav,Machinery Fault,ESC-50 (Environmental Sound Classification),https://github.com/karolpiczak/ESC-50,CC-BY-4.0,Karol J. Piczak,2026-09-24,5.0,44100,1,field,,n/a,original,,,,026fec8e7c4352de859263c9ddd2e1550b43c88508c34df8fb5b36ece4f11c1c,,vacuum_cleaner,esc50:2-141681-A-36.wav,,corpus_metadata:ESC-50 field recordings (Freesound clips),esc50_v1,2-141681-A-36.wav,https://github.com/karolpiczak/ESC-50/blob/master/LICENSE
SS-MAC-0568,originals/machinery_fault/SS-MAC-0568.wav,Machinery Fault,ESC-50 (Environmental Sound Classification),https://github.com/karolpiczak/ESC-50,CC-BY-4.0,Karol J. Piczak,2026-09-24,5.0,44100,1,field,,n/a,original,,,,97ccb3466e1818cac37554b034ac7b3bf1d78662374bb17b161028577ca07785,,vacuum_cleaner,esc50:2-141681-B-36.wav,,corpus_metadata:ESC-50 field recordings (Freesound clips),esc50_v1,2-141681-B-36.wav,https://github.com/karolpiczak/ESC-50/blob/master/LICENSE
SS-MAC-0569,originals/machinery_fault/SS-MAC-0569.wav,Machinery Fault,ESC-50 (Environmental Sound Classification),https://github.com/karolpiczak/ESC-50,CC-BY-4.0,Karol J. Piczak,2026-09-24,5.0,44100,1,field,,n/a,original,,,,86fe6179c0cf6a81dff3620cdc9ece6cfacc208630e6af8664ecc937e862806e,,vacuum_cleaner,esc50:2-141682-A-36.wav,,corpus_metadata:ESC-50 field recordings (Freesound clips),esc50_v1,2-141682-A-36.wav,https://github.com/karolpiczak/ESC-50/blob/master/LICENSE
SS-MAC-0570,originals/machinery_fault/SS-MAC-0570.wav,Machinery Fault,ESC-50 (Environmental Sound Classification),https://github.com/karolpiczak/ESC-50,CC-BY-4.0,Karol J. Piczak,2026-09-24,5.0,44100,1,field,,n/a,original,,,,4551ede90c715089480f7f02e0bcd4af52a2940d71f8391a05bf3fafbb128c78,,vacuum_cleaner,esc50:2-141682-B-36.wav,,corpus_metadata:ESC-50 field recordings (Freesound clips),esc50_v1,2-141682-B-36.wav,https://github.com/karolpiczak/ESC-50/blob/master/LICENSE
SS-MAC-0571,originals/machinery_fault/SS-MAC-0571.wav,Machinery Fault,ESC-50 (Environmental Sound Classification),https://github.com/karolpiczak/ESC-50,CC-BY-4.0,Karol J. Piczak,2026-09-24,5.0,44100,1,field,,n/a,original,,,,e35bd5d16020ec5e0f8d89315d45c7df8dabaac3eb7b587467c347fd0ca32e2a,,hand_saw,esc50:2-184077-A-49.wav,,corpus_metadata:ESC-50 field recordings (Freesound clips),esc50_v1,2-184077-A-49.wav,https://github.com/karolpiczak/ESC-50/blob/master/LICENSE
SS-MAC-0572,originals/machinery_fault/SS-MAC-0572.wav,Machinery Fault,ESC-50 (Environmental Sound Classification),https://github.com/karolpiczak/ESC-50,CC-BY-4.0,Karol J. Piczak,2026-09-24,5.0,44100,1,field,,n/a,original,,,,b5a49dab9e1ba8bf7c694ae863d3f73747102cd73b74d3a2060fe66e9796d91d,,helicopter,esc50:2-188822-A-40.wav,,corpus_metadata:ESC-50 field recordings (Freesound clips),esc50_v1,2-188822-A-40.wav,https://github.com/karolpiczak/ESC-50/blob/master/LICENSE
SS-MAC-0573,originals/machinery_fault/SS-MAC-0573.wav,Machinery Fault,ESC-50 (Environmental Sound Classification),https://github.com/karolpiczak/ESC-50,CC-BY-4.0,Karol J. Piczak,2026-09-24,5.0,44100,1,field,,n/a,original,,,,2c6928f5af242d0da9bfa41749ff6d606785ab179754a275c2be9d7c3b64461f,,helicopter,esc50:2-188822-B-40.wav,,corpus_metadata:ESC-50 field recordings (Freesound clips),esc50_v1,2-188822-B-40.wav,https://github.com/karolpiczak/ESC-50/blob/master/LICENSE
SS-MAC-0574,originals/machinery_fault/SS-MAC-0574.wav,Machinery Fault,ESC-50 (Environmental Sound Classification),https://github.com/karolpiczak/ESC-50,CC-BY-4.0,Karol J. Piczak,2026-09-24,5.0,44100,1,field,,n/a,original,,,,df124f48361127f4aa51cfe34078634e047c19af3a63d29826cb5a1def0c743f,,helicopter,esc50:2-188822-C-40.wav,,corpus_metadata:ESC-50 field recordings (Freesound clips),esc50_v1,2-188822-C-40.wav,https://github.com/karolpiczak/ESC-50/blob/master/LICENSE
SS-MAC-0575,originals/machinery_fault/SS-MAC-0575.wav,Machinery Fault,ESC-50 (Environmental Sound Classification),https://github.com/karolpiczak/ESC-50,CC-BY-4.0,Karol J. Piczak,2026-09-24,5.0,44100,1,field,,n/a,original,,,,7ffae2dcd7611c77a1d57de223433e1e70fa6ffe2422b9e882e815ccaedc62b8,,helicopter,esc50:2-188822-D-40.wav,,corpus_metadata:ESC-50 field recordings (Freesound clips),esc50_v1,2-188822-D-40.wav,https://github.com/karolpiczak/ESC-50/blob/master/LICENSE
SS-MAC-0576,originals/machinery_fault/SS-MAC-0576.wav,Machinery Fault,ESC-50 (Environmental Sound Classification),https://github.com/karolpiczak/ESC-50,CC-BY-4.0,Karol J. Piczak,2026-09-24,5.0,44100,1,field,,n/a,original,,,,df941887d080de8487f8018f09091c040e82eae7a3a0cb7d532fb64ba64e04ef,,helicopter,esc50:2-37806-A-40.wav,,corpus_metadata:ESC-50 field recordings (Freesound clips),esc50_v1,2-37806-A-40.wav,https://github.com/karolpiczak/ESC-50/blob/master/LICENSE
SS-MAC-0577,originals/machinery_fault/SS-MAC-0577.wav,Machinery Fault,ESC-50 (Environmental Sound Classification),https://github.com/karolpiczak/ESC-50,CC-BY-4.0,Karol J. Piczak,2026-09-24,5.0,44100,1,field,,n/a,original,,,,bf730207adaed816833dc254f33b6f67b62b88b309a3ad9d54b70c2af310c9d7,,helicopter,esc50:2-37806-B-40.wav,,corpus_metadata:ESC-50 field recordings (Freesound clips),esc50_v1,2-37806-B-40.wav,https://github.com/karolpiczak/ESC-50/blob/master/LICENSE
SS-MAC-0578,originals/machinery_fault/SS-MAC-0578.wav,Machinery Fault,ESC-50 (Environmental Sound Classification),https://github.com/karolpiczak/ESC-50,CC-BY-4.0,Karol J. Piczak,2026-09-24,5.0,44100,1,field,,n/a,original,,,,512833e0ad721ba5c7bbb699403b50dd878ebd29de4cac2ca247e5315da5e987,,helicopter,esc50:2-37806-C-40.wav,,corpus_metadata:ESC-50 field recordings (Freesound clips),esc50_v1,2-37806-C-40.wav,https://github.com/karolpiczak/ESC-50/blob/master/LICENSE
SS-MAC-0579,originals/machinery_fault/SS-MAC-0579.wav,Machinery Fault,ESC-50 (Environmental Sound Classification),https://github.com/karolpiczak/ESC-50,CC-BY-4.0,Karol J. Piczak,2026-09-24,5.0,44100,1,field,,n/a,original,,,,d1691db93768e4e6ea6d2b20e4aeaccd383b3e2d28b8ba476ad86526bd7fb452,,helicopter,esc50:2-37806-D-40.wav,,corpus_metadata:ESC-50 field recordings (Freesound clips),esc50_v1,2-37806-D-40.wav,https://github.com/karolpiczak/ESC-50/blob/master/LICENSE
SS-MAC-0580,originals/machinery_fault/SS-MAC-0580.wav,Machinery Fault,ESC-50 (Environmental Sound Classification),https://github.com/karolpiczak/ESC-50,CC-BY-4.0,Karol J. Piczak,2026-09-24,5.0,44100,1,field,,n/a,original,,,,b099e90db935a98b053d2a13db180ed783d35c89d600c07fa4f3aa8261cbf1ef,,chainsaw,esc50:2-50667-A-41.wav,,corpus_metadata:ESC-50 field recordings (Freesound clips),esc50_v1,2-50667-A-41.wav,https://github.com/karolpiczak/ESC-50/blob/master/LICENSE
SS-MAC-0581,originals/machinery_fault/SS-MAC-0581.wav,Machinery Fault,ESC-50 (Environmental Sound Classification),https://github.com/karolpiczak/ESC-50,CC-BY-4.0,Karol J. Piczak,2026-09-24,5.0,44100,1,field,,n/a,original,,,,c8d73fbda3f8b2ed27df38e09ced22fe2d59c46160a92ba985c37d9fdcb6f474,,chainsaw,esc50:2-50667-B-41.wav,,corpus_metadata:ESC-50 field recordings (Freesound clips),esc50_v1,2-50667-B-41.wav,https://github.com/karolpiczak/ESC-50/blob/master/LICENSE
SS-MAC-0582,originals/machinery_fault/SS-MAC-0582.wav,Machinery Fault,ESC-50 (Environmental Sound Classification),https://github.com/karolpiczak/ESC-50,CC-BY-4.0,Karol J. Piczak,2026-09-24,5.0,44100,1,field,,n/a,original,,,,b3b5b151092231382feea724dc38188638814a7824592c7d80967d1bad59669f,,chainsaw,esc50:2-50668-A-41.wav,,corpus_metadata:ESC-50 field recordings (Freesound clips),esc50_v1,2-50668-A-41.wav,https://github.com/karolpiczak/ESC-50/blob/master/LICENSE
SS-MAC-0583,originals/machinery_fault/SS-MAC-0583.wav,Machinery Fault,ESC-50 (Environmental Sound Classification),https://github.com/karolpiczak/ESC-50,CC-BY-4.0,Karol J. Piczak,2026-09-24,5.0,44100,1,field,,n/a,original,,,,11a783b1f9a74db022ac654722d21aef2e374cbf6b68ecb8fa20c576662edefc,,chainsaw,esc50:2-50668-B-41.wav,,corpus_metadata:ESC-50 field recordings (Freesound clips),esc50_v1,2-50668-B-41.wav,https://github.com/karolpiczak/ESC-50/blob/master/LICENSE
SS-MAC-0584,originals/machinery_fault/SS-MAC-0584.wav,Machinery Fault,ESC-50 (Environmental Sound Classification),https://github.com/karolpiczak/ESC-50,CC-BY-4.0,Karol J. Piczak,2026-09-24,5.0,44100,1,field,,n/a,original,,,,7eccffff137ad586328f05daa5cb3147bf665ebfe9a7b66c88feab499f995a10,,washing_machine,esc50:2-51173-A-35.wav,,corpus_metadata:ESC-50 field recordings (Freesound clips),esc50_v1,2-51173-A-35.wav,https://github.com/karolpiczak/ESC-50/blob/master/LICENSE
SS-MAC-0585,originals/machinery_fault/SS-MAC-0585.wav,Machinery Fault,ESC-50 (Environmental Sound Classification),https://github.com/karolpiczak/ESC-50,CC-BY-4.0,Karol J. Piczak,2026-09-24,5.0,44100,1,field,,n/a,original,,,,63a0634034f24bd2aa01d31b3f46091c1e3356c08444beb0726f91243c9f9bf0,,hand_saw,esc50:2-51630-A-49.wav,,corpus_metadata:ESC-50 field recordings (Freesound clips),esc50_v1,2-51630-A-49.wav,https://github.com/karolpiczak/ESC-50/blob/master/LICENSE
SS-MAC-0586,originals/machinery_fault/SS-MAC-0586.wav,Machinery Fault,ESC-50 (Environmental Sound Classification),https://github.com/karolpiczak/ESC-50,CC-BY-4.0,Karol J. Piczak,2026-09-24,5.0,44100,1,field,,n/a,original,,,,9635ec9c989c68ed3322e54ed9e220b55358bb28fa0bf0a8760374fd99d84ec3,,hand_saw,esc50:2-51630-B-49.wav,,corpus_metadata:ESC-50 field recordings (Freesound clips),esc50_v1,2-51630-B-49.wav,https://github.com/karolpiczak/ESC-50/blob/master/LICENSE
SS-MAC-0587,originals/machinery_fault/SS-MAC-0587.wav,Machinery Fault,ESC-50 (Environmental Sound Classification),https://github.com/karolpiczak/ESC-50,CC-BY-4.0,Karol J. Piczak,2026-09-24,5.0,44100,1,field,,n/a,original,,,,9f262449b28554c66ba730ebfdb8d2504eadb3686ea3b4e3a531c2f015e06b94,,washing_machine,esc50:2-59241-A-35.wav,,corpus_metadata:ESC-50 field recordings (Freesound clips),esc50_v1,2-59241-A-35.wav,https://github.com/karolpiczak/ESC-50/blob/master/LICENSE
SS-MAC-0588,originals/machinery_fault/SS-MAC-0588.wav,Machinery Fault,ESC-50 (Environmental Sound Classification),https://github.com/karolpiczak/ESC-50,CC-BY-4.0,Karol J. Piczak,2026-09-24,5.0,44100,1,field,,n/a,original,,,,50d9867a0a5a9590ff5d84b27c9c95ecba9532a5174929a5728c33371787affc,,hand_saw,esc50:2-59321-A-49.wav,,corpus_metadata:ESC-50 field recordings (Freesound clips),esc50_v1,2-59321-A-49.wav,https://github.com/karolpiczak/ESC-50/blob/master/LICENSE
SS-MAC-0589,originals/machinery_fault/SS-MAC-0589.wav,Machinery Fault,ESC-50 (Environmental Sound Classification),https://github.com/karolpiczak/ESC-50,CC-BY-4.0,Karol J. Piczak,2026-09-24,5.0,44100,1,field,,n/a,original,,,,676c33f74305782641c5e2439f38978e3cb1812787bb449278bd4ae08065ebb3,,hand_saw,esc50:2-60180-A-49.wav,,corpus_metadata:ESC-50 field recordings (Freesound clips),esc50_v1,2-60180-A-49.wav,https://github.com/karolpiczak/ESC-50/blob/master/LICENSE
SS-MAC-0590,originals/machinery_fault/SS-MAC-0590.wav,Machinery Fault,ESC-50 (Environmental Sound Classification),https://github.com/karolpiczak/ESC-50,CC-BY-4.0,Karol J. Piczak,2026-09-24,5.0,44100,1,field,,n/a,original,,,,3017404525a1038943a429f6a016941bc068bdf09e1f9613b65a96633278d6d7,,hand_saw,esc50:2-60180-B-49.wav,,corpus_metadata:ESC-50 field recordings (Freesound clips),esc50_v1,2-60180-B-49.wav,https://github.com/karolpiczak/ESC-50/blob/master/LICENSE
SS-MAC-0591,originals/machinery_fault/SS-MAC-0591.wav,Machinery Fault,ESC-50 (Environmental Sound Classification),https://github.com/karolpiczak/ESC-50,CC-BY-4.0,Karol J. Piczak,2026-09-24,5.0,44100,1,field,,n/a,original,,,,fd9981a2adcd14a9b297e1bae44b268cfbbb9586a57219e1297c3fc470ec525b,,chainsaw,esc50:2-68391-A-41.wav,,corpus_metadata:ESC-50 field recordings (Freesound clips),esc50_v1,2-68391-A-41.wav,https://github.com/karolpiczak/ESC-50/blob/master/LICENSE
SS-MAC-0592,originals/machinery_fault/SS-MAC-0592.wav,Machinery Fault,ESC-50 (Environmental Sound Classification),https://github.com/karolpiczak/ESC-50,CC-BY-4.0,Karol J. Piczak,2026-09-24,5.0,44100,1,field,,n/a,original,,,,7c098d4477e3ac8cbf8a66d4ff144ef3706526c159eb54ede68f6b39257db425,,chainsaw,esc50:2-68391-B-41.wav,,corpus_metadata:ESC-50 field recordings (Freesound clips),esc50_v1,2-68391-B-41.wav,https://github.com/karolpiczak/ESC-50/blob/master/LICENSE
SS-MAC-0593,originals/machinery_fault/SS-MAC-0593.wav,Machinery Fault,ESC-50 (Environmental Sound Classification),https://github.com/karolpiczak/ESC-50,CC-BY-4.0,Karol J. Piczak,2026-09-24,5.0,44100,1,field,,n/a,original,,,,cf77f72a73605adbcea2a0d61bdd666b4335e190edf722b8f67a216392ebd224,,chainsaw,esc50:2-77945-A-41.wav,,corpus_metadata:ESC-50 field recordings (Freesound clips),esc50_v1,2-77945-A-41.wav,https://github.com/karolpiczak/ESC-50/blob/master/LICENSE
SS-MAC-0594,originals/machinery_fault/SS-MAC-0594.wav,Machinery Fault,ESC-50 (Environmental Sound Classification),https://github.com/karolpiczak/ESC-50,CC-BY-4.0,Karol J. Piczak,2026-09-24,5.0,44100,1,field,,n/a,original,,,,7a7c9cb12b77609346548ae861044137910b0e1dddc8da116fdc258fff13cd6c,,chainsaw,esc50:2-77945-B-41.wav,,corpus_metadata:ESC-50 field recordings (Freesound clips),esc50_v1,2-77945-B-41.wav,https://github.com/karolpiczak/ESC-50/blob/master/LICENSE
SS-MAC-0595,originals/machinery_fault/SS-MAC-0595.wav,Machinery Fault,ESC-50 (Environmental Sound Classification),https://github.com/karolpiczak/ESC-50,CC-BY-4.0,Karol J. Piczak,2026-09-24,5.0,44100,1,field,,n/a,original,,,,29aac54cca62321c035589859f2587bde651f0c358ff1e86463c6308e0ca4a98,,engine,esc50:2-78651-A-44.wav,,corpus_metadata:ESC-50 field recordings (Freesound clips),esc50_v1,2-78651-A-44.wav,https://github.com/karolpiczak/ESC-50/blob/master/LICENSE
SS-MAC-0596,originals/machinery_fault/SS-MAC-0596.wav,Machinery Fault,ESC-50 (Environmental Sound Classification),https://github.com/karolpiczak/ESC-50,CC-BY-4.0,Karol J. Piczak,2026-09-24,5.0,44100,1,field,,n/a,original,,,,1fcae5ac9e659ef57e6e467d7f953c155406d1a2d92e1ce44917b198450bd049,,hand_saw,esc50:2-84693-A-49.wav,,corpus_metadata:ESC-50 field recordings (Freesound clips),esc50_v1,2-84693-A-49.wav,https://github.com/karolpiczak/ESC-50/blob/master/LICENSE
SS-MAC-0597,originals/machinery_fault/SS-MAC-0597.wav,Machinery Fault,ESC-50 (Environmental Sound Classification),https://github.com/karolpiczak/ESC-50,CC-BY-4.0,Karol J. Piczak,2026-09-24,5.0,44100,1,field,,n/a,original,,,,7b98b19a3cb9ecc64ddab6e9c655d0073bb4060c2c560c41cbf311efcd26534b,,hand_saw,esc50:3-102583-A-49.wav,,corpus_metadata:ESC-50 field recordings (Freesound clips),esc50_v1,3-102583-A-49.wav,https://github.com/karolpiczak/ESC-50/blob/master/LICENSE
SS-MAC-0598,originals/machinery_fault/SS-MAC-0598.wav,Machinery Fault,ESC-50 (Environmental Sound Classification),https://github.com/karolpiczak/ESC-50,CC-BY-4.0,Karol J. Piczak,2026-09-24,5.0,44100,1,field,,n/a,original,,,,f40137ad96bbd4c0dc15ec6acefa2a50fba7cc2289daf0257f1d3c1484383ba3,,hand_saw,esc50:3-102583-B-49.wav,,corpus_metadata:ESC-50 field recordings (Freesound clips),esc50_v1,3-102583-B-49.wav,https://github.com/karolpiczak/ESC-50/blob/master/LICENSE
SS-MAC-0599,originals/machinery_fault/SS-MAC-0599.wav,Machinery Fault,ESC-50 (Environmental Sound Classification),https://github.com/karolpiczak/ESC-50,CC-BY-4.0,Karol J. Piczak,2026-09-24,5.0,44100,1,field,,n/a,original,,,,947146d5850e015346d988509340e61b5379010a0672cfa15ee5d4458ecf102e,,hand_saw,esc50:3-102583-C-49.wav,,corpus_metadata:ESC-50 field recordings (Freesound clips),esc50_v1,3-102583-C-49.wav,https://github.com/karolpiczak/ESC-50/blob/master/LICENSE
SS-MAC-0600,originals/machinery_fault/SS-MAC-0600.wav,Machinery Fault,ESC-50 (Environmental Sound Classification),https://github.com/karolpiczak/ESC-50,CC-BY-4.0,Karol J. Piczak,2026-09-24,5.0,44100,1,field,,n/a,original,,,,4f51f65b566eef881caa7a2ed1462b48eded5873ccd2afbe8b623863adf606d5,,engine,esc50:3-115382-A-44.wav,,corpus_metadata:ESC-50 field recordings (Freesound clips),esc50_v1,3-115382-A-44.wav,https://github.com/karolpiczak/ESC-50/blob/master/LICENSE
SS-MAC-0601,originals/machinery_fault/SS-MAC-0601.wav,Machinery Fault,ESC-50 (Environmental Sound Classification),https://github.com/karolpiczak/ESC-50,CC-BY-4.0,Karol J. Piczak,2026-09-24,5.0,44100,1,field,,n/a,original,,,,c8b03e975750a6c264f839e6adc68a5450a5d44d4db808b443522d918fe3185f,,chainsaw,esc50:3-118656-A-41.wav,,corpus_metadata:ESC-50 field recordings (Freesound clips),esc50_v1,3-118656-A-41.wav,https://github.com/karolpiczak/ESC-50/blob/master/LICENSE
SS-MAC-0602,originals/machinery_fault/SS-MAC-0602.wav,Machinery Fault,ESC-50 (Environmental Sound Classification),https://github.com/karolpiczak/ESC-50,CC-BY-4.0,Karol J. Piczak,2026-09-24,5.0,44100,1,field,,n/a,original,,,,e3ea73b1d6c8390853acf5e390eae7d90b314d749c03cdab3a4560d924687aba,,chainsaw,esc50:3-118657-A-41.wav,,corpus_metadata:ESC-50 field recordings (Freesound clips),esc50_v1,3-118657-A-41.wav,https://github.com/karolpiczak/ESC-50/blob/master/LICENSE
SS-MAC-0603,originals/machinery_fault/SS-MAC-0603.wav,Machinery Fault,ESC-50 (Environmental Sound Classification),https://github.com/karolpiczak/ESC-50,CC-BY-4.0,Karol J. Piczak,2026-09-24,5.0,44100,1,field,,n/a,original,,,,a1f94069bc51bb5ef19075a4a746610d98f9e05405750fa30d9818832286c07f,,chainsaw,esc50:3-118657-B-41.wav,,corpus_metadata:ESC-50 field recordings (Freesound clips),esc50_v1,3-118657-B-41.wav,https://github.com/karolpiczak/ESC-50/blob/master/LICENSE
SS-MAC-0604,originals/machinery_fault/SS-MAC-0604.wav,Machinery Fault,ESC-50 (Environmental Sound Classification),https://github.com/karolpiczak/ESC-50,CC-BY-4.0,Karol J. Piczak,2026-09-24,5.0,44100,1,field,,n/a,original,,,,55f4073b9095db0ad4d20230badbb7decc9549e5f080df29717d7d379648405e,,chainsaw,esc50:3-118658-A-41.wav,,corpus_metadata:ESC-50 field recordings (Freesound clips),esc50_v1,3-118658-A-41.wav,https://github.com/karolpiczak/ESC-50/blob/master/LICENSE
SS-MAC-0605,originals/machinery_fault/SS-MAC-0605.wav,Machinery Fault,ESC-50 (Environmental Sound Classification),https://github.com/karolpiczak/ESC-50,CC-BY-4.0,Karol J. Piczak,2026-09-24,5.0,44100,1,field,,n/a,original,,,,f26428971e55d517dbca42ad5b5678fd0fce166931f3e1c581121a93b346cf61,,chainsaw,esc50:3-118658-B-41.wav,,corpus_metadata:ESC-50 field recordings (Freesound clips),esc50_v1,3-118658-B-41.wav,https://github.com/karolpiczak/ESC-50/blob/master/LICENSE
SS-MAC-0606,originals/machinery_fault/SS-MAC-0606.wav,Machinery Fault,ESC-50 (Environmental Sound Classification),https://github.com/karolpiczak/ESC-50,CC-BY-4.0,Karol J. Piczak,2026-09-24,5.0,44100,1,field,,n/a,original,,,,c98d58cf863f4b16e9c9416f4a3b253f69eed3f4fc3b0ce22ae3f7f2dedf43d2,,chainsaw,esc50:3-118972-A-41.wav,,corpus_metadata:ESC-50 field recordings (Freesound clips),esc50_v1,3-118972-A-41.wav,https://github.com/karolpiczak/ESC-50/blob/master/LICENSE
SS-MAC-0607,originals/machinery_fault/SS-MAC-0607.wav,Machinery Fault,ESC-50 (Environmental Sound Classification),https://github.com/karolpiczak/ESC-50,CC-BY-4.0,Karol J. Piczak,2026-09-24,5.0,44100,1,field,,n/a,original,,,,354e5e850c5a474d4e822af1ed35ce304780ee4a9494f3d5edfee7a9fe859cfe,,chainsaw,esc50:3-118972-B-41.wav,,corpus_metadata:ESC-50 field recordings (Freesound clips),esc50_v1,3-118972-B-41.wav,https://github.com/karolpiczak/ESC-50/blob/master/LICENSE
SS-MAC-0608,originals/machinery_fault/SS-MAC-0608.wav,Machinery Fault,ESC-50 (Environmental Sound Classification),https://github.com/karolpiczak/ESC-50,CC-BY-4.0,Karol J. Piczak,2026-09-24,5.0,44100,1,field,,n/a,original,,,,55e2db4129ffd266af0a05f00129b1f60313a5f812d078d0a7a31167f40c04e0,,engine,esc50:3-119455-A-44.wav,,corpus_metadata:ESC-50 field recordings (Freesound clips),esc50_v1,3-119455-A-44.wav,https://github.com/karolpiczak/ESC-50/blob/master/LICENSE
SS-MAC-0609,originals/machinery_fault/SS-MAC-0609.wav,Machinery Fault,ESC-50 (Environmental Sound Classification),https://github.com/karolpiczak/ESC-50,CC-BY-4.0,Karol J. Piczak,2026-09-24,5.0,44100,1,field,,n/a,original,,,,fa2840c137e70481cf5e99d1ccc168033340fc0639eae052e8bf6e5b4bed0e3c,,engine,esc50:3-128160-A-44.wav,,corpus_metadata:ESC-50 field recordings (Freesound clips),esc50_v1,3-128160-A-44.wav,https://github.com/karolpiczak/ESC-50/blob/master/LICENSE
SS-MAC-0610,originals/machinery_fault/SS-MAC-0610.wav,Machinery Fault,ESC-50 (Environmental Sound Classification),https://github.com/karolpiczak/ESC-50,CC-BY-4.0,Karol J. Piczak,2026-09-24,5.0,44100,1,field,,n/a,original,,,,bb1ff8796acc0e66158abc5dfb1c97d6046eaf10eba825258486ef67c5a65703,,washing_machine,esc50:3-135469-A-35.wav,,corpus_metadata:ESC-50 field recordings (Freesound clips),esc50_v1,3-135469-A-35.wav,https://github.com/karolpiczak/ESC-50/blob/master/LICENSE
SS-MAC-0611,originals/machinery_fault/SS-MAC-0611.wav,Machinery Fault,ESC-50 (Environmental Sound Classification),https://github.com/karolpiczak/ESC-50,CC-BY-4.0,Karol J. Piczak,2026-09-24,5.0,44100,1,field,,n/a,original,,,,135d63cb91ced3e627920812c1b416835dc4ab788fa5db36fe6addb52a8f08ea,,engine,esc50:3-141240-A-44.wav,,corpus_metadata:ESC-50 field recordings (Freesound clips),esc50_v1,3-141240-A-44.wav,https://github.com/karolpiczak/ESC-50/blob/master/LICENSE
SS-MAC-0612,originals/machinery_fault/SS-MAC-0612.wav,Machinery Fault,ESC-50 (Environmental Sound Classification),https://github.com/karolpiczak/ESC-50,CC-BY-4.0,Karol J. Piczak,2026-09-24,5.0,44100,1,field,,n/a,original,,,,a8c613a9547c24892be7fdb605084a71200375febbe291cdf9ae354a438dc07c,,engine,esc50:3-141240-B-44.wav,,corpus_metadata:ESC-50 field recordings (Freesound clips),esc50_v1,3-141240-B-44.wav,https://github.com/karolpiczak/ESC-50/blob/master/LICENSE
SS-MAC-0613,originals/machinery_fault/SS-MAC-0613.wav,Machinery Fault,ESC-50 (Environmental Sound Classification),https://github.com/karolpiczak/ESC-50,CC-BY-4.0,Karol J. Piczak,2026-09-24,5.0,44100,1,field,,n/a,original,,,,a01623d754693bd4121d8e3d98410a8d46ee8d708d97fc1a3fcf91c07714b7f3,,engine,esc50:3-146186-A-44.wav,,corpus_metadata:ESC-50 field recordings (Freesound clips),esc50_v1,3-146186-A-44.wav,https://github.com/karolpiczak/ESC-50/blob/master/LICENSE
SS-MAC-0614,originals/machinery_fault/SS-MAC-0614.wav,Machinery Fault,ESC-50 (Environmental Sound Classification),https://github.com/karolpiczak/ESC-50,CC-BY-4.0,Karol J. Piczak,2026-09-24,5.0,44100,1,field,,n/a,original,,,,41e05ff06cd2d710f748b0d10bf136fd6e11d489327cbeafed690918b417fc42,,helicopter,esc50:3-150979-A-40.wav,,corpus_metadata:ESC-50 field recordings (Freesound clips),esc50_v1,3-150979-A-40.wav,https://github.com/karolpiczak/ESC-50/blob/master/LICENSE
SS-MAC-0615,originals/machinery_fault/SS-MAC-0615.wav,Machinery Fault,ESC-50 (Environmental Sound Classification),https://github.com/karolpiczak/ESC-50,CC-BY-4.0,Karol J. Piczak,2026-09-24,5.0,44100,1,field,,n/a,original,,,,60f34984d5387e02be66cd64b3170c1b2c1d953defe874930c15f8fd775dc34d,,helicopter,esc50:3-150979-B-40.wav,,corpus_metadata:ESC-50 field recordings (Freesound clips),esc50_v1,3-150979-B-40.wav,https://github.com/karolpiczak/ESC-50/blob/master/LICENSE
SS-MAC-0616,originals/machinery_fault/SS-MAC-0616.wav,Machinery Fault,ESC-50 (Environmental Sound Classification),https://github.com/karolpiczak/ESC-50,CC-BY-4.0,Karol J. Piczak,2026-09-24,5.0,44100,1,field,,n/a,original,,,,38ee55ad9ddb3090622e41f502c5097214517b2a47c161f8d9e0d57c26636cd7,,helicopter,esc50:3-150979-C-40.wav,,corpus_metadata:ESC-50 field recordings (Freesound clips),esc50_v1,3-150979-C-40.wav,https://github.com/karolpiczak/ESC-50/blob/master/LICENSE
SS-MAC-0617,originals/machinery_fault/SS-MAC-0617.wav,Machinery Fault,ESC-50 (Environmental Sound Classification),https://github.com/karolpiczak/ESC-50,CC-BY-4.0,Karol J. Piczak,2026-09-24,5.0,44100,1,field,,n/a,original,,,,a36007dc9716a76d7aedbd05afa4a99c72cacaccb442eccb2dda4cb74f3849db,,washing_machine,esc50:3-151269-A-35.wav,,corpus_metadata:ESC-50 field recordings (Freesound clips),esc50_v1,3-151269-A-35.wav,https://github.com/karolpiczak/ESC-50/blob/master/LICENSE
SS-MAC-0618,originals/machinery_fault/SS-MAC-0618.wav,Machinery Fault,ESC-50 (Environmental Sound Classification),https://github.com/karolpiczak/ESC-50,CC-BY-4.0,Karol J. Piczak,2026-09-24,5.0,44100,1,field,,n/a,original,,,,1f093cd623b2171570e3342e9bfa7bf3c18b5112590321e762c65bcd079d956a,,washing_machine,esc50:3-151273-A-35.wav,,corpus_metadata:ESC-50 field recordings (Freesound clips),esc50_v1,3-151273-A-35.wav,https://github.com/karolpiczak/ESC-50/blob/master/LICENSE
SS-MAC-0619,originals/machinery_fault/SS-MAC-0619.wav,Machinery Fault,ESC-50 (Environmental Sound Classification),https://github.com/karolpiczak/ESC-50,CC-BY-4.0,Karol J. Piczak,2026-09-24,5.0,44100,1,field,,n/a,original,,,,7ddbf7a38dc48773279a392aa8914c313481422b21ccbb221bb2f8321f39f06c,,vacuum_cleaner,esc50:3-152020-A-36.wav,,corpus_metadata:ESC-50 field recordings (Freesound clips),esc50_v1,3-152020-A-36.wav,https://github.com/karolpiczak/ESC-50/blob/master/LICENSE
SS-MAC-0620,originals/machinery_fault/SS-MAC-0620.wav,Machinery Fault,ESC-50 (Environmental Sound Classification),https://github.com/karolpiczak/ESC-50,CC-BY-4.0,Karol J. Piczak,2026-09-24,5.0,44100,1,field,,n/a,original,,,,304f09ebbd0232d073c29d19903a48d02e442e5a161ec04d1afe9914572acf9d,,vacuum_cleaner,esc50:3-152020-B-36.wav,,corpus_metadata:ESC-50 field recordings (Freesound clips),esc50_v1,3-152020-B-36.wav,https://github.com/karolpiczak/ESC-50/blob/master/LICENSE
SS-MAC-0621,originals/machinery_fault/SS-MAC-0621.wav,Machinery Fault,ESC-50 (Environmental Sound Classification),https://github.com/karolpiczak/ESC-50,CC-BY-4.0,Karol J. Piczak,2026-09-24,5.0,44100,1,field,,n/a,original,,,,4ced9cc682392672f385022463c93959a21916af693324410932b031e5e5d8c8,,vacuum_cleaner,esc50:3-152020-C-36.wav,,corpus_metadata:ESC-50 field recordings (Freesound clips),esc50_v1,3-152020-C-36.wav,https://github.com/karolpiczak/ESC-50/blob/master/LICENSE
SS-MAC-0622,originals/machinery_fault/SS-MAC-0622.wav,Machinery Fault,ESC-50 (Environmental Sound Classification),https://github.com/karolpiczak/ESC-50,CC-BY-4.0,Karol J. Piczak,2026-09-24,5.0,44100,1,field,,n/a,original,,,,ac4c00e6505ba0b7ce87bdc32580881e11d401d97d3d0a995a74933fa71983ba,,engine,esc50:3-154758-A-44.wav,,corpus_metadata:ESC-50 field recordings (Freesound clips),esc50_v1,3-154758-A-44.wav,https://github.com/karolpiczak/ESC-50/blob/master/LICENSE
SS-MAC-0623,originals/machinery_fault/SS-MAC-0623.wav,Machinery Fault,ESC-50 (Environmental Sound Classification),https://github.com/karolpiczak/ESC-50,CC-BY-4.0,Karol J. Piczak,2026-09-24,5.0,44100,1,field,,n/a,original,,,,c21a6fadacf782bac2e8efab3815d2fe18ff0130239e671fb666acd2d52dfac5,,helicopter,esc50:3-154926-A-40.wav,,corpus_metadata:ESC-50 field recordings (Freesound clips),esc50_v1,3-154926-A-40.wav,https://github.com/karolpiczak/ESC-50/blob/master/LICENSE
SS-MAC-0624,originals/machinery_fault/SS-MAC-0624.wav,Machinery Fault,ESC-50 (Environmental Sound Classification),https://github.com/karolpiczak/ESC-50,CC-BY-4.0,Karol J. Piczak,2026-09-24,5.0,44100,1,field,,n/a,original,,,,b919f24982343c8aaeb58472f23ac370b0ea7e343f4925fc6cca81714086f215,,helicopter,esc50:3-154926-B-40.wav,,corpus_metadata:ESC-50 field recordings (Freesound clips),esc50_v1,3-154926-B-40.wav,https://github.com/karolpiczak/ESC-50/blob/master/LICENSE
SS-MAC-0625,originals/machinery_fault/SS-MAC-0625.wav,Machinery Fault,ESC-50 (Environmental Sound Classification),https://github.com/karolpiczak/ESC-50,CC-BY-4.0,Karol J. Piczak,2026-09-24,5.0,44100,1,field,,n/a,original,,,,4761e1aba4ab6c6bc5a1d969b6fb5e47cc3504d6d555c9ba9138a440272b34a4,,washing_machine,esc50:3-156391-A-35.wav,,corpus_metadata:ESC-50 field recordings (Freesound clips),esc50_v1,3-156391-A-35.wav,https://github.com/karolpiczak/ESC-50/blob/master/LICENSE
SS-MAC-0626,originals/machinery_fault/SS-MAC-0626.wav,Machinery Fault,ESC-50 (Environmental Sound Classification),https://github.com/karolpiczak/ESC-50,CC-BY-4.0,Karol J. Piczak,2026-09-24,5.0,44100,1,field,,n/a,original,,,,1c1149941acbdc9c7b6b0b9d55786a801184c95f572bf13fb5a6eac05fd0a71e,,washing_machine,esc50:3-156393-A-35.wav,,corpus_metadata:ESC-50 field recordings (Freesound clips),esc50_v1,3-156393-A-35.wav,https://github.com/karolpiczak/ESC-50/blob/master/LICENSE
SS-MAC-0627,originals/machinery_fault/SS-MAC-0627.wav,Machinery Fault,ESC-50 (Environmental Sound Classification),https://github.com/karolpiczak/ESC-50,CC-BY-4.0,Karol J. Piczak,2026-09-24,5.0,44100,1,field,,n/a,original,,,,5327e7573883e6dfbcfd2d0ee1106a9fb3a2121e108fe9d7b8c1313c4df73819,,vacuum_cleaner,esc50:3-159346-A-36.wav,,corpus_metadata:ESC-50 field recordings (Freesound clips),esc50_v1,3-159346-A-36.wav,https://github.com/karolpiczak/ESC-50/blob/master/LICENSE
SS-MAC-0628,originals/machinery_fault/SS-MAC-0628.wav,Machinery Fault,ESC-50 (Environmental Sound Classification),https://github.com/karolpiczak/ESC-50,CC-BY-4.0,Karol J. Piczak,2026-09-24,5.0,44100,1,field,,n/a,original,,,,b65b9b210d3504813c914551618622a005f20a8fd4398fcfa13a10c4eb7233ca,,vacuum_cleaner,esc50:3-159346-B-36.wav,,corpus_metadata:ESC-50 field recordings (Freesound clips),esc50_v1,3-159346-B-36.wav,https://github.com/karolpiczak/ESC-50/blob/master/LICENSE
SS-MAC-0629,originals/machinery_fault/SS-MAC-0629.wav,Machinery Fault,ESC-50 (Environmental Sound Classification),https://github.com/karolpiczak/ESC-50,CC-BY-4.0,Karol J. Piczak,2026-09-24,5.0,44100,1,field,,n/a,original,,,,749869b3dac818842a45bfde1afdf1ebcb5217eb3b0e4fe147dc473048fb5da9,,vacuum_cleaner,esc50:3-159347-A-36.wav,,corpus_metadata:ESC-50 field recordings (Freesound clips),esc50_v1,3-159347-A-36.wav,https://github.com/karolpiczak/ESC-50/blob/master/LICENSE
SS-MAC-0630,originals/machinery_fault/SS-MAC-0630.wav,Machinery Fault,ESC-50 (Environmental Sound Classification),https://github.com/karolpiczak/ESC-50,CC-BY-4.0,Karol J. Piczak,2026-09-24,5.0,44100,1,field,,n/a,original,,,,721091bccc4982b97642db5feb28bf9e80de3f26751bf1a007d9f3b258043f4b,,vacuum_cleaner,esc50:3-159347-B-36.wav,,corpus_metadata:ESC-50 field recordings (Freesound clips),esc50_v1,3-159347-B-36.wav,https://github.com/karolpiczak/ESC-50/blob/master/LICENSE
SS-MAC-0631,originals/machinery_fault/SS-MAC-0631.wav,Machinery Fault,ESC-50 (Environmental Sound Classification),https://github.com/karolpiczak/ESC-50,CC-BY-4.0,Karol J. Piczak,2026-09-24,5.0,44100,1,field,,n/a,original,,,,5e2a850746457f0823b26ae31227d340b3dafab392e1b5714bbc63502be6cdc0,,vacuum_cleaner,esc50:3-159348-A-36.wav,,corpus_metadata:ESC-50 field recordings (Freesound clips),esc50_v1,3-159348-A-36.wav,https://github.com/karolpiczak/ESC-50/blob/master/LICENSE
SS-MAC-0632,originals/machinery_fault/SS-MAC-0632.wav,Machinery Fault,ESC-50 (Environmental Sound Classification),https://github.com/karolpiczak/ESC-50,CC-BY-4.0,Karol J. Piczak,2026-09-24,5.0,44100,1,field,,n/a,original,,,,4382daa9057a7ccd87814f783f8cc72260a243e989cab1680977711cc2117d6b,,chainsaw,esc50:3-165856-A-41.wav,,corpus_metadata:ESC-50 field recordings (Freesound clips),esc50_v1,3-165856-A-41.wav,https://github.com/karolpiczak/ESC-50/blob/master/LICENSE
SS-MAC-0633,originals/machinery_fault/SS-MAC-0633.wav,Machinery Fault,ESC-50 (Environmental Sound Classification),https://github.com/karolpiczak/ESC-50,CC-BY-4.0,Karol J. Piczak,2026-09-24,5.0,44100,1,field,,n/a,original,,,,732e1123c1e2979c81990e2c239c51cac79cbbf969e46d8f675b94c147205af3,,washing_machine,esc50:3-182710-A-35.wav,,corpus_metadata:ESC-50 field recordings (Freesound clips),esc50_v1,3-182710-A-35.wav,https://github.com/karolpiczak/ESC-50/blob/master/LICENSE
SS-MAC-0634,originals/machinery_fault/SS-MAC-0634.wav,Machinery Fault,ESC-50 (Environmental Sound Classification),https://github.com/karolpiczak/ESC-50,CC-BY-4.0,Karol J. Piczak,2026-09-24,5.0,44100,1,field,,n/a,original,,,,5dc009b9150c3e6ae02f126869df204e486116739d468c7983e37f56f8a18fb5,,washing_machine,esc50:3-182710-B-35.wav,,corpus_metadata:ESC-50 field recordings (Freesound clips),esc50_v1,3-182710-B-35.wav,https://github.com/karolpiczak/ESC-50/blob/master/LICENSE
SS-MAC-0635,originals/machinery_fault/SS-MAC-0635.wav,Machinery Fault,ESC-50 (Environmental Sound Classification),https://github.com/karolpiczak/ESC-50,CC-BY-4.0,Karol J. Piczak,2026-09-24,5.0,44100,1,field,,n/a,original,,,,bef59e3622bec0845d4158a04757381be86099b100966cd4b3c8954befb61b32,,washing_machine,esc50:3-188726-A-35.wav,,corpus_metadata:ESC-50 field recordings (Freesound clips),esc50_v1,3-188726-A-35.wav,https://github.com/karolpiczak/ESC-50/blob/master/LICENSE
SS-MAC-0636,originals/machinery_fault/SS-MAC-0636.wav,Machinery Fault,ESC-50 (Environmental Sound Classification),https://github.com/karolpiczak/ESC-50,CC-BY-4.0,Karol J. Piczak,2026-09-24,5.0,44100,1,field,,n/a,original,,,,7469dd85a3d413e216a139c0c82cb25956de27c98d21ed6954979ca455655607,,hand_saw,esc50:3-208820-A-49.wav,,corpus_metadata:ESC-50 field recordings (Freesound clips),esc50_v1,3-208820-A-49.wav,https://github.com/karolpiczak/ESC-50/blob/master/LICENSE
SS-MAC-0637,originals/machinery_fault/SS-MAC-0637.wav,Machinery Fault,ESC-50 (Environmental Sound Classification),https://github.com/karolpiczak/ESC-50,CC-BY-4.0,Karol J. Piczak,2026-09-24,5.0,44100,1,field,,n/a,original,,,,eb30bc224e09c0462d51c07ce2fbd275088b0b5af9067784cabbb086d1a2ba7a,,engine,esc50:3-259622-A-44.wav,,corpus_metadata:ESC-50 field recordings (Freesound clips),esc50_v1,3-259622-A-44.wav,https://github.com/karolpiczak/ESC-50/blob/master/LICENSE
SS-MAC-0638,originals/machinery_fault/SS-MAC-0638.wav,Machinery Fault,ESC-50 (Environmental Sound Classification),https://github.com/karolpiczak/ESC-50,CC-BY-4.0,Karol J. Piczak,2026-09-24,5.0,44100,1,field,,n/a,original,,,,f085e649b44c0ff59ce93228fd367da81c68f53e5f932fb3c2dbbcc66c997a66,,helicopter,esc50:3-68630-A-40.wav,,corpus_metadata:ESC-50 field recordings (Freesound clips),esc50_v1,3-68630-A-40.wav,https://github.com/karolpiczak/ESC-50/blob/master/LICENSE
SS-MAC-0639,originals/machinery_fault/SS-MAC-0639.wav,Machinery Fault,ESC-50 (Environmental Sound Classification),https://github.com/karolpiczak/ESC-50,CC-BY-4.0,Karol J. Piczak,2026-09-24,5.0,44100,1,field,,n/a,original,,,,fc18f3d9663d8f180bf65e1747543816ceebc6a710de319de74017a8eb2e4b15,,helicopter,esc50:3-68630-B-40.wav,,corpus_metadata:ESC-50 field recordings (Freesound clips),esc50_v1,3-68630-B-40.wav,https://github.com/karolpiczak/ESC-50/blob/master/LICENSE
SS-MAC-0640,originals/machinery_fault/SS-MAC-0640.wav,Machinery Fault,ESC-50 (Environmental Sound Classification),https://github.com/karolpiczak/ESC-50,CC-BY-4.0,Karol J. Piczak,2026-09-24,5.0,44100,1,field,,n/a,original,,,,0358b8428bc77a109345b4f36f92fcdae1795efdf1928e74a4bbf35d58b607ee,,helicopter,esc50:3-68630-C-40.wav,,corpus_metadata:ESC-50 field recordings (Freesound clips),esc50_v1,3-68630-C-40.wav,https://github.com/karolpiczak/ESC-50/blob/master/LICENSE
SS-MAC-0641,originals/machinery_fault/SS-MAC-0641.wav,Machinery Fault,ESC-50 (Environmental Sound Classification),https://github.com/karolpiczak/ESC-50,CC-BY-4.0,Karol J. Piczak,2026-09-24,5.0,44100,1,field,,n/a,original,,,,d0b8ac0b838bb26661f6ee2ca3dc723dd3d92f9b658aeaeb5a09adeda04362cc,,hand_saw,esc50:3-96606-A-49.wav,,corpus_metadata:ESC-50 field recordings (Freesound clips),esc50_v1,3-96606-A-49.wav,https://github.com/karolpiczak/ESC-50/blob/master/LICENSE
SS-MAC-0642,originals/machinery_fault/SS-MAC-0642.wav,Machinery Fault,ESC-50 (Environmental Sound Classification),https://github.com/karolpiczak/ESC-50,CC-BY-4.0,Karol J. Piczak,2026-09-24,5.0,44100,1,field,,n/a,original,,,,fbf9db62e5a83340df1106d553ee8099f69b53965fd4001152ceec60ccc14113,,hand_saw,esc50:3-96606-B-49.wav,,corpus_metadata:ESC-50 field recordings (Freesound clips),esc50_v1,3-96606-B-49.wav,https://github.com/karolpiczak/ESC-50/blob/master/LICENSE
SS-MAC-0643,originals/machinery_fault/SS-MAC-0643.wav,Machinery Fault,ESC-50 (Environmental Sound Classification),https://github.com/karolpiczak/ESC-50,CC-BY-4.0,Karol J. Piczak,2026-09-24,5.0,44100,1,field,,n/a,original,,,,9c538fa8ec448a5679ca97bcd10ab4ecbd442403efe7c2e0a95aba182ad3d7f7,,hand_saw,esc50:3-97909-A-49.wav,,corpus_metadata:ESC-50 field recordings (Freesound clips),esc50_v1,3-97909-A-49.wav,https://github.com/karolpiczak/ESC-50/blob/master/LICENSE
SS-MAC-0644,originals/machinery_fault/SS-MAC-0644.wav,Machinery Fault,ESC-50 (Environmental Sound Classification),https://github.com/karolpiczak/ESC-50,CC-BY-4.0,Karol J. Piczak,2026-09-24,5.0,44100,1,field,,n/a,original,,,,2a92de60ae2df8e6cbb20c4fa8b9af112ad9be18e29cfee2ba51a6d16d5048b9,,hand_saw,esc50:3-97909-B-49.wav,,corpus_metadata:ESC-50 field recordings (Freesound clips),esc50_v1,3-97909-B-49.wav,https://github.com/karolpiczak/ESC-50/blob/master/LICENSE
SS-MAC-0645,originals/machinery_fault/SS-MAC-0645.wav,Machinery Fault,ESC-50 (Environmental Sound Classification),https://github.com/karolpiczak/ESC-50,CC-BY-4.0,Karol J. Piczak,2026-09-24,5.0,44100,1,field,,n/a,original,,,,88b8095737537853469f06c3d920fe29b91588e48e5bd687f6938cf1bbb3b438,,hand_saw,esc50:4-102844-A-49.wav,,corpus_metadata:ESC-50 field recordings (Freesound clips),esc50_v1,4-102844-A-49.wav,https://github.com/karolpiczak/ESC-50/blob/master/LICENSE
SS-MAC-0646,originals/machinery_fault/SS-MAC-0646.wav,Machinery Fault,ESC-50 (Environmental Sound Classification),https://github.com/karolpiczak/ESC-50,CC-BY-4.0,Karol J. Piczak,2026-09-24,5.0,44100,1,field,,n/a,original,,,,10790b1820fcae676e76a7c54f6d8378cecdb5087bd60fa49e021b7df920c89d,,hand_saw,esc50:4-102844-B-49.wav,,corpus_metadata:ESC-50 field recordings (Freesound clips),esc50_v1,4-102844-B-49.wav,https://github.com/karolpiczak/ESC-50/blob/master/LICENSE
SS-MAC-0647,originals/machinery_fault/SS-MAC-0647.wav,Machinery Fault,ESC-50 (Environmental Sound Classification),https://github.com/karolpiczak/ESC-50,CC-BY-4.0,Karol J. Piczak,2026-09-24,5.0,44100,1,field,,n/a,original,,,,676a4d2124e14890136ad1cf24a3c02948c153e0bd731b4d1fb99741a9498fc2,,hand_saw,esc50:4-102844-C-49.wav,,corpus_metadata:ESC-50 field recordings (Freesound clips),esc50_v1,4-102844-C-49.wav,https://github.com/karolpiczak/ESC-50/blob/master/LICENSE
SS-MAC-0648,originals/machinery_fault/SS-MAC-0648.wav,Machinery Fault,ESC-50 (Environmental Sound Classification),https://github.com/karolpiczak/ESC-50,CC-BY-4.0,Karol J. Piczak,2026-09-24,5.0,44100,1,field,,n/a,original,,,,adfb82d86a3b2a7ac8fcf85c98f6b222ef5b0e47991cf6c0047e3d99e2f11443,,helicopter,esc50:4-125929-A-40.wav,,corpus_metadata:ESC-50 field recordings (Freesound clips),esc50_v1,4-125929-A-40.wav,https://github.com/karolpiczak/ESC-50/blob/master/LICENSE
SS-MAC-0649,originals/machinery_fault/SS-MAC-0649.wav,Machinery Fault,ESC-50 (Environmental Sound Classification),https://github.com/karolpiczak/ESC-50,CC-BY-4.0,Karol J. Piczak,2026-09-24,5.0,44100,1,field,,n/a,original,,,,41db87e753f13f238ba7f8ffca60421d08f8ab3e315c4d79f0557caed80ee9d8,,vacuum_cleaner,esc50:4-146200-A-36.wav,,corpus_metadata:ESC-50 field recordings (Freesound clips),esc50_v1,4-146200-A-36.wav,https://github.com/karolpiczak/ESC-50/blob/master/LICENSE
SS-MAC-0650,originals/machinery_fault/SS-MAC-0650.wav,Machinery Fault,ESC-50 (Environmental Sound Classification),https://github.com/karolpiczak/ESC-50,CC-BY-4.0,Karol J. Piczak,2026-09-24,5.0,44100,1,field,,n/a,original,,,,6f17cda330dc854816ff6fa810a4535882077f1db34f7da8f6a046661164b958,,chainsaw,esc50:4-149294-A-41.wav,,corpus_metadata:ESC-50 field recordings (Freesound clips),esc50_v1,4-149294-A-41.wav,https://github.com/karolpiczak/ESC-50/blob/master/LICENSE
SS-MAC-0651,originals/machinery_fault/SS-MAC-0651.wav,Machinery Fault,ESC-50 (Environmental Sound Classification),https://github.com/karolpiczak/ESC-50,CC-BY-4.0,Karol J. Piczak,2026-09-24,5.0,44100,1,field,,n/a,original,,,,93988074f02db3b15f57181ee8bf2707a2151190dd7b674d110bd88e32a57506,,chainsaw,esc50:4-149294-B-41.wav,,corpus_metadata:ESC-50 field recordings (Freesound clips),esc50_v1,4-149294-B-41.wav,https://github.com/karolpiczak/ESC-50/blob/master/LICENSE
SS-MAC-0652,originals/machinery_fault/SS-MAC-0652.wav,Machinery Fault,ESC-50 (Environmental Sound Classification),https://github.com/karolpiczak/ESC-50,CC-BY-4.0,Karol J. Piczak,2026-09-24,5.0,44100,1,field,,n/a,original,,,,9a71c693e78177287023ad26d3192535104f8a5fa45290150a3f4db647ae5226,,chainsaw,esc50:4-157611-A-41.wav,,corpus_metadata:ESC-50 field recordings (Freesound clips),esc50_v1,4-157611-A-41.wav,https://github.com/karolpiczak/ESC-50/blob/master/LICENSE
SS-MAC-0653,originals/machinery_fault/SS-MAC-0653.wav,Machinery Fault,ESC-50 (Environmental Sound Classification),https://github.com/karolpiczak/ESC-50,CC-BY-4.0,Karol J. Piczak,2026-09-24,5.0,44100,1,field,,n/a,original,,,,e2c2b22cd1b32e80cb5bd0cb5d4e5e3f593fddb609b32ce13e92ee1be0409a7d,,chainsaw,esc50:4-157611-B-41.wav,,corpus_metadata:ESC-50 field recordings (Freesound clips),esc50_v1,4-157611-B-41.wav,https://github.com/karolpiczak/ESC-50/blob/master/LICENSE
SS-MAC-0654,originals/machinery_fault/SS-MAC-0654.wav,Machinery Fault,ESC-50 (Environmental Sound Classification),https://github.com/karolpiczak/ESC-50,CC-BY-4.0,Karol J. Piczak,2026-09-24,5.0,44100,1,field,,n/a,original,,,,74bfa5c0c1d5926aa20fa25d4b57fc3cd445208a23200e282f5f603dc2d0fdc8,,helicopter,esc50:4-161579-A-40.wav,,corpus_metadata:ESC-50 field recordings (Freesound clips),esc50_v1,4-161579-A-40.wav,https://github.com/karolpiczak/ESC-50/blob/master/LICENSE
SS-MAC-0655,originals/machinery_fault/SS-MAC-0655.wav,Machinery Fault,ESC-50 (Environmental Sound Classification),https://github.com/karolpiczak/ESC-50,CC-BY-4.0,Karol J. Piczak,2026-09-24,5.0,44100,1,field,,n/a,original,,,,4f110f1d5c7d4185c7ed5f5a678f9233871126a826698b9eec1e4b2f3768aa1d,,helicopter,esc50:4-161579-B-40.wav,,corpus_metadata:ESC-50 field recordings (Freesound clips),esc50_v1,4-161579-B-40.wav,https://github.com/karolpiczak/ESC-50/blob/master/LICENSE
SS-MAC-0656,originals/machinery_fault/SS-MAC-0656.wav,Machinery Fault,ESC-50 (Environmental Sound Classification),https://github.com/karolpiczak/ESC-50,CC-BY-4.0,Karol J. Piczak,2026-09-24,5.0,44100,1,field,,n/a,original,,,,59bb8e0b1a116bbea7ea48ff6898f37a22a2e875437d480a8ae990fec37ab5ee,,chainsaw,esc50:4-165823-A-41.wav,,corpus_metadata:ESC-50 field recordings (Freesound clips),esc50_v1,4-165823-A-41.wav,https://github.com/karolpiczak/ESC-50/blob/master/LICENSE
SS-MAC-0657,originals/machinery_fault/SS-MAC-0657.wav,Machinery Fault,ESC-50 (Environmental Sound Classification),https://github.com/karolpiczak/ESC-50,CC-BY-4.0,Karol J. Piczak,2026-09-24,5.0,44100,1,field,,n/a,original,,,,b65207c334c37b5ce88da303197f15d1b2e21ee3002b6d644d06c9f9cd5c0a6e,,chainsaw,esc50:4-165823-B-41.wav,,corpus_metadata:ESC-50 field recordings (Freesound clips),esc50_v1,4-165823-B-41.wav,https://github.com/karolpiczak/ESC-50/blob/master/LICENSE
SS-MAC-0658,originals/machinery_fault/SS-MAC-0658.wav,Machinery Fault,ESC-50 (Environmental Sound Classification),https://github.com/karolpiczak/ESC-50,CC-BY-4.0,Karol J. Piczak,2026-09-24,5.0,44100,1,field,,n/a,original,,,,039a8b4ff220493783bc34bbf5f08126f28ea061a50f723f5f334437669484ee,,chainsaw,esc50:4-169127-A-41.wav,,corpus_metadata:ESC-50 field recordings (Freesound clips),esc50_v1,4-169127-A-41.wav,https://github.com/karolpiczak/ESC-50/blob/master/LICENSE
SS-MAC-0659,originals/machinery_fault/SS-MAC-0659.wav,Machinery Fault,ESC-50 (Environmental Sound Classification),https://github.com/karolpiczak/ESC-50,CC-BY-4.0,Karol J. Piczak,2026-09-24,5.0,44100,1,field,,n/a,original,,,,6417b5f63d03cd517df89d1bb598b9e991debfd43a64d3b168d76e75866d6a42,,chainsaw,esc50:4-169127-B-41.wav,,corpus_metadata:ESC-50 field recordings (Freesound clips),esc50_v1,4-169127-B-41.wav,https://github.com/karolpiczak/ESC-50/blob/master/LICENSE
SS-MAC-0660,originals/machinery_fault/SS-MAC-0660.wav,Machinery Fault,ESC-50 (Environmental Sound Classification),https://github.com/karolpiczak/ESC-50,CC-BY-4.0,Karol J. Piczak,2026-09-24,5.0,44100,1,field,,n/a,original,,,,5f0b309e3fa62f6b34763b72f641d7ce1318a1db2fcd7c5ddd27cf380fd58401,,engine,esc50:4-171652-A-44.wav,,corpus_metadata:ESC-50 field recordings (Freesound clips),esc50_v1,4-171652-A-44.wav,https://github.com/karolpiczak/ESC-50/blob/master/LICENSE
SS-MAC-0661,originals/machinery_fault/SS-MAC-0661.wav,Machinery Fault,ESC-50 (Environmental Sound Classification),https://github.com/karolpiczak/ESC-50,CC-BY-4.0,Karol J. Piczak,2026-09-24,5.0,44100,1,field,,n/a,original,,,,e6e0690da254355cd5e8ae4bda3ea349c83d93b8ece5e140bfd6d467813a3c47,,vacuum_cleaner,esc50:4-172732-A-36.wav,,corpus_metadata:ESC-50 field recordings (Freesound clips),esc50_v1,4-172732-A-36.wav,https://github.com/karolpiczak/ESC-50/blob/master/LICENSE
SS-MAC-0662,originals/machinery_fault/SS-MAC-0662.wav,Machinery Fault,ESC-50 (Environmental Sound Classification),https://github.com/karolpiczak/ESC-50,CC-BY-4.0,Karol J. Piczak,2026-09-24,5.0,44100,1,field,,n/a,original,,,,cb2683c4942cb7e1d85e0d3ff62ab29e47a035b2d78808f5341302914867a0d7,,vacuum_cleaner,esc50:4-172733-A-36.wav,,corpus_metadata:ESC-50 field recordings (Freesound clips),esc50_v1,4-172733-A-36.wav,https://github.com/karolpiczak/ESC-50/blob/master/LICENSE
SS-MAC-0663,originals/machinery_fault/SS-MAC-0663.wav,Machinery Fault,ESC-50 (Environmental Sound Classification),https://github.com/karolpiczak/ESC-50,CC-BY-4.0,Karol J. Piczak,2026-09-24,5.0,44100,1,field,,n/a,original,,,,011ed0542de4d6069f22eb60442db8247126bc1eb0681e39cb85f25b6ba6c301,,vacuum_cleaner,esc50:4-172734-A-36.wav,,corpus_metadata:ESC-50 field recordings (Freesound clips),esc50_v1,4-172734-A-36.wav,https://github.com/karolpiczak/ESC-50/blob/master/LICENSE
SS-MAC-0664,originals/machinery_fault/SS-MAC-0664.wav,Machinery Fault,ESC-50 (Environmental Sound Classification),https://github.com/karolpiczak/ESC-50,CC-BY-4.0,Karol J. Piczak,2026-09-24,5.0,44100,1,field,,n/a,original,,,,3a1ee8ca78c888284dcf58aa5d2e029862b0ef16352edc8126e232942ca01e29,,vacuum_cleaner,esc50:4-172736-A-36.wav,,corpus_metadata:ESC-50 field recordings (Freesound clips),esc50_v1,4-172736-A-36.wav,https://github.com/karolpiczak/ESC-50/blob/master/LICENSE
SS-MAC-0665,originals/machinery_fault/SS-MAC-0665.wav,Machinery Fault,ESC-50 (Environmental Sound Classification),https://github.com/karolpiczak/ESC-50,CC-BY-4.0,Karol J. Piczak,2026-09-24,5.0,44100,1,field,,n/a,original,,,,7577d19d249da591d43b44dec9d0988f3d13ebfbba8932fd3110606b3d18c5a3,,vacuum_cleaner,esc50:4-172736-B-36.wav,,corpus_metadata:ESC-50 field recordings (Freesound clips),esc50_v1,4-172736-B-36.wav,https://github.com/karolpiczak/ESC-50/blob/master/LICENSE
SS-MAC-0666,originals/machinery_fault/SS-MAC-0666.wav,Machinery Fault,ESC-50 (Environmental Sound Classification),https://github.com/karolpiczak/ESC-50,CC-BY-4.0,Karol J. Piczak,2026-09-24,5.0,44100,1,field,,n/a,original,,,,1955ca9fc02340cef8d66b125b0e2cdaabea757b1ee38fe9dc3df9646a50657e,,helicopter,esc50:4-175000-A-40.wav,,corpus_metadata:ESC-50 field recordings (Freesound clips),esc50_v1,4-175000-A-40.wav,https://github.com/karolpiczak/ESC-50/blob/master/LICENSE
SS-MAC-0667,originals/machinery_fault/SS-MAC-0667.wav,Machinery Fault,ESC-50 (Environmental Sound Classification),https://github.com/karolpiczak/ESC-50,CC-BY-4.0,Karol J. Piczak,2026-09-24,5.0,44100,1,field,,n/a,original,,,,84b0d5dd09ad0fdca162eebabaacdf07f396a13df8402ab1d6909f348abd25c3,,helicopter,esc50:4-175000-B-40.wav,,corpus_metadata:ESC-50 field recordings (Freesound clips),esc50_v1,4-175000-B-40.wav,https://github.com/karolpiczak/ESC-50/blob/master/LICENSE
SS-MAC-0668,originals/machinery_fault/SS-MAC-0668.wav,Machinery Fault,ESC-50 (Environmental Sound Classification),https://github.com/karolpiczak/ESC-50,CC-BY-4.0,Karol J. Piczak,2026-09-24,5.0,44100,1,field,,n/a,original,,,,ef2f54b5d05ee09cd5b6e76af1e0465cd6f07a1f2a06d49eca912a995c0e48cd,,helicopter,esc50:4-175000-C-40.wav,,corpus_metadata:ESC-50 field recordings (Freesound clips),esc50_v1,4-175000-C-40.wav,https://github.com/karolpiczak/ESC-50/blob/master/LICENSE
SS-MAC-0669,originals/machinery_fault/SS-MAC-0669.wav,Machinery Fault,ESC-50 (Environmental Sound Classification),https://github.com/karolpiczak/ESC-50,CC-BY-4.0,Karol J. Piczak,2026-09-24,5.0,44100,1,field,,n/a,original,,,,10fdd12ca0a1d4dde025138f18da53c290e853e652d54691254bbee3f2bd40a5,,vacuum_cleaner,esc50:4-181999-A-36.wav,,corpus_metadata:ESC-50 field recordings (Freesound clips),esc50_v1,4-181999-A-36.wav,https://github.com/karolpiczak/ESC-50/blob/master/LICENSE
SS-MAC-0670,originals/machinery_fault/SS-MAC-0670.wav,Machinery Fault,ESC-50 (Environmental Sound Classification),https://github.com/karolpiczak/ESC-50,CC-BY-4.0,Karol J. Piczak,2026-09-24,5.0,44100,1,field,,n/a,original,,,,d5fa3e05bb7222e031cf0fde1866e20aee5f3686d45a69337757930c46769bf4,,engine,esc50:4-186935-A-44.wav,,corpus_metadata:ESC-50 field recordings (Freesound clips),esc50_v1,4-186935-A-44.wav,https://github.com/karolpiczak/ESC-50/blob/master/LICENSE
SS-MAC-0671,originals/machinery_fault/SS-MAC-0671.wav,Machinery Fault,ESC-50 (Environmental Sound Classification),https://github.com/karolpiczak/ESC-50,CC-BY-4.0,Karol J. Piczak,2026-09-24,5.0,44100,1,field,,n/a,original,,,,df22b88ba5d56f61e5204f7ad8bcdff77272d8c9677f7ca748321039799fea99,,engine,esc50:4-186936-A-44.wav,,corpus_metadata:ESC-50 field recordings (Freesound clips),esc50_v1,4-186936-A-44.wav,https://github.com/karolpiczak/ESC-50/blob/master/LICENSE
SS-MAC-0672,originals/machinery_fault/SS-MAC-0672.wav,Machinery Fault,ESC-50 (Environmental Sound Classification),https://github.com/karolpiczak/ESC-50,CC-BY-4.0,Karol J. Piczak,2026-09-24,5.0,44100,1,field,,n/a,original,,,,7a1280fb2f69345819bc79982eac5ded1a1c6fb42ae1d686a20aca29405e893a,,engine,esc50:4-186938-A-44.wav,,corpus_metadata:ESC-50 field recordings (Freesound clips),esc50_v1,4-186938-A-44.wav,https://github.com/karolpiczak/ESC-50/blob/master/LICENSE
SS-MAC-0673,originals/machinery_fault/SS-MAC-0673.wav,Machinery Fault,ESC-50 (Environmental Sound Classification),https://github.com/karolpiczak/ESC-50,CC-BY-4.0,Karol J. Piczak,2026-09-24,5.0,44100,1,field,,n/a,original,,,,dd0431ec5f8faa5f33063a15bc6be42a6ef3c8424f75ca6d71525158e7cf8e5a,,engine,esc50:4-186940-A-44.wav,,corpus_metadata:ESC-50 field recordings (Freesound clips),esc50_v1,4-186940-A-44.wav,https://github.com/karolpiczak/ESC-50/blob/master/LICENSE
SS-MAC-0674,originals/machinery_fault/SS-MAC-0674.wav,Machinery Fault,ESC-50 (Environmental Sound Classification),https://github.com/karolpiczak/ESC-50,CC-BY-4.0,Karol J. Piczak,2026-09-24,5.0,44100,1,field,,n/a,original,,,,b6d8887b6913589f56e4d2376a707c82d5c4c80789fc49065461a56899fc82e7,,engine,esc50:4-186962-A-44.wav,,corpus_metadata:ESC-50 field recordings (Freesound clips),esc50_v1,4-186962-A-44.wav,https://github.com/karolpiczak/ESC-50/blob/master/LICENSE
SS-MAC-0675,originals/machinery_fault/SS-MAC-0675.wav,Machinery Fault,ESC-50 (Environmental Sound Classification),https://github.com/karolpiczak/ESC-50,CC-BY-4.0,Karol J. Piczak,2026-09-24,5.0,44100,1,field,,n/a,original,,,,1cf1759e082bf6f1ff9387cefa9cd7050f05154ed8c5e0dc490f43ee9a6dc1b5,,helicopter,esc50:4-193480-A-40.wav,,corpus_metadata:ESC-50 field recordings (Freesound clips),esc50_v1,4-193480-A-40.wav,https://github.com/karolpiczak/ESC-50/blob/master/LICENSE
SS-MAC-0676,originals/machinery_fault/SS-MAC-0676.wav,Machinery Fault,ESC-50 (Environmental Sound Classification),https://github.com/karolpiczak/ESC-50,CC-BY-4.0,Karol J. Piczak,2026-09-24,5.0,44100,1,field,,n/a,original,,,,70a164e3d5cbb8735afd80b6507de1bc4234d30d70efa036ae1f5424573f02df,,helicopter,esc50:4-193480-B-40.wav,,corpus_metadata:ESC-50 field recordings (Freesound clips),esc50_v1,4-193480-B-40.wav,https://github.com/karolpiczak/ESC-50/blob/master/LICENSE
SS-MAC-0677,originals/machinery_fault/SS-MAC-0677.wav,Machinery Fault,ESC-50 (Environmental Sound Classification),https://github.com/karolpiczak/ESC-50,CC-BY-4.0,Karol J. Piczak,2026-09-24,5.0,44100,1,field,,n/a,original,,,,7cfaaaa5fd15d746f66a0131d44cbdd6b0f0ddb3690da99b6f8857ea3f69b2b5,,vacuum_cleaner,esc50:4-194680-A-36.wav,,corpus_metadata:ESC-50 field recordings (Freesound clips),esc50_v1,4-194680-A-36.wav,https://github.com/karolpiczak/ESC-50/blob/master/LICENSE
SS-MAC-0678,originals/machinery_fault/SS-MAC-0678.wav,Machinery Fault,ESC-50 (Environmental Sound Classification),https://github.com/karolpiczak/ESC-50,CC-BY-4.0,Karol J. Piczak,2026-09-24,5.0,44100,1,field,,n/a,original,,,,ca02867f6995cf11de5d9ed443e842b59e62bfdcdf77910ab9a4daf4242f5e4a,,engine,esc50:4-195451-A-44.wav,,corpus_metadata:ESC-50 field recordings (Freesound clips),esc50_v1,4-195451-A-44.wav,https://github.com/karolpiczak/ESC-50/blob/master/LICENSE
SS-MAC-0679,originals/machinery_fault/SS-MAC-0679.wav,Machinery Fault,ESC-50 (Environmental Sound Classification),https://github.com/karolpiczak/ESC-50,CC-BY-4.0,Karol J. Piczak,2026-09-24,5.0,44100,1,field,,n/a,original,,,,da1175ae1546391f81a565f0eb22a39772a7d658652974b8c889fb990ac15b21,,hand_saw,esc50:4-198360-A-49.wav,,corpus_metadata:ESC-50 field recordings (Freesound clips),esc50_v1,4-198360-A-49.wav,https://github.com/karolpiczak/ESC-50/blob/master/LICENSE
SS-MAC-0680,originals/machinery_fault/SS-MAC-0680.wav,Machinery Fault,ESC-50 (Environmental Sound Classification),https://github.com/karolpiczak/ESC-50,CC-BY-4.0,Karol J. Piczak,2026-09-24,5.0,44100,1,field,,n/a,original,,,,901384fcd260e81f3a7b6a033fbd3d19e10ed785d4a05e1967924014e5c20594,,hand_saw,esc50:4-198360-B-49.wav,,corpus_metadata:ESC-50 field recordings (Freesound clips),esc50_v1,4-198360-B-49.wav,https://github.com/karolpiczak/ESC-50/blob/master/LICENSE
SS-SCR-0501,originals/panic_scream/SS-SCR-0501.wav,Panic Scream,FSD50K.eval (recovered from truncated archive),https://zenodo.org/record/4060432,CC-BY-4.0,Eduardo Fonseca et al.,2026-09-24,2.577,44100,1,field,,n/a,original,,,,f62ad4ba8e1d58a1e22ba0346c904e1af6935b4d257943dad55ad64dec76572f,,"Screaming,Human voice",fsd50k_eval:156901,,corpus_metadata:FSD50K Freesound field recordings,fsd50k_eval_recovered_v1,156901.wav,https://creativecommons.org/licenses/by/4.0/
SS-SCR-0502,originals/panic_scream/SS-SCR-0502.wav,Panic Scream,FSD50K.eval (recovered from truncated archive),https://zenodo.org/record/4060432,CC-BY-4.0,Eduardo Fonseca et al.,2026-09-24,1.2,44100,1,field,,n/a,original,,,,87e6be756c4af756950596c55b30c404d0c4b8bbc31764d94e810f93202f3a03,,"Screaming,Human voice",fsd50k_eval:271242,,corpus_metadata:FSD50K Freesound field recordings,fsd50k_eval_recovered_v1,271242.wav,https://creativecommons.org/licenses/by/4.0/
SS-SCR-0503,originals/panic_scream/SS-SCR-0503.wav,Panic Scream,FSD50K.eval (recovered from truncated archive),https://zenodo.org/record/4060432,CC-BY-4.0,Eduardo Fonseca et al.,2026-09-24,0.988,44100,1,field,,n/a,original,,,,17ec9da52382e2ffedb36e6bcc3def0de9e0e183ec40c39bc1c131dc0ec40b97,,"Screaming,Shout,Human voice",fsd50k_eval:381944,,corpus_metadata:FSD50K Freesound field recordings,fsd50k_eval_recovered_v1,381944.wav,https://creativecommons.org/licenses/by/4.0/
SS-SCR-0504,originals/panic_scream/SS-SCR-0504.wav,Panic Scream,FSD50K.eval (recovered from truncated archive),https://zenodo.org/record/4060432,CC-BY-4.0,Eduardo Fonseca et al.,2026-09-24,1.416,44100,1,field,,n/a,original,,,,454fa11c5f8a1354c7dde661d1c8441d33d3cd151cdab7523e925737eec6e8f7,,"Screaming,Human voice",fsd50k_eval:382991,,corpus_metadata:FSD50K Freesound field recordings,fsd50k_eval_recovered_v1,382991.wav,https://creativecommons.org/licenses/by/4.0/
SS-SCR-0505,originals/panic_scream/SS-SCR-0505.wav,Panic Scream,FSD50K.eval (recovered from truncated archive),https://zenodo.org/record/4060432,CC-BY-4.0,Eduardo Fonseca et al.,2026-09-24,8.885,44100,1,field,,n/a,original,,,,edc98758de00deb19b4006fb44881b7d94ce94fad6430494f66a695bd99d39aa,,"Male speech and man speaking,Squeak,Female speech and woman speaking,Screaming,Human group actions,Shout,Speech,Human voice",fsd50k_eval:48052,,corpus_metadata:FSD50K Freesound field recordings,fsd50k_eval_recovered_v1,48052.wav,https://creativecommons.org/licenses/by/4.0/
SS-HOR-0501,originals/vehicle_horn/SS-HOR-0501.wav,Vehicle Horn,ESC-50 (Environmental Sound Classification),https://github.com/karolpiczak/ESC-50,CC-BY-4.0,Karol J. Piczak,2026-09-24,5.0,44100,1,field,,n/a,original,,,,9d5e01e07a386ee36c2e73f40817d132a54d91c936eccc01414280abca5a4209,,car_horn,esc50:1-17124-A-43.wav,,corpus_metadata:ESC-50 field recordings (Freesound clips),esc50_v1,1-17124-A-43.wav,https://github.com/karolpiczak/ESC-50/blob/master/LICENSE
SS-HOR-0502,originals/vehicle_horn/SS-HOR-0502.wav,Vehicle Horn,ESC-50 (Environmental Sound Classification),https://github.com/karolpiczak/ESC-50,CC-BY-4.0,Karol J. Piczak,2026-09-24,5.0,44100,1,field,,n/a,original,,,,67bb2fe5cf138930eb6a6a84bedeb7284093076738cd47ef73cc8b3b8393ff40,,car_horn,esc50:1-19026-A-43.wav,,corpus_metadata:ESC-50 field recordings (Freesound clips),esc50_v1,1-19026-A-43.wav,https://github.com/karolpiczak/ESC-50/blob/master/LICENSE
SS-HOR-0503,originals/vehicle_horn/SS-HOR-0503.wav,Vehicle Horn,ESC-50 (Environmental Sound Classification),https://github.com/karolpiczak/ESC-50,CC-BY-4.0,Karol J. Piczak,2026-09-24,5.0,44100,1,field,,n/a,original,,,,ebdbc03e89c6a41c8ce1df7b12d4e2c4bb3f91345c43e7d75a1ed1357ff5f7e0,,car_horn,esc50:1-24074-A-43.wav,,corpus_metadata:ESC-50 field recordings (Freesound clips),esc50_v1,1-24074-A-43.wav,https://github.com/karolpiczak/ESC-50/blob/master/LICENSE
SS-HOR-0504,originals/vehicle_horn/SS-HOR-0504.wav,Vehicle Horn,ESC-50 (Environmental Sound Classification),https://github.com/karolpiczak/ESC-50,CC-BY-4.0,Karol J. Piczak,2026-09-24,5.0,44100,1,field,,n/a,original,,,,723edafd5bda638184bab5038745b6cafc9c813440b236175074d4d42b142d94,,car_horn,esc50:1-24076-A-43.wav,,corpus_metadata:ESC-50 field recordings (Freesound clips),esc50_v1,1-24076-A-43.wav,https://github.com/karolpiczak/ESC-50/blob/master/LICENSE
SS-HOR-0505,originals/vehicle_horn/SS-HOR-0505.wav,Vehicle Horn,ESC-50 (Environmental Sound Classification),https://github.com/karolpiczak/ESC-50,CC-BY-4.0,Karol J. Piczak,2026-09-24,5.0,44100,1,field,,n/a,original,,,,ebe976ccd285cb44e6585d889f2a8759c5de47e9940f638ecaa300def46e544a,,car_horn,esc50:1-254507-A-43.wav,,corpus_metadata:ESC-50 field recordings (Freesound clips),esc50_v1,1-254507-A-43.wav,https://github.com/karolpiczak/ESC-50/blob/master/LICENSE
SS-HOR-0506,originals/vehicle_horn/SS-HOR-0506.wav,Vehicle Horn,ESC-50 (Environmental Sound Classification),https://github.com/karolpiczak/ESC-50,CC-BY-4.0,Karol J. Piczak,2026-09-24,5.0,44100,1,field,,n/a,original,,,,f1972b41b111a56e84d4fff30dd2e628521d6c699693adc60c14985c4cfdbf25,,car_horn,esc50:1-26176-A-43.wav,,corpus_metadata:ESC-50 field recordings (Freesound clips),esc50_v1,1-26176-A-43.wav,https://github.com/karolpiczak/ESC-50/blob/master/LICENSE
SS-HOR-0507,originals/vehicle_horn/SS-HOR-0507.wav,Vehicle Horn,ESC-50 (Environmental Sound Classification),https://github.com/karolpiczak/ESC-50,CC-BY-4.0,Karol J. Piczak,2026-09-24,5.0,44100,1,field,,n/a,original,,,,65655fc14cb749884c5965a42912decebf922aa6b51f1e27f56da7f35d1d381f,,car_horn,esc50:1-26177-A-43.wav,,corpus_metadata:ESC-50 field recordings (Freesound clips),esc50_v1,1-26177-A-43.wav,https://github.com/karolpiczak/ESC-50/blob/master/LICENSE
SS-HOR-0508,originals/vehicle_horn/SS-HOR-0508.wav,Vehicle Horn,ESC-50 (Environmental Sound Classification),https://github.com/karolpiczak/ESC-50,CC-BY-4.0,Karol J. Piczak,2026-09-24,5.0,44100,1,field,,n/a,original,,,,23c54679c820a7f6a71674df1ef064afffd3344d8ea859d9c5978301ce2736a5,,car_horn,esc50:1-28808-A-43.wav,,corpus_metadata:ESC-50 field recordings (Freesound clips),esc50_v1,1-28808-A-43.wav,https://github.com/karolpiczak/ESC-50/blob/master/LICENSE
SS-HOR-0509,originals/vehicle_horn/SS-HOR-0509.wav,Vehicle Horn,ESC-50 (Environmental Sound Classification),https://github.com/karolpiczak/ESC-50,CC-BY-4.0,Karol J. Piczak,2026-09-24,5.0,44100,1,field,,n/a,original,,,,d52b04e2cd6fee1467d9faae0297b5eb2e3c7a68575bf6f982ca0c738f91df68,,car_horn,esc50:2-100648-A-43.wav,,corpus_metadata:ESC-50 field recordings (Freesound clips),esc50_v1,2-100648-A-43.wav,https://github.com/karolpiczak/ESC-50/blob/master/LICENSE
SS-HOR-0510,originals/vehicle_horn/SS-HOR-0510.wav,Vehicle Horn,ESC-50 (Environmental Sound Classification),https://github.com/karolpiczak/ESC-50,CC-BY-4.0,Karol J. Piczak,2026-09-24,5.0,44100,1,field,,n/a,original,,,,79e2335cf1fa4b0a6be7d2a93007f630acd89e178405ae2fabf45ee3af801fda,,car_horn,esc50:2-125520-A-43.wav,,corpus_metadata:ESC-50 field recordings (Freesound clips),esc50_v1,2-125520-A-43.wav,https://github.com/karolpiczak/ESC-50/blob/master/LICENSE
SS-HOR-0511,originals/vehicle_horn/SS-HOR-0511.wav,Vehicle Horn,ESC-50 (Environmental Sound Classification),https://github.com/karolpiczak/ESC-50,CC-BY-4.0,Karol J. Piczak,2026-09-24,5.0,44100,1,field,,n/a,original,,,,3ea14ee5f81618b2f7575597fd5ea84b81e9f6cad8be31925c8146e593c4223c,,car_horn,esc50:2-128465-A-43.wav,,corpus_metadata:ESC-50 field recordings (Freesound clips),esc50_v1,2-128465-A-43.wav,https://github.com/karolpiczak/ESC-50/blob/master/LICENSE
SS-HOR-0512,originals/vehicle_horn/SS-HOR-0512.wav,Vehicle Horn,ESC-50 (Environmental Sound Classification),https://github.com/karolpiczak/ESC-50,CC-BY-4.0,Karol J. Piczak,2026-09-24,5.0,44100,1,field,,n/a,original,,,,33b2d69540813ddad41ec1fd472d0a488badd3f584d6d2866b1c01cc8bf3f4fc,,car_horn,esc50:2-128465-B-43.wav,,corpus_metadata:ESC-50 field recordings (Freesound clips),esc50_v1,2-128465-B-43.wav,https://github.com/karolpiczak/ESC-50/blob/master/LICENSE
SS-HOR-0513,originals/vehicle_horn/SS-HOR-0513.wav,Vehicle Horn,ESC-50 (Environmental Sound Classification),https://github.com/karolpiczak/ESC-50,CC-BY-4.0,Karol J. Piczak,2026-09-24,5.0,44100,1,field,,n/a,original,,,,380ec3e24401d866e349066951383dce4d58b6244fce3780f1b40c37b2aad242,,car_horn,esc50:2-138465-A-43.wav,,corpus_metadata:ESC-50 field recordings (Freesound clips),esc50_v1,2-138465-A-43.wav,https://github.com/karolpiczak/ESC-50/blob/master/LICENSE
SS-HOR-0514,originals/vehicle_horn/SS-HOR-0514.wav,Vehicle Horn,ESC-50 (Environmental Sound Classification),https://github.com/karolpiczak/ESC-50,CC-BY-4.0,Karol J. Piczak,2026-09-24,5.0,44100,1,field,,n/a,original,,,,47a434e6db6ed5f323cb3c27db65d6bb3e8b63190126ede88e0b5d07597df8bd,,car_horn,esc50:2-144137-A-43.wav,,corpus_metadata:ESC-50 field recordings (Freesound clips),esc50_v1,2-144137-A-43.wav,https://github.com/karolpiczak/ESC-50/blob/master/LICENSE
SS-HOR-0515,originals/vehicle_horn/SS-HOR-0515.wav,Vehicle Horn,ESC-50 (Environmental Sound Classification),https://github.com/karolpiczak/ESC-50,CC-BY-4.0,Karol J. Piczak,2026-09-24,5.0,44100,1,field,,n/a,original,,,,7dbb349df688e552e85413d808b6338aa9e8fcc8a907d905817820a6dc603d49,,car_horn,esc50:2-42101-A-43.wav,,corpus_metadata:ESC-50 field recordings (Freesound clips),esc50_v1,2-42101-A-43.wav,https://github.com/karolpiczak/ESC-50/blob/master/LICENSE
SS-HOR-0516,originals/vehicle_horn/SS-HOR-0516.wav,Vehicle Horn,ESC-50 (Environmental Sound Classification),https://github.com/karolpiczak/ESC-50,CC-BY-4.0,Karol J. Piczak,2026-09-24,5.0,44100,1,field,,n/a,original,,,,66d57ce16595c23b696ce37858261d98342005f1b07c2b9c2e6a9e4b76480d33,,car_horn,esc50:2-54086-A-43.wav,,corpus_metadata:ESC-50 field recordings (Freesound clips),esc50_v1,2-54086-A-43.wav,https://github.com/karolpiczak/ESC-50/blob/master/LICENSE
SS-HOR-0517,originals/vehicle_horn/SS-HOR-0517.wav,Vehicle Horn,ESC-50 (Environmental Sound Classification),https://github.com/karolpiczak/ESC-50,CC-BY-4.0,Karol J. Piczak,2026-09-24,5.0,44100,1,field,,n/a,original,,,,0cfe3103f197d1f8d23cb7afb5b81468f44a66ca86e7cc1b6051fc2892f9c4e3,,car_horn,esc50:3-145577-A-43.wav,,corpus_metadata:ESC-50 field recordings (Freesound clips),esc50_v1,3-145577-A-43.wav,https://github.com/karolpiczak/ESC-50/blob/master/LICENSE
SS-HOR-0518,originals/vehicle_horn/SS-HOR-0518.wav,Vehicle Horn,ESC-50 (Environmental Sound Classification),https://github.com/karolpiczak/ESC-50,CC-BY-4.0,Karol J. Piczak,2026-09-24,5.0,44100,1,field,,n/a,original,,,,eecf11e6945781d89a689d5e691329935ca865a23827d4d57e79b6b84bd6b631,,car_horn,esc50:3-146697-A-43.wav,,corpus_metadata:ESC-50 field recordings (Freesound clips),esc50_v1,3-146697-A-43.wav,https://github.com/karolpiczak/ESC-50/blob/master/LICENSE
SS-HOR-0519,originals/vehicle_horn/SS-HOR-0519.wav,Vehicle Horn,ESC-50 (Environmental Sound Classification),https://github.com/karolpiczak/ESC-50,CC-BY-4.0,Karol J. Piczak,2026-09-24,5.0,44100,1,field,,n/a,original,,,,d9ef718570e5f58436d84a45a0619d1b812eac187282dad30fbf166432f6cf79,,car_horn,esc50:3-153057-A-43.wav,,corpus_metadata:ESC-50 field recordings (Freesound clips),esc50_v1,3-153057-A-43.wav,https://github.com/karolpiczak/ESC-50/blob/master/LICENSE
SS-HOR-0520,originals/vehicle_horn/SS-HOR-0520.wav,Vehicle Horn,ESC-50 (Environmental Sound Classification),https://github.com/karolpiczak/ESC-50,CC-BY-4.0,Karol J. Piczak,2026-09-24,5.0,44100,1,field,,n/a,original,,,,3e0868245e2f29e1c437f21d9e9da69ca15187c9c54d8339150f677e8ed3c34b,,car_horn,esc50:3-155130-A-43.wav,,corpus_metadata:ESC-50 field recordings (Freesound clips),esc50_v1,3-155130-A-43.wav,https://github.com/karolpiczak/ESC-50/blob/master/LICENSE
SS-HOR-0521,originals/vehicle_horn/SS-HOR-0521.wav,Vehicle Horn,ESC-50 (Environmental Sound Classification),https://github.com/karolpiczak/ESC-50,CC-BY-4.0,Karol J. Piczak,2026-09-24,5.0,44100,1,field,,n/a,original,,,,d3dd9ebc885f00e0857e10fc2c42716c078506c88bb4c28b1eceff75dbf21100,,car_horn,esc50:3-155234-A-43.wav,,corpus_metadata:ESC-50 field recordings (Freesound clips),esc50_v1,3-155234-A-43.wav,https://github.com/karolpiczak/ESC-50/blob/master/LICENSE
SS-HOR-0522,originals/vehicle_horn/SS-HOR-0522.wav,Vehicle Horn,ESC-50 (Environmental Sound Classification),https://github.com/karolpiczak/ESC-50,CC-BY-4.0,Karol J. Piczak,2026-09-24,5.0,44100,1,field,,n/a,original,,,,b44f3e2b3e75394ab4f475cad59304852c64f5d9c3e3ee7735913cc4de176346,,car_horn,esc50:3-161010-A-43.wav,,corpus_metadata:ESC-50 field recordings (Freesound clips),esc50_v1,3-161010-A-43.wav,https://github.com/karolpiczak/ESC-50/blob/master/LICENSE
SS-HOR-0523,originals/vehicle_horn/SS-HOR-0523.wav,Vehicle Horn,ESC-50 (Environmental Sound Classification),https://github.com/karolpiczak/ESC-50,CC-BY-4.0,Karol J. Piczak,2026-09-24,5.0,44100,1,field,,n/a,original,,,,86c2d00015c345e5aef746eedd00068d941c298a8408f01a4b0e7dfccbbafc44,,car_horn,esc50:3-174840-A-43.wav,,corpus_metadata:ESC-50 field recordings (Freesound clips),esc50_v1,3-174840-A-43.wav,https://github.com/karolpiczak/ESC-50/blob/master/LICENSE
SS-HOR-0524,originals/vehicle_horn/SS-HOR-0524.wav,Vehicle Horn,ESC-50 (Environmental Sound Classification),https://github.com/karolpiczak/ESC-50,CC-BY-4.0,Karol J. Piczak,2026-09-24,5.0,44100,1,field,,n/a,original,,,,59d89e8d5ec2897522d4f9ff35dc381f751e3af6253db49ddc7865e75b35121e,,car_horn,esc50:3-243726-A-43.wav,,corpus_metadata:ESC-50 field recordings (Freesound clips),esc50_v1,3-243726-A-43.wav,https://github.com/karolpiczak/ESC-50/blob/master/LICENSE
SS-HOR-0525,originals/vehicle_horn/SS-HOR-0525.wav,Vehicle Horn,ESC-50 (Environmental Sound Classification),https://github.com/karolpiczak/ESC-50,CC-BY-4.0,Karol J. Piczak,2026-09-24,5.0,44100,1,field,,n/a,original,,,,aeaf26bd07b54964985f7c5726b2724f57b9912b6e70c0af2f8bf3758ca0f18c,,car_horn,esc50:4-175845-A-43.wav,,corpus_metadata:ESC-50 field recordings (Freesound clips),esc50_v1,4-175845-A-43.wav,https://github.com/karolpiczak/ESC-50/blob/master/LICENSE
SS-HOR-0526,originals/vehicle_horn/SS-HOR-0526.wav,Vehicle Horn,ESC-50 (Environmental Sound Classification),https://github.com/karolpiczak/ESC-50,CC-BY-4.0,Karol J. Piczak,2026-09-24,5.0,44100,1,field,,n/a,original,,,,5d8600b8472cd713a5ab9953a78ab4c47e1d400b91b23dada33fbeb2597a6daf,,car_horn,esc50:4-175846-A-43.wav,,corpus_metadata:ESC-50 field recordings (Freesound clips),esc50_v1,4-175846-A-43.wav,https://github.com/karolpiczak/ESC-50/blob/master/LICENSE
SS-HOR-0527,originals/vehicle_horn/SS-HOR-0527.wav,Vehicle Horn,ESC-50 (Environmental Sound Classification),https://github.com/karolpiczak/ESC-50,CC-BY-4.0,Karol J. Piczak,2026-09-24,5.0,44100,1,field,,n/a,original,,,,b7b7a822f27aa7af474e69404c0694f4c3811769e99f64f58493d99b85dc5e45,,car_horn,esc50:4-175855-A-43.wav,,corpus_metadata:ESC-50 field recordings (Freesound clips),esc50_v1,4-175855-A-43.wav,https://github.com/karolpiczak/ESC-50/blob/master/LICENSE
SS-HOR-0528,originals/vehicle_horn/SS-HOR-0528.wav,Vehicle Horn,ESC-50 (Environmental Sound Classification),https://github.com/karolpiczak/ESC-50,CC-BY-4.0,Karol J. Piczak,2026-09-24,5.0,44100,1,field,,n/a,original,,,,2ef0a166b66435ecd822f654692dc8e128835fb438bc8a5b061502271176e3d2,,car_horn,esc50:4-175856-A-43.wav,,corpus_metadata:ESC-50 field recordings (Freesound clips),esc50_v1,4-175856-A-43.wav,https://github.com/karolpiczak/ESC-50/blob/master/LICENSE
SS-HOR-0529,originals/vehicle_horn/SS-HOR-0529.wav,Vehicle Horn,ESC-50 (Environmental Sound Classification),https://github.com/karolpiczak/ESC-50,CC-BY-4.0,Karol J. Piczak,2026-09-24,5.0,44100,1,field,,n/a,original,,,,81a26b475d2206ffc57c1e1bead922dee628bf6ce8f3cc1f7e0d95a1692e384c,,car_horn,esc50:4-176631-A-43.wav,,corpus_metadata:ESC-50 field recordings (Freesound clips),esc50_v1,4-176631-A-43.wav,https://github.com/karolpiczak/ESC-50/blob/master/LICENSE
SS-HOR-0530,originals/vehicle_horn/SS-HOR-0530.wav,Vehicle Horn,ESC-50 (Environmental Sound Classification),https://github.com/karolpiczak/ESC-50,CC-BY-4.0,Karol J. Piczak,2026-09-24,5.0,44100,1,field,,n/a,original,,,,6e2cf0e0671f26167772c0aa34bcdeb711fec40b62b79311433bf4dd9497ce5a,,car_horn,esc50:4-176638-A-43.wav,,corpus_metadata:ESC-50 field recordings (Freesound clips),esc50_v1,4-176638-A-43.wav,https://github.com/karolpiczak/ESC-50/blob/master/LICENSE
SS-HOR-0531,originals/vehicle_horn/SS-HOR-0531.wav,Vehicle Horn,ESC-50 (Environmental Sound Classification),https://github.com/karolpiczak/ESC-50,CC-BY-4.0,Karol J. Piczak,2026-09-24,5.0,44100,1,field,,n/a,original,,,,9ec40aa83ad3ae9a7a5c2184b7db241f6e288d13e4d6cce1ceac97ddffe2faff,,car_horn,esc50:4-178402-A-43.wav,,corpus_metadata:ESC-50 field recordings (Freesound clips),esc50_v1,4-178402-A-43.wav,https://github.com/karolpiczak/ESC-50/blob/master/LICENSE
SS-HOR-0532,originals/vehicle_horn/SS-HOR-0532.wav,Vehicle Horn,ESC-50 (Environmental Sound Classification),https://github.com/karolpiczak/ESC-50,CC-BY-4.0,Karol J. Piczak,2026-09-24,5.0,44100,1,field,,n/a,original,,,,ca89718085b0dff144e5e7833dce424364f1ca1b737eb8d45df70cf8e1d1250a,,car_horn,esc50:4-191015-A-43.wav,,corpus_metadata:ESC-50 field recordings (Freesound clips),esc50_v1,4-191015-A-43.wav,https://github.com/karolpiczak/ESC-50/blob/master/LICENSE
SS-HOR-0533,originals/vehicle_horn/SS-HOR-0533.wav,Vehicle Horn,ESC-50 (Environmental Sound Classification),https://github.com/karolpiczak/ESC-50,CC-BY-4.0,Karol J. Piczak,2026-09-24,5.0,44100,1,field,,n/a,original,,,,9be96b2f8cd6a81053fea7e8be03a5936070490ce3b193b47936140536c0a3c2,,car_horn,esc50:5-179860-A-43.wav,,corpus_metadata:ESC-50 field recordings (Freesound clips),esc50_v1,5-179860-A-43.wav,https://github.com/karolpiczak/ESC-50/blob/master/LICENSE
SS-HOR-0534,originals/vehicle_horn/SS-HOR-0534.wav,Vehicle Horn,ESC-50 (Environmental Sound Classification),https://github.com/karolpiczak/ESC-50,CC-BY-4.0,Karol J. Piczak,2026-09-24,5.0,44100,1,field,,n/a,original,,,,9a777c790a2476a3de0efd0318e6fb369ad5af8bee0d007193ce08913dd9ae33,,car_horn,esc50:5-179863-A-43.wav,,corpus_metadata:ESC-50 field recordings (Freesound clips),esc50_v1,5-179863-A-43.wav,https://github.com/karolpiczak/ESC-50/blob/master/LICENSE
SS-HOR-0535,originals/vehicle_horn/SS-HOR-0535.wav,Vehicle Horn,ESC-50 (Environmental Sound Classification),https://github.com/karolpiczak/ESC-50,CC-BY-4.0,Karol J. Piczak,2026-09-24,5.0,44100,1,field,,n/a,original,,,,0a452b37b0c8c89f33babe75c5c6af3d6bb80daf683559130a1716fb1f0c0948,,car_horn,esc50:5-179865-A-43.wav,,corpus_metadata:ESC-50 field recordings (Freesound clips),esc50_v1,5-179865-A-43.wav,https://github.com/karolpiczak/ESC-50/blob/master/LICENSE
SS-HOR-0536,originals/vehicle_horn/SS-HOR-0536.wav,Vehicle Horn,ESC-50 (Environmental Sound Classification),https://github.com/karolpiczak/ESC-50,CC-BY-4.0,Karol J. Piczak,2026-09-24,5.0,44100,1,field,,n/a,original,,,,aecc03f051ef2dc592a3a62e51e95c61267e835a2e4a70492104e312edebaf6c,,car_horn,esc50:5-179866-A-43.wav,,corpus_metadata:ESC-50 field recordings (Freesound clips),esc50_v1,5-179866-A-43.wav,https://github.com/karolpiczak/ESC-50/blob/master/LICENSE
SS-HOR-0537,originals/vehicle_horn/SS-HOR-0537.wav,Vehicle Horn,ESC-50 (Environmental Sound Classification),https://github.com/karolpiczak/ESC-50,CC-BY-4.0,Karol J. Piczak,2026-09-24,5.0,44100,1,field,,n/a,original,,,,9bcfe1420d2d11be38661f2f8099633736f940f1859d49f2d5d6716c0d840ae6,,car_horn,esc50:5-179868-A-43.wav,,corpus_metadata:ESC-50 field recordings (Freesound clips),esc50_v1,5-179868-A-43.wav,https://github.com/karolpiczak/ESC-50/blob/master/LICENSE
SS-HOR-0538,originals/vehicle_horn/SS-HOR-0538.wav,Vehicle Horn,ESC-50 (Environmental Sound Classification),https://github.com/karolpiczak/ESC-50,CC-BY-4.0,Karol J. Piczak,2026-09-24,5.0,44100,1,field,,n/a,original,,,,cbf7bc438e26a813e1317a2dd28232e039b0ce00df0e3f567cafbd2a998b3fa3,,car_horn,esc50:5-180156-A-43.wav,,corpus_metadata:ESC-50 field recordings (Freesound clips),esc50_v1,5-180156-A-43.wav,https://github.com/karolpiczak/ESC-50/blob/master/LICENSE
SS-HOR-0539,originals/vehicle_horn/SS-HOR-0539.wav,Vehicle Horn,ESC-50 (Environmental Sound Classification),https://github.com/karolpiczak/ESC-50,CC-BY-4.0,Karol J. Piczak,2026-09-24,5.0,44100,1,field,,n/a,original,,,,0593cc83b35ce0a14c18f6a176f90044a38600e77e8cfe6806a5ccbd3f2e0d1a,,car_horn,esc50:5-180156-B-43.wav,,corpus_metadata:ESC-50 field recordings (Freesound clips),esc50_v1,5-180156-B-43.wav,https://github.com/karolpiczak/ESC-50/blob/master/LICENSE
SS-HOR-0540,originals/vehicle_horn/SS-HOR-0540.wav,Vehicle Horn,ESC-50 (Environmental Sound Classification),https://github.com/karolpiczak/ESC-50,CC-BY-4.0,Karol J. Piczak,2026-09-24,5.0,44100,1,field,,n/a,original,,,,d3aa6e92a3cd40effe68ea87a37b1930ab0f4c346367bdbdebab451ee35d80ab,,car_horn,esc50:5-180156-C-43.wav,,corpus_metadata:ESC-50 field recordings (Freesound clips),esc50_v1,5-180156-C-43.wav,https://github.com/karolpiczak/ESC-50/blob/master/LICENSE
SS-HOR-0541,originals/vehicle_horn/SS-HOR-0541.wav,Vehicle Horn,UrbanSound8K (urban sound slices),https://urbansounddataset.weebly.com/urbansound8k.html,CC-BY-4.0,"Justin Salamon, Duncan Jacoby, Juan Pablo Bello",2026-09-24,0.649,44100,2,field,,n/a,original,,,,3a8c2e31a97ab534811c716f3d8fac601f6704fabb352df4d1f02f9d067948eb,,car_horn,us8k:100648-1-0-0.wav,2,corpus_metadata:UrbanSound8K urban field recordings,urbansound8k_v1,100648-1-0-0.wav,https://creativecommons.org/licenses/by/4.0/
SS-HOR-0542,originals/vehicle_horn/SS-HOR-0542.wav,Vehicle Horn,UrbanSound8K (urban sound slices),https://urbansounddataset.weebly.com/urbansound8k.html,CC-BY-4.0,"Justin Salamon, Duncan Jacoby, Juan Pablo Bello",2026-09-24,1.05,44100,2,field,,n/a,original,,,,673f392246efc66ab6059b07baf0785ece392d71d77e6dc0fea4e300ee9d0ae2,,car_horn,us8k:100648-1-1-0.wav,2,corpus_metadata:UrbanSound8K urban field recordings,urbansound8k_v1,100648-1-1-0.wav,https://creativecommons.org/licenses/by/4.0/
SS-HOR-0543,originals/vehicle_horn/SS-HOR-0543.wav,Vehicle Horn,UrbanSound8K (urban sound slices),https://urbansounddataset.weebly.com/urbansound8k.html,CC-BY-4.0,"Justin Salamon, Duncan Jacoby, Juan Pablo Bello",2026-09-24,0.405,44100,2,field,,n/a,original,,,,8c16d0b5a6ce15368eea0fc4d3b5e7d1fcac01c785dc6131359f3d7b41e26876,,car_horn,us8k:100648-1-2-0.wav,2,corpus_metadata:UrbanSound8K urban field recordings,urbansound8k_v1,100648-1-2-0.wav,https://creativecommons.org/licenses/by/4.0/
SS-HOR-0544,originals/vehicle_horn/SS-HOR-0544.wav,Vehicle Horn,UrbanSound8K (urban sound slices),https://urbansounddataset.weebly.com/urbansound8k.html,CC-BY-4.0,"Justin Salamon, Duncan Jacoby, Juan Pablo Bello",2026-09-24,1.62,44100,2,field,,n/a,original,,,,a400e7cef2b2b3d803d5eb147d7dc05d988f5f8eb7a8bb70bcc4dbd61dda0019,,car_horn,us8k:100648-1-3-0.wav,2,corpus_metadata:UrbanSound8K urban field recordings,urbansound8k_v1,100648-1-3-0.wav,https://creativecommons.org/licenses/by/4.0/
SS-HOR-0545,originals/vehicle_horn/SS-HOR-0545.wav,Vehicle Horn,UrbanSound8K (urban sound slices),https://urbansounddataset.weebly.com/urbansound8k.html,CC-BY-4.0,"Justin Salamon, Duncan Jacoby, Juan Pablo Bello",2026-09-24,1.86,44100,2,field,,n/a,original,,,,dd2bcc7fed4d622814fc607da893aca34abbc5701ef52f92091c1ff6c0ca70e9,,car_horn,us8k:100648-1-4-0.wav,2,corpus_metadata:UrbanSound8K urban field recordings,urbansound8k_v1,100648-1-4-0.wav,https://creativecommons.org/licenses/by/4.0/
SS-HOR-0546,originals/vehicle_horn/SS-HOR-0546.wav,Vehicle Horn,UrbanSound8K (urban sound slices),https://urbansounddataset.weebly.com/urbansound8k.html,CC-BY-4.0,"Justin Salamon, Duncan Jacoby, Juan Pablo Bello",2026-09-24,0.599,44100,2,field,,n/a,original,,,,0f4f76022e1b34fb05fd35934c16db0ed69b34538cf6ce897ba656090d0a456b,,car_horn,us8k:107090-1-0-0.wav,2,corpus_metadata:UrbanSound8K urban field recordings,urbansound8k_v1,107090-1-0-0.wav,https://creativecommons.org/licenses/by/4.0/
SS-HOR-0547,originals/vehicle_horn/SS-HOR-0547.wav,Vehicle Horn,UrbanSound8K (urban sound slices),https://urbansounddataset.weebly.com/urbansound8k.html,CC-BY-4.0,"Justin Salamon, Duncan Jacoby, Juan Pablo Bello",2026-09-24,0.829,44100,2,field,,n/a,original,,,,ef2bb949a095c87b0845f375fad73f217238190c36eca045552865320dd4997f,,car_horn,us8k:107090-1-1-0.wav,2,corpus_metadata:UrbanSound8K urban field recordings,urbansound8k_v1,107090-1-1-0.wav,https://creativecommons.org/licenses/by/4.0/
SS-HOR-0548,originals/vehicle_horn/SS-HOR-0548.wav,Vehicle Horn,UrbanSound8K (urban sound slices),https://urbansounddataset.weebly.com/urbansound8k.html,CC-BY-4.0,"Justin Salamon, Duncan Jacoby, Juan Pablo Bello",2026-09-24,0.576,44100,2,field,,n/a,original,,,,9bee7e5c24313b924f2917f36504173ff22d3c8fbdf3be707c8f9efed75d7811,,car_horn,us8k:117536-1-0-0.wav,2,corpus_metadata:UrbanSound8K urban field recordings,urbansound8k_v1,117536-1-0-0.wav,https://creativecommons.org/licenses/by/4.0/
SS-HOR-0549,originals/vehicle_horn/SS-HOR-0549.wav,Vehicle Horn,UrbanSound8K (urban sound slices),https://urbansounddataset.weebly.com/urbansound8k.html,CC-BY-4.0,"Justin Salamon, Duncan Jacoby, Juan Pablo Bello",2026-09-24,0.225,48000,2,field,,n/a,original,,,,910076290827de634b8e06f58cf4119326e738fd68c2f5c9a31e0550f934db9c,,car_horn,us8k:118070-1-0-0.wav,1,corpus_metadata:UrbanSound8K urban field recordings,urbansound8k_v1,118070-1-0-0.wav,https://creativecommons.org/licenses/by/4.0/
SS-HOR-0550,originals/vehicle_horn/SS-HOR-0550.wav,Vehicle Horn,UrbanSound8K (urban sound slices),https://urbansounddataset.weebly.com/urbansound8k.html,CC-BY-4.0,"Justin Salamon, Duncan Jacoby, Juan Pablo Bello",2026-09-24,0.255,16000,1,field,,n/a,original,,,,072b4fdc0c903bfd0d29f7a5fb63d8bc472ac530af5274b78c6394281cac6ca2,,car_horn,us8k:118496-1-0-0.wav,2,corpus_metadata:UrbanSound8K urban field recordings,urbansound8k_v1,118496-1-0-0.wav,https://creativecommons.org/licenses/by/4.0/
SS-HOR-0551,originals/vehicle_horn/SS-HOR-0551.wav,Vehicle Horn,UrbanSound8K (urban sound slices),https://urbansounddataset.weebly.com/urbansound8k.html,CC-BY-4.0,"Justin Salamon, Duncan Jacoby, Juan Pablo Bello",2026-09-24,0.19,16000,1,field,,n/a,original,,,,048efd11f295a579040b15655cb77fcec822c3ddbeea1271067d65fadcc74986,,car_horn,us8k:118496-1-1-0.wav,2,corpus_metadata:UrbanSound8K urban field recordings,urbansound8k_v1,118496-1-1-0.wav,https://creativecommons.org/licenses/by/4.0/
SS-HOR-0552,originals/vehicle_horn/SS-HOR-0552.wav,Vehicle Horn,UrbanSound8K (urban sound slices),https://urbansounddataset.weebly.com/urbansound8k.html,CC-BY-4.0,"Justin Salamon, Duncan Jacoby, Juan Pablo Bello",2026-09-24,0.63,48000,2,field,,n/a,original,,,,6fe9fd1952a81ff1a2a5dbdbd3db64bfd4f031476cc961d31e9e21031a49fc3c,,car_horn,us8k:121299-1-0-0.wav,2,corpus_metadata:UrbanSound8K urban field recordings,urbansound8k_v1,121299-1-0-0.wav,https://creativecommons.org/licenses/by/4.0/
SS-HOR-0553,originals/vehicle_horn/SS-HOR-0553.wav,Vehicle Horn,UrbanSound8K (urban sound slices),https://urbansounddataset.weebly.com/urbansound8k.html,CC-BY-4.0,"Justin Salamon, Duncan Jacoby, Juan Pablo Bello",2026-09-24,0.86,48000,1,field,,n/a,original,,,,7718c1f005aae1b0f795dc1278e77a8ca2f74d3a920e41f64bfee0520adab29a,,car_horn,us8k:125520-1-0-0.wav,1,corpus_metadata:UrbanSound8K urban field recordings,urbansound8k_v1,125520-1-0-0.wav,https://creativecommons.org/licenses/by/4.0/
SS-HOR-0554,originals/vehicle_horn/SS-HOR-0554.wav,Vehicle Horn,UrbanSound8K (urban sound slices),https://urbansounddataset.weebly.com/urbansound8k.html,CC-BY-4.0,"Justin Salamon, Duncan Jacoby, Juan Pablo Bello",2026-09-24,2.178,48000,1,field,,n/a,original,,,,68c0787e1ae4ada1ed55984fe82aa33c1f6193b57305337f99cdda74b5d25b8d,,car_horn,us8k:125520-1-1-0.wav,1,corpus_metadata:UrbanSound8K urban field recordings,urbansound8k_v1,125520-1-1-0.wav,https://creativecommons.org/licenses/by/4.0/
SS-HOR-0555,originals/vehicle_horn/SS-HOR-0555.wav,Vehicle Horn,UrbanSound8K (urban sound slices),https://urbansounddataset.weebly.com/urbansound8k.html,CC-BY-4.0,"Justin Salamon, Duncan Jacoby, Juan Pablo Bello",2026-09-24,0.867,48000,1,field,,n/a,original,,,,232ba9766b7b129f28e3f3b80a5ecc5fff3e830228b547ea700a4e3e0ff525de,,car_horn,us8k:125520-1-2-0.wav,1,corpus_metadata:UrbanSound8K urban field recordings,urbansound8k_v1,125520-1-2-0.wav,https://creativecommons.org/licenses/by/4.0/
SS-HOR-0556,originals/vehicle_horn/SS-HOR-0556.wav,Vehicle Horn,UrbanSound8K (urban sound slices),https://urbansounddataset.weebly.com/urbansound8k.html,CC-BY-4.0,"Justin Salamon, Duncan Jacoby, Juan Pablo Bello",2026-09-24,0.868,48000,1,field,,n/a,original,,,,f35ee576d076c4545e5c6c1738892253e7f5d896b1d39e60ed73d3731e4bbd1e,,car_horn,us8k:125520-1-3-0.wav,1,corpus_metadata:UrbanSound8K urban field recordings,urbansound8k_v1,125520-1-3-0.wav,https://creativecommons.org/licenses/by/4.0/
SS-HOR-0557,originals/vehicle_horn/SS-HOR-0557.wav,Vehicle Horn,UrbanSound8K (urban sound slices),https://urbansounddataset.weebly.com/urbansound8k.html,CC-BY-4.0,"Justin Salamon, Duncan Jacoby, Juan Pablo Bello",2026-09-24,0.568,48000,1,field,,n/a,original,,,,f59c79c9efe6e0bd75c61aaabe4663c1a61a91a90c0484b3e79f52ce47d6221f,,car_horn,us8k:125520-1-4-0.wav,1,corpus_metadata:UrbanSound8K urban field recordings,urbansound8k_v1,125520-1-4-0.wav,https://creativecommons.org/licenses/by/4.0/
SS-HOR-0558,originals/vehicle_horn/SS-HOR-0558.wav,Vehicle Horn,UrbanSound8K (urban sound slices),https://urbansounddataset.weebly.com/urbansound8k.html,CC-BY-4.0,"Justin Salamon, Duncan Jacoby, Juan Pablo Bello",2026-09-24,4.0,48000,1,field,,n/a,original,,,,b01eb5b3fe682ae797b6a879fcfa0058ad54004b5e037e41148af609c816f21c,,car_horn,us8k:128465-1-0-0.wav,2,corpus_metadata:UrbanSound8K urban field recordings,urbansound8k_v1,128465-1-0-0.wav,https://creativecommons.org/licenses/by/4.0/
SS-HOR-0559,originals/vehicle_horn/SS-HOR-0559.wav,Vehicle Horn,UrbanSound8K (urban sound slices),https://urbansounddataset.weebly.com/urbansound8k.html,CC-BY-4.0,"Justin Salamon, Duncan Jacoby, Juan Pablo Bello",2026-09-24,4.0,48000,1,field,,n/a,original,,,,64bae78a0fb609f783515adfa3d9a427fedb38d6b114d7e479c2a7b0ec2f24a3,,car_horn,us8k:128465-1-0-1.wav,2,corpus_metadata:UrbanSound8K urban field recordings,urbansound8k_v1,128465-1-0-1.wav,https://creativecommons.org/licenses/by/4.0/
SS-HOR-0560,originals/vehicle_horn/SS-HOR-0560.wav,Vehicle Horn,UrbanSound8K (urban sound slices),https://urbansounddataset.weebly.com/urbansound8k.html,CC-BY-4.0,"Justin Salamon, Duncan Jacoby, Juan Pablo Bello",2026-09-24,4.0,48000,1,field,,n/a,original,,,,5c55222aadeb37437fbbe0576af4e59f53a7fcb8e296fb8eaa7af67f9aae2803,,car_horn,us8k:128465-1-0-2.wav,2,corpus_metadata:UrbanSound8K urban field recordings,urbansound8k_v1,128465-1-0-2.wav,https://creativecommons.org/licenses/by/4.0/
SS-HOR-0561,originals/vehicle_horn/SS-HOR-0561.wav,Vehicle Horn,UrbanSound8K (urban sound slices),https://urbansounddataset.weebly.com/urbansound8k.html,CC-BY-4.0,"Justin Salamon, Duncan Jacoby, Juan Pablo Bello",2026-09-24,4.0,48000,1,field,,n/a,original,,,,d67f5c2d21ffc6e59d09aa78d2d4ba73c0e1bcf3d9a0db6c25461cb8d9b40529,,car_horn,us8k:128465-1-0-3.wav,2,corpus_metadata:UrbanSound8K urban field recordings,urbansound8k_v1,128465-1-0-3.wav,https://creativecommons.org/licenses/by/4.0/
SS-HOR-0562,originals/vehicle_horn/SS-HOR-0562.wav,Vehicle Horn,UrbanSound8K (urban sound slices),https://urbansounddataset.weebly.com/urbansound8k.html,CC-BY-4.0,"Justin Salamon, Duncan Jacoby, Juan Pablo Bello",2026-09-24,4.0,48000,1,field,,n/a,original,,,,22964214b1503641b0220030dfe7402932033e8d93201f5ba5ddcb7c86cb7e8c,,car_horn,us8k:128465-1-0-4.wav,2,corpus_metadata:UrbanSound8K urban field recordings,urbansound8k_v1,128465-1-0-4.wav,https://creativecommons.org/licenses/by/4.0/
SS-HOR-0563,originals/vehicle_horn/SS-HOR-0563.wav,Vehicle Horn,UrbanSound8K (urban sound slices),https://urbansounddataset.weebly.com/urbansound8k.html,CC-BY-4.0,"Justin Salamon, Duncan Jacoby, Juan Pablo Bello",2026-09-24,4.0,48000,1,field,,n/a,original,,,,34237db89bc6b46a3ac34f9d11c0bf3be5a52d4a10d57fc874678438d3680a41,,car_horn,us8k:128465-1-0-5.wav,2,corpus_metadata:UrbanSound8K urban field recordings,urbansound8k_v1,128465-1-0-5.wav,https://creativecommons.org/licenses/by/4.0/
SS-HOR-0564,originals/vehicle_horn/SS-HOR-0564.wav,Vehicle Horn,UrbanSound8K (urban sound slices),https://urbansounddataset.weebly.com/urbansound8k.html,CC-BY-4.0,"Justin Salamon, Duncan Jacoby, Juan Pablo Bello",2026-09-24,4.0,48000,1,field,,n/a,original,,,,da1193ea67f0151e1f043aed2a3467b6ee4a599d2a7bfae551841ab86e91502a,,car_horn,us8k:128465-1-0-6.wav,2,corpus_metadata:UrbanSound8K urban field recordings,urbansound8k_v1,128465-1-0-6.wav,https://creativecommons.org/licenses/by/4.0/
SS-HOR-0565,originals/vehicle_horn/SS-HOR-0565.wav,Vehicle Horn,UrbanSound8K (urban sound slices),https://urbansounddataset.weebly.com/urbansound8k.html,CC-BY-4.0,"Justin Salamon, Duncan Jacoby, Juan Pablo Bello",2026-09-24,4.0,48000,1,field,,n/a,original,,,,2ef8e1f31025a18b5b6d455b52acbe3dff5172ebc90123624cf37f507059bb29,,car_horn,us8k:128465-1-0-7.wav,2,corpus_metadata:UrbanSound8K urban field recordings,urbansound8k_v1,128465-1-0-7.wav,https://creativecommons.org/licenses/by/4.0/
SS-HOR-0566,originals/vehicle_horn/SS-HOR-0566.wav,Vehicle Horn,UrbanSound8K (urban sound slices),https://urbansounddataset.weebly.com/urbansound8k.html,CC-BY-4.0,"Justin Salamon, Duncan Jacoby, Juan Pablo Bello",2026-09-24,4.0,48000,1,field,,n/a,original,,,,dc69ad5eb8f97549c1a543948463c3db4d74efc6e6cf1155f051e45d8beae85b,,car_horn,us8k:128465-1-0-8.wav,2,corpus_metadata:UrbanSound8K urban field recordings,urbansound8k_v1,128465-1-0-8.wav,https://creativecommons.org/licenses/by/4.0/
SS-HOR-0567,originals/vehicle_horn/SS-HOR-0567.wav,Vehicle Horn,UrbanSound8K (urban sound slices),https://urbansounddataset.weebly.com/urbansound8k.html,CC-BY-4.0,"Justin Salamon, Duncan Jacoby, Juan Pablo Bello",2026-09-24,1.46,48000,2,field,,n/a,original,,,,2dffa0164a20771b94aff719e32dd2614a1f43ed1ccacea76a97cae0ab436537,,car_horn,us8k:132073-1-0-0.wav,2,corpus_metadata:UrbanSound8K urban field recordings,urbansound8k_v1,132073-1-0-0.wav,https://creativecommons.org/licenses/by/4.0/
SS-HOR-0568,originals/vehicle_horn/SS-HOR-0568.wav,Vehicle Horn,UrbanSound8K (urban sound slices),https://urbansounddataset.weebly.com/urbansound8k.html,CC-BY-4.0,"Justin Salamon, Duncan Jacoby, Juan Pablo Bello",2026-09-24,1.15,48000,2,field,,n/a,original,,,,984bd0a841d9360f66b60e578904f9c330c40a524649bf3b048a166e7b92541a,,car_horn,us8k:132073-1-1-0.wav,2,corpus_metadata:UrbanSound8K urban field recordings,urbansound8k_v1,132073-1-1-0.wav,https://creativecommons.org/licenses/by/4.0/
SS-HOR-0569,originals/vehicle_horn/SS-HOR-0569.wav,Vehicle Horn,UrbanSound8K (urban sound slices),https://urbansounddataset.weebly.com/urbansound8k.html,CC-BY-4.0,"Justin Salamon, Duncan Jacoby, Juan Pablo Bello",2026-09-24,0.366,48000,2,field,,n/a,original,,,,2c96759e9321310484dc34ea6ec9295b80302f42263510efec62b6d823f0c547,,car_horn,us8k:132073-1-2-0.wav,2,corpus_metadata:UrbanSound8K urban field recordings,urbansound8k_v1,132073-1-2-0.wav,https://creativecommons.org/licenses/by/4.0/
SS-HOR-0570,originals/vehicle_horn/SS-HOR-0570.wav,Vehicle Horn,UrbanSound8K (urban sound slices),https://urbansounddataset.weebly.com/urbansound8k.html,CC-BY-4.0,"Justin Salamon, Duncan Jacoby, Juan Pablo Bello",2026-09-24,1.986,48000,2,field,,n/a,original,,,,c6c7b2fec6166f4d687dd7fbd62b384713039bb25655e87b11781e26d07b0cfe,,car_horn,us8k:132073-1-3-0.wav,2,corpus_metadata:UrbanSound8K urban field recordings,urbansound8k_v1,132073-1-3-0.wav,https://creativecommons.org/licenses/by/4.0/
SS-HOR-0571,originals/vehicle_horn/SS-HOR-0571.wav,Vehicle Horn,UrbanSound8K (urban sound slices),https://urbansounddataset.weebly.com/urbansound8k.html,CC-BY-4.0,"Justin Salamon, Duncan Jacoby, Juan Pablo Bello",2026-09-24,0.78,48000,2,field,,n/a,original,,,,94d232599d451ea39be2865e43d7397201d287e0082c7c8d1d7b462964664483,,car_horn,us8k:132073-1-4-0.wav,2,corpus_metadata:UrbanSound8K urban field recordings,urbansound8k_v1,132073-1-4-0.wav,https://creativecommons.org/licenses/by/4.0/
SS-HOR-0572,originals/vehicle_horn/SS-HOR-0572.wav,Vehicle Horn,UrbanSound8K (urban sound slices),https://urbansounddataset.weebly.com/urbansound8k.html,CC-BY-4.0,"Justin Salamon, Duncan Jacoby, Juan Pablo Bello",2026-09-24,1.359,48000,2,field,,n/a,original,,,,02d57aae57554a744136e705cb9f0d7c85be1b6eb8fbee8ceaecea0fe6ef3e4d,,car_horn,us8k:132073-1-5-0.wav,2,corpus_metadata:UrbanSound8K urban field recordings,urbansound8k_v1,132073-1-5-0.wav,https://creativecommons.org/licenses/by/4.0/
SS-HOR-0573,originals/vehicle_horn/SS-HOR-0573.wav,Vehicle Horn,UrbanSound8K (urban sound slices),https://urbansounddataset.weebly.com/urbansound8k.html,CC-BY-4.0,"Justin Salamon, Duncan Jacoby, Juan Pablo Bello",2026-09-24,0.366,48000,2,field,,n/a,original,,,,25118f7e99413366ee212c106460281ae310d97a9d559fded31ecad860c553d5,,car_horn,us8k:132073-1-6-0.wav,2,corpus_metadata:UrbanSound8K urban field recordings,urbansound8k_v1,132073-1-6-0.wav,https://creativecommons.org/licenses/by/4.0/
SS-HOR-0574,originals/vehicle_horn/SS-HOR-0574.wav,Vehicle Horn,UrbanSound8K (urban sound slices),https://urbansounddataset.weebly.com/urbansound8k.html,CC-BY-4.0,"Justin Salamon, Duncan Jacoby, Juan Pablo Bello",2026-09-24,3.75,44100,2,field,,n/a,original,,,,5f793188302aa9678d34ba29aff31de610c9a5fbec9366cd04937ecb142ee36d,,car_horn,us8k:138465-1-0-0.wav,2,corpus_metadata:UrbanSound8K urban field recordings,urbansound8k_v1,138465-1-0-0.wav,https://creativecommons.org/licenses/by/4.0/
SS-HOR-0575,originals/vehicle_horn/SS-HOR-0575.wav,Vehicle Horn,UrbanSound8K (urban sound slices),https://urbansounddataset.weebly.com/urbansound8k.html,CC-BY-4.0,"Justin Salamon, Duncan Jacoby, Juan Pablo Bello",2026-09-24,3.6,44100,2,field,,n/a,original,,,,712698895eab52e78839f5d98df63a32bd46f7865bc80f4e93aacf9c9f07cc3a,,car_horn,us8k:138468-1-0-0.wav,2,corpus_metadata:UrbanSound8K urban field recordings,urbansound8k_v1,138468-1-0-0.wav,https://creativecommons.org/licenses/by/4.0/
SS-HOR-0576,originals/vehicle_horn/SS-HOR-0576.wav,Vehicle Horn,UrbanSound8K (urban sound slices),https://urbansounddataset.weebly.com/urbansound8k.html,CC-BY-4.0,"Justin Salamon, Duncan Jacoby, Juan Pablo Bello",2026-09-24,0.6,48000,2,field,,n/a,original,,,,d5e08621f59783d33db6d71bcdcdc4c12a9cbfa15be5e1645b9d6ed61f80282b,,car_horn,us8k:143115-1-0-0.wav,2,corpus_metadata:UrbanSound8K urban field recordings,urbansound8k_v1,143115-1-0-0.wav,https://creativecommons.org/licenses/by/4.0/
SS-HOR-0577,originals/vehicle_horn/SS-HOR-0577.wav,Vehicle Horn,UrbanSound8K (urban sound slices),https://urbansounddataset.weebly.com/urbansound8k.html,CC-BY-4.0,"Justin Salamon, Duncan Jacoby, Juan Pablo Bello",2026-09-24,1.207,48000,2,field,,n/a,original,,,,3104284ee3258e45f5e32ac35ec3fda1bc7266e748aec436912592c72af3db1b,,car_horn,us8k:143115-1-1-0.wav,2,corpus_metadata:UrbanSound8K urban field recordings,urbansound8k_v1,143115-1-1-0.wav,https://creativecommons.org/licenses/by/4.0/
SS-HOR-0578,originals/vehicle_horn/SS-HOR-0578.wav,Vehicle Horn,UrbanSound8K (urban sound slices),https://urbansounddataset.weebly.com/urbansound8k.html,CC-BY-4.0,"Justin Salamon, Duncan Jacoby, Juan Pablo Bello",2026-09-24,1.207,48000,2,field,,n/a,original,,,,f7516b634103502db22d265a7da347e0cacaeb58d0378a639b9826879893a0eb,,car_horn,us8k:143115-1-2-0.wav,2,corpus_metadata:UrbanSound8K urban field recordings,urbansound8k_v1,143115-1-2-0.wav,https://creativecommons.org/licenses/by/4.0/
SS-HOR-0579,originals/vehicle_horn/SS-HOR-0579.wav,Vehicle Horn,UrbanSound8K (urban sound slices),https://urbansounddataset.weebly.com/urbansound8k.html,CC-BY-4.0,"Justin Salamon, Duncan Jacoby, Juan Pablo Bello",2026-09-24,0.45,48000,2,field,,n/a,original,,,,d124e17da76580e96fbefb8d78182af6a2aa49a31575ac3c79cd5a6307ee7512,,car_horn,us8k:143115-1-3-0.wav,2,corpus_metadata:UrbanSound8K urban field recordings,urbansound8k_v1,143115-1-3-0.wav,https://creativecommons.org/licenses/by/4.0/
SS-HOR-0580,originals/vehicle_horn/SS-HOR-0580.wav,Vehicle Horn,UrbanSound8K (urban sound slices),https://urbansounddataset.weebly.com/urbansound8k.html,CC-BY-4.0,"Justin Salamon, Duncan Jacoby, Juan Pablo Bello",2026-09-24,0.35,48000,2,field,,n/a,original,,,,7bafd6bfa61cf8e2af3fe7b615b5939dc5f293e2fb1539e0807e98f98a92f068,,car_horn,us8k:143115-1-4-0.wav,2,corpus_metadata:UrbanSound8K urban field recordings,urbansound8k_v1,143115-1-4-0.wav,https://creativecommons.org/licenses/by/4.0/
SS-HOR-0581,originals/vehicle_horn/SS-HOR-0581.wav,Vehicle Horn,UrbanSound8K (urban sound slices),https://urbansounddataset.weebly.com/urbansound8k.html,CC-BY-4.0,"Justin Salamon, Duncan Jacoby, Juan Pablo Bello",2026-09-24,0.85,48000,2,field,,n/a,original,,,,e271a66770ec47de60b33e0baafeb578d0d4bdbb79c1a4f467cc3f711b8711d4,,car_horn,us8k:14524-1-0-0.wav,2,corpus_metadata:UrbanSound8K urban field recordings,urbansound8k_v1,14524-1-0-0.wav,https://creativecommons.org/licenses/by/4.0/
SS-HOR-0582,originals/vehicle_horn/SS-HOR-0582.wav,Vehicle Horn,UrbanSound8K (urban sound slices),https://urbansounddataset.weebly.com/urbansound8k.html,CC-BY-4.0,"Justin Salamon, Duncan Jacoby, Juan Pablo Bello",2026-09-24,1.106,44100,2,field,,n/a,original,,,,218656aba77e6867574a6ae974c0ec29991290c8ff8b05e819dd081f00731b33,,car_horn,us8k:145577-1-0-0.wav,1,corpus_metadata:UrbanSound8K urban field recordings,urbansound8k_v1,145577-1-0-0.wav,https://creativecommons.org/licenses/by/4.0/
SS-HOR-0583,originals/vehicle_horn/SS-HOR-0583.wav,Vehicle Horn,UrbanSound8K (urban sound slices),https://urbansounddataset.weebly.com/urbansound8k.html,CC-BY-4.0,"Justin Salamon, Duncan Jacoby, Juan Pablo Bello",2026-09-24,0.14,48000,2,field,,n/a,original,,,,787a1cac5c6c91fdf4605a2835a181ff56576e8a5d95ef308bab3804f0575c08,,car_horn,us8k:151359-1-0-0.wav,1,corpus_metadata:UrbanSound8K urban field recordings,urbansound8k_v1,151359-1-0-0.wav,https://creativecommons.org/licenses/by/4.0/
SS-HOR-0584,originals/vehicle_horn/SS-HOR-0584.wav,Vehicle Horn,UrbanSound8K (urban sound slices),https://urbansounddataset.weebly.com/urbansound8k.html,CC-BY-4.0,"Justin Salamon, Duncan Jacoby, Juan Pablo Bello",2026-09-24,0.155,48000,2,field,,n/a,original,,,,7dc176bd1367281914b646aa657b14655f107bc47e4f8af81001ca82e22fae98,,car_horn,us8k:151359-1-1-0.wav,1,corpus_metadata:UrbanSound8K urban field recordings,urbansound8k_v1,151359-1-1-0.wav,https://creativecommons.org/licenses/by/4.0/
SS-HOR-0585,originals/vehicle_horn/SS-HOR-0585.wav,Vehicle Horn,UrbanSound8K (urban sound slices),https://urbansounddataset.weebly.com/urbansound8k.html,CC-BY-4.0,"Justin Salamon, Duncan Jacoby, Juan Pablo Bello",2026-09-24,0.097,48000,2,field,,n/a,original,,,,08d49ba7e69bd92dd39a87a292eec66ce787b00641fa130b61d7f99993c15dae,,car_horn,us8k:151359-1-2-0.wav,1,corpus_metadata:UrbanSound8K urban field recordings,urbansound8k_v1,151359-1-2-0.wav,https://creativecommons.org/licenses/by/4.0/
SS-HOR-0586,originals/vehicle_horn/SS-HOR-0586.wav,Vehicle Horn,UrbanSound8K (urban sound slices),https://urbansounddataset.weebly.com/urbansound8k.html,CC-BY-4.0,"Justin Salamon, Duncan Jacoby, Juan Pablo Bello",2026-09-24,0.11,48000,2,field,,n/a,original,,,,ec46a523b32a07a483c81bbb68976dbdf6027ceaa8598f4675403a09c1af1189,,car_horn,us8k:151359-1-3-0.wav,1,corpus_metadata:UrbanSound8K urban field recordings,urbansound8k_v1,151359-1-3-0.wav,https://creativecommons.org/licenses/by/4.0/
SS-HOR-0587,originals/vehicle_horn/SS-HOR-0587.wav,Vehicle Horn,UrbanSound8K (urban sound slices),https://urbansounddataset.weebly.com/urbansound8k.html,CC-BY-4.0,"Justin Salamon, Duncan Jacoby, Juan Pablo Bello",2026-09-24,1.099,44100,2,field,,n/a,original,,,,71ada71db50d1a0ea740d7ff584d9a28c548c632cb9f9112e92d6326b5f3a431,,car_horn,us8k:153057-1-0-0.wav,1,corpus_metadata:UrbanSound8K urban field recordings,urbansound8k_v1,153057-1-0-0.wav,https://creativecommons.org/licenses/by/4.0/
SS-HOR-0588,originals/vehicle_horn/SS-HOR-0588.wav,Vehicle Horn,UrbanSound8K (urban sound slices),https://urbansounddataset.weebly.com/urbansound8k.html,CC-BY-4.0,"Justin Salamon, Duncan Jacoby, Juan Pablo Bello",2026-09-24,0.1,44100,2,field,,n/a,original,,,,c18ec141f6a0ebbc2bcd97eedbb37594db721e62a77b76e68b2a2ed102c5488b,,car_horn,us8k:155129-1-0-0.wav,1,corpus_metadata:UrbanSound8K urban field recordings,urbansound8k_v1,155129-1-0-0.wav,https://creativecommons.org/licenses/by/4.0/
SS-HOR-0589,originals/vehicle_horn/SS-HOR-0589.wav,Vehicle Horn,UrbanSound8K (urban sound slices),https://urbansounddataset.weebly.com/urbansound8k.html,CC-BY-4.0,"Justin Salamon, Duncan Jacoby, Juan Pablo Bello",2026-09-24,0.158,44100,2,field,,n/a,original,,,,a8a72929cda655ef07aa908fef2144a79ecbad781ba3283ed62453c74dd5e4eb,,car_horn,us8k:155129-1-1-0.wav,1,corpus_metadata:UrbanSound8K urban field recordings,urbansound8k_v1,155129-1-1-0.wav,https://creativecommons.org/licenses/by/4.0/
SS-HOR-0590,originals/vehicle_horn/SS-HOR-0590.wav,Vehicle Horn,UrbanSound8K (urban sound slices),https://urbansounddataset.weebly.com/urbansound8k.html,CC-BY-4.0,"Justin Salamon, Duncan Jacoby, Juan Pablo Bello",2026-09-24,2.2,44100,2,field,,n/a,original,,,,0b268c4ea9847d2a1b83de193f34dd80a14f0d8e69a861ad2451f93fca054e4e,,car_horn,us8k:155129-1-2-0.wav,2,corpus_metadata:UrbanSound8K urban field recordings,urbansound8k_v1,155129-1-2-0.wav,https://creativecommons.org/licenses/by/4.0/
SS-HOR-0591,originals/vehicle_horn/SS-HOR-0591.wav,Vehicle Horn,UrbanSound8K (urban sound slices),https://urbansounddataset.weebly.com/urbansound8k.html,CC-BY-4.0,"Justin Salamon, Duncan Jacoby, Juan Pablo Bello",2026-09-24,0.17,44100,2,field,,n/a,original,,,,f3e9b7e0aabc891cf2727bd2dbb0c250e135c313c1d2e97fab8b8869bd27ddb5,,car_horn,us8k:155130-1-0-0.wav,1,corpus_metadata:UrbanSound8K urban field recordings,urbansound8k_v1,155130-1-0-0.wav,https://creativecommons.org/licenses/by/4.0/
SS-HOR-0592,originals/vehicle_horn/SS-HOR-0592.wav,Vehicle Horn,UrbanSound8K (urban sound slices),https://urbansounddataset.weebly.com/urbansound8k.html,CC-BY-4.0,"Justin Salamon, Duncan Jacoby, Juan Pablo Bello",2026-09-24,0.678,44100,2,field,,n/a,original,,,,570b44af899899091ef979955d3e318fe59cdba637b32238ea3f634c31a375c5,,car_horn,us8k:155130-1-1-0.wav,1,corpus_metadata:UrbanSound8K urban field recordings,urbansound8k_v1,155130-1-1-0.wav,https://creativecommons.org/licenses/by/4.0/
SS-HOR-0593,originals/vehicle_horn/SS-HOR-0593.wav,Vehicle Horn,UrbanSound8K (urban sound slices),https://urbansounddataset.weebly.com/urbansound8k.html,CC-BY-4.0,"Justin Salamon, Duncan Jacoby, Juan Pablo Bello",2026-09-24,2.11,44100,2,field,,n/a,original,,,,6e8aae33b4a808a21b503659d9ae3c87f7cbcb1cf41c1cf8f78f792899fc4513,,car_horn,us8k:155234-1-0-0.wav,2,corpus_metadata:UrbanSound8K urban field recordings,urbansound8k_v1,155234-1-0-0.wav,https://creativecommons.org/licenses/by/4.0/
SS-HOR-0594,originals/vehicle_horn/SS-HOR-0594.wav,Vehicle Horn,UrbanSound8K (urban sound slices),https://urbansounddataset.weebly.com/urbansound8k.html,CC-BY-4.0,"Justin Salamon, Duncan Jacoby, Juan Pablo Bello",2026-09-24,0.606,44100,2,field,,n/a,original,,,,0e7578658218845da41fcb75cf2f4c35583129e5c2b2b0531f62905454cbcd7f,,car_horn,us8k:155283-1-0-0.wav,2,corpus_metadata:UrbanSound8K urban field recordings,urbansound8k_v1,155283-1-0-0.wav,https://creativecommons.org/licenses/by/4.0/
SS-HOR-0595,originals/vehicle_horn/SS-HOR-0595.wav,Vehicle Horn,UrbanSound8K (urban sound slices),https://urbansounddataset.weebly.com/urbansound8k.html,CC-BY-4.0,"Justin Salamon, Duncan Jacoby, Juan Pablo Bello",2026-09-24,0.639,44100,2,field,,n/a,original,,,,201adf02c7ec86e42120b9f378daec408a449b4df60c643f64588edf4ba17081,,car_horn,us8k:155283-1-1-0.wav,2,corpus_metadata:UrbanSound8K urban field recordings,urbansound8k_v1,155283-1-1-0.wav,https://creativecommons.org/licenses/by/4.0/
SS-HOR-0596,originals/vehicle_horn/SS-HOR-0596.wav,Vehicle Horn,UrbanSound8K (urban sound slices),https://urbansounddataset.weebly.com/urbansound8k.html,CC-BY-4.0,"Justin Salamon, Duncan Jacoby, Juan Pablo Bello",2026-09-24,1.747,44100,2,field,,n/a,original,,,,c1ddb7ab540dde45c62f3c592fd0723514c612587b8ddc2d7c4aab549ebddab4,,car_horn,us8k:156091-1-0-0.wav,2,corpus_metadata:UrbanSound8K urban field recordings,urbansound8k_v1,156091-1-0-0.wav,https://creativecommons.org/licenses/by/4.0/
SS-HOR-0597,originals/vehicle_horn/SS-HOR-0597.wav,Vehicle Horn,UrbanSound8K (urban sound slices),https://urbansounddataset.weebly.com/urbansound8k.html,CC-BY-4.0,"Justin Salamon, Duncan Jacoby, Juan Pablo Bello",2026-09-24,0.25,44100,2,field,,n/a,original,,,,200b3f25eb9ea245ee0f6c53e00474fe0e1d41afc122cb6a1269b4f3da18df13,,car_horn,us8k:156194-1-0-0.wav,2,corpus_metadata:UrbanSound8K urban field recordings,urbansound8k_v1,156194-1-0-0.wav,https://creativecommons.org/licenses/by/4.0/
SS-HOR-0598,originals/vehicle_horn/SS-HOR-0598.wav,Vehicle Horn,UrbanSound8K (urban sound slices),https://urbansounddataset.weebly.com/urbansound8k.html,CC-BY-4.0,"Justin Salamon, Duncan Jacoby, Juan Pablo Bello",2026-09-24,1.76,44100,2,field,,n/a,original,,,,1831001dc660da968146cd51366be6f6ed3bfed269908d4c93d22d4f372c93e6,,car_horn,us8k:161010-1-0-0.wav,2,corpus_metadata:UrbanSound8K urban field recordings,urbansound8k_v1,161010-1-0-0.wav,https://creativecommons.org/licenses/by/4.0/
SS-HOR-0599,originals/vehicle_horn/SS-HOR-0599.wav,Vehicle Horn,UrbanSound8K (urban sound slices),https://urbansounddataset.weebly.com/urbansound8k.html,CC-BY-4.0,"Justin Salamon, Duncan Jacoby, Juan Pablo Bello",2026-09-24,1.32,44100,2,field,,n/a,original,,,,8c4ca3db7c92db1339301f46291d6501e9f6043094d090de1bd36e2ff2168f05,,car_horn,us8k:161010-1-1-0.wav,2,corpus_metadata:UrbanSound8K urban field recordings,urbansound8k_v1,161010-1-1-0.wav,https://creativecommons.org/licenses/by/4.0/
SS-HOR-0600,originals/vehicle_horn/SS-HOR-0600.wav,Vehicle Horn,UrbanSound8K (urban sound slices),https://urbansounddataset.weebly.com/urbansound8k.html,CC-BY-4.0,"Justin Salamon, Duncan Jacoby, Juan Pablo Bello",2026-09-24,0.739,44100,2,field,,n/a,original,,,,89dc2baafecdc16c205e49a0f22fea500a4575e7371433ed00ec4c3a8110e9bf,,car_horn,us8k:161010-1-2-0.wav,2,corpus_metadata:UrbanSound8K urban field recordings,urbansound8k_v1,161010-1-2-0.wav,https://creativecommons.org/licenses/by/4.0/
SS-HOR-0601,originals/vehicle_horn/SS-HOR-0601.wav,Vehicle Horn,UrbanSound8K (urban sound slices),https://urbansounddataset.weebly.com/urbansound8k.html,CC-BY-4.0,"Justin Salamon, Duncan Jacoby, Juan Pablo Bello",2026-09-24,2.36,44100,2,field,,n/a,original,,,,dfa29edb7a406b1819531498da18cf8286cae3b624c246e036c883ef2a17004d,,car_horn,us8k:161010-1-3-0.wav,2,corpus_metadata:UrbanSound8K urban field recordings,urbansound8k_v1,161010-1-3-0.wav,https://creativecommons.org/licenses/by/4.0/
SS-HOR-0602,originals/vehicle_horn/SS-HOR-0602.wav,Vehicle Horn,UrbanSound8K (urban sound slices),https://urbansounddataset.weebly.com/urbansound8k.html,CC-BY-4.0,"Justin Salamon, Duncan Jacoby, Juan Pablo Bello",2026-09-24,0.36,96000,1,field,,n/a,original,,,,82cd9d2db470edca77fce4e41f79ad48bedba9692cb38e5701a41941be0d53f6,,car_horn,us8k:162540-1-0-0.wav,1,corpus_metadata:UrbanSound8K urban field recordings,urbansound8k_v1,162540-1-0-0.wav,https://creativecommons.org/licenses/by/4.0/
SS-HOR-0603,originals/vehicle_horn/SS-HOR-0603.wav,Vehicle Horn,UrbanSound8K (urban sound slices),https://urbansounddataset.weebly.com/urbansound8k.html,CC-BY-4.0,"Justin Salamon, Duncan Jacoby, Juan Pablo Bello",2026-09-24,0.31,96000,1,field,,n/a,original,,,,d56a27dafbe6151479880248427045bd67898544e6062cda03bc772e0b733b82,,car_horn,us8k:162540-1-1-0.wav,1,corpus_metadata:UrbanSound8K urban field recordings,urbansound8k_v1,162540-1-1-0.wav,https://creativecommons.org/licenses/by/4.0/
SS-HOR-0604,originals/vehicle_horn/SS-HOR-0604.wav,Vehicle Horn,UrbanSound8K (urban sound slices),https://urbansounddataset.weebly.com/urbansound8k.html,CC-BY-4.0,"Justin Salamon, Duncan Jacoby, Juan Pablo Bello",2026-09-24,0.465,96000,1,field,,n/a,original,,,,1136da2bbc84bd194d7ea8d9a206199edb636609df4f5dd9013932dd875eff5e,,car_horn,us8k:162540-1-2-0.wav,1,corpus_metadata:UrbanSound8K urban field recordings,urbansound8k_v1,162540-1-2-0.wav,https://creativecommons.org/licenses/by/4.0/
SS-HOR-0605,originals/vehicle_horn/SS-HOR-0605.wav,Vehicle Horn,UrbanSound8K (urban sound slices),https://urbansounddataset.weebly.com/urbansound8k.html,CC-BY-4.0,"Justin Salamon, Duncan Jacoby, Juan Pablo Bello",2026-09-24,0.487,96000,1,field,,n/a,original,,,,de0f2a7a0f8afba24bd89eed5a281ba7ca6c9f61d3c6dc06d20d2646ace0539c,,car_horn,us8k:162541-1-0-0.wav,1,corpus_metadata:UrbanSound8K urban field recordings,urbansound8k_v1,162541-1-0-0.wav,https://creativecommons.org/licenses/by/4.0/
SS-HOR-0606,originals/vehicle_horn/SS-HOR-0606.wav,Vehicle Horn,UrbanSound8K (urban sound slices),https://urbansounddataset.weebly.com/urbansound8k.html,CC-BY-4.0,"Justin Salamon, Duncan Jacoby, Juan Pablo Bello",2026-09-24,0.449,96000,1,field,,n/a,original,,,,ee6006d75840f28775cbec23a68608f38c4d58a1534f89b69b393d0f761871ca,,car_horn,us8k:162541-1-1-0.wav,1,corpus_metadata:UrbanSound8K urban field recordings,urbansound8k_v1,162541-1-1-0.wav,https://creativecommons.org/licenses/by/4.0/
SS-HOR-0607,originals/vehicle_horn/SS-HOR-0607.wav,Vehicle Horn,UrbanSound8K (urban sound slices),https://urbansounddataset.weebly.com/urbansound8k.html,CC-BY-4.0,"Justin Salamon, Duncan Jacoby, Juan Pablo Bello",2026-09-24,0.438,96000,1,field,,n/a,original,,,,66d10e9a791cb8fc2148c0277fc119373866981590be6e76b40b9bae7a657a99,,car_horn,us8k:162541-1-2-0.wav,1,corpus_metadata:UrbanSound8K urban field recordings,urbansound8k_v1,162541-1-2-0.wav,https://creativecommons.org/licenses/by/4.0/
SS-HOR-0608,originals/vehicle_horn/SS-HOR-0608.wav,Vehicle Horn,UrbanSound8K (urban sound slices),https://urbansounddataset.weebly.com/urbansound8k.html,CC-BY-4.0,"Justin Salamon, Duncan Jacoby, Juan Pablo Bello",2026-09-24,0.106,44100,2,field,,n/a,original,,,,40b6f46de602a478b31971b63ed4892d098476fd4842e2767095bf9f8e26abc2,,car_horn,us8k:162702-1-0-0.wav,1,corpus_metadata:UrbanSound8K urban field recordings,urbansound8k_v1,162702-1-0-0.wav,https://creativecommons.org/licenses/by/4.0/
SS-HOR-0609,originals/vehicle_horn/SS-HOR-0609.wav,Vehicle Horn,UrbanSound8K (urban sound slices),https://urbansounddataset.weebly.com/urbansound8k.html,CC-BY-4.0,"Justin Salamon, Duncan Jacoby, Juan Pablo Bello",2026-09-24,0.846,44100,2,field,,n/a,original,,,,4a0aa4655ee7bcf747c2d582595d2b521c641f6e0f0814c69ff655a3db8761a8,,car_horn,us8k:162702-1-1-0.wav,2,corpus_metadata:UrbanSound8K urban field recordings,urbansound8k_v1,162702-1-1-0.wav,https://creativecommons.org/licenses/by/4.0/
SS-HOR-0610,originals/vehicle_horn/SS-HOR-0610.wav,Vehicle Horn,UrbanSound8K (urban sound slices),https://urbansounddataset.weebly.com/urbansound8k.html,CC-BY-4.0,"Justin Salamon, Duncan Jacoby, Juan Pablo Bello",2026-09-24,1.159,44100,2,field,,n/a,original,,,,d24e43e1547d42bdeafa2a73057b388089c44228500c1dddda87fe7f493a5cc7,,car_horn,us8k:162703-1-0-0.wav,2,corpus_metadata:UrbanSound8K urban field recordings,urbansound8k_v1,162703-1-0-0.wav,https://creativecommons.org/licenses/by/4.0/
SS-HOR-0611,originals/vehicle_horn/SS-HOR-0611.wav,Vehicle Horn,UrbanSound8K (urban sound slices),https://urbansounddataset.weebly.com/urbansound8k.html,CC-BY-4.0,"Justin Salamon, Duncan Jacoby, Juan Pablo Bello",2026-09-24,0.42,44100,2,field,,n/a,original,,,,4ec2f4eeba21d7e6fe19c105187040a372bc159b823d6cee074b34b1388b9191,,car_horn,us8k:162728-1-0-0.wav,1,corpus_metadata:UrbanSound8K urban field recordings,urbansound8k_v1,162728-1-0-0.wav,https://creativecommons.org/licenses/by/4.0/
SS-HOR-0612,originals/vehicle_horn/SS-HOR-0612.wav,Vehicle Horn,UrbanSound8K (urban sound slices),https://urbansounddataset.weebly.com/urbansound8k.html,CC-BY-4.0,"Justin Salamon, Duncan Jacoby, Juan Pablo Bello",2026-09-24,0.47,48000,2,field,,n/a,original,,,,b540a6489741dc92fd0902fad3adaaac036834d0143d57ec0aff3828607e1182,,car_horn,us8k:164625-1-0-0.wav,1,corpus_metadata:UrbanSound8K urban field recordings,urbansound8k_v1,164625-1-0-0.wav,https://creativecommons.org/licenses/by/4.0/
SS-HOR-0613,originals/vehicle_horn/SS-HOR-0613.wav,Vehicle Horn,UrbanSound8K (urban sound slices),https://urbansounddataset.weebly.com/urbansound8k.html,CC-BY-4.0,"Justin Salamon, Duncan Jacoby, Juan Pablo Bello",2026-09-24,0.77,48000,2,field,,n/a,original,,,,eb597f7cd97adf219e4869ffadde1c2908baff96526d8f67fc767e9bebeb92e4,,car_horn,us8k:164626-1-0-0.wav,1,corpus_metadata:UrbanSound8K urban field recordings,urbansound8k_v1,164626-1-0-0.wav,https://creativecommons.org/licenses/by/4.0/
SS-HOR-0614,originals/vehicle_horn/SS-HOR-0614.wav,Vehicle Horn,UrbanSound8K (urban sound slices),https://urbansounddataset.weebly.com/urbansound8k.html,CC-BY-4.0,"Justin Salamon, Duncan Jacoby, Juan Pablo Bello",2026-09-24,1.498,48000,2,field,,n/a,original,,,,a11cec3791c69159d9ce888dcb3cfb597efd357c0cfcb0d627a523a61a2db21e,,car_horn,us8k:164627-1-0-0.wav,1,corpus_metadata:UrbanSound8K urban field recordings,urbansound8k_v1,164627-1-0-0.wav,https://creativecommons.org/licenses/by/4.0/
SS-HOR-0615,originals/vehicle_horn/SS-HOR-0615.wav,Vehicle Horn,UrbanSound8K (urban sound slices),https://urbansounddataset.weebly.com/urbansound8k.html,CC-BY-4.0,"Justin Salamon, Duncan Jacoby, Juan Pablo Bello",2026-09-24,0.1,44100,2,field,,n/a,original,,,,9f385f41ed766b4b9f90a0892e81bcad4db65d886d54cf2191e000a43e8e777b,,car_horn,us8k:170243-1-0-0.wav,1,corpus_metadata:UrbanSound8K urban field recordings,urbansound8k_v1,170243-1-0-0.wav,https://creativecommons.org/licenses/by/4.0/
SS-HOR-0616,originals/vehicle_horn/SS-HOR-0616.wav,Vehicle Horn,UrbanSound8K (urban sound slices),https://urbansounddataset.weebly.com/urbansound8k.html,CC-BY-4.0,"Justin Salamon, Duncan Jacoby, Juan Pablo Bello",2026-09-24,0.86,44100,2,field,,n/a,original,,,,d69304b9d1cd6a9b8277b79ee25c0a7042383e2c4aa59a0824350f8c33517866,,car_horn,us8k:17074-1-0-0.wav,2,corpus_metadata:UrbanSound8K urban field recordings,urbansound8k_v1,17074-1-0-0.wav,https://creativecommons.org/licenses/by/4.0/
SS-HOR-0617,originals/vehicle_horn/SS-HOR-0617.wav,Vehicle Horn,UrbanSound8K (urban sound slices),https://urbansounddataset.weebly.com/urbansound8k.html,CC-BY-4.0,"Justin Salamon, Duncan Jacoby, Juan Pablo Bello",2026-09-24,0.239,44100,2,field,,n/a,original,,,,123e450baaf93b6565e927fe6486f39e60a477ddaa6be79f9c895499e298335c,,car_horn,us8k:17124-1-0-0.wav,2,corpus_metadata:UrbanSound8K urban field recordings,urbansound8k_v1,17124-1-0-0.wav,https://creativecommons.org/licenses/by/4.0/
SS-HOR-0618,originals/vehicle_horn/SS-HOR-0618.wav,Vehicle Horn,UrbanSound8K (urban sound slices),https://urbansounddataset.weebly.com/urbansound8k.html,CC-BY-4.0,"Justin Salamon, Duncan Jacoby, Juan Pablo Bello",2026-09-24,0.76,44100,2,field,,n/a,original,,,,e99e4c3f304086c57ba3a915fa364e915b8b573fe5e65f058d39a4205d84a2e0,,car_horn,us8k:171249-1-0-0.wav,2,corpus_metadata:UrbanSound8K urban field recordings,urbansound8k_v1,171249-1-0-0.wav,https://creativecommons.org/licenses/by/4.0/
SS-HOR-0619,originals/vehicle_horn/SS-HOR-0619.wav,Vehicle Horn,UrbanSound8K (urban sound slices),https://urbansounddataset.weebly.com/urbansound8k.html,CC-BY-4.0,"Justin Salamon, Duncan Jacoby, Juan Pablo Bello",2026-09-24,0.579,44100,2,field,,n/a,original,,,,a91207829691b3dd26c78cc6890d946a1209c1943bea2f79c2971f218c586af6,,car_horn,us8k:171249-1-1-0.wav,2,corpus_metadata:UrbanSound8K urban field recordings,urbansound8k_v1,171249-1-1-0.wav,https://creativecommons.org/licenses/by/4.0/
SS-HOR-0620,originals/vehicle_horn/SS-HOR-0620.wav,Vehicle Horn,UrbanSound8K (urban sound slices),https://urbansounddataset.weebly.com/urbansound8k.html,CC-BY-4.0,"Justin Salamon, Duncan Jacoby, Juan Pablo Bello",2026-09-24,0.3,44100,2,field,,n/a,original,,,,b9887145eccc48c8c66b58aa387e6da93015410d9ee34353ea5578df6eb70bd7,,car_horn,us8k:171249-1-2-0.wav,2,corpus_metadata:UrbanSound8K urban field recordings,urbansound8k_v1,171249-1-2-0.wav,https://creativecommons.org/licenses/by/4.0/
SS-HOR-0621,originals/vehicle_horn/SS-HOR-0621.wav,Vehicle Horn,UrbanSound8K (urban sound slices),https://urbansounddataset.weebly.com/urbansound8k.html,CC-BY-4.0,"Justin Salamon, Duncan Jacoby, Juan Pablo Bello",2026-09-24,0.06,44100,2,field,,n/a,original,,,,bbdaa404a9696ac82c04880f3de43e280287ee757cede1d91df715aee599b5f9,,car_horn,us8k:17307-1-0-0.wav,2,corpus_metadata:UrbanSound8K urban field recordings,urbansound8k_v1,17307-1-0-0.wav,https://creativecommons.org/licenses/by/4.0/
SS-HOR-0622,originals/vehicle_horn/SS-HOR-0622.wav,Vehicle Horn,UrbanSound8K (urban sound slices),https://urbansounddataset.weebly.com/urbansound8k.html,CC-BY-4.0,"Justin Salamon, Duncan Jacoby, Juan Pablo Bello",2026-09-24,2.98,48000,2,field,,n/a,original,,,,93681e42bea5510ba415597e1bf13ebf375758a49d599ca002f7156946d951e2,,car_horn,us8k:174840-1-0-0.wav,1,corpus_metadata:UrbanSound8K urban field recordings,urbansound8k_v1,174840-1-0-0.wav,https://creativecommons.org/licenses/by/4.0/
SS-HOR-0623,originals/vehicle_horn/SS-HOR-0623.wav,Vehicle Horn,UrbanSound8K (urban sound slices),https://urbansounddataset.weebly.com/urbansound8k.html,CC-BY-4.0,"Justin Salamon, Duncan Jacoby, Juan Pablo Bello",2026-09-24,1.81,48000,2,field,,n/a,original,,,,42fe34f793abc1407449228fe7c390003d327d3a6659e4f8947f5c427debab80,,car_horn,us8k:174841-1-0-0.wav,1,corpus_metadata:UrbanSound8K urban field recordings,urbansound8k_v1,174841-1-0-0.wav,https://creativecommons.org/licenses/by/4.0/
SS-HOR-0624,originals/vehicle_horn/SS-HOR-0624.wav,Vehicle Horn,UrbanSound8K (urban sound slices),https://urbansounddataset.weebly.com/urbansound8k.html,CC-BY-4.0,"Justin Salamon, Duncan Jacoby, Juan Pablo Bello",2026-09-24,0.48,48000,2,field,,n/a,original,,,,edd0d889bfae1cc9d44023b21db0c88c3d711c83d45809186ce3a0a9d7f0b198,,car_horn,us8k:175842-1-0-0.wav,1,corpus_metadata:UrbanSound8K urban field recordings,urbansound8k_v1,175842-1-0-0.wav,https://creativecommons.org/licenses/by/4.0/
SS-HOR-0625,originals/vehicle_horn/SS-HOR-0625.wav,Vehicle Horn,UrbanSound8K (urban sound slices),https://urbansounddataset.weebly.com/urbansound8k.html,CC-BY-4.0,"Justin Salamon, Duncan Jacoby, Juan Pablo Bello",2026-09-24,0.897,48000,2,field,,n/a,original,,,,be1f684e6ff1104ba1402abb26c676ab8dc44613acea9b9dcd161494f42c9924,,car_horn,us8k:175843-1-0-0.wav,1,corpus_metadata:UrbanSound8K urban field recordings,urbansound8k_v1,175843-1-0-0.wav,https://creativecommons.org/licenses/by/4.0/
SS-HOR-0626,originals/vehicle_horn/SS-HOR-0626.wav,Vehicle Horn,UrbanSound8K (urban sound slices),https://urbansounddataset.weebly.com/urbansound8k.html,CC-BY-4.0,"Justin Salamon, Duncan Jacoby, Juan Pablo Bello",2026-09-24,0.89,48000,2,field,,n/a,original,,,,a3bd84d5ddf2b389ff1f08abc735f2560ff49b722e4405f0f4f8e9b63e8362b8,,car_horn,us8k:175844-1-0-0.wav,1,corpus_metadata:UrbanSound8K urban field recordings,urbansound8k_v1,175844-1-0-0.wav,https://creativecommons.org/licenses/by/4.0/
SS-HOR-0627,originals/vehicle_horn/SS-HOR-0627.wav,Vehicle Horn,UrbanSound8K (urban sound slices),https://urbansounddataset.weebly.com/urbansound8k.html,CC-BY-4.0,"Justin Salamon, Duncan Jacoby, Juan Pablo Bello",2026-09-24,0.738,48000,2,field,,n/a,original,,,,b48f42fbdef41ed8fb2fdd3e5feda813c2ad6e5dff8c5b8dda1ee245d5e43526,,car_horn,us8k:175845-1-0-0.wav,1,corpus_metadata:UrbanSound8K urban field recordings,urbansound8k_v1,175845-1-0-0.wav,https://creativecommons.org/licenses/by/4.0/
SS-HOR-0628,originals/vehicle_horn/SS-HOR-0628.wav,Vehicle Horn,UrbanSound8K (urban sound slices),https://urbansounddataset.weebly.com/urbansound8k.html,CC-BY-4.0,"Justin Salamon, Duncan Jacoby, Juan Pablo Bello",2026-09-24,1.49,48000,2,field,,n/a,original,,,,df16d252cef4a18fabc25541c8db314c667e26bce6bbb037e7491d17e05a645d,,car_horn,us8k:175846-1-0-0.wav,1,corpus_metadata:UrbanSound8K urban field recordings,urbansound8k_v1,175846-1-0-0.wav,https://creativecommons.org/licenses/by/4.0/
SS-HOR-0629,originals/vehicle_horn/SS-HOR-0629.wav,Vehicle Horn,UrbanSound8K (urban sound slices),https://urbansounddataset.weebly.com/urbansound8k.html,CC-BY-4.0,"Justin Salamon, Duncan Jacoby, Juan Pablo Bello",2026-09-24,0.817,48000,2,field,,n/a,original,,,,643dafc18dd4f6248d06c5c92d513164e540bd295f8b63ceb9701b2191143485,,car_horn,us8k:175847-1-0-0.wav,1,corpus_metadata:UrbanSound8K urban field recordings,urbansound8k_v1,175847-1-0-0.wav,https://creativecommons.org/licenses/by/4.0/
SS-HOR-0630,originals/vehicle_horn/SS-HOR-0630.wav,Vehicle Horn,UrbanSound8K (urban sound slices),https://urbansounddataset.weebly.com/urbansound8k.html,CC-BY-4.0,"Justin Salamon, Duncan Jacoby, Juan Pablo Bello",2026-09-24,0.538,48000,2,field,,n/a,original,,,,5fe1d75210c596ba42a9ac04bea99d1b0df76384c78db4f8a3dd74be8bb10323,,car_horn,us8k:175848-1-0-0.wav,1,corpus_metadata:UrbanSound8K urban field recordings,urbansound8k_v1,175848-1-0-0.wav,https://creativecommons.org/licenses/by/4.0/
SS-HOR-0631,originals/vehicle_horn/SS-HOR-0631.wav,Vehicle Horn,UrbanSound8K (urban sound slices),https://urbansounddataset.weebly.com/urbansound8k.html,CC-BY-4.0,"Justin Salamon, Duncan Jacoby, Juan Pablo Bello",2026-09-24,0.519,48000,2,field,,n/a,original,,,,f9a133c16f7fcd6aae5332f05a8f8641719c22aa0c010a9a5873980d49bb3fcd,,car_horn,us8k:175849-1-0-0.wav,1,corpus_metadata:UrbanSound8K urban field recordings,urbansound8k_v1,175849-1-0-0.wav,https://creativecommons.org/licenses/by/4.0/
SS-HOR-0632,originals/vehicle_horn/SS-HOR-0632.wav,Vehicle Horn,UrbanSound8K (urban sound slices),https://urbansounddataset.weebly.com/urbansound8k.html,CC-BY-4.0,"Justin Salamon, Duncan Jacoby, Juan Pablo Bello",2026-09-24,1.74,48000,2,field,,n/a,original,,,,781853738a31a18fd73ee2d36578e02654a4cd2fd3766b7830989daa43b74e39,,car_horn,us8k:175850-1-0-0.wav,1,corpus_metadata:UrbanSound8K urban field recordings,urbansound8k_v1,175850-1-0-0.wav,https://creativecommons.org/licenses/by/4.0/
SS-HOR-0633,originals/vehicle_horn/SS-HOR-0633.wav,Vehicle Horn,UrbanSound8K (urban sound slices),https://urbansounddataset.weebly.com/urbansound8k.html,CC-BY-4.0,"Justin Salamon, Duncan Jacoby, Juan Pablo Bello",2026-09-24,1.44,48000,2,field,,n/a,original,,,,b8528226c32c289b13720aebde9eead2862a5d3097fc676b529e289cc5acb897,,car_horn,us8k:175851-1-0-0.wav,1,corpus_metadata:UrbanSound8K urban field recordings,urbansound8k_v1,175851-1-0-0.wav,https://creativecommons.org/licenses/by/4.0/
SS-HOR-0634,originals/vehicle_horn/SS-HOR-0634.wav,Vehicle Horn,UrbanSound8K (urban sound slices),https://urbansounddataset.weebly.com/urbansound8k.html,CC-BY-4.0,"Justin Salamon, Duncan Jacoby, Juan Pablo Bello",2026-09-24,1.13,48000,2,field,,n/a,original,,,,caace73ca9f69ee21a44a6619ff71640dde95b004fa6bac36e77a2078c74484f,,car_horn,us8k:175852-1-0-0.wav,1,corpus_metadata:UrbanSound8K urban field recordings,urbansound8k_v1,175852-1-0-0.wav,https://creativecommons.org/licenses/by/4.0/
SS-HOR-0635,originals/vehicle_horn/SS-HOR-0635.wav,Vehicle Horn,UrbanSound8K (urban sound slices),https://urbansounddataset.weebly.com/urbansound8k.html,CC-BY-4.0,"Justin Salamon, Duncan Jacoby, Juan Pablo Bello",2026-09-24,0.28,48000,2,field,,n/a,original,,,,704a8ca71fc30b383f7c8d6bd052e5c533313dfa32dab224d09feadafb696206,,car_horn,us8k:175853-1-0-0.wav,1,corpus_metadata:UrbanSound8K urban field recordings,urbansound8k_v1,175853-1-0-0.wav,https://creativecommons.org/licenses/by/4.0/
SS-HOR-0636,originals/vehicle_horn/SS-HOR-0636.wav,Vehicle Horn,UrbanSound8K (urban sound slices),https://urbansounddataset.weebly.com/urbansound8k.html,CC-BY-4.0,"Justin Salamon, Duncan Jacoby, Juan Pablo Bello",2026-09-24,0.69,48000,2,field,,n/a,original,,,,2872cb4bb7feff8d0041abb72708a9b017cfc67c3f9c4504eb7dcbc7bafdfea5,,car_horn,us8k:175854-1-0-0.wav,1,corpus_metadata:UrbanSound8K urban field recordings,urbansound8k_v1,175854-1-0-0.wav,https://creativecommons.org/licenses/by/4.0/
SS-HOR-0637,originals/vehicle_horn/SS-HOR-0637.wav,Vehicle Horn,UrbanSound8K (urban sound slices),https://urbansounddataset.weebly.com/urbansound8k.html,CC-BY-4.0,"Justin Salamon, Duncan Jacoby, Juan Pablo Bello",2026-09-24,0.548,48000,2,field,,n/a,original,,,,37f48e08cf881124ac451926627750533c50a750212117cb60384ff468ef0101,,car_horn,us8k:175855-1-0-0.wav,1,corpus_metadata:UrbanSound8K urban field recordings,urbansound8k_v1,175855-1-0-0.wav,https://creativecommons.org/licenses/by/4.0/
SS-HOR-0638,originals/vehicle_horn/SS-HOR-0638.wav,Vehicle Horn,UrbanSound8K (urban sound slices),https://urbansounddataset.weebly.com/urbansound8k.html,CC-BY-4.0,"Justin Salamon, Duncan Jacoby, Juan Pablo Bello",2026-09-24,0.268,48000,2,field,,n/a,original,,,,1fedee597503b55a8ecb5e0450853a45fe7e48d61db29f3389d9e81d2e87fb66,,car_horn,us8k:175856-1-0-0.wav,1,corpus_metadata:UrbanSound8K urban field recordings,urbansound8k_v1,175856-1-0-0.wav,https://creativecommons.org/licenses/by/4.0/
SS-HOR-0639,originals/vehicle_horn/SS-HOR-0639.wav,Vehicle Horn,UrbanSound8K (urban sound slices),https://urbansounddataset.weebly.com/urbansound8k.html,CC-BY-4.0,"Justin Salamon, Duncan Jacoby, Juan Pablo Bello",2026-09-24,0.299,48000,2,field,,n/a,original,,,,3182bf22b1da13e4b23b7ca95f9152a43534e8baaf87a2892e85a603be64cc7a,,car_horn,us8k:175856-1-1-0.wav,1,corpus_metadata:UrbanSound8K urban field recordings,urbansound8k_v1,175856-1-1-0.wav,https://creativecommons.org/licenses/by/4.0/
SS-HOR-0640,originals/vehicle_horn/SS-HOR-0640.wav,Vehicle Horn,UrbanSound8K (urban sound slices),https://urbansounddataset.weebly.com/urbansound8k.html,CC-BY-4.0,"Justin Salamon, Duncan Jacoby, Juan Pablo Bello",2026-09-24,1.125,48000,2,field,,n/a,original,,,,dc15fd47ec7484e3673946a26105ac3033f8641c1ec629f45f3ec48ee39d6266,,car_horn,us8k:175856-1-2-0.wav,1,corpus_metadata:UrbanSound8K urban field recordings,urbansound8k_v1,175856-1-2-0.wav,https://creativecommons.org/licenses/by/4.0/
SS-HOR-0641,originals/vehicle_horn/SS-HOR-0641.wav,Vehicle Horn,UrbanSound8K (urban sound slices),https://urbansounddataset.weebly.com/urbansound8k.html,CC-BY-4.0,"Justin Salamon, Duncan Jacoby, Juan Pablo Bello",2026-09-24,1.12,96000,1,field,,n/a,original,,,,94a366093eee1a6620d4e30183a53fcc1575cd842e99d2921bf60e8d1121d3cb,,car_horn,us8k:176003-1-0-0.wav,1,corpus_metadata:UrbanSound8K urban field recordings,urbansound8k_v1,176003-1-0-0.wav,https://creativecommons.org/licenses/by/4.0/
SS-HOR-0642,originals/vehicle_horn/SS-HOR-0642.wav,Vehicle Horn,UrbanSound8K (urban sound slices),https://urbansounddataset.weebly.com/urbansound8k.html,CC-BY-4.0,"Justin Salamon, Duncan Jacoby, Juan Pablo Bello",2026-09-24,1.978,48000,2,field,,n/a,original,,,,1214740613e9e5d040ae9625fdcc20191f2d45584f17907bf30fa61d5092e5b0,,car_horn,us8k:176631-1-0-0.wav,2,corpus_metadata:UrbanSound8K urban field recordings,urbansound8k_v1,176631-1-0-0.wav,https://creativecommons.org/licenses/by/4.0/
SS-HOR-0643,originals/vehicle_horn/SS-HOR-0643.wav,Vehicle Horn,UrbanSound8K (urban sound slices),https://urbansounddataset.weebly.com/urbansound8k.html,CC-BY-4.0,"Justin Salamon, Duncan Jacoby, Juan Pablo Bello",2026-09-24,0.266,48000,2,field,,n/a,original,,,,929e510d9d7d18cd55059d10b2a04c617ef50c1742f4783f6783f8ab25124095,,car_horn,us8k:176634-1-0-0.wav,1,corpus_metadata:UrbanSound8K urban field recordings,urbansound8k_v1,176634-1-0-0.wav,https://creativecommons.org/licenses/by/4.0/
SS-HOR-0644,originals/vehicle_horn/SS-HOR-0644.wav,Vehicle Horn,UrbanSound8K (urban sound slices),https://urbansounddataset.weebly.com/urbansound8k.html,CC-BY-4.0,"Justin Salamon, Duncan Jacoby, Juan Pablo Bello",2026-09-24,0.549,48000,2,field,,n/a,original,,,,3d5065b1ff8b0539b9ebd260dc88d3bcf3b7ba5db918e97412361ddb59499586,,car_horn,us8k:176638-1-0-0.wav,1,corpus_metadata:UrbanSound8K urban field recordings,urbansound8k_v1,176638-1-0-0.wav,https://creativecommons.org/licenses/by/4.0/
SS-HOR-0645,originals/vehicle_horn/SS-HOR-0645.wav,Vehicle Horn,UrbanSound8K (urban sound slices),https://urbansounddataset.weebly.com/urbansound8k.html,CC-BY-4.0,"Justin Salamon, Duncan Jacoby, Juan Pablo Bello",2026-09-24,0.796,48000,2,field,,n/a,original,,,,9fc835f5a8c3dfc7f844b125890911582344e2eaf4be4059e11e633695c6798a,,car_horn,us8k:176638-1-1-0.wav,1,corpus_metadata:UrbanSound8K urban field recordings,urbansound8k_v1,176638-1-1-0.wav,https://creativecommons.org/licenses/by/4.0/
SS-HOR-0646,originals/vehicle_horn/SS-HOR-0646.wav,Vehicle Horn,UrbanSound8K (urban sound slices),https://urbansounddataset.weebly.com/urbansound8k.html,CC-BY-4.0,"Justin Salamon, Duncan Jacoby, Juan Pablo Bello",2026-09-24,0.46,44100,1,field,,n/a,original,,,,8459cdfd224969186d1b04a51eb9cc8e531654974530075b45280819bf9b2eda,,car_horn,us8k:178115-1-0-0.wav,2,corpus_metadata:UrbanSound8K urban field recordings,urbansound8k_v1,178115-1-0-0.wav,https://creativecommons.org/licenses/by/4.0/
SS-HOR-0647,originals/vehicle_horn/SS-HOR-0647.wav,Vehicle Horn,UrbanSound8K (urban sound slices),https://urbansounddataset.weebly.com/urbansound8k.html,CC-BY-4.0,"Justin Salamon, Duncan Jacoby, Juan Pablo Bello",2026-09-24,2.045,48000,2,field,,n/a,original,,,,b8d7e39e9c3f98070e32ab9985e21fd5da10a5a452bb378cc1fd05d8650e8a8d,,car_horn,us8k:178402-1-0-0.wav,1,corpus_metadata:UrbanSound8K urban field recordings,urbansound8k_v1,178402-1-0-0.wav,https://creativecommons.org/licenses/by/4.0/
SS-HOR-0648,originals/vehicle_horn/SS-HOR-0648.wav,Vehicle Horn,UrbanSound8K (urban sound slices),https://urbansounddataset.weebly.com/urbansound8k.html,CC-BY-4.0,"Justin Salamon, Duncan Jacoby, Juan Pablo Bello",2026-09-24,0.346,48000,2,field,,n/a,original,,,,7ff62fe186fffaa5df044bfb81141c4a2364f5c297bd01266d10a765cb6671a0,,car_horn,us8k:179858-1-0-0.wav,1,corpus_metadata:UrbanSound8K urban field recordings,urbansound8k_v1,179858-1-0-0.wav,https://creativecommons.org/licenses/by/4.0/
SS-HOR-0649,originals/vehicle_horn/SS-HOR-0649.wav,Vehicle Horn,UrbanSound8K (urban sound slices),https://urbansounddataset.weebly.com/urbansound8k.html,CC-BY-4.0,"Justin Salamon, Duncan Jacoby, Juan Pablo Bello",2026-09-24,1.09,48000,2,field,,n/a,original,,,,20ca31503d12c60cab4d3b5423973583062057deab9f6ad8db8589b25fdbc493,,car_horn,us8k:179860-1-0-0.wav,1,corpus_metadata:UrbanSound8K urban field recordings,urbansound8k_v1,179860-1-0-0.wav,https://creativecommons.org/licenses/by/4.0/
SS-HOR-0650,originals/vehicle_horn/SS-HOR-0650.wav,Vehicle Horn,UrbanSound8K (urban sound slices),https://urbansounddataset.weebly.com/urbansound8k.html,CC-BY-4.0,"Justin Salamon, Duncan Jacoby, Juan Pablo Bello",2026-09-24,0.53,48000,2,field,,n/a,original,,,,c67755448bfab90906759c193319352579dccf6e516b5987a69daade1f977ca5,,car_horn,us8k:179861-1-0-0.wav,1,corpus_metadata:UrbanSound8K urban field recordings,urbansound8k_v1,179861-1-0-0.wav,https://creativecommons.org/licenses/by/4.0/
SS-HOR-0651,originals/vehicle_horn/SS-HOR-0651.wav,Vehicle Horn,UrbanSound8K (urban sound slices),https://urbansounddataset.weebly.com/urbansound8k.html,CC-BY-4.0,"Justin Salamon, Duncan Jacoby, Juan Pablo Bello",2026-09-24,0.38,48000,2,field,,n/a,original,,,,bbe2120719f116a9983d97a4bb7c1139dce46b37e2c479e087774d3565a3d4f7,,car_horn,us8k:179862-1-0-0.wav,1,corpus_metadata:UrbanSound8K urban field recordings,urbansound8k_v1,179862-1-0-0.wav,https://creativecommons.org/licenses/by/4.0/
SS-HOR-0652,originals/vehicle_horn/SS-HOR-0652.wav,Vehicle Horn,UrbanSound8K (urban sound slices),https://urbansounddataset.weebly.com/urbansound8k.html,CC-BY-4.0,"Justin Salamon, Duncan Jacoby, Juan Pablo Bello",2026-09-24,0.756,48000,2,field,,n/a,original,,,,5d11c8bc32549453c4a1cc9f119536d4e2309bf5d28ab08ec4e4469cc8caf301,,car_horn,us8k:179863-1-0-0.wav,1,corpus_metadata:UrbanSound8K urban field recordings,urbansound8k_v1,179863-1-0-0.wav,https://creativecommons.org/licenses/by/4.0/
SS-HOR-0653,originals/vehicle_horn/SS-HOR-0653.wav,Vehicle Horn,UrbanSound8K (urban sound slices),https://urbansounddataset.weebly.com/urbansound8k.html,CC-BY-4.0,"Justin Salamon, Duncan Jacoby, Juan Pablo Bello",2026-09-24,0.8,48000,2,field,,n/a,original,,,,435e5190571abb843eddf4c3a91ed57f4fe4ea7135e9339398d80c89cd3fd53a,,car_horn,us8k:179864-1-0-0.wav,1,corpus_metadata:UrbanSound8K urban field recordings,urbansound8k_v1,179864-1-0-0.wav,https://creativecommons.org/licenses/by/4.0/
SS-HOR-0654,originals/vehicle_horn/SS-HOR-0654.wav,Vehicle Horn,UrbanSound8K (urban sound slices),https://urbansounddataset.weebly.com/urbansound8k.html,CC-BY-4.0,"Justin Salamon, Duncan Jacoby, Juan Pablo Bello",2026-09-24,1.33,48000,2,field,,n/a,original,,,,8ffb5afdb95de2d8f949ef2b3dcc7d931f9b53db071bf12033e976bb835c6d88,,car_horn,us8k:179865-1-0-0.wav,2,corpus_metadata:UrbanSound8K urban field recordings,urbansound8k_v1,179865-1-0-0.wav,https://creativecommons.org/licenses/by/4.0/
SS-HOR-0655,originals/vehicle_horn/SS-HOR-0655.wav,Vehicle Horn,UrbanSound8K (urban sound slices),https://urbansounddataset.weebly.com/urbansound8k.html,CC-BY-4.0,"Justin Salamon, Duncan Jacoby, Juan Pablo Bello",2026-09-24,0.485,48000,2,field,,n/a,original,,,,7a1319220a5a7387af8328a63f41be06af57d23551dbf84a489103b936ac5696,,car_horn,us8k:179866-1-0-0.wav,1,corpus_metadata:UrbanSound8K urban field recordings,urbansound8k_v1,179866-1-0-0.wav,https://creativecommons.org/licenses/by/4.0/
SS-HOR-0656,originals/vehicle_horn/SS-HOR-0656.wav,Vehicle Horn,UrbanSound8K (urban sound slices),https://urbansounddataset.weebly.com/urbansound8k.html,CC-BY-4.0,"Justin Salamon, Duncan Jacoby, Juan Pablo Bello",2026-09-24,0.715,48000,2,field,,n/a,original,,,,66995944cdf592aa2edb748c8e8cdceab144fc8bececd841c280e8c3f069aa8d,,car_horn,us8k:179866-1-1-0.wav,1,corpus_metadata:UrbanSound8K urban field recordings,urbansound8k_v1,179866-1-1-0.wav,https://creativecommons.org/licenses/by/4.0/
SS-HOR-0657,originals/vehicle_horn/SS-HOR-0657.wav,Vehicle Horn,UrbanSound8K (urban sound slices),https://urbansounddataset.weebly.com/urbansound8k.html,CC-BY-4.0,"Justin Salamon, Duncan Jacoby, Juan Pablo Bello",2026-09-24,0.54,48000,2,field,,n/a,original,,,,81285bab3a7c54e4e27f33b30d4d84d20b944bb1979ece9a2e09264177050745,,car_horn,us8k:179867-1-0-0.wav,1,corpus_metadata:UrbanSound8K urban field recordings,urbansound8k_v1,179867-1-0-0.wav,https://creativecommons.org/licenses/by/4.0/
SS-HOR-0658,originals/vehicle_horn/SS-HOR-0658.wav,Vehicle Horn,UrbanSound8K (urban sound slices),https://urbansounddataset.weebly.com/urbansound8k.html,CC-BY-4.0,"Justin Salamon, Duncan Jacoby, Juan Pablo Bello",2026-09-24,2.15,48000,2,field,,n/a,original,,,,f2a8f4de37a7e51b9d3e520ac35b90421eec666b8a6268355833a95d0595c645,,car_horn,us8k:179868-1-0-0.wav,1,corpus_metadata:UrbanSound8K urban field recordings,urbansound8k_v1,179868-1-0-0.wav,https://creativecommons.org/licenses/by/4.0/
SS-HOR-0659,originals/vehicle_horn/SS-HOR-0659.wav,Vehicle Horn,UrbanSound8K (urban sound slices),https://urbansounddataset.weebly.com/urbansound8k.html,CC-BY-4.0,"Justin Salamon, Duncan Jacoby, Juan Pablo Bello",2026-09-24,2.357,48000,2,field,,n/a,original,,,,8c1b1b26434fc5109c75e173e67cf40b512214c3d6af618c340100b44c8c1521,,car_horn,us8k:180156-1-0-0.wav,2,corpus_metadata:UrbanSound8K urban field recordings,urbansound8k_v1,180156-1-0-0.wav,https://creativecommons.org/licenses/by/4.0/
SS-HOR-0660,originals/vehicle_horn/SS-HOR-0660.wav,Vehicle Horn,UrbanSound8K (urban sound slices),https://urbansounddataset.weebly.com/urbansound8k.html,CC-BY-4.0,"Justin Salamon, Duncan Jacoby, Juan Pablo Bello",2026-09-24,1.42,48000,2,field,,n/a,original,,,,e5090f4ac87a77d250c77289a89b2e553697c51be7a5d7c7b670322151375266,,car_horn,us8k:180156-1-1-0.wav,2,corpus_metadata:UrbanSound8K urban field recordings,urbansound8k_v1,180156-1-1-0.wav,https://creativecommons.org/licenses/by/4.0/
SS-HOR-0661,originals/vehicle_horn/SS-HOR-0661.wav,Vehicle Horn,UrbanSound8K (urban sound slices),https://urbansounddataset.weebly.com/urbansound8k.html,CC-BY-4.0,"Justin Salamon, Duncan Jacoby, Juan Pablo Bello",2026-09-24,1.46,48000,2,field,,n/a,original,,,,1aa9311d304f0426fecbb1ed519a66250594d48d8a3889ff282191464a9deb7d,,car_horn,us8k:180156-1-10-0.wav,2,corpus_metadata:UrbanSound8K urban field recordings,urbansound8k_v1,180156-1-10-0.wav,https://creativecommons.org/licenses/by/4.0/
SS-HOR-0662,originals/vehicle_horn/SS-HOR-0662.wav,Vehicle Horn,UrbanSound8K (urban sound slices),https://urbansounddataset.weebly.com/urbansound8k.html,CC-BY-4.0,"Justin Salamon, Duncan Jacoby, Juan Pablo Bello",2026-09-24,0.616,48000,2,field,,n/a,original,,,,8fb7632c9d2e0b00069fb628bf4ef2246ce07cabab059c7a1099d47e3b50bb88,,car_horn,us8k:180156-1-11-0.wav,2,corpus_metadata:UrbanSound8K urban field recordings,urbansound8k_v1,180156-1-11-0.wav,https://creativecommons.org/licenses/by/4.0/
SS-HOR-0663,originals/vehicle_horn/SS-HOR-0663.wav,Vehicle Horn,UrbanSound8K (urban sound slices),https://urbansounddataset.weebly.com/urbansound8k.html,CC-BY-4.0,"Justin Salamon, Duncan Jacoby, Juan Pablo Bello",2026-09-24,0.21,48000,2,field,,n/a,original,,,,8947ce676248e686dd303d5618a04c26513e0407f5c85035e80c6fde1d22f367,,car_horn,us8k:180156-1-12-0.wav,2,corpus_metadata:UrbanSound8K urban field recordings,urbansound8k_v1,180156-1-12-0.wav,https://creativecommons.org/licenses/by/4.0/
SS-HOR-0664,originals/vehicle_horn/SS-HOR-0664.wav,Vehicle Horn,UrbanSound8K (urban sound slices),https://urbansounddataset.weebly.com/urbansound8k.html,CC-BY-4.0,"Justin Salamon, Duncan Jacoby, Juan Pablo Bello",2026-09-24,0.28,48000,2,field,,n/a,original,,,,d987105e163565d40d03a7fd70a31f98d39dac5218ca1d688f9cbf572ef914a5,,car_horn,us8k:180156-1-2-0.wav,2,corpus_metadata:UrbanSound8K urban field recordings,urbansound8k_v1,180156-1-2-0.wav,https://creativecommons.org/licenses/by/4.0/
SS-HOR-0665,originals/vehicle_horn/SS-HOR-0665.wav,Vehicle Horn,UrbanSound8K (urban sound slices),https://urbansounddataset.weebly.com/urbansound8k.html,CC-BY-4.0,"Justin Salamon, Duncan Jacoby, Juan Pablo Bello",2026-09-24,0.598,48000,2,field,,n/a,original,,,,ba3242bc7a20213287f3f0348f6954bf21b11fc8bdce2808e5ba1dc4917804dd,,car_horn,us8k:180156-1-3-0.wav,2,corpus_metadata:UrbanSound8K urban field recordings,urbansound8k_v1,180156-1-3-0.wav,https://creativecommons.org/licenses/by/4.0/
SS-HOR-0666,originals/vehicle_horn/SS-HOR-0666.wav,Vehicle Horn,UrbanSound8K (urban sound slices),https://urbansounddataset.weebly.com/urbansound8k.html,CC-BY-4.0,"Justin Salamon, Duncan Jacoby, Juan Pablo Bello",2026-09-24,1.21,48000,2,field,,n/a,original,,,,baa060a1556c40450a4d5d2071739f8aaa96a3ae8b6693665969b591ba28318a,,car_horn,us8k:180156-1-4-0.wav,2,corpus_metadata:UrbanSound8K urban field recordings,urbansound8k_v1,180156-1-4-0.wav,https://creativecommons.org/licenses/by/4.0/
SS-HOR-0667,originals/vehicle_horn/SS-HOR-0667.wav,Vehicle Horn,UrbanSound8K (urban sound slices),https://urbansounddataset.weebly.com/urbansound8k.html,CC-BY-4.0,"Justin Salamon, Duncan Jacoby, Juan Pablo Bello",2026-09-24,1.618,48000,2,field,,n/a,original,,,,7e27fcea15c805107f001c5df88b885099f42915e6b5b5c8a9909ac0196b1805,,car_horn,us8k:180156-1-5-0.wav,2,corpus_metadata:UrbanSound8K urban field recordings,urbansound8k_v1,180156-1-5-0.wav,https://creativecommons.org/licenses/by/4.0/
SS-HOR-0668,originals/vehicle_horn/SS-HOR-0668.wav,Vehicle Horn,UrbanSound8K (urban sound slices),https://urbansounddataset.weebly.com/urbansound8k.html,CC-BY-4.0,"Justin Salamon, Duncan Jacoby, Juan Pablo Bello",2026-09-24,3.905,48000,2,field,,n/a,original,,,,029736648006fac76e39191a5db8f861fd86fd6201fd4ff94b8eae4c9d5fd48d,,car_horn,us8k:180156-1-6-0.wav,2,corpus_metadata:UrbanSound8K urban field recordings,urbansound8k_v1,180156-1-6-0.wav,https://creativecommons.org/licenses/by/4.0/
SS-HOR-0669,originals/vehicle_horn/SS-HOR-0669.wav,Vehicle Horn,UrbanSound8K (urban sound slices),https://urbansounddataset.weebly.com/urbansound8k.html,CC-BY-4.0,"Justin Salamon, Duncan Jacoby, Juan Pablo Bello",2026-09-24,0.246,48000,2,field,,n/a,original,,,,6c536dbba554220de746ef4c1c09d0ed9a60ba7ba6cb04816169c782e4f7288f,,car_horn,us8k:180156-1-7-0.wav,2,corpus_metadata:UrbanSound8K urban field recordings,urbansound8k_v1,180156-1-7-0.wav,https://creativecommons.org/licenses/by/4.0/
SS-HOR-0670,originals/vehicle_horn/SS-HOR-0670.wav,Vehicle Horn,UrbanSound8K (urban sound slices),https://urbansounddataset.weebly.com/urbansound8k.html,CC-BY-4.0,"Justin Salamon, Duncan Jacoby, Juan Pablo Bello",2026-09-24,0.598,48000,2,field,,n/a,original,,,,3643c5429110c7a6c88755ba8fdf7d937482b7641a0c083d5a22f9696eb0a8a4,,car_horn,us8k:180156-1-8-0.wav,2,corpus_metadata:UrbanSound8K urban field recordings,urbansound8k_v1,180156-1-8-0.wav,https://creativecommons.org/licenses/by/4.0/
