audio_id,filename,class_label,parent_audio_id,dataset_split,original_or_augmented,recipe,seed,duration_sec,sampling_rate,channels,sha256,source,licence
SS-AGG-0003-A1,augmented/aggression/SS-AGG-0003-A1.wav,Aggression,SS-AGG-0003,train,augmented,shift,4067064725,5.643,16000,1,c0d74653d157e56c58bb4589b1854b29977b21bc44ec76e3748f381bcb5fbb7f,augmentation of SS-AGG-0003,CC0-1.0
SS-AGG-0003-A2,augmented/aggression/SS-AGG-0003-A2.wav,Aggression,SS-AGG-0003,train,augmented,reverb,3747218116,5.643,16000,1,a7b8dd369717e130dfb4c7f15d726bab332b78ba00fedaefa0803c07ca62abf1,augmentation of SS-AGG-0003,CC0-1.0
SS-AGG-0005-A1,augmented/aggression/SS-AGG-0005-A1.wav,Aggression,SS-AGG-0005,train,augmented,reverb,1088623716,6.67,16000,1,96268906cc4f7e3860122f52cab5591a2293c355b189fe782c59c082181c7d88,augmentation of SS-AGG-0005,CC0-1.0
SS-AGG-0005-A2,augmented/aggression/SS-AGG-0005-A2.wav,Aggression,SS-AGG-0005,train,augmented,reverb,1513761988,6.67,16000,1,b00cf25cab267796675e431c68eb57c7e93e90ab018a26977a579a46280f7add,augmentation of SS-AGG-0005,CC0-1.0
SS-AGG-0007-A1,augmented/aggression/SS-AGG-0007-A1.wav,Aggression,SS-AGG-0007,train,augmented,volume,3556426007,18.646,16000,1,7291899f62bec9801d4ac80464745487cbed54462b69261831b2afb3f8c25385,augmentation of SS-AGG-0007,CC-BY-3.0
SS-AGG-0007-A2,augmented/aggression/SS-AGG-0007-A2.wav,Aggression,SS-AGG-0007,train,augmented,device,1014548168,18.646,16000,1,6e254a9bb9932c92bf85956799d8a5b2d98dca6a9ab266100265e2b6e847cfcd,augmentation of SS-AGG-0007,CC-BY-3.0
SS-AGG-0008-A1,augmented/aggression/SS-AGG-0008-A1.wav,Aggression,SS-AGG-0008,train,augmented,reverb,2013749348,6.607,16000,1,f1594b793da6ad3adcea320d30b5f965129afe1b7974c93733a9b327b82a7397,augmentation of SS-AGG-0008,CC-BY-3.0
SS-AGG-0008-A2,augmented/aggression/SS-AGG-0008-A2.wav,Aggression,SS-AGG-0008,train,augmented,shift,3304181245,6.607,16000,1,bd056ce56a26dfdb4129e351421834f193bd037ee3df68bc1be9c454ccd4ea19,augmentation of SS-AGG-0008,CC-BY-3.0
SS-AGG-0010-A1,augmented/aggression/SS-AGG-0010-A1.wav,Aggression,SS-AGG-0010,train,augmented,stretch,3385925022,23.943,16000,1,ad7b72e2df7c279d974dd09793fb92f38c7bdb5d1e3c56cbe53d55404db4b45f,augmentation of SS-AGG-0010,CC-BY-3.0
SS-AGG-0010-A2,augmented/aggression/SS-AGG-0010-A2.wav,Aggression,SS-AGG-0010,train,augmented,pitch,1087897003,22.524,16000,1,93b36cf7b28be84998df39a9ed61c2f49df1d52522eeccc84f09564aec868d33,augmentation of SS-AGG-0010,CC-BY-3.0
SS-AGG-0011-A1,augmented/aggression/SS-AGG-0011-A1.wav,Aggression,SS-AGG-0011,train,augmented,distance,3305100945,4.362,16000,1,1cf403bc3e38d805a65d9a4b59de6be4d1aec14bc2492b3e6838aec57d8fd96f,augmentation of SS-AGG-0011,CC0-1.0
SS-AGG-0011-A2,augmented/aggression/SS-AGG-0011-A2.wav,Aggression,SS-AGG-0011,train,augmented,pitch,4121661755,4.362,16000,1,091da067defbbe3662f5a5673215d0872c22a8990292e79e7393fe30128627c5,augmentation of SS-AGG-0011,CC0-1.0
SS-AGG-0012-A1,augmented/aggression/SS-AGG-0012-A1.wav,Aggression,SS-AGG-0012,train,augmented,distance,1628053553,0.532,16000,1,9c484d505104f5f4620e777c7e2f186ee0613c37f0b1f812f66b514777a9230c,augmentation of SS-AGG-0012,CC0-1.0
SS-AGG-0012-A2,augmented/aggression/SS-AGG-0012-A2.wav,Aggression,SS-AGG-0012,train,augmented,reverb,1867958532,0.532,16000,1,29ee3b7e707b4aaa0b626c7e40362267b109195a54b46754de4c6f0f05868a56,augmentation of SS-AGG-0012,CC0-1.0
SS-AGG-0013-A1,augmented/aggression/SS-AGG-0013-A1.wav,Aggression,SS-AGG-0013,train,augmented,device,3279189376,2.646,16000,1,991d00679441980f20b6a06c53f0cd59c5a029cf1609948bdf27af83bd9cd7fd,augmentation of SS-AGG-0013,CC0-1.0
SS-AGG-0013-A2,augmented/aggression/SS-AGG-0013-A2.wav,Aggression,SS-AGG-0013,train,augmented,stretch,3087222262,2.662,16000,1,125c71104aeaf9b8f379b1322107cfad12170ccc8513952b66c06db64d311d67,augmentation of SS-AGG-0013,CC0-1.0
SS-AGG-0016-A1,augmented/aggression/SS-AGG-0016-A1.wav,Aggression,SS-AGG-0016,train,augmented,noise,2503812746,2.08,16000,1,d23a39bd9873dad7ceb346c487a25508d029f5c14f47f2d3fe28e6945f4daf3f,augmentation of SS-AGG-0016,CC-BY-3.0
SS-AGG-0016-A2,augmented/aggression/SS-AGG-0016-A2.wav,Aggression,SS-AGG-0016,train,augmented,distance,856422937,2.08,16000,1,2c2fa9a851891f916b7784cfeef6bc437b991d54df2e30814e0cb981b4ffb6a0,augmentation of SS-AGG-0016,CC-BY-3.0
SS-AGG-0017-A1,augmented/aggression/SS-AGG-0017-A1.wav,Aggression,SS-AGG-0017,train,augmented,volume,2046016975,2.675,16000,1,0f25b1404b107f20043f9e825753455934b5756ea3f3d8a2da744a964db44f95,augmentation of SS-AGG-0017,CC0-1.0
SS-AGG-0017-A2,augmented/aggression/SS-AGG-0017-A2.wav,Aggression,SS-AGG-0017,train,augmented,distance,4041165865,2.675,16000,1,fbad8e8a31be6145a684168f2553095c2cdfdf868b1c5252fcfe319c1f33af68,augmentation of SS-AGG-0017,CC0-1.0
SS-AGG-0018-A1,augmented/aggression/SS-AGG-0018-A1.wav,Aggression,SS-AGG-0018,train,augmented,reverb,2633545740,2.219,16000,1,4013fb1b461a9e84262810801237aa4c5cf900054c3a4fd353971c046fecbee2,augmentation of SS-AGG-0018,Sampling+-1.0
SS-AGG-0018-A2,augmented/aggression/SS-AGG-0018-A2.wav,Aggression,SS-AGG-0018,train,augmented,shift,3290266141,2.219,16000,1,3d23104c7af5f7ba485bf4cf2b91c6065754c1345c16bb5726e85756c95b365f,augmentation of SS-AGG-0018,Sampling+-1.0
SS-AGG-0020-A1,augmented/aggression/SS-AGG-0020-A1.wav,Aggression,SS-AGG-0020,train,augmented,shift,4224060469,0.716,16000,1,ff9f2a5cf371d665d0d107a0dbddb7578b73f71f419895b3bf125ee4564cbace,augmentation of SS-AGG-0020,CC-BY-3.0
SS-AGG-0020-A2,augmented/aggression/SS-AGG-0020-A2.wav,Aggression,SS-AGG-0020,train,augmented,shift,4177585213,0.716,16000,1,658f3daf7b177d66a44c7ba3ed8806bcdcadd1e7fbc13d21712b2f9ba43384f9,augmentation of SS-AGG-0020,CC-BY-3.0
SS-AGG-0022-A1,augmented/aggression/SS-AGG-0022-A1.wav,Aggression,SS-AGG-0022,train,augmented,pitch,1097331563,0.933,16000,1,a6f811f5347474293fac2db8110b083d0e89991bf812b8d2b468594dde0716a1,augmentation of SS-AGG-0022,CC-BY-3.0
SS-AGG-0022-A2,augmented/aggression/SS-AGG-0022-A2.wav,Aggression,SS-AGG-0022,train,augmented,pitch,4210847971,0.933,16000,1,4df4ea3f5ad19e97f778e96b68f12eab7f1f043406e43be61b1ec9b680c944fd,augmentation of SS-AGG-0022,CC-BY-3.0
SS-AGG-0023-A1,augmented/aggression/SS-AGG-0023-A1.wav,Aggression,SS-AGG-0023,train,augmented,pitch,2778511563,1.115,16000,1,39326b3e47e2bdd7f4d21c8f24accae907bc21d3b0d2e1ce784a2549b5ad43ae,augmentation of SS-AGG-0023,CC0-1.0
SS-AGG-0023-A2,augmented/aggression/SS-AGG-0023-A2.wav,Aggression,SS-AGG-0023,train,augmented,distance,1687261273,1.115,16000,1,75c2820e46339228ffca74e28ca70c0be7abd4d5b451b65ed659b98bcb9fd2a9,augmentation of SS-AGG-0023,CC0-1.0
SS-AGG-0025-A1,augmented/aggression/SS-AGG-0025-A1.wav,Aggression,SS-AGG-0025,train,augmented,device,4020406408,1.708,16000,1,4f9dad17793739065336869afa7780074049f20cc4332d2ea774aac8d2240c83,augmentation of SS-AGG-0025,CC0-1.0
SS-AGG-0025-A2,augmented/aggression/SS-AGG-0025-A2.wav,Aggression,SS-AGG-0025,train,augmented,stretch,3038517254,1.574,16000,1,1929fc395dfc35b4679765d747d740525eda0684c085fc5d5ff666042bc44a34,augmentation of SS-AGG-0025,CC0-1.0
SS-AGG-0026-A1,augmented/aggression/SS-AGG-0026-A1.wav,Aggression,SS-AGG-0026,train,augmented,shift,3773426317,10.018,16000,1,a4646d8709488e680b809c895a813baa464dcef6e6ecbd5c5890d0c944e8a05e,augmentation of SS-AGG-0026,CC-BY-3.0
SS-AGG-0026-A2,augmented/aggression/SS-AGG-0026-A2.wav,Aggression,SS-AGG-0026,train,augmented,pitch,2758385235,10.018,16000,1,61b6cfc4c20c970f5fa3fc62b16c7b564ac002d62b83502197e8531e2ff33398,augmentation of SS-AGG-0026,CC-BY-3.0
SS-AGG-0028-A1,augmented/aggression/SS-AGG-0028-A1.wav,Aggression,SS-AGG-0028,train,augmented,device,1731923928,1.291,16000,1,74c19813b679440a36390e1486cbc5b8ccecf19217a8b26418cf64758795a78c,augmentation of SS-AGG-0028,CC-BY-3.0
SS-AGG-0028-A2,augmented/aggression/SS-AGG-0028-A2.wav,Aggression,SS-AGG-0028,train,augmented,pitch,619121763,1.291,16000,1,7beaa6cf6ff8606b780f575a48897cf813a3f7f13435b20219796380329a1195,augmentation of SS-AGG-0028,CC-BY-3.0
SS-AGG-0029-A1,augmented/aggression/SS-AGG-0029-A1.wav,Aggression,SS-AGG-0029,train,augmented,noise,2792331522,4.062,16000,1,b5aefa30809c12f62890d852ff1d714c865b5c1920573239291c4ea6f4923ae2,augmentation of SS-AGG-0029,CC-BY-3.0
SS-AGG-0029-A2,augmented/aggression/SS-AGG-0029-A2.wav,Aggression,SS-AGG-0029,train,augmented,device,3427087640,4.062,16000,1,6b27053517730a789fe8b2d1b61569ea0208ebf90b60132c313d4f67d98ac5c6,augmentation of SS-AGG-0029,CC-BY-3.0
SS-AGG-0030-A1,augmented/aggression/SS-AGG-0030-A1.wav,Aggression,SS-AGG-0030,train,augmented,pitch,1235401019,4.389,16000,1,d9dad238f2da62f51fafae1f4edf3eac618d63097d991b81faa7306b6564d6e3,augmentation of SS-AGG-0030,CC-BY-3.0
SS-AGG-0030-A2,augmented/aggression/SS-AGG-0030-A2.wav,Aggression,SS-AGG-0030,train,augmented,volume,3054209415,4.389,16000,1,cd72e8365f720c62694d49e46230409fedf49e40b235d9dd16f3ec76f72fec62,augmentation of SS-AGG-0030,CC-BY-3.0
SS-AGG-0031-A1,augmented/aggression/SS-AGG-0031-A1.wav,Aggression,SS-AGG-0031,train,augmented,volume,2175038327,1.448,16000,1,9bad6e4633ff7c8a8ad9cd95a87740c9e5557a3f3eaf4b4930ebb8599e31c3ae,augmentation of SS-AGG-0031,CC0-1.0
SS-AGG-0031-A2,augmented/aggression/SS-AGG-0031-A2.wav,Aggression,SS-AGG-0031,train,augmented,stretch,1516617566,1.414,16000,1,a50957699bbbf1fe4a1d96a0cfc73f658f95690a5e23568045a22f449ab17656,augmentation of SS-AGG-0031,CC0-1.0
SS-AGG-0032-A1,augmented/aggression/SS-AGG-0032-A1.wav,Aggression,SS-AGG-0032,train,augmented,shift,673430981,0.553,16000,1,60a3555683dd836e70532f40b215c84923704a07a0c572bc3c18d320082cbcc3,augmentation of SS-AGG-0032,CC-BY-3.0
SS-AGG-0032-A2,augmented/aggression/SS-AGG-0032-A2.wav,Aggression,SS-AGG-0032,train,augmented,device,4010346760,0.553,16000,1,75a4ac5cb7d5cd875e08954864658000161bc4b987bf8e84cc0e40393ed4c385,augmentation of SS-AGG-0032,CC-BY-3.0
SS-AGG-0033-A1,augmented/aggression/SS-AGG-0033-A1.wav,Aggression,SS-AGG-0033,train,augmented,pitch,371227379,2.334,16000,1,5b2b874b581535e35be249188b6bf496ca1c3e05c3620788140903054c97d2f7,augmentation of SS-AGG-0033,CC0-1.0
SS-AGG-0033-A2,augmented/aggression/SS-AGG-0033-A2.wav,Aggression,SS-AGG-0033,train,augmented,volume,3359310151,2.334,16000,1,af312bac6c2ef91720ea6dcb810c47a51db92db42a25bcac98cce35ae37918c1,augmentation of SS-AGG-0033,CC0-1.0
SS-AGG-0035-A1,augmented/aggression/SS-AGG-0035-A1.wav,Aggression,SS-AGG-0035,train,augmented,stretch,2348463174,19.679,16000,1,d1133e1d286e3e740cfae39124d108324dcb85a649a760670f83ff7c4544c637,augmentation of SS-AGG-0035,CC0-1.0
SS-AGG-0035-A2,augmented/aggression/SS-AGG-0035-A2.wav,Aggression,SS-AGG-0035,train,augmented,distance,4186675545,19.15,16000,1,997f139d8986c9f84195a7c9a3ff224d922188967b47451a394a59188318b16e,augmentation of SS-AGG-0035,CC0-1.0
SS-AGG-0037-A1,augmented/aggression/SS-AGG-0037-A1.wav,Aggression,SS-AGG-0037,train,augmented,pitch,3797732211,6.351,16000,1,2f77032b2c3124406f73b5448bcbfbfa4f9250c910f07aff3c0cf722fe2bc6de,augmentation of SS-AGG-0037,CC-BY-3.0
SS-AGG-0037-A2,augmented/aggression/SS-AGG-0037-A2.wav,Aggression,SS-AGG-0037,train,augmented,volume,947074623,6.351,16000,1,7237303435ac862dd86375d825ea44619b2740965f987a9e9de490605d0a269a,augmentation of SS-AGG-0037,CC-BY-3.0
SS-AGG-0039-A1,augmented/aggression/SS-AGG-0039-A1.wav,Aggression,SS-AGG-0039,train,augmented,reverb,2724861300,1.481,16000,1,bbb8db336d35818f6e33b578e89cdcfa4ecaab33d56308f9b24913a5af9b7ed5,augmentation of SS-AGG-0039,CC-BY-3.0
SS-AGG-0039-A2,augmented/aggression/SS-AGG-0039-A2.wav,Aggression,SS-AGG-0039,train,augmented,noise,1711188002,1.481,16000,1,32a4157208ca9b7aa7c60e5662ca5fc2f5aa01a1fd8c5b630453d11142c9c542,augmentation of SS-AGG-0039,CC-BY-3.0
SS-AGG-0040-A1,augmented/aggression/SS-AGG-0040-A1.wav,Aggression,SS-AGG-0040,train,augmented,volume,4110802111,3.271,16000,1,83bda85346f74bc7416fa7a60507f23259000f58fae137265678d1716ec78218,augmentation of SS-AGG-0040,CC0-1.0
SS-AGG-0040-A2,augmented/aggression/SS-AGG-0040-A2.wav,Aggression,SS-AGG-0040,train,augmented,device,3403685664,3.271,16000,1,0619d639053b0f2859533ade664eb28b86a1cd882bbeaad7fa8c7ff468bdf60a,augmentation of SS-AGG-0040,CC0-1.0
SS-AGG-0043-A1,augmented/aggression/SS-AGG-0043-A1.wav,Aggression,SS-AGG-0043,train,augmented,distance,3168341793,2.133,16000,1,e85ee2f57d8773a0c2dce8915c71e2d2540cdd614da236d88158d68a8519abaa,augmentation of SS-AGG-0043,CC0-1.0
SS-AGG-0043-A2,augmented/aggression/SS-AGG-0043-A2.wav,Aggression,SS-AGG-0043,train,augmented,pitch,1957972419,2.133,16000,1,7134fef5413b96d22bb061643cea8af602bdaf1999dea1855252c18c7ca28918,augmentation of SS-AGG-0043,CC0-1.0
SS-AGG-0044-A1,augmented/aggression/SS-AGG-0044-A1.wav,Aggression,SS-AGG-0044,train,augmented,reverb,3764469420,13.268,16000,1,b6eaf4597783427d3698c8da8fb6656b80bfec03da23c788d4742d6357dfe994,augmentation of SS-AGG-0044,CC-BY-3.0
SS-AGG-0044-A2,augmented/aggression/SS-AGG-0044-A2.wav,Aggression,SS-AGG-0044,train,augmented,noise,2267218626,13.268,16000,1,15f1eee6016efb7c45a506481d7c930a08ec8147805c87619c42d9f795bec4dd,augmentation of SS-AGG-0044,CC-BY-3.0
SS-AGG-0048-A1,augmented/aggression/SS-AGG-0048-A1.wav,Aggression,SS-AGG-0048,train,augmented,pitch,3908822443,3.216,16000,1,7132bb4b630e7f41ca3f8ac421943cb41a2f8befc43fde049f351f8ad5252a0f,augmentation of SS-AGG-0048,CC-BY-3.0
SS-AGG-0048-A2,augmented/aggression/SS-AGG-0048-A2.wav,Aggression,SS-AGG-0048,train,augmented,shift,2203765165,3.216,16000,1,0841f5865d68398c04c1479f660b07b0c37f95b45467bb400057278b3fd88c10,augmentation of SS-AGG-0048,CC-BY-3.0
SS-AGG-0050-A1,augmented/aggression/SS-AGG-0050-A1.wav,Aggression,SS-AGG-0050,train,augmented,distance,1601991529,2.301,16000,1,8ec161b78ddee554a4e9e93ecb39985eb496070711aaf32442b31908493861d8,augmentation of SS-AGG-0050,CC-BY-3.0
SS-AGG-0050-A2,augmented/aggression/SS-AGG-0050-A2.wav,Aggression,SS-AGG-0050,train,augmented,device,1648780728,2.301,16000,1,829a61d16ec509a8bbc2c72c6dfdfe9e85cd02c7364ba18567cf45bf40eea7b6,augmentation of SS-AGG-0050,CC-BY-3.0
SS-AGG-0051-A1,augmented/aggression/SS-AGG-0051-A1.wav,Aggression,SS-AGG-0051,train,augmented,noise,1789271770,4.5,16000,1,604ed1c706e3bbfa07ba2c411d296c5b641cda1435e9a88b69bedc2954681f1e,augmentation of SS-AGG-0051,CC0-1.0
SS-AGG-0051-A2,augmented/aggression/SS-AGG-0051-A2.wav,Aggression,SS-AGG-0051,train,augmented,distance,3482656017,4.5,16000,1,44bad69306c4f5c890bcc8e257bf47b971a9204068541097c42b40b536c2766c,augmentation of SS-AGG-0051,CC0-1.0
SS-AGG-0052-A1,augmented/aggression/SS-AGG-0052-A1.wav,Aggression,SS-AGG-0052,train,augmented,volume,3201688671,2.142,16000,1,2192e21fbee05e2f983b540242aeb39420cc6ad00c1294f19de995b56065d817,augmentation of SS-AGG-0052,CC-BY-3.0
SS-AGG-0052-A2,augmented/aggression/SS-AGG-0052-A2.wav,Aggression,SS-AGG-0052,train,augmented,distance,1362215313,2.142,16000,1,2620d6e0db03d9b9daac18dfe8c008115b2d2708fb75204d1234c744f70993b7,augmentation of SS-AGG-0052,CC-BY-3.0
SS-AGG-0054-A1,augmented/aggression/SS-AGG-0054-A1.wav,Aggression,SS-AGG-0054,train,augmented,pitch,3969305195,7.381,16000,1,411a5056b0088ed60619c28acabca0dec865e85944751dcb4180f2fb8533b2dd,augmentation of SS-AGG-0054,CC0-1.0
SS-AGG-0054-A2,augmented/aggression/SS-AGG-0054-A2.wav,Aggression,SS-AGG-0054,train,augmented,stretch,2430064062,6.88,16000,1,e1e0a23c6484f11d098e387b361fed76f41239c6a76b44966acfb7fbbc605af7,augmentation of SS-AGG-0054,CC0-1.0
SS-AGG-0056-A1,augmented/aggression/SS-AGG-0056-A1.wav,Aggression,SS-AGG-0056,train,augmented,reverb,3305519412,1.09,16000,1,b81be739d1cc726e044b551f9e096511068d5be225a07d69ddd5e066cfa8fbdd,augmentation of SS-AGG-0056,CC0-1.0
SS-AGG-0056-A2,augmented/aggression/SS-AGG-0056-A2.wav,Aggression,SS-AGG-0056,train,augmented,pitch,2198420979,1.09,16000,1,ad890e2f5dc7bd5bdaef1d8bdaf5a6249fe210faa90705c0356eb24949982e37,augmentation of SS-AGG-0056,CC0-1.0
SS-AGG-0058-A1,augmented/aggression/SS-AGG-0058-A1.wav,Aggression,SS-AGG-0058,train,augmented,distance,1229403953,13.165,16000,1,8f3288a196491f0ca11131704cd8ddb7645434282f1d036d207623955a324c2f,augmentation of SS-AGG-0058,CC0-1.0
SS-AGG-0058-A2,augmented/aggression/SS-AGG-0058-A2.wav,Aggression,SS-AGG-0058,train,augmented,distance,2676999945,13.165,16000,1,7a374c078ce21a0a5027e600ddc6828fee19f9d959d3933a825510cb05ff7f75,augmentation of SS-AGG-0058,CC0-1.0
SS-AGG-0059-A1,augmented/aggression/SS-AGG-0059-A1.wav,Aggression,SS-AGG-0059,train,augmented,volume,1505922959,4.081,16000,1,115361454e8c8834d7da7c804cd013d651ff3d16ae7f999fec5d552f7dc1c930,augmentation of SS-AGG-0059,CC-BY-3.0
SS-AGG-0059-A2,augmented/aggression/SS-AGG-0059-A2.wav,Aggression,SS-AGG-0059,train,augmented,stretch,444263550,3.937,16000,1,e618926a74f26fdad87b33ddc4de665cac4f71d0ef950a85628282076a46f6cb,augmentation of SS-AGG-0059,CC-BY-3.0
SS-AGG-0061-A1,augmented/aggression/SS-AGG-0061-A1.wav,Aggression,SS-AGG-0061,train,augmented,distance,2422081129,3.974,16000,1,1cd866b87bfdd4843b71caa1217f1c9fc1c8cdb7c3f55311ec1d2455219be693,augmentation of SS-AGG-0061,CC0-1.0
SS-AGG-0061-A2,augmented/aggression/SS-AGG-0061-A2.wav,Aggression,SS-AGG-0061,train,augmented,device,1699460080,3.974,16000,1,1a467633fd3668e3dfba9c63efde03625c8225e3504959911915042aaade344a,augmentation of SS-AGG-0061,CC0-1.0
SS-AGG-0063-A1,augmented/aggression/SS-AGG-0063-A1.wav,Aggression,SS-AGG-0063,train,augmented,shift,3455613557,4.608,16000,1,b7440f3caf052db7056cbdee7788fb7a13f8e2ae2b3eff4ae0c541b05e486d0c,augmentation of SS-AGG-0063,CC0-1.0
SS-AGG-0063-A2,augmented/aggression/SS-AGG-0063-A2.wav,Aggression,SS-AGG-0063,train,augmented,noise,1510186938,4.608,16000,1,74a8d02bf6576c8639a2a56800532c9eb40b0f7a0da29655bba7d9978fa2c57f,augmentation of SS-AGG-0063,CC0-1.0
SS-AGG-0064-A1,augmented/aggression/SS-AGG-0064-A1.wav,Aggression,SS-AGG-0064,train,augmented,distance,1585620969,3.999,16000,1,cd949392f8241eb5282e27a88890eaf3f81c1b90fc503a8fcec8ae5160a45e33,augmentation of SS-AGG-0064,CC-BY-3.0
SS-AGG-0064-A2,augmented/aggression/SS-AGG-0064-A2.wav,Aggression,SS-AGG-0064,train,augmented,reverb,3640571556,3.999,16000,1,bcf34c457f43735881232d40789d2a6dcd9db826c73df7b400a490fb396dcdf9,augmentation of SS-AGG-0064,CC-BY-3.0
SS-AGG-0066-A1,augmented/aggression/SS-AGG-0066-A1.wav,Aggression,SS-AGG-0066,train,augmented,reverb,4101379724,1.2,16000,1,b350c8b076d5037b5baf8ce6265f15c31b96badb200993b1e6e0dd3c4b108f33,augmentation of SS-AGG-0066,CC0-1.0
SS-AGG-0066-A2,augmented/aggression/SS-AGG-0066-A2.wav,Aggression,SS-AGG-0066,train,augmented,volume,4133314815,1.2,16000,1,5e613418889659a7a514f7d36fe85c0dec9174f19a6296746540f94a9e62b771,augmentation of SS-AGG-0066,CC0-1.0
SS-AGG-0067-A1,augmented/aggression/SS-AGG-0067-A1.wav,Aggression,SS-AGG-0067,train,augmented,pitch,212619403,4.625,16000,1,2db054019a7e0dbb900147cfbefd8fc0ee69ded2ff6643f272a1a8da3e9f91cf,augmentation of SS-AGG-0067,CC-BY-3.0
SS-AGG-0067-A2,augmented/aggression/SS-AGG-0067-A2.wav,Aggression,SS-AGG-0067,train,augmented,device,1290552728,4.625,16000,1,6ca78ae6560f111c1f37e4662d41bae2969818fe366564590b28e4208bcce5ec,augmentation of SS-AGG-0067,CC-BY-3.0
SS-AGG-0068-A1,augmented/aggression/SS-AGG-0068-A1.wav,Aggression,SS-AGG-0068,train,augmented,stretch,1772301182,19.752,16000,1,367f9ce5771f31ef9faac71fba55ad1f4f874ca6d0e0a4f89013e009878cd74d,augmentation of SS-AGG-0068,CC-BY-3.0
SS-AGG-0068-A2,augmented/aggression/SS-AGG-0068-A2.wav,Aggression,SS-AGG-0068,train,augmented,shift,1383426357,21.184,16000,1,ba31da088292f80f4e0904f23c5135f8f42b9923ebe0c591171c55eaa7bf7567,augmentation of SS-AGG-0068,CC-BY-3.0
SS-AGG-0069-A1,augmented/aggression/SS-AGG-0069-A1.wav,Aggression,SS-AGG-0069,train,augmented,noise,316141890,1.729,16000,1,09929b0a1ddf6bac9cc8e3b973f9c83c12494f1d5d7a83b68ec786e0dbd92742,augmentation of SS-AGG-0069,CC-BY-3.0
SS-AGG-0069-A2,augmented/aggression/SS-AGG-0069-A2.wav,Aggression,SS-AGG-0069,train,augmented,stretch,2032800086,1.7,16000,1,3480fcb6dfa2f5c95d18a3b2ea70444f19b9c8b041d8e07d565b800a3f0aabd3,augmentation of SS-AGG-0069,CC-BY-3.0
SS-AGG-0070-A1,augmented/aggression/SS-AGG-0070-A1.wav,Aggression,SS-AGG-0070,train,augmented,shift,651289797,2.848,16000,1,97933a4021413eb6b3f112a26392d53e93ec985c5238c5fc4c3c144220352018,augmentation of SS-AGG-0070,CC0-1.0
SS-AGG-0070-A2,augmented/aggression/SS-AGG-0070-A2.wav,Aggression,SS-AGG-0070,train,augmented,stretch,3506715214,2.589,16000,1,ed7695111a642d8b5d6d863f9ded33cc68031bfcd280afd4c0ddaf709085bf76,augmentation of SS-AGG-0070,CC0-1.0
SS-AGG-0071-A1,augmented/aggression/SS-AGG-0071-A1.wav,Aggression,SS-AGG-0071,train,augmented,distance,3661564945,14.359,16000,1,02522ef4db68de4786f8c09b099c90eb1695ba2ac478edf29c9b961c1ec1075f,augmentation of SS-AGG-0071,CC-BY-3.0
SS-AGG-0071-A2,augmented/aggression/SS-AGG-0071-A2.wav,Aggression,SS-AGG-0071,train,augmented,distance,2462937041,14.359,16000,1,629d03f54877104066cc506b0368f36a0e6cc7b73b6989084020ce94d43736bc,augmentation of SS-AGG-0071,CC-BY-3.0
SS-AGG-0072-A1,augmented/aggression/SS-AGG-0072-A1.wav,Aggression,SS-AGG-0072,train,augmented,stretch,3091647502,0.976,16000,1,356620a77170a1d6505a3066fea61ed8ae52ba9c397a26645311ac606577718e,augmentation of SS-AGG-0072,CC-BY-3.0
SS-AGG-0072-A2,augmented/aggression/SS-AGG-0072-A2.wav,Aggression,SS-AGG-0072,train,augmented,reverb,3004057700,1.0,16000,1,9e03cedfd7c15a8f27b8df23d584e69f10b807a01e3b2fdf5acc6f02bd27635a,augmentation of SS-AGG-0072,CC-BY-3.0
SS-AGG-0075-A1,augmented/aggression/SS-AGG-0075-A1.wav,Aggression,SS-AGG-0075,train,augmented,shift,526268949,1.923,16000,1,449af9ac1717aeae20ed2d9e6a7aac81081cc7332ecf37cdbaca48cb234cc34c,augmentation of SS-AGG-0075,CC-BY-3.0
SS-AGG-0075-A2,augmented/aggression/SS-AGG-0075-A2.wav,Aggression,SS-AGG-0075,train,augmented,shift,2059178141,1.923,16000,1,9898df941eac5405e3fe091937de78529cc595136a982d1f5733af5f79695fd6,augmentation of SS-AGG-0075,CC-BY-3.0
SS-AGG-0077-A1,augmented/aggression/SS-AGG-0077-A1.wav,Aggression,SS-AGG-0077,train,augmented,pitch,1444300835,0.808,16000,1,7cf8ec28610f58aadcea7e500fa3b62c2c4edc627b1be099e35adfde7e6d7bce,augmentation of SS-AGG-0077,CC-BY-3.0
SS-AGG-0077-A2,augmented/aggression/SS-AGG-0077-A2.wav,Aggression,SS-AGG-0077,train,augmented,distance,1392892225,0.808,16000,1,13cd679ea2b89ec851696a9fcf99f709f573f49b42281c7165dd0bff63f443d1,augmentation of SS-AGG-0077,CC-BY-3.0
SS-AGG-0078-A1,augmented/aggression/SS-AGG-0078-A1.wav,Aggression,SS-AGG-0078,train,augmented,noise,2984532746,0.548,16000,1,eb3b65e4150325acdb2d495e1a407a6351fe7c9b4389466c2dc204e13fdae5dc,augmentation of SS-AGG-0078,Sampling+-1.0
SS-AGG-0078-A2,augmented/aggression/SS-AGG-0078-A2.wav,Aggression,SS-AGG-0078,train,augmented,volume,588693063,0.548,16000,1,14374eee2fcfd1e6a7bd0f4c2fe102d2f48c4bebb64cfebee6d08c18e23a9914,augmentation of SS-AGG-0078,Sampling+-1.0
SS-AGG-0080-A1,augmented/aggression/SS-AGG-0080-A1.wav,Aggression,SS-AGG-0080,train,augmented,reverb,3241111020,1.716,16000,1,22f5471a687373ef8b3549c91fa7138dd176c4badfced30187e35d52dbaddc2c,augmentation of SS-AGG-0080,CC0-1.0
SS-AGG-0080-A2,augmented/aggression/SS-AGG-0080-A2.wav,Aggression,SS-AGG-0080,train,augmented,stretch,2199413246,1.547,16000,1,cca13cc61ec1b9edc36eb46a365c929cbcbc1205c5a3a7b2289236b939afb433,augmentation of SS-AGG-0080,CC0-1.0
SS-AGG-0083-A1,augmented/aggression/SS-AGG-0083-A1.wav,Aggression,SS-AGG-0083,train,augmented,noise,1534343250,3.3,16000,1,416327648e4ad308bec77c0bd485e436be7fe22d49f09d1175d442a916612524,augmentation of SS-AGG-0083,CC-BY-3.0
SS-AGG-0083-A2,augmented/aggression/SS-AGG-0083-A2.wav,Aggression,SS-AGG-0083,train,augmented,volume,2275457287,3.3,16000,1,2b9c4be0ca6b7dacf1cacd4b4d5f9048515bdec6ed0b2879b59c5f86721bfbc2,augmentation of SS-AGG-0083,CC-BY-3.0
SS-AGG-0087-A1,augmented/aggression/SS-AGG-0087-A1.wav,Aggression,SS-AGG-0087,train,augmented,device,2697419728,0.756,16000,1,88e76053e6b42c8fc58ffb2c9aa5cea5c8ba5765fb1c64f5fe7b86418d91206f,augmentation of SS-AGG-0087,CC0-1.0
SS-AGG-0087-A2,augmented/aggression/SS-AGG-0087-A2.wav,Aggression,SS-AGG-0087,train,augmented,noise,1839083530,0.756,16000,1,7f43e0369df59a0f43251178d93180a7180a3338be3d926086ce8cbee4526d02,augmentation of SS-AGG-0087,CC0-1.0
SS-AGG-0089-A1,augmented/aggression/SS-AGG-0089-A1.wav,Aggression,SS-AGG-0089,train,augmented,device,1607436248,7.488,16000,1,66edf6ae6cad7653f9da335f818d99f58ced2fac0bc74c5ef497c657e625e054,augmentation of SS-AGG-0089,CC0-1.0
SS-AGG-0089-A2,augmented/aggression/SS-AGG-0089-A2.wav,Aggression,SS-AGG-0089,train,augmented,noise,2940808818,7.488,16000,1,eb75f392bf5dbaa9699643b83e5e538aa107970e56d8e42cf390f43dbe8b1cab,augmentation of SS-AGG-0089,CC0-1.0
SS-AGG-0090-A1,augmented/aggression/SS-AGG-0090-A1.wav,Aggression,SS-AGG-0090,train,augmented,distance,1008465889,2.0,16000,1,571ce6f53cd7ed338b4a4b214d7dd05e476f152097fe718a759b953a7c3bdc73,augmentation of SS-AGG-0090,CC0-1.0
SS-AGG-0090-A2,augmented/aggression/SS-AGG-0090-A2.wav,Aggression,SS-AGG-0090,train,augmented,volume,2179852263,2.0,16000,1,e2b147ddd7bc627bf2598c38e95cbe86b8b18de31d5a718ece898bdf39537c07,augmentation of SS-AGG-0090,CC0-1.0
SS-AGG-0094-A1,augmented/aggression/SS-AGG-0094-A1.wav,Aggression,SS-AGG-0094,train,augmented,shift,2460027989,3.204,16000,1,e5c9be5371307d1c1925474be288982cd271b9a5589d7e37d280bb19aec48e1f,augmentation of SS-AGG-0094,CC-BY-3.0
SS-AGG-0094-A2,augmented/aggression/SS-AGG-0094-A2.wav,Aggression,SS-AGG-0094,train,augmented,device,3186547112,3.204,16000,1,919f027f9354c4658329fe38547ad13498ca936090ec4386b5cfce20ef1aa4f3,augmentation of SS-AGG-0094,CC-BY-3.0
SS-AGG-0095-A1,augmented/aggression/SS-AGG-0095-A1.wav,Aggression,SS-AGG-0095,train,augmented,reverb,4040101244,3.067,16000,1,066a59cc300232dbdc6216f9bd3ae4a2892280096f2ee11760e57eb462befa7f,augmentation of SS-AGG-0095,CC0-1.0
SS-AGG-0095-A2,augmented/aggression/SS-AGG-0095-A2.wav,Aggression,SS-AGG-0095,train,augmented,distance,482996281,3.067,16000,1,1c811b8df6bed8841c55c2b21d9f441eda230efd70e28f029381cd5c6ead90a4,augmentation of SS-AGG-0095,CC0-1.0
SS-AGG-0096-A1,augmented/aggression/SS-AGG-0096-A1.wav,Aggression,SS-AGG-0096,train,augmented,volume,2821560887,3.32,16000,1,a946f311ae997b689bdc8ab35229e19a1bd4dc554dd2a9c738a5df1b869c75e4,augmentation of SS-AGG-0096,CC-BY-3.0
SS-AGG-0096-A2,augmented/aggression/SS-AGG-0096-A2.wav,Aggression,SS-AGG-0096,train,augmented,noise,271495586,3.32,16000,1,e5f3b463f45e3e12529fcf327dc116f1a6e45fa3c30e0ca309c84c129a915a97,augmentation of SS-AGG-0096,CC-BY-3.0
SS-AGG-0097-A1,augmented/aggression/SS-AGG-0097-A1.wav,Aggression,SS-AGG-0097,train,augmented,device,2283461400,16.832,16000,1,53575c1762b512bc3dd9fd9abf26fe5a62f114e4e6ec36cebbe76cac63ceecf4,augmentation of SS-AGG-0097,CC-BY-3.0
SS-AGG-0097-A2,augmented/aggression/SS-AGG-0097-A2.wav,Aggression,SS-AGG-0097,train,augmented,stretch,1995020958,19.708,16000,1,3aeb2b1eee08f27f857ddaafc8794bbf0d34e3deac8df99091f1597808f619a9,augmentation of SS-AGG-0097,CC-BY-3.0
SS-AGG-0098-A1,augmented/aggression/SS-AGG-0098-A1.wav,Aggression,SS-AGG-0098,train,augmented,reverb,2878240196,8.057,16000,1,ee0879012fc2be287427ecbdf7a0cc332ed93863632e848fadedd3317403c83c,augmentation of SS-AGG-0098,CC-BY-3.0
SS-AGG-0098-A2,augmented/aggression/SS-AGG-0098-A2.wav,Aggression,SS-AGG-0098,train,augmented,volume,1908425455,8.057,16000,1,dc1a9b5fb382366145f0d241118f2870ee680a868fcdfb079b0c39e64272298b,augmentation of SS-AGG-0098,CC-BY-3.0
SS-AGG-0100-A1,augmented/aggression/SS-AGG-0100-A1.wav,Aggression,SS-AGG-0100,train,augmented,stretch,2846932158,7.119,16000,1,47e7b52fcb299ff68f21305315c096ebd29b8cb3784e5b3e137ac99c86ffde7d,augmentation of SS-AGG-0100,CC0-1.0
SS-AGG-0100-A2,augmented/aggression/SS-AGG-0100-A2.wav,Aggression,SS-AGG-0100,train,augmented,reverb,2491309164,6.827,16000,1,37cf57c06a541d715ca409efae699f7415f422ff2c3fd4d4d0c4be6edf4dc84f,augmentation of SS-AGG-0100,CC0-1.0
SS-AGG-0502-A1,augmented/aggression/SS-AGG-0502-A1.wav,Aggression,SS-AGG-0502,train,augmented,device,131506192,2.429,16000,1,b6c79eb3fe652ff87c2dde56bde9b617ccd4a7bc34631e554c7c4b332cdac751,augmentation of SS-AGG-0502,CC-BY-4.0
SS-AGG-0502-A2,augmented/aggression/SS-AGG-0502-A2.wav,Aggression,SS-AGG-0502,train,augmented,pitch,2597578083,2.429,16000,1,fc44b098324ada058513e369cff29073507b569b558ec6fbcc2eea0b0a3adf36,augmentation of SS-AGG-0502,CC-BY-4.0
SS-AGG-0504-A1,augmented/aggression/SS-AGG-0504-A1.wav,Aggression,SS-AGG-0504,train,augmented,stretch,969304726,4.79,16000,1,1e6abe14dc566cf5a2a9d74eef7a1a324f1d18f198400518cb62057b97abcc9a,augmentation of SS-AGG-0504,CC-BY-4.0
SS-AGG-0504-A2,augmented/aggression/SS-AGG-0504-A2.wav,Aggression,SS-AGG-0504,train,augmented,reverb,4106571060,5.003,16000,1,bdb9a912c2080726623a867c464625328da03d1bd79d66951711623eda7ae7bc,augmentation of SS-AGG-0504,CC-BY-4.0
SS-AGG-0506-A1,augmented/aggression/SS-AGG-0506-A1.wav,Aggression,SS-AGG-0506,train,augmented,reverb,3003956700,3.737,16000,1,ae680e7c31ea3d033fb383d022f97e26744791149a97949669735d220bb815ed,augmentation of SS-AGG-0506,CC-BY-4.0
SS-AGG-0506-A2,augmented/aggression/SS-AGG-0506-A2.wav,Aggression,SS-AGG-0506,train,augmented,stretch,2463892702,3.457,16000,1,c3cc9ea07ae82fd6cc8942a0649d7cb5cfc57379b2967ef657331c5160973eb0,augmentation of SS-AGG-0506,CC-BY-4.0
SS-AGG-0507-A1,augmented/aggression/SS-AGG-0507-A1.wav,Aggression,SS-AGG-0507,train,augmented,pitch,4165288395,2.033,16000,1,bf26e028ecc30c8e90f774fd5366425ae3c6641dcf70c8899171a9821c369e4b,augmentation of SS-AGG-0507,CC-BY-4.0
SS-AGG-0507-A2,augmented/aggression/SS-AGG-0507-A2.wav,Aggression,SS-AGG-0507,train,augmented,volume,2064363143,2.033,16000,1,e330b0f4be3c80509772e833c3ef1c3cac0a40b69c8caca223548bf87bd108ce,augmentation of SS-AGG-0507,CC-BY-4.0
SS-AGG-0508-A1,augmented/aggression/SS-AGG-0508-A1.wav,Aggression,SS-AGG-0508,train,augmented,noise,4203854194,13.864,16000,1,9421557f243d03c4fdda9a00a8b3e236ae62d8b4a6456e50dacd59730022856b,augmentation of SS-AGG-0508,CC-BY-4.0
SS-AGG-0508-A2,augmented/aggression/SS-AGG-0508-A2.wav,Aggression,SS-AGG-0508,train,augmented,volume,231360239,13.864,16000,1,91eb41764dd495b0b4e9a735d6d0fce58d456e997008ecb8e40508d7db6b481d,augmentation of SS-AGG-0508,CC-BY-4.0
SS-AGG-0509-A1,augmented/aggression/SS-AGG-0509-A1.wav,Aggression,SS-AGG-0509,train,augmented,volume,2092724047,1.877,16000,1,47cf9cb030c5a61cf0e7162cb424c0c3a04e1e7a04879124632360ebc76b73a9,augmentation of SS-AGG-0509,CC-BY-4.0
SS-AGG-0509-A2,augmented/aggression/SS-AGG-0509-A2.wav,Aggression,SS-AGG-0509,train,augmented,pitch,4125360291,1.877,16000,1,7c4bc9b84a6388d2e9875564ba6b106e19bf76ad2d21b393f5029f2971ceef7b,augmentation of SS-AGG-0509,CC-BY-4.0
SS-AGG-0510-A1,augmented/aggression/SS-AGG-0510-A1.wav,Aggression,SS-AGG-0510,train,augmented,volume,4292829391,9.744,16000,1,1f6363581aecc91f24f18df4c13e8abd784f58c008d950fbe02425db966024b9,augmentation of SS-AGG-0510,CC-BY-4.0
SS-AGG-0510-A2,augmented/aggression/SS-AGG-0510-A2.wav,Aggression,SS-AGG-0510,train,augmented,pitch,2003050707,9.744,16000,1,47360b915085f6cc7628a9892c5a7b771324d59ab8b73d2916ccd3b6a9273c70,augmentation of SS-AGG-0510,CC-BY-4.0
SS-AGG-0512-A1,augmented/aggression/SS-AGG-0512-A1.wav,Aggression,SS-AGG-0512,train,augmented,pitch,928440123,1.52,16000,1,3e9d31dfd31be125d8ec769e5f45711d7dbae862acc9503d172930d56362202e,augmentation of SS-AGG-0512,CC-BY-4.0
SS-AGG-0512-A2,augmented/aggression/SS-AGG-0512-A2.wav,Aggression,SS-AGG-0512,train,augmented,distance,1185484009,1.52,16000,1,c2c92e0b984d1cbfea0ab629be3112492e1817ee5936c2e9e483eeb4906f2aa2,augmentation of SS-AGG-0512,CC-BY-4.0
SS-AGG-0513-A1,augmented/aggression/SS-AGG-0513-A1.wav,Aggression,SS-AGG-0513,train,augmented,noise,2379391922,7.424,16000,1,b674268992894efeaef26254c49919233d214a10a26aa30a217cdbb2e07f2daf,augmentation of SS-AGG-0513,CC-BY-4.0
SS-AGG-0513-A2,augmented/aggression/SS-AGG-0513-A2.wav,Aggression,SS-AGG-0513,train,augmented,shift,2913660101,7.424,16000,1,7ff1d083f72a2e116eddff828b6628d62c6d0f15fd72ce763c222afbd7330153,augmentation of SS-AGG-0513,CC-BY-4.0
SS-AGG-0514-A1,augmented/aggression/SS-AGG-0514-A1.wav,Aggression,SS-AGG-0514,train,augmented,pitch,3021296683,18.141,16000,1,291aac7109016ee3834cdeb7ad913519a56f541f9fc4b754e9579a40556990ec,augmentation of SS-AGG-0514,CC-BY-4.0
SS-AGG-0514-A2,augmented/aggression/SS-AGG-0514-A2.wav,Aggression,SS-AGG-0514,train,augmented,shift,1893364661,18.141,16000,1,52dfddd4cc30656c874026b7e41b578b385ffba46b7da93d15866e4e2bf27e25,augmentation of SS-AGG-0514,CC-BY-4.0
SS-AGG-0515-A1,augmented/aggression/SS-AGG-0515-A1.wav,Aggression,SS-AGG-0515,train,augmented,volume,1337049423,1.752,16000,1,21c4a7181c3ec7340c9313d013b87164e60069fd000ec377ebfc7b12a7430646,augmentation of SS-AGG-0515,CC-BY-4.0
SS-AGG-0515-A2,augmented/aggression/SS-AGG-0515-A2.wav,Aggression,SS-AGG-0515,train,augmented,reverb,970151836,1.752,16000,1,2487f84babff09ddca3518beee10fe79ad060c52843030bbc2fa13e8ef75b09d,augmentation of SS-AGG-0515,CC-BY-4.0
SS-AGG-0516-A1,augmented/aggression/SS-AGG-0516-A1.wav,Aggression,SS-AGG-0516,train,augmented,shift,1500397981,13.874,16000,1,d40bd82bbb5af81c35fdffa907f91b4e29d436b8222866c21d9721e9be84b3a1,augmentation of SS-AGG-0516,CC-BY-4.0
SS-AGG-0516-A2,augmented/aggression/SS-AGG-0516-A2.wav,Aggression,SS-AGG-0516,train,augmented,reverb,499970836,13.874,16000,1,29ea34adcb5419265e702be36ec3eda46831915a5f7c790d0416f3654df94ffd,augmentation of SS-AGG-0516,CC-BY-4.0
SS-AGG-0517-A1,augmented/aggression/SS-AGG-0517-A1.wav,Aggression,SS-AGG-0517,train,augmented,shift,3333878029,6.13,16000,1,bca7087a72a9ce6b0507f588c309816936544b2d0b3f6338d3f4e0379f14201f,augmentation of SS-AGG-0517,CC-BY-4.0
SS-AGG-0517-A2,augmented/aggression/SS-AGG-0517-A2.wav,Aggression,SS-AGG-0517,train,augmented,shift,614451653,6.13,16000,1,8f2c3321d1a6cbca39a0858a57de924ca524f56d2fc635ddef5e6f0fb6acedae,augmentation of SS-AGG-0517,CC-BY-4.0
SS-AGG-0518-A1,augmented/aggression/SS-AGG-0518-A1.wav,Aggression,SS-AGG-0518,train,augmented,stretch,303469910,0.774,16000,1,82e3bd28a57eea32912f1569bd3d92b7aa043d116db1c801c9f5b964b0f75e9d,augmentation of SS-AGG-0518,CC-BY-4.0
SS-AGG-0518-A2,augmented/aggression/SS-AGG-0518-A2.wav,Aggression,SS-AGG-0518,train,augmented,reverb,1641732092,0.75,16000,1,86963e5bf16c29355047f7d0db50e72730fd271cd5cbd0646613315ac17eca7b,augmentation of SS-AGG-0518,CC-BY-4.0
SS-AGG-0519-A1,augmented/aggression/SS-AGG-0519-A1.wav,Aggression,SS-AGG-0519,train,augmented,reverb,2527725876,1.567,16000,1,4d0329cab8f33795dd32bcc5cbb5e406eeb70698bbaa32d21af0ebaff1ecbe71,augmentation of SS-AGG-0519,CC-BY-4.0
SS-AGG-0519-A2,augmented/aggression/SS-AGG-0519-A2.wav,Aggression,SS-AGG-0519,train,augmented,pitch,2909608363,1.567,16000,1,eb2af175d6509d66ff685992f1356f12c803d35a2bf2a3f7f1a83358cdfa273b,augmentation of SS-AGG-0519,CC-BY-4.0
SS-AGG-0520-A1,augmented/aggression/SS-AGG-0520-A1.wav,Aggression,SS-AGG-0520,train,augmented,stretch,512729510,0.965,16000,1,3b7bf785c2f7f03d82bf470a568db5cd13fb797f3762eb4004ca1ae3f626f3dd,augmentation of SS-AGG-0520,CC-BY-4.0
SS-AGG-0520-A2,augmented/aggression/SS-AGG-0520-A2.wav,Aggression,SS-AGG-0520,train,augmented,stretch,217222630,1.059,16000,1,d78e203da4e0ca283eff36276f18c555ab0e3395e64ab78990e43bf6acd1da9b,augmentation of SS-AGG-0520,CC-BY-4.0
SS-AGG-0522-A1,augmented/aggression/SS-AGG-0522-A1.wav,Aggression,SS-AGG-0522,train,augmented,stretch,2654119358,2.091,16000,1,f54918866c79e5629e890e8dd3c0f4f42e657f54baa77473fff280d1d0f7592b,augmentation of SS-AGG-0522,CC-BY-4.0
SS-AGG-0522-A2,augmented/aggression/SS-AGG-0522-A2.wav,Aggression,SS-AGG-0522,train,augmented,pitch,587477531,2.19,16000,1,ac96adcb8bcd42acd809087d949f68bbc74b252941aceae89fdcd4298398a644,augmentation of SS-AGG-0522,CC-BY-4.0
SS-AGG-0523-A1,augmented/aggression/SS-AGG-0523-A1.wav,Aggression,SS-AGG-0523,train,augmented,reverb,379499732,2.461,16000,1,1b1904685eae998aeb968220d16bd441a676f3b59168c621292f041cb3e2659c,augmentation of SS-AGG-0523,CC-BY-4.0
SS-AGG-0523-A2,augmented/aggression/SS-AGG-0523-A2.wav,Aggression,SS-AGG-0523,train,augmented,shift,3578638125,2.461,16000,1,19cb6dc6bde442f25195b07bdb4c4d3f4cde87114fafd88b17c174576832cfad,augmentation of SS-AGG-0523,CC-BY-4.0
SS-AGG-0524-A1,augmented/aggression/SS-AGG-0524-A1.wav,Aggression,SS-AGG-0524,train,augmented,volume,2835365431,18.274,16000,1,e8442d813e286fbe578242582a270677585ad6040851dfac03f47f5f6ec01fa0,augmentation of SS-AGG-0524,CC-BY-4.0
SS-AGG-0524-A2,augmented/aggression/SS-AGG-0524-A2.wav,Aggression,SS-AGG-0524,train,augmented,stretch,3023379318,18.894,16000,1,79b9520b3d2bad55bdda80e6ec76646a874b09acd98eb15c210f1ed0e90592f7,augmentation of SS-AGG-0524,CC-BY-4.0
SS-AGG-0526-A1,augmented/aggression/SS-AGG-0526-A1.wav,Aggression,SS-AGG-0526,train,augmented,reverb,30777308,2.846,16000,1,96520724ad2852985e9bb297a75a11c7ae242c371d0ac1a9f84fe1b21c46becb,augmentation of SS-AGG-0526,CC-BY-4.0
SS-AGG-0526-A2,augmented/aggression/SS-AGG-0526-A2.wav,Aggression,SS-AGG-0526,train,augmented,noise,1456889178,2.846,16000,1,086305d1d45078f20e5765707e4a8433fb8fadaff34edfd6f1b3eb359e9996ae,augmentation of SS-AGG-0526,CC-BY-4.0
SS-AGG-0527-A1,augmented/aggression/SS-AGG-0527-A1.wav,Aggression,SS-AGG-0527,train,augmented,pitch,1913563347,7.43,16000,1,8a28f5588e9422efd308556df06b05a9082db430ace307f552506345b6ba550f,augmentation of SS-AGG-0527,CC-BY-4.0
SS-AGG-0527-A2,augmented/aggression/SS-AGG-0527-A2.wav,Aggression,SS-AGG-0527,train,augmented,reverb,3307295780,7.43,16000,1,81b00284ff35163897b61d36247881574660a36f9c0ef8e0315e3ab46f4d28cc,augmentation of SS-AGG-0527,CC-BY-4.0
SS-AGG-0528-A1,augmented/aggression/SS-AGG-0528-A1.wav,Aggression,SS-AGG-0528,train,augmented,stretch,1550032086,3.229,16000,1,0efac271dc1842c817595ee7d4ebd647524b8bb7a51e68bfb501602883de8a46,augmentation of SS-AGG-0528,CC-BY-4.0
SS-AGG-0528-A2,augmented/aggression/SS-AGG-0528-A2.wav,Aggression,SS-AGG-0528,train,augmented,noise,2234414658,3.269,16000,1,99d17737af3edd5db0cf8023bb29715fec6fd3dc3f03fe3e4427febdb5dece67,augmentation of SS-AGG-0528,CC-BY-4.0
SS-AGG-0529-A1,augmented/aggression/SS-AGG-0529-A1.wav,Aggression,SS-AGG-0529,train,augmented,shift,3293053373,8.451,16000,1,3ead759688ab5accaf80e8375c85b573b69b4a58849317d9f6fd9462185e50ce,augmentation of SS-AGG-0529,CC-BY-4.0
SS-AGG-0529-A2,augmented/aggression/SS-AGG-0529-A2.wav,Aggression,SS-AGG-0529,train,augmented,reverb,1322031652,8.451,16000,1,91a8c97c36b7d94eee0a7a66bab3ebea40a2ccf67cc4fa18f6eb6cb7eb964726,augmentation of SS-AGG-0529,CC-BY-4.0
SS-AGG-0530-A1,augmented/aggression/SS-AGG-0530-A1.wav,Aggression,SS-AGG-0530,train,augmented,shift,3335153885,19.317,16000,1,2de3b5582c29aa9a8ff5ea802700702baa47a339152cfbb12f3cd38c90b1823a,augmentation of SS-AGG-0530,CC-BY-4.0
SS-AGG-0530-A2,augmented/aggression/SS-AGG-0530-A2.wav,Aggression,SS-AGG-0530,train,augmented,volume,1589545135,19.317,16000,1,27284dfcb3ddfb0d592c2bec3cd8714469fdb26a9d3c75829578a36ac2c77286,augmentation of SS-AGG-0530,CC-BY-4.0
SS-AGG-0531-A1,augmented/aggression/SS-AGG-0531-A1.wav,Aggression,SS-AGG-0531,train,augmented,shift,1249662221,5.315,16000,1,97d847f5cdfaf5b1d35a62e98f1534a86c2db32bad5cffa9de9e07e702eccc48,augmentation of SS-AGG-0531,CC-BY-4.0
SS-AGG-0531-A2,augmented/aggression/SS-AGG-0531-A2.wav,Aggression,SS-AGG-0531,train,augmented,shift,984010469,5.315,16000,1,29f699f0ed909db06aa5f0852c06fbad050c63b9e012797eb46b96b3d7700b88,augmentation of SS-AGG-0531,CC-BY-4.0
SS-AGG-0533-A1,augmented/aggression/SS-AGG-0533-A1.wav,Aggression,SS-AGG-0533,train,augmented,device,2720204544,2.901,16000,1,9f234de5c53bf7230179892934265f6eb35173e564f2e70519259b5b9582f3c5,augmentation of SS-AGG-0533,CC-BY-4.0
SS-AGG-0533-A2,augmented/aggression/SS-AGG-0533-A2.wav,Aggression,SS-AGG-0533,train,augmented,distance,504543777,2.901,16000,1,3706b31b989e28c698177bbddec97a7f8d59e45737b1069ca6768a39a89915c3,augmentation of SS-AGG-0533,CC-BY-4.0
SS-AGG-0535-A1,augmented/aggression/SS-AGG-0535-A1.wav,Aggression,SS-AGG-0535,train,augmented,device,499519016,1.077,16000,1,4ed71f70cb9edcfbe45a2f499604985aa45e1ad6bae8ae62c18f3d68d9341486,augmentation of SS-AGG-0535,CC-BY-4.0
SS-AGG-0535-A2,augmented/aggression/SS-AGG-0535-A2.wav,Aggression,SS-AGG-0535,train,augmented,shift,953630909,1.077,16000,1,74e9cf95a699e5d6b261a0ac08de9af97acb841737c8f24782dfada6e4c0f7f6,augmentation of SS-AGG-0535,CC-BY-4.0
SS-AGG-0536-A1,augmented/aggression/SS-AGG-0536-A1.wav,Aggression,SS-AGG-0536,train,augmented,noise,239566794,23.552,16000,1,dfa30c47003dcc17909bd88be59e765f5ae28c135031c6b0b973eea0704b8a9a,augmentation of SS-AGG-0536,CC-BY-4.0
SS-AGG-0536-A2,augmented/aggression/SS-AGG-0536-A2.wav,Aggression,SS-AGG-0536,train,augmented,device,237176832,23.552,16000,1,53c7476000822a69f39aab59b6ef48f34b2ba4557b602ae55a298b2efda76979,augmentation of SS-AGG-0536,CC-BY-4.0
SS-AGG-0537-A1,augmented/aggression/SS-AGG-0537-A1.wav,Aggression,SS-AGG-0537,train,augmented,distance,1643776409,21.585,16000,1,73f2cfa0c2c93c6cda169f7ab56df02000eca55deda1eb3976877d01b147833e,augmentation of SS-AGG-0537,CC-BY-4.0
SS-AGG-0537-A2,augmented/aggression/SS-AGG-0537-A2.wav,Aggression,SS-AGG-0537,train,augmented,reverb,399630356,21.585,16000,1,d70f66b2a8d2253e9619b09b4e92359647618b26b0b00f37c545a677d0bc5064,augmentation of SS-AGG-0537,CC-BY-4.0
SS-AGG-0539-A1,augmented/aggression/SS-AGG-0539-A1.wav,Aggression,SS-AGG-0539,train,augmented,reverb,1634361876,9.079,16000,1,bdf9802fefa5100f65e4594d89b3f510bd2089df6d41a2fd5bb179824978621b,augmentation of SS-AGG-0539,CC-BY-4.0
SS-AGG-0539-A2,augmented/aggression/SS-AGG-0539-A2.wav,Aggression,SS-AGG-0539,train,augmented,noise,883536978,9.079,16000,1,c07f72688943c6a8bbe0c5b63bc3c808d5e438dbff3125c5e9c220af0e12943f,augmentation of SS-AGG-0539,CC-BY-4.0
SS-AGG-0541-A1,augmented/aggression/SS-AGG-0541-A1.wav,Aggression,SS-AGG-0541,train,augmented,stretch,4134572998,13.471,16000,1,af3a76850ef661173f78a2bfe1d8eea9525972e5e47c7373ba2db2c7f186d9eb,augmentation of SS-AGG-0541,CC-BY-4.0
SS-AGG-0541-A2,augmented/aggression/SS-AGG-0541-A2.wav,Aggression,SS-AGG-0541,train,augmented,pitch,3317575339,15.303,16000,1,2b6b9835495ce3dd1c3672eb9f1894eec081b21f64420869389a4d3e4b6148b4,augmentation of SS-AGG-0541,CC-BY-4.0
SS-AGG-0543-A1,augmented/aggression/SS-AGG-0543-A1.wav,Aggression,SS-AGG-0543,train,augmented,shift,698560357,10.007,16000,1,c75be9aca50e3c0db2b2ebb425fc956b298908ed85668e448f37829d90404b69,augmentation of SS-AGG-0543,CC-BY-4.0
SS-AGG-0543-A2,augmented/aggression/SS-AGG-0543-A2.wav,Aggression,SS-AGG-0543,train,augmented,pitch,709572163,10.007,16000,1,0281057522049b7a65fd0362ca8be89b06ec7770eab7cbe02cd3415e8821ae2d,augmentation of SS-AGG-0543,CC-BY-4.0
SS-AGG-0544-A1,augmented/aggression/SS-AGG-0544-A1.wav,Aggression,SS-AGG-0544,train,augmented,distance,1565447649,28.333,16000,1,b9bd2ea7506b57445414c4c5cd956c3623a162a391f13701ede7c6bab6c2a6c2,augmentation of SS-AGG-0544,CC-BY-4.0
SS-AGG-0544-A2,augmented/aggression/SS-AGG-0544-A2.wav,Aggression,SS-AGG-0544,train,augmented,distance,604731457,28.333,16000,1,f816c61ad64cf39af90c2fb9a0788cbc2eefde4aaf0e8e17bbb07d127140a517,augmentation of SS-AGG-0544,CC-BY-4.0
SS-AGG-0547-A1,augmented/aggression/SS-AGG-0547-A1.wav,Aggression,SS-AGG-0547,train,augmented,stretch,205760438,6.078,16000,1,e029da1bc008011fa5095b27ac0203b77e2ee5ab9343f1e7f612055060b3b75c,augmentation of SS-AGG-0547,CC-BY-4.0
SS-AGG-0547-A2,augmented/aggression/SS-AGG-0547-A2.wav,Aggression,SS-AGG-0547,train,augmented,noise,3637925002,6.331,16000,1,b0f1add25cbca400d2c0aa09beab6011d4954f1f82e9265ebbd753747a97d12c,augmentation of SS-AGG-0547,CC-BY-4.0
SS-AGG-0549-A1,augmented/aggression/SS-AGG-0549-A1.wav,Aggression,SS-AGG-0549,train,augmented,noise,85394098,1.99,16000,1,4f6fc408ff49750b1d2b3de98eff40de93b35069052048fa05067887835d46b2,augmentation of SS-AGG-0549,CC-BY-4.0
SS-AGG-0549-A2,augmented/aggression/SS-AGG-0549-A2.wav,Aggression,SS-AGG-0549,train,augmented,volume,1434157575,1.99,16000,1,f90e372a211f7b776d4d8a2296db532d86224bba8218b78e88b94b8b839292e2,augmentation of SS-AGG-0549,CC-BY-4.0
SS-AGG-0550-A1,augmented/aggression/SS-AGG-0550-A1.wav,Aggression,SS-AGG-0550,train,augmented,device,2583671264,0.94,16000,1,53fb13b523d699418e55b8566764380d728a7952b0107f00dd7ad3c78a20705c,augmentation of SS-AGG-0550,CC-BY-4.0
SS-AGG-0550-A2,augmented/aggression/SS-AGG-0550-A2.wav,Aggression,SS-AGG-0550,train,augmented,device,2279098864,0.94,16000,1,4a18ab7ce736d8c2d3375193d3d7293bf4154d151878fd6356c8ff3cc3867ecf,augmentation of SS-AGG-0550,CC-BY-4.0
SS-AGG-0551-A1,augmented/aggression/SS-AGG-0551-A1.wav,Aggression,SS-AGG-0551,train,augmented,volume,1150756807,2.088,16000,1,1ac38625a9118e1bb3fd6028132f938ba5ffa5f61e3596eabe3b748e8c72bd99,augmentation of SS-AGG-0551,CC-BY-4.0
SS-AGG-0551-A2,augmented/aggression/SS-AGG-0551-A2.wav,Aggression,SS-AGG-0551,train,augmented,noise,3350846026,2.088,16000,1,8eff2dbdf2f7bae455d1cbc05a7bfbc9dec42415c49bbf7617c7d3a88d66ff6b,augmentation of SS-AGG-0551,CC-BY-4.0
SS-AGG-0552-A1,augmented/aggression/SS-AGG-0552-A1.wav,Aggression,SS-AGG-0552,train,augmented,noise,1376798106,2.432,16000,1,13b927fd853f0939d7d81805b23218b5f0b5aa14349fc062ecf34621dc4ab797,augmentation of SS-AGG-0552,CC-BY-4.0
SS-AGG-0552-A2,augmented/aggression/SS-AGG-0552-A2.wav,Aggression,SS-AGG-0552,train,augmented,shift,1556713933,2.432,16000,1,ebc1bc30f4e36f29f3c7752dfdbcf6447a4e3122949b81bcd62f9e7b0d7da462,augmentation of SS-AGG-0552,CC-BY-4.0
SS-AGG-0554-A1,augmented/aggression/SS-AGG-0554-A1.wav,Aggression,SS-AGG-0554,train,augmented,distance,2465079425,7.024,16000,1,b211a3e339903a92de81f326e0207008c2bf3e0ce46a3cf1113afd2805f39086,augmentation of SS-AGG-0554,CC-BY-4.0
SS-AGG-0554-A2,augmented/aggression/SS-AGG-0554-A2.wav,Aggression,SS-AGG-0554,train,augmented,shift,2486560885,7.024,16000,1,13e2be2b93158bf91c4beb16774451dfdf597ca6ca3d4dd777973276e5d663ac,augmentation of SS-AGG-0554,CC-BY-4.0
SS-AGG-0555-A1,augmented/aggression/SS-AGG-0555-A1.wav,Aggression,SS-AGG-0555,train,augmented,stretch,251569566,5.639,16000,1,cd476fbe84b1598571f9f1bb3f0cc9435a605a01a15dbd5ebeec473c99f03fc9,augmentation of SS-AGG-0555,CC-BY-4.0
SS-AGG-0555-A2,augmented/aggression/SS-AGG-0555-A2.wav,Aggression,SS-AGG-0555,train,augmented,distance,118618145,5.048,16000,1,02b342311701acef70208fa5a93c3a3efaa3bfd5d56ef88c6efd5b082c88af13,augmentation of SS-AGG-0555,CC-BY-4.0
SS-AGG-0556-A1,augmented/aggression/SS-AGG-0556-A1.wav,Aggression,SS-AGG-0556,train,augmented,noise,2521301714,0.812,16000,1,75d252af2d1c8f7d4f34cb8b054648dee65734b978916c55b8d0ce1c58b9f8e6,augmentation of SS-AGG-0556,CC-BY-4.0
SS-AGG-0556-A2,augmented/aggression/SS-AGG-0556-A2.wav,Aggression,SS-AGG-0556,train,augmented,shift,834490133,0.812,16000,1,d4e66ecbc0b67c69a2eab06cd6dab9858b58e30c3c5214057f7acc8ff9421de2,augmentation of SS-AGG-0556,CC-BY-4.0
SS-AGG-0557-A1,augmented/aggression/SS-AGG-0557-A1.wav,Aggression,SS-AGG-0557,train,augmented,device,1360967136,2.659,16000,1,da18037d600606a2c467ff4f3caecc059c3a1ee368950a049a65696f6d5af95f,augmentation of SS-AGG-0557,CC-BY-4.0
SS-AGG-0557-A2,augmented/aggression/SS-AGG-0557-A2.wav,Aggression,SS-AGG-0557,train,augmented,device,1932824168,2.659,16000,1,26512be7efc9cc34872a985c602d7158d0916b607509c709fc25714229170916,augmentation of SS-AGG-0557,CC-BY-4.0
SS-AGG-0558-A1,augmented/aggression/SS-AGG-0558-A1.wav,Aggression,SS-AGG-0558,train,augmented,reverb,1044688868,20.344,16000,1,0f8f23a7900590c0d5821de32a88653786d4be4fe397b272d17c35e8343c15af,augmentation of SS-AGG-0558,CC-BY-4.0
SS-AGG-0558-A2,augmented/aggression/SS-AGG-0558-A2.wav,Aggression,SS-AGG-0558,train,augmented,distance,3164291209,20.344,16000,1,2c5c598f232220bdc6b1c8e0c4247df7c71d17bfcbdedb592b36df52c7ae8ebe,augmentation of SS-AGG-0558,CC-BY-4.0
SS-AGG-0559-A1,augmented/aggression/SS-AGG-0559-A1.wav,Aggression,SS-AGG-0559,train,augmented,distance,454313817,12.662,16000,1,70738c8e6772180afe057c1b269ca7bc526e8407beb8537c52a70134a04de7f7,augmentation of SS-AGG-0559,CC-BY-4.0
SS-AGG-0559-A2,augmented/aggression/SS-AGG-0559-A2.wav,Aggression,SS-AGG-0559,train,augmented,device,1528344840,12.662,16000,1,1c3cb92d2ed59fb99afbd3898cdb6d1264029c12adee208f94599f9f2569a4ab,augmentation of SS-AGG-0559,CC-BY-4.0
SS-AGG-0563-A1,augmented/aggression/SS-AGG-0563-A1.wav,Aggression,SS-AGG-0563,train,augmented,reverb,2338618100,12.074,16000,1,e349ad48effc2f7a6c0b5e0a97dcb7937dc9197b86f3e4c17b515bd6eebb531b,augmentation of SS-AGG-0563,CC-BY-4.0
SS-AGG-0563-A2,augmented/aggression/SS-AGG-0563-A2.wav,Aggression,SS-AGG-0563,train,augmented,noise,3886643042,12.074,16000,1,9263aa2b3f1fe5ccabf8838c4f87dd8b3c12e2599c33576e49d1366ac95bf639,augmentation of SS-AGG-0563,CC-BY-4.0
SS-AGG-0564-A1,augmented/aggression/SS-AGG-0564-A1.wav,Aggression,SS-AGG-0564,train,augmented,reverb,3421785796,1.73,16000,1,e278d196c63cb0af261414d490385ebdf7cfd816c1ab4931544dcf0da4967b7a,augmentation of SS-AGG-0564,CC-BY-4.0
SS-AGG-0564-A2,augmented/aggression/SS-AGG-0564-A2.wav,Aggression,SS-AGG-0564,train,augmented,noise,2982796570,1.73,16000,1,c6b483b908e5529a3a8586328a7a3f82f14a4e9d04064f49244c4dcab5c2719f,augmentation of SS-AGG-0564,CC-BY-4.0
SS-AGG-0565-A1,augmented/aggression/SS-AGG-0565-A1.wav,Aggression,SS-AGG-0565,train,augmented,volume,3757528847,1.935,16000,1,199975ff955fd70e3308e0368d74ea55e11dc92583254039f8e847763adf6f5b,augmentation of SS-AGG-0565,CC-BY-4.0
SS-AGG-0565-A2,augmented/aggression/SS-AGG-0565-A2.wav,Aggression,SS-AGG-0565,train,augmented,volume,296197975,1.935,16000,1,487eff4fd95ba86f9ca6fe1a135eb0898c7a2c222f4c5d63ef8edc165ff5e684,augmentation of SS-AGG-0565,CC-BY-4.0
SS-AGG-0566-A1,augmented/aggression/SS-AGG-0566-A1.wav,Aggression,SS-AGG-0566,train,augmented,device,1402649296,1.224,16000,1,07e0fc658c40fcd69f55a7062f847439297ad7a02d762f793833aa3bf5962930,augmentation of SS-AGG-0566,CC-BY-4.0
SS-AGG-0566-A2,augmented/aggression/SS-AGG-0566-A2.wav,Aggression,SS-AGG-0566,train,augmented,distance,2741363881,1.224,16000,1,6a74e293253fdbb139b32252bbbe3712e7066d483fcbc159c45ed77ad62478f4,augmentation of SS-AGG-0566,CC-BY-4.0
SS-AGG-0568-A1,augmented/aggression/SS-AGG-0568-A1.wav,Aggression,SS-AGG-0568,train,augmented,distance,4014588489,24.262,16000,1,06d4dcafdd33ae215d52c1ec1cc238c2f5282a58f9b56cbdc0111e496c6a6b9b,augmentation of SS-AGG-0568,CC-BY-4.0
SS-AGG-0568-A2,augmented/aggression/SS-AGG-0568-A2.wav,Aggression,SS-AGG-0568,train,augmented,stretch,411613510,22.492,16000,1,8e2710feada5a2eb4811199901f336ef2f6318c54b0d76e333cccc754ae4701c,augmentation of SS-AGG-0568,CC-BY-4.0
SS-AGG-0569-A1,augmented/aggression/SS-AGG-0569-A1.wav,Aggression,SS-AGG-0569,train,augmented,stretch,3490912478,25.094,16000,1,947b09d6fa698fcece9b9fe1ca207da7ccb3c0d05b123e82a84aa5182724718b,augmentation of SS-AGG-0569,CC-BY-4.0
SS-AGG-0569-A2,augmented/aggression/SS-AGG-0569-A2.wav,Aggression,SS-AGG-0569,train,augmented,volume,3481567831,28.206,16000,1,c77d0c0829c8ed1083ab31ea9df3a232713adc0cbe3ef1cb0fe75a1ee4a5e94e,augmentation of SS-AGG-0569,CC-BY-4.0
SS-AGG-0570-A1,augmented/aggression/SS-AGG-0570-A1.wav,Aggression,SS-AGG-0570,train,augmented,noise,1144221674,16.054,16000,1,e39ae5d58a847e240ae31760c4f62420b2d16e9cf0d0116e1ba5c207a94e1ce9,augmentation of SS-AGG-0570,CC-BY-4.0
SS-AGG-0570-A2,augmented/aggression/SS-AGG-0570-A2.wav,Aggression,SS-AGG-0570,train,augmented,noise,3570889386,16.054,16000,1,b875d5ef1b4646d773f421c72c7e96ce285e44c18be58d4dfca18be236bef377,augmentation of SS-AGG-0570,CC-BY-4.0
SS-AGG-0571-A1,augmented/aggression/SS-AGG-0571-A1.wav,Aggression,SS-AGG-0571,train,augmented,noise,2623218018,25.392,16000,1,0f10b968ad470a7e274de3042bcfed25543c558b3e4fe55b4971c1c917da332a,augmentation of SS-AGG-0571,CC-BY-4.0
SS-AGG-0571-A2,augmented/aggression/SS-AGG-0571-A2.wav,Aggression,SS-AGG-0571,train,augmented,shift,4197446173,25.392,16000,1,9ad29cf53eae25bba29605ea5ec7d80c8188693aeceacee2c2e3d2fe1effa72c,augmentation of SS-AGG-0571,CC-BY-4.0
SS-AGG-0572-A1,augmented/aggression/SS-AGG-0572-A1.wav,Aggression,SS-AGG-0572,train,augmented,distance,2998984489,3.94,16000,1,d801eb56d5630f16b9ce3ae5290334fae433be8b8ba169d74a319e1e844e8007,augmentation of SS-AGG-0572,CC-BY-4.0
SS-AGG-0572-A2,augmented/aggression/SS-AGG-0572-A2.wav,Aggression,SS-AGG-0572,train,augmented,distance,787241593,3.94,16000,1,02fda19f439e5848ce6cbfd4070ae6f55af1b0fdec893c226bac6a3975a6390b,augmentation of SS-AGG-0572,CC-BY-4.0
SS-AGG-0574-A1,augmented/aggression/SS-AGG-0574-A1.wav,Aggression,SS-AGG-0574,train,augmented,device,3593176624,4.046,16000,1,099037730bf9a8020dffcbb9a8878d86a231ee460f1ce966260d7210f5e0b5b7,augmentation of SS-AGG-0574,CC-BY-4.0
SS-AGG-0574-A2,augmented/aggression/SS-AGG-0574-A2.wav,Aggression,SS-AGG-0574,train,augmented,noise,2686470354,4.046,16000,1,35b661a95414f93b9b5f4c5e9e853a05e836ad8451b04bc4ec4fbea46d40d35f,augmentation of SS-AGG-0574,CC-BY-4.0
SS-AGG-0576-A1,augmented/aggression/SS-AGG-0576-A1.wav,Aggression,SS-AGG-0576,train,augmented,reverb,188942420,4.347,16000,1,5f4dd97e786179e85dd08d242c33c540726eb33fa6c67f23ece96208b0eb5850,augmentation of SS-AGG-0576,CC-BY-4.0
SS-AGG-0576-A2,augmented/aggression/SS-AGG-0576-A2.wav,Aggression,SS-AGG-0576,train,augmented,reverb,1942808884,4.347,16000,1,d7ae35ccc1e9a74205bef9d32a4395473715f7ce1c0eb50a28b362a381571041,augmentation of SS-AGG-0576,CC-BY-4.0
SS-AGG-0580-A1,augmented/aggression/SS-AGG-0580-A1.wav,Aggression,SS-AGG-0580,train,augmented,stretch,3022408998,5.599,16000,1,533ddbf2a209033a1a0411915dd8dbb92251bf44c9ed550ed0536b8d101213d5,augmentation of SS-AGG-0580,CC-BY-4.0
SS-AGG-0580-A2,augmented/aggression/SS-AGG-0580-A2.wav,Aggression,SS-AGG-0580,train,augmented,reverb,1850721628,5.273,16000,1,870d08cf21888b601ec39208c553aa5a32f64a2ee8286f225dd76fc5eb6b483a,augmentation of SS-AGG-0580,CC-BY-4.0
SS-AGG-0583-A1,augmented/aggression/SS-AGG-0583-A1.wav,Aggression,SS-AGG-0583,train,augmented,noise,2747634010,17.6,16000,1,e3803c69f6864bd0fa64c178ef9f13d06ae7bbf9b78d801e021c2a4bad00bf74,augmentation of SS-AGG-0583,CC-BY-4.0
SS-AGG-0583-A2,augmented/aggression/SS-AGG-0583-A2.wav,Aggression,SS-AGG-0583,train,augmented,pitch,711215747,17.6,16000,1,b94cf999f7206606d44506c95f65ea338834591506931786e799fb18ecb87ba6,augmentation of SS-AGG-0583,CC-BY-4.0
SS-AGG-0584-A1,augmented/aggression/SS-AGG-0584-A1.wav,Aggression,SS-AGG-0584,train,augmented,volume,1586984759,1.231,16000,1,50faecce7815c3f3390f24a4e415525d3188dd32fe1b92da6aae88fe099b9b83,augmentation of SS-AGG-0584,CC-BY-4.0
SS-AGG-0584-A2,augmented/aggression/SS-AGG-0584-A2.wav,Aggression,SS-AGG-0584,train,augmented,reverb,2635136092,1.231,16000,1,15825284d9dff0586eb008ccd2659876dc3f7a15da3ef8255f488b1f58b97e7e,augmentation of SS-AGG-0584,CC-BY-4.0
SS-AGG-0585-A1,augmented/aggression/SS-AGG-0585-A1.wav,Aggression,SS-AGG-0585,train,augmented,volume,1845289287,1.509,16000,1,87b8da347ddb8e4a55e2a2f1f27e1c32f8d49fa42f374ad5f762533a2a5dfbde,augmentation of SS-AGG-0585,CC-BY-4.0
SS-AGG-0585-A2,augmented/aggression/SS-AGG-0585-A2.wav,Aggression,SS-AGG-0585,train,augmented,stretch,3183232998,1.577,16000,1,52c1cea90e6ad683d43de563fc475359c05f0d1825f7b51f2aa5816476b51fd5,augmentation of SS-AGG-0585,CC-BY-4.0
SS-AGG-0586-A1,augmented/aggression/SS-AGG-0586-A1.wav,Aggression,SS-AGG-0586,train,augmented,stretch,3923299038,2.227,16000,1,2e3f0c3010dd5b850ade00c3dd6d6037e88279ead66b9887705e86e95ab55d37,augmentation of SS-AGG-0586,CC-BY-4.0
SS-AGG-0586-A2,augmented/aggression/SS-AGG-0586-A2.wav,Aggression,SS-AGG-0586,train,augmented,shift,2717826325,2.508,16000,1,afd66c83eab1cc894e3a9f2f75d099c7a144e20e1f6008563214b55bb9192413,augmentation of SS-AGG-0586,CC-BY-4.0
SS-AGG-0589-A1,augmented/aggression/SS-AGG-0589-A1.wav,Aggression,SS-AGG-0589,train,augmented,pitch,258602723,1.521,16000,1,abf632d1b06babc7f103548b1f7a8d86573b0be4a5edb7ccb0df483dbf1b1ded,augmentation of SS-AGG-0589,CC-BY-4.0
SS-AGG-0589-A2,augmented/aggression/SS-AGG-0589-A2.wav,Aggression,SS-AGG-0589,train,augmented,stretch,3233652774,1.689,16000,1,d08afd6f60f84d260de07627e309f3a826514cf083b0e3135b905563c16ff18d,augmentation of SS-AGG-0589,CC-BY-4.0
SS-AGG-0591-A1,augmented/aggression/SS-AGG-0591-A1.wav,Aggression,SS-AGG-0591,train,augmented,volume,87423359,0.581,16000,1,6702a2b55c8fb694a5e5271cd1a5ee5f76ba7755a4bf9cf2bef4a1c72cfbdebd,augmentation of SS-AGG-0591,CC-BY-4.0
SS-AGG-0591-A2,augmented/aggression/SS-AGG-0591-A2.wav,Aggression,SS-AGG-0591,train,augmented,volume,1516656367,0.581,16000,1,2d67f9254f6368af50ace8b9f14f6db62e7633a1282393855a4c87792c2c2da4,augmentation of SS-AGG-0591,CC-BY-4.0
SS-AGG-0592-A1,augmented/aggression/SS-AGG-0592-A1.wav,Aggression,SS-AGG-0592,train,augmented,distance,3103568737,2.09,16000,1,9a8f76c427bd94b02a15e5d5f5d7a88bc929b3166595c6c9f0f60c736b5259b2,augmentation of SS-AGG-0592,CC-BY-4.0
SS-AGG-0592-A2,augmented/aggression/SS-AGG-0592-A2.wav,Aggression,SS-AGG-0592,train,augmented,stretch,3046067846,2.194,16000,1,18888b14282b753a6099e000cffdffad18da015edd65766cd702d039477b41b7,augmentation of SS-AGG-0592,CC-BY-4.0
SS-AGG-0593-A1,augmented/aggression/SS-AGG-0593-A1.wav,Aggression,SS-AGG-0593,train,augmented,noise,758883818,0.685,16000,1,05b65e639754f6641e04382f39995d8062a614b39123ada337b2c07f9c7c4d0d,augmentation of SS-AGG-0593,CC-BY-4.0
SS-AGG-0593-A2,augmented/aggression/SS-AGG-0593-A2.wav,Aggression,SS-AGG-0593,train,augmented,volume,3800787599,0.685,16000,1,2636e4685d8b356884e70d9ff0b5ed9c60d82ac500d9ffa2f5da23a6063225af,augmentation of SS-AGG-0593,CC-BY-4.0
SS-AGG-0594-A1,augmented/aggression/SS-AGG-0594-A1.wav,Aggression,SS-AGG-0594,train,augmented,reverb,548908228,0.999,16000,1,33a035fe32964e7847f7788e0f794b0e29411f383788eaa38739b0622fc314f1,augmentation of SS-AGG-0594,CC-BY-4.0
SS-AGG-0594-A2,augmented/aggression/SS-AGG-0594-A2.wav,Aggression,SS-AGG-0594,train,augmented,noise,2890723474,0.999,16000,1,55643a60a03fc890f99c252936bad756ebbb4b91c9430cc6368495a9409e2fa3,augmentation of SS-AGG-0594,CC-BY-4.0
SS-AGG-0595-A1,augmented/aggression/SS-AGG-0595-A1.wav,Aggression,SS-AGG-0595,train,augmented,stretch,1103454126,1.758,16000,1,57a05127dad01b7615e4ff9dc3221e3599bb9eba2d5e16fc74ea6a390a8b3d90,augmentation of SS-AGG-0595,CC-BY-4.0
SS-AGG-0595-A2,augmented/aggression/SS-AGG-0595-A2.wav,Aggression,SS-AGG-0595,train,augmented,shift,2816454405,1.625,16000,1,c055e7c47f0a743a532531b2bf78069daf4e0765fcd005a4d2db1991665721bd,augmentation of SS-AGG-0595,CC-BY-4.0
SS-AGG-0597-A1,augmented/aggression/SS-AGG-0597-A1.wav,Aggression,SS-AGG-0597,train,augmented,distance,4042544169,0.72,16000,1,59bd3782f5360f69c67ccebaeae443f02ebae2de295e80d822c7354f0d90b943,augmentation of SS-AGG-0597,CC-BY-4.0
SS-AGG-0597-A2,augmented/aggression/SS-AGG-0597-A2.wav,Aggression,SS-AGG-0597,train,augmented,volume,754327951,0.72,16000,1,4729d9e510cf30ba621103c85a6cbb918f296faabb0efa406314555002421377,augmentation of SS-AGG-0597,CC-BY-4.0
SS-AGG-0598-A1,augmented/aggression/SS-AGG-0598-A1.wav,Aggression,SS-AGG-0598,train,augmented,device,1692132424,0.673,16000,1,344fe6c9bb27f328378973e7ca3f9290fbd6e1ca1b63c82b0540cba21fdfe557,augmentation of SS-AGG-0598,CC-BY-4.0
SS-AGG-0598-A2,augmented/aggression/SS-AGG-0598-A2.wav,Aggression,SS-AGG-0598,train,augmented,noise,1824420322,0.673,16000,1,10d97ff89b4df6dfdb51a91e541c3afb7734610f5ae943f23abd8a21d413b855,augmentation of SS-AGG-0598,CC-BY-4.0
SS-AGG-0599-A1,augmented/aggression/SS-AGG-0599-A1.wav,Aggression,SS-AGG-0599,train,augmented,stretch,4004322902,26.689,16000,1,b070bf369c6b651f6d250dc48d17a1dd653dd05ed4371a6088d5cd9e6f632944,augmentation of SS-AGG-0599,CC-BY-4.0
SS-AGG-0599-A2,augmented/aggression/SS-AGG-0599-A2.wav,Aggression,SS-AGG-0599,train,augmented,shift,1634158389,26.865,16000,1,085bfff31b0983bed0a8e59b581a75d6eca0138f02630d291293edeaca073ed2,augmentation of SS-AGG-0599,CC-BY-4.0
SS-AGG-0602-A1,augmented/aggression/SS-AGG-0602-A1.wav,Aggression,SS-AGG-0602,train,augmented,shift,2661500125,1.634,16000,1,c3b61f9b046c1412ad2d136f4186f99a5e145235c19691d4a0be7edb961e2af9,augmentation of SS-AGG-0602,CC-BY-4.0
SS-AGG-0602-A2,augmented/aggression/SS-AGG-0602-A2.wav,Aggression,SS-AGG-0602,train,augmented,pitch,1819572771,1.634,16000,1,de11973f0d8ae105ca544f206bc90179d67b39b7495973abcae451d66f712a1d,augmentation of SS-AGG-0602,CC-BY-4.0
SS-AGG-0603-A1,augmented/aggression/SS-AGG-0603-A1.wav,Aggression,SS-AGG-0603,train,augmented,reverb,3431718492,2.287,16000,1,14ced9e29c82271b220a1396b0e2ef709739fa886fb9373fb8b2daa448dedd07,augmentation of SS-AGG-0603,CC-BY-4.0
SS-AGG-0603-A2,augmented/aggression/SS-AGG-0603-A2.wav,Aggression,SS-AGG-0603,train,augmented,volume,528937447,2.287,16000,1,3e7dc7b163497a9c5e23995c6020c9666884a2c023890335905b1582224626d8,augmentation of SS-AGG-0603,CC-BY-4.0
SS-AGG-0604-A1,augmented/aggression/SS-AGG-0604-A1.wav,Aggression,SS-AGG-0604,train,augmented,distance,1069810721,2.487,16000,1,86c0c7e7a7366edca7100444ba1b071137dc53969da50ec47224ebfab2584b66,augmentation of SS-AGG-0604,CC-BY-4.0
SS-AGG-0604-A2,augmented/aggression/SS-AGG-0604-A2.wav,Aggression,SS-AGG-0604,train,augmented,distance,177870009,2.487,16000,1,10a6d4fb2df3211466b6ff42ab904fdf7b9388fe919a1d28860698ce9835d4b8,augmentation of SS-AGG-0604,CC-BY-4.0
SS-AGG-0605-A1,augmented/aggression/SS-AGG-0605-A1.wav,Aggression,SS-AGG-0605,train,augmented,volume,623171039,2.889,16000,1,461400f7be11a6a1e8ece9b1eacb2a7db2e38caa0197f676f45d2fe52fa1c444,augmentation of SS-AGG-0605,CC-BY-4.0
SS-AGG-0605-A2,augmented/aggression/SS-AGG-0605-A2.wav,Aggression,SS-AGG-0605,train,augmented,device,3940129728,2.889,16000,1,06f138f0930a8d00c51dbf4d9f2630904672ed19348cbab8bf6efa7b1b5b1b10,augmentation of SS-AGG-0605,CC-BY-4.0
SS-AGG-0606-A1,augmented/aggression/SS-AGG-0606-A1.wav,Aggression,SS-AGG-0606,train,augmented,volume,1017477743,12.133,16000,1,33608a4f97674851f9473733d31f5bed14c92a350f14572b6467b1bb910da12c,augmentation of SS-AGG-0606,CC-BY-4.0
SS-AGG-0606-A2,augmented/aggression/SS-AGG-0606-A2.wav,Aggression,SS-AGG-0606,train,augmented,stretch,1358537950,11.971,16000,1,d676a3da6b64c8d3cc9a413ee26efa67e46c8a3f8b7fd53e8c1a4bf4e23b740d,augmentation of SS-AGG-0606,CC-BY-4.0
SS-AGG-0609-A1,augmented/aggression/SS-AGG-0609-A1.wav,Aggression,SS-AGG-0609,train,augmented,noise,863362610,15.7,16000,1,b1423571d1a6060bc6ce76319acec0f46d27103e62e2fb4fb559712ece9ae456,augmentation of SS-AGG-0609,CC-BY-4.0
SS-AGG-0609-A2,augmented/aggression/SS-AGG-0609-A2.wav,Aggression,SS-AGG-0609,train,augmented,reverb,293031100,15.7,16000,1,01098dfdf1f509eab80cc52f749b4fb7eb06a24c1bb5af2e79d6bfc785d408d0,augmentation of SS-AGG-0609,CC-BY-4.0
SS-AGG-0610-A1,augmented/aggression/SS-AGG-0610-A1.wav,Aggression,SS-AGG-0610,train,augmented,reverb,4102398844,23.562,16000,1,a028db63249a90271a8b64fa1353a2bbe43b8fa2e0d825d1fd9dc89010c811f9,augmentation of SS-AGG-0610,CC-BY-4.0
SS-AGG-0610-A2,augmented/aggression/SS-AGG-0610-A2.wav,Aggression,SS-AGG-0610,train,augmented,noise,3436802234,23.562,16000,1,c31c2f961367d155cffde066e5a08db0dc317265b877249eaea27b2df48d2312,augmentation of SS-AGG-0610,CC-BY-4.0
SS-AGG-0611-A1,augmented/aggression/SS-AGG-0611-A1.wav,Aggression,SS-AGG-0611,train,augmented,shift,1711478157,25.506,16000,1,270dc76236f370a1155c6ccb775663e483ceef09238c8a3312cf4b0cc8eca13a,augmentation of SS-AGG-0611,CC-BY-4.0
SS-AGG-0611-A2,augmented/aggression/SS-AGG-0611-A2.wav,Aggression,SS-AGG-0611,train,augmented,distance,2369591593,25.506,16000,1,56e3ea798e167e28cbe43e5d812189323257237875ef6e228b5be92020c185ef,augmentation of SS-AGG-0611,CC-BY-4.0
SS-AGG-0612-A1,augmented/aggression/SS-AGG-0612-A1.wav,Aggression,SS-AGG-0612,train,augmented,stretch,3775839062,9.538,16000,1,c4e54e8c0618b291b9fe454bc127ee66d265133c1df9f424ac45fa31f47f5f5f,augmentation of SS-AGG-0612,CC-BY-4.0
SS-AGG-0612-A2,augmented/aggression/SS-AGG-0612-A2.wav,Aggression,SS-AGG-0612,train,augmented,shift,2770008925,9.195,16000,1,e51e70b8e4c74592e327ee1be3747320bd79260a240788ac172020b9e334ea83,augmentation of SS-AGG-0612,CC-BY-4.0
SS-AGG-0613-A1,augmented/aggression/SS-AGG-0613-A1.wav,Aggression,SS-AGG-0613,train,augmented,stretch,3693941574,7.338,16000,1,ccaba63123ff640f463388245a2bcea17413bb67d32f7b64f560920817ac147a,augmentation of SS-AGG-0613,CC-BY-4.0
SS-AGG-0613-A2,augmented/aggression/SS-AGG-0613-A2.wav,Aggression,SS-AGG-0613,train,augmented,stretch,1350745814,6.782,16000,1,0c88c27e514883af40e47187aae3d036d0663cb50055ee74213dc0870702f3cf,augmentation of SS-AGG-0613,CC-BY-4.0
SS-AGG-0616-A1,augmented/aggression/SS-AGG-0616-A1.wav,Aggression,SS-AGG-0616,train,augmented,reverb,1572603372,4.521,16000,1,a94e444c58124cde4215223f8963f902f0d67cedfd8d7348895086ea5624a42e,augmentation of SS-AGG-0616,CC-BY-4.0
SS-AGG-0616-A2,augmented/aggression/SS-AGG-0616-A2.wav,Aggression,SS-AGG-0616,train,augmented,volume,1973006255,4.521,16000,1,9bbd03bf1deecec8991c3f18eed7a6757f29386e9a97d8eb5ef23afd61ab4961,augmentation of SS-AGG-0616,CC-BY-4.0
SS-AGG-0617-A1,augmented/aggression/SS-AGG-0617-A1.wav,Aggression,SS-AGG-0617,train,augmented,noise,1036855018,4.622,16000,1,79366d42f200bc8b11f98b0be0ac4a2b8e57bb195a7ad8c69b15c46689f2a29f,augmentation of SS-AGG-0617,CC-BY-4.0
SS-AGG-0617-A2,augmented/aggression/SS-AGG-0617-A2.wav,Aggression,SS-AGG-0617,train,augmented,reverb,1529714132,4.622,16000,1,0a6333681fc92a7a0e4393d523aa42af34fa29f425e61801eb94d01d6f74a609,augmentation of SS-AGG-0617,CC-BY-4.0
SS-AGG-0618-A1,augmented/aggression/SS-AGG-0618-A1.wav,Aggression,SS-AGG-0618,train,augmented,pitch,2264550539,5.144,16000,1,2618ca1e3d9a11b3b4a5c0992d8949d742ec397e9e30b88432824b7feb88fc96,augmentation of SS-AGG-0618,CC-BY-4.0
SS-AGG-0618-A2,augmented/aggression/SS-AGG-0618-A2.wav,Aggression,SS-AGG-0618,train,augmented,reverb,3311580204,5.144,16000,1,201b6c64fc2d546ba108d80366af1088ee144196b605b28ad1a8b0a6f595c300,augmentation of SS-AGG-0618,CC-BY-4.0
SS-AGG-0619-A1,augmented/aggression/SS-AGG-0619-A1.wav,Aggression,SS-AGG-0619,train,augmented,reverb,988407180,5.593,16000,1,253025d8fc586dfa802d8213088eda2eaceb8c123f44bb5f4e49b4015ac1a51a,augmentation of SS-AGG-0619,CC-BY-4.0
SS-AGG-0619-A2,augmented/aggression/SS-AGG-0619-A2.wav,Aggression,SS-AGG-0619,train,augmented,noise,3119203538,5.593,16000,1,148b37d51a0232d8c10d42cada4a97bc2f64ebfc05b297ef7c53e4a2c9c61416,augmentation of SS-AGG-0619,CC-BY-4.0
SS-AGG-0620-A1,augmented/aggression/SS-AGG-0620-A1.wav,Aggression,SS-AGG-0620,train,augmented,stretch,94423142,3.904,16000,1,a1ad9473063616867e09a268b96b874980c89135c5cd94a7f3b24dc01a64123b,augmentation of SS-AGG-0620,CC-BY-4.0
SS-AGG-0620-A2,augmented/aggression/SS-AGG-0620-A2.wav,Aggression,SS-AGG-0620,train,augmented,reverb,2853068372,4.283,16000,1,e1688264367c7d930be572f800552532d878e86b0b58b6e76fa0ca714ffc23ec,augmentation of SS-AGG-0620,CC-BY-4.0
SS-AGG-0621-A1,augmented/aggression/SS-AGG-0621-A1.wav,Aggression,SS-AGG-0621,train,augmented,distance,1503467913,4.28,16000,1,b935a053fad46e8cf5b8fb27b28a59d19093289ccdb2579234d2bf273ae1d96d,augmentation of SS-AGG-0621,CC-BY-4.0
SS-AGG-0621-A2,augmented/aggression/SS-AGG-0621-A2.wav,Aggression,SS-AGG-0621,train,augmented,shift,3576987781,4.28,16000,1,3a4028c0e95e4d466dc52021fe308b2427292a06286eea7e73e97e81a469a2c4,augmentation of SS-AGG-0621,CC-BY-4.0
SS-AGG-0622-A1,augmented/aggression/SS-AGG-0622-A1.wav,Aggression,SS-AGG-0622,train,augmented,distance,4043466729,2.743,16000,1,34df90f1120950ee1fe41407f8f54bad97acc5e897ea0284f47bd32d8edac803,augmentation of SS-AGG-0622,CC-BY-4.0
SS-AGG-0622-A2,augmented/aggression/SS-AGG-0622-A2.wav,Aggression,SS-AGG-0622,train,augmented,shift,1674907485,2.743,16000,1,61f9efc08bf5c85f74eaf4d7859501360027fad1c6ee8003de32f61113062461,augmentation of SS-AGG-0622,CC-BY-4.0
SS-AGG-0623-A1,augmented/aggression/SS-AGG-0623-A1.wav,Aggression,SS-AGG-0623,train,augmented,pitch,3962580411,4.537,16000,1,c34de3d25922341e0a9df37d85750b6f346d7b5bfd05fa316f9e88e02e575aa6,augmentation of SS-AGG-0623,CC-BY-4.0
SS-AGG-0623-A2,augmented/aggression/SS-AGG-0623-A2.wav,Aggression,SS-AGG-0623,train,augmented,stretch,3990020526,4.938,16000,1,474a8989582530bea0f3689d167b4f50367a4e4b63fc621c2647e4c950187191,augmentation of SS-AGG-0623,CC-BY-4.0
SS-AGG-0624-A1,augmented/aggression/SS-AGG-0624-A1.wav,Aggression,SS-AGG-0624,train,augmented,volume,1445794335,1.21,16000,1,5d53a3c7dfc4097c8d06571a101b08a0659a5c216ac0bdadbdeb4f9c6618deb8,augmentation of SS-AGG-0624,CC-BY-4.0
SS-AGG-0624-A2,augmented/aggression/SS-AGG-0624-A2.wav,Aggression,SS-AGG-0624,train,augmented,volume,2848215231,1.21,16000,1,fde97b2e7313311928f065618f8589059f66ed3f0ea83a6ea2f9296b7aae8a6a,augmentation of SS-AGG-0624,CC-BY-4.0
SS-AGG-0625-A1,augmented/aggression/SS-AGG-0625-A1.wav,Aggression,SS-AGG-0625,train,augmented,distance,825904201,3.628,16000,1,6a0c5ef1ef38f5013831e90a812cc6f53b82e70fd650e83933be7ce89cb41dd4,augmentation of SS-AGG-0625,CC-BY-4.0
SS-AGG-0625-A2,augmented/aggression/SS-AGG-0625-A2.wav,Aggression,SS-AGG-0625,train,augmented,noise,1654477114,3.628,16000,1,c962fd6fced27d1f07fbe1e7713689b134ee740c6d2b742cdb30bf0f02da4982,augmentation of SS-AGG-0625,CC-BY-4.0
SS-AGG-0626-A1,augmented/aggression/SS-AGG-0626-A1.wav,Aggression,SS-AGG-0626,train,augmented,shift,4008272093,1.692,16000,1,c6f72680421bb839697f3451fc272f518df58294ca2451932e228e02f1161d7d,augmentation of SS-AGG-0626,CC-BY-4.0
SS-AGG-0626-A2,augmented/aggression/SS-AGG-0626-A2.wav,Aggression,SS-AGG-0626,train,augmented,stretch,4274866206,1.562,16000,1,b4106c09cf9be3d60db986b04a03115344574a953c5300232893cc0734e61561,augmentation of SS-AGG-0626,CC-BY-4.0
SS-AGG-0627-A1,augmented/aggression/SS-AGG-0627-A1.wav,Aggression,SS-AGG-0627,train,augmented,stretch,2843119358,2.824,16000,1,72692ae10e3b185e4d1cef3cfa9c615af1fd228241e34a704287288c2af538ad,augmentation of SS-AGG-0627,CC-BY-4.0
SS-AGG-0627-A2,augmented/aggression/SS-AGG-0627-A2.wav,Aggression,SS-AGG-0627,train,augmented,device,3099500560,3.204,16000,1,b7d1daa6725d9bd12a96e0f224977a59ee5a4c92e42b2dedac23f9b86e593e5a,augmentation of SS-AGG-0627,CC-BY-4.0
SS-AGG-0628-A1,augmented/aggression/SS-AGG-0628-A1.wav,Aggression,SS-AGG-0628,train,augmented,noise,1254798394,2.374,16000,1,1c2ae2efea5e6947b3a79404b455fd05b5e69c4cf9f88beb888aa5a0f3714ba4,augmentation of SS-AGG-0628,CC-BY-4.0
SS-AGG-0628-A2,augmented/aggression/SS-AGG-0628-A2.wav,Aggression,SS-AGG-0628,train,augmented,reverb,218214556,2.374,16000,1,f47feac785da86817fe4d6da921ec781068508b62dfd86de495a5bc9f8cf6a14,augmentation of SS-AGG-0628,CC-BY-4.0
SS-AGG-0630-A1,augmented/aggression/SS-AGG-0630-A1.wav,Aggression,SS-AGG-0630,train,augmented,volume,3878077799,1.948,16000,1,f7106785cd7b72a5a7184d4105fb1108e2071b12cb5a1ed007c27674b853d80c,augmentation of SS-AGG-0630,CC-BY-4.0
SS-AGG-0630-A2,augmented/aggression/SS-AGG-0630-A2.wav,Aggression,SS-AGG-0630,train,augmented,pitch,4100619603,1.948,16000,1,bf151e6a1140a8b677fc9b991149cbc27ac4c5beb3dfeb18b15333af07c8eded,augmentation of SS-AGG-0630,CC-BY-4.0
SS-AGG-0631-A1,augmented/aggression/SS-AGG-0631-A1.wav,Aggression,SS-AGG-0631,train,augmented,noise,2362827546,2.088,16000,1,57bb35d0be5084f9d6a938049a7b22030b965f8aa6329362d1e069f236338d6a,augmentation of SS-AGG-0631,CC-BY-4.0
SS-AGG-0631-A2,augmented/aggression/SS-AGG-0631-A2.wav,Aggression,SS-AGG-0631,train,augmented,pitch,245851971,2.088,16000,1,0efd1f73cb542405e5bd5e849f70299a53407338c03d3218ba9ff957c6724ae1,augmentation of SS-AGG-0631,CC-BY-4.0
SS-AGG-0632-A1,augmented/aggression/SS-AGG-0632-A1.wav,Aggression,SS-AGG-0632,train,augmented,pitch,179460435,2.38,16000,1,dd281dfffef0a1023aec0d03df37b1a68dcbe6f40badfbacad884fa8c3f7ad1c,augmentation of SS-AGG-0632,CC-BY-4.0
SS-AGG-0632-A2,augmented/aggression/SS-AGG-0632-A2.wav,Aggression,SS-AGG-0632,train,augmented,stretch,263754998,2.541,16000,1,26cbae0592467c8fb229c0371e9b2008ffe02564defe0fbf87c78485c8d3e403,augmentation of SS-AGG-0632,CC-BY-4.0
SS-AGG-0634-A1,augmented/aggression/SS-AGG-0634-A1.wav,Aggression,SS-AGG-0634,train,augmented,pitch,3405983427,1.087,16000,1,0c950b97dacf80655b8634a86bb6e844a2f787f6e838a894f5650d0082963e0e,augmentation of SS-AGG-0634,CC-BY-4.0
SS-AGG-0634-A2,augmented/aggression/SS-AGG-0634-A2.wav,Aggression,SS-AGG-0634,train,augmented,noise,483882706,1.087,16000,1,9cd7411b7eadb4704bc285eadb8a7b2cac8d16be323ed97fff5c035358b1c217,augmentation of SS-AGG-0634,CC-BY-4.0
SS-AGG-0635-A1,augmented/aggression/SS-AGG-0635-A1.wav,Aggression,SS-AGG-0635,train,augmented,reverb,1427338420,0.685,16000,1,3deacad71ba1973d5a4b468996c267dc6b0f01e0497f6fa0f14eed444cb3390f,augmentation of SS-AGG-0635,CC-BY-4.0
SS-AGG-0635-A2,augmented/aggression/SS-AGG-0635-A2.wav,Aggression,SS-AGG-0635,train,augmented,noise,4202269498,0.685,16000,1,c0fb60e2021540e033e3068f430dbf2520eb73dce22c3298155b6ed0c6edad75,augmentation of SS-AGG-0635,CC-BY-4.0
SS-AGG-0637-A1,augmented/aggression/SS-AGG-0637-A1.wav,Aggression,SS-AGG-0637,train,augmented,noise,2505093986,4.478,16000,1,5dfb836774ee75e901be9286421f34d621c8557fd0b52a40af2629674baf4f54,augmentation of SS-AGG-0637,CC-BY-4.0
SS-AGG-0637-A2,augmented/aggression/SS-AGG-0637-A2.wav,Aggression,SS-AGG-0637,train,augmented,volume,3887014751,4.478,16000,1,35835dcf0d533454ddd882f3418e253657be1eaa241d13278483380d867ce05f,augmentation of SS-AGG-0637,CC-BY-4.0
SS-AGG-0639-A1,augmented/aggression/SS-AGG-0639-A1.wav,Aggression,SS-AGG-0639,train,augmented,device,364904752,9.221,16000,1,cd771970aba67ae5fd70d2850a006e911bd541b79a99b3ea494acd152e8395cf,augmentation of SS-AGG-0639,CC-BY-4.0
SS-AGG-0639-A2,augmented/aggression/SS-AGG-0639-A2.wav,Aggression,SS-AGG-0639,train,augmented,reverb,2708921124,9.221,16000,1,f131193758318508f9af4dddbaeaaae7a752aed022cb988cab4e16202ff63ea4,augmentation of SS-AGG-0639,CC-BY-4.0
SS-AGG-0640-A1,augmented/aggression/SS-AGG-0640-A1.wav,Aggression,SS-AGG-0640,train,augmented,reverb,1281644932,18.416,16000,1,f4941ad88e3957c075965047bd87f6456611aec5ea498535c47f362f16fa8db9,augmentation of SS-AGG-0640,CC-BY-4.0
SS-AGG-0640-A2,augmented/aggression/SS-AGG-0640-A2.wav,Aggression,SS-AGG-0640,train,augmented,volume,2428934159,18.416,16000,1,7c784e02031b6272a8817f5f2c8725304d20d818eefe5921e4fd7085abde0497,augmentation of SS-AGG-0640,CC-BY-4.0
SS-AGG-0642-A1,augmented/aggression/SS-AGG-0642-A1.wav,Aggression,SS-AGG-0642,train,augmented,pitch,2990423283,4.898,16000,1,2823ff218eabdc6dc05a727a346e9bb4e5c469a647ca36e88e6855f15b66dc48,augmentation of SS-AGG-0642,CC-BY-4.0
SS-AGG-0642-A2,augmented/aggression/SS-AGG-0642-A2.wav,Aggression,SS-AGG-0642,train,augmented,shift,120075293,4.898,16000,1,7a4b33d62f08309a75791906ce94daf38f9a00f0cc8ff77425dae72c17f07370,augmentation of SS-AGG-0642,CC-BY-4.0
SS-AGG-0643-A1,augmented/aggression/SS-AGG-0643-A1.wav,Aggression,SS-AGG-0643,train,augmented,device,3014553400,4.029,16000,1,5293ce432dacee80d131e0a4709464d264d1db6413e33904fcd0836abdef156b,augmentation of SS-AGG-0643,CC-BY-4.0
SS-AGG-0643-A2,augmented/aggression/SS-AGG-0643-A2.wav,Aggression,SS-AGG-0643,train,augmented,volume,955822719,4.029,16000,1,9a1df2705a52ffd3115c18209a19bc8761ccf948aade15dfc1b221f6fd656b15,augmentation of SS-AGG-0643,CC-BY-4.0
SS-AGG-0646-A1,augmented/aggression/SS-AGG-0646-A1.wav,Aggression,SS-AGG-0646,train,augmented,pitch,2565727027,3.675,16000,1,939a64fc638c3019742a24588f94dfa19d864397a60282b0b5b869dabe44eec4,augmentation of SS-AGG-0646,CC-BY-4.0
SS-AGG-0646-A2,augmented/aggression/SS-AGG-0646-A2.wav,Aggression,SS-AGG-0646,train,augmented,shift,1061316741,3.675,16000,1,b1678d19263bc80be5e84e410976171583a08d08090f53285590211124ff118b,augmentation of SS-AGG-0646,CC-BY-4.0
SS-AGG-0647-A1,augmented/aggression/SS-AGG-0647-A1.wav,Aggression,SS-AGG-0647,train,augmented,noise,1798137274,4.607,16000,1,f40d55907409a72be3c4999cdec7d758200ec907f7bd562d26d3e844c462f462,augmentation of SS-AGG-0647,CC-BY-4.0
SS-AGG-0647-A2,augmented/aggression/SS-AGG-0647-A2.wav,Aggression,SS-AGG-0647,train,augmented,device,1420531648,4.607,16000,1,78c20fc4dfc671f4bd4e01c987d8c81e6e8b0ca29e3468323a425384195d9a22,augmentation of SS-AGG-0647,CC-BY-4.0
SS-AGG-0648-A1,augmented/aggression/SS-AGG-0648-A1.wav,Aggression,SS-AGG-0648,train,augmented,shift,1909348645,5.44,16000,1,cd77f4d22822d0ff8be2e297a8b315f1d5592d0846c59210f03c6c2896f4f8de,augmentation of SS-AGG-0648,CC-BY-4.0
SS-AGG-0648-A2,augmented/aggression/SS-AGG-0648-A2.wav,Aggression,SS-AGG-0648,train,augmented,shift,3136461477,5.44,16000,1,92c2c79672f53ff5c742a10b69d78338e83889bd2d6c9364e896adc262b6a369,augmentation of SS-AGG-0648,CC-BY-4.0
SS-AGG-0649-A1,augmented/aggression/SS-AGG-0649-A1.wav,Aggression,SS-AGG-0649,train,augmented,volume,2059652127,4.511,16000,1,d749f53ce7671710c6b87848ee766c57fe20c03279ca83943b45092163d5d38a,augmentation of SS-AGG-0649,CC-BY-4.0
SS-AGG-0649-A2,augmented/aggression/SS-AGG-0649-A2.wav,Aggression,SS-AGG-0649,train,augmented,reverb,3598667324,4.511,16000,1,5be02ac4e20081e1db5501006956fad78c80dd1803186d3de59d24699b387232,augmentation of SS-AGG-0649,CC-BY-4.0
SS-AGG-0650-A1,augmented/aggression/SS-AGG-0650-A1.wav,Aggression,SS-AGG-0650,train,augmented,volume,561154703,4.335,16000,1,b4732ed7907d3693ea105fbbc7b78f8e2edeecb9522a9e416541b73423df7075,augmentation of SS-AGG-0650,CC-BY-4.0
SS-AGG-0650-A2,augmented/aggression/SS-AGG-0650-A2.wav,Aggression,SS-AGG-0650,train,augmented,device,3655378616,4.335,16000,1,03fe6b694a9c4a4b59c2c4dfa0e448b9f9f5ebe1cce1dc8119d7ab9a6ab99ee6,augmentation of SS-AGG-0650,CC-BY-4.0
SS-AGG-0652-A1,augmented/aggression/SS-AGG-0652-A1.wav,Aggression,SS-AGG-0652,train,augmented,stretch,553646542,5.26,16000,1,2d27629b8b28a5d35a06127842d5d032022e015ff2d52cc46f9acc461c90ae76,augmentation of SS-AGG-0652,CC-BY-4.0
SS-AGG-0652-A2,augmented/aggression/SS-AGG-0652-A2.wav,Aggression,SS-AGG-0652,train,augmented,reverb,3916791124,5.081,16000,1,efd4594301c24270828b12ddcc2c30e214795be972ceaacfda08808133ab3a90,augmentation of SS-AGG-0652,CC-BY-4.0
SS-AGG-0653-A1,augmented/aggression/SS-AGG-0653-A1.wav,Aggression,SS-AGG-0653,train,augmented,volume,254412055,3.132,16000,1,719b59c6f7d315049aedc8ddb368fb618a5f362082c35a8f9d249c4461475220,augmentation of SS-AGG-0653,CC-BY-4.0
SS-AGG-0653-A2,augmented/aggression/SS-AGG-0653-A2.wav,Aggression,SS-AGG-0653,train,augmented,stretch,826599414,3.135,16000,1,41bf8186df0a711f7f6751e3634bde537d18ee468a0472ddd02a3f7de34ec9f9,augmentation of SS-AGG-0653,CC-BY-4.0
SS-AGG-0654-A1,augmented/aggression/SS-AGG-0654-A1.wav,Aggression,SS-AGG-0654,train,augmented,device,438275712,3.309,16000,1,82a7e9fe093396ec131797541cf4d6f52a3da36014b2b6c7bbe52d9428d01511,augmentation of SS-AGG-0654,CC-BY-4.0
SS-AGG-0654-A2,augmented/aggression/SS-AGG-0654-A2.wav,Aggression,SS-AGG-0654,train,augmented,stretch,3135591150,3.015,16000,1,264e22ef9fcbdb57fed9f5205ce919e5894d0f60667ab07df9eb5bc12e6f2ffe,augmentation of SS-AGG-0654,CC-BY-4.0
SS-AGG-0655-A1,augmented/aggression/SS-AGG-0655-A1.wav,Aggression,SS-AGG-0655,train,augmented,device,2693635584,24.484,16000,1,d6f90d259c76cf91ab3ce7e6b59e2035b8c7f07cdcc53ef5d87a55ec74350cf7,augmentation of SS-AGG-0655,CC-BY-4.0
SS-AGG-0655-A2,augmented/aggression/SS-AGG-0655-A2.wav,Aggression,SS-AGG-0655,train,augmented,noise,892776322,24.484,16000,1,34f5530307b8b340b4b58baecd562f5bfa298a43af3d11bd89e436708e8a2491,augmentation of SS-AGG-0655,CC-BY-4.0
SS-AGG-0656-A1,augmented/aggression/SS-AGG-0656-A1.wav,Aggression,SS-AGG-0656,train,augmented,noise,2017577514,8.96,16000,1,deb6ff05dc1e22da74fe8b3c31d5eb890d59fffb83305ae8f73b4832d4dfb857,augmentation of SS-AGG-0656,CC-BY-4.0
SS-AGG-0656-A2,augmented/aggression/SS-AGG-0656-A2.wav,Aggression,SS-AGG-0656,train,augmented,stretch,3069551366,9.766,16000,1,2a2fcf3f42fa310a26e609b05103771c653ad8c84e295f6a1bbbc489a710fd25,augmentation of SS-AGG-0656,CC-BY-4.0
SS-AGG-0657-A1,augmented/aggression/SS-AGG-0657-A1.wav,Aggression,SS-AGG-0657,train,augmented,device,2344432568,3.892,16000,1,ba24eacda349cac43a3e0426f7f41ea288645d802cd9a5a67cbbdd798629440b,augmentation of SS-AGG-0657,CC-BY-4.0
SS-AGG-0657-A2,augmented/aggression/SS-AGG-0657-A2.wav,Aggression,SS-AGG-0657,train,augmented,volume,3063246583,3.892,16000,1,8962b7e1e4e504ce54d46515d1b8a949fba96db41d0414157ecc4cb9a5ab7550,augmentation of SS-AGG-0657,CC-BY-4.0
SS-AGG-0658-A1,augmented/aggression/SS-AGG-0658-A1.wav,Aggression,SS-AGG-0658,train,augmented,pitch,715874907,7.731,16000,1,a1b8cd215bc29b3d3151364e8a30b392a9743a7fc587a301ee723459baf7a38d,augmentation of SS-AGG-0658,CC-BY-4.0
SS-AGG-0658-A2,augmented/aggression/SS-AGG-0658-A2.wav,Aggression,SS-AGG-0658,train,augmented,shift,2597469197,7.731,16000,1,79cc36a8ace24580085767cf7515969a6d53e2307f88f0971567f5cb200b83d7,augmentation of SS-AGG-0658,CC-BY-4.0
SS-AGG-0701-A1,augmented/aggression/SS-AGG-0701-A1.wav,Aggression,SS-AGG-0701,train,augmented,device,2039685032,3.586,16000,1,e9aa37f57f684008413afa27b4267012d002a49c5125675b91b60271b508b3da,augmentation of SS-AGG-0701,CC0-1.0
SS-AGG-0701-A2,augmented/aggression/SS-AGG-0701-A2.wav,Aggression,SS-AGG-0701,train,augmented,device,1584337928,3.586,16000,1,17dd29119e84271ce496db8d03ffefcfcee0e35b1775f9b38523630a6dd6cecb,augmentation of SS-AGG-0701,CC0-1.0
SS-AGG-0703-A1,augmented/aggression/SS-AGG-0703-A1.wav,Aggression,SS-AGG-0703,train,augmented,shift,4126940213,3.946,16000,1,c3e71d70d0e3e91bcba273bf1402cdf04528661b7e5a5d667b0f430f56c5ae95,augmentation of SS-AGG-0703,CC0-1.0
SS-AGG-0703-A2,augmented/aggression/SS-AGG-0703-A2.wav,Aggression,SS-AGG-0703,train,augmented,device,1636348024,3.946,16000,1,d307c21a318ea308ed6811463b37f510e1c597ef19f7098de07dc85681227117,augmentation of SS-AGG-0703,CC0-1.0
SS-AGG-0705-A1,augmented/aggression/SS-AGG-0705-A1.wav,Aggression,SS-AGG-0705,train,augmented,pitch,2697100187,4.444,16000,1,b256309135ad2c3a91366d1f87f1a863655b9ed3fa12f6d8170b2d440d2d019e,augmentation of SS-AGG-0705,CC0-1.0
SS-AGG-0705-A2,augmented/aggression/SS-AGG-0705-A2.wav,Aggression,SS-AGG-0705,train,augmented,device,2261392824,4.444,16000,1,d338f14bdd57b9d67b78867385572bdb15db897d53a6b7877b409bf86a267d58,augmentation of SS-AGG-0705,CC0-1.0
SS-AGG-0707-A1,augmented/aggression/SS-AGG-0707-A1.wav,Aggression,SS-AGG-0707,train,augmented,distance,3143145345,2.967,16000,1,885a17c6c948253a0a46665667582bc3bea8c099b946f13db7a8f13323349b13,augmentation of SS-AGG-0707,CC0-1.0
SS-AGG-0707-A2,augmented/aggression/SS-AGG-0707-A2.wav,Aggression,SS-AGG-0707,train,augmented,shift,2953557885,2.967,16000,1,b1945bf24ba512fb8ca9ae8f8e8dfd5407a6a6c5f8f36f6411033fad8fdf2551,augmentation of SS-AGG-0707,CC0-1.0
SS-AGG-0708-A1,augmented/aggression/SS-AGG-0708-A1.wav,Aggression,SS-AGG-0708,train,augmented,distance,3933338337,2.12,16000,1,f469545f77f5896ddeaacdd96d0edd931c44ebc1b78d319d0742911649571d5e,augmentation of SS-AGG-0708,CC0-1.0
SS-AGG-0708-A2,augmented/aggression/SS-AGG-0708-A2.wav,Aggression,SS-AGG-0708,train,augmented,stretch,3642781558,2.11,16000,1,738ce7893909d7459895a969e837bf8736dd7a6d468586a285e090d9fea4eb19,augmentation of SS-AGG-0708,CC0-1.0
SS-AGG-0709-A1,augmented/aggression/SS-AGG-0709-A1.wav,Aggression,SS-AGG-0709,train,augmented,volume,3867781303,2.206,16000,1,78104d3997d50068b046adf89383e372dd8ff2f68be74a76d19361d12a0bf152,augmentation of SS-AGG-0709,CC0-1.0
SS-AGG-0709-A2,augmented/aggression/SS-AGG-0709-A2.wav,Aggression,SS-AGG-0709,train,augmented,shift,234397621,2.206,16000,1,a70b83b13786da1c64497bece3274b489656989099769301dbaf726fb98d6b76,augmentation of SS-AGG-0709,CC0-1.0
SS-AGG-0710-A1,augmented/aggression/SS-AGG-0710-A1.wav,Aggression,SS-AGG-0710,train,augmented,stretch,3902759278,2.387,16000,1,f1f7f5e6fe3452f7c152e743d41cdd72e647076751be5e97e8d2892abc75eb57,augmentation of SS-AGG-0710,CC0-1.0
SS-AGG-0710-A2,augmented/aggression/SS-AGG-0710-A2.wav,Aggression,SS-AGG-0710,train,augmented,reverb,4080123380,2.528,16000,1,b14e79b1d32d92555f7b3134bc7df48181b17ed812b0f891434d9ae932c0cd2a,augmentation of SS-AGG-0710,CC0-1.0
SS-AGG-0711-A1,augmented/aggression/SS-AGG-0711-A1.wav,Aggression,SS-AGG-0711,train,augmented,distance,849712137,4.659,16000,1,3b340be3963174a35df11136445bb67d538e67187fb69fbd02e4413f5e1bb455,augmentation of SS-AGG-0711,CC0-1.0
SS-AGG-0711-A2,augmented/aggression/SS-AGG-0711-A2.wav,Aggression,SS-AGG-0711,train,augmented,stretch,939513158,4.405,16000,1,8ffc6dff81e79a7a40040cf49f25a559dfcdefb7443d97b8747f6ef15321f7a7,augmentation of SS-AGG-0711,CC0-1.0
SS-AGG-0714-A1,augmented/aggression/SS-AGG-0714-A1.wav,Aggression,SS-AGG-0714,train,augmented,noise,6467834,2.406,16000,1,8f3b6d77e4288f3ead95b03d6224ed7e91a2a065d38a47b76020a46668be410f,augmentation of SS-AGG-0714,CC0-1.0
SS-AGG-0714-A2,augmented/aggression/SS-AGG-0714-A2.wav,Aggression,SS-AGG-0714,train,augmented,volume,2367453583,2.406,16000,1,41a651d249b9d1ba99549fd66f1a07d5df5ab35b96dd46d7aab0baa5111a2537,augmentation of SS-AGG-0714,CC0-1.0
SS-AGG-0717-A1,augmented/aggression/SS-AGG-0717-A1.wav,Aggression,SS-AGG-0717,train,augmented,reverb,766313700,5.922,16000,1,3c7f51cc03b03e96ff2c10c6938cbc23ef04959eff4f44fb096d773afe2f8ce6,augmentation of SS-AGG-0717,CC0-1.0
SS-AGG-0717-A2,augmented/aggression/SS-AGG-0717-A2.wav,Aggression,SS-AGG-0717,train,augmented,pitch,1904653379,5.922,16000,1,07570927501ed1d3f3625922b349c2ebccb3e52b93e42e96d6ebf4d56da237a9,augmentation of SS-AGG-0717,CC0-1.0
SS-AGG-0718-A1,augmented/aggression/SS-AGG-0718-A1.wav,Aggression,SS-AGG-0718,train,augmented,shift,2006561829,1.811,16000,1,7e0e92119ac82684d7c9c33d608288ba4c395771a87aa45dd9e696e3661fc3ad,augmentation of SS-AGG-0718,CC0-1.0
SS-AGG-0718-A2,augmented/aggression/SS-AGG-0718-A2.wav,Aggression,SS-AGG-0718,train,augmented,noise,858363114,1.811,16000,1,717b94adf9479f7996dc4350f19f68ca328f9ed5be4e4bfefede52716daa75b2,augmentation of SS-AGG-0718,CC0-1.0
SS-AGG-0719-A1,augmented/aggression/SS-AGG-0719-A1.wav,Aggression,SS-AGG-0719,train,augmented,volume,3172183711,1.791,16000,1,8c07806f46106bac920addb3ee175fa6817ea5f2b372418cbc57a41240041ca0,augmentation of SS-AGG-0719,CC0-1.0
SS-AGG-0719-A2,augmented/aggression/SS-AGG-0719-A2.wav,Aggression,SS-AGG-0719,train,augmented,device,2528267184,1.791,16000,1,1b1d8272ff6346fab33e77aba22e4bbe0136c49e50323a81cae6a5c71560280f,augmentation of SS-AGG-0719,CC0-1.0
SS-AGG-0721-A1,augmented/aggression/SS-AGG-0721-A1.wav,Aggression,SS-AGG-0721,train,augmented,distance,4083798921,4.573,16000,1,aa28441204c97f976b5efe69c99bdfb8d4ac9247a787bb64ee7b4a7e42eb4e62,augmentation of SS-AGG-0721,CC0-1.0
SS-AGG-0721-A2,augmented/aggression/SS-AGG-0721-A2.wav,Aggression,SS-AGG-0721,train,augmented,pitch,2449681995,4.573,16000,1,1f025726125dae621336e1e1727bcc33e44c83b989aca9a74ffb8101ab527e65,augmentation of SS-AGG-0721,CC0-1.0
SS-AGG-0722-A1,augmented/aggression/SS-AGG-0722-A1.wav,Aggression,SS-AGG-0722,train,augmented,device,3852536296,5.032,16000,1,285c7b688588e15cae8ef46fb33b893bfa31197db9af5b612da28aff04dbeaeb,augmentation of SS-AGG-0722,CC0-1.0
SS-AGG-0722-A2,augmented/aggression/SS-AGG-0722-A2.wav,Aggression,SS-AGG-0722,train,augmented,distance,1677604361,5.032,16000,1,a13e955d54817f876d8841c5bf554f69e594171eaa467dbff10b2affe985bb7d,augmentation of SS-AGG-0722,CC0-1.0
SS-AGG-0724-A1,augmented/aggression/SS-AGG-0724-A1.wav,Aggression,SS-AGG-0724,train,augmented,noise,354686426,5.691,16000,1,306d0212491a3f1d424bb819768aea3db7d3a0deedd11233320cbfe952d84c9a,augmentation of SS-AGG-0724,CC0-1.0
SS-AGG-0724-A2,augmented/aggression/SS-AGG-0724-A2.wav,Aggression,SS-AGG-0724,train,augmented,shift,4176268909,5.691,16000,1,e4de670ea56357cdbdca8643c53908fba5b8b5abf16dfede642635aa44e5a72b,augmentation of SS-AGG-0724,CC0-1.0
SS-AGG-0725-A1,augmented/aggression/SS-AGG-0725-A1.wav,Aggression,SS-AGG-0725,train,augmented,device,1573297608,5.322,16000,1,17bf9e0df15457d3f377b1fe9bd76c7ae6eb57e019cf64aeed049c7d1f16ee57,augmentation of SS-AGG-0725,CC0-1.0
SS-AGG-0725-A2,augmented/aggression/SS-AGG-0725-A2.wav,Aggression,SS-AGG-0725,train,augmented,stretch,2054870454,5.679,16000,1,4ab02c9658e34e0ab39d4a1016ce8740fc4dda506787948721197d99530b6be7,augmentation of SS-AGG-0725,CC0-1.0
SS-AGG-0726-A1,augmented/aggression/SS-AGG-0726-A1.wav,Aggression,SS-AGG-0726,train,augmented,shift,4133048925,2.498,16000,1,1cef653757ffb837d042fb620a70d071a86cfc55096e81d4bc2f0f9b22571d4e,augmentation of SS-AGG-0726,CC0-1.0
SS-AGG-0726-A2,augmented/aggression/SS-AGG-0726-A2.wav,Aggression,SS-AGG-0726,train,augmented,reverb,1467399684,2.498,16000,1,3e020571c1ae2fab56ab864f509adf40ad03b3ab19b82a222a8d393f51ff8a53,augmentation of SS-AGG-0726,CC0-1.0
SS-AGG-0727-A1,augmented/aggression/SS-AGG-0727-A1.wav,Aggression,SS-AGG-0727,train,augmented,distance,2640074817,5.692,16000,1,eb3286b40043b8e629fcf1fea5d83f62ff51b81bac576c32c92c525ac3dbb3e1,augmentation of SS-AGG-0727,CC0-1.0
SS-AGG-0727-A2,augmented/aggression/SS-AGG-0727-A2.wav,Aggression,SS-AGG-0727,train,augmented,pitch,2725047587,5.692,16000,1,7bc71910eb38909db102e6b8e2bdff24059768e15ef93a3f102bfef020258ed6,augmentation of SS-AGG-0727,CC0-1.0
SS-AGG-0729-A1,augmented/aggression/SS-AGG-0729-A1.wav,Aggression,SS-AGG-0729,train,augmented,device,3643828112,3.012,16000,1,73993df8d3ab56453a6397d59896f917e7e3a03467b10186670f0d82e1c6ff41,augmentation of SS-AGG-0729,CC0-1.0
SS-AGG-0729-A2,augmented/aggression/SS-AGG-0729-A2.wav,Aggression,SS-AGG-0729,train,augmented,noise,789751738,3.012,16000,1,51632f7459b9cdd1fc2a40ab4e589ae67c716830e6ed9cd1cf8395248074fe8c,augmentation of SS-AGG-0729,CC0-1.0
SS-AGG-0730-A1,augmented/aggression/SS-AGG-0730-A1.wav,Aggression,SS-AGG-0730,train,augmented,pitch,2589541291,3.855,16000,1,a47cb9b70ff4d83ce94790fd54114ce8582e693ab984daec3120d02bd9a05a9d,augmentation of SS-AGG-0730,CC0-1.0
SS-AGG-0730-A2,augmented/aggression/SS-AGG-0730-A2.wav,Aggression,SS-AGG-0730,train,augmented,distance,2827399937,3.855,16000,1,1e2b82d6644ec1588bff7765db168e7ab6886b4a8333d029f71a4e64f3946e99,augmentation of SS-AGG-0730,CC0-1.0
SS-AGG-0731-A1,augmented/aggression/SS-AGG-0731-A1.wav,Aggression,SS-AGG-0731,train,augmented,volume,2100792463,5.759,16000,1,d6f9cc82dd5e79f987a9086adc517a44e28a40cc5ed535b24812a5bd223c0542,augmentation of SS-AGG-0731,CC0-1.0
SS-AGG-0731-A2,augmented/aggression/SS-AGG-0731-A2.wav,Aggression,SS-AGG-0731,train,augmented,shift,3043455997,5.759,16000,1,0cc17a8f23a13cb6d90bb08e52f204112fb8ac6ffd18a284b3af43f8cf917935,augmentation of SS-AGG-0731,CC0-1.0
SS-AGG-0732-A1,augmented/aggression/SS-AGG-0732-A1.wav,Aggression,SS-AGG-0732,train,augmented,shift,3161037285,2.686,16000,1,4951941a0966ae1d0e3864132f2079a866fccea80ec2da154375151e1b516ba5,augmentation of SS-AGG-0732,CC0-1.0
SS-AGG-0732-A2,augmented/aggression/SS-AGG-0732-A2.wav,Aggression,SS-AGG-0732,train,augmented,shift,517038653,2.686,16000,1,2e879fc23b12a75f826358fd3af7b764b83f25dc5eb6d2eb631ac69608b473a2,augmentation of SS-AGG-0732,CC0-1.0
SS-AGG-0733-A1,augmented/aggression/SS-AGG-0733-A1.wav,Aggression,SS-AGG-0733,train,augmented,pitch,3566451275,4.629,16000,1,3700d156d333942bda1c61adea28b7c82865b257a05872b2bef4200fb9e2fd64,augmentation of SS-AGG-0733,CC0-1.0
SS-AGG-0733-A2,augmented/aggression/SS-AGG-0733-A2.wav,Aggression,SS-AGG-0733,train,augmented,stretch,1314451350,4.554,16000,1,498c1a53749a97e81722e79ec828893b547a53eb03e96fa025ff80d4b9c33bc8,augmentation of SS-AGG-0733,CC0-1.0
SS-AGG-0735-A1,augmented/aggression/SS-AGG-0735-A1.wav,Aggression,SS-AGG-0735,train,augmented,reverb,3914305068,4.017,16000,1,7237c4a89a6ab909820542a9fe7158bf125eeda9bf45c3b9f055fae458b1743c,augmentation of SS-AGG-0735,CC0-1.0
SS-AGG-0735-A2,augmented/aggression/SS-AGG-0735-A2.wav,Aggression,SS-AGG-0735,train,augmented,shift,2462794093,4.017,16000,1,5f4250507f207ec718aa299dd65826cf1ebd78ca989c7831cbe76b37faf244a3,augmentation of SS-AGG-0735,CC0-1.0
SS-AGG-0737-A1,augmented/aggression/SS-AGG-0737-A1.wav,Aggression,SS-AGG-0737,train,augmented,pitch,1323598475,2.865,16000,1,e1963a9b984930901b5223c3dab4cdc7eee4bbdbaf7db03ee5c64552a973c866,augmentation of SS-AGG-0737,CC0-1.0
SS-AGG-0737-A2,augmented/aggression/SS-AGG-0737-A2.wav,Aggression,SS-AGG-0737,train,augmented,distance,892422881,2.865,16000,1,ad4669db61b9a2f64ede3be0f82500739eaa77ebc9dc012c0ecbd0b5a54ccbf2,augmentation of SS-AGG-0737,CC0-1.0
SS-AGG-0738-A1,augmented/aggression/SS-AGG-0738-A1.wav,Aggression,SS-AGG-0738,train,augmented,reverb,2155992420,3.901,16000,1,a8de1b385a0071b1bcea00b0ddc2ced65efa0e4f64bd5f4cf7b614e300249ccd,augmentation of SS-AGG-0738,CC0-1.0
SS-AGG-0738-A2,augmented/aggression/SS-AGG-0738-A2.wav,Aggression,SS-AGG-0738,train,augmented,distance,2147836433,3.901,16000,1,87504ac77c4daa0046156c8d75a8958991111a562e5516a5752557b283cd3853,augmentation of SS-AGG-0738,CC0-1.0
SS-AGG-0740-A1,augmented/aggression/SS-AGG-0740-A1.wav,Aggression,SS-AGG-0740,train,augmented,reverb,3314730340,3.344,16000,1,30b7d41937b9e6ab3b41d3a5e6d65330d0cbe39a45ad6987296952cbe9017162,augmentation of SS-AGG-0740,CC0-1.0
SS-AGG-0740-A2,augmented/aggression/SS-AGG-0740-A2.wav,Aggression,SS-AGG-0740,train,augmented,reverb,4023818580,3.344,16000,1,a083468ac25014bc0f12e2b9dadc7c9e07ec613088052bdbb665b76834a9ead4,augmentation of SS-AGG-0740,CC0-1.0
SS-AGG-0741-A1,augmented/aggression/SS-AGG-0741-A1.wav,Aggression,SS-AGG-0741,train,augmented,shift,4184892677,5.433,16000,1,df0f89e96b9ae0612840578ccdac34ebadf09cefaf58f541910e4054a5907688,augmentation of SS-AGG-0741,CC0-1.0
SS-AGG-0741-A2,augmented/aggression/SS-AGG-0741-A2.wav,Aggression,SS-AGG-0741,train,augmented,noise,4170005674,5.433,16000,1,ee225ebd57fec58a20b5d9f42d102b4ace347289a369dd0a4a547e4cea38d0cf,augmentation of SS-AGG-0741,CC0-1.0
SS-AGG-0742-A1,augmented/aggression/SS-AGG-0742-A1.wav,Aggression,SS-AGG-0742,train,augmented,shift,2680310205,2.217,16000,1,7489499be5a72323b5e0008f33611310e9dca6fec5b1b0066d70f88376a0f3be,augmentation of SS-AGG-0742,CC0-1.0
SS-AGG-0742-A2,augmented/aggression/SS-AGG-0742-A2.wav,Aggression,SS-AGG-0742,train,augmented,pitch,1372659851,2.217,16000,1,8f0f297b2953b14d7b187a1e5d9649aa5e3306bbd88908a41281112dd8a06011,augmentation of SS-AGG-0742,CC0-1.0
SS-AGG-0743-A1,augmented/aggression/SS-AGG-0743-A1.wav,Aggression,SS-AGG-0743,train,augmented,stretch,3707435030,4.72,16000,1,32a5930d3a8215071197fe84c64e322efe2c72531d9fe7b955b54b02fd177312,augmentation of SS-AGG-0743,CC0-1.0
SS-AGG-0743-A2,augmented/aggression/SS-AGG-0743-A2.wav,Aggression,SS-AGG-0743,train,augmented,device,1372154896,4.396,16000,1,bc9a74205b29237c52e1ad62184c1ae8c634ddca618569c0bb6f3bae7fd3762c,augmentation of SS-AGG-0743,CC0-1.0
SS-AGG-0744-A1,augmented/aggression/SS-AGG-0744-A1.wav,Aggression,SS-AGG-0744,train,augmented,distance,1282644041,2.918,16000,1,2790ebc55aed995ea3539f80899e60e0093c71d2b48d80a109a9c55bf2aaa95c,augmentation of SS-AGG-0744,CC0-1.0
SS-AGG-0744-A2,augmented/aggression/SS-AGG-0744-A2.wav,Aggression,SS-AGG-0744,train,augmented,device,3019936784,2.918,16000,1,3ce0ebff379d289c397c71b45fe4f0071fa7cc0cd4a669d4317256f280e5b359,augmentation of SS-AGG-0744,CC0-1.0
SS-AGG-0745-A1,augmented/aggression/SS-AGG-0745-A1.wav,Aggression,SS-AGG-0745,train,augmented,shift,2364874677,3.411,16000,1,813981b21790fec258411a4a81e1ceb3c60ed0c5e13d2f31a022ee59b4639915,augmentation of SS-AGG-0745,CC0-1.0
SS-AGG-0745-A2,augmented/aggression/SS-AGG-0745-A2.wav,Aggression,SS-AGG-0745,train,augmented,stretch,3260179334,3.507,16000,1,e71ba572a87da9e5830cebedb96129c6202291728eb2a9dc3ca300994a1c5998,augmentation of SS-AGG-0745,CC0-1.0
SS-AGG-0746-A1,augmented/aggression/SS-AGG-0746-A1.wav,Aggression,SS-AGG-0746,train,augmented,reverb,26640580,3.506,16000,1,5d34ff526e7e284b2aa70344226d4e24405ecd2759171557681b217569814b9b,augmentation of SS-AGG-0746,CC0-1.0
SS-AGG-0746-A2,augmented/aggression/SS-AGG-0746-A2.wav,Aggression,SS-AGG-0746,train,augmented,shift,1469191301,3.506,16000,1,da6d1ac8d8bf096aa5ae836e9779c6e76d2140418da7c41a3ca760f62246af48,augmentation of SS-AGG-0746,CC0-1.0
SS-AGG-0748-A1,augmented/aggression/SS-AGG-0748-A1.wav,Aggression,SS-AGG-0748,train,augmented,distance,2696583345,2.307,16000,1,2fb121bc04d20d4a0228e31b6e3e7ef21453c214dad107fca0145a859f4dd38b,augmentation of SS-AGG-0748,CC0-1.0
SS-AGG-0748-A2,augmented/aggression/SS-AGG-0748-A2.wav,Aggression,SS-AGG-0748,train,augmented,noise,783797810,2.307,16000,1,70271c9a4513710e053dab9b466e56b671ff1bdd78712bdb4d2debf6f622bc0c,augmentation of SS-AGG-0748,CC0-1.0
SS-AGG-0749-A1,augmented/aggression/SS-AGG-0749-A1.wav,Aggression,SS-AGG-0749,train,augmented,noise,3220784602,2.37,16000,1,8cf04abcf09ed266f440497e2d15f803dd2aa1ae24938e293d437558349b00f9,augmentation of SS-AGG-0749,CC0-1.0
SS-AGG-0749-A2,augmented/aggression/SS-AGG-0749-A2.wav,Aggression,SS-AGG-0749,train,augmented,reverb,1674801500,2.37,16000,1,1423a154b4019d827163eef1efa99e8b3f0a0de8f0ac47dfde950ee2712dbc1b,augmentation of SS-AGG-0749,CC0-1.0
SS-AGG-0751-A1,augmented/aggression/SS-AGG-0751-A1.wav,Aggression,SS-AGG-0751,train,augmented,reverb,4108421212,5.719,16000,1,280458bd608ff387e638a47f4aac1bc63f68957889a70df64edf8490561894a7,augmentation of SS-AGG-0751,CC0-1.0
SS-AGG-0751-A2,augmented/aggression/SS-AGG-0751-A2.wav,Aggression,SS-AGG-0751,train,augmented,pitch,1781521875,5.719,16000,1,9d2775f37c33e9b0f5f7005572e9b59c2298f7fae13d6033ad111f8cb29ac98b,augmentation of SS-AGG-0751,CC0-1.0
SS-ALM-0002-A1,augmented/alarm_or_siren/SS-ALM-0002-A1.wav,Alarm or Siren,SS-ALM-0002,train,augmented,reverb,2146407740,14.609,16000,1,d25a8826e1da62202bb5add92f5ae6a86a6c004b07cede6e17ebf463d424878c,augmentation of SS-ALM-0002,CC0-1.0
SS-ALM-0002-A2,augmented/alarm_or_siren/SS-ALM-0002-A2.wav,Alarm or Siren,SS-ALM-0002,train,augmented,shift,16098213,14.609,16000,1,626936647568fb6d22daabe3b052758460f0d95f665191d657ec21ceaefa49dd,augmentation of SS-ALM-0002,CC0-1.0
SS-ALM-0003-A1,augmented/alarm_or_siren/SS-ALM-0003-A1.wav,Alarm or Siren,SS-ALM-0003,train,augmented,stretch,3581199838,18.187,16000,1,1e796794a743528470c016d5dfc18d0fb1e8ab4ef6c0262fe4aea22b7170d898,augmentation of SS-ALM-0003,CC0-1.0
SS-ALM-0003-A2,augmented/alarm_or_siren/SS-ALM-0003-A2.wav,Alarm or Siren,SS-ALM-0003,train,augmented,reverb,375265020,17.56,16000,1,88e4617e7c0f603308a20dea15e385fd8b914c3332318083899603d551d161f0,augmentation of SS-ALM-0003,CC0-1.0
SS-ALM-0004-A1,augmented/alarm_or_siren/SS-ALM-0004-A1.wav,Alarm or Siren,SS-ALM-0004,train,augmented,pitch,1043301507,8.0,16000,1,c4e3441ec7f72aea0a827dbef0af473d38917cfe3d631df60c81ad0f5a485e5c,augmentation of SS-ALM-0004,CC-BY-3.0
SS-ALM-0004-A2,augmented/alarm_or_siren/SS-ALM-0004-A2.wav,Alarm or Siren,SS-ALM-0004,train,augmented,stretch,3823096846,7.751,16000,1,24a624e17245f3424e9b893bed9bbbe1e9e12d292b29b87de4c1e3ba65ea9cc7,augmentation of SS-ALM-0004,CC-BY-3.0
SS-ALM-0005-A1,augmented/alarm_or_siren/SS-ALM-0005-A1.wav,Alarm or Siren,SS-ALM-0005,train,augmented,distance,3302011737,9.56,16000,1,82321ded7b2a301cf8469c024b7499e5adc1136aa86983e340722ab1694d5e7f,augmentation of SS-ALM-0005,CC0-1.0
SS-ALM-0005-A2,augmented/alarm_or_siren/SS-ALM-0005-A2.wav,Alarm or Siren,SS-ALM-0005,train,augmented,distance,2233267641,9.56,16000,1,f5e266d1e2e9a63e0eb5334892c0dbaa09d61839f956085d0e078f7d29a75640,augmentation of SS-ALM-0005,CC0-1.0
SS-ALM-0006-A1,augmented/alarm_or_siren/SS-ALM-0006-A1.wav,Alarm or Siren,SS-ALM-0006,train,augmented,pitch,2578766627,2.5,16000,1,0d2cc159af5e2430c8adb672ceb1fdeb7805e90f8cf197a6835cec1090771334,augmentation of SS-ALM-0006,CC0-1.0
SS-ALM-0006-A2,augmented/alarm_or_siren/SS-ALM-0006-A2.wav,Alarm or Siren,SS-ALM-0006,train,augmented,distance,3421553641,2.5,16000,1,b63dedd9b587572ea99f0cd360ab96fefbf43d5a2f74517880aa9ff08a6bbd8b,augmentation of SS-ALM-0006,CC0-1.0
SS-ALM-0007-A1,augmented/alarm_or_siren/SS-ALM-0007-A1.wav,Alarm or Siren,SS-ALM-0007,train,augmented,device,651241896,25.899,16000,1,dea603df53167dc428170923f86bd2a4f05fde1f0d72389843ce79ae0b7aa7d4,augmentation of SS-ALM-0007,CC-BY-3.0
SS-ALM-0007-A2,augmented/alarm_or_siren/SS-ALM-0007-A2.wav,Alarm or Siren,SS-ALM-0007,train,augmented,device,3761058512,25.899,16000,1,6a622ec9b181dbaf75215750bc42d1c05f413258d2c2194ff559f98cee0f2875,augmentation of SS-ALM-0007,CC-BY-3.0
SS-ALM-0008-A1,augmented/alarm_or_siren/SS-ALM-0008-A1.wav,Alarm or Siren,SS-ALM-0008,train,augmented,shift,3971617541,24.895,16000,1,c30081e1046b0aece7bd76ca9665da0021f550bc2498be5a19cdb7daaa4b0444,augmentation of SS-ALM-0008,CC-BY-3.0
SS-ALM-0008-A2,augmented/alarm_or_siren/SS-ALM-0008-A2.wav,Alarm or Siren,SS-ALM-0008,train,augmented,noise,190360378,24.895,16000,1,201121ca1a736036500611d7dfa505f54fede5da0ffcb627776012778d3e1be3,augmentation of SS-ALM-0008,CC-BY-3.0
SS-ALM-0009-A1,augmented/alarm_or_siren/SS-ALM-0009-A1.wav,Alarm or Siren,SS-ALM-0009,train,augmented,pitch,1440105683,15.256,16000,1,a7f5b8f4983a3c53f2e000f8aa079bf80de5ec074b8b501c45bd580a3a86c457,augmentation of SS-ALM-0009,CC-BY-3.0
SS-ALM-0009-A2,augmented/alarm_or_siren/SS-ALM-0009-A2.wav,Alarm or Siren,SS-ALM-0009,train,augmented,device,393360904,15.256,16000,1,6a8cba11efe5182494346bc71a004907fa8bd02cae1bd66fdfb2201b95a3f4e0,augmentation of SS-ALM-0009,CC-BY-3.0
SS-ALM-0011-A1,augmented/alarm_or_siren/SS-ALM-0011-A1.wav,Alarm or Siren,SS-ALM-0011,train,augmented,device,3855683416,19.892,16000,1,b7cedc6583e6fa8af9eaf5c90a8e342256f78dcd32f50f3c8b58c0ae5b546080,augmentation of SS-ALM-0011,CC-BY-3.0
SS-ALM-0011-A2,augmented/alarm_or_siren/SS-ALM-0011-A2.wav,Alarm or Siren,SS-ALM-0011,train,augmented,distance,3427868681,19.892,16000,1,5e0fa84168d88aacc186864d2f0767cd3964baf864eb6ba3a9c15cc3480af6da,augmentation of SS-ALM-0011,CC-BY-3.0
SS-ALM-0012-A1,augmented/alarm_or_siren/SS-ALM-0012-A1.wav,Alarm or Siren,SS-ALM-0012,train,augmented,distance,2427862945,1.417,16000,1,071b1dd80bd7fb669c4aed4fadb83ff9e45ea0b275cc8dde33222bc216abb09e,augmentation of SS-ALM-0012,CC0-1.0
SS-ALM-0012-A2,augmented/alarm_or_siren/SS-ALM-0012-A2.wav,Alarm or Siren,SS-ALM-0012,train,augmented,shift,1499158197,1.417,16000,1,70711631c7c8d80fdf3626c790831445c7c9653face5f1140926cbadad338dde,augmentation of SS-ALM-0012,CC0-1.0
SS-ALM-0013-A1,augmented/alarm_or_siren/SS-ALM-0013-A1.wav,Alarm or Siren,SS-ALM-0013,train,augmented,pitch,1294284163,5.183,16000,1,b2bd1b741988d39f3354992884b0573dc1842f1bd309831aece3eb445f6547cc,augmentation of SS-ALM-0013,CC-BY-3.0
SS-ALM-0013-A2,augmented/alarm_or_siren/SS-ALM-0013-A2.wav,Alarm or Siren,SS-ALM-0013,train,augmented,reverb,3711645172,5.183,16000,1,14cf10eb05ea670f773a7696165bc6fb0af53ecc2631a1cb2ca47d5883ce9c0b,augmentation of SS-ALM-0013,CC-BY-3.0
SS-ALM-0014-A1,augmented/alarm_or_siren/SS-ALM-0014-A1.wav,Alarm or Siren,SS-ALM-0014,train,augmented,reverb,796717044,1.498,16000,1,d3b31bf280ba08466a1e302f2c11fee313044b47cbf1e025f0b9db77c1395dd7,augmentation of SS-ALM-0014,CC-BY-3.0
SS-ALM-0014-A2,augmented/alarm_or_siren/SS-ALM-0014-A2.wav,Alarm or Siren,SS-ALM-0014,train,augmented,volume,415357607,1.498,16000,1,5be7449084482972ee48653bc6d09adb126dfe2a888cc2a67d13200d52eafdd4,augmentation of SS-ALM-0014,CC-BY-3.0
SS-ALM-0016-A1,augmented/alarm_or_siren/SS-ALM-0016-A1.wav,Alarm or Siren,SS-ALM-0016,train,augmented,device,3261414952,12.167,16000,1,10b7e3c0211dacb2e7d5b9d998d353e4c6648b3900837727d3552499becc7dc8,augmentation of SS-ALM-0016,CC-BY-3.0
SS-ALM-0016-A2,augmented/alarm_or_siren/SS-ALM-0016-A2.wav,Alarm or Siren,SS-ALM-0016,train,augmented,stretch,1821480998,13.895,16000,1,424dfde17b0950919598fdd6256d3661afaaa1cfaac3ee3240dacfef6f37464e,augmentation of SS-ALM-0016,CC-BY-3.0
SS-ALM-0017-A1,augmented/alarm_or_siren/SS-ALM-0017-A1.wav,Alarm or Siren,SS-ALM-0017,train,augmented,noise,3991698530,8.965,16000,1,dea0c01acb3df40a7726c96b3a848b668933501401b3780edfb5951f9bc413c5,augmentation of SS-ALM-0017,CC0-1.0
SS-ALM-0017-A2,augmented/alarm_or_siren/SS-ALM-0017-A2.wav,Alarm or Siren,SS-ALM-0017,train,augmented,pitch,71572451,8.965,16000,1,b31f7b353e818d080cdf1709dd4ab0660db0168090b547222a16da814edc8230,augmentation of SS-ALM-0017,CC0-1.0
SS-ALM-0018-A1,augmented/alarm_or_siren/SS-ALM-0018-A1.wav,Alarm or Siren,SS-ALM-0018,train,augmented,shift,4114118901,0.77,16000,1,fb8a15a970ca308a6b77d386b0c1dcfa6f0f31d021cb24da01bb71365350ca09,augmentation of SS-ALM-0018,CC0-1.0
SS-ALM-0018-A2,augmented/alarm_or_siren/SS-ALM-0018-A2.wav,Alarm or Siren,SS-ALM-0018,train,augmented,pitch,1107092619,0.77,16000,1,b6510fbd05628eb1e47a945980576e0f65560ccce1610fce878eabb3dbe6199e,augmentation of SS-ALM-0018,CC0-1.0
SS-ALM-0019-A1,augmented/alarm_or_siren/SS-ALM-0019-A1.wav,Alarm or Siren,SS-ALM-0019,train,augmented,shift,3879986613,2.273,16000,1,6a1d7bf64a7843bf4bd9504b6a055c06b8f201731e250677d6f4bd57acd3124e,augmentation of SS-ALM-0019,CC0-1.0
SS-ALM-0019-A2,augmented/alarm_or_siren/SS-ALM-0019-A2.wav,Alarm or Siren,SS-ALM-0019,train,augmented,noise,4123769058,2.273,16000,1,c1b187be83938e89a9d24d1ddd10b3f4baf3912884c009f6991fb22722db4237,augmentation of SS-ALM-0019,CC0-1.0
SS-ALM-0020-A1,augmented/alarm_or_siren/SS-ALM-0020-A1.wav,Alarm or Siren,SS-ALM-0020,train,augmented,stretch,3274195534,7.233,16000,1,4bf7ad5a878e5b76b2ce5f529903a9391c8c3900dcc71e150458e44ea321b44e,augmentation of SS-ALM-0020,CC0-1.0
SS-ALM-0020-A2,augmented/alarm_or_siren/SS-ALM-0020-A2.wav,Alarm or Siren,SS-ALM-0020,train,augmented,pitch,144110955,6.83,16000,1,bd04e26f3d2c803fb2f2cddaa5254bbf817a25592bedd52726f5333fbdb46f7e,augmentation of SS-ALM-0020,CC0-1.0
SS-ALM-0021-A1,augmented/alarm_or_siren/SS-ALM-0021-A1.wav,Alarm or Siren,SS-ALM-0021,train,augmented,distance,1372168857,16.0,16000,1,0dfec03f7bb1c0c392cb9679f028fbf4f8c65d276ce4c16c3255c1f458c51b9a,augmentation of SS-ALM-0021,CC-BY-3.0
SS-ALM-0021-A2,augmented/alarm_or_siren/SS-ALM-0021-A2.wav,Alarm or Siren,SS-ALM-0021,train,augmented,shift,3329909981,16.0,16000,1,6a043d3c620bc2a97c5eb479f5e6600180de3c14157bf5fa8cb93f424346a2a7,augmentation of SS-ALM-0021,CC-BY-3.0
SS-ALM-0022-A1,augmented/alarm_or_siren/SS-ALM-0022-A1.wav,Alarm or Siren,SS-ALM-0022,train,augmented,pitch,2316936371,6.888,16000,1,86b881a879c915057aca94ec3f1547a4590b00c7815d472f8df5fb0a532b8969,augmentation of SS-ALM-0022,CC-BY-3.0
SS-ALM-0022-A2,augmented/alarm_or_siren/SS-ALM-0022-A2.wav,Alarm or Siren,SS-ALM-0022,train,augmented,noise,3651403970,6.888,16000,1,14688792cbbf58fce80342e1921a63bef7fb547138ae5dd3815ed839ecf4e480,augmentation of SS-ALM-0022,CC-BY-3.0
SS-ALM-0023-A1,augmented/alarm_or_siren/SS-ALM-0023-A1.wav,Alarm or Siren,SS-ALM-0023,train,augmented,reverb,3258938388,11.702,16000,1,4c55a15a21e519bf874dffc64c45521deba4827aba335452f1562808ba15da7f,augmentation of SS-ALM-0023,CC0-1.0
SS-ALM-0023-A2,augmented/alarm_or_siren/SS-ALM-0023-A2.wav,Alarm or Siren,SS-ALM-0023,train,augmented,stretch,573686542,10.507,16000,1,235dbb8ec71a2258e1e8168624dfdaad195be0d9e30d7d398bb3bc169fdcc226,augmentation of SS-ALM-0023,CC0-1.0
SS-ALM-0024-A1,augmented/alarm_or_siren/SS-ALM-0024-A1.wav,Alarm or Siren,SS-ALM-0024,train,augmented,pitch,1488046307,3.652,16000,1,c0632a72a57fe22563e4e9e1385176fb52efe269aa367e462ebe679c19815a6c,augmentation of SS-ALM-0024,CC-BY-3.0
SS-ALM-0024-A2,augmented/alarm_or_siren/SS-ALM-0024-A2.wav,Alarm or Siren,SS-ALM-0024,train,augmented,pitch,801478835,3.652,16000,1,8d83fec006f62fc90ea44647d0f5a42286463d37abfe32ee542abdbdf661e03d,augmentation of SS-ALM-0024,CC-BY-3.0
SS-ALM-0025-A1,augmented/alarm_or_siren/SS-ALM-0025-A1.wav,Alarm or Siren,SS-ALM-0025,train,augmented,stretch,3626136998,7.007,16000,1,71041009f493e1e511af56ef1f7752b6ae006c5150662471c013f4c10045329f,augmentation of SS-ALM-0025,Sampling+-1.0
SS-ALM-0025-A2,augmented/alarm_or_siren/SS-ALM-0025-A2.wav,Alarm or Siren,SS-ALM-0025,train,augmented,pitch,3676235587,6.007,16000,1,4b1c088ffe2abb5af9912ee84299f3c664f7fbed430ab6654e3ffda64aa10c67,augmentation of SS-ALM-0025,Sampling+-1.0
SS-ALM-0026-A1,augmented/alarm_or_siren/SS-ALM-0026-A1.wav,Alarm or Siren,SS-ALM-0026,train,augmented,noise,1633256642,12.558,16000,1,3c53003c1065a34b51f075766b5318308d521610d5901918d327e71b7662cf5a,augmentation of SS-ALM-0026,CC-BY-3.0
SS-ALM-0026-A2,augmented/alarm_or_siren/SS-ALM-0026-A2.wav,Alarm or Siren,SS-ALM-0026,train,augmented,shift,1282805325,12.558,16000,1,af06a07e4495e0bc909e400c43a20d5d1acbd8605de1bee0b05f0b11fc782f8d,augmentation of SS-ALM-0026,CC-BY-3.0
SS-ALM-0027-A1,augmented/alarm_or_siren/SS-ALM-0027-A1.wav,Alarm or Siren,SS-ALM-0027,train,augmented,shift,3368611053,4.963,16000,1,340a0f9ce88756cc046d7809a931f07eef499bcd14ed6087885f73eb4d6bdb9a,augmentation of SS-ALM-0027,CC0-1.0
SS-ALM-0027-A2,augmented/alarm_or_siren/SS-ALM-0027-A2.wav,Alarm or Siren,SS-ALM-0027,train,augmented,volume,3191861047,4.963,16000,1,ea2a932c9441b583fc4b57181275bee2cc0c67b6f246d732f345b6a9a90ab617,augmentation of SS-ALM-0027,CC0-1.0
SS-ALM-0030-A1,augmented/alarm_or_siren/SS-ALM-0030-A1.wav,Alarm or Siren,SS-ALM-0030,train,augmented,stretch,1966680566,13.608,16000,1,eb30aec8380b15c4130fb243b1fe357386be9cafe8a09eb2b41eabae09bf391a,augmentation of SS-ALM-0030,Sampling+-1.0
SS-ALM-0030-A2,augmented/alarm_or_siren/SS-ALM-0030-A2.wav,Alarm or Siren,SS-ALM-0030,train,augmented,stretch,3137827622,14.765,16000,1,bcae5e41abfce35ca652eac0803b51f998c940c7a30b9fd2474bcc9763e532c0,augmentation of SS-ALM-0030,Sampling+-1.0
SS-ALM-0032-A1,augmented/alarm_or_siren/SS-ALM-0032-A1.wav,Alarm or Siren,SS-ALM-0032,train,augmented,noise,2348840114,3.4,16000,1,76a0c17b18504d82469e9b68c87f4c9ce79d049ce65ce2a068d9765f825ef5c4,augmentation of SS-ALM-0032,CC-BY-3.0
SS-ALM-0032-A2,augmented/alarm_or_siren/SS-ALM-0032-A2.wav,Alarm or Siren,SS-ALM-0032,train,augmented,shift,188103253,3.4,16000,1,bbab7988ac1050917f31d2fc0767b38ec5ff25f3343b8995874b645d0c56f944,augmentation of SS-ALM-0032,CC-BY-3.0
SS-ALM-0033-A1,augmented/alarm_or_siren/SS-ALM-0033-A1.wav,Alarm or Siren,SS-ALM-0033,train,augmented,stretch,962863390,0.619,16000,1,226268e656ac590f36e73da424d1413ef8efac424286cbb999e6d8d091e55d2a,augmentation of SS-ALM-0033,CC0-1.0
SS-ALM-0033-A2,augmented/alarm_or_siren/SS-ALM-0033-A2.wav,Alarm or Siren,SS-ALM-0033,train,augmented,reverb,2392997684,0.56,16000,1,18cdf44d089f04a87929f878fdd307d252cb8f69e1acc86b436dd8e57c3a86cc,augmentation of SS-ALM-0033,CC0-1.0
SS-ALM-0034-A1,augmented/alarm_or_siren/SS-ALM-0034-A1.wav,Alarm or Siren,SS-ALM-0034,train,augmented,volume,1642823735,29.731,16000,1,787d4a4e8fbd5b69d86d5d33e1ee5ca02767a50f83b9416de9be489769fa14ab,augmentation of SS-ALM-0034,CC0-1.0
SS-ALM-0034-A2,augmented/alarm_or_siren/SS-ALM-0034-A2.wav,Alarm or Siren,SS-ALM-0034,train,augmented,pitch,3823932971,29.731,16000,1,bf209db8fb50dbc9d14d02fc6d5334020fdb615a6b22861ea304666442058333,augmentation of SS-ALM-0034,CC0-1.0
SS-ALM-0035-A1,augmented/alarm_or_siren/SS-ALM-0035-A1.wav,Alarm or Siren,SS-ALM-0035,train,augmented,reverb,978383156,2.053,16000,1,68121938c03a66638af696d39371af751765ef66939e75337d3bdb33c0c26265,augmentation of SS-ALM-0035,CC-BY-3.0
SS-ALM-0035-A2,augmented/alarm_or_siren/SS-ALM-0035-A2.wav,Alarm or Siren,SS-ALM-0035,train,augmented,distance,4124248649,2.053,16000,1,6e5920607263ae81d5edb3aa0837f73332aacc0b5baf98d51865c5385da04ec5,augmentation of SS-ALM-0035,CC-BY-3.0
SS-ALM-0039-A1,augmented/alarm_or_siren/SS-ALM-0039-A1.wav,Alarm or Siren,SS-ALM-0039,train,augmented,pitch,188092739,3.499,16000,1,1ab34a2af802f9126efdb89062ce7daa25b9e66c712535dbd903fe416372f0aa,augmentation of SS-ALM-0039,CC-BY-3.0
SS-ALM-0039-A2,augmented/alarm_or_siren/SS-ALM-0039-A2.wav,Alarm or Siren,SS-ALM-0039,train,augmented,stretch,1654683214,3.399,16000,1,635b5569ba120d62bee2f2bce5543b07b606e5c6419cfb696209372c03219d9b,augmentation of SS-ALM-0039,CC-BY-3.0
SS-ALM-0041-A1,augmented/alarm_or_siren/SS-ALM-0041-A1.wav,Alarm or Siren,SS-ALM-0041,train,augmented,volume,2542503591,1.719,16000,1,2f1b9a21c2c3fa9258b6cabfc62e5ab251b740f0c9a692c71c3cab79313edcd2,augmentation of SS-ALM-0041,CC-BY-3.0
SS-ALM-0041-A2,augmented/alarm_or_siren/SS-ALM-0041-A2.wav,Alarm or Siren,SS-ALM-0041,train,augmented,pitch,4049234131,1.719,16000,1,d208edc1d225fd2b0094ee735a00695506de93db9e3149ccee1f619ca7cc5b24,augmentation of SS-ALM-0041,CC-BY-3.0
SS-ALM-0042-A1,augmented/alarm_or_siren/SS-ALM-0042-A1.wav,Alarm or Siren,SS-ALM-0042,train,augmented,shift,2848585637,6.035,16000,1,9b51d191105246684c96f34763db6920f86316b19d94f0234ee2b73aea0e68ac,augmentation of SS-ALM-0042,Sampling+-1.0
SS-ALM-0042-A2,augmented/alarm_or_siren/SS-ALM-0042-A2.wav,Alarm or Siren,SS-ALM-0042,train,augmented,noise,3815794354,6.035,16000,1,fc834ee85bf94993a99e9b0cfde953b2b302bf9d34f1b7c231d5656f7a1aeffb,augmentation of SS-ALM-0042,Sampling+-1.0
SS-ALM-0044-A1,augmented/alarm_or_siren/SS-ALM-0044-A1.wav,Alarm or Siren,SS-ALM-0044,train,augmented,stretch,2472334006,5.375,16000,1,bc87fe5a7634929b2c7a308b0b7df70935102e3f6f67cd1ad1a38a7006250538,augmentation of SS-ALM-0044,CC-BY-3.0
SS-ALM-0044-A2,augmented/alarm_or_siren/SS-ALM-0044-A2.wav,Alarm or Siren,SS-ALM-0044,train,augmented,device,2919017344,5.582,16000,1,bdd1080d363d2d5ea029880c9bc4a52968dd99ae9f0e012b8ef1199f057fc329,augmentation of SS-ALM-0044,CC-BY-3.0
SS-ALM-0048-A1,augmented/alarm_or_siren/SS-ALM-0048-A1.wav,Alarm or Siren,SS-ALM-0048,train,augmented,distance,3077972553,3.045,16000,1,84b67a50b05b7e6801fd3fd1d5564c54ced837560f6def13f2b7b2d709bf699c,augmentation of SS-ALM-0048,CC0-1.0
SS-ALM-0048-A2,augmented/alarm_or_siren/SS-ALM-0048-A2.wav,Alarm or Siren,SS-ALM-0048,train,augmented,reverb,2881615324,3.045,16000,1,179988bac85840718965bbbdaa2db5baa5a2cde3863e49ddeafa0248d42a2f5b,augmentation of SS-ALM-0048,CC0-1.0
SS-ALM-0050-A1,augmented/alarm_or_siren/SS-ALM-0050-A1.wav,Alarm or Siren,SS-ALM-0050,train,augmented,distance,2660295417,5.65,16000,1,ec258a16e6cf091d167537ff03c4e01ef769b623a508f90e5093efb23b9dc8eb,augmentation of SS-ALM-0050,Sampling+-1.0
SS-ALM-0050-A2,augmented/alarm_or_siren/SS-ALM-0050-A2.wav,Alarm or Siren,SS-ALM-0050,train,augmented,device,3488116104,5.65,16000,1,cca42cd64892076e8fcb8d2d34e6801ed8d8e2d67adaf599d8537e773a778dbd,augmentation of SS-ALM-0050,Sampling+-1.0
SS-ALM-0051-A1,augmented/alarm_or_siren/SS-ALM-0051-A1.wav,Alarm or Siren,SS-ALM-0051,train,augmented,device,1181269936,2.473,16000,1,3226c8537b03dcecd8c4767516a88316ccd7192ca13d0b2c2f6547c4bdec66ed,augmentation of SS-ALM-0051,CC0-1.0
SS-ALM-0051-A2,augmented/alarm_or_siren/SS-ALM-0051-A2.wav,Alarm or Siren,SS-ALM-0051,train,augmented,noise,2919507338,2.473,16000,1,caf39fe25633e6e64cdda3929ec3b812dd79cee5161bfb30dcf8d4368afcb938,augmentation of SS-ALM-0051,CC0-1.0
SS-ALM-0052-A1,augmented/alarm_or_siren/SS-ALM-0052-A1.wav,Alarm or Siren,SS-ALM-0052,train,augmented,noise,649865306,4.159,16000,1,25881196429754bcca434817577d7e7af507ff4b42ef3c2495f13196ef0d9de2,augmentation of SS-ALM-0052,CC0-1.0
SS-ALM-0052-A2,augmented/alarm_or_siren/SS-ALM-0052-A2.wav,Alarm or Siren,SS-ALM-0052,train,augmented,stretch,3805913206,4.852,16000,1,6957789d0a6418dcae05cb8e84d96fdab9557aa3c739a1babb4d938b24f742fa,augmentation of SS-ALM-0052,CC0-1.0
SS-ALM-0053-A1,augmented/alarm_or_siren/SS-ALM-0053-A1.wav,Alarm or Siren,SS-ALM-0053,train,augmented,volume,1059765903,25.214,16000,1,dd2bdb99f7b43e32cd7abce429f860bc79519f6fac15c07f5496979f96c56269,augmentation of SS-ALM-0053,CC0-1.0
SS-ALM-0053-A2,augmented/alarm_or_siren/SS-ALM-0053-A2.wav,Alarm or Siren,SS-ALM-0053,train,augmented,noise,4268606314,25.214,16000,1,752b867e8042741c35ac0ed2daf4fe04cdd7c43d27a7df432b2e6088cf5c9659,augmentation of SS-ALM-0053,CC0-1.0
SS-ALM-0054-A1,augmented/alarm_or_siren/SS-ALM-0054-A1.wav,Alarm or Siren,SS-ALM-0054,train,augmented,distance,564327121,15.435,16000,1,f1d740efe785af488dd3dca739a7283d673957409076fb2720c32d1c5e8a069d,augmentation of SS-ALM-0054,CC-BY-3.0
SS-ALM-0054-A2,augmented/alarm_or_siren/SS-ALM-0054-A2.wav,Alarm or Siren,SS-ALM-0054,train,augmented,pitch,2936189299,15.435,16000,1,89822b24201bc01444021a604af8b621f423e55230da0c0927d3ae22fee76625,augmentation of SS-ALM-0054,CC-BY-3.0
SS-ALM-0055-A1,augmented/alarm_or_siren/SS-ALM-0055-A1.wav,Alarm or Siren,SS-ALM-0055,train,augmented,reverb,1010012076,5.0,16000,1,09b9b83e3a2ddedaef63f9952bbebe8df9ce5b88ffa1afcc11ccac831066751f,augmentation of SS-ALM-0055,CC0-1.0
SS-ALM-0055-A2,augmented/alarm_or_siren/SS-ALM-0055-A2.wav,Alarm or Siren,SS-ALM-0055,train,augmented,reverb,1498525860,5.0,16000,1,7bf2141ea2da3acf616535a4c8076a7ea9784c6864884283f0d3402c56709c26,augmentation of SS-ALM-0055,CC0-1.0
SS-ALM-0056-A1,augmented/alarm_or_siren/SS-ALM-0056-A1.wav,Alarm or Siren,SS-ALM-0056,train,augmented,device,4021883976,1.483,16000,1,320d1840cf7642c7114f19378706ebb69b20b277a14941a19ce6129d6ac9d57c,augmentation of SS-ALM-0056,CC0-1.0
SS-ALM-0056-A2,augmented/alarm_or_siren/SS-ALM-0056-A2.wav,Alarm or Siren,SS-ALM-0056,train,augmented,volume,1304684391,1.483,16000,1,2595982d83f5a283e8b5fc872d6b3f822014ddeb86faa8a33dd9ea4d47c8e0d5,augmentation of SS-ALM-0056,CC0-1.0
SS-ALM-0057-A1,augmented/alarm_or_siren/SS-ALM-0057-A1.wav,Alarm or Siren,SS-ALM-0057,train,augmented,distance,1634838601,4.0,16000,1,93e0b7184cae4f115ea7b9a39dd73c23d8d2f12ad52ffd76992513fe251a13af,augmentation of SS-ALM-0057,CC-BY-3.0
SS-ALM-0057-A2,augmented/alarm_or_siren/SS-ALM-0057-A2.wav,Alarm or Siren,SS-ALM-0057,train,augmented,distance,780356281,4.0,16000,1,c5e7e13821885119c50a2a9f3340168e420342def8e06aa6ea0cbc7f359070f0,augmentation of SS-ALM-0057,CC-BY-3.0
SS-ALM-0058-A1,augmented/alarm_or_siren/SS-ALM-0058-A1.wav,Alarm or Siren,SS-ALM-0058,train,augmented,device,939910048,23.001,16000,1,4a646d926b52ec88dee4f44ceacea3323bbd7fda69f3c3ebd3c89b43e78edb92,augmentation of SS-ALM-0058,CC0-1.0
SS-ALM-0058-A2,augmented/alarm_or_siren/SS-ALM-0058-A2.wav,Alarm or Siren,SS-ALM-0058,train,augmented,noise,568788330,23.001,16000,1,85be77bef85e78586d2bd0b6d4c5a8332de7173b7b23a2e058940db3d0cadc3e,augmentation of SS-ALM-0058,CC0-1.0
SS-ALM-0059-A1,augmented/alarm_or_siren/SS-ALM-0059-A1.wav,Alarm or Siren,SS-ALM-0059,train,augmented,shift,1828267653,4.088,16000,1,259b68e04c7eabb87fe2f8767e9ffd7f2a28000ece3551094875c4cee62e0761,augmentation of SS-ALM-0059,CC-BY-3.0
SS-ALM-0059-A2,augmented/alarm_or_siren/SS-ALM-0059-A2.wav,Alarm or Siren,SS-ALM-0059,train,augmented,volume,3250783271,4.088,16000,1,925a4401183c9eb0fc23b8f42757c9ab06f1a4776643709ebe13464d6659919a,augmentation of SS-ALM-0059,CC-BY-3.0
SS-ALM-0061-A1,augmented/alarm_or_siren/SS-ALM-0061-A1.wav,Alarm or Siren,SS-ALM-0061,train,augmented,device,1060078296,1.126,16000,1,09e142c6d12df18df491133acc55d9bb727842bafb296224929ea767ada85c25,augmentation of SS-ALM-0061,CC-BY-3.0
SS-ALM-0061-A2,augmented/alarm_or_siren/SS-ALM-0061-A2.wav,Alarm or Siren,SS-ALM-0061,train,augmented,device,3238991840,1.126,16000,1,09e142c6d12df18df491133acc55d9bb727842bafb296224929ea767ada85c25,augmentation of SS-ALM-0061,CC-BY-3.0
SS-ALM-0064-A1,augmented/alarm_or_siren/SS-ALM-0064-A1.wav,Alarm or Siren,SS-ALM-0064,train,augmented,device,634182160,18.0,16000,1,487f91ace5cf1bab46506db0269d5e775e555092aa0f5bc958abe15b4425006d,augmentation of SS-ALM-0064,CC0-1.0
SS-ALM-0064-A2,augmented/alarm_or_siren/SS-ALM-0064-A2.wav,Alarm or Siren,SS-ALM-0064,train,augmented,device,1658177832,18.0,16000,1,487f91ace5cf1bab46506db0269d5e775e555092aa0f5bc958abe15b4425006d,augmentation of SS-ALM-0064,CC0-1.0
SS-ALM-0065-A1,augmented/alarm_or_siren/SS-ALM-0065-A1.wav,Alarm or Siren,SS-ALM-0065,train,augmented,noise,1982956762,10.844,16000,1,059c3eba48683cff8a7aaf2f82e63b080db1e882dfb907b6dc38cf1dbad7429b,augmentation of SS-ALM-0065,CC0-1.0
SS-ALM-0065-A2,augmented/alarm_or_siren/SS-ALM-0065-A2.wav,Alarm or Siren,SS-ALM-0065,train,augmented,volume,869492103,10.844,16000,1,fefae171f50cd4731d8a22f52adf0ea744b5fdbee346279a13cc91619bd61169,augmentation of SS-ALM-0065,CC0-1.0
SS-ALM-0066-A1,augmented/alarm_or_siren/SS-ALM-0066-A1.wav,Alarm or Siren,SS-ALM-0066,train,augmented,distance,960620721,4.5,16000,1,2401aa7d56ae33fc8be2149b7f67a681f69425c4c6d3dc4b390ddf1c73e11007,augmentation of SS-ALM-0066,CC0-1.0
SS-ALM-0066-A2,augmented/alarm_or_siren/SS-ALM-0066-A2.wav,Alarm or Siren,SS-ALM-0066,train,augmented,pitch,2539962083,4.5,16000,1,b8739b495a3230b3c184f9b281f89a71e227990642bb890e288a6117497b9b04,augmentation of SS-ALM-0066,CC0-1.0
SS-ALM-0067-A1,augmented/alarm_or_siren/SS-ALM-0067-A1.wav,Alarm or Siren,SS-ALM-0067,train,augmented,reverb,3529549260,23.727,16000,1,533d0777d405fa0f92c37e36f7cebda0c923781adc83f4f706d8b6b8b095ba48,augmentation of SS-ALM-0067,CC-BY-3.0
SS-ALM-0067-A2,augmented/alarm_or_siren/SS-ALM-0067-A2.wav,Alarm or Siren,SS-ALM-0067,train,augmented,distance,2755361721,23.727,16000,1,8fe68b4b1397b368887a1a2b6614da8364a6433b510a3ab7202463814ca23b44,augmentation of SS-ALM-0067,CC-BY-3.0
SS-ALM-0069-A1,augmented/alarm_or_siren/SS-ALM-0069-A1.wav,Alarm or Siren,SS-ALM-0069,train,augmented,stretch,1155977182,6.258,16000,1,8cbf2fc824c4c67f9284bc345f9ce324eb6cd2d4a6102cb07a9c6046aeec086d,augmentation of SS-ALM-0069,Sampling+-1.0
SS-ALM-0069-A2,augmented/alarm_or_siren/SS-ALM-0069-A2.wav,Alarm or Siren,SS-ALM-0069,train,augmented,noise,4177063922,5.918,16000,1,07d99ca1e427bf2d063f6279907a06f11420bd8ae660753fd93a6106a2fa7b5e,augmentation of SS-ALM-0069,Sampling+-1.0
SS-ALM-0070-A1,augmented/alarm_or_siren/SS-ALM-0070-A1.wav,Alarm or Siren,SS-ALM-0070,train,augmented,stretch,2291178358,3.625,16000,1,030b1960463945fc21a398aa1685a4ab56ece4f6cd15fef2c29a2acd013dfb8b,augmentation of SS-ALM-0070,Sampling+-1.0
SS-ALM-0070-A2,augmented/alarm_or_siren/SS-ALM-0070-A2.wav,Alarm or Siren,SS-ALM-0070,train,augmented,reverb,375430516,3.508,16000,1,aaa3703c942cc607bda692609f5a6f3968fd22a8ab06d7e454b992ac33297007,augmentation of SS-ALM-0070,Sampling+-1.0
SS-ALM-0071-A1,augmented/alarm_or_siren/SS-ALM-0071-A1.wav,Alarm or Siren,SS-ALM-0071,train,augmented,reverb,2663336844,19.644,16000,1,7b8137e3b66b6f751c118f003685418133579dfec5cc008ae03e47b5b80bf3fb,augmentation of SS-ALM-0071,CC0-1.0
SS-ALM-0071-A2,augmented/alarm_or_siren/SS-ALM-0071-A2.wav,Alarm or Siren,SS-ALM-0071,train,augmented,noise,863179994,19.644,16000,1,80449e4271d2bdfe55435f1d9abedfde71d63d1750170009a24afa62f793e79f,augmentation of SS-ALM-0071,CC0-1.0
SS-ALM-0072-A1,augmented/alarm_or_siren/SS-ALM-0072-A1.wav,Alarm or Siren,SS-ALM-0072,train,augmented,volume,1043760519,2.356,16000,1,6711180bff2fc9b2059d1ab5d84c36f8396f362486a1a6286fefb454c1357017,augmentation of SS-ALM-0072,CC0-1.0
SS-ALM-0072-A2,augmented/alarm_or_siren/SS-ALM-0072-A2.wav,Alarm or Siren,SS-ALM-0072,train,augmented,device,2508701792,2.356,16000,1,e4e510886add42fb356ccf513a2d42ddf2fbce6765bb0e263fd5e18bc4ba0330,augmentation of SS-ALM-0072,CC0-1.0
SS-ALM-0074-A1,augmented/alarm_or_siren/SS-ALM-0074-A1.wav,Alarm or Siren,SS-ALM-0074,train,augmented,shift,3173930821,6.508,16000,1,535621e693876fbc29e65b7cff12a26449905759deef794daf4da1def40c8116,augmentation of SS-ALM-0074,CC0-1.0
SS-ALM-0074-A2,augmented/alarm_or_siren/SS-ALM-0074-A2.wav,Alarm or Siren,SS-ALM-0074,train,augmented,pitch,1955856843,6.508,16000,1,c8f563bb528b0c4b139f2b744628c07a0b5a144a00386d053450e07eb74008b6,augmentation of SS-ALM-0074,CC0-1.0
SS-ALM-0075-A1,augmented/alarm_or_siren/SS-ALM-0075-A1.wav,Alarm or Siren,SS-ALM-0075,train,augmented,device,93429656,10.083,16000,1,fee8a18f8b6adce4eb67396205730ab3c7922b8003a307c2d957a8c96ce264a0,augmentation of SS-ALM-0075,CC0-1.0
SS-ALM-0075-A2,augmented/alarm_or_siren/SS-ALM-0075-A2.wav,Alarm or Siren,SS-ALM-0075,train,augmented,device,3126540744,10.083,16000,1,fee8a18f8b6adce4eb67396205730ab3c7922b8003a307c2d957a8c96ce264a0,augmentation of SS-ALM-0075,CC0-1.0
SS-ALM-0076-A1,augmented/alarm_or_siren/SS-ALM-0076-A1.wav,Alarm or Siren,SS-ALM-0076,train,augmented,device,3772672824,6.323,16000,1,14d774457ae7f19f81c9e8d40d6b45515de5e21be327e998c5ad588882bef0d8,augmentation of SS-ALM-0076,CC-BY-3.0
SS-ALM-0076-A2,augmented/alarm_or_siren/SS-ALM-0076-A2.wav,Alarm or Siren,SS-ALM-0076,train,augmented,shift,114887813,6.323,16000,1,deac4804320efeea33817f186253c8c23e9147dc4a4c0a5c94fa80ff4778acbb,augmentation of SS-ALM-0076,CC-BY-3.0
SS-ALM-0078-A1,augmented/alarm_or_siren/SS-ALM-0078-A1.wav,Alarm or Siren,SS-ALM-0078,train,augmented,volume,2362224999,13.973,16000,1,4b1bd9dc6188d7efdd03a5904f5c0af1ce2ef37cf31c7fe61cef3c1b27265381,augmentation of SS-ALM-0078,CC-BY-3.0
SS-ALM-0078-A2,augmented/alarm_or_siren/SS-ALM-0078-A2.wav,Alarm or Siren,SS-ALM-0078,train,augmented,distance,551978969,13.973,16000,1,dff7396097e5670c1acd500422050c84d82eac0725d18228dd79a531f71c218c,augmentation of SS-ALM-0078,CC-BY-3.0
SS-ALM-0079-A1,augmented/alarm_or_siren/SS-ALM-0079-A1.wav,Alarm or Siren,SS-ALM-0079,train,augmented,shift,11082421,4.697,16000,1,f6b7b96c0544db482f85459434ad2483b90d5f3cc54c6927d499c32d8598199f,augmentation of SS-ALM-0079,CC0-1.0
SS-ALM-0079-A2,augmented/alarm_or_siren/SS-ALM-0079-A2.wav,Alarm or Siren,SS-ALM-0079,train,augmented,pitch,1037762707,4.697,16000,1,7e4167b4be10aff2983ed6d9057def02e83a6ff6c1abe44e74c2964be78be432,augmentation of SS-ALM-0079,CC0-1.0
SS-ALM-0080-A1,augmented/alarm_or_siren/SS-ALM-0080-A1.wav,Alarm or Siren,SS-ALM-0080,train,augmented,noise,3223571498,20.381,16000,1,0284fee1b24a50c1e71542674daee9f989493365fd2f9a0e3de271696a0d6a45,augmentation of SS-ALM-0080,CC0-1.0
SS-ALM-0080-A2,augmented/alarm_or_siren/SS-ALM-0080-A2.wav,Alarm or Siren,SS-ALM-0080,train,augmented,shift,2833621661,20.381,16000,1,9dd4dacd829993918d44bff3cae0482b2e96a624a2c410ba0e2854e2f1b8db81,augmentation of SS-ALM-0080,CC0-1.0
SS-ALM-0081-A1,augmented/alarm_or_siren/SS-ALM-0081-A1.wav,Alarm or Siren,SS-ALM-0081,train,augmented,shift,39684461,0.859,16000,1,31842a7d7011a521260fe6763d8c21478d65a80ab0e201405f44225fdf78d311,augmentation of SS-ALM-0081,CC0-1.0
SS-ALM-0081-A2,augmented/alarm_or_siren/SS-ALM-0081-A2.wav,Alarm or Siren,SS-ALM-0081,train,augmented,shift,594874645,0.859,16000,1,8b26765d1b487f8032447574f2ba35f5fc7e62105636863f5f6ae1619b453bcc,augmentation of SS-ALM-0081,CC0-1.0
SS-ALM-0083-A1,augmented/alarm_or_siren/SS-ALM-0083-A1.wav,Alarm or Siren,SS-ALM-0083,train,augmented,stretch,3941124974,6.761,16000,1,50aa6953ce1e5ef5a04fa39731ca9235471d86390fb2bda1e724e1f2085ad398,augmentation of SS-ALM-0083,CC0-1.0
SS-ALM-0083-A2,augmented/alarm_or_siren/SS-ALM-0083-A2.wav,Alarm or Siren,SS-ALM-0083,train,augmented,shift,3257329973,7.719,16000,1,858bf01af802c76fa7817c15228129b05919531f43b258661b989e59d714b979,augmentation of SS-ALM-0083,CC0-1.0
SS-ALM-0086-A1,augmented/alarm_or_siren/SS-ALM-0086-A1.wav,Alarm or Siren,SS-ALM-0086,train,augmented,distance,175262537,10.417,16000,1,46f822e0ed1114e6df9f91ac95c9aa4423ed74e639dbfc353963d83fba9e9e1a,augmentation of SS-ALM-0086,CC-BY-3.0
SS-ALM-0086-A2,augmented/alarm_or_siren/SS-ALM-0086-A2.wav,Alarm or Siren,SS-ALM-0086,train,augmented,shift,683894701,10.417,16000,1,cfe9710f1f887a739a6290068ac9740570b12f63025f7e40846869f8da4abdce,augmentation of SS-ALM-0086,CC-BY-3.0
SS-ALM-0087-A1,augmented/alarm_or_siren/SS-ALM-0087-A1.wav,Alarm or Siren,SS-ALM-0087,train,augmented,pitch,3741662691,15.61,16000,1,086b690057bce7154bc68cf9acbd9c90e0e85bcba8585b5de8dffec51891af22,augmentation of SS-ALM-0087,CC0-1.0
SS-ALM-0087-A2,augmented/alarm_or_siren/SS-ALM-0087-A2.wav,Alarm or Siren,SS-ALM-0087,train,augmented,noise,2542766890,15.61,16000,1,bd62553c62753416cd1a52800c9a7d7048e0a6a1be983c220c666eb99c5420a1,augmentation of SS-ALM-0087,CC0-1.0
SS-ALM-0088-A1,augmented/alarm_or_siren/SS-ALM-0088-A1.wav,Alarm or Siren,SS-ALM-0088,train,augmented,device,2286174144,5.393,16000,1,1b8ed485b028ee695ddff8db865b81106a94502a63ba8cd0bbad899e424a6027,augmentation of SS-ALM-0088,CC-BY-3.0
SS-ALM-0088-A2,augmented/alarm_or_siren/SS-ALM-0088-A2.wav,Alarm or Siren,SS-ALM-0088,train,augmented,stretch,4034929246,5.181,16000,1,b917d3bd9241cde744e4d58d6d8281ed7018162e379203fdd2b4802284d61282,augmentation of SS-ALM-0088,CC-BY-3.0
SS-ALM-0089-A1,augmented/alarm_or_siren/SS-ALM-0089-A1.wav,Alarm or Siren,SS-ALM-0089,train,augmented,pitch,3616755819,8.239,16000,1,793bced531fecb6935bc11b95ff601dd3b8d4ae4d22951221f754c7861122673,augmentation of SS-ALM-0089,CC0-1.0
SS-ALM-0089-A2,augmented/alarm_or_siren/SS-ALM-0089-A2.wav,Alarm or Siren,SS-ALM-0089,train,augmented,distance,345311489,8.239,16000,1,b1c6a185a97562ce3e9599019b6ab749cd48a0e8909d11be868bde88908a74f5,augmentation of SS-ALM-0089,CC0-1.0
SS-ALM-0090-A1,augmented/alarm_or_siren/SS-ALM-0090-A1.wav,Alarm or Siren,SS-ALM-0090,train,augmented,reverb,1949006692,14.254,16000,1,74df55820c8d97751c8483cd541929c7a3edab64ec132440bd8a449f98365144,augmentation of SS-ALM-0090,CC0-1.0
SS-ALM-0090-A2,augmented/alarm_or_siren/SS-ALM-0090-A2.wav,Alarm or Siren,SS-ALM-0090,train,augmented,stretch,2388450806,14.46,16000,1,5f03b35371810158a3e5806633bafcd46385b3f73a7cd5520956aca7e32528a4,augmentation of SS-ALM-0090,CC0-1.0
SS-ALM-0091-A1,augmented/alarm_or_siren/SS-ALM-0091-A1.wav,Alarm or Siren,SS-ALM-0091,train,augmented,device,3099725392,2.069,16000,1,742d885dcad33c2a579929ac72a0c5b4cec7dcf2fd863e17827a05e50b4782d8,augmentation of SS-ALM-0091,Sampling+-1.0
SS-ALM-0091-A2,augmented/alarm_or_siren/SS-ALM-0091-A2.wav,Alarm or Siren,SS-ALM-0091,train,augmented,device,768091320,2.069,16000,1,c9d1a5a2dc2492ff5cdde860d355ff6f8fcdddca93d3102278571ee732939b09,augmentation of SS-ALM-0091,Sampling+-1.0
SS-ALM-0092-A1,augmented/alarm_or_siren/SS-ALM-0092-A1.wav,Alarm or Siren,SS-ALM-0092,train,augmented,pitch,3415600027,6.004,16000,1,b1388400b4095fce50365eb33871de66a8f283ee09507ac44cab926bc1fb60f7,augmentation of SS-ALM-0092,CC0-1.0
SS-ALM-0092-A2,augmented/alarm_or_siren/SS-ALM-0092-A2.wav,Alarm or Siren,SS-ALM-0092,train,augmented,device,1171847592,6.004,16000,1,5240d0d851d5a944942d76c8adc783c37002e60e1e02a0cce3a7328ee30bdfb7,augmentation of SS-ALM-0092,CC0-1.0
SS-ALM-0094-A1,augmented/alarm_or_siren/SS-ALM-0094-A1.wav,Alarm or Siren,SS-ALM-0094,train,augmented,device,3528415400,12.479,16000,1,72656edd4f3b76c238a208d9c4e8137e439cda7cb3e8d96d3720613f2fe32ae1,augmentation of SS-ALM-0094,CC0-1.0
SS-ALM-0094-A2,augmented/alarm_or_siren/SS-ALM-0094-A2.wav,Alarm or Siren,SS-ALM-0094,train,augmented,reverb,3966385876,12.479,16000,1,8c6b0515afe82e53684f924792067aa9de501e667b8be04d050d03a7f6367a14,augmentation of SS-ALM-0094,CC0-1.0
SS-ALM-0095-A1,augmented/alarm_or_siren/SS-ALM-0095-A1.wav,Alarm or Siren,SS-ALM-0095,train,augmented,device,2058890248,0.967,16000,1,49b7a5c2180d66e1a0b80d4794e075e1eb6de5b893547298002f23fafdc305c7,augmentation of SS-ALM-0095,CC-BY-3.0
SS-ALM-0095-A2,augmented/alarm_or_siren/SS-ALM-0095-A2.wav,Alarm or Siren,SS-ALM-0095,train,augmented,device,670329848,0.967,16000,1,a03acb5c01f3e7ae8e244cddad492ab7b55b581b4c54f825e2fe4ec1dec90320,augmentation of SS-ALM-0095,CC-BY-3.0
SS-ALM-0096-A1,augmented/alarm_or_siren/SS-ALM-0096-A1.wav,Alarm or Siren,SS-ALM-0096,train,augmented,device,1946751952,1.714,16000,1,23ff39bac4c4bc44b874a6a015d0e19c070e7061923c624557e1f6362f7a77fb,augmentation of SS-ALM-0096,CC-BY-3.0
SS-ALM-0096-A2,augmented/alarm_or_siren/SS-ALM-0096-A2.wav,Alarm or Siren,SS-ALM-0096,train,augmented,shift,2403481037,1.714,16000,1,43ff9311efdd290ec36310e5c1e1c0598be643d3262d447d3d953f4318b769dc,augmentation of SS-ALM-0096,CC-BY-3.0
SS-ALM-0097-A1,augmented/alarm_or_siren/SS-ALM-0097-A1.wav,Alarm or Siren,SS-ALM-0097,train,augmented,shift,3914640981,16.232,16000,1,f2d396848f5541efa6a1c60089b5493d610303a19413b4a844b5837f9fdf8831,augmentation of SS-ALM-0097,CC-BY-3.0
SS-ALM-0097-A2,augmented/alarm_or_siren/SS-ALM-0097-A2.wav,Alarm or Siren,SS-ALM-0097,train,augmented,shift,2248520157,16.232,16000,1,6ffc86e85aaa75129822e13cee8d6b495143310ba8eb2544e1b5e2b1167b78ba,augmentation of SS-ALM-0097,CC-BY-3.0
SS-ALM-0098-A1,augmented/alarm_or_siren/SS-ALM-0098-A1.wav,Alarm or Siren,SS-ALM-0098,train,augmented,noise,1476123666,12.025,16000,1,7915361d5a82a57c66f118a214d7a9ca8c55c83ae033a44545d3c7406e9876fd,augmentation of SS-ALM-0098,CC-BY-3.0
SS-ALM-0098-A2,augmented/alarm_or_siren/SS-ALM-0098-A2.wav,Alarm or Siren,SS-ALM-0098,train,augmented,pitch,2963905027,12.025,16000,1,986bd6bd2af470a3f2a45abd3be3fd7f7e074443e9ab0060bc07d49ead21e7bb,augmentation of SS-ALM-0098,CC-BY-3.0
SS-ALM-0099-A1,augmented/alarm_or_siren/SS-ALM-0099-A1.wav,Alarm or Siren,SS-ALM-0099,train,augmented,shift,1767054165,12.546,16000,1,1d284632574cf83c6b983081e1a78825abf7e44b2b40a02a2d242518b15d4eee,augmentation of SS-ALM-0099,CC-BY-3.0
SS-ALM-0099-A2,augmented/alarm_or_siren/SS-ALM-0099-A2.wav,Alarm or Siren,SS-ALM-0099,train,augmented,noise,1112337466,12.546,16000,1,a63bc263c020d40ea3f1c99ba457795ebc455be546e89b7ea361381ebe3732ba,augmentation of SS-ALM-0099,CC-BY-3.0
SS-ALM-0100-A1,augmented/alarm_or_siren/SS-ALM-0100-A1.wav,Alarm or Siren,SS-ALM-0100,train,augmented,reverb,944915692,2.639,16000,1,6a50daf93266ef44050802a3c3a63f86005c779bb05b02baa36122209fc87de0,augmentation of SS-ALM-0100,CC0-1.0
SS-ALM-0100-A2,augmented/alarm_or_siren/SS-ALM-0100-A2.wav,Alarm or Siren,SS-ALM-0100,train,augmented,stretch,1266301510,2.451,16000,1,0f10582be16cb0b01a9b9c464ce4a509a6e825c0fa5ffc6df053a1cd33afb0cc,augmentation of SS-ALM-0100,CC0-1.0
SS-ALM-0101-A1,augmented/alarm_or_siren/SS-ALM-0101-A1.wav,Alarm or Siren,SS-ALM-0101,train,augmented,distance,3909815177,2.077,16000,1,7dc244305007a9ca987e4eb76a28f515a6f977f3aafacadfc3d92f7d525d1770,augmentation of SS-ALM-0101,CC-BY-3.0
SS-ALM-0101-A2,augmented/alarm_or_siren/SS-ALM-0101-A2.wav,Alarm or Siren,SS-ALM-0101,train,augmented,reverb,3875070940,2.077,16000,1,864b53bba971100bcdc9b255b0531aef227ad88ad2e7c01f8574122ec5d34d57,augmentation of SS-ALM-0101,CC-BY-3.0
SS-ALM-0102-A1,augmented/alarm_or_siren/SS-ALM-0102-A1.wav,Alarm or Siren,SS-ALM-0102,train,augmented,volume,785597559,2.336,16000,1,439bb700f01b2ba7282df90285e338cf5e2f54bc0bf497964a74e48449366094,augmentation of SS-ALM-0102,CC0-1.0
SS-ALM-0102-A2,augmented/alarm_or_siren/SS-ALM-0102-A2.wav,Alarm or Siren,SS-ALM-0102,train,augmented,device,1378643944,2.336,16000,1,20051ff2ba0d1506ee31166007872d5fbbdc01b30dbac525b5d37211692b87a2,augmentation of SS-ALM-0102,CC0-1.0
SS-ALM-0104-A1,augmented/alarm_or_siren/SS-ALM-0104-A1.wav,Alarm or Siren,SS-ALM-0104,train,augmented,stretch,1644959406,28.128,16000,1,291e73eca159b503232d0de9d0a3ab945976447c5cef293863cd67df710312ee,augmentation of SS-ALM-0104,CC0-1.0
SS-ALM-0104-A2,augmented/alarm_or_siren/SS-ALM-0104-A2.wav,Alarm or Siren,SS-ALM-0104,train,augmented,pitch,2181040331,24.634,16000,1,e8ec993063be3ea8284923549994261a8dbcad4f355a4c0e63d949a1835cf5cd,augmentation of SS-ALM-0104,CC0-1.0
SS-ALM-0106-A1,augmented/alarm_or_siren/SS-ALM-0106-A1.wav,Alarm or Siren,SS-ALM-0106,train,augmented,noise,1361881426,9.493,16000,1,d92f90f97e9efdb425815d4a2630898948d4414942857532204d78b9dc68fb80,augmentation of SS-ALM-0106,CC-BY-3.0
SS-ALM-0106-A2,augmented/alarm_or_siren/SS-ALM-0106-A2.wav,Alarm or Siren,SS-ALM-0106,train,augmented,volume,1265056127,9.493,16000,1,a37c5d88d49410f49780c1db5a39d8280b5b87614e876fb56f9dd170ddb4582b,augmentation of SS-ALM-0106,CC-BY-3.0
SS-ALM-0107-A1,augmented/alarm_or_siren/SS-ALM-0107-A1.wav,Alarm or Siren,SS-ALM-0107,train,augmented,noise,1945783146,7.576,16000,1,e4363dbafbb7f95e53cb9f96c8ec430bd06fea4295f9568fc4205ae6062a35a5,augmentation of SS-ALM-0107,CC-BY-3.0
SS-ALM-0107-A2,augmented/alarm_or_siren/SS-ALM-0107-A2.wav,Alarm or Siren,SS-ALM-0107,train,augmented,device,1307177384,7.576,16000,1,5ad122c0c215595b112288a0d15fda6651b852ac34a2b09f026161c8f62565ca,augmentation of SS-ALM-0107,CC-BY-3.0
SS-ALM-0108-A1,augmented/alarm_or_siren/SS-ALM-0108-A1.wav,Alarm or Siren,SS-ALM-0108,train,augmented,pitch,728087139,14.78,16000,1,929a89b8d8693adb256b28f567c6eb0ea6a48fe1c30e972a07b17e9ce891367e,augmentation of SS-ALM-0108,CC-BY-3.0
SS-ALM-0108-A2,augmented/alarm_or_siren/SS-ALM-0108-A2.wav,Alarm or Siren,SS-ALM-0108,train,augmented,device,2254685600,14.78,16000,1,01e410b4983367bfe07ea6be86bf8db63856b377e94f4d395426163da110a9a8,augmentation of SS-ALM-0108,CC-BY-3.0
SS-ALM-0110-A1,augmented/alarm_or_siren/SS-ALM-0110-A1.wav,Alarm or Siren,SS-ALM-0110,train,augmented,device,3856856600,19.226,16000,1,570a047cdf87cc974b7ccfed21e5c6db3f8c5fdef82b8761020400ad58f21dcc,augmentation of SS-ALM-0110,CC0-1.0
SS-ALM-0110-A2,augmented/alarm_or_siren/SS-ALM-0110-A2.wav,Alarm or Siren,SS-ALM-0110,train,augmented,pitch,2269199491,19.226,16000,1,82547714a226a8fa7dce16ac6bc6192807a71d81d27555de6c52263b94457b1a,augmentation of SS-ALM-0110,CC0-1.0
SS-ALM-0111-A1,augmented/alarm_or_siren/SS-ALM-0111-A1.wav,Alarm or Siren,SS-ALM-0111,train,augmented,shift,3486096141,22.911,16000,1,2b5862ece347d18b0fab9dfad0e34182e7e5ed5a96ad85c0dd63a028245fa04a,augmentation of SS-ALM-0111,CC-BY-3.0
SS-ALM-0111-A2,augmented/alarm_or_siren/SS-ALM-0111-A2.wav,Alarm or Siren,SS-ALM-0111,train,augmented,distance,3931458569,22.911,16000,1,8afbc605e6a8acbd664873034ee39909e0bc5a8c07d0de61aca69466c759f0cb,augmentation of SS-ALM-0111,CC-BY-3.0
SS-ALM-0115-A1,augmented/alarm_or_siren/SS-ALM-0115-A1.wav,Alarm or Siren,SS-ALM-0115,train,augmented,noise,706223242,19.846,16000,1,af40c2b64a36b03cc7e66ad834fde870c9dc0a2423629eeb72f324e7570fa7a5,augmentation of SS-ALM-0115,CC0-1.0
SS-ALM-0115-A2,augmented/alarm_or_siren/SS-ALM-0115-A2.wav,Alarm or Siren,SS-ALM-0115,train,augmented,stretch,1018338534,21.244,16000,1,014a9ac609db58735d2518232576da2ab779023bceb0f8f4423908949cd830e0,augmentation of SS-ALM-0115,CC0-1.0
SS-ALM-0116-A1,augmented/alarm_or_siren/SS-ALM-0116-A1.wav,Alarm or Siren,SS-ALM-0116,train,augmented,device,3569597960,1.401,16000,1,2299a9a22b8b2b92b3b237965b1e2386ada219403c5aa3a424aebfd29c3a98b5,augmentation of SS-ALM-0116,CC-BY-3.0
SS-ALM-0116-A2,augmented/alarm_or_siren/SS-ALM-0116-A2.wav,Alarm or Siren,SS-ALM-0116,train,augmented,reverb,449147188,1.401,16000,1,95616632f93804a4d2ba2e451e9b02b42198bfbeccdc901e9566f0c4339d921b,augmentation of SS-ALM-0116,CC-BY-3.0
SS-ALM-0119-A1,augmented/alarm_or_siren/SS-ALM-0119-A1.wav,Alarm or Siren,SS-ALM-0119,train,augmented,reverb,3799607308,5.925,16000,1,70d83284ee2efae6e43185a2110d2f8d8598fd01a689e6b6a84ba4a81e7b147f,augmentation of SS-ALM-0119,CC0-1.0
SS-ALM-0119-A2,augmented/alarm_or_siren/SS-ALM-0119-A2.wav,Alarm or Siren,SS-ALM-0119,train,augmented,device,2743404488,5.925,16000,1,ef5cbbcdfb86ff4ed05a0c6db1961214fa423f0cbcd4926f18578c95a6fe968c,augmentation of SS-ALM-0119,CC0-1.0
SS-ALM-0120-A1,augmented/alarm_or_siren/SS-ALM-0120-A1.wav,Alarm or Siren,SS-ALM-0120,train,augmented,noise,1280079490,5.272,16000,1,962d649de25cb9b9deb5dc9defd944bf28704d1bf21326133f98e2a59fb219e6,augmentation of SS-ALM-0120,CC0-1.0
SS-ALM-0120-A2,augmented/alarm_or_siren/SS-ALM-0120-A2.wav,Alarm or Siren,SS-ALM-0120,train,augmented,reverb,1339124076,5.272,16000,1,5487a4276bf01483626947959ba102ea2672cc50adf5bfcb79301a11afea8e28,augmentation of SS-ALM-0120,CC0-1.0
SS-ALM-0121-A1,augmented/alarm_or_siren/SS-ALM-0121-A1.wav,Alarm or Siren,SS-ALM-0121,train,augmented,volume,1881415951,2.592,16000,1,d342f469953f8dc3d3659322c48ed2bb27b37a91f05099368957cda20da7895e,augmentation of SS-ALM-0121,CC0-1.0
SS-ALM-0121-A2,augmented/alarm_or_siren/SS-ALM-0121-A2.wav,Alarm or Siren,SS-ALM-0121,train,augmented,noise,3851543186,2.592,16000,1,b551b46e5bd2fd73358c048528ca64312e10829345c139c2d02dadc9ef299462,augmentation of SS-ALM-0121,CC0-1.0
SS-ALM-0122-A1,augmented/alarm_or_siren/SS-ALM-0122-A1.wav,Alarm or Siren,SS-ALM-0122,train,augmented,reverb,2130198348,7.013,16000,1,e4134f54c8d98e68606d7e37e9ade5df0dbb5bc0167088823770e8bc588467cb,augmentation of SS-ALM-0122,CC-BY-3.0
SS-ALM-0122-A2,augmented/alarm_or_siren/SS-ALM-0122-A2.wav,Alarm or Siren,SS-ALM-0122,train,augmented,distance,533433521,7.013,16000,1,0864563df4565d8a1bc23512f699b960300d2eaa602f3a6fa235bbe3b021f482,augmentation of SS-ALM-0122,CC-BY-3.0
SS-ALM-0123-A1,augmented/alarm_or_siren/SS-ALM-0123-A1.wav,Alarm or Siren,SS-ALM-0123,train,augmented,shift,3298927797,4.386,16000,1,070e93b1bd53f67c6f9d73944313ebd51fc96aa6cccb813544ea19b79ba2bd4d,augmentation of SS-ALM-0123,CC-BY-3.0
SS-ALM-0123-A2,augmented/alarm_or_siren/SS-ALM-0123-A2.wav,Alarm or Siren,SS-ALM-0123,train,augmented,stretch,2976780582,4.657,16000,1,cda43d216dd4a6d83b86f4ef65b31f6931bec6ca1b6fac71d1dcd1841174db90,augmentation of SS-ALM-0123,CC-BY-3.0
SS-ALM-0124-A1,augmented/alarm_or_siren/SS-ALM-0124-A1.wav,Alarm or Siren,SS-ALM-0124,train,augmented,reverb,3873933812,8.0,16000,1,6ad68fa1af959f612beae8a6d2046f20f546eb1d3fc3f9550f74251c1e210919,augmentation of SS-ALM-0124,CC0-1.0
SS-ALM-0124-A2,augmented/alarm_or_siren/SS-ALM-0124-A2.wav,Alarm or Siren,SS-ALM-0124,train,augmented,volume,756017071,8.0,16000,1,4fb8a8ba8c80ceba42f6e43e1a8e8da7c60da7312884464499f79e22861542fe,augmentation of SS-ALM-0124,CC0-1.0
SS-ALM-0127-A1,augmented/alarm_or_siren/SS-ALM-0127-A1.wav,Alarm or Siren,SS-ALM-0127,train,augmented,noise,1720430770,3.0,16000,1,b425aa251298f8c4092617ead8dfaf0947034334a306bcbc239adadf57242d00,augmentation of SS-ALM-0127,CC0-1.0
SS-ALM-0127-A2,augmented/alarm_or_siren/SS-ALM-0127-A2.wav,Alarm or Siren,SS-ALM-0127,train,augmented,device,1057188960,3.0,16000,1,087c2c81615574e15f1484886a4a86ef5672830c3821a501968f6fe3bbfc87b3,augmentation of SS-ALM-0127,CC0-1.0
SS-ALM-0128-A1,augmented/alarm_or_siren/SS-ALM-0128-A1.wav,Alarm or Siren,SS-ALM-0128,train,augmented,device,3954813576,7.079,16000,1,7653aca18f22c1edf75856a7cf23be21d27b6c46b327ad9462e73eb75d4c281c,augmentation of SS-ALM-0128,CC-BY-3.0
SS-ALM-0128-A2,augmented/alarm_or_siren/SS-ALM-0128-A2.wav,Alarm or Siren,SS-ALM-0128,train,augmented,shift,4276864741,7.079,16000,1,033c4d1fbdb5013ea26c46844ebcd98ed66995fe1e8dbd34b1f583d3e3d2dd47,augmentation of SS-ALM-0128,CC-BY-3.0
SS-ALM-0129-A1,augmented/alarm_or_siren/SS-ALM-0129-A1.wav,Alarm or Siren,SS-ALM-0129,train,augmented,distance,2727805889,0.594,16000,1,cabd3e3e0de275dc1a92f4c9112d132685e8ee1c26e15f8b6f68d42846f2e5c7,augmentation of SS-ALM-0129,CC-BY-3.0
SS-ALM-0129-A2,augmented/alarm_or_siren/SS-ALM-0129-A2.wav,Alarm or Siren,SS-ALM-0129,train,augmented,pitch,898579035,0.594,16000,1,4ff2b223f6aad95f035cbaf600dead2712ea9c19d864fdeaad07333d5d187331,augmentation of SS-ALM-0129,CC-BY-3.0
SS-ALM-0130-A1,augmented/alarm_or_siren/SS-ALM-0130-A1.wav,Alarm or Siren,SS-ALM-0130,train,augmented,shift,2541250893,12.748,16000,1,95c6831188997fda0cce5ee00871163388cbceeee2e13623c71eaf4dca5982c7,augmentation of SS-ALM-0130,CC0-1.0
SS-ALM-0130-A2,augmented/alarm_or_siren/SS-ALM-0130-A2.wav,Alarm or Siren,SS-ALM-0130,train,augmented,noise,431801482,12.748,16000,1,e28ec615b02f478e6a77d9659dadce39bc1f32da4b0c8547e9962010d5df4360,augmentation of SS-ALM-0130,CC0-1.0
SS-ALM-0501-A1,augmented/alarm_or_siren/SS-ALM-0501-A1.wav,Alarm or Siren,SS-ALM-0501,train,augmented,noise,1919278106,5.0,16000,1,0a2cd84812e229cbf52d2ec490264a1b4ba96ff624b8fe774bff8ee006c7e201,augmentation of SS-ALM-0501,CC-BY-4.0
SS-ALM-0501-A2,augmented/alarm_or_siren/SS-ALM-0501-A2.wav,Alarm or Siren,SS-ALM-0501,train,augmented,reverb,1314369148,5.0,16000,1,9c37ab8e44ed9595bc86acd16115e3b7d67207967216a7d3b93cfb366e29932d,augmentation of SS-ALM-0501,CC-BY-4.0
SS-ALM-0503-A1,augmented/alarm_or_siren/SS-ALM-0503-A1.wav,Alarm or Siren,SS-ALM-0503,train,augmented,distance,399046849,5.0,16000,1,611771abee82d4ae16a84b9a1f578bcabdffe56950f49476e97202815a265d61,augmentation of SS-ALM-0503,CC-BY-4.0
SS-ALM-0503-A2,augmented/alarm_or_siren/SS-ALM-0503-A2.wav,Alarm or Siren,SS-ALM-0503,train,augmented,shift,1859709069,5.0,16000,1,f502d87fb93e231a7736f3316423a63490a26f603f2256c9b5c59cf58f751895,augmentation of SS-ALM-0503,CC-BY-4.0
SS-ALM-0504-A1,augmented/alarm_or_siren/SS-ALM-0504-A1.wav,Alarm or Siren,SS-ALM-0504,train,augmented,device,2948678576,5.0,16000,1,543d8e2d4c004f2b93b1f63b419a0ac3672ab20a4645ccd15c4efe499fd15c80,augmentation of SS-ALM-0504,CC-BY-4.0
SS-ALM-0504-A2,augmented/alarm_or_siren/SS-ALM-0504-A2.wav,Alarm or Siren,SS-ALM-0504,train,augmented,noise,3835360242,5.0,16000,1,d88a7f852b0729a9093042e04c8b9dfaed364985d087a484220fe068bfd712b3,augmentation of SS-ALM-0504,CC-BY-4.0
SS-ALM-0505-A1,augmented/alarm_or_siren/SS-ALM-0505-A1.wav,Alarm or Siren,SS-ALM-0505,train,augmented,noise,3832870178,5.0,16000,1,b811a175715ca8d2849b941d3ca18f2409b2b84802c068c2a70c2d2cf97ea9b5,augmentation of SS-ALM-0505,CC-BY-4.0
SS-ALM-0505-A2,augmented/alarm_or_siren/SS-ALM-0505-A2.wav,Alarm or Siren,SS-ALM-0505,train,augmented,stretch,3804831790,5.482,16000,1,dce57d1a4b18c8a0c258f308cb48f0aadd3a42fbf1dd9debc28eca97a03c6979,augmentation of SS-ALM-0505,CC-BY-4.0
SS-ALM-0506-A1,augmented/alarm_or_siren/SS-ALM-0506-A1.wav,Alarm or Siren,SS-ALM-0506,train,augmented,stretch,3268264990,5.79,16000,1,c8dd0d95277774600376ff9e5a7c4bc8664d06b41cba24fb3eb2790a573cdc70,augmentation of SS-ALM-0506,CC-BY-4.0
SS-ALM-0506-A2,augmented/alarm_or_siren/SS-ALM-0506-A2.wav,Alarm or Siren,SS-ALM-0506,train,augmented,shift,3409455413,5.0,16000,1,d91053873b982cc9c2610cafaedba76fab788932f3c87416cd2863e45c8d60b2,augmentation of SS-ALM-0506,CC-BY-4.0
SS-ALM-0508-A1,augmented/alarm_or_siren/SS-ALM-0508-A1.wav,Alarm or Siren,SS-ALM-0508,train,augmented,distance,782506521,5.0,16000,1,1daa8080831b65dfdb8d2950965b178b5b2004adac6999fb231d5ebd5505f80b,augmentation of SS-ALM-0508,CC-BY-4.0
SS-ALM-0508-A2,augmented/alarm_or_siren/SS-ALM-0508-A2.wav,Alarm or Siren,SS-ALM-0508,train,augmented,shift,1791029965,5.0,16000,1,9becd32d0515133fd96c79774a09799467b7f72f3cdc3ad2b7c79dd715c9d8fd,augmentation of SS-ALM-0508,CC-BY-4.0
SS-ALM-0509-A1,augmented/alarm_or_siren/SS-ALM-0509-A1.wav,Alarm or Siren,SS-ALM-0509,train,augmented,shift,4050762005,5.0,16000,1,a6b5cdc00e4e0bca36b4a53751234bb5f42bce8c3c6cee63c75d56fee5c01cdd,augmentation of SS-ALM-0509,CC-BY-4.0
SS-ALM-0509-A2,augmented/alarm_or_siren/SS-ALM-0509-A2.wav,Alarm or Siren,SS-ALM-0509,train,augmented,stretch,1759313006,5.046,16000,1,34ccf2d63bc8ad119ddb5ba193724be1a9c3f3ce59d66d81e659b42f364b3631,augmentation of SS-ALM-0509,CC-BY-4.0
SS-ALM-0511-A1,augmented/alarm_or_siren/SS-ALM-0511-A1.wav,Alarm or Siren,SS-ALM-0511,train,augmented,stretch,3405891342,5.252,16000,1,8b3fdbf8119b6703df4170411832daadc1edf7c1cdb7eb661cbcdf7896abef7b,augmentation of SS-ALM-0511,CC-BY-4.0
SS-ALM-0511-A2,augmented/alarm_or_siren/SS-ALM-0511-A2.wav,Alarm or Siren,SS-ALM-0511,train,augmented,reverb,1161579276,5.0,16000,1,c8d150499df122120cddf2da9879966f41d3cec0c11d7c18bba609ab19798cb8,augmentation of SS-ALM-0511,CC-BY-4.0
SS-ALM-0512-A1,augmented/alarm_or_siren/SS-ALM-0512-A1.wav,Alarm or Siren,SS-ALM-0512,train,augmented,shift,1006886813,5.0,16000,1,32a5c574f15c5db923be7923bc5705356022f51d919f4d1e9eb604d096e3a238,augmentation of SS-ALM-0512,CC-BY-4.0
SS-ALM-0512-A2,augmented/alarm_or_siren/SS-ALM-0512-A2.wav,Alarm or Siren,SS-ALM-0512,train,augmented,reverb,2811061764,5.0,16000,1,be4828588a61fd17544e3f46b1d85bc765e4f02a049f19c735f1ba4b71e28c17,augmentation of SS-ALM-0512,CC-BY-4.0
SS-ALM-0513-A1,augmented/alarm_or_siren/SS-ALM-0513-A1.wav,Alarm or Siren,SS-ALM-0513,train,augmented,reverb,2151658860,5.0,16000,1,ccb54de80cb13abe5d839430a79dcd798da6bf343e08c28051700be9332a3a09,augmentation of SS-ALM-0513,CC-BY-4.0
SS-ALM-0513-A2,augmented/alarm_or_siren/SS-ALM-0513-A2.wav,Alarm or Siren,SS-ALM-0513,train,augmented,reverb,1873079212,5.0,16000,1,80301db3bd9481c9a7e63188436d42b7487a794462a8d2721c1c30085dd559bb,augmentation of SS-ALM-0513,CC-BY-4.0
SS-ALM-0514-A1,augmented/alarm_or_siren/SS-ALM-0514-A1.wav,Alarm or Siren,SS-ALM-0514,train,augmented,device,2152997720,5.0,16000,1,403c76d2eb7b46154cd4d6d2e1537cbaf58116c633d7f9eb7ddc6fc8940b60e8,augmentation of SS-ALM-0514,CC-BY-4.0
SS-ALM-0514-A2,augmented/alarm_or_siren/SS-ALM-0514-A2.wav,Alarm or Siren,SS-ALM-0514,train,augmented,noise,409738082,5.0,16000,1,308d6755634f01bc45b335732c14ba7ca44c9f7c241fc6c30d7f86a51c231527,augmentation of SS-ALM-0514,CC-BY-4.0
SS-ALM-0515-A1,augmented/alarm_or_siren/SS-ALM-0515-A1.wav,Alarm or Siren,SS-ALM-0515,train,augmented,stretch,1921760446,5.211,16000,1,07af9a7766d3402532954f990f65371f49e4920ffe3450a765cd8c373cc4b650,augmentation of SS-ALM-0515,CC-BY-4.0
SS-ALM-0515-A2,augmented/alarm_or_siren/SS-ALM-0515-A2.wav,Alarm or Siren,SS-ALM-0515,train,augmented,device,2747163168,5.0,16000,1,20e791bed658e75ae20232b44445f222e2315829efb01e7a400f9b5b1b71989a,augmentation of SS-ALM-0515,CC-BY-4.0
SS-ALM-0516-A1,augmented/alarm_or_siren/SS-ALM-0516-A1.wav,Alarm or Siren,SS-ALM-0516,train,augmented,noise,2708649706,5.0,16000,1,60229e4160ed6911f17ac6b949083ba027fff42541c974ea5e14a54e6a8aa3b7,augmentation of SS-ALM-0516,CC-BY-4.0
SS-ALM-0516-A2,augmented/alarm_or_siren/SS-ALM-0516-A2.wav,Alarm or Siren,SS-ALM-0516,train,augmented,volume,1270372599,5.0,16000,1,607077a6ecb1e3515ef22155fa0fdaca30774e03e169c78500f3e306a2e6336e,augmentation of SS-ALM-0516,CC-BY-4.0
SS-ALM-0518-A1,augmented/alarm_or_siren/SS-ALM-0518-A1.wav,Alarm or Siren,SS-ALM-0518,train,augmented,device,3119031792,5.0,16000,1,178c9a9c4458e33837d1913795199fd71a47622f0f53706877cfbf3434dffc4b,augmentation of SS-ALM-0518,CC-BY-4.0
SS-ALM-0518-A2,augmented/alarm_or_siren/SS-ALM-0518-A2.wav,Alarm or Siren,SS-ALM-0518,train,augmented,pitch,1450424843,5.0,16000,1,c3b4948b9dde366557f84ebeeff6b24d62c316176b9aa2d725c91e6656cba1ab,augmentation of SS-ALM-0518,CC-BY-4.0
SS-ALM-0519-A1,augmented/alarm_or_siren/SS-ALM-0519-A1.wav,Alarm or Siren,SS-ALM-0519,train,augmented,volume,2963787903,5.0,16000,1,4988c0a6c5fdae4e613fd1ae88a723e392ba31b3fc2b4558282fe2ac7c626c1f,augmentation of SS-ALM-0519,CC-BY-4.0
SS-ALM-0519-A2,augmented/alarm_or_siren/SS-ALM-0519-A2.wav,Alarm or Siren,SS-ALM-0519,train,augmented,reverb,1899180836,5.0,16000,1,e514d0d65c2951144b86774a604918cf8c5416671dbdaf63e95fa66c19d18c94,augmentation of SS-ALM-0519,CC-BY-4.0
SS-ALM-0520-A1,augmented/alarm_or_siren/SS-ALM-0520-A1.wav,Alarm or Siren,SS-ALM-0520,train,augmented,device,2852060408,5.0,16000,1,d6642fa8f13bffd933b1bbc9714315ba4b9c18eb99745e31d67e97484e23e1aa,augmentation of SS-ALM-0520,CC-BY-4.0
SS-ALM-0520-A2,augmented/alarm_or_siren/SS-ALM-0520-A2.wav,Alarm or Siren,SS-ALM-0520,train,augmented,device,3639805944,5.0,16000,1,bb3fbbb485ca6422e4bf8cabfa6a714bd2324cd19d5d979ea6b238e01168dcdd,augmentation of SS-ALM-0520,CC-BY-4.0
SS-ALM-0522-A1,augmented/alarm_or_siren/SS-ALM-0522-A1.wav,Alarm or Siren,SS-ALM-0522,train,augmented,pitch,3426352147,5.0,16000,1,b9aa9fee1d023b7c5877ba0cb2d4f6468217d898979db8c28b3f557705758351,augmentation of SS-ALM-0522,CC-BY-4.0
SS-ALM-0522-A2,augmented/alarm_or_siren/SS-ALM-0522-A2.wav,Alarm or Siren,SS-ALM-0522,train,augmented,distance,3424133977,5.0,16000,1,e92d97612eee0a07b564ccb63b5a484d32ba6787b27817b1f53068974b6d88ac,augmentation of SS-ALM-0522,CC-BY-4.0
SS-ALM-0523-A1,augmented/alarm_or_siren/SS-ALM-0523-A1.wav,Alarm or Siren,SS-ALM-0523,train,augmented,volume,4074530647,5.0,16000,1,4a5f3ea45ab92b3ca6fd9b7a5c0381b3825eb2e74905007d794607b34a706442,augmentation of SS-ALM-0523,CC-BY-4.0
SS-ALM-0523-A2,augmented/alarm_or_siren/SS-ALM-0523-A2.wav,Alarm or Siren,SS-ALM-0523,train,augmented,distance,1589345817,5.0,16000,1,647fa4f4ca000f700ab3de63d8e21941ed0bfce246aba281fb49f8e281eb25ad,augmentation of SS-ALM-0523,CC-BY-4.0
SS-ALM-0524-A1,augmented/alarm_or_siren/SS-ALM-0524-A1.wav,Alarm or Siren,SS-ALM-0524,train,augmented,reverb,3445792924,5.0,16000,1,366c7df26b00bbd6d7610837ac4831da922ad488472b662224af3a11fab3eca2,augmentation of SS-ALM-0524,CC-BY-4.0
SS-ALM-0524-A2,augmented/alarm_or_siren/SS-ALM-0524-A2.wav,Alarm or Siren,SS-ALM-0524,train,augmented,reverb,3294179204,5.0,16000,1,abfa7dc8e6b7c8cf6e5d6c56e11cbb3a907fffd3579389dadb7d544e3913f822,augmentation of SS-ALM-0524,CC-BY-4.0
SS-ALM-0525-A1,augmented/alarm_or_siren/SS-ALM-0525-A1.wav,Alarm or Siren,SS-ALM-0525,train,augmented,distance,2315228105,5.0,16000,1,8ce8485f4cf563be139aff728378b0753b194e949152b7d57ea1483c068ef40f,augmentation of SS-ALM-0525,CC-BY-4.0
SS-ALM-0525-A2,augmented/alarm_or_siren/SS-ALM-0525-A2.wav,Alarm or Siren,SS-ALM-0525,train,augmented,noise,2949027778,5.0,16000,1,38fa4b28a475ce9f0dd8b469ee3aedcad1703b014dc6f45aced2409a7052a7ea,augmentation of SS-ALM-0525,CC-BY-4.0
SS-ALM-0526-A1,augmented/alarm_or_siren/SS-ALM-0526-A1.wav,Alarm or Siren,SS-ALM-0526,train,augmented,shift,2014889429,5.0,16000,1,974bdfc94dc4d326f6c5ed68beff7cf29ef6c6aa0b3e48beb29e096acdc2c253,augmentation of SS-ALM-0526,CC-BY-4.0
SS-ALM-0526-A2,augmented/alarm_or_siren/SS-ALM-0526-A2.wav,Alarm or Siren,SS-ALM-0526,train,augmented,reverb,398659060,5.0,16000,1,471ad0b98c5ceccdbf421404847f412a4dbcaae72f569f1dd56bd31ebc54d062,augmentation of SS-ALM-0526,CC-BY-4.0
SS-ALM-0527-A1,augmented/alarm_or_siren/SS-ALM-0527-A1.wav,Alarm or Siren,SS-ALM-0527,train,augmented,device,3709622800,5.0,16000,1,1f9ccd48cd80eb202c4375af13409767e4a411edc9420a0fda84d9b4ca7eb4f5,augmentation of SS-ALM-0527,CC-BY-4.0
SS-ALM-0527-A2,augmented/alarm_or_siren/SS-ALM-0527-A2.wav,Alarm or Siren,SS-ALM-0527,train,augmented,noise,2414567754,5.0,16000,1,1c719cd9987fc07532d60d2dffa83c00ef7deec066e86075a557cb4cd28a3a1c,augmentation of SS-ALM-0527,CC-BY-4.0
SS-ALM-0528-A1,augmented/alarm_or_siren/SS-ALM-0528-A1.wav,Alarm or Siren,SS-ALM-0528,train,augmented,reverb,1614254220,5.0,16000,1,215192204de8b85e913d39b4de3fbbdec6b24b179ab1c89f76abb2aac49894f8,augmentation of SS-ALM-0528,CC-BY-4.0
SS-ALM-0528-A2,augmented/alarm_or_siren/SS-ALM-0528-A2.wav,Alarm or Siren,SS-ALM-0528,train,augmented,distance,2663432025,5.0,16000,1,e9d84e9e413d4cafc126f8a17f2b57a65d2a26c0ca6de180fabb09fdc1489ce6,augmentation of SS-ALM-0528,CC-BY-4.0
SS-ALM-0529-A1,augmented/alarm_or_siren/SS-ALM-0529-A1.wav,Alarm or Siren,SS-ALM-0529,train,augmented,reverb,2981769540,5.0,16000,1,c5de467d4a5583c40e7c390b81d96c309fd3e13c94e9f128c0a7368ca6a9c5e0,augmentation of SS-ALM-0529,CC-BY-4.0
SS-ALM-0529-A2,augmented/alarm_or_siren/SS-ALM-0529-A2.wav,Alarm or Siren,SS-ALM-0529,train,augmented,reverb,3003113316,5.0,16000,1,1e8a195d252d232c5028d94a415b8283344eec3fdef3afb34b78ea85d94b8565,augmentation of SS-ALM-0529,CC-BY-4.0
SS-ALM-0530-A1,augmented/alarm_or_siren/SS-ALM-0530-A1.wav,Alarm or Siren,SS-ALM-0530,train,augmented,device,2764647360,5.0,16000,1,caea8652037c19040e9d0c2a2c564959c7f365dbbb51dcc44f5253b0ccf2006c,augmentation of SS-ALM-0530,CC-BY-4.0
SS-ALM-0530-A2,augmented/alarm_or_siren/SS-ALM-0530-A2.wav,Alarm or Siren,SS-ALM-0530,train,augmented,stretch,687776462,4.754,16000,1,e7d0fee0d68b3e288952559739781681bc2c238ad91b0e46b8d971e9007ca5c9,augmentation of SS-ALM-0530,CC-BY-4.0
SS-ALM-0531-A1,augmented/alarm_or_siren/SS-ALM-0531-A1.wav,Alarm or Siren,SS-ALM-0531,train,augmented,device,4243445376,5.0,16000,1,d4cd523bc169dc4c1eededb6b1ccd138c3ad07e21c00a0dd9395d61d351605d9,augmentation of SS-ALM-0531,CC-BY-4.0
SS-ALM-0531-A2,augmented/alarm_or_siren/SS-ALM-0531-A2.wav,Alarm or Siren,SS-ALM-0531,train,augmented,reverb,3296699020,5.0,16000,1,688eaffb0fe77c4d828e3b0376b2a0cf308385a7a73f96a3435818837e8bbdfc,augmentation of SS-ALM-0531,CC-BY-4.0
SS-ALM-0533-A1,augmented/alarm_or_siren/SS-ALM-0533-A1.wav,Alarm or Siren,SS-ALM-0533,train,augmented,noise,629242346,5.0,16000,1,fa7957ecf69eb85678df11f5ff610e5018e772aac9f1d74ccc43e25c3539eae3,augmentation of SS-ALM-0533,CC-BY-4.0
SS-ALM-0533-A2,augmented/alarm_or_siren/SS-ALM-0533-A2.wav,Alarm or Siren,SS-ALM-0533,train,augmented,volume,958333247,5.0,16000,1,5b44e875db18781864d088d634b4fa6fa9f7adb2fc746e75a464cf461c9ef30e,augmentation of SS-ALM-0533,CC-BY-4.0
SS-ALM-0535-A1,augmented/alarm_or_siren/SS-ALM-0535-A1.wav,Alarm or Siren,SS-ALM-0535,train,augmented,pitch,3017380699,5.0,16000,1,4b418818e597a57656ba32f043091909e80abe3c9a219f2fd8c9bdbe0dc0c3bf,augmentation of SS-ALM-0535,CC-BY-4.0
SS-ALM-0535-A2,augmented/alarm_or_siren/SS-ALM-0535-A2.wav,Alarm or Siren,SS-ALM-0535,train,augmented,reverb,2082546852,5.0,16000,1,de0ae6e03168c8ca6a3b46e46850f7c60482223edf9bf5c3e76344cacdf27665,augmentation of SS-ALM-0535,CC-BY-4.0
SS-ALM-0536-A1,augmented/alarm_or_siren/SS-ALM-0536-A1.wav,Alarm or Siren,SS-ALM-0536,train,augmented,volume,2305772479,5.0,16000,1,b6db50a75c3a88eccea13e22085f787eea35072807c2df3657f33946e969c651,augmentation of SS-ALM-0536,CC-BY-4.0
SS-ALM-0536-A2,augmented/alarm_or_siren/SS-ALM-0536-A2.wav,Alarm or Siren,SS-ALM-0536,train,augmented,reverb,2433122308,5.0,16000,1,1df8a6267c80248a70144a69e2a0a62ab9b2dacc6719992f19fb37a9aa017e26,augmentation of SS-ALM-0536,CC-BY-4.0
SS-ALM-0537-A1,augmented/alarm_or_siren/SS-ALM-0537-A1.wav,Alarm or Siren,SS-ALM-0537,train,augmented,noise,1840535242,5.0,16000,1,a07ad0f4e04169dc17c801b753475eee1bd5667bd8d7f01e594f094fadea7d1f,augmentation of SS-ALM-0537,CC-BY-4.0
SS-ALM-0537-A2,augmented/alarm_or_siren/SS-ALM-0537-A2.wav,Alarm or Siren,SS-ALM-0537,train,augmented,pitch,3296815051,5.0,16000,1,0e7dbab767e955f6a5913a1c2c87d05555cc6077a110e33766f1c2e8ec89ad52,augmentation of SS-ALM-0537,CC-BY-4.0
SS-ALM-0538-A1,augmented/alarm_or_siren/SS-ALM-0538-A1.wav,Alarm or Siren,SS-ALM-0538,train,augmented,noise,2958704266,5.0,16000,1,b4e3299ff941020835a69afdc3593bbe19dfe4525d571d086f9a4ef0f2f5b4ee,augmentation of SS-ALM-0538,CC-BY-4.0
SS-ALM-0538-A2,augmented/alarm_or_siren/SS-ALM-0538-A2.wav,Alarm or Siren,SS-ALM-0538,train,augmented,pitch,446308331,5.0,16000,1,384e91ad0ce1014705390539dcbc52fe2dbbd2b8c71a25dbe53b93573d606832,augmentation of SS-ALM-0538,CC-BY-4.0
SS-ALM-0539-A1,augmented/alarm_or_siren/SS-ALM-0539-A1.wav,Alarm or Siren,SS-ALM-0539,train,augmented,volume,4263205023,5.0,16000,1,90de59c010f8d151c919855e4f56e210e9d4d03c02516176eea0e2b8507d77a7,augmentation of SS-ALM-0539,CC-BY-4.0
SS-ALM-0539-A2,augmented/alarm_or_siren/SS-ALM-0539-A2.wav,Alarm or Siren,SS-ALM-0539,train,augmented,noise,40932026,5.0,16000,1,4126274f8189c202010db5329ac1fb46f7c2c4312f829b2d898811c7ebe488c0,augmentation of SS-ALM-0539,CC-BY-4.0
SS-ALM-0540-A1,augmented/alarm_or_siren/SS-ALM-0540-A1.wav,Alarm or Siren,SS-ALM-0540,train,augmented,noise,368173458,5.0,16000,1,6142eda77730211bce85f956a6e398d134507b6f2e796a5ad4af938f889d3dae,augmentation of SS-ALM-0540,CC-BY-4.0
SS-ALM-0540-A2,augmented/alarm_or_siren/SS-ALM-0540-A2.wav,Alarm or Siren,SS-ALM-0540,train,augmented,stretch,3418787734,5.574,16000,1,bbacef7f531196db12d2f3ee45b24cfd0cda45b7190b9916c47a6310efc9eaef,augmentation of SS-ALM-0540,CC-BY-4.0
SS-ALM-0542-A1,augmented/alarm_or_siren/SS-ALM-0542-A1.wav,Alarm or Siren,SS-ALM-0542,train,augmented,pitch,1336825059,5.0,16000,1,37090a1d093c494d7cfe9167a96d48f13d8b9218835585dab1266c6b7a1da8a0,augmentation of SS-ALM-0542,CC-BY-4.0
SS-ALM-0542-A2,augmented/alarm_or_siren/SS-ALM-0542-A2.wav,Alarm or Siren,SS-ALM-0542,train,augmented,volume,3139391999,5.0,16000,1,a1124fbccf767d922c0fe8fa7268dee92e9db6d674a22a4473b2b31786b33bf4,augmentation of SS-ALM-0542,CC-BY-4.0
SS-ALM-0543-A1,augmented/alarm_or_siren/SS-ALM-0543-A1.wav,Alarm or Siren,SS-ALM-0543,train,augmented,noise,1637729170,5.0,16000,1,dce63834961a15585a609fcbe337b9889c7998010954ef9595223e9a81a4260d,augmentation of SS-ALM-0543,CC-BY-4.0
SS-ALM-0543-A2,augmented/alarm_or_siren/SS-ALM-0543-A2.wav,Alarm or Siren,SS-ALM-0543,train,augmented,reverb,1606793476,5.0,16000,1,26bd54d539320f716a25a2c3ff1f5cd07ce2096fc3277400ae8b7334e11c2402,augmentation of SS-ALM-0543,CC-BY-4.0
SS-ALM-0544-A1,augmented/alarm_or_siren/SS-ALM-0544-A1.wav,Alarm or Siren,SS-ALM-0544,train,augmented,noise,1605476066,5.0,16000,1,7f106816d66ef2cbc2a2aa3d3d684e7a3be5b2a29cbe8fdf64fe7c1e72f7e2fd,augmentation of SS-ALM-0544,CC-BY-4.0
SS-ALM-0544-A2,augmented/alarm_or_siren/SS-ALM-0544-A2.wav,Alarm or Siren,SS-ALM-0544,train,augmented,stretch,326594646,4.869,16000,1,de1d9261437d58c2934c557604b3d29e4ed4ddc66f4114b006c37107bc4e925c,augmentation of SS-ALM-0544,CC-BY-4.0
SS-ALM-0545-A1,augmented/alarm_or_siren/SS-ALM-0545-A1.wav,Alarm or Siren,SS-ALM-0545,train,augmented,pitch,2300849363,5.0,16000,1,54faefe13eae3fc83f563f1633f8ba9709fae4885b70963b70aa8e0aa33e7c5a,augmentation of SS-ALM-0545,CC-BY-4.0
SS-ALM-0545-A2,augmented/alarm_or_siren/SS-ALM-0545-A2.wav,Alarm or Siren,SS-ALM-0545,train,augmented,volume,2888434239,5.0,16000,1,5151faa27774bdb19b384df0e987cdc5a8b2e2ea3dffd6e4dd6d903183269372,augmentation of SS-ALM-0545,CC-BY-4.0
SS-ALM-0546-A1,augmented/alarm_or_siren/SS-ALM-0546-A1.wav,Alarm or Siren,SS-ALM-0546,train,augmented,reverb,2670700188,5.0,16000,1,6c52373e8e6f3b9d2f4345ab545f30a937c3be7478818440f36a07daa0e78743,augmentation of SS-ALM-0546,CC-BY-4.0
SS-ALM-0546-A2,augmented/alarm_or_siren/SS-ALM-0546-A2.wav,Alarm or Siren,SS-ALM-0546,train,augmented,volume,1263504935,5.0,16000,1,b63d1ed7ffd91a114640e725e073b35f8f1d41719a5cc05b57f5c465cbabce29,augmentation of SS-ALM-0546,CC-BY-4.0
SS-ALM-0547-A1,augmented/alarm_or_siren/SS-ALM-0547-A1.wav,Alarm or Siren,SS-ALM-0547,train,augmented,reverb,3723335004,5.0,16000,1,23f11891cba5b21856a935e7a56749d03307dde00dac1f14a0104dacb4d1ef4c,augmentation of SS-ALM-0547,CC-BY-4.0
SS-ALM-0547-A2,augmented/alarm_or_siren/SS-ALM-0547-A2.wav,Alarm or Siren,SS-ALM-0547,train,augmented,distance,3923227881,5.0,16000,1,ad8ea533805d7175a096668a85818188d2a73229dc92166b2db1bc493542491f,augmentation of SS-ALM-0547,CC-BY-4.0
SS-ALM-0548-A1,augmented/alarm_or_siren/SS-ALM-0548-A1.wav,Alarm or Siren,SS-ALM-0548,train,augmented,pitch,2145508139,5.0,16000,1,f3b3a78ec0d10a3f7136728b063b4ed456bdae44aa89a77e48ded934eaf38a04,augmentation of SS-ALM-0548,CC-BY-4.0
SS-ALM-0548-A2,augmented/alarm_or_siren/SS-ALM-0548-A2.wav,Alarm or Siren,SS-ALM-0548,train,augmented,stretch,1331748990,4.401,16000,1,86d1d5a46e04f1e01a9e5bde4cc68170d6dba20a30b9066c074683dc840d4582,augmentation of SS-ALM-0548,CC-BY-4.0
SS-ALM-0549-A1,augmented/alarm_or_siren/SS-ALM-0549-A1.wav,Alarm or Siren,SS-ALM-0549,train,augmented,device,3583505344,5.0,16000,1,fef9c5d3e3c32d7c98394a0c03675de9e57f9ad74388bfc644f9c455658130ae,augmentation of SS-ALM-0549,CC-BY-4.0
SS-ALM-0549-A2,augmented/alarm_or_siren/SS-ALM-0549-A2.wav,Alarm or Siren,SS-ALM-0549,train,augmented,shift,3836674165,5.0,16000,1,0bcb6eb7c23673ea90c30d45720126f372df238d806ba44d5f1653d246727b49,augmentation of SS-ALM-0549,CC-BY-4.0
SS-ALM-0552-A1,augmented/alarm_or_siren/SS-ALM-0552-A1.wav,Alarm or Siren,SS-ALM-0552,train,augmented,shift,2279858685,5.0,16000,1,d96d6e40f7f6299e44a07595332d332c8a9895307742daa3f3d0a00a9f608236,augmentation of SS-ALM-0552,CC-BY-4.0
SS-ALM-0552-A2,augmented/alarm_or_siren/SS-ALM-0552-A2.wav,Alarm or Siren,SS-ALM-0552,train,augmented,device,3258245072,5.0,16000,1,c1bc722da7e30772c1164f5dd4887200aa65b75261450dcce0ee2efde99835a5,augmentation of SS-ALM-0552,CC-BY-4.0
SS-ALM-0553-A1,augmented/alarm_or_siren/SS-ALM-0553-A1.wav,Alarm or Siren,SS-ALM-0553,train,augmented,reverb,1012531308,5.0,16000,1,158d2e4f954beb3e0541150490c38015f122c41269060f1a4cdd0510f097ecff,augmentation of SS-ALM-0553,CC-BY-4.0
SS-ALM-0553-A2,augmented/alarm_or_siren/SS-ALM-0553-A2.wav,Alarm or Siren,SS-ALM-0553,train,augmented,device,80162776,5.0,16000,1,07c1b93d59ccff27186a84910cba6bdebbf7e090cbb879d8ccbc227730c804f3,augmentation of SS-ALM-0553,CC-BY-4.0
SS-ALM-0555-A1,augmented/alarm_or_siren/SS-ALM-0555-A1.wav,Alarm or Siren,SS-ALM-0555,train,augmented,stretch,290984414,4.473,16000,1,e94baef262d058695b75670953d91f1f252f3403dc3cbfdad8b4c780a13dc0d9,augmentation of SS-ALM-0555,CC-BY-4.0
SS-ALM-0555-A2,augmented/alarm_or_siren/SS-ALM-0555-A2.wav,Alarm or Siren,SS-ALM-0555,train,augmented,stretch,902615070,5.814,16000,1,2d5bc1709301715aaab534d7b98a61c6658275a29d8dc8ff3f2df498ea241670,augmentation of SS-ALM-0555,CC-BY-4.0
SS-ALM-0557-A1,augmented/alarm_or_siren/SS-ALM-0557-A1.wav,Alarm or Siren,SS-ALM-0557,train,augmented,volume,3854592143,5.0,16000,1,8e606d74f2612bd257c1d545ff704e3b746c79ddd616f955211728b510a4829d,augmentation of SS-ALM-0557,CC-BY-4.0
SS-ALM-0557-A2,augmented/alarm_or_siren/SS-ALM-0557-A2.wav,Alarm or Siren,SS-ALM-0557,train,augmented,volume,2910999159,5.0,16000,1,b3874050ef0e9649afdf73de9421e638844ad1c48a26d07167b901f59d40e2ad,augmentation of SS-ALM-0557,CC-BY-4.0
SS-ALM-0558-A1,augmented/alarm_or_siren/SS-ALM-0558-A1.wav,Alarm or Siren,SS-ALM-0558,train,augmented,reverb,2976335436,5.0,16000,1,ce9208cf9dfbdfe5e3aee83135d4554982a7bb7485de747d2d1c3dd4d8dba228,augmentation of SS-ALM-0558,CC-BY-4.0
SS-ALM-0558-A2,augmented/alarm_or_siren/SS-ALM-0558-A2.wav,Alarm or Siren,SS-ALM-0558,train,augmented,pitch,1368911619,5.0,16000,1,9b91e2ddaeac8d798890768b1b09692c3152379d5a13078b4c7998d0fc448ac9,augmentation of SS-ALM-0558,CC-BY-4.0
SS-ALM-0559-A1,augmented/alarm_or_siren/SS-ALM-0559-A1.wav,Alarm or Siren,SS-ALM-0559,train,augmented,reverb,1876192900,5.0,16000,1,6d657aba9aedae8a055b89626f8c370ddaf29dd1584b0a1db9155be848fd2a05,augmentation of SS-ALM-0559,CC-BY-4.0
SS-ALM-0559-A2,augmented/alarm_or_siren/SS-ALM-0559-A2.wav,Alarm or Siren,SS-ALM-0559,train,augmented,shift,2028092389,5.0,16000,1,1e64369649df641e681f07043471d98ee3840f747f858ce91fc14e54059ea711,augmentation of SS-ALM-0559,CC-BY-4.0
SS-ALM-0560-A1,augmented/alarm_or_siren/SS-ALM-0560-A1.wav,Alarm or Siren,SS-ALM-0560,train,augmented,stretch,3587188070,5.152,16000,1,fbe62fd69f29309d8ca85309369a7984e8cf6147825d4369607c9a55b0a34c7e,augmentation of SS-ALM-0560,CC-BY-4.0
SS-ALM-0560-A2,augmented/alarm_or_siren/SS-ALM-0560-A2.wav,Alarm or Siren,SS-ALM-0560,train,augmented,stretch,2457472630,4.625,16000,1,fd7141efd5c723b4e92fab3a0d21b8ca5e7d7124a82c13be3cb351a1d1092aee,augmentation of SS-ALM-0560,CC-BY-4.0
SS-ALM-0561-A1,augmented/alarm_or_siren/SS-ALM-0561-A1.wav,Alarm or Siren,SS-ALM-0561,train,augmented,distance,1010977985,5.0,16000,1,6c114da68cfea2ce901bbebc6ddecff9daa51978ecb27c5829f8ebb08a03f4cb,augmentation of SS-ALM-0561,CC-BY-4.0
SS-ALM-0561-A2,augmented/alarm_or_siren/SS-ALM-0561-A2.wav,Alarm or Siren,SS-ALM-0561,train,augmented,pitch,3085464491,5.0,16000,1,88afed71b6db0d2df240e0115b86ee3dda10e04f8dc6d038877e13279a7078d7,augmentation of SS-ALM-0561,CC-BY-4.0
SS-ALM-0562-A1,augmented/alarm_or_siren/SS-ALM-0562-A1.wav,Alarm or Siren,SS-ALM-0562,train,augmented,distance,2028128361,5.0,16000,1,4d293d5d19f1f4f7852f1544c3c11dff647b2294e3cf9970ff55576c416ff651,augmentation of SS-ALM-0562,CC-BY-4.0
SS-ALM-0562-A2,augmented/alarm_or_siren/SS-ALM-0562-A2.wav,Alarm or Siren,SS-ALM-0562,train,augmented,distance,4141260921,5.0,16000,1,a8caa2955a2e3bb58495f84404952312ab08e55c5a87b5d6c5fdfbee4e0a0a64,augmentation of SS-ALM-0562,CC-BY-4.0
SS-ALM-0563-A1,augmented/alarm_or_siren/SS-ALM-0563-A1.wav,Alarm or Siren,SS-ALM-0563,train,augmented,noise,667871770,5.0,16000,1,7b50a0da995d20f9e9ac464709e5840b8baeca7312cc382d8ea13217fe31b4a4,augmentation of SS-ALM-0563,CC-BY-4.0
SS-ALM-0563-A2,augmented/alarm_or_siren/SS-ALM-0563-A2.wav,Alarm or Siren,SS-ALM-0563,train,augmented,pitch,3083796771,5.0,16000,1,656f4a8dce65e51a2f145764872998d981dc90971e13213a52a6666f141f59a0,augmentation of SS-ALM-0563,CC-BY-4.0
SS-ALM-0564-A1,augmented/alarm_or_siren/SS-ALM-0564-A1.wav,Alarm or Siren,SS-ALM-0564,train,augmented,pitch,2802004531,5.0,16000,1,6fab657ec0280f5e51e3c2fee79afffa6865fafc948c00eb80c8e2e911b98ae0,augmentation of SS-ALM-0564,CC-BY-4.0
SS-ALM-0564-A2,augmented/alarm_or_siren/SS-ALM-0564-A2.wav,Alarm or Siren,SS-ALM-0564,train,augmented,stretch,1486081382,4.914,16000,1,b6d436453948060b17520796be2290909abceb4a6069f7ff12a12cb39529da39,augmentation of SS-ALM-0564,CC-BY-4.0
SS-ALM-0565-A1,augmented/alarm_or_siren/SS-ALM-0565-A1.wav,Alarm or Siren,SS-ALM-0565,train,augmented,shift,26990445,5.0,16000,1,218f24805180982ec91161e0987579de684ab03672e43895772d0d99b7c397d2,augmentation of SS-ALM-0565,CC-BY-4.0
SS-ALM-0565-A2,augmented/alarm_or_siren/SS-ALM-0565-A2.wav,Alarm or Siren,SS-ALM-0565,train,augmented,shift,1319679757,5.0,16000,1,d7d9f32a369e21bba0aad6c675b29d14deacce24d760240b4a3bd397aa05341a,augmentation of SS-ALM-0565,CC-BY-4.0
SS-ALM-0566-A1,augmented/alarm_or_siren/SS-ALM-0566-A1.wav,Alarm or Siren,SS-ALM-0566,train,augmented,distance,252072489,5.0,16000,1,98735cdd80d6700e1848d40bc8c69de6a8c449b6668c7a99a66d326e149c6bb6,augmentation of SS-ALM-0566,CC-BY-4.0
SS-ALM-0566-A2,augmented/alarm_or_siren/SS-ALM-0566-A2.wav,Alarm or Siren,SS-ALM-0566,train,augmented,distance,2710648561,5.0,16000,1,8b9f6bcb96fc0508784b4ad601ab500c63538120340278617bc4c350ff4cd13b,augmentation of SS-ALM-0566,CC-BY-4.0
SS-ALM-0567-A1,augmented/alarm_or_siren/SS-ALM-0567-A1.wav,Alarm or Siren,SS-ALM-0567,train,augmented,volume,1668935975,5.0,16000,1,ead215623a4c994b6af4dbee8410ddfdce85b3ff9e5b7c8a1b7e62447166a6b1,augmentation of SS-ALM-0567,CC-BY-4.0
SS-ALM-0567-A2,augmented/alarm_or_siren/SS-ALM-0567-A2.wav,Alarm or Siren,SS-ALM-0567,train,augmented,distance,4061177817,5.0,16000,1,f265de7cbc54587b37709b85a35980dfb75f1808fa2eb97cffeb143d9eb03cb2,augmentation of SS-ALM-0567,CC-BY-4.0
SS-ALM-0568-A1,augmented/alarm_or_siren/SS-ALM-0568-A1.wav,Alarm or Siren,SS-ALM-0568,train,augmented,reverb,3605092052,5.0,16000,1,934bf05a58509c18c364f135034bd5375ff9e0e48abe97a9a9590a0d321dc1c2,augmentation of SS-ALM-0568,CC-BY-4.0
SS-ALM-0568-A2,augmented/alarm_or_siren/SS-ALM-0568-A2.wav,Alarm or Siren,SS-ALM-0568,train,augmented,reverb,1868575140,5.0,16000,1,2b0cf6a813afc04456a60f86bc787b63efa3838d94c4af558165cbd5745e0986,augmentation of SS-ALM-0568,CC-BY-4.0
SS-ALM-0569-A1,augmented/alarm_or_siren/SS-ALM-0569-A1.wav,Alarm or Siren,SS-ALM-0569,train,augmented,pitch,1764168859,5.0,16000,1,7ddb4731d36b424828a6484597ea13c502c052760d805dfaf3d3f85a68b086d9,augmentation of SS-ALM-0569,CC-BY-4.0
SS-ALM-0569-A2,augmented/alarm_or_siren/SS-ALM-0569-A2.wav,Alarm or Siren,SS-ALM-0569,train,augmented,distance,656643193,5.0,16000,1,2c0e164116dd06efbf1a10fee37275efa717ed8cd60441b3f54a0a3c5930e84d,augmentation of SS-ALM-0569,CC-BY-4.0
SS-ALM-0570-A1,augmented/alarm_or_siren/SS-ALM-0570-A1.wav,Alarm or Siren,SS-ALM-0570,train,augmented,noise,3752962162,5.0,16000,1,4521e541488c11ed564712bb911e2a866c4931024f1a7cd858d8e27779e11e25,augmentation of SS-ALM-0570,CC-BY-4.0
SS-ALM-0570-A2,augmented/alarm_or_siren/SS-ALM-0570-A2.wav,Alarm or Siren,SS-ALM-0570,train,augmented,device,991758064,5.0,16000,1,3d2347c62fa43d9b9c7909c3eddabf43e12dbec627b35f52c497b75246bd3488,augmentation of SS-ALM-0570,CC-BY-4.0
SS-ALM-0571-A1,augmented/alarm_or_siren/SS-ALM-0571-A1.wav,Alarm or Siren,SS-ALM-0571,train,augmented,volume,387175575,5.0,16000,1,c42dd3e39b4cdc03ac590e5083f28b9c61a85687d76a156811b9e209c1795dde,augmentation of SS-ALM-0571,CC-BY-4.0
SS-ALM-0571-A2,augmented/alarm_or_siren/SS-ALM-0571-A2.wav,Alarm or Siren,SS-ALM-0571,train,augmented,reverb,623699596,5.0,16000,1,496715276a16b8b57e95c6dcdb47aa54aa6fa2517b5e1c25ff32eca30c74952c,augmentation of SS-ALM-0571,CC-BY-4.0
SS-ALM-0572-A1,augmented/alarm_or_siren/SS-ALM-0572-A1.wav,Alarm or Siren,SS-ALM-0572,train,augmented,noise,4176993602,5.0,16000,1,8f284e607372f3f4234a521a34dc1fa0f66f184680c2234dadb3375eb6c42748,augmentation of SS-ALM-0572,CC-BY-4.0
SS-ALM-0572-A2,augmented/alarm_or_siren/SS-ALM-0572-A2.wav,Alarm or Siren,SS-ALM-0572,train,augmented,distance,2715962633,5.0,16000,1,22fd669e558dbbbd91ad8f259f6f367735623a31100f575262feaa957a59ae75,augmentation of SS-ALM-0572,CC-BY-4.0
SS-ALM-0573-A1,augmented/alarm_or_siren/SS-ALM-0573-A1.wav,Alarm or Siren,SS-ALM-0573,train,augmented,pitch,3594854931,5.0,16000,1,fbc87d01a2dca82b57433b7540e7236d920dbf0bd5fb3d6dca2039f228cc6d1a,augmentation of SS-ALM-0573,CC-BY-4.0
SS-ALM-0573-A2,augmented/alarm_or_siren/SS-ALM-0573-A2.wav,Alarm or Siren,SS-ALM-0573,train,augmented,pitch,1050199307,5.0,16000,1,a07266d7fd6249716fceecfb17466353246934fe84f05a689b53d40eba05d94b,augmentation of SS-ALM-0573,CC-BY-4.0
SS-ALM-0574-A1,augmented/alarm_or_siren/SS-ALM-0574-A1.wav,Alarm or Siren,SS-ALM-0574,train,augmented,device,51010768,5.0,16000,1,c5601bcea65705923daa3073dd5618364c03621ce244821e8c046192a2fe4247,augmentation of SS-ALM-0574,CC-BY-4.0
SS-ALM-0574-A2,augmented/alarm_or_siren/SS-ALM-0574-A2.wav,Alarm or Siren,SS-ALM-0574,train,augmented,shift,208257709,5.0,16000,1,1e74a770a697c54daacf8d3478df69eda1f4c4c6d557e5b8a4c73af2fbcfce3b,augmentation of SS-ALM-0574,CC-BY-4.0
SS-ALM-0575-A1,augmented/alarm_or_siren/SS-ALM-0575-A1.wav,Alarm or Siren,SS-ALM-0575,train,augmented,shift,2792807605,5.0,16000,1,0422f13f2771ab0ae1010365c564f49c0cf3056cb1889ec68ad0deca592a4b18,augmentation of SS-ALM-0575,CC-BY-4.0
SS-ALM-0575-A2,augmented/alarm_or_siren/SS-ALM-0575-A2.wav,Alarm or Siren,SS-ALM-0575,train,augmented,volume,1900903551,5.0,16000,1,a92d91ada1f70f183e23530c575c8a8d4a71843fa3a4130462fba84559bf1a3c,augmentation of SS-ALM-0575,CC-BY-4.0
SS-ALM-0576-A1,augmented/alarm_or_siren/SS-ALM-0576-A1.wav,Alarm or Siren,SS-ALM-0576,train,augmented,device,659897632,5.0,16000,1,8d7f18d10f19a4b9a8c23f5850fd094295b304b69865b7619ca8f2ae0ad66118,augmentation of SS-ALM-0576,CC-BY-4.0
SS-ALM-0576-A2,augmented/alarm_or_siren/SS-ALM-0576-A2.wav,Alarm or Siren,SS-ALM-0576,train,augmented,reverb,770766780,5.0,16000,1,3851272163ad75c7cc85747a42c0b8f104d60592af371ea993df5d9bbff4534c,augmentation of SS-ALM-0576,CC-BY-4.0
SS-ALM-0577-A1,augmented/alarm_or_siren/SS-ALM-0577-A1.wav,Alarm or Siren,SS-ALM-0577,train,augmented,reverb,818839356,5.0,16000,1,e5e1e1651bfb7cf1200657e3cdc0670c74e3e6722f8e14ba9d342f2dd31f9af4,augmentation of SS-ALM-0577,CC-BY-4.0
SS-ALM-0577-A2,augmented/alarm_or_siren/SS-ALM-0577-A2.wav,Alarm or Siren,SS-ALM-0577,train,augmented,reverb,1080958412,5.0,16000,1,706b46f9587dc3d58595f1cb75bed7710d9df641a17f95af95a4d4d21ec41bbe,augmentation of SS-ALM-0577,CC-BY-4.0
SS-ALM-0578-A1,augmented/alarm_or_siren/SS-ALM-0578-A1.wav,Alarm or Siren,SS-ALM-0578,train,augmented,volume,3592740431,5.0,16000,1,8c4c56021419989b7dde8348e7ac2863e857312d22aceb178d06213f644faf46,augmentation of SS-ALM-0578,CC-BY-4.0
SS-ALM-0578-A2,augmented/alarm_or_siren/SS-ALM-0578-A2.wav,Alarm or Siren,SS-ALM-0578,train,augmented,device,2544683272,5.0,16000,1,37f6c101a2e5ccc41bb51a3ef1ab91eaeb3f2f6d0d4a07874efe4da1b100c5a5,augmentation of SS-ALM-0578,CC-BY-4.0
SS-ALM-0579-A1,augmented/alarm_or_siren/SS-ALM-0579-A1.wav,Alarm or Siren,SS-ALM-0579,train,augmented,stretch,1100374526,5.222,16000,1,e1085b7d85b9b7f607e09467fb70a37c3b1cc3bb21237a72e41cb8cdbcd82eb7,augmentation of SS-ALM-0579,CC-BY-4.0
SS-ALM-0579-A2,augmented/alarm_or_siren/SS-ALM-0579-A2.wav,Alarm or Siren,SS-ALM-0579,train,augmented,distance,2066737025,5.0,16000,1,525abeebb1f4a848088bfa0a886dc0383dbb49fb2500a278e9572f469143ed89,augmentation of SS-ALM-0579,CC-BY-4.0
SS-ALM-0580-A1,augmented/alarm_or_siren/SS-ALM-0580-A1.wav,Alarm or Siren,SS-ALM-0580,train,augmented,volume,3976620719,5.0,16000,1,71986941ca0ce579242f21edfbafdffcdb8a61a1262df60a505494fa0e0a4922,augmentation of SS-ALM-0580,CC-BY-4.0
SS-ALM-0580-A2,augmented/alarm_or_siren/SS-ALM-0580-A2.wav,Alarm or Siren,SS-ALM-0580,train,augmented,shift,1186204421,5.0,16000,1,5fdcbe3808585ca341bfbd0058f0a8a6b0a895ae1ae3f3607c796197fcdbbd3d,augmentation of SS-ALM-0580,CC-BY-4.0
SS-ALM-0581-A1,augmented/alarm_or_siren/SS-ALM-0581-A1.wav,Alarm or Siren,SS-ALM-0581,train,augmented,reverb,4176136572,4.0,16000,1,275411958c4f6962ea960e75211a4cf685ca7e204a1e1d8559eacbe88e2e2b36,augmentation of SS-ALM-0581,CC-BY-4.0
SS-ALM-0581-A2,augmented/alarm_or_siren/SS-ALM-0581-A2.wav,Alarm or Siren,SS-ALM-0581,train,augmented,noise,3568706242,4.0,16000,1,745a804f06c9ee05bad9d95ee2883d5ba25db3e7feff7c9ca99f89d0626302ff,augmentation of SS-ALM-0581,CC-BY-4.0
SS-ALM-0582-A1,augmented/alarm_or_siren/SS-ALM-0582-A1.wav,Alarm or Siren,SS-ALM-0582,train,augmented,distance,3944542153,4.0,16000,1,0258e8d82f73a706b905a4237ec9e9f2feef975bee887d9eab31b9653fc20e79,augmentation of SS-ALM-0582,CC-BY-4.0
SS-ALM-0582-A2,augmented/alarm_or_siren/SS-ALM-0582-A2.wav,Alarm or Siren,SS-ALM-0582,train,augmented,reverb,1059373812,4.0,16000,1,a32866889ec211d969cd18226111ae83836cda5f1f898cd1872f48088b4b7f18,augmentation of SS-ALM-0582,CC-BY-4.0
SS-ALM-0583-A1,augmented/alarm_or_siren/SS-ALM-0583-A1.wav,Alarm or Siren,SS-ALM-0583,train,augmented,stretch,3718264982,3.667,16000,1,047b190851308ee66514985f5eb06f0ae108da03b01b0dba818c11ece5d7b02b,augmentation of SS-ALM-0583,CC-BY-4.0
SS-ALM-0583-A2,augmented/alarm_or_siren/SS-ALM-0583-A2.wav,Alarm or Siren,SS-ALM-0583,train,augmented,noise,4122162754,4.0,16000,1,e7fc1308fae85c78b6470d697291bb0477b37f292fe49f250334b619daac4a69,augmentation of SS-ALM-0583,CC-BY-4.0
SS-ALM-0584-A1,augmented/alarm_or_siren/SS-ALM-0584-A1.wav,Alarm or Siren,SS-ALM-0584,train,augmented,pitch,3176317219,4.0,16000,1,715d73d2c0764831786c803b25d05558298abed49d94d94cecbb4b137c682e63,augmentation of SS-ALM-0584,CC-BY-4.0
SS-ALM-0584-A2,augmented/alarm_or_siren/SS-ALM-0584-A2.wav,Alarm or Siren,SS-ALM-0584,train,augmented,device,2907855232,4.0,16000,1,0c571474a30e929cb34bc528d49c240387d2d42ec79edc4acebddb828ceb0306,augmentation of SS-ALM-0584,CC-BY-4.0
SS-ALM-0585-A1,augmented/alarm_or_siren/SS-ALM-0585-A1.wav,Alarm or Siren,SS-ALM-0585,train,augmented,volume,1582309455,4.0,16000,1,8b44091e6b1117389ca4b249dad370d8d7770b34c4b5f5c5e5acde64c3824095,augmentation of SS-ALM-0585,CC-BY-4.0
SS-ALM-0585-A2,augmented/alarm_or_siren/SS-ALM-0585-A2.wav,Alarm or Siren,SS-ALM-0585,train,augmented,distance,3153268577,4.0,16000,1,2a7445a12e4652d43390ed3b8cb78c5ba485a70c290dfaae492d3a3f5032b361,augmentation of SS-ALM-0585,CC-BY-4.0
SS-ALM-0586-A1,augmented/alarm_or_siren/SS-ALM-0586-A1.wav,Alarm or Siren,SS-ALM-0586,train,augmented,reverb,164054316,4.0,16000,1,55a77ea4ff98bac6282d04be587c7b33911e75645bbe3596670dbf61d2674c39,augmentation of SS-ALM-0586,CC-BY-4.0
SS-ALM-0586-A2,augmented/alarm_or_siren/SS-ALM-0586-A2.wav,Alarm or Siren,SS-ALM-0586,train,augmented,device,4034867872,4.0,16000,1,8f42b2d7efd2243c253da691a82d6eceab901d21cc90058816b458b843358495,augmentation of SS-ALM-0586,CC-BY-4.0
SS-ALM-0587-A1,augmented/alarm_or_siren/SS-ALM-0587-A1.wav,Alarm or Siren,SS-ALM-0587,train,augmented,pitch,2626222195,4.0,16000,1,3259febce8a506e44184038b533b26bde501cf7bbe2fcc6950afc18632396564,augmentation of SS-ALM-0587,CC-BY-4.0
SS-ALM-0587-A2,augmented/alarm_or_siren/SS-ALM-0587-A2.wav,Alarm or Siren,SS-ALM-0587,train,augmented,distance,1066781921,4.0,16000,1,40592c703cf3b3bce96e37d3d4e450f75fbbeafe294c2fed304d24e03232db24,augmentation of SS-ALM-0587,CC-BY-4.0
SS-ALM-0588-A1,augmented/alarm_or_siren/SS-ALM-0588-A1.wav,Alarm or Siren,SS-ALM-0588,train,augmented,shift,1896086021,4.0,16000,1,4495e1076313b67c944e604b627fd8b705cef2905eb363066d7791347109b315,augmentation of SS-ALM-0588,CC-BY-4.0
SS-ALM-0588-A2,augmented/alarm_or_siren/SS-ALM-0588-A2.wav,Alarm or Siren,SS-ALM-0588,train,augmented,volume,602511119,4.0,16000,1,087d4194f4295e9269475135236774d8e53f16c7769b87642e5d5678d306b748,augmentation of SS-ALM-0588,CC-BY-4.0
SS-ALM-0589-A1,augmented/alarm_or_siren/SS-ALM-0589-A1.wav,Alarm or Siren,SS-ALM-0589,train,augmented,device,3366115296,4.0,16000,1,31c2b0bbba3932133478b64bed2ed085529fff67590c9ec10e1c66df04024de3,augmentation of SS-ALM-0589,CC-BY-4.0
SS-ALM-0589-A2,augmented/alarm_or_siren/SS-ALM-0589-A2.wav,Alarm or Siren,SS-ALM-0589,train,augmented,noise,1443759858,4.0,16000,1,77c1ba0387ebe59081348439df26d24e076f05bdfb15d9228258d16504854862,augmentation of SS-ALM-0589,CC-BY-4.0
SS-ALM-0590-A1,augmented/alarm_or_siren/SS-ALM-0590-A1.wav,Alarm or Siren,SS-ALM-0590,train,augmented,volume,561882287,4.0,16000,1,d35acd6b376d93dd5e5b615ed05a4a1ee3d0dd4a94f56fb5224bb15ea1e31d8b,augmentation of SS-ALM-0590,CC-BY-4.0
SS-ALM-0590-A2,augmented/alarm_or_siren/SS-ALM-0590-A2.wav,Alarm or Siren,SS-ALM-0590,train,augmented,pitch,1815737579,4.0,16000,1,4d0dcb8b1265127083ac1a85c0c8fae72535b7b920f27813ee719177d7ca9981,augmentation of SS-ALM-0590,CC-BY-4.0
SS-ALM-0591-A1,augmented/alarm_or_siren/SS-ALM-0591-A1.wav,Alarm or Siren,SS-ALM-0591,train,augmented,noise,4193648770,4.0,16000,1,a644bb120f747987c950b4dca720247afd249a212a06b9d8c759db7f43a66e6e,augmentation of SS-ALM-0591,CC-BY-4.0
SS-ALM-0591-A2,augmented/alarm_or_siren/SS-ALM-0591-A2.wav,Alarm or Siren,SS-ALM-0591,train,augmented,device,1794921336,4.0,16000,1,44ca71ca4cd596f5a9d1a88c3fd876d5f92f89aae5787044554a7c192dbddadd,augmentation of SS-ALM-0591,CC-BY-4.0
SS-ALM-0592-A1,augmented/alarm_or_siren/SS-ALM-0592-A1.wav,Alarm or Siren,SS-ALM-0592,train,augmented,pitch,591758323,4.0,16000,1,3ceb4f91e9a67a31a331c47223bdfe3db2036ba05e54d504736ab28d5175a5d3,augmentation of SS-ALM-0592,CC-BY-4.0
SS-ALM-0592-A2,augmented/alarm_or_siren/SS-ALM-0592-A2.wav,Alarm or Siren,SS-ALM-0592,train,augmented,reverb,1395277596,4.0,16000,1,66c24421fda9f196e08921afd04acf64cb0e2415cd2af1efdd75a98cab1ec12a,augmentation of SS-ALM-0592,CC-BY-4.0
SS-ALM-0593-A1,augmented/alarm_or_siren/SS-ALM-0593-A1.wav,Alarm or Siren,SS-ALM-0593,train,augmented,device,3848525032,4.0,16000,1,f420c7750fa7e38f2b8d5a10635b672990c9025d5d86c1686fabb29bafe58d60,augmentation of SS-ALM-0593,CC-BY-4.0
SS-ALM-0593-A2,augmented/alarm_or_siren/SS-ALM-0593-A2.wav,Alarm or Siren,SS-ALM-0593,train,augmented,noise,2649454266,4.0,16000,1,86a02d64cd11296aab19f3730ec2f1ff22d61a12e7f851f7cd41774c9ba23909,augmentation of SS-ALM-0593,CC-BY-4.0
SS-ALM-0594-A1,augmented/alarm_or_siren/SS-ALM-0594-A1.wav,Alarm or Siren,SS-ALM-0594,train,augmented,distance,2520558177,4.0,16000,1,14f9e25d839a7a5fea29b2d5a39f726bcd44075bade78c4db438418ecb003169,augmentation of SS-ALM-0594,CC-BY-4.0
SS-ALM-0594-A2,augmented/alarm_or_siren/SS-ALM-0594-A2.wav,Alarm or Siren,SS-ALM-0594,train,augmented,noise,3988484210,4.0,16000,1,38db777cef67fc23fc5f0e9bc530b7d7002b5d541d794fdbd02468d03b7d4e8c,augmentation of SS-ALM-0594,CC-BY-4.0
SS-ALM-0595-A1,augmented/alarm_or_siren/SS-ALM-0595-A1.wav,Alarm or Siren,SS-ALM-0595,train,augmented,device,1197803752,4.0,16000,1,7baac363fc2d0bf158a6c5f90709be4f67488476e31067ff82a141fac0e1afee,augmentation of SS-ALM-0595,CC-BY-4.0
SS-ALM-0595-A2,augmented/alarm_or_siren/SS-ALM-0595-A2.wav,Alarm or Siren,SS-ALM-0595,train,augmented,shift,2838191677,4.0,16000,1,fd0e800c12fbb716ddafbbf8ea850989863d64d11de2e7aa9dd1e813f0f707ab,augmentation of SS-ALM-0595,CC-BY-4.0
SS-ALM-0596-A1,augmented/alarm_or_siren/SS-ALM-0596-A1.wav,Alarm or Siren,SS-ALM-0596,train,augmented,shift,1574148485,4.0,16000,1,ebafa84abe4f3709dd64a0c4796167d170c650d95db0f0a4583f99266f34b600,augmentation of SS-ALM-0596,CC-BY-4.0
SS-ALM-0596-A2,augmented/alarm_or_siren/SS-ALM-0596-A2.wav,Alarm or Siren,SS-ALM-0596,train,augmented,pitch,2051113691,4.0,16000,1,dc830cfc7e0d751b791360b62057dba30761ee414f65459b1a2ae5c1e407e3d0,augmentation of SS-ALM-0596,CC-BY-4.0
SS-ALM-0597-A1,augmented/alarm_or_siren/SS-ALM-0597-A1.wav,Alarm or Siren,SS-ALM-0597,train,augmented,volume,3516505991,4.0,16000,1,1e809a9990bcfa0d2b3d90012cf77fcf237a1cec31569bda6053895ef8f81a25,augmentation of SS-ALM-0597,CC-BY-4.0
SS-ALM-0597-A2,augmented/alarm_or_siren/SS-ALM-0597-A2.wav,Alarm or Siren,SS-ALM-0597,train,augmented,stretch,2422022086,4.187,16000,1,187605ae0cab26bfb58a6cb5c6e598ea41e92f70d737d8a8a6db117b0e33455b,augmentation of SS-ALM-0597,CC-BY-4.0
SS-ALM-0598-A1,augmented/alarm_or_siren/SS-ALM-0598-A1.wav,Alarm or Siren,SS-ALM-0598,train,augmented,distance,491729425,4.0,16000,1,809f612ac81a4dd853223b7b1b458fdce5367f8a9df1fc2cd6829e3de2863c12,augmentation of SS-ALM-0598,CC-BY-4.0
SS-ALM-0598-A2,augmented/alarm_or_siren/SS-ALM-0598-A2.wav,Alarm or Siren,SS-ALM-0598,train,augmented,noise,997021138,4.0,16000,1,56bcf0b65c95bf4c1eba3c09e36941900422a1fd27904e82f22b719c0a61dff9,augmentation of SS-ALM-0598,CC-BY-4.0
SS-ALM-0599-A1,augmented/alarm_or_siren/SS-ALM-0599-A1.wav,Alarm or Siren,SS-ALM-0599,train,augmented,stretch,3600167350,3.706,16000,1,4f403cba5afc9f6f53c4ef71397ac554c480b3670ea6343c777e38b7784e01d1,augmentation of SS-ALM-0599,CC-BY-4.0
SS-ALM-0599-A2,augmented/alarm_or_siren/SS-ALM-0599-A2.wav,Alarm or Siren,SS-ALM-0599,train,augmented,noise,2057208762,4.0,16000,1,e7a37b92936632b0f7ea41767f2f08110f9c44a1bdb17b92b8ab2fb66336808e,augmentation of SS-ALM-0599,CC-BY-4.0
SS-ALM-0600-A1,augmented/alarm_or_siren/SS-ALM-0600-A1.wav,Alarm or Siren,SS-ALM-0600,train,augmented,noise,227097698,4.0,16000,1,fafa7a504303d09589610f89315feef104fd57e1e4726aa449f276560f3807aa,augmentation of SS-ALM-0600,CC-BY-4.0
SS-ALM-0600-A2,augmented/alarm_or_siren/SS-ALM-0600-A2.wav,Alarm or Siren,SS-ALM-0600,train,augmented,device,1356534936,4.0,16000,1,c6d0d70758c866283223efdbf734c0d0732787c276c9cdd8e98c6ee73e71fea8,augmentation of SS-ALM-0600,CC-BY-4.0
SS-ALM-0601-A1,augmented/alarm_or_siren/SS-ALM-0601-A1.wav,Alarm or Siren,SS-ALM-0601,train,augmented,noise,110239282,4.0,16000,1,b5afa9fc4474ecf8b160d133adf03ff70fcbb1af2223472788f8fefadbcbaf0e,augmentation of SS-ALM-0601,CC-BY-4.0
SS-ALM-0601-A2,augmented/alarm_or_siren/SS-ALM-0601-A2.wav,Alarm or Siren,SS-ALM-0601,train,augmented,volume,2925201719,4.0,16000,1,e048ea9c71269ac1d01d9302dd5f987dab21a47bb9de8b2fb99a0854ed4aa65b,augmentation of SS-ALM-0601,CC-BY-4.0
SS-ALM-0602-A1,augmented/alarm_or_siren/SS-ALM-0602-A1.wav,Alarm or Siren,SS-ALM-0602,train,augmented,pitch,1262581075,4.0,16000,1,86235181348ee9c6d490e0922f3bce0d21e93db46f5b5b60c9fe71c88fcc1a26,augmentation of SS-ALM-0602,CC-BY-4.0
SS-ALM-0602-A2,augmented/alarm_or_siren/SS-ALM-0602-A2.wav,Alarm or Siren,SS-ALM-0602,train,augmented,volume,325518399,4.0,16000,1,14226745fd51e179bc030bd58ee30a58e7b823608ea32bc1fcf677beb92cc401,augmentation of SS-ALM-0602,CC-BY-4.0
SS-ALM-0603-A1,augmented/alarm_or_siren/SS-ALM-0603-A1.wav,Alarm or Siren,SS-ALM-0603,train,augmented,distance,3504698345,4.0,16000,1,84b304100c8d45dcd042b9715a52b07a82de8dfab88b92da427f7b9f4aac18af,augmentation of SS-ALM-0603,CC-BY-4.0
SS-ALM-0603-A2,augmented/alarm_or_siren/SS-ALM-0603-A2.wav,Alarm or Siren,SS-ALM-0603,train,augmented,noise,1367897298,4.0,16000,1,386add82fcf4110601fe503e82deec0d71f5be720bfc7e64e8c57d6742ab18a3,augmentation of SS-ALM-0603,CC-BY-4.0
SS-ALM-0604-A1,augmented/alarm_or_siren/SS-ALM-0604-A1.wav,Alarm or Siren,SS-ALM-0604,train,augmented,device,1321880976,4.0,16000,1,f633d4026e1b23429600ff8122f0638d14461d95c8bb2ad086144507ed6c11a6,augmentation of SS-ALM-0604,CC-BY-4.0
SS-ALM-0604-A2,augmented/alarm_or_siren/SS-ALM-0604-A2.wav,Alarm or Siren,SS-ALM-0604,train,augmented,distance,2763273241,4.0,16000,1,638911919ecc0c3ed20beac093d65c14a1c51f892acd8dcf59e65418c956b288,augmentation of SS-ALM-0604,CC-BY-4.0
SS-ALM-0605-A1,augmented/alarm_or_siren/SS-ALM-0605-A1.wav,Alarm or Siren,SS-ALM-0605,train,augmented,volume,2172460183,4.0,16000,1,dcc7646cacdecc234af1c24321db52e980534c03cd0cb5447a8731cde27c0380,augmentation of SS-ALM-0605,CC-BY-4.0
SS-ALM-0605-A2,augmented/alarm_or_siren/SS-ALM-0605-A2.wav,Alarm or Siren,SS-ALM-0605,train,augmented,reverb,910286884,4.0,16000,1,32beca4410f6e26779da8bfcb6dede6a458d08c6348e8f2fe74ced405404e0bd,augmentation of SS-ALM-0605,CC-BY-4.0
SS-ALM-0606-A1,augmented/alarm_or_siren/SS-ALM-0606-A1.wav,Alarm or Siren,SS-ALM-0606,train,augmented,volume,4237258319,4.0,16000,1,654bc39be9ad72a924663f1436c5025dba2eadc36dec774e4a72c3fb51f5bada,augmentation of SS-ALM-0606,CC-BY-4.0
SS-ALM-0606-A2,augmented/alarm_or_siren/SS-ALM-0606-A2.wav,Alarm or Siren,SS-ALM-0606,train,augmented,volume,968014575,4.0,16000,1,4e0b07404d6e76d35bca287a605787b29bde6ed547e494fd53756451e3d75b17,augmentation of SS-ALM-0606,CC-BY-4.0
SS-ALM-0607-A1,augmented/alarm_or_siren/SS-ALM-0607-A1.wav,Alarm or Siren,SS-ALM-0607,train,augmented,device,2868200944,4.0,16000,1,754cfd7591964c8ba862d01c602b4f6eeb3e3815aeb57083db9cf217c05f3e27,augmentation of SS-ALM-0607,CC-BY-4.0
SS-ALM-0607-A2,augmented/alarm_or_siren/SS-ALM-0607-A2.wav,Alarm or Siren,SS-ALM-0607,train,augmented,reverb,771051324,4.0,16000,1,68b6c3c3a6691fab028d2afd62c7ceb8e93fefbb63285f6bfd58ab7d0910fe8a,augmentation of SS-ALM-0607,CC-BY-4.0
SS-ALM-0608-A1,augmented/alarm_or_siren/SS-ALM-0608-A1.wav,Alarm or Siren,SS-ALM-0608,train,augmented,reverb,3316213252,4.0,16000,1,e4f5d4843b6941ebe9ea8bc92ee6ef2cacf50c43fc57381d77f930ad68a8d600,augmentation of SS-ALM-0608,CC-BY-4.0
SS-ALM-0608-A2,augmented/alarm_or_siren/SS-ALM-0608-A2.wav,Alarm or Siren,SS-ALM-0608,train,augmented,reverb,4184475716,4.0,16000,1,3c3d49895f822b60cd6f38b55bf178be5d5947b54f386a20f37dfa0e2b2489d2,augmentation of SS-ALM-0608,CC-BY-4.0
SS-ALM-0609-A1,augmented/alarm_or_siren/SS-ALM-0609-A1.wav,Alarm or Siren,SS-ALM-0609,train,augmented,noise,3998853938,4.0,16000,1,bfd9498b2f0da45978b3265344d9945db3d28ee2a96a8c1d4657cd0df62f7ed2,augmentation of SS-ALM-0609,CC-BY-4.0
SS-ALM-0609-A2,augmented/alarm_or_siren/SS-ALM-0609-A2.wav,Alarm or Siren,SS-ALM-0609,train,augmented,shift,3796571709,4.0,16000,1,c7de3bdf006900f4e873f89a10b779e6495ec6f32fe62367c644ea4e0d5a6b99,augmentation of SS-ALM-0609,CC-BY-4.0
SS-ALM-0610-A1,augmented/alarm_or_siren/SS-ALM-0610-A1.wav,Alarm or Siren,SS-ALM-0610,train,augmented,volume,2714608823,4.0,16000,1,d2d2c3464a6edea1308d6bf439195a8824188b62f1bf34f7d3f63a37fa5964d0,augmentation of SS-ALM-0610,CC-BY-4.0
SS-ALM-0610-A2,augmented/alarm_or_siren/SS-ALM-0610-A2.wav,Alarm or Siren,SS-ALM-0610,train,augmented,noise,2493065306,4.0,16000,1,8633bb5c7745a5bb429dd86611bb2d78ab8227eb2897cf1ec554442633593eab,augmentation of SS-ALM-0610,CC-BY-4.0
SS-ALM-0611-A1,augmented/alarm_or_siren/SS-ALM-0611-A1.wav,Alarm or Siren,SS-ALM-0611,train,augmented,distance,499426521,4.0,16000,1,9678fbbdff2e53479a6b18f038ccb03010199c53e1be9d9a6cdac9a9b3f23cdb,augmentation of SS-ALM-0611,CC-BY-4.0
SS-ALM-0611-A2,augmented/alarm_or_siren/SS-ALM-0611-A2.wav,Alarm or Siren,SS-ALM-0611,train,augmented,volume,2625251183,4.0,16000,1,ea633d3641bb6bd884f4279aa6cba3751d9c69c23ac97709ee0b835223d3b819,augmentation of SS-ALM-0611,CC-BY-4.0
SS-ALM-0612-A1,augmented/alarm_or_siren/SS-ALM-0612-A1.wav,Alarm or Siren,SS-ALM-0612,train,augmented,distance,1509247617,4.0,16000,1,2239031ee1b2a687aaf34253cf58946797825acd7580ddd617c84d2181d5e94a,augmentation of SS-ALM-0612,CC-BY-4.0
SS-ALM-0612-A2,augmented/alarm_or_siren/SS-ALM-0612-A2.wav,Alarm or Siren,SS-ALM-0612,train,augmented,shift,3365968653,4.0,16000,1,33823012ca0e927a6a4dd3a5affd50c8cd328759a45cb2c9bf49e6523ffc8d4d,augmentation of SS-ALM-0612,CC-BY-4.0
SS-ALM-0613-A1,augmented/alarm_or_siren/SS-ALM-0613-A1.wav,Alarm or Siren,SS-ALM-0613,train,augmented,noise,2872337218,4.0,16000,1,43a55839129bd7d5a17dfbc933df8514e97afdc55bbf306157a1b32ce8121049,augmentation of SS-ALM-0613,CC-BY-4.0
SS-ALM-0613-A2,augmented/alarm_or_siren/SS-ALM-0613-A2.wav,Alarm or Siren,SS-ALM-0613,train,augmented,reverb,757562716,4.0,16000,1,1968cef85bfe43fa2de050d599ab0cadfd69270eb4658159d80d17abc9c5b759,augmentation of SS-ALM-0613,CC-BY-4.0
SS-ALM-0614-A1,augmented/alarm_or_siren/SS-ALM-0614-A1.wav,Alarm or Siren,SS-ALM-0614,train,augmented,stretch,3600878990,3.615,16000,1,d4f4d929d1d847606744d1d53f699d359c38419e442f8bf188b1a856aa667717,augmentation of SS-ALM-0614,CC-BY-4.0
SS-ALM-0614-A2,augmented/alarm_or_siren/SS-ALM-0614-A2.wav,Alarm or Siren,SS-ALM-0614,train,augmented,noise,3370259586,4.0,16000,1,c92a8758bf3366e948b10a7eddfa89e653dffa9aa11a4cbc2d6e98a3e30af3dc,augmentation of SS-ALM-0614,CC-BY-4.0
SS-ALM-0615-A1,augmented/alarm_or_siren/SS-ALM-0615-A1.wav,Alarm or Siren,SS-ALM-0615,train,augmented,volume,1644898935,4.0,16000,1,037799b0cdad9eb974b152a2c752e632f330e006461db8619c97227cea6cd27b,augmentation of SS-ALM-0615,CC-BY-4.0
SS-ALM-0615-A2,augmented/alarm_or_siren/SS-ALM-0615-A2.wav,Alarm or Siren,SS-ALM-0615,train,augmented,volume,26789199,4.0,16000,1,66a1845e5831ccf0cf9fb7771afcd15d469a5722dc8b18fc2b3037bd67b454fa,augmentation of SS-ALM-0615,CC-BY-4.0
SS-ALM-0616-A1,augmented/alarm_or_siren/SS-ALM-0616-A1.wav,Alarm or Siren,SS-ALM-0616,train,augmented,pitch,2368779059,4.0,16000,1,4883ba5513ae7878e53b55de5ee03ae35f574e145e3263267b27bb150693b03e,augmentation of SS-ALM-0616,CC-BY-4.0
SS-ALM-0616-A2,augmented/alarm_or_siren/SS-ALM-0616-A2.wav,Alarm or Siren,SS-ALM-0616,train,augmented,shift,545643709,4.0,16000,1,646b72f76d4c30941b15e237cbcddad05dd25188ebab66cb465185cb9230bf58,augmentation of SS-ALM-0616,CC-BY-4.0
SS-ALM-0617-A1,augmented/alarm_or_siren/SS-ALM-0617-A1.wav,Alarm or Siren,SS-ALM-0617,train,augmented,device,884265216,4.0,16000,1,2c807e81e1540ae9be1f356f3c6df16316a348d57292bb9364be377c81618ecb,augmentation of SS-ALM-0617,CC-BY-4.0
SS-ALM-0617-A2,augmented/alarm_or_siren/SS-ALM-0617-A2.wav,Alarm or Siren,SS-ALM-0617,train,augmented,reverb,1329971748,4.0,16000,1,ba038d422dffe716a3848de54cf1df22d4b8b116e30b62165728f531089eec5d,augmentation of SS-ALM-0617,CC-BY-4.0
SS-ALM-0618-A1,augmented/alarm_or_siren/SS-ALM-0618-A1.wav,Alarm or Siren,SS-ALM-0618,train,augmented,device,2708117936,4.0,16000,1,2ab1c424ea929a69a2ed0f7fee4e1177e65200132bce47f70f919e8ddaa198d3,augmentation of SS-ALM-0618,CC-BY-4.0
SS-ALM-0618-A2,augmented/alarm_or_siren/SS-ALM-0618-A2.wav,Alarm or Siren,SS-ALM-0618,train,augmented,pitch,2031706675,4.0,16000,1,09cf39585bda68c55a71eddc3eccc25d4cd8f780e333cb38b63e0898e2539f45,augmentation of SS-ALM-0618,CC-BY-4.0
SS-ALM-0619-A1,augmented/alarm_or_siren/SS-ALM-0619-A1.wav,Alarm or Siren,SS-ALM-0619,train,augmented,noise,219397586,4.0,16000,1,0d53f3adbc5b4a15f7dae411a57781de1cece9437294edca85a0cb32dd594f1a,augmentation of SS-ALM-0619,CC-BY-4.0
SS-ALM-0619-A2,augmented/alarm_or_siren/SS-ALM-0619-A2.wav,Alarm or Siren,SS-ALM-0619,train,augmented,reverb,1195752020,4.0,16000,1,813e802ad7d82132baa7bf75cd8d0426447b81fce9edf485008aabf11aacfce4,augmentation of SS-ALM-0619,CC-BY-4.0
SS-ALM-0620-A1,augmented/alarm_or_siren/SS-ALM-0620-A1.wav,Alarm or Siren,SS-ALM-0620,train,augmented,shift,4002585013,4.0,16000,1,d3ceb71ebe09473066b90f91c991730a2694dbd67be9e50c8b7b7972d2ee536d,augmentation of SS-ALM-0620,CC-BY-4.0
SS-ALM-0620-A2,augmented/alarm_or_siren/SS-ALM-0620-A2.wav,Alarm or Siren,SS-ALM-0620,train,augmented,volume,689581559,4.0,16000,1,17e84817db8a5f45b4b0715b271358bc6a6e30cec218e6ad1091cced89f36682,augmentation of SS-ALM-0620,CC-BY-4.0
SS-ALM-0621-A1,augmented/alarm_or_siren/SS-ALM-0621-A1.wav,Alarm or Siren,SS-ALM-0621,train,augmented,pitch,918098531,4.0,16000,1,934645f59939468d65468dee030a990e34319ed6d3fc43cd0f1812875837d625,augmentation of SS-ALM-0621,CC-BY-4.0
SS-ALM-0621-A2,augmented/alarm_or_siren/SS-ALM-0621-A2.wav,Alarm or Siren,SS-ALM-0621,train,augmented,stretch,3540603158,4.304,16000,1,c9b7bda9f52dca7d70eff033ea14beb3d50e67350a577ac6bfe09a261342ce9c,augmentation of SS-ALM-0621,CC-BY-4.0
SS-ALM-0622-A1,augmented/alarm_or_siren/SS-ALM-0622-A1.wav,Alarm or Siren,SS-ALM-0622,train,augmented,pitch,3658777051,4.0,16000,1,360de2cdd3f2d4f944e52fb2eef151509145a90baf7a587f0965c4b5750e8ca5,augmentation of SS-ALM-0622,CC-BY-4.0
SS-ALM-0622-A2,augmented/alarm_or_siren/SS-ALM-0622-A2.wav,Alarm or Siren,SS-ALM-0622,train,augmented,device,2905140304,4.0,16000,1,4060d0a73ca5286be798f2d2235965919c8a44273ddce1fa0b5794e2798358e0,augmentation of SS-ALM-0622,CC-BY-4.0
SS-ALM-0623-A1,augmented/alarm_or_siren/SS-ALM-0623-A1.wav,Alarm or Siren,SS-ALM-0623,train,augmented,stretch,1956909062,4.444,16000,1,bd77ea0b43afb9d18ad33032e1b9254b2d253dcae4267c03e3121eab5649c870,augmentation of SS-ALM-0623,CC-BY-4.0
SS-ALM-0623-A2,augmented/alarm_or_siren/SS-ALM-0623-A2.wav,Alarm or Siren,SS-ALM-0623,train,augmented,noise,1286808442,4.0,16000,1,27ad7439904051d68c065d9a7e28c2b61cce5b6f0acd9d073845761459d4dee9,augmentation of SS-ALM-0623,CC-BY-4.0
SS-ALM-0624-A1,augmented/alarm_or_siren/SS-ALM-0624-A1.wav,Alarm or Siren,SS-ALM-0624,train,augmented,volume,2333742687,4.0,16000,1,d31c2e5b9d25247c0a90679a20b36f836d6fdb70842c5b84cd5b1f140b04992e,augmentation of SS-ALM-0624,CC-BY-4.0
SS-ALM-0624-A2,augmented/alarm_or_siren/SS-ALM-0624-A2.wav,Alarm or Siren,SS-ALM-0624,train,augmented,stretch,3484028630,4.132,16000,1,0a8097ddd5b4cd719e0ab526552334f9693de49c7f27ad4f331cf5493194db12,augmentation of SS-ALM-0624,CC-BY-4.0
SS-ALM-0625-A1,augmented/alarm_or_siren/SS-ALM-0625-A1.wav,Alarm or Siren,SS-ALM-0625,train,augmented,distance,1414472649,4.0,16000,1,33d948730017dc24388ec0b38cfb65c6a58e29da5217ba54bb9a7233a1b389c4,augmentation of SS-ALM-0625,CC-BY-4.0
SS-ALM-0625-A2,augmented/alarm_or_siren/SS-ALM-0625-A2.wav,Alarm or Siren,SS-ALM-0625,train,augmented,pitch,4101651123,4.0,16000,1,34533b855bdcf7bac76f2d54a5864a6c3758c1512755bfc8fd573e011d46c99f,augmentation of SS-ALM-0625,CC-BY-4.0
SS-ALM-0626-A1,augmented/alarm_or_siren/SS-ALM-0626-A1.wav,Alarm or Siren,SS-ALM-0626,train,augmented,distance,1061222241,4.0,16000,1,72deff566c0636c2317433748d43b3014b5b0cff367b961d1b4a3b0837980541,augmentation of SS-ALM-0626,CC-BY-4.0
SS-ALM-0626-A2,augmented/alarm_or_siren/SS-ALM-0626-A2.wav,Alarm or Siren,SS-ALM-0626,train,augmented,pitch,938392563,4.0,16000,1,3c6ebc05e4df15c45de6dbf61e824db51868fb73dc7982eb680eea96e84e31c6,augmentation of SS-ALM-0626,CC-BY-4.0
SS-ALM-0627-A1,augmented/alarm_or_siren/SS-ALM-0627-A1.wav,Alarm or Siren,SS-ALM-0627,train,augmented,pitch,3028717731,4.0,16000,1,3c08a98c7ab7a60891268674ca76a471938cbfae5f686a8035a8663b330abbb6,augmentation of SS-ALM-0627,CC-BY-4.0
SS-ALM-0627-A2,augmented/alarm_or_siren/SS-ALM-0627-A2.wav,Alarm or Siren,SS-ALM-0627,train,augmented,noise,2504974402,4.0,16000,1,da20776c3288de9b6cd2ef5584b2265788f88f23ea8a61fe3a2322002e7e126d,augmentation of SS-ALM-0627,CC-BY-4.0
SS-ANI-0001-A1,augmented/animal_sound/SS-ANI-0001-A1.wav,Animal Sound,SS-ANI-0001,train,augmented,distance,2038408881,6.48,16000,1,4cd5390da9144730accf7896b7f8b1c978e880bfdfe86f9f129ab18d6a70e33e,augmentation of SS-ANI-0001,CC0-1.0
SS-ANI-0001-A2,augmented/animal_sound/SS-ANI-0001-A2.wav,Animal Sound,SS-ANI-0001,train,augmented,reverb,1471983540,6.48,16000,1,80112736c7512ad24e0dedd7d1eba9751a36f442d5770688ae3fa894199d4c64,augmentation of SS-ANI-0001,CC0-1.0
SS-ANI-0004-A1,augmented/animal_sound/SS-ANI-0004-A1.wav,Animal Sound,SS-ANI-0004,train,augmented,device,752658232,3.936,16000,1,54ecc52098bfa595376a4e6ad21a2958ce4595b3a80b4e5760cb69184e7aa6a5,augmentation of SS-ANI-0004,CC0-1.0
SS-ANI-0004-A2,augmented/animal_sound/SS-ANI-0004-A2.wav,Animal Sound,SS-ANI-0004,train,augmented,stretch,2413690910,4.29,16000,1,32a866d62de27d309488985c9c43f1338e453063d7eb118f7c02084fb31bc687,augmentation of SS-ANI-0004,CC0-1.0
SS-ANI-0006-A1,augmented/animal_sound/SS-ANI-0006-A1.wav,Animal Sound,SS-ANI-0006,train,augmented,noise,4006298322,20.565,16000,1,3e8cc4f0c6832277ffc9fe1a5fdbb466fa0be750cc7d5dba19583cb819230b80,augmentation of SS-ANI-0006,Sampling+-1.0
SS-ANI-0006-A2,augmented/animal_sound/SS-ANI-0006-A2.wav,Animal Sound,SS-ANI-0006,train,augmented,noise,2972436402,20.565,16000,1,5fbd216c82cd6f8c53e123cff8cefcd3ef7c6fd4e46cb053cc0d0db3248ce9e6,augmentation of SS-ANI-0006,Sampling+-1.0
SS-ANI-0007-A1,augmented/animal_sound/SS-ANI-0007-A1.wav,Animal Sound,SS-ANI-0007,train,augmented,noise,859099490,0.778,16000,1,73ee601c217ded098ac3248c1c3ed45d45b62bce32a50c915b3e6729d3d6b125,augmentation of SS-ANI-0007,CC0-1.0
SS-ANI-0007-A2,augmented/animal_sound/SS-ANI-0007-A2.wav,Animal Sound,SS-ANI-0007,train,augmented,noise,1502435698,0.778,16000,1,376c3b673127f67b34e42e317af559d72bc61f77f3c39d092ef8451e89d216ec,augmentation of SS-ANI-0007,CC0-1.0
SS-ANI-0009-A1,augmented/animal_sound/SS-ANI-0009-A1.wav,Animal Sound,SS-ANI-0009,train,augmented,distance,983353545,4.567,16000,1,ba0616e93bf8c32dd9cfb7593c27d575afc2a8c024f61a6c7f91605bf40f6d7b,augmentation of SS-ANI-0009,CC-BY-3.0
SS-ANI-0009-A2,augmented/animal_sound/SS-ANI-0009-A2.wav,Animal Sound,SS-ANI-0009,train,augmented,shift,3015367325,4.567,16000,1,d6100e19acf98ad3e0b89526dc7fa6db78d793ec7bbfb55cc93bba9b04d28fd7,augmentation of SS-ANI-0009,CC-BY-3.0
SS-ANI-0010-A1,augmented/animal_sound/SS-ANI-0010-A1.wav,Animal Sound,SS-ANI-0010,train,augmented,reverb,3283621636,1.194,16000,1,0d7b6e3347ee6452f35dc0c3d82ae487bac4e28a0edeb620aee77c521ae5d05a,augmentation of SS-ANI-0010,CC0-1.0
SS-ANI-0010-A2,augmented/animal_sound/SS-ANI-0010-A2.wav,Animal Sound,SS-ANI-0010,train,augmented,shift,634440093,1.194,16000,1,1e9f376c8edd251b55d570f00ca76d9ac045a60120302127a85cb77f2a08931c,augmentation of SS-ANI-0010,CC0-1.0
SS-ANI-0011-A1,augmented/animal_sound/SS-ANI-0011-A1.wav,Animal Sound,SS-ANI-0011,train,augmented,stretch,1447411110,4.922,16000,1,01ba64e3a8b0d9f78e05c9d0e95647f30c6a5f672ff88838d6268fed3551926a,augmentation of SS-ANI-0011,CC-BY-3.0
SS-ANI-0011-A2,augmented/animal_sound/SS-ANI-0011-A2.wav,Animal Sound,SS-ANI-0011,train,augmented,reverb,1719496436,4.279,16000,1,addd0978ebe2b04d435378792e8cd0815d10ed7861ceda32bec5471c73fb8289,augmentation of SS-ANI-0011,CC-BY-3.0
SS-ANI-0012-A1,augmented/animal_sound/SS-ANI-0012-A1.wav,Animal Sound,SS-ANI-0012,train,augmented,volume,480718975,1.062,16000,1,5258fee93bbdcda2ba1069f545f92c3793850e6506a29d5d0889b1368772c636,augmentation of SS-ANI-0012,CC0-1.0
SS-ANI-0012-A2,augmented/animal_sound/SS-ANI-0012-A2.wav,Animal Sound,SS-ANI-0012,train,augmented,shift,546654781,1.062,16000,1,3dd4063d5438a91f96bedc9a241a657655945b46edc4aef01a3393f5c90c4b0a,augmentation of SS-ANI-0012,CC0-1.0
SS-ANI-0013-A1,augmented/animal_sound/SS-ANI-0013-A1.wav,Animal Sound,SS-ANI-0013,train,augmented,stretch,4012259302,10.142,16000,1,40bb29fc1c5b79ed4cafd0da2b73a850752b556d45447e7029734d0dd6cde863,augmentation of SS-ANI-0013,CC-BY-3.0
SS-ANI-0013-A2,augmented/animal_sound/SS-ANI-0013-A2.wav,Animal Sound,SS-ANI-0013,train,augmented,noise,930247698,10.601,16000,1,d65a66e2c6813b072f3b41529597ae544d5b8050c393aea059a6a01aae63fb1f,augmentation of SS-ANI-0013,CC-BY-3.0
SS-ANI-0014-A1,augmented/animal_sound/SS-ANI-0014-A1.wav,Animal Sound,SS-ANI-0014,train,augmented,shift,2666030333,3.544,16000,1,09c8a126239239b83378bc349e4e96f324e46d33013e9d2f6d48b64a3deff6ef,augmentation of SS-ANI-0014,CC-BY-3.0
SS-ANI-0014-A2,augmented/animal_sound/SS-ANI-0014-A2.wav,Animal Sound,SS-ANI-0014,train,augmented,shift,3317405501,3.544,16000,1,d1bbe224283261cac28e85d55c9e070343f2e029b9a255631c3d7db154d1b326,augmentation of SS-ANI-0014,CC-BY-3.0
SS-ANI-0015-A1,augmented/animal_sound/SS-ANI-0015-A1.wav,Animal Sound,SS-ANI-0015,train,augmented,reverb,2054711492,8.02,16000,1,543c49a7197ab840c238d79244bd6002407f389839506c36c1f1b1a6a50caed4,augmentation of SS-ANI-0015,CC0-1.0
SS-ANI-0015-A2,augmented/animal_sound/SS-ANI-0015-A2.wav,Animal Sound,SS-ANI-0015,train,augmented,volume,801169975,8.02,16000,1,49fcd5f68b2491bb2680e1e6721da3be0a8a4bdc03b3448441e97d2d04dc0fac,augmentation of SS-ANI-0015,CC0-1.0
SS-ANI-0016-A1,augmented/animal_sound/SS-ANI-0016-A1.wav,Animal Sound,SS-ANI-0016,train,augmented,volume,79748799,16.138,16000,1,6ac2de8cf9ad7aeee4c99b71021ea7cda5c61462a8ef47fa85465547cbca1ac5,augmentation of SS-ANI-0016,CC-BY-3.0
SS-ANI-0016-A2,augmented/animal_sound/SS-ANI-0016-A2.wav,Animal Sound,SS-ANI-0016,train,augmented,reverb,3461949932,16.138,16000,1,a4233fe08e0c0a1c92fb2986ca830cf6420a4e364974284826f6e732d6fcd164,augmentation of SS-ANI-0016,CC-BY-3.0
SS-ANI-0018-A1,augmented/animal_sound/SS-ANI-0018-A1.wav,Animal Sound,SS-ANI-0018,train,augmented,stretch,4050898438,21.601,16000,1,55a72771b64f4718ac965a8f7421d740bba7dff421d6832519513f27e0d20f43,augmentation of SS-ANI-0018,CC0-1.0
SS-ANI-0018-A2,augmented/animal_sound/SS-ANI-0018-A2.wav,Animal Sound,SS-ANI-0018,train,augmented,pitch,302425547,24.145,16000,1,e851d042f8ea3b727c78f7bd0d24c8a74dfec688f3ccc9607530ea249224f1f5,augmentation of SS-ANI-0018,CC0-1.0
SS-ANI-0023-A1,augmented/animal_sound/SS-ANI-0023-A1.wav,Animal Sound,SS-ANI-0023,train,augmented,distance,1817744417,2.649,16000,1,9f08f0a7e8202862abf73ff0ca5ba397ffea955ce666d0ddf4b00895a97c85d5,augmentation of SS-ANI-0023,CC0-1.0
SS-ANI-0023-A2,augmented/animal_sound/SS-ANI-0023-A2.wav,Animal Sound,SS-ANI-0023,train,augmented,noise,282823770,2.649,16000,1,ac9dcee33bbc14b2f906a7b01ded410623e055483232427910a6d27730243838,augmentation of SS-ANI-0023,CC0-1.0
SS-ANI-0024-A1,augmented/animal_sound/SS-ANI-0024-A1.wav,Animal Sound,SS-ANI-0024,train,augmented,shift,3097054485,25.558,16000,1,1df79b8ddf36104a461a5c60ef57d800003b140a3bb2bc21ffc2ca3be550f6a8,augmentation of SS-ANI-0024,CC-BY-3.0
SS-ANI-0024-A2,augmented/animal_sound/SS-ANI-0024-A2.wav,Animal Sound,SS-ANI-0024,train,augmented,noise,1879399762,25.558,16000,1,e442e22638c1385e715cd840bea321dc4f7f97e96c1d034a4d4b32a0295f6b60,augmentation of SS-ANI-0024,CC-BY-3.0
SS-ANI-0025-A1,augmented/animal_sound/SS-ANI-0025-A1.wav,Animal Sound,SS-ANI-0025,train,augmented,volume,3319076559,20.177,16000,1,1435f3a9bfe0a62774cdeda872f7f5083a2db2d4c41ec3867a824080b3c89bb9,augmentation of SS-ANI-0025,CC-BY-3.0
SS-ANI-0025-A2,augmented/animal_sound/SS-ANI-0025-A2.wav,Animal Sound,SS-ANI-0025,train,augmented,stretch,4025808846,23.701,16000,1,7f8021951e2c5569f1d3315e4465615d34aa3dcbdede97ca04fbf32fb2881187,augmentation of SS-ANI-0025,CC-BY-3.0
SS-ANI-0026-A1,augmented/animal_sound/SS-ANI-0026-A1.wav,Animal Sound,SS-ANI-0026,train,augmented,shift,1648936365,7.899,16000,1,aac6e6ae99ddfa55c5b9af7dd5cf914f21c2f7aea0a7761dfb427f141254c086,augmentation of SS-ANI-0026,CC0-1.0
SS-ANI-0026-A2,augmented/animal_sound/SS-ANI-0026-A2.wav,Animal Sound,SS-ANI-0026,train,augmented,distance,1246929953,7.899,16000,1,28b53967093ea5120f05d8a85662ef863b6fb0f2314e5cd9670ed82cbc150c25,augmentation of SS-ANI-0026,CC0-1.0
SS-ANI-0028-A1,augmented/animal_sound/SS-ANI-0028-A1.wav,Animal Sound,SS-ANI-0028,train,augmented,stretch,1106617390,25.666,16000,1,2ccdff06f973fd956da9b6700b9a3437f4e4df90e921e27d984d38b80a3a2ca1,augmentation of SS-ANI-0028,CC-BY-3.0
SS-ANI-0028-A2,augmented/animal_sound/SS-ANI-0028-A2.wav,Animal Sound,SS-ANI-0028,train,augmented,volume,1859636743,25.278,16000,1,7f8813e8438ff435fbce402760b16740758efd8755df2d428ae7bc179aee92c2,augmentation of SS-ANI-0028,CC-BY-3.0
SS-ANI-0029-A1,augmented/animal_sound/SS-ANI-0029-A1.wav,Animal Sound,SS-ANI-0029,train,augmented,shift,2749332429,6.262,16000,1,6fb23beecb4431fc0ff263c7095050ce8143af1c28a77be6899b0ca0c0b1b661,augmentation of SS-ANI-0029,CC-BY-3.0
SS-ANI-0029-A2,augmented/animal_sound/SS-ANI-0029-A2.wav,Animal Sound,SS-ANI-0029,train,augmented,volume,1349911055,6.262,16000,1,ab7673d449c5c27375b6fb0fb761f81a1c900486a0dff08ba6a022414e139209,augmentation of SS-ANI-0029,CC-BY-3.0
SS-ANI-0031-A1,augmented/animal_sound/SS-ANI-0031-A1.wav,Animal Sound,SS-ANI-0031,train,augmented,distance,3130314449,0.535,16000,1,be0912420a0d3ee4a0804df38f42c67cac6e5203b4c23e55e9a81691d3235cf8,augmentation of SS-ANI-0031,CC0-1.0
SS-ANI-0031-A2,augmented/animal_sound/SS-ANI-0031-A2.wav,Animal Sound,SS-ANI-0031,train,augmented,distance,727297873,0.535,16000,1,f6732e37c26045d580754937cff7ab8a18fd8c1471d439135a871c6255835b39,augmentation of SS-ANI-0031,CC0-1.0
SS-ANI-0032-A1,augmented/animal_sound/SS-ANI-0032-A1.wav,Animal Sound,SS-ANI-0032,train,augmented,reverb,417323060,1.852,16000,1,bb555fa3dfe39887fdf27dbffb5f911442ec8c8360ed93a70ad709f5c3ffcd2f,augmentation of SS-ANI-0032,CC-BY-3.0
SS-ANI-0032-A2,augmented/animal_sound/SS-ANI-0032-A2.wav,Animal Sound,SS-ANI-0032,train,augmented,stretch,2127528126,1.974,16000,1,d90adf80fe2fefff0bc57fc31c780b640fa304a10c89f28704f8a927006615ba,augmentation of SS-ANI-0032,CC-BY-3.0
SS-ANI-0034-A1,augmented/animal_sound/SS-ANI-0034-A1.wav,Animal Sound,SS-ANI-0034,train,augmented,noise,4129755458,6.04,16000,1,f8a1284e0e0c4b58374f7dcc55a91c97d4a11c9c3235d5cb93645d94301d7962,augmentation of SS-ANI-0034,Sampling+-1.0
SS-ANI-0034-A2,augmented/animal_sound/SS-ANI-0034-A2.wav,Animal Sound,SS-ANI-0034,train,augmented,reverb,2687367140,6.04,16000,1,e96b7772db976daef03120ac160acdeeaa0ad009154c571dd99366402febd446,augmentation of SS-ANI-0034,Sampling+-1.0
SS-ANI-0035-A1,augmented/animal_sound/SS-ANI-0035-A1.wav,Animal Sound,SS-ANI-0035,train,augmented,noise,2842830690,23.382,16000,1,afa90cf20af3082c14291ec2086842bca8551837aa4d5db028d8051cf8c67067,augmentation of SS-ANI-0035,CC0-1.0
SS-ANI-0035-A2,augmented/animal_sound/SS-ANI-0035-A2.wav,Animal Sound,SS-ANI-0035,train,augmented,noise,1229894722,23.382,16000,1,920600fb9fa900cb70e6aac5d81849a832bb0336522d3876a6ee9dd865928066,augmentation of SS-ANI-0035,CC0-1.0
SS-ANI-0036-A1,augmented/animal_sound/SS-ANI-0036-A1.wav,Animal Sound,SS-ANI-0036,train,augmented,stretch,3941850334,16.857,16000,1,93ca5cbcd8526d8e1445c09e3feb146ff7227ace47b047ac3805d1b2e658eab3,augmentation of SS-ANI-0036,CC-BY-3.0
SS-ANI-0036-A2,augmented/animal_sound/SS-ANI-0036-A2.wav,Animal Sound,SS-ANI-0036,train,augmented,stretch,240074406,18.131,16000,1,ead0fe6d414e8bab610b263de70582b60a1f79aa683e28116dd38eaacedd1020,augmentation of SS-ANI-0036,CC-BY-3.0
SS-ANI-0037-A1,augmented/animal_sound/SS-ANI-0037-A1.wav,Animal Sound,SS-ANI-0037,train,augmented,noise,1443870114,27.847,16000,1,14c9094db3abe381094d25873e4cf12fac6287492a2da733ea72ec72fb6d0932,augmentation of SS-ANI-0037,CC-BY-3.0
SS-ANI-0037-A2,augmented/animal_sound/SS-ANI-0037-A2.wav,Animal Sound,SS-ANI-0037,train,augmented,reverb,3654183172,27.847,16000,1,ebebfc1a92b570105a5690237fe8eac6d389a6f90f300277bd2d6fa3c079d2b7,augmentation of SS-ANI-0037,CC-BY-3.0
SS-ANI-0038-A1,augmented/animal_sound/SS-ANI-0038-A1.wav,Animal Sound,SS-ANI-0038,train,augmented,reverb,2143051580,15.44,16000,1,8acaced9f5d01ac1fe48ffcedc3c2eb647217022174ba1301bac3ed0696c4074,augmentation of SS-ANI-0038,CC-BY-3.0
SS-ANI-0038-A2,augmented/animal_sound/SS-ANI-0038-A2.wav,Animal Sound,SS-ANI-0038,train,augmented,shift,3395816133,15.44,16000,1,afbbc5e37ec3318216337f5f7a9e619cc9826027ab7336ea332e2fdbcdb197a8,augmentation of SS-ANI-0038,CC-BY-3.0
SS-ANI-0039-A1,augmented/animal_sound/SS-ANI-0039-A1.wav,Animal Sound,SS-ANI-0039,train,augmented,noise,2609343930,8.829,16000,1,0345bd19dc01462cc6f069586a437f3d70d9c9f7ad6629635230f44a1f2400d2,augmentation of SS-ANI-0039,CC-BY-3.0
SS-ANI-0039-A2,augmented/animal_sound/SS-ANI-0039-A2.wav,Animal Sound,SS-ANI-0039,train,augmented,distance,1657463281,8.829,16000,1,ab0c14e3de9960a37a179d27804cfd813e568f4301355fc71aae72713a191dc1,augmentation of SS-ANI-0039,CC-BY-3.0
SS-ANI-0041-A1,augmented/animal_sound/SS-ANI-0041-A1.wav,Animal Sound,SS-ANI-0041,train,augmented,pitch,4220925179,1.219,16000,1,4a631bbd05e927275d761de90bcf68170d52fc7161a5ca75e46cb08830531cfd,augmentation of SS-ANI-0041,CC0-1.0
SS-ANI-0041-A2,augmented/animal_sound/SS-ANI-0041-A2.wav,Animal Sound,SS-ANI-0041,train,augmented,shift,2548147941,1.219,16000,1,7194f60505363e3bb410d0a4a3764376f3dc640ce912489439d78884d2716482,augmentation of SS-ANI-0041,CC0-1.0
SS-ANI-0042-A1,augmented/animal_sound/SS-ANI-0042-A1.wav,Animal Sound,SS-ANI-0042,train,augmented,reverb,454140956,24.216,16000,1,da3962a87f9b49abf574907881d81b5901e877b37eda31594f2143554c244e8b,augmentation of SS-ANI-0042,CC-BY-3.0
SS-ANI-0042-A2,augmented/animal_sound/SS-ANI-0042-A2.wav,Animal Sound,SS-ANI-0042,train,augmented,noise,1437146,24.216,16000,1,c70058572b8924683a7f486d5ba7c471c8d6d1429c2fa2a44bf9930a7f4de415,augmentation of SS-ANI-0042,CC-BY-3.0
SS-ANI-0043-A1,augmented/animal_sound/SS-ANI-0043-A1.wav,Animal Sound,SS-ANI-0043,train,augmented,pitch,3107761707,1.189,16000,1,71591e3940f0f6d1681e4e6241473bb60fbf6a9b81b5bb827d125662945b9667,augmentation of SS-ANI-0043,CC0-1.0
SS-ANI-0043-A2,augmented/animal_sound/SS-ANI-0043-A2.wav,Animal Sound,SS-ANI-0043,train,augmented,volume,1314126447,1.189,16000,1,16c4899883ae1979b2d1558800f075e804120df1a5f4ae72140343e9a537b5de,augmentation of SS-ANI-0043,CC0-1.0
SS-ANI-0044-A1,augmented/animal_sound/SS-ANI-0044-A1.wav,Animal Sound,SS-ANI-0044,train,augmented,stretch,3857117862,1.622,16000,1,8c63cd71a159df44b44753c19b621bb40c8e653cc4d59ce2cf00e9ec20c0e007,augmentation of SS-ANI-0044,CC-BY-3.0
SS-ANI-0044-A2,augmented/animal_sound/SS-ANI-0044-A2.wav,Animal Sound,SS-ANI-0044,train,augmented,shift,3937143317,1.625,16000,1,e1fe7d050f05a7f0dd92e99ff4efb9c1a768773b391e6d04290f43ad0bfbb120,augmentation of SS-ANI-0044,CC-BY-3.0
SS-ANI-0045-A1,augmented/animal_sound/SS-ANI-0045-A1.wav,Animal Sound,SS-ANI-0045,train,augmented,device,2418335968,17.48,16000,1,19215bc0dfee22d65a553b5728b4f7cc9a986bc239d8ef70f41857ff303476de,augmentation of SS-ANI-0045,CC-BY-3.0
SS-ANI-0045-A2,augmented/animal_sound/SS-ANI-0045-A2.wav,Animal Sound,SS-ANI-0045,train,augmented,pitch,2948134979,17.48,16000,1,535f77a0739356e3975a725fb335f4c6ea995150d400931e5b68339bea8a55c5,augmentation of SS-ANI-0045,CC-BY-3.0
SS-ANI-0046-A1,augmented/animal_sound/SS-ANI-0046-A1.wav,Animal Sound,SS-ANI-0046,train,augmented,reverb,1418821412,3.179,16000,1,72ab26f2e43e3f9c7a57211c6b1d5edf29aa68d343f948391ce0ffe5b41eeb43,augmentation of SS-ANI-0046,CC-BY-3.0
SS-ANI-0046-A2,augmented/animal_sound/SS-ANI-0046-A2.wav,Animal Sound,SS-ANI-0046,train,augmented,stretch,3738348198,3.062,16000,1,90e2900f29565864ae7bef70c756441f91993a812e3d6a5b7667c88163614a5d,augmentation of SS-ANI-0046,CC-BY-3.0
SS-ANI-0047-A1,augmented/animal_sound/SS-ANI-0047-A1.wav,Animal Sound,SS-ANI-0047,train,augmented,pitch,1563822195,21.467,16000,1,7ac7ab2bec8624b3d022fd602905d880688c1b43f48f99c3737a71976c818c6f,augmentation of SS-ANI-0047,CC-BY-3.0
SS-ANI-0047-A2,augmented/animal_sound/SS-ANI-0047-A2.wav,Animal Sound,SS-ANI-0047,train,augmented,reverb,1983777020,21.467,16000,1,83427753b07d3d14f96f157c07b205572e2bc65f5c263d19db73b0f439930299,augmentation of SS-ANI-0047,CC-BY-3.0
SS-ANI-0050-A1,augmented/animal_sound/SS-ANI-0050-A1.wav,Animal Sound,SS-ANI-0050,train,augmented,distance,2889929745,0.669,16000,1,e43e35d0ec535e12b3b867eb39819b58c6129b3728a95ab5897f649b3d0797f0,augmentation of SS-ANI-0050,CC-BY-3.0
SS-ANI-0050-A2,augmented/animal_sound/SS-ANI-0050-A2.wav,Animal Sound,SS-ANI-0050,train,augmented,noise,2323038762,0.669,16000,1,90594df9475d757e8fe05745ebd7328853c28246a700f78c573140a11a2bbf96,augmentation of SS-ANI-0050,CC-BY-3.0
SS-ANI-0051-A1,augmented/animal_sound/SS-ANI-0051-A1.wav,Animal Sound,SS-ANI-0051,train,augmented,shift,3173655341,2.606,16000,1,e2911259c20cdcdfb649ba1e011add7f08af97bac42d19e29b17199adc04ac12,augmentation of SS-ANI-0051,CC-BY-3.0
SS-ANI-0051-A2,augmented/animal_sound/SS-ANI-0051-A2.wav,Animal Sound,SS-ANI-0051,train,augmented,volume,4290418591,2.606,16000,1,fcd61930380e39126063b3165f8b6450ac01b252527db70f97ac8def34842f18,augmentation of SS-ANI-0051,CC-BY-3.0
SS-ANI-0053-A1,augmented/animal_sound/SS-ANI-0053-A1.wav,Animal Sound,SS-ANI-0053,train,augmented,pitch,4154150195,0.708,16000,1,37b568654fa93947b52131d2b6a07ebe9ef7b0f843f06d92daa7a1eb93fa7e76,augmentation of SS-ANI-0053,CC0-1.0
SS-ANI-0053-A2,augmented/animal_sound/SS-ANI-0053-A2.wav,Animal Sound,SS-ANI-0053,train,augmented,device,4280065800,0.708,16000,1,b2cfb0b5b466b01918ed5d77466ce77b2f04eb07447b168e10bf5d3102d12bc0,augmentation of SS-ANI-0053,CC0-1.0
SS-ANI-0055-A1,augmented/animal_sound/SS-ANI-0055-A1.wav,Animal Sound,SS-ANI-0055,train,augmented,device,3910806536,17.356,16000,1,cb75022ec83bf15334b9e7986cf5ed219dd1b6296f942556377870dd2deedd9e,augmentation of SS-ANI-0055,CC0-1.0
SS-ANI-0055-A2,augmented/animal_sound/SS-ANI-0055-A2.wav,Animal Sound,SS-ANI-0055,train,augmented,volume,3052133815,17.356,16000,1,e6acc08ca68cb75b9534f402dcec480393177aebf965889f95c6ddc4a432dcf5,augmentation of SS-ANI-0055,CC0-1.0
SS-ANI-0056-A1,augmented/animal_sound/SS-ANI-0056-A1.wav,Animal Sound,SS-ANI-0056,train,augmented,pitch,535517603,8.304,16000,1,a42f5fb551d2d562559a7a381fc6d2252121d473e4ffc30828c0ec8988740c5a,augmentation of SS-ANI-0056,CC0-1.0
SS-ANI-0056-A2,augmented/animal_sound/SS-ANI-0056-A2.wav,Animal Sound,SS-ANI-0056,train,augmented,pitch,1290768011,8.304,16000,1,590f3799a385bb44c54c3e142f2287bb8016a68bf8c7971a5a16b50ab101649e,augmentation of SS-ANI-0056,CC0-1.0
SS-ANI-0057-A1,augmented/animal_sound/SS-ANI-0057-A1.wav,Animal Sound,SS-ANI-0057,train,augmented,stretch,3231703662,0.806,16000,1,b8ed75ca9a4d3f72a5122736d4aaf7c6e114eec31be0bf41d5b8a575a2d20f56,augmentation of SS-ANI-0057,CC0-1.0
SS-ANI-0057-A2,augmented/animal_sound/SS-ANI-0057-A2.wav,Animal Sound,SS-ANI-0057,train,augmented,pitch,4284867051,0.882,16000,1,3c0f504af1ad62d38420d3e7c8d0d809e78516b3bbf49c533f6244103bc8fa95,augmentation of SS-ANI-0057,CC0-1.0
SS-ANI-0058-A1,augmented/animal_sound/SS-ANI-0058-A1.wav,Animal Sound,SS-ANI-0058,train,augmented,distance,3863770585,7.328,16000,1,fa89baa18a900b45d2fd58202e4c549d3a642e6c6417d83dcbacba7a3c028f3a,augmentation of SS-ANI-0058,CC0-1.0
SS-ANI-0058-A2,augmented/animal_sound/SS-ANI-0058-A2.wav,Animal Sound,SS-ANI-0058,train,augmented,pitch,2618434875,7.328,16000,1,5bbb61b1c3421b3060d7675ae95f856e25caed6ab06ab50f1b6dc42c822e614d,augmentation of SS-ANI-0058,CC0-1.0
SS-ANI-0060-A1,augmented/animal_sound/SS-ANI-0060-A1.wav,Animal Sound,SS-ANI-0060,train,augmented,stretch,2531519662,2.169,16000,1,db1fe5094cc09c94ca692654039daef4b93d95671276318427b151479bb014aa,augmentation of SS-ANI-0060,CC-BY-3.0
SS-ANI-0060-A2,augmented/animal_sound/SS-ANI-0060-A2.wav,Animal Sound,SS-ANI-0060,train,augmented,device,4044283832,2.255,16000,1,d996ed00edb8fb579527e83fe857b61aee8fc5c751a1804f94f017585ede6559,augmentation of SS-ANI-0060,CC-BY-3.0
SS-ANI-0061-A1,augmented/animal_sound/SS-ANI-0061-A1.wav,Animal Sound,SS-ANI-0061,train,augmented,pitch,1438153827,1.167,16000,1,ab79145562edb98fee4f17399ede8c5be8e7b99d5427621fb3561a936111f839,augmentation of SS-ANI-0061,CC0-1.0
SS-ANI-0061-A2,augmented/animal_sound/SS-ANI-0061-A2.wav,Animal Sound,SS-ANI-0061,train,augmented,noise,1088773002,1.167,16000,1,3017f128a8e1ee6663284bdc00c501275b1ed2108b66af8c362a1313c0202eb9,augmentation of SS-ANI-0061,CC0-1.0
SS-ANI-0062-A1,augmented/animal_sound/SS-ANI-0062-A1.wav,Animal Sound,SS-ANI-0062,train,augmented,reverb,1129904644,1.416,16000,1,d50d3df926b7625c164dd6b628bbade0fa1819d57bc93919cffeae713e6e7363,augmentation of SS-ANI-0062,CC-BY-3.0
SS-ANI-0062-A2,augmented/animal_sound/SS-ANI-0062-A2.wav,Animal Sound,SS-ANI-0062,train,augmented,reverb,556429932,1.416,16000,1,19abbbc148e9104fed0010a7dfd892c4a8c32ff89b01dcf511afa208e351f68a,augmentation of SS-ANI-0062,CC-BY-3.0
SS-ANI-0064-A1,augmented/animal_sound/SS-ANI-0064-A1.wav,Animal Sound,SS-ANI-0064,train,augmented,device,2288190528,29.716,16000,1,b6ee160156dc4975aa54bd2714d771f7bb1de6db1935af0150aedb22afd75835,augmentation of SS-ANI-0064,CC0-1.0
SS-ANI-0064-A2,augmented/animal_sound/SS-ANI-0064-A2.wav,Animal Sound,SS-ANI-0064,train,augmented,device,283904192,29.716,16000,1,b6ee160156dc4975aa54bd2714d771f7bb1de6db1935af0150aedb22afd75835,augmentation of SS-ANI-0064,CC0-1.0
SS-ANI-0065-A1,augmented/animal_sound/SS-ANI-0065-A1.wav,Animal Sound,SS-ANI-0065,train,augmented,noise,531947618,23.208,16000,1,0b6cbee7f7ac24f88c41f1d0f72807bffd5af06cc9a8e6da1fe1a60cc0db4e63,augmentation of SS-ANI-0065,CC-BY-3.0
SS-ANI-0065-A2,augmented/animal_sound/SS-ANI-0065-A2.wav,Animal Sound,SS-ANI-0065,train,augmented,reverb,1613834548,23.208,16000,1,0b88dd9f6f9e2fd73b029123d256b385a0952dc9955218ee81fdfb2bf40e1b5c,augmentation of SS-ANI-0065,CC-BY-3.0
SS-ANI-0067-A1,augmented/animal_sound/SS-ANI-0067-A1.wav,Animal Sound,SS-ANI-0067,train,augmented,pitch,538925851,0.975,16000,1,394c4c08f7295f4809d664c3f26aebf0c91eb32bacf6100b250f610673977ea6,augmentation of SS-ANI-0067,CC0-1.0
SS-ANI-0067-A2,augmented/animal_sound/SS-ANI-0067-A2.wav,Animal Sound,SS-ANI-0067,train,augmented,reverb,115126060,0.975,16000,1,f5f041c1c968105ca342ca47e45361d9873dd89a9da0d9cf0efdd9f2763670c2,augmentation of SS-ANI-0067,CC0-1.0
SS-ANI-0068-A1,augmented/animal_sound/SS-ANI-0068-A1.wav,Animal Sound,SS-ANI-0068,train,augmented,device,2730296848,19.153,16000,1,b29b41f676600b08fdafe4c5d9230c6581ff8750ac49307bfa0c20d97f490f6d,augmentation of SS-ANI-0068,CC-BY-3.0
SS-ANI-0068-A2,augmented/animal_sound/SS-ANI-0068-A2.wav,Animal Sound,SS-ANI-0068,train,augmented,device,3083434424,19.153,16000,1,b29b41f676600b08fdafe4c5d9230c6581ff8750ac49307bfa0c20d97f490f6d,augmentation of SS-ANI-0068,CC-BY-3.0
SS-ANI-0069-A1,augmented/animal_sound/SS-ANI-0069-A1.wav,Animal Sound,SS-ANI-0069,train,augmented,distance,449068609,10.56,16000,1,37f648fe89fbb00e83cfd84d72b86c72d329db20f045f4c9c91243f1de4cdcdb,augmentation of SS-ANI-0069,CC0-1.0
SS-ANI-0069-A2,augmented/animal_sound/SS-ANI-0069-A2.wav,Animal Sound,SS-ANI-0069,train,augmented,distance,727647161,10.56,16000,1,39298dd5e0842816100d29e37b854a6207fddee4e72b165dbcc22627ec90ebaf,augmentation of SS-ANI-0069,CC0-1.0
SS-ANI-0070-A1,augmented/animal_sound/SS-ANI-0070-A1.wav,Animal Sound,SS-ANI-0070,train,augmented,noise,2466083810,23.839,16000,1,78a6c4ba74e67544ff6058a4eaa73c4dc1ec34bb88389d8d464b6e502eaf3d74,augmentation of SS-ANI-0070,CC0-1.0
SS-ANI-0070-A2,augmented/animal_sound/SS-ANI-0070-A2.wav,Animal Sound,SS-ANI-0070,train,augmented,shift,2482641613,23.839,16000,1,53150a13b60fdbe913c81accba1792da79e4313dbf7da32be8158b340478feeb,augmentation of SS-ANI-0070,CC0-1.0
SS-ANI-0071-A1,augmented/animal_sound/SS-ANI-0071-A1.wav,Animal Sound,SS-ANI-0071,train,augmented,shift,2032070365,5.547,16000,1,d2cd4c21a9eb120435f9c7f010833515e80a8ded2c04391e5080cf0e613e81da,augmentation of SS-ANI-0071,CC0-1.0
SS-ANI-0071-A2,augmented/animal_sound/SS-ANI-0071-A2.wav,Animal Sound,SS-ANI-0071,train,augmented,noise,2111924322,5.547,16000,1,880a5683ee5b45e53210dd6d2494c1e9f83e06469b852fda1bfc63a0cc7fe9e3,augmentation of SS-ANI-0071,CC0-1.0
SS-ANI-0072-A1,augmented/animal_sound/SS-ANI-0072-A1.wav,Animal Sound,SS-ANI-0072,train,augmented,reverb,1065124852,20.916,16000,1,815b5a18525877dcb6f34a6e85ba66c90fd5c04a98a5a20b47ad3bdf9e75abbb,augmentation of SS-ANI-0072,CC-BY-3.0
SS-ANI-0072-A2,augmented/animal_sound/SS-ANI-0072-A2.wav,Animal Sound,SS-ANI-0072,train,augmented,stretch,2397822798,18.708,16000,1,4470f3da767ab5880a16c0689d62426560f6e58e290c49a0e6a983a161651e61,augmentation of SS-ANI-0072,CC-BY-3.0
SS-ANI-0074-A1,augmented/animal_sound/SS-ANI-0074-A1.wav,Animal Sound,SS-ANI-0074,train,augmented,noise,4214844082,3.218,16000,1,3e4e40f594c826f76d6ad23342dbceb550fc148e3d4c4bdbf58295d9f93fcdb3,augmentation of SS-ANI-0074,CC-BY-3.0
SS-ANI-0074-A2,augmented/animal_sound/SS-ANI-0074-A2.wav,Animal Sound,SS-ANI-0074,train,augmented,reverb,3478721780,3.218,16000,1,d1dd681c74c943e162d50679aa4b57668d6d77ed5adbb79bb4143a741b91a24e,augmentation of SS-ANI-0074,CC-BY-3.0
SS-ANI-0075-A1,augmented/animal_sound/SS-ANI-0075-A1.wav,Animal Sound,SS-ANI-0075,train,augmented,volume,131551991,8.899,16000,1,cd3d8a91b4d659d8b91881af2bc1041583b20cba9d6244fa599ff61b68bb1a47,augmentation of SS-ANI-0075,CC0-1.0
SS-ANI-0075-A2,augmented/animal_sound/SS-ANI-0075-A2.wav,Animal Sound,SS-ANI-0075,train,augmented,reverb,1098952804,8.899,16000,1,9a9b756f1c362e6a848055e1eba590ac41eb8e7e798c6b9edac64c31c30ea0a3,augmentation of SS-ANI-0075,CC0-1.0
SS-ANI-0079-A1,augmented/animal_sound/SS-ANI-0079-A1.wav,Animal Sound,SS-ANI-0079,train,augmented,device,3008929008,7.521,16000,1,516700d47974ddf4f18ce477527e33577603fa9fcaec897891cd26943e7af1c4,augmentation of SS-ANI-0079,CC-BY-3.0
SS-ANI-0079-A2,augmented/animal_sound/SS-ANI-0079-A2.wav,Animal Sound,SS-ANI-0079,train,augmented,noise,1428360050,7.521,16000,1,79e5b6bb58e281e33af72205765685b83042b8f3de83ba7ec63814cf62ee8d1b,augmentation of SS-ANI-0079,CC-BY-3.0
SS-ANI-0080-A1,augmented/animal_sound/SS-ANI-0080-A1.wav,Animal Sound,SS-ANI-0080,train,augmented,pitch,2963715403,2.334,16000,1,2e490f501d5c6aa35c1136ff89ebea0bb5e737e7c2d218f4a33981ae4402e5fa,augmentation of SS-ANI-0080,CC0-1.0
SS-ANI-0080-A2,augmented/animal_sound/SS-ANI-0080-A2.wav,Animal Sound,SS-ANI-0080,train,augmented,distance,1510806377,2.334,16000,1,fe5892a605a4f62e2a933c292fb226bdd151b0a867f34428670c306fca189d90,augmentation of SS-ANI-0080,CC0-1.0
SS-ANI-0081-A1,augmented/animal_sound/SS-ANI-0081-A1.wav,Animal Sound,SS-ANI-0081,train,augmented,device,448561216,3.367,16000,1,33de00c1f5e32b999bc28571e01fe616a783416f360904c105790a90e311c3cc,augmentation of SS-ANI-0081,CC0-1.0
SS-ANI-0081-A2,augmented/animal_sound/SS-ANI-0081-A2.wav,Animal Sound,SS-ANI-0081,train,augmented,shift,3316814861,3.367,16000,1,934fb5b111c7b6603568f00ca3020d0a11986bf07d0dd8f09dcc00810a8e3c05,augmentation of SS-ANI-0081,CC0-1.0
SS-ANI-0082-A1,augmented/animal_sound/SS-ANI-0082-A1.wav,Animal Sound,SS-ANI-0082,train,augmented,device,835018384,0.773,16000,1,e9e6ff2e6e9ab2cb5c64874685fd81b9e05488bf7b0ad63fd6ac2c5ef69d190f,augmentation of SS-ANI-0082,CC-BY-3.0
SS-ANI-0082-A2,augmented/animal_sound/SS-ANI-0082-A2.wav,Animal Sound,SS-ANI-0082,train,augmented,pitch,3626745203,0.773,16000,1,a37559eb0e1e103ced375b771d7c152c1cf2226493f9dde4c3c4533d2bec42e7,augmentation of SS-ANI-0082,CC-BY-3.0
SS-ANI-0083-A1,augmented/animal_sound/SS-ANI-0083-A1.wav,Animal Sound,SS-ANI-0083,train,augmented,stretch,2311312022,9.264,16000,1,78765695c9ff92229fdd1ded32446a38b34892d6a82be8552010047937236274,augmentation of SS-ANI-0083,CC-BY-3.0
SS-ANI-0083-A2,augmented/animal_sound/SS-ANI-0083-A2.wav,Animal Sound,SS-ANI-0083,train,augmented,stretch,3990298238,10.635,16000,1,91193b02510b0582719eed75fdee44386af2be4447bddc252132e483691682ea,augmentation of SS-ANI-0083,CC-BY-3.0
SS-ANI-0084-A1,augmented/animal_sound/SS-ANI-0084-A1.wav,Animal Sound,SS-ANI-0084,train,augmented,stretch,2650324102,12.067,16000,1,96c49ea4800e8339f4369c0579550d5771e041b71cf139afa4df022b8cc6bb17,augmentation of SS-ANI-0084,CC-BY-3.0
SS-ANI-0084-A2,augmented/animal_sound/SS-ANI-0084-A2.wav,Animal Sound,SS-ANI-0084,train,augmented,distance,3223595897,12.908,16000,1,551cd26e4d237a1feb0978d1db539fe91d26f475eb8f233a1ace0a9495def0d0,augmentation of SS-ANI-0084,CC-BY-3.0
SS-ANI-0088-A1,augmented/animal_sound/SS-ANI-0088-A1.wav,Animal Sound,SS-ANI-0088,train,augmented,shift,2591133645,15.722,16000,1,c6deab9b788c757381f5fd85b4e604201ffe22844012dbd174f32e2d94a9c5ac,augmentation of SS-ANI-0088,CC-BY-3.0
SS-ANI-0088-A2,augmented/animal_sound/SS-ANI-0088-A2.wav,Animal Sound,SS-ANI-0088,train,augmented,reverb,482122148,15.722,16000,1,36c981637d2e7556fbdb7aa72d17620a57ef77743c3ec16d0663ba9e42feb72f,augmentation of SS-ANI-0088,CC-BY-3.0
SS-ANI-0091-A1,augmented/animal_sound/SS-ANI-0091-A1.wav,Animal Sound,SS-ANI-0091,train,augmented,distance,636752369,7.132,16000,1,2ff93c38cfc3617ea910bcc9ca537eea1ecf60ebcc00af1f6648e44d17c65fbf,augmentation of SS-ANI-0091,CC0-1.0
SS-ANI-0091-A2,augmented/animal_sound/SS-ANI-0091-A2.wav,Animal Sound,SS-ANI-0091,train,augmented,volume,3563539631,7.132,16000,1,2d0706ef61d7839dfaf0656d2cd8bde18e50508a4f7113931e884112b07be029,augmentation of SS-ANI-0091,CC0-1.0
SS-ANI-0093-A1,augmented/animal_sound/SS-ANI-0093-A1.wav,Animal Sound,SS-ANI-0093,train,augmented,stretch,3951795718,22.041,16000,1,a34e325a0d9ae532912b53d42c12d7705a3adbc603beada4c25bc3e46c3eb2ef,augmentation of SS-ANI-0093,CC-BY-3.0
SS-ANI-0093-A2,augmented/animal_sound/SS-ANI-0093-A2.wav,Animal Sound,SS-ANI-0093,train,augmented,noise,4199014746,21.081,16000,1,5d494459e969a044cd27e7f87a445abb7d178ecf72ebb21d9afa671e288e65ae,augmentation of SS-ANI-0093,CC-BY-3.0
SS-ANI-0096-A1,augmented/animal_sound/SS-ANI-0096-A1.wav,Animal Sound,SS-ANI-0096,train,augmented,reverb,4291060940,1.316,16000,1,66399332c8477a863dc4a43f5a88316bec9458d4b2dc9accf98474994ad79e13,augmentation of SS-ANI-0096,CC-BY-3.0
SS-ANI-0096-A2,augmented/animal_sound/SS-ANI-0096-A2.wav,Animal Sound,SS-ANI-0096,train,augmented,stretch,458338742,1.37,16000,1,cee00bcfe0d9fc22597282d2d1939e87b73eee703ee2816a74e4e2c16e4ed7ff,augmentation of SS-ANI-0096,CC-BY-3.0
SS-ANI-0097-A1,augmented/animal_sound/SS-ANI-0097-A1.wav,Animal Sound,SS-ANI-0097,train,augmented,noise,539830738,13.861,16000,1,7cf1363b1c5701db250de0465a6d065a7f2b80c0a50936ede296bac39db60acd,augmentation of SS-ANI-0097,CC0-1.0
SS-ANI-0097-A2,augmented/animal_sound/SS-ANI-0097-A2.wav,Animal Sound,SS-ANI-0097,train,augmented,distance,1127696513,13.861,16000,1,ef01eba63087058349de2ab05001a1419011ea6348f130508d4c0b1d49c68aa8,augmentation of SS-ANI-0097,CC0-1.0
SS-ANI-0099-A1,augmented/animal_sound/SS-ANI-0099-A1.wav,Animal Sound,SS-ANI-0099,train,augmented,volume,893610983,11.199,16000,1,9d5d26c175091b3c2f757838284785e375105b9a6756414054fc2bad492f5ceb,augmentation of SS-ANI-0099,CC-BY-3.0
SS-ANI-0099-A2,augmented/animal_sound/SS-ANI-0099-A2.wav,Animal Sound,SS-ANI-0099,train,augmented,volume,3304803847,11.199,16000,1,2798cb44d9489249625abfc4d34c03c6ec00329863e43cd02e16343c299ffb48,augmentation of SS-ANI-0099,CC-BY-3.0
SS-ANI-0100-A1,augmented/animal_sound/SS-ANI-0100-A1.wav,Animal Sound,SS-ANI-0100,train,augmented,device,113682824,3.51,16000,1,da8dab735c47dba1a8d37d07c91797fd0ff626e41df3f8de68cbe57bc7473ea2,augmentation of SS-ANI-0100,CC-BY-3.0
SS-ANI-0100-A2,augmented/animal_sound/SS-ANI-0100-A2.wav,Animal Sound,SS-ANI-0100,train,augmented,pitch,3261429123,3.51,16000,1,ba83115c7f2f9816e24599c8aa0fc41f1a9ecc2de0e3ad6343c7236fe3f65407,augmentation of SS-ANI-0100,CC-BY-3.0
SS-ANI-0104-A1,augmented/animal_sound/SS-ANI-0104-A1.wav,Animal Sound,SS-ANI-0104,train,augmented,volume,2573676391,8.079,16000,1,aa4c8f4a2c572f8748197ffbce5c693bc8781cdf59a757c486bf2f0f852a8978,augmentation of SS-ANI-0104,CC0-1.0
SS-ANI-0104-A2,augmented/animal_sound/SS-ANI-0104-A2.wav,Animal Sound,SS-ANI-0104,train,augmented,pitch,3839531451,8.079,16000,1,f7f788660a2d9091f85c3d6fa6bf47c48285eafb7367f0bc9ee32e02f946b71b,augmentation of SS-ANI-0104,CC0-1.0
SS-ANI-0106-A1,augmented/animal_sound/SS-ANI-0106-A1.wav,Animal Sound,SS-ANI-0106,train,augmented,volume,4110608039,18.764,16000,1,db2fc9a969baaf52f61c4ecb933961abc0873b461bd55043208bf83c11c10879,augmentation of SS-ANI-0106,CC0-1.0
SS-ANI-0106-A2,augmented/animal_sound/SS-ANI-0106-A2.wav,Animal Sound,SS-ANI-0106,train,augmented,noise,380778170,18.764,16000,1,ba8e9d3e2bb67a623eadf78feaceafb69a2b2a54c2766b9ce7b6018a4438b10d,augmentation of SS-ANI-0106,CC0-1.0
SS-ANI-0109-A1,augmented/animal_sound/SS-ANI-0109-A1.wav,Animal Sound,SS-ANI-0109,train,augmented,distance,2439331905,10.913,16000,1,54930fe8d5d9837cf2b753f24902a29e8098d0fa993a3452f8bdad3d56451930,augmentation of SS-ANI-0109,CC-BY-3.0
SS-ANI-0109-A2,augmented/animal_sound/SS-ANI-0109-A2.wav,Animal Sound,SS-ANI-0109,train,augmented,shift,2993993469,10.913,16000,1,2238ffac618327cfe387e71d598569637c79bc214811dda55f3087916b5e5bb5,augmentation of SS-ANI-0109,CC-BY-3.0
SS-ANI-0110-A1,augmented/animal_sound/SS-ANI-0110-A1.wav,Animal Sound,SS-ANI-0110,train,augmented,pitch,2704745363,22.562,16000,1,250cb02d3703b785c80a8a19f3c562116dd7c94ad5d1e396f4b4fe030db1df32,augmentation of SS-ANI-0110,CC0-1.0
SS-ANI-0110-A2,augmented/animal_sound/SS-ANI-0110-A2.wav,Animal Sound,SS-ANI-0110,train,augmented,device,777649080,22.562,16000,1,da6b54593213d0b8216eacba5313f5dee2a63f16487e8594804246036f9ce470,augmentation of SS-ANI-0110,CC0-1.0
SS-ANI-0111-A1,augmented/animal_sound/SS-ANI-0111-A1.wav,Animal Sound,SS-ANI-0111,train,augmented,stretch,990425582,1.991,16000,1,cba7e712f1991a34219336496868e2b29918d627b2d3a4e66356bce299de1007,augmentation of SS-ANI-0111,CC-BY-3.0
SS-ANI-0111-A2,augmented/animal_sound/SS-ANI-0111-A2.wav,Animal Sound,SS-ANI-0111,train,augmented,noise,3987710698,2.0,16000,1,a1b6169a244fa3cd0ca1e2445670ec7147f7ea411b80204258e2c5ce03fb0765,augmentation of SS-ANI-0111,CC-BY-3.0
SS-ANI-0112-A1,augmented/animal_sound/SS-ANI-0112-A1.wav,Animal Sound,SS-ANI-0112,train,augmented,pitch,1663003643,5.677,16000,1,adbeb71fddb9aac60708d364749f3c830ec05c3b8f52dc54d6d73c85deb340da,augmentation of SS-ANI-0112,CC-BY-3.0
SS-ANI-0112-A2,augmented/animal_sound/SS-ANI-0112-A2.wav,Animal Sound,SS-ANI-0112,train,augmented,shift,1463721733,5.677,16000,1,0cadfbebd758185a12d941e9f80ee47cb1aa46cb163bc478469e84baa4b84de2,augmentation of SS-ANI-0112,CC-BY-3.0
SS-ANI-0113-A1,augmented/animal_sound/SS-ANI-0113-A1.wav,Animal Sound,SS-ANI-0113,train,augmented,stretch,1335362734,1.376,16000,1,6af8f13f59af78d6fb7ea8076fa35686045f02150226df1183f469f2d1b5889c,augmentation of SS-ANI-0113,CC-BY-3.0
SS-ANI-0113-A2,augmented/animal_sound/SS-ANI-0113-A2.wav,Animal Sound,SS-ANI-0113,train,augmented,volume,3041075615,1.565,16000,1,c28e179859bdb1a36efdc0e0a852fd9749bc5ba1d157b3b72daff81eb9612f7f,augmentation of SS-ANI-0113,CC-BY-3.0
SS-ANI-0114-A1,augmented/animal_sound/SS-ANI-0114-A1.wav,Animal Sound,SS-ANI-0114,train,augmented,reverb,1195769828,5.56,16000,1,73bae78fb5898868990db02b5b430264cfb63b15336b8205ab06a4ea1ba35ae9,augmentation of SS-ANI-0114,CC0-1.0
SS-ANI-0114-A2,augmented/animal_sound/SS-ANI-0114-A2.wav,Animal Sound,SS-ANI-0114,train,augmented,noise,368201954,5.56,16000,1,c1c116c22b929d2052fd3c4c641d2df4797d7bd66ee4c8080a55ae81b5f0198e,augmentation of SS-ANI-0114,CC0-1.0
SS-ANI-0115-A1,augmented/animal_sound/SS-ANI-0115-A1.wav,Animal Sound,SS-ANI-0115,train,augmented,noise,499071634,14.393,16000,1,83d5ff790be0a8e1bc649d294c05f6c6d6fbd6b443ff5971d1161e4dc8c76c7b,augmentation of SS-ANI-0115,CC0-1.0
SS-ANI-0115-A2,augmented/animal_sound/SS-ANI-0115-A2.wav,Animal Sound,SS-ANI-0115,train,augmented,device,1992343192,14.393,16000,1,5d1e012f8a0c4ad5ec66036866a98c725753b2bf8838ab319eab8ea2228cd399,augmentation of SS-ANI-0115,CC0-1.0
SS-ANI-0118-A1,augmented/animal_sound/SS-ANI-0118-A1.wav,Animal Sound,SS-ANI-0118,train,augmented,stretch,204268166,27.682,16000,1,9fc02144cc52d340413af08776b747747bea64443b935766d9ca5ee3dc2f843c,augmentation of SS-ANI-0118,CC-BY-3.0
SS-ANI-0118-A2,augmented/animal_sound/SS-ANI-0118-A2.wav,Animal Sound,SS-ANI-0118,train,augmented,device,4263982504,29.016,16000,1,e96990ea264ebdacf4860cf40d991d11b4b5f5f95340307b491916a15060bb67,augmentation of SS-ANI-0118,CC-BY-3.0
SS-ANI-0122-A1,augmented/animal_sound/SS-ANI-0122-A1.wav,Animal Sound,SS-ANI-0122,train,augmented,device,1469536184,1.92,16000,1,36079b95b980e781745a82dac7d14cded861022145796ddb244c4c7155717c1e,augmentation of SS-ANI-0122,CC-BY-3.0
SS-ANI-0122-A2,augmented/animal_sound/SS-ANI-0122-A2.wav,Animal Sound,SS-ANI-0122,train,augmented,pitch,3704342995,1.92,16000,1,cf4a426103c827320934725e3dc8d54d37c51fd9c2b0cc8237b9a24dc521bd48,augmentation of SS-ANI-0122,CC-BY-3.0
SS-ANI-0123-A1,augmented/animal_sound/SS-ANI-0123-A1.wav,Animal Sound,SS-ANI-0123,train,augmented,pitch,3867473355,6.285,16000,1,f106b98995223fb1b19f78ef6b8db55732fac7ce35a86852a7d9159b40a89e55,augmentation of SS-ANI-0123,CC-BY-3.0
SS-ANI-0123-A2,augmented/animal_sound/SS-ANI-0123-A2.wav,Animal Sound,SS-ANI-0123,train,augmented,shift,64440573,6.285,16000,1,010a7e449417702f24bf0bd1b2e7f4d4eb549182f0949dcdac97ba5fbee0601d,augmentation of SS-ANI-0123,CC-BY-3.0
SS-ANI-0128-A1,augmented/animal_sound/SS-ANI-0128-A1.wav,Animal Sound,SS-ANI-0128,train,augmented,noise,2246505722,13.74,16000,1,b0123af0e4caed25b1549b896cf91ba2d351c7a806e0d9acc38856670d849444,augmentation of SS-ANI-0128,CC-BY-3.0
SS-ANI-0128-A2,augmented/animal_sound/SS-ANI-0128-A2.wav,Animal Sound,SS-ANI-0128,train,augmented,stretch,3254024206,12.748,16000,1,7838f532cbb1ef89757132c4230beba8c9680dee1ef3948f09edde7c5f719a3a,augmentation of SS-ANI-0128,CC-BY-3.0
SS-ANI-0130-A1,augmented/animal_sound/SS-ANI-0130-A1.wav,Animal Sound,SS-ANI-0130,train,augmented,device,1763073240,3.646,16000,1,dead27f6ddf8d02f07591c2e8c7db9398a7664d4f6cc8489540b0cfc323779b2,augmentation of SS-ANI-0130,CC-BY-3.0
SS-ANI-0130-A2,augmented/animal_sound/SS-ANI-0130-A2.wav,Animal Sound,SS-ANI-0130,train,augmented,pitch,685986803,3.646,16000,1,9cf928d28604adc6c829aa70ae7220239ae4e8af4d52ab57321d217e61ab672f,augmentation of SS-ANI-0130,CC-BY-3.0
SS-ANI-0131-A1,augmented/animal_sound/SS-ANI-0131-A1.wav,Animal Sound,SS-ANI-0131,train,augmented,stretch,4020204126,19.828,16000,1,f42d85b910cec79ef7e6bc3bc5c69976e4267e477d8e36e6fdb72ec092bc3895,augmentation of SS-ANI-0131,CC-BY-3.0
SS-ANI-0131-A2,augmented/animal_sound/SS-ANI-0131-A2.wav,Animal Sound,SS-ANI-0131,train,augmented,reverb,1574852836,18.95,16000,1,2a3acc57cc7a02f6f942e2711bdcec5d5d7888d62b52950379d1aad54c4d1084,augmentation of SS-ANI-0131,CC-BY-3.0
SS-ANI-0132-A1,augmented/animal_sound/SS-ANI-0132-A1.wav,Animal Sound,SS-ANI-0132,train,augmented,reverb,4103642124,3.744,16000,1,43dd63c2328df8ca3e14ea8dd77dbdcd62a4f4bda3e2cad35cda0e9805e4d695,augmentation of SS-ANI-0132,CC-BY-3.0
SS-ANI-0132-A2,augmented/animal_sound/SS-ANI-0132-A2.wav,Animal Sound,SS-ANI-0132,train,augmented,shift,251342653,3.744,16000,1,54cfa72581aeb5378188d462313e69d210a7f8cc397d298136a2706777afdaff,augmentation of SS-ANI-0132,CC-BY-3.0
SS-ANI-0136-A1,augmented/animal_sound/SS-ANI-0136-A1.wav,Animal Sound,SS-ANI-0136,train,augmented,noise,3216269706,2.583,16000,1,da835bd608e09dc7168faf14bab5853e4347f0aa8fe3517810865898372edc56,augmentation of SS-ANI-0136,CC-BY-3.0
SS-ANI-0136-A2,augmented/animal_sound/SS-ANI-0136-A2.wav,Animal Sound,SS-ANI-0136,train,augmented,noise,3619195018,2.583,16000,1,abb55f31ab2b5abd40e9ba798d8b37f435f20aa7514fde96b93ba77aa2cc607e,augmentation of SS-ANI-0136,CC-BY-3.0
SS-ANI-0140-A1,augmented/animal_sound/SS-ANI-0140-A1.wav,Animal Sound,SS-ANI-0140,train,augmented,device,994001968,13.952,16000,1,42eb0851b239c695ab17642ef61677129d074e05225297c6dede6aabc6abfe47,augmentation of SS-ANI-0140,CC-BY-3.0
SS-ANI-0140-A2,augmented/animal_sound/SS-ANI-0140-A2.wav,Animal Sound,SS-ANI-0140,train,augmented,volume,3626667559,13.952,16000,1,10eb7e43eca529d8b12f1f5744411d02a6140a6f3c6e4f837ec2c987cf1ab557,augmentation of SS-ANI-0140,CC-BY-3.0
SS-ANI-0142-A1,augmented/animal_sound/SS-ANI-0142-A1.wav,Animal Sound,SS-ANI-0142,train,augmented,reverb,2630314452,3.624,16000,1,518361b460a891af5cc8945d2cfedbdbf76b2999873673bf05885ae2dca823d5,augmentation of SS-ANI-0142,CC0-1.0
SS-ANI-0142-A2,augmented/animal_sound/SS-ANI-0142-A2.wav,Animal Sound,SS-ANI-0142,train,augmented,stretch,311124902,3.635,16000,1,f24226b10bc2764f63ba4e94b9fd68cd6f5cdf4f987ea39f83e2a63770850bec,augmentation of SS-ANI-0142,CC0-1.0
SS-ANI-0143-A1,augmented/animal_sound/SS-ANI-0143-A1.wav,Animal Sound,SS-ANI-0143,train,augmented,pitch,4060368555,23.879,16000,1,aea9b4f05e9172132bd4ac632e2c453ae180be88d67b10668f10ffae33f43a50,augmentation of SS-ANI-0143,CC0-1.0
SS-ANI-0143-A2,augmented/animal_sound/SS-ANI-0143-A2.wav,Animal Sound,SS-ANI-0143,train,augmented,noise,2492710962,23.879,16000,1,22eb3ee4656e53f1964bbd8013af2384755457f524da257f92dae60d6c22487c,augmentation of SS-ANI-0143,CC0-1.0
SS-ANI-0144-A1,augmented/animal_sound/SS-ANI-0144-A1.wav,Animal Sound,SS-ANI-0144,train,augmented,distance,1517467897,0.943,16000,1,07f750b0d44b0721e69984777021461335c099625c83453444b714c4103d412e,augmentation of SS-ANI-0144,CC-BY-3.0
SS-ANI-0144-A2,augmented/animal_sound/SS-ANI-0144-A2.wav,Animal Sound,SS-ANI-0144,train,augmented,device,2488827472,0.943,16000,1,97de23fef9c9beec2d5a5d2080ad54379c343377bdcadec9bbca0e4709b8e778,augmentation of SS-ANI-0144,CC-BY-3.0
SS-ANI-0145-A1,augmented/animal_sound/SS-ANI-0145-A1.wav,Animal Sound,SS-ANI-0145,train,augmented,distance,610492217,4.099,16000,1,2f3733050ee562e08a16483abc4f936ed3380ba7a685fd5c11d73db938d915ac,augmentation of SS-ANI-0145,CC0-1.0
SS-ANI-0145-A2,augmented/animal_sound/SS-ANI-0145-A2.wav,Animal Sound,SS-ANI-0145,train,augmented,shift,4139034597,4.099,16000,1,b3818cdfdd227ed33887fbc0b6bed11673919755e55cb46201b20bc8f95630b0,augmentation of SS-ANI-0145,CC0-1.0
SS-ANI-0146-A1,augmented/animal_sound/SS-ANI-0146-A1.wav,Animal Sound,SS-ANI-0146,train,augmented,volume,1552951079,18.883,16000,1,7c4301287351fc06562536db863884dc1f21015015d2054c0560e9ae6c48a82e,augmentation of SS-ANI-0146,CC-BY-3.0
SS-ANI-0146-A2,augmented/animal_sound/SS-ANI-0146-A2.wav,Animal Sound,SS-ANI-0146,train,augmented,shift,2463179917,18.883,16000,1,ec387dec8069eb7dd0df866662db741cfa89dc80bc1ce95b9064770f49974590,augmentation of SS-ANI-0146,CC-BY-3.0
SS-ANI-0147-A1,augmented/animal_sound/SS-ANI-0147-A1.wav,Animal Sound,SS-ANI-0147,train,augmented,pitch,614510667,6.502,16000,1,127ef0aef677848f21ee546b52f6dc493eb3713fef5e1af986e44b167aefd658,augmentation of SS-ANI-0147,CC-BY-3.0
SS-ANI-0147-A2,augmented/animal_sound/SS-ANI-0147-A2.wav,Animal Sound,SS-ANI-0147,train,augmented,reverb,3483694156,6.502,16000,1,9b1d9965c5b19ae172377b1d77ba4d8282440972cdb8720afacf7e2bb58de042,augmentation of SS-ANI-0147,CC-BY-3.0
SS-ANI-0148-A1,augmented/animal_sound/SS-ANI-0148-A1.wav,Animal Sound,SS-ANI-0148,train,augmented,distance,3768872577,8.22,16000,1,641de03b47fa80ef52b4f8a1fcad5c6192101fff5a7ffd5440d944faf3e94a6b,augmentation of SS-ANI-0148,CC0-1.0
SS-ANI-0148-A2,augmented/animal_sound/SS-ANI-0148-A2.wav,Animal Sound,SS-ANI-0148,train,augmented,noise,3046329578,8.22,16000,1,7657a52262c9cefd332ae92cdfcc5e17b7370d8e61cbf09f8a0643fb1c736915,augmentation of SS-ANI-0148,CC0-1.0
SS-ANI-0149-A1,augmented/animal_sound/SS-ANI-0149-A1.wav,Animal Sound,SS-ANI-0149,train,augmented,pitch,517571907,11.775,16000,1,3d30f1792e5997ca8f8c0b6e215575f0b2e3ed53fdc0cebe7327cbf925d52541,augmentation of SS-ANI-0149,CC-BY-3.0
SS-ANI-0149-A2,augmented/animal_sound/SS-ANI-0149-A2.wav,Animal Sound,SS-ANI-0149,train,augmented,stretch,1389984358,13.258,16000,1,705e83a1bb5593360805b7e096211d3d8e9db07cc31fd5ac05c581a146455876,augmentation of SS-ANI-0149,CC-BY-3.0
SS-ANI-0501-A1,augmented/animal_sound/SS-ANI-0501-A1.wav,Animal Sound,SS-ANI-0501,train,augmented,volume,1010622383,5.0,16000,1,60169c0dfcd9622a63d4805f256e22663b6eadfed5b3570e989ed9d36cbd38ce,augmentation of SS-ANI-0501,CC-BY-4.0
SS-ANI-0501-A2,augmented/animal_sound/SS-ANI-0501-A2.wav,Animal Sound,SS-ANI-0501,train,augmented,noise,2132014162,5.0,16000,1,d6f2e9ff297f0ad9da649b772e571a19b1d0d258c79b69b58e81e2cdea67e301,augmentation of SS-ANI-0501,CC-BY-4.0
SS-ANI-0502-A1,augmented/animal_sound/SS-ANI-0502-A1.wav,Animal Sound,SS-ANI-0502,train,augmented,shift,1325747429,5.0,16000,1,04beb809f3f5dc51b76e2d0c64868f134661bca0838b99f2b2cb8323a3376321,augmentation of SS-ANI-0502,CC-BY-4.0
SS-ANI-0502-A2,augmented/animal_sound/SS-ANI-0502-A2.wav,Animal Sound,SS-ANI-0502,train,augmented,volume,1786529527,5.0,16000,1,c6173f92ab4e237c8195ed85ace5cf506528b89fc732f76a6308e9f3c0182f7c,augmentation of SS-ANI-0502,CC-BY-4.0
SS-ANI-0504-A1,augmented/animal_sound/SS-ANI-0504-A1.wav,Animal Sound,SS-ANI-0504,train,augmented,device,2497935488,5.0,16000,1,f069ba307d3cb1920be040d85053b3ed3c1c86ea817c429ff92b9b644e86f869,augmentation of SS-ANI-0504,CC-BY-4.0
SS-ANI-0504-A2,augmented/animal_sound/SS-ANI-0504-A2.wav,Animal Sound,SS-ANI-0504,train,augmented,device,407191088,5.0,16000,1,3a43521ae0f911b5dd0af66c90f29a1800516522cb8ced1cc2860080d30994e1,augmentation of SS-ANI-0504,CC-BY-4.0
SS-ANI-0505-A1,augmented/animal_sound/SS-ANI-0505-A1.wav,Animal Sound,SS-ANI-0505,train,augmented,volume,1398854655,5.0,16000,1,76c183970d32c33f50ed7f7d038b6464eb0692e08b8550fef624ff0eef25019a,augmentation of SS-ANI-0505,CC-BY-4.0
SS-ANI-0505-A2,augmented/animal_sound/SS-ANI-0505-A2.wav,Animal Sound,SS-ANI-0505,train,augmented,shift,3968428229,5.0,16000,1,047810f4362d063822e2371531e1d82d4e94ddbbc672f4a16920c5a669825dd4,augmentation of SS-ANI-0505,CC-BY-4.0
SS-ANI-0506-A1,augmented/animal_sound/SS-ANI-0506-A1.wav,Animal Sound,SS-ANI-0506,train,augmented,pitch,519393115,5.0,16000,1,f051622bb2ded1664ff31d7c865c836560865ce9744ec2435e77671cc6204a57,augmentation of SS-ANI-0506,CC-BY-4.0
SS-ANI-0506-A2,augmented/animal_sound/SS-ANI-0506-A2.wav,Animal Sound,SS-ANI-0506,train,augmented,device,3165254328,5.0,16000,1,b9d60a7e57d54c6a6cc7e2d532cb38bd0638d45cb479130a1f2d8a911d9a7030,augmentation of SS-ANI-0506,CC-BY-4.0
SS-ANI-0507-A1,augmented/animal_sound/SS-ANI-0507-A1.wav,Animal Sound,SS-ANI-0507,train,augmented,volume,4102075543,5.0,16000,1,56d80c945bd7ccddb271d8e6a24642000b35a6dcfbf2751787e2d446a0d37d8d,augmentation of SS-ANI-0507,CC-BY-4.0
SS-ANI-0507-A2,augmented/animal_sound/SS-ANI-0507-A2.wav,Animal Sound,SS-ANI-0507,train,augmented,shift,3203795677,5.0,16000,1,94f2ca21cb23e3bbdad751079a3eea1bc29c13d70b4e7d7a5b1a446ded200c62,augmentation of SS-ANI-0507,CC-BY-4.0
SS-ANI-0508-A1,augmented/animal_sound/SS-ANI-0508-A1.wav,Animal Sound,SS-ANI-0508,train,augmented,shift,3449436205,5.0,16000,1,9ba3d1de6fafe16aff01598c31e34af562dcaa9d48997eca2d4e76b76db4cce4,augmentation of SS-ANI-0508,CC-BY-4.0
SS-ANI-0508-A2,augmented/animal_sound/SS-ANI-0508-A2.wav,Animal Sound,SS-ANI-0508,train,augmented,pitch,3873484027,5.0,16000,1,d55ba5e36cc20a26fe1469c247694c6cb19404029552adc56a327c9f06e5b2fa,augmentation of SS-ANI-0508,CC-BY-4.0
SS-ANI-0509-A1,augmented/animal_sound/SS-ANI-0509-A1.wav,Animal Sound,SS-ANI-0509,train,augmented,pitch,4102187419,5.0,16000,1,c82eb302c31e0ee064d5adbfb70f59a9c4e5fee453359ae4af707fe44d70363d,augmentation of SS-ANI-0509,CC-BY-4.0
SS-ANI-0509-A2,augmented/animal_sound/SS-ANI-0509-A2.wav,Animal Sound,SS-ANI-0509,train,augmented,distance,2861149505,5.0,16000,1,1d480596d63ef6f3f5ad5c7b069d1777b4917365d4b59a5fc9cd55d0e74a68f1,augmentation of SS-ANI-0509,CC-BY-4.0
SS-ANI-0510-A1,augmented/animal_sound/SS-ANI-0510-A1.wav,Animal Sound,SS-ANI-0510,train,augmented,volume,1307829327,5.0,16000,1,56ed24d39798e7a7ebb1d6f9b1191d9a17aa7f9ab444036472e69b6ed9f54728,augmentation of SS-ANI-0510,CC-BY-4.0
SS-ANI-0510-A2,augmented/animal_sound/SS-ANI-0510-A2.wav,Animal Sound,SS-ANI-0510,train,augmented,pitch,3252415523,5.0,16000,1,e8680b7a67420164a79df84f3ca3b8181a12be52e9fcf6c738c9b40365f1788c,augmentation of SS-ANI-0510,CC-BY-4.0
SS-ANI-0513-A1,augmented/animal_sound/SS-ANI-0513-A1.wav,Animal Sound,SS-ANI-0513,train,augmented,volume,3733908439,5.0,16000,1,d3459d85b4e73df9eb871b063b21715902cdfee65241be20a7e6b77c8ab6e214,augmentation of SS-ANI-0513,CC-BY-4.0
SS-ANI-0513-A2,augmented/animal_sound/SS-ANI-0513-A2.wav,Animal Sound,SS-ANI-0513,train,augmented,pitch,797781539,5.0,16000,1,0fe8e123001f5c68307476fd83f44a274d8c46a297342c1ad9461c6fa83e8f7b,augmentation of SS-ANI-0513,CC-BY-4.0
SS-ANI-0514-A1,augmented/animal_sound/SS-ANI-0514-A1.wav,Animal Sound,SS-ANI-0514,train,augmented,volume,4136085087,5.0,16000,1,5ab618d47a23cdbf5ace26d6393dca9bb668dcfbcbc64b16d728efdbff51a58a,augmentation of SS-ANI-0514,CC-BY-4.0
SS-ANI-0514-A2,augmented/animal_sound/SS-ANI-0514-A2.wav,Animal Sound,SS-ANI-0514,train,augmented,noise,3005034954,5.0,16000,1,a3f2d63c28152ca6be7b9ecd5a3c413eb34dc85700444bf489e5e6d6eac47545,augmentation of SS-ANI-0514,CC-BY-4.0
SS-ANI-0515-A1,augmented/animal_sound/SS-ANI-0515-A1.wav,Animal Sound,SS-ANI-0515,train,augmented,device,2346725792,5.0,16000,1,cc69c2392e8a3dc5196a6957ff14647abfdaf5fbf4047a35ed48c443c3741cb1,augmentation of SS-ANI-0515,CC-BY-4.0
SS-ANI-0515-A2,augmented/animal_sound/SS-ANI-0515-A2.wav,Animal Sound,SS-ANI-0515,train,augmented,device,3325880088,5.0,16000,1,5ab14826a7284a85853b2312c9ca4488f1aa9d62b781de15940b2eb4d5822d7b,augmentation of SS-ANI-0515,CC-BY-4.0
SS-ANI-0516-A1,augmented/animal_sound/SS-ANI-0516-A1.wav,Animal Sound,SS-ANI-0516,train,augmented,noise,3887507730,5.0,16000,1,ab1776a6978010179146225ef60bdcefe0383b1d26ac64d37b3d6ae855763a87,augmentation of SS-ANI-0516,CC-BY-4.0
SS-ANI-0516-A2,augmented/animal_sound/SS-ANI-0516-A2.wav,Animal Sound,SS-ANI-0516,train,augmented,device,3524183832,5.0,16000,1,f713292ae1aec8d985c7001158418515fb381ce7ed1dd61c4a62a7c03be4ef49,augmentation of SS-ANI-0516,CC-BY-4.0
SS-ANI-0517-A1,augmented/animal_sound/SS-ANI-0517-A1.wav,Animal Sound,SS-ANI-0517,train,augmented,noise,1466912298,5.0,16000,1,74c125cb68304aaf2b78387ee395bdfc3f0cd9527ebb05c0fc44ca94d1020ec1,augmentation of SS-ANI-0517,CC-BY-4.0
SS-ANI-0517-A2,augmented/animal_sound/SS-ANI-0517-A2.wav,Animal Sound,SS-ANI-0517,train,augmented,shift,1527848149,5.0,16000,1,1bcc9c67f45f74183934d7a447161870b74829680208f60396f85df29334cc34,augmentation of SS-ANI-0517,CC-BY-4.0
SS-ANI-0518-A1,augmented/animal_sound/SS-ANI-0518-A1.wav,Animal Sound,SS-ANI-0518,train,augmented,volume,3307740231,5.0,16000,1,68192b4e0cd15a0f39b72f86fc8acba95ffee6837994188296f1424b62276afd,augmentation of SS-ANI-0518,CC-BY-4.0
SS-ANI-0518-A2,augmented/animal_sound/SS-ANI-0518-A2.wav,Animal Sound,SS-ANI-0518,train,augmented,shift,334561925,5.0,16000,1,9bbc2100d1b290c2c4fa3c8144cff73eb577ac972a2f7e6527427ada62269fbf,augmentation of SS-ANI-0518,CC-BY-4.0
SS-ANI-0519-A1,augmented/animal_sound/SS-ANI-0519-A1.wav,Animal Sound,SS-ANI-0519,train,augmented,device,261681440,5.0,16000,1,fd4f006f5e39e9112766131844ef27e6b1ad27eba575178d3097c5060a3c5c91,augmentation of SS-ANI-0519,CC-BY-4.0
SS-ANI-0519-A2,augmented/animal_sound/SS-ANI-0519-A2.wav,Animal Sound,SS-ANI-0519,train,augmented,reverb,1573489124,5.0,16000,1,b577a0eebdd8a224724544ecd2f712ccce75520a2d922c062f2de3eaf3a85523,augmentation of SS-ANI-0519,CC-BY-4.0
SS-ANI-0520-A1,augmented/animal_sound/SS-ANI-0520-A1.wav,Animal Sound,SS-ANI-0520,train,augmented,pitch,3725099787,5.0,16000,1,4fe72a3e8da687beed8c0284305c5a2e4387725d100b88985764cbd304352088,augmentation of SS-ANI-0520,CC-BY-4.0
SS-ANI-0520-A2,augmented/animal_sound/SS-ANI-0520-A2.wav,Animal Sound,SS-ANI-0520,train,augmented,noise,98942482,5.0,16000,1,7562526b99193445b58f8775db961cabebca7e24faf0aa1062503cb3eee44945,augmentation of SS-ANI-0520,CC-BY-4.0
SS-ANI-0521-A1,augmented/animal_sound/SS-ANI-0521-A1.wav,Animal Sound,SS-ANI-0521,train,augmented,stretch,1537483966,4.821,16000,1,dcddb72b421923a51f8e396ad75a838330c53107d5993989c49acafbe8e02831,augmentation of SS-ANI-0521,CC-BY-4.0
SS-ANI-0521-A2,augmented/animal_sound/SS-ANI-0521-A2.wav,Animal Sound,SS-ANI-0521,train,augmented,reverb,2159579236,5.0,16000,1,0923ccb9f745699a8e6fe587a4586fc5ebcb1f115cbc4b020ae08ee5280bc7e2,augmentation of SS-ANI-0521,CC-BY-4.0
SS-ANI-0522-A1,augmented/animal_sound/SS-ANI-0522-A1.wav,Animal Sound,SS-ANI-0522,train,augmented,noise,1617001610,5.0,16000,1,7e9764d4d42930766621a8c1c7968729e9e656bf1f9f342996ebef64cb79a270,augmentation of SS-ANI-0522,CC-BY-4.0
SS-ANI-0522-A2,augmented/animal_sound/SS-ANI-0522-A2.wav,Animal Sound,SS-ANI-0522,train,augmented,shift,3367869885,5.0,16000,1,cd2606e6618fe9d2482976994513b54e9c982266057ca4176cedc49ad5374ffc,augmentation of SS-ANI-0522,CC-BY-4.0
SS-ANI-0523-A1,augmented/animal_sound/SS-ANI-0523-A1.wav,Animal Sound,SS-ANI-0523,train,augmented,noise,1139303370,5.0,16000,1,bff725206e07a9eeb9844f4554b83020c7a61ebec3e3152910b943d90ab98df4,augmentation of SS-ANI-0523,CC-BY-4.0
SS-ANI-0523-A2,augmented/animal_sound/SS-ANI-0523-A2.wav,Animal Sound,SS-ANI-0523,train,augmented,pitch,1549896451,5.0,16000,1,3dc4fac276b0772f99ccc2f1da752c17f8b26628d991b4f913a44c65f59c3556,augmentation of SS-ANI-0523,CC-BY-4.0
SS-ANI-0524-A1,augmented/animal_sound/SS-ANI-0524-A1.wav,Animal Sound,SS-ANI-0524,train,augmented,volume,3334903039,5.0,16000,1,56b8ca019ca1f3e93b3b91dce4a5a75cbabf769907b39eef75c7bf45bd95da84,augmentation of SS-ANI-0524,CC-BY-4.0
SS-ANI-0524-A2,augmented/animal_sound/SS-ANI-0524-A2.wav,Animal Sound,SS-ANI-0524,train,augmented,noise,2272153042,5.0,16000,1,e9d0619d9bd3d7891b24c960a2e7b89000838050ea4570362935f0a22c38b07f,augmentation of SS-ANI-0524,CC-BY-4.0
SS-ANI-0525-A1,augmented/animal_sound/SS-ANI-0525-A1.wav,Animal Sound,SS-ANI-0525,train,augmented,pitch,2945739627,5.0,16000,1,75c82fc1575742f819415ee1c90dd29bc5974a1cca43d405d65b9df85094bdea,augmentation of SS-ANI-0525,CC-BY-4.0
SS-ANI-0525-A2,augmented/animal_sound/SS-ANI-0525-A2.wav,Animal Sound,SS-ANI-0525,train,augmented,noise,4002028818,5.0,16000,1,9bac3a881e8509d51cb3f522016465076a106b97a5fbc0d132bf18f40a864b8e,augmentation of SS-ANI-0525,CC-BY-4.0
SS-ANI-0526-A1,augmented/animal_sound/SS-ANI-0526-A1.wav,Animal Sound,SS-ANI-0526,train,augmented,distance,2979841633,5.0,16000,1,f0a81dedf8bb23bc7c48e925909e4da757be68268d33cbbb9aaa0b43025c73cc,augmentation of SS-ANI-0526,CC-BY-4.0
SS-ANI-0526-A2,augmented/animal_sound/SS-ANI-0526-A2.wav,Animal Sound,SS-ANI-0526,train,augmented,pitch,1901046587,5.0,16000,1,e798a69f3bae933befa17fffa57bd3990701c81bc3653ac5381bab0b62c4dd3f,augmentation of SS-ANI-0526,CC-BY-4.0
SS-ANI-0527-A1,augmented/animal_sound/SS-ANI-0527-A1.wav,Animal Sound,SS-ANI-0527,train,augmented,stretch,3868984838,4.619,16000,1,b2e3f720abbd7299eaa62216bd11ea9152ff290279e6c54924819ad8bc93f4dd,augmentation of SS-ANI-0527,CC-BY-4.0
SS-ANI-0527-A2,augmented/animal_sound/SS-ANI-0527-A2.wav,Animal Sound,SS-ANI-0527,train,augmented,volume,903607479,5.0,16000,1,d5cdd6a1e1dce399d7e20aa33e331b57ac0ff1fdcddd5931f34c130de7f44b32,augmentation of SS-ANI-0527,CC-BY-4.0
SS-ANI-0528-A1,augmented/animal_sound/SS-ANI-0528-A1.wav,Animal Sound,SS-ANI-0528,train,augmented,noise,2965965242,5.0,16000,1,0e15002d987add49f1cd306ee2486fa135d5f795ec940ce403879de39548f2fa,augmentation of SS-ANI-0528,CC-BY-4.0
SS-ANI-0528-A2,augmented/animal_sound/SS-ANI-0528-A2.wav,Animal Sound,SS-ANI-0528,train,augmented,noise,2206107922,5.0,16000,1,a9939b780caf2fc5c7f094d9ba86b76551739ff4b376f1942263fa9dfff000aa,augmentation of SS-ANI-0528,CC-BY-4.0
SS-ANI-0530-A1,augmented/animal_sound/SS-ANI-0530-A1.wav,Animal Sound,SS-ANI-0530,train,augmented,reverb,1276907900,5.0,16000,1,5469d2f74a9c4ad73c1f920aeee5e173d3d56a1546945499cf7d8176c77959a6,augmentation of SS-ANI-0530,CC-BY-4.0
SS-ANI-0530-A2,augmented/animal_sound/SS-ANI-0530-A2.wav,Animal Sound,SS-ANI-0530,train,augmented,shift,915835853,5.0,16000,1,1e3402d51ff83e9efd35c61e41f6d7bf63fc7dfb77c7342d29c6b942cbe3956d,augmentation of SS-ANI-0530,CC-BY-4.0
SS-ANI-0531-A1,augmented/animal_sound/SS-ANI-0531-A1.wav,Animal Sound,SS-ANI-0531,train,augmented,volume,4257870287,5.0,16000,1,f96a71e4459008aec1e0dfa93fc4247c0587c412a4412e623f99f84266a99f5a,augmentation of SS-ANI-0531,CC-BY-4.0
SS-ANI-0531-A2,augmented/animal_sound/SS-ANI-0531-A2.wav,Animal Sound,SS-ANI-0531,train,augmented,reverb,1293080524,5.0,16000,1,02ac132780e1175d3d69b6053c8acede678d9a5db0ed49cfcf6bcceb05870990,augmentation of SS-ANI-0531,CC-BY-4.0
SS-ANI-0532-A1,augmented/animal_sound/SS-ANI-0532-A1.wav,Animal Sound,SS-ANI-0532,train,augmented,volume,3324396439,5.0,16000,1,e3dc09cea0f22a0e3097f2725d11b859779baf133bb5a7ad31d9e71e0b366204,augmentation of SS-ANI-0532,CC-BY-4.0
SS-ANI-0532-A2,augmented/animal_sound/SS-ANI-0532-A2.wav,Animal Sound,SS-ANI-0532,train,augmented,reverb,214484548,5.0,16000,1,469160a42c035e98b7615a6dfdac46262a88ed97534ba63e4cfa98c98bd3bf8a,augmentation of SS-ANI-0532,CC-BY-4.0
SS-ANI-0533-A1,augmented/animal_sound/SS-ANI-0533-A1.wav,Animal Sound,SS-ANI-0533,train,augmented,pitch,1769234339,5.0,16000,1,b568bd4959dce33bbcd9dee24c4b13e27a85b355b8aa04c4e3739ec5a5efabce,augmentation of SS-ANI-0533,CC-BY-4.0
SS-ANI-0533-A2,augmented/animal_sound/SS-ANI-0533-A2.wav,Animal Sound,SS-ANI-0533,train,augmented,distance,2581825529,5.0,16000,1,91021fbc944f3610a215c4aefbb824e604be0201dab4a4961b4b2b314d4ddbe1,augmentation of SS-ANI-0533,CC-BY-4.0
SS-ANI-0534-A1,augmented/animal_sound/SS-ANI-0534-A1.wav,Animal Sound,SS-ANI-0534,train,augmented,device,1329934240,5.0,16000,1,da06575d7c681453837b35668540f0070d5992546b0eb3e68ce5bd5b59c0ec3f,augmentation of SS-ANI-0534,CC-BY-4.0
SS-ANI-0534-A2,augmented/animal_sound/SS-ANI-0534-A2.wav,Animal Sound,SS-ANI-0534,train,augmented,stretch,210100630,5.829,16000,1,4cd807ca5beb5287d6e87d03a09576c53d66a6bb6baf97fdb666d84c88b6e7fd,augmentation of SS-ANI-0534,CC-BY-4.0
SS-ANI-0535-A1,augmented/animal_sound/SS-ANI-0535-A1.wav,Animal Sound,SS-ANI-0535,train,augmented,shift,3491913437,5.0,16000,1,1fcb36c3a6b8dc8db7c673d84fd6dca7c9bfe633be7fba5e45951ed7ba450e59,augmentation of SS-ANI-0535,CC-BY-4.0
SS-ANI-0535-A2,augmented/animal_sound/SS-ANI-0535-A2.wav,Animal Sound,SS-ANI-0535,train,augmented,distance,3484045689,5.0,16000,1,0586076aca5c4f6846dd013f894e01b1439e345fe86e11beb34bc8382bfcd20e,augmentation of SS-ANI-0535,CC-BY-4.0
SS-ANI-0536-A1,augmented/animal_sound/SS-ANI-0536-A1.wav,Animal Sound,SS-ANI-0536,train,augmented,device,2915588184,5.0,16000,1,2449fc073efebe0460d19a57d619a6463d2b1ca2af19d63f939c8d92d053b452,augmentation of SS-ANI-0536,CC-BY-4.0
SS-ANI-0536-A2,augmented/animal_sound/SS-ANI-0536-A2.wav,Animal Sound,SS-ANI-0536,train,augmented,stretch,3198869446,5.389,16000,1,3a5c07b20ef145cb674d6832db1ac4d85c55463730f0df92de63ebda4213bb72,augmentation of SS-ANI-0536,CC-BY-4.0
SS-ANI-0537-A1,augmented/animal_sound/SS-ANI-0537-A1.wav,Animal Sound,SS-ANI-0537,train,augmented,distance,3092161889,5.0,16000,1,661d73180c454746966ec5dd688f1b0328b098ee3e755b86c822faac3acea19b,augmentation of SS-ANI-0537,CC-BY-4.0
SS-ANI-0537-A2,augmented/animal_sound/SS-ANI-0537-A2.wav,Animal Sound,SS-ANI-0537,train,augmented,device,1232350296,5.0,16000,1,7f2e9dfbf8959c2ebc9587c348de8734dc4abb5dc160f4a9ee4efd42da4ce662,augmentation of SS-ANI-0537,CC-BY-4.0
SS-ANI-0538-A1,augmented/animal_sound/SS-ANI-0538-A1.wav,Animal Sound,SS-ANI-0538,train,augmented,noise,3447248210,5.0,16000,1,8e094b7509a90aca6c0255be120f5b7cf489837839b4f63aef6c24ba2afd0038,augmentation of SS-ANI-0538,CC-BY-4.0
SS-ANI-0538-A2,augmented/animal_sound/SS-ANI-0538-A2.wav,Animal Sound,SS-ANI-0538,train,augmented,reverb,4267005524,5.0,16000,1,731955396e42462a30c35f60c5f60cebe482a83aff21b09abf677df663ea1dc8,augmentation of SS-ANI-0538,CC-BY-4.0
SS-ANI-0539-A1,augmented/animal_sound/SS-ANI-0539-A1.wav,Animal Sound,SS-ANI-0539,train,augmented,device,1536469936,5.0,16000,1,1a6137d5437f1a6bdc016c78b090ebffe5d009f6bb68a3b7e67c0fd1380622b5,augmentation of SS-ANI-0539,CC-BY-4.0
SS-ANI-0539-A2,augmented/animal_sound/SS-ANI-0539-A2.wav,Animal Sound,SS-ANI-0539,train,augmented,reverb,552523796,5.0,16000,1,78827997e0ea6156743b0fcac853c43095544e2f0eab03b57d1662a74639b06c,augmentation of SS-ANI-0539,CC-BY-4.0
SS-ANI-0540-A1,augmented/animal_sound/SS-ANI-0540-A1.wav,Animal Sound,SS-ANI-0540,train,augmented,device,4258180896,5.0,16000,1,42c2a83e161faf2be4996e5aa3346da6bfcd860061385505e880eb95876291e8,augmentation of SS-ANI-0540,CC-BY-4.0
SS-ANI-0540-A2,augmented/animal_sound/SS-ANI-0540-A2.wav,Animal Sound,SS-ANI-0540,train,augmented,stretch,4054579438,5.335,16000,1,0649e975ed6cc5c8134051e58ec3c10802a58352ba36447cc75d30efe8d43c8f,augmentation of SS-ANI-0540,CC-BY-4.0
SS-ANI-0541-A1,augmented/animal_sound/SS-ANI-0541-A1.wav,Animal Sound,SS-ANI-0541,train,augmented,distance,1122125425,5.0,16000,1,f2011875f8af327ec2894224e4dc22793de24b4fd6f2e80e8a1cb3cf2be186f7,augmentation of SS-ANI-0541,CC-BY-4.0
SS-ANI-0541-A2,augmented/animal_sound/SS-ANI-0541-A2.wav,Animal Sound,SS-ANI-0541,train,augmented,pitch,4059403995,5.0,16000,1,b0a598f543035644050148a95ffefea511ee9ba45fd5cc159bf9b122dae34da7,augmentation of SS-ANI-0541,CC-BY-4.0
SS-ANI-0543-A1,augmented/animal_sound/SS-ANI-0543-A1.wav,Animal Sound,SS-ANI-0543,train,augmented,noise,2291320946,5.0,16000,1,39b6b6a9cf0f7af9ba955fdf26c5604656e9851b83cd8a6e055f963a2540bbed,augmentation of SS-ANI-0543,CC-BY-4.0
SS-ANI-0543-A2,augmented/animal_sound/SS-ANI-0543-A2.wav,Animal Sound,SS-ANI-0543,train,augmented,distance,4180363513,5.0,16000,1,5eac90a141f664aa4b47f1d47cc07f80f8455e4c06991cad16b087fa785704c7,augmentation of SS-ANI-0543,CC-BY-4.0
SS-ANI-0544-A1,augmented/animal_sound/SS-ANI-0544-A1.wav,Animal Sound,SS-ANI-0544,train,augmented,shift,2012765821,5.0,16000,1,ec4cfd85d9d34bf5bac6c5137dfbc89e9e9dd03f448aebb91f5eb9b0ff0eb791,augmentation of SS-ANI-0544,CC-BY-4.0
SS-ANI-0544-A2,augmented/animal_sound/SS-ANI-0544-A2.wav,Animal Sound,SS-ANI-0544,train,augmented,shift,143852389,5.0,16000,1,73743b9365903d37b7f77413e5f97062b6df2bc7e24d0e49abd03b30e90b4c2f,augmentation of SS-ANI-0544,CC-BY-4.0
SS-ANI-0547-A1,augmented/animal_sound/SS-ANI-0547-A1.wav,Animal Sound,SS-ANI-0547,train,augmented,device,2929091104,5.0,16000,1,39f1bba6fd6c0d3f8e09f8d35fa8aafc2c384e46884316f3521a33fc4d5f6f7d,augmentation of SS-ANI-0547,CC-BY-4.0
SS-ANI-0547-A2,augmented/animal_sound/SS-ANI-0547-A2.wav,Animal Sound,SS-ANI-0547,train,augmented,pitch,2785635795,5.0,16000,1,c7b5dbd44c1948948d5689036c8e29e10396a9008394b61d2850dc5796b473c6,augmentation of SS-ANI-0547,CC-BY-4.0
SS-ANI-0548-A1,augmented/animal_sound/SS-ANI-0548-A1.wav,Animal Sound,SS-ANI-0548,train,augmented,pitch,2801548563,5.0,16000,1,53db8b9fdd2c5ca7fdf1493d4eb49c1e06c0eccc6a93b2a37029387962dd3539,augmentation of SS-ANI-0548,CC-BY-4.0
SS-ANI-0548-A2,augmented/animal_sound/SS-ANI-0548-A2.wav,Animal Sound,SS-ANI-0548,train,augmented,noise,1509824666,5.0,16000,1,24dd9c0c907330ac71cddb59ccaf6d9aad697847400b9a5e8ea380e3a9ae5034,augmentation of SS-ANI-0548,CC-BY-4.0
SS-ANI-0549-A1,augmented/animal_sound/SS-ANI-0549-A1.wav,Animal Sound,SS-ANI-0549,train,augmented,volume,654553127,5.0,16000,1,6e29d9420e0cce7281cc514eec9ca350081472a9a2090ccea5e469d6efda6c66,augmentation of SS-ANI-0549,CC-BY-4.0
SS-ANI-0549-A2,augmented/animal_sound/SS-ANI-0549-A2.wav,Animal Sound,SS-ANI-0549,train,augmented,noise,2821445618,5.0,16000,1,e896e56535819a9d064a04f1f6db08697bca025dd95a7ad19732a867bf37b471,augmentation of SS-ANI-0549,CC-BY-4.0
SS-ANI-0550-A1,augmented/animal_sound/SS-ANI-0550-A1.wav,Animal Sound,SS-ANI-0550,train,augmented,distance,40070609,5.0,16000,1,70fadfc78ac8e659ae07275103215c179c2bb2f93eff7475a266e75b349b3a89,augmentation of SS-ANI-0550,CC-BY-4.0
SS-ANI-0550-A2,augmented/animal_sound/SS-ANI-0550-A2.wav,Animal Sound,SS-ANI-0550,train,augmented,reverb,4106096660,5.0,16000,1,06eccf86c0f14c050d455fe17912b836c5f46d2c55aed72d9081fb95bc08d228,augmentation of SS-ANI-0550,CC-BY-4.0
SS-ANI-0551-A1,augmented/animal_sound/SS-ANI-0551-A1.wav,Animal Sound,SS-ANI-0551,train,augmented,reverb,74306692,5.0,16000,1,a72db48aaa92498434fa1c0cd2f939eb4d1d37f6032f72e50b646189ddf42cb4,augmentation of SS-ANI-0551,CC-BY-4.0
SS-ANI-0551-A2,augmented/animal_sound/SS-ANI-0551-A2.wav,Animal Sound,SS-ANI-0551,train,augmented,distance,3426510281,5.0,16000,1,a45a336fc5a0114664cbbd7741646ea50aea1cd059459b28338556419e78d575,augmentation of SS-ANI-0551,CC-BY-4.0
SS-ANI-0561-A1,augmented/animal_sound/SS-ANI-0561-A1.wav,Animal Sound,SS-ANI-0561,train,augmented,pitch,3917968915,5.0,16000,1,b49d7314f04c414d095cfce3503108cb5993ae8e992a5f45bd53282210329187,augmentation of SS-ANI-0561,CC-BY-4.0
SS-ANI-0561-A2,augmented/animal_sound/SS-ANI-0561-A2.wav,Animal Sound,SS-ANI-0561,train,augmented,volume,1194072639,5.0,16000,1,2e8625fe1d0c3a89c01a4a7974b620c6a86d5b50a32728a082b7384b509c214a,augmentation of SS-ANI-0561,CC-BY-4.0
SS-ANI-0562-A1,augmented/animal_sound/SS-ANI-0562-A1.wav,Animal Sound,SS-ANI-0562,train,augmented,volume,420243919,5.0,16000,1,8459a77b6ed2cf8fa24c58cea2c011fba8720287dbd70c6a070bc1ee8931e074,augmentation of SS-ANI-0562,CC-BY-4.0
SS-ANI-0562-A2,augmented/animal_sound/SS-ANI-0562-A2.wav,Animal Sound,SS-ANI-0562,train,augmented,volume,1582949239,5.0,16000,1,6889b36800a628bbc54cd404d38d81ef438b1217a73216d67cd099248ec8694f,augmentation of SS-ANI-0562,CC-BY-4.0
SS-ANI-0563-A1,augmented/animal_sound/SS-ANI-0563-A1.wav,Animal Sound,SS-ANI-0563,train,augmented,reverb,512574564,5.0,16000,1,03818f95bacb6d9b3558466e5a1ae598528fa02f59ca1bd47dff7f9e2a062c4c,augmentation of SS-ANI-0563,CC-BY-4.0
SS-ANI-0563-A2,augmented/animal_sound/SS-ANI-0563-A2.wav,Animal Sound,SS-ANI-0563,train,augmented,shift,3704902629,5.0,16000,1,5f2c3a36511ba849738d3f6b9d9522689c8170de1916ed9de7daa5342b0f5bb8,augmentation of SS-ANI-0563,CC-BY-4.0
SS-ANI-0564-A1,augmented/animal_sound/SS-ANI-0564-A1.wav,Animal Sound,SS-ANI-0564,train,augmented,volume,2583356815,5.0,16000,1,ef7c2371bccb0bafa2bed9e922eb927529d8539fa3d57232d91f0cc30eacfa4e,augmentation of SS-ANI-0564,CC-BY-4.0
SS-ANI-0564-A2,augmented/animal_sound/SS-ANI-0564-A2.wav,Animal Sound,SS-ANI-0564,train,augmented,pitch,4098348995,5.0,16000,1,ae44bc7ad6447b428644718d270e6a0ba7de8f437335a24528e55befd7e478de,augmentation of SS-ANI-0564,CC-BY-4.0
SS-ANI-0566-A1,augmented/animal_sound/SS-ANI-0566-A1.wav,Animal Sound,SS-ANI-0566,train,augmented,device,2865698464,5.0,16000,1,8882cdf65061f67c89c37b096bbf33f30f30239b8441c91f956f6b030d54b389,augmentation of SS-ANI-0566,CC-BY-4.0
SS-ANI-0566-A2,augmented/animal_sound/SS-ANI-0566-A2.wav,Animal Sound,SS-ANI-0566,train,augmented,noise,3424482762,5.0,16000,1,4e280df6c8751b996a742207e7a157711b64f414bf8bd913ab859a166386848a,augmentation of SS-ANI-0566,CC-BY-4.0
SS-ANI-0567-A1,augmented/animal_sound/SS-ANI-0567-A1.wav,Animal Sound,SS-ANI-0567,train,augmented,volume,2795644495,5.0,16000,1,b47725d8cdb51d08f8601e173e9ba7a4e07497adafde351b47b75831db0dbc24,augmentation of SS-ANI-0567,CC-BY-4.0
SS-ANI-0567-A2,augmented/animal_sound/SS-ANI-0567-A2.wav,Animal Sound,SS-ANI-0567,train,augmented,shift,167092997,5.0,16000,1,66e043dede5bedef27890ca578f8d2ac71635428b2d9d7d9585bf8d63c6f8ab0,augmentation of SS-ANI-0567,CC-BY-4.0
SS-ANI-0568-A1,augmented/animal_sound/SS-ANI-0568-A1.wav,Animal Sound,SS-ANI-0568,train,augmented,pitch,1951546035,5.0,16000,1,110b109958083dd584da359f66257c5764e09377091cf52dfb88695163c1241c,augmentation of SS-ANI-0568,CC-BY-4.0
SS-ANI-0568-A2,augmented/animal_sound/SS-ANI-0568-A2.wav,Animal Sound,SS-ANI-0568,train,augmented,distance,1276081873,5.0,16000,1,7856057a9b511a12dfefb95a9adcf4ebbe0e9b6de2e842b0880414f54cbee689,augmentation of SS-ANI-0568,CC-BY-4.0
SS-ANI-0570-A1,augmented/animal_sound/SS-ANI-0570-A1.wav,Animal Sound,SS-ANI-0570,train,augmented,device,2542303384,5.0,16000,1,0696853c9d9bec411aff80249c65965ba650ddcc523cc53eaf83caccb1fcc037,augmentation of SS-ANI-0570,CC-BY-4.0
SS-ANI-0570-A2,augmented/animal_sound/SS-ANI-0570-A2.wav,Animal Sound,SS-ANI-0570,train,augmented,device,3204175376,5.0,16000,1,0696853c9d9bec411aff80249c65965ba650ddcc523cc53eaf83caccb1fcc037,augmentation of SS-ANI-0570,CC-BY-4.0
SS-ANI-0572-A1,augmented/animal_sound/SS-ANI-0572-A1.wav,Animal Sound,SS-ANI-0572,train,augmented,stretch,1551047094,5.163,16000,1,31d2239df4cbcd35fdf22412be0e4c561adc5e7607d78e662e9d70fc06bf2dbe,augmentation of SS-ANI-0572,CC-BY-4.0
SS-ANI-0572-A2,augmented/animal_sound/SS-ANI-0572-A2.wav,Animal Sound,SS-ANI-0572,train,augmented,shift,584854365,5.0,16000,1,c539ac4e25e1c46238de364f356c499f61ceb1df926f5ca6016d27987f57e12c,augmentation of SS-ANI-0572,CC-BY-4.0
SS-ANI-0573-A1,augmented/animal_sound/SS-ANI-0573-A1.wav,Animal Sound,SS-ANI-0573,train,augmented,reverb,3099212108,5.0,16000,1,aa673dc2cae5cc984421520cd1ffa8af923365549c88d4ddf01a11a2f54eb0d8,augmentation of SS-ANI-0573,CC-BY-4.0
SS-ANI-0573-A2,augmented/animal_sound/SS-ANI-0573-A2.wav,Animal Sound,SS-ANI-0573,train,augmented,noise,442494962,5.0,16000,1,cbfe99d26c308926ae68efc8d2f2b3f4655b63995fb279d0446b42f715904279,augmentation of SS-ANI-0573,CC-BY-4.0
SS-ANI-0575-A1,augmented/animal_sound/SS-ANI-0575-A1.wav,Animal Sound,SS-ANI-0575,train,augmented,volume,1903241935,5.0,16000,1,42c387941d83e92f13b80d5f84f080e8771565285f0fce6d9ed681468b04d740,augmentation of SS-ANI-0575,CC-BY-4.0
SS-ANI-0575-A2,augmented/animal_sound/SS-ANI-0575-A2.wav,Animal Sound,SS-ANI-0575,train,augmented,device,1408583760,5.0,16000,1,ece734567ec6cfe83e1d67dc6eb73c12207dac6e046ba135f4050ae493c7a9d8,augmentation of SS-ANI-0575,CC-BY-4.0
SS-ANI-0576-A1,augmented/animal_sound/SS-ANI-0576-A1.wav,Animal Sound,SS-ANI-0576,train,augmented,noise,3872738090,5.0,16000,1,1383ef74d48373b255829e7eb63e4370b0314b099436cece5b37185e7e3ec974,augmentation of SS-ANI-0576,CC-BY-4.0
SS-ANI-0576-A2,augmented/animal_sound/SS-ANI-0576-A2.wav,Animal Sound,SS-ANI-0576,train,augmented,reverb,1231444732,5.0,16000,1,3c290b1629eb0f5f2678288e01cec1daa5dba486fd4421cd2fd66e1bb1934fb7,augmentation of SS-ANI-0576,CC-BY-4.0
SS-ANI-0577-A1,augmented/animal_sound/SS-ANI-0577-A1.wav,Animal Sound,SS-ANI-0577,train,augmented,reverb,426194700,5.0,16000,1,82349ff6e90a8ffd1eb39f8eea1307dd6938779f118ea518339e259b884c9bc7,augmentation of SS-ANI-0577,CC-BY-4.0
SS-ANI-0577-A2,augmented/animal_sound/SS-ANI-0577-A2.wav,Animal Sound,SS-ANI-0577,train,augmented,device,4271154400,5.0,16000,1,df9604d0b93dca1c0d83c0ad67f3597e217d2a9992e92a23baf0a431597c2634,augmentation of SS-ANI-0577,CC-BY-4.0
SS-ANI-0578-A1,augmented/animal_sound/SS-ANI-0578-A1.wav,Animal Sound,SS-ANI-0578,train,augmented,volume,3145367527,5.0,16000,1,e67c604bc023ee845366e6e91fd6bab9a1aa1b2a62cf2b4dd9ed5272bfd5a12e,augmentation of SS-ANI-0578,CC-BY-4.0
SS-ANI-0578-A2,augmented/animal_sound/SS-ANI-0578-A2.wav,Animal Sound,SS-ANI-0578,train,augmented,distance,762415905,5.0,16000,1,d4814240d16664d92432988146aeb2ebf2f0c1d66d41f2f0805cc092963381ce,augmentation of SS-ANI-0578,CC-BY-4.0
SS-ANI-0580-A1,augmented/animal_sound/SS-ANI-0580-A1.wav,Animal Sound,SS-ANI-0580,train,augmented,device,1388044840,5.0,16000,1,b78b65023384f82aa6412709fe0bcbf09f44a710bce014cb5d70c513e4e5f58e,augmentation of SS-ANI-0580,CC-BY-4.0
SS-ANI-0580-A2,augmented/animal_sound/SS-ANI-0580-A2.wav,Animal Sound,SS-ANI-0580,train,augmented,volume,3584908471,5.0,16000,1,dd8ae5f206481ec7059dee3947f6d70412b5132be5ae1c4856db70ecb05b1443,augmentation of SS-ANI-0580,CC-BY-4.0
SS-ANI-0581-A1,augmented/animal_sound/SS-ANI-0581-A1.wav,Animal Sound,SS-ANI-0581,train,augmented,pitch,1261625075,5.0,16000,1,d25574e98eec164ec377dcaea68b259059b7a37f81757a47d8330544950200b4,augmentation of SS-ANI-0581,CC-BY-4.0
SS-ANI-0581-A2,augmented/animal_sound/SS-ANI-0581-A2.wav,Animal Sound,SS-ANI-0581,train,augmented,device,2843797592,5.0,16000,1,823ba45a6eb210143976d52bd808f9fb3fb56285099da743916b3f2a33f5eb7d,augmentation of SS-ANI-0581,CC-BY-4.0
SS-ANI-0582-A1,augmented/animal_sound/SS-ANI-0582-A1.wav,Animal Sound,SS-ANI-0582,train,augmented,volume,469722591,5.0,16000,1,6f528b079ac4ba37235c5fff11529fd70b5886718e5f258d18adc53cfa855203,augmentation of SS-ANI-0582,CC-BY-4.0
SS-ANI-0582-A2,augmented/animal_sound/SS-ANI-0582-A2.wav,Animal Sound,SS-ANI-0582,train,augmented,noise,53812898,5.0,16000,1,f3bf50cf851a41b1222a92bcf39fe431f42d9938e9428996884d49bda94a5464,augmentation of SS-ANI-0582,CC-BY-4.0
SS-ANI-0583-A1,augmented/animal_sound/SS-ANI-0583-A1.wav,Animal Sound,SS-ANI-0583,train,augmented,shift,582070373,5.0,16000,1,469fe8f7f792af00a7afffc5a5410f0499b0f0867f6ba0c517b16e033cc2b470,augmentation of SS-ANI-0583,CC-BY-4.0
SS-ANI-0583-A2,augmented/animal_sound/SS-ANI-0583-A2.wav,Animal Sound,SS-ANI-0583,train,augmented,volume,770927879,5.0,16000,1,e186ed7ccb7462f34dbd0c920ee7f4daa3392b6263f72e31ae37a1b6b959ab2e,augmentation of SS-ANI-0583,CC-BY-4.0
SS-ANI-0584-A1,augmented/animal_sound/SS-ANI-0584-A1.wav,Animal Sound,SS-ANI-0584,train,augmented,device,3109866680,5.0,16000,1,ff1944bc8d58ed39f99d371a4c2c41e17a85f208040668e18484f4fa97e49593,augmentation of SS-ANI-0584,CC-BY-4.0
SS-ANI-0584-A2,augmented/animal_sound/SS-ANI-0584-A2.wav,Animal Sound,SS-ANI-0584,train,augmented,distance,2650234769,5.0,16000,1,f488c77bde367b89012878f78dae26187b252f5d5bb0212ed26cfad89a328271,augmentation of SS-ANI-0584,CC-BY-4.0
SS-ANI-0586-A1,augmented/animal_sound/SS-ANI-0586-A1.wav,Animal Sound,SS-ANI-0586,train,augmented,device,3933744160,5.0,16000,1,2a98de8af32d78964345ca72ffc556363c23f5bc7cfdb3eba20d2741c450b611,augmentation of SS-ANI-0586,CC-BY-4.0
SS-ANI-0586-A2,augmented/animal_sound/SS-ANI-0586-A2.wav,Animal Sound,SS-ANI-0586,train,augmented,reverb,2092547396,5.0,16000,1,4c2629fc9d8ff6c63fb56cccea8771bc6d19d46263de88bf8e8d3fef0af7f0c6,augmentation of SS-ANI-0586,CC-BY-4.0
SS-ANI-0589-A1,augmented/animal_sound/SS-ANI-0589-A1.wav,Animal Sound,SS-ANI-0589,train,augmented,stretch,490389430,5.01,16000,1,c832be36563303c0382b18def0bf89d7c31daf145ab7e3e170d60f22fbada79b,augmentation of SS-ANI-0589,CC-BY-4.0
SS-ANI-0589-A2,augmented/animal_sound/SS-ANI-0589-A2.wav,Animal Sound,SS-ANI-0589,train,augmented,stretch,318176182,5.424,16000,1,22eb407eddd170dec6c7d418a8a69cb35f5547ccb4ef24ee6d87a302bf617995,augmentation of SS-ANI-0589,CC-BY-4.0
SS-ANI-0590-A1,augmented/animal_sound/SS-ANI-0590-A1.wav,Animal Sound,SS-ANI-0590,train,augmented,pitch,1547829187,5.0,16000,1,a9382e1e52c98f8a0868e37bff85a7a667dbe7a2f50cf9b6eaea2e556848ab6f,augmentation of SS-ANI-0590,CC-BY-4.0
SS-ANI-0590-A2,augmented/animal_sound/SS-ANI-0590-A2.wav,Animal Sound,SS-ANI-0590,train,augmented,stretch,3537839622,5.728,16000,1,0280fa65b89f69be7c9b3d20fc7d5f5191b0214ff0437fc0564a2ac1e41ea260,augmentation of SS-ANI-0590,CC-BY-4.0
SS-ANI-0591-A1,augmented/animal_sound/SS-ANI-0591-A1.wav,Animal Sound,SS-ANI-0591,train,augmented,stretch,710966022,4.791,16000,1,c3f9b59bd7297d8baa4ed9bf40b679478583b77f3834092fb82b862a291528d1,augmentation of SS-ANI-0591,CC-BY-4.0
SS-ANI-0591-A2,augmented/animal_sound/SS-ANI-0591-A2.wav,Animal Sound,SS-ANI-0591,train,augmented,stretch,1949664638,4.941,16000,1,9ef9a698e90ca635908ba02436e545ab7a91db6b174455142289999c089394ec,augmentation of SS-ANI-0591,CC-BY-4.0
SS-ANI-0592-A1,augmented/animal_sound/SS-ANI-0592-A1.wav,Animal Sound,SS-ANI-0592,train,augmented,distance,1931794073,5.0,16000,1,38d8ce8930376ce1ef4dbb13ffa542b03f2b8747a8a1ef5783e8ba23af02b1fc,augmentation of SS-ANI-0592,CC-BY-4.0
SS-ANI-0592-A2,augmented/animal_sound/SS-ANI-0592-A2.wav,Animal Sound,SS-ANI-0592,train,augmented,pitch,1965330715,5.0,16000,1,4c084c0208da5100d356f4f81162549eadf88dd30e5c2ab7e3247848b66c58d9,augmentation of SS-ANI-0592,CC-BY-4.0
SS-ANI-0593-A1,augmented/animal_sound/SS-ANI-0593-A1.wav,Animal Sound,SS-ANI-0593,train,augmented,stretch,3876612438,5.067,16000,1,40c5330d8168bf64b176940b7b84aebdf4497f8875e5e625a0208e090b3544bc,augmentation of SS-ANI-0593,CC-BY-4.0
SS-ANI-0593-A2,augmented/animal_sound/SS-ANI-0593-A2.wav,Animal Sound,SS-ANI-0593,train,augmented,noise,36559154,5.0,16000,1,4b224da7a7c285a711cc5c1001d9e51eaee6216c209a742f7b342d73ea2554ad,augmentation of SS-ANI-0593,CC-BY-4.0
SS-ANI-0594-A1,augmented/animal_sound/SS-ANI-0594-A1.wav,Animal Sound,SS-ANI-0594,train,augmented,reverb,675113476,5.0,16000,1,5750b81cccaf73d0fa486042d58351cfd33556a047ce35cb67e3914d9466f829,augmentation of SS-ANI-0594,CC-BY-4.0
SS-ANI-0594-A2,augmented/animal_sound/SS-ANI-0594-A2.wav,Animal Sound,SS-ANI-0594,train,augmented,noise,3125957082,5.0,16000,1,42fdbffe9e79ccfd0206fa2e06001a662676a3ac598a4e7b0eea61dcdd519117,augmentation of SS-ANI-0594,CC-BY-4.0
SS-ANI-0596-A1,augmented/animal_sound/SS-ANI-0596-A1.wav,Animal Sound,SS-ANI-0596,train,augmented,volume,2275685319,5.0,16000,1,aa8225868797e6f4d80f74943042113a98f68634ae3a6ec6314e985646841d89,augmentation of SS-ANI-0596,CC-BY-4.0
SS-ANI-0596-A2,augmented/animal_sound/SS-ANI-0596-A2.wav,Animal Sound,SS-ANI-0596,train,augmented,device,4172250056,5.0,16000,1,edc907a7d00ffa557889652497f4c8cdcab5d96baa8da8988ba00ca8baa42b05,augmentation of SS-ANI-0596,CC-BY-4.0
SS-ANI-0597-A1,augmented/animal_sound/SS-ANI-0597-A1.wav,Animal Sound,SS-ANI-0597,train,augmented,shift,4050170861,5.0,16000,1,685189d4636375a72c67ce28a3f77a83ed0f3f61e2f37e6b5b2cde1717fd4ba3,augmentation of SS-ANI-0597,CC-BY-4.0
SS-ANI-0597-A2,augmented/animal_sound/SS-ANI-0597-A2.wav,Animal Sound,SS-ANI-0597,train,augmented,reverb,166258212,5.0,16000,1,a058d657510e2e35ec14b3038e765e74222cb79cf512c8d97b1f4f1e4f3c9dfe,augmentation of SS-ANI-0597,CC-BY-4.0
SS-ANI-0599-A1,augmented/animal_sound/SS-ANI-0599-A1.wav,Animal Sound,SS-ANI-0599,train,augmented,noise,2135900138,5.0,16000,1,b668c9ba54908dfe9ce150ff570e5af881027e023cc13e8da54fa5eeb90c82bb,augmentation of SS-ANI-0599,CC-BY-4.0
SS-ANI-0599-A2,augmented/animal_sound/SS-ANI-0599-A2.wav,Animal Sound,SS-ANI-0599,train,augmented,stretch,265606726,5.477,16000,1,7952caf1380864fd9194d94fd86c6515a87c787234b27da7c4b76e23649311be,augmentation of SS-ANI-0599,CC-BY-4.0
SS-ANI-0600-A1,augmented/animal_sound/SS-ANI-0600-A1.wav,Animal Sound,SS-ANI-0600,train,augmented,distance,682856049,5.0,16000,1,398fe855e04ed060ad1faa44b6dd4f88ba6ad55da51eecfcbb622a237a24d6d6,augmentation of SS-ANI-0600,CC-BY-4.0
SS-ANI-0600-A2,augmented/animal_sound/SS-ANI-0600-A2.wav,Animal Sound,SS-ANI-0600,train,augmented,shift,3325729469,5.0,16000,1,a6cfa624c7d733cf149c729d33a0c9d486b0af670ce761db72a81f7aa5c068b8,augmentation of SS-ANI-0600,CC-BY-4.0
SS-ANI-0601-A1,augmented/animal_sound/SS-ANI-0601-A1.wav,Animal Sound,SS-ANI-0601,train,augmented,noise,2607297034,5.0,16000,1,b04e993efdc7ebaefc45f967c3ee7fa568b2a2cb985ac1725f1d24f83b469825,augmentation of SS-ANI-0601,CC-BY-4.0
SS-ANI-0601-A2,augmented/animal_sound/SS-ANI-0601-A2.wav,Animal Sound,SS-ANI-0601,train,augmented,reverb,207397356,5.0,16000,1,b63a2e83de63c05729b23b8e51caa2aa80cb0092e0d19af80992147ad6ac9383,augmentation of SS-ANI-0601,CC-BY-4.0
SS-ANI-0604-A1,augmented/animal_sound/SS-ANI-0604-A1.wav,Animal Sound,SS-ANI-0604,train,augmented,volume,3795663087,5.0,16000,1,0e75c4dd1761b5ac7bfee7135c57b90902fb3ae98cbae482c1978281e2e41a04,augmentation of SS-ANI-0604,CC-BY-4.0
SS-ANI-0604-A2,augmented/animal_sound/SS-ANI-0604-A2.wav,Animal Sound,SS-ANI-0604,train,augmented,stretch,3298630070,5.101,16000,1,ea2b0343e7f42c777c4b1c8ade7d2d80e00972e023169dd2ade0850d28788996,augmentation of SS-ANI-0604,CC-BY-4.0
SS-ANI-0605-A1,augmented/animal_sound/SS-ANI-0605-A1.wav,Animal Sound,SS-ANI-0605,train,augmented,device,3646200064,5.0,16000,1,ad7c0b861f19f9911db0f61defe1190608b352f04c6d19fde3c3dc27741f921f,augmentation of SS-ANI-0605,CC-BY-4.0
SS-ANI-0605-A2,augmented/animal_sound/SS-ANI-0605-A2.wav,Animal Sound,SS-ANI-0605,train,augmented,pitch,128298875,5.0,16000,1,c8b946efb1b966388d10c183c6577e2cca2ac4af15625f9f38e39f20c526b2f2,augmentation of SS-ANI-0605,CC-BY-4.0
SS-ANI-0606-A1,augmented/animal_sound/SS-ANI-0606-A1.wav,Animal Sound,SS-ANI-0606,train,augmented,noise,1361683866,5.0,16000,1,b268c3f9bdb272dd3984af5d3c4874f9528d15ea9dfdaca96611490113b0f258,augmentation of SS-ANI-0606,CC-BY-4.0
SS-ANI-0606-A2,augmented/animal_sound/SS-ANI-0606-A2.wav,Animal Sound,SS-ANI-0606,train,augmented,shift,3829451965,5.0,16000,1,3f46a70d284d239ecc2e09df71ce92e6d88912e742653ac11ac5656f8f8f5fb0,augmentation of SS-ANI-0606,CC-BY-4.0
SS-ANI-0609-A1,augmented/animal_sound/SS-ANI-0609-A1.wav,Animal Sound,SS-ANI-0609,train,augmented,reverb,283105452,5.0,16000,1,934fa532c60f49da7bb082cd939171cbfc3d065936951d9a4d6fbf6267cbbaad,augmentation of SS-ANI-0609,CC-BY-4.0
SS-ANI-0609-A2,augmented/animal_sound/SS-ANI-0609-A2.wav,Animal Sound,SS-ANI-0609,train,augmented,volume,1317138975,5.0,16000,1,547cca2e4b9fd34f85ca216732a1792632c05437f3187c05d36b0f005bb9838f,augmentation of SS-ANI-0609,CC-BY-4.0
SS-ANI-0610-A1,augmented/animal_sound/SS-ANI-0610-A1.wav,Animal Sound,SS-ANI-0610,train,augmented,distance,1952001009,5.0,16000,1,194e64feb278fc3bf1383ce3fe62e9f00a945d9f243c6eb14542647bf2c1d20a,augmentation of SS-ANI-0610,CC-BY-4.0
SS-ANI-0610-A2,augmented/animal_sound/SS-ANI-0610-A2.wav,Animal Sound,SS-ANI-0610,train,augmented,pitch,2380258691,5.0,16000,1,6810a45ddde700498fc1d3142a13bd4cd1a150e91b1d5af4d80b7f0d781ad933,augmentation of SS-ANI-0610,CC-BY-4.0
SS-ANI-0611-A1,augmented/animal_sound/SS-ANI-0611-A1.wav,Animal Sound,SS-ANI-0611,train,augmented,device,192554176,5.0,16000,1,d662f6f5e95e7d2780db00d4528b2bc94a2c057701d0bdb7058e301c45e71297,augmentation of SS-ANI-0611,CC-BY-4.0
SS-ANI-0611-A2,augmented/animal_sound/SS-ANI-0611-A2.wav,Animal Sound,SS-ANI-0611,train,augmented,noise,1200257466,5.0,16000,1,00ef73d449cca95d98570ccd975bf96dc68b8b71c5b5d843c684e525ec176303,augmentation of SS-ANI-0611,CC-BY-4.0
SS-ANI-0612-A1,augmented/animal_sound/SS-ANI-0612-A1.wav,Animal Sound,SS-ANI-0612,train,augmented,stretch,3952146326,4.435,16000,1,7806287ead166479980d9b89a073f4d4990870d5977d8613b464a4fc5a37f3bb,augmentation of SS-ANI-0612,CC-BY-4.0
SS-ANI-0612-A2,augmented/animal_sound/SS-ANI-0612-A2.wav,Animal Sound,SS-ANI-0612,train,augmented,shift,2866168093,5.0,16000,1,a4d6160550f09ce6ae346fa65ad5aa8e70b83ab8abf36b9b0664da82fe6f560e,augmentation of SS-ANI-0612,CC-BY-4.0
SS-ANI-0613-A1,augmented/animal_sound/SS-ANI-0613-A1.wav,Animal Sound,SS-ANI-0613,train,augmented,volume,2574565455,5.0,16000,1,da54e3a6597ae0b146b76ac4b10249c792e0191cc8ed928652ab43e3b82e8f2e,augmentation of SS-ANI-0613,CC-BY-4.0
SS-ANI-0613-A2,augmented/animal_sound/SS-ANI-0613-A2.wav,Animal Sound,SS-ANI-0613,train,augmented,volume,543802079,5.0,16000,1,6d3e2792cdb0247a5bf8e629142f1abe3e9db8297ee98766f0ae797d572c534e,augmentation of SS-ANI-0613,CC-BY-4.0
SS-ANI-0614-A1,augmented/animal_sound/SS-ANI-0614-A1.wav,Animal Sound,SS-ANI-0614,train,augmented,pitch,3139509163,5.0,16000,1,45ccc0012515f44059c234fb49c51087deb98eb0d96652440b0b4c9f9e11b31f,augmentation of SS-ANI-0614,CC-BY-4.0
SS-ANI-0614-A2,augmented/animal_sound/SS-ANI-0614-A2.wav,Animal Sound,SS-ANI-0614,train,augmented,distance,261114673,5.0,16000,1,4d6de96441d5faa0278ac66fab30082f28077abda060d9425828afb2ae4be005,augmentation of SS-ANI-0614,CC-BY-4.0
SS-ANI-0615-A1,augmented/animal_sound/SS-ANI-0615-A1.wav,Animal Sound,SS-ANI-0615,train,augmented,volume,2599848871,5.0,16000,1,6e98ac24308ebe281db9b65c7be2ce6e9ed0056a405d27efb99b46e577e341a7,augmentation of SS-ANI-0615,CC-BY-4.0
SS-ANI-0615-A2,augmented/animal_sound/SS-ANI-0615-A2.wav,Animal Sound,SS-ANI-0615,train,augmented,shift,1056546957,5.0,16000,1,e9625653cb10b2607ca9c7aeaa8ac7c396b2d9cf55b30b1ff19d7249fb5f257a,augmentation of SS-ANI-0615,CC-BY-4.0
SS-ANI-0616-A1,augmented/animal_sound/SS-ANI-0616-A1.wav,Animal Sound,SS-ANI-0616,train,augmented,pitch,798292691,5.0,16000,1,2f12b0fdfa321cc6cf2d1c758f789d3990f6d0881fe9fec11486b3f125f6bc2c,augmentation of SS-ANI-0616,CC-BY-4.0
SS-ANI-0616-A2,augmented/animal_sound/SS-ANI-0616-A2.wav,Animal Sound,SS-ANI-0616,train,augmented,device,1684056928,5.0,16000,1,9823c70fefd493a762cf3b4ea00bf1dc7437ce6712ee14ad519ce505b1be07b7,augmentation of SS-ANI-0616,CC-BY-4.0
SS-ANI-0617-A1,augmented/animal_sound/SS-ANI-0617-A1.wav,Animal Sound,SS-ANI-0617,train,augmented,device,1106644400,5.0,16000,1,c75d4e34a3a227a4180882e9dc4a7a3c4eebee85332de1703ceaba0f84596c3e,augmentation of SS-ANI-0617,CC-BY-4.0
SS-ANI-0617-A2,augmented/animal_sound/SS-ANI-0617-A2.wav,Animal Sound,SS-ANI-0617,train,augmented,reverb,1162243004,5.0,16000,1,669fc3d2651f3cfcfa6975d82975bb0e2f1ef2f1d566475c474c1a0b73b0189e,augmentation of SS-ANI-0617,CC-BY-4.0
SS-ANI-0618-A1,augmented/animal_sound/SS-ANI-0618-A1.wav,Animal Sound,SS-ANI-0618,train,augmented,noise,2325972130,5.0,16000,1,f58a5a90b81b0ed20924773958b5d2a4b4d39c46dacd5dff216822c2a614d10c,augmentation of SS-ANI-0618,CC-BY-4.0
SS-ANI-0618-A2,augmented/animal_sound/SS-ANI-0618-A2.wav,Animal Sound,SS-ANI-0618,train,augmented,distance,1885085217,5.0,16000,1,e39457117c4bec611049d6f83826cdfab1a0f448004e73afd7ee6b6fb2c8fbf0,augmentation of SS-ANI-0618,CC-BY-4.0
SS-ANI-0619-A1,augmented/animal_sound/SS-ANI-0619-A1.wav,Animal Sound,SS-ANI-0619,train,augmented,distance,3512237713,5.0,16000,1,34495a97e2dc7843690c72b47025e2096c05b1983d44f2a95ae5183e2f36869d,augmentation of SS-ANI-0619,CC-BY-4.0
SS-ANI-0619-A2,augmented/animal_sound/SS-ANI-0619-A2.wav,Animal Sound,SS-ANI-0619,train,augmented,noise,1711482154,5.0,16000,1,70553fbe5ed72448a8bb66925842762214831d7c0c596aa61a9d5ed8c0d28af4,augmentation of SS-ANI-0619,CC-BY-4.0
SS-ANI-0620-A1,augmented/animal_sound/SS-ANI-0620-A1.wav,Animal Sound,SS-ANI-0620,train,augmented,shift,1671170861,5.0,16000,1,b846c6686548ddaa800fb2e51e59c7c0456bd0d1274a9b1d8b7b2c0ed1b21b7c,augmentation of SS-ANI-0620,CC-BY-4.0
SS-ANI-0620-A2,augmented/animal_sound/SS-ANI-0620-A2.wav,Animal Sound,SS-ANI-0620,train,augmented,noise,3380555658,5.0,16000,1,d915332be75075eb8526760cf91ac1e94170eb1fef4c7f87f2fc8677a922c539,augmentation of SS-ANI-0620,CC-BY-4.0
SS-ANI-0621-A1,augmented/animal_sound/SS-ANI-0621-A1.wav,Animal Sound,SS-ANI-0621,train,augmented,device,3429217576,5.0,16000,1,8b4c89ad0cd492500bfd506f4a28582a6db1c91f8b633d0bb5b679aa64fd7482,augmentation of SS-ANI-0621,CC-BY-4.0
SS-ANI-0621-A2,augmented/animal_sound/SS-ANI-0621-A2.wav,Animal Sound,SS-ANI-0621,train,augmented,pitch,278687827,5.0,16000,1,959e2223db2ea6e769c4696a556e4766c6fcad2b94dbcbe11501336fc39dee4a,augmentation of SS-ANI-0621,CC-BY-4.0
SS-ANI-0622-A1,augmented/animal_sound/SS-ANI-0622-A1.wav,Animal Sound,SS-ANI-0622,train,augmented,shift,936930429,5.0,16000,1,1f52817edc6f522733d29ea29fede835a71429adf8c2dedc18d2ec338922f0b2,augmentation of SS-ANI-0622,CC-BY-4.0
SS-ANI-0622-A2,augmented/animal_sound/SS-ANI-0622-A2.wav,Animal Sound,SS-ANI-0622,train,augmented,device,3739251592,5.0,16000,1,8d5915e00b0a165d52e36e0105db82cfe6464a2a59bc68a37f3fa622f8f59641,augmentation of SS-ANI-0622,CC-BY-4.0
SS-ANI-0625-A1,augmented/animal_sound/SS-ANI-0625-A1.wav,Animal Sound,SS-ANI-0625,train,augmented,reverb,2979559852,5.0,16000,1,e6e51eda3aa1b72dcd6c77245eba228541080206abcea74e5103e44f2eb05c99,augmentation of SS-ANI-0625,CC-BY-4.0
SS-ANI-0625-A2,augmented/animal_sound/SS-ANI-0625-A2.wav,Animal Sound,SS-ANI-0625,train,augmented,volume,1869709327,5.0,16000,1,e88fcc6609d8c412177894a8bbd4b28dc083c7f21fc1268fb89345bec35d6817,augmentation of SS-ANI-0625,CC-BY-4.0
SS-ANI-0626-A1,augmented/animal_sound/SS-ANI-0626-A1.wav,Animal Sound,SS-ANI-0626,train,augmented,distance,2902828321,5.0,16000,1,f74738973b16db8940929984ff6815e5dc251933dfe91f841ca27517fc14a3ce,augmentation of SS-ANI-0626,CC-BY-4.0
SS-ANI-0626-A2,augmented/animal_sound/SS-ANI-0626-A2.wav,Animal Sound,SS-ANI-0626,train,augmented,shift,373332445,5.0,16000,1,c1069417ce41488799a71a0af4e3514a075309693be1e3f48f5663e04b862306,augmentation of SS-ANI-0626,CC-BY-4.0
SS-ANI-0628-A1,augmented/animal_sound/SS-ANI-0628-A1.wav,Animal Sound,SS-ANI-0628,train,augmented,pitch,4161329971,5.0,16000,1,f98f5748ffb386f5e02702f14faa9bd7222a90b9d53cd3d87b0bddecb5f4a342,augmentation of SS-ANI-0628,CC-BY-4.0
SS-ANI-0628-A2,augmented/animal_sound/SS-ANI-0628-A2.wav,Animal Sound,SS-ANI-0628,train,augmented,reverb,2243892252,5.0,16000,1,e8f3c607dbc6e06e2d3fe0310cb9e1d2926ab1f2c1d474601bb5de1f24fb8475,augmentation of SS-ANI-0628,CC-BY-4.0
SS-ANI-0629-A1,augmented/animal_sound/SS-ANI-0629-A1.wav,Animal Sound,SS-ANI-0629,train,augmented,volume,1642289679,5.0,16000,1,bfeb96eaf8db9056b492e5e9a4d611bc91f401fcd79cf04d4ad06146ac0df845,augmentation of SS-ANI-0629,CC-BY-4.0
SS-ANI-0629-A2,augmented/animal_sound/SS-ANI-0629-A2.wav,Animal Sound,SS-ANI-0629,train,augmented,distance,3228269385,5.0,16000,1,b98863c29467af9e85bed41ddc5075105bd53f682802c80648e924c63acc89d1,augmentation of SS-ANI-0629,CC-BY-4.0
SS-ANI-0630-A1,augmented/animal_sound/SS-ANI-0630-A1.wav,Animal Sound,SS-ANI-0630,train,augmented,volume,1470419759,5.0,16000,1,46a5867d5fa09d56d8abc0171e94be250f7e70f4333ea23f48716d8e8646f2e8,augmentation of SS-ANI-0630,CC-BY-4.0
SS-ANI-0630-A2,augmented/animal_sound/SS-ANI-0630-A2.wav,Animal Sound,SS-ANI-0630,train,augmented,stretch,3146064438,5.101,16000,1,8741d6119fbe95505fab1c7294126f236b4904938ea58531c610ec9aa256e38c,augmentation of SS-ANI-0630,CC-BY-4.0
SS-ANI-0631-A1,augmented/animal_sound/SS-ANI-0631-A1.wav,Animal Sound,SS-ANI-0631,train,augmented,reverb,345729844,5.0,16000,1,c50da3fb0fc4f8ef24ffef60da05d053ba15e037c57579da1fe4832ff3c8a5a2,augmentation of SS-ANI-0631,CC-BY-4.0
SS-ANI-0631-A2,augmented/animal_sound/SS-ANI-0631-A2.wav,Animal Sound,SS-ANI-0631,train,augmented,reverb,649976460,5.0,16000,1,70c0f45d28a19d703b0b25e6410066a3173a44e0b044822cc20aa350bd8c8f73,augmentation of SS-ANI-0631,CC-BY-4.0
SS-ANI-0632-A1,augmented/animal_sound/SS-ANI-0632-A1.wav,Animal Sound,SS-ANI-0632,train,augmented,noise,1985814474,5.0,16000,1,82b723b64087cd80dba87302f49384bb46772fee6bd1d12fb3557336857d2986,augmentation of SS-ANI-0632,CC-BY-4.0
SS-ANI-0632-A2,augmented/animal_sound/SS-ANI-0632-A2.wav,Animal Sound,SS-ANI-0632,train,augmented,noise,1887364234,5.0,16000,1,2991969a744b9c63de50f52d497cb40a60924413f20bced0fceaae341c841d85,augmentation of SS-ANI-0632,CC-BY-4.0
SS-ANI-0633-A1,augmented/animal_sound/SS-ANI-0633-A1.wav,Animal Sound,SS-ANI-0633,train,augmented,volume,987303759,5.0,16000,1,4aa28e587dabecf89ff2cae2b078110f32c4ba1f9aa30e86b40d0cd857bcc8cc,augmentation of SS-ANI-0633,CC-BY-4.0
SS-ANI-0633-A2,augmented/animal_sound/SS-ANI-0633-A2.wav,Animal Sound,SS-ANI-0633,train,augmented,distance,1218300905,5.0,16000,1,d483c0f2e497f8bf4b930635e260cad15ce55a800d192faad08be41322ac3aa6,augmentation of SS-ANI-0633,CC-BY-4.0
SS-ANI-0634-A1,augmented/animal_sound/SS-ANI-0634-A1.wav,Animal Sound,SS-ANI-0634,train,augmented,pitch,305755603,5.0,16000,1,2314181d9363eac54bcc7107fd3d0afaaec1f01fe97e0c0f4390d7fb3d5fcc00,augmentation of SS-ANI-0634,CC-BY-4.0
SS-ANI-0634-A2,augmented/animal_sound/SS-ANI-0634-A2.wav,Animal Sound,SS-ANI-0634,train,augmented,device,3552633656,5.0,16000,1,a7a5c8ecdc885662bcaa577468eaa533208118cb4891818c34cd515660cad4e7,augmentation of SS-ANI-0634,CC-BY-4.0
SS-ANI-0635-A1,augmented/animal_sound/SS-ANI-0635-A1.wav,Animal Sound,SS-ANI-0635,train,augmented,pitch,3779511283,5.0,16000,1,947f44fae011a6bf101ad24c3a7334a9aaa7131611bef1ce324e5059b70188e6,augmentation of SS-ANI-0635,CC-BY-4.0
SS-ANI-0635-A2,augmented/animal_sound/SS-ANI-0635-A2.wav,Animal Sound,SS-ANI-0635,train,augmented,reverb,1872517796,5.0,16000,1,97262bb5708c13e46a8beba75c5fd16b58255a42fc35791be168a7803662aced,augmentation of SS-ANI-0635,CC-BY-4.0
SS-ANI-0636-A1,augmented/animal_sound/SS-ANI-0636-A1.wav,Animal Sound,SS-ANI-0636,train,augmented,shift,3156400069,5.0,16000,1,c77b3d1093e306fed482d7a2f2c8a5f36be4fde0e5b504cc7e9cef4f9b1f05ba,augmentation of SS-ANI-0636,CC-BY-4.0
SS-ANI-0636-A2,augmented/animal_sound/SS-ANI-0636-A2.wav,Animal Sound,SS-ANI-0636,train,augmented,distance,1706238393,5.0,16000,1,30879b18efff867e33c9feb51514e88c6e59299e49fb075e6482a69d354f7263,augmentation of SS-ANI-0636,CC-BY-4.0
SS-ANI-0637-A1,augmented/animal_sound/SS-ANI-0637-A1.wav,Animal Sound,SS-ANI-0637,train,augmented,stretch,2118797718,4.731,16000,1,11ed2552a429809903219420b11ebbc147e3be98e93531466018675b27ef2c96,augmentation of SS-ANI-0637,CC-BY-4.0
SS-ANI-0637-A2,augmented/animal_sound/SS-ANI-0637-A2.wav,Animal Sound,SS-ANI-0637,train,augmented,noise,4018807762,5.0,16000,1,aded8b9ffc682fc5b395509fcff329b4d6802bf948351e117c5d63ef4622e745,augmentation of SS-ANI-0637,CC-BY-4.0
SS-ANI-0638-A1,augmented/animal_sound/SS-ANI-0638-A1.wav,Animal Sound,SS-ANI-0638,train,augmented,noise,840389586,5.0,16000,1,85af37203e6881dfc742ed2d1a3c0c3a8aeec364cc0efc93524dec37123cdeb1,augmentation of SS-ANI-0638,CC-BY-4.0
SS-ANI-0638-A2,augmented/animal_sound/SS-ANI-0638-A2.wav,Animal Sound,SS-ANI-0638,train,augmented,pitch,2456892483,5.0,16000,1,abe348519377917f9472ba6ba1485b7cee36e8e7d113352a7f60509deb49a6ea,augmentation of SS-ANI-0638,CC-BY-4.0
SS-ANI-0639-A1,augmented/animal_sound/SS-ANI-0639-A1.wav,Animal Sound,SS-ANI-0639,train,augmented,pitch,613719387,5.0,16000,1,f3869b9d533db9f47f50dfd89ddfcdec4ff865f0148376d183b5968039f9251e,augmentation of SS-ANI-0639,CC-BY-4.0
SS-ANI-0639-A2,augmented/animal_sound/SS-ANI-0639-A2.wav,Animal Sound,SS-ANI-0639,train,augmented,stretch,1509202206,4.446,16000,1,55bb58991c27f383c699e238efde24e9db14b2a8664d4c22d766e8b798176e84,augmentation of SS-ANI-0639,CC-BY-4.0
SS-ANI-0641-A1,augmented/animal_sound/SS-ANI-0641-A1.wav,Animal Sound,SS-ANI-0641,train,augmented,noise,3110505970,5.0,16000,1,c7d6d0c337bedf72ba5f3e6b1d4f3446af26eca8b54931ad99438da828e09703,augmentation of SS-ANI-0641,CC-BY-4.0
SS-ANI-0641-A2,augmented/animal_sound/SS-ANI-0641-A2.wav,Animal Sound,SS-ANI-0641,train,augmented,volume,3043684591,5.0,16000,1,a2507d8d7d2f2c696386328d0e770c10a3dfdbcbb2faf46da9cba0817a45a518,augmentation of SS-ANI-0641,CC-BY-4.0
SS-ANI-0647-A1,augmented/animal_sound/SS-ANI-0647-A1.wav,Animal Sound,SS-ANI-0647,train,augmented,device,134061576,5.0,16000,1,75e09969325f7c1468c9407a7d97c75ce66436c64c3dad6a747016a1595c18c7,augmentation of SS-ANI-0647,CC-BY-4.0
SS-ANI-0647-A2,augmented/animal_sound/SS-ANI-0647-A2.wav,Animal Sound,SS-ANI-0647,train,augmented,pitch,3043204051,5.0,16000,1,054b4a9d92b6243691257eb930dd5368c16fca9c3e6b34b31f7a8e00b8d3a6db,augmentation of SS-ANI-0647,CC-BY-4.0
SS-ANI-0648-A1,augmented/animal_sound/SS-ANI-0648-A1.wav,Animal Sound,SS-ANI-0648,train,augmented,pitch,3105381355,5.0,16000,1,f382f64ece8171fd87ec9fcfe00f140a6226f0227e7e8fc1487f93bbafb613b4,augmentation of SS-ANI-0648,CC-BY-4.0
SS-ANI-0648-A2,augmented/animal_sound/SS-ANI-0648-A2.wav,Animal Sound,SS-ANI-0648,train,augmented,volume,1566949375,5.0,16000,1,5b70c96926bc43a0e67008a6881e007d83d0252c083739ddb85db53b6916412f,augmentation of SS-ANI-0648,CC-BY-4.0
SS-ANI-0649-A1,augmented/animal_sound/SS-ANI-0649-A1.wav,Animal Sound,SS-ANI-0649,train,augmented,noise,1266444210,5.0,16000,1,720256edf34ad40857e9ce894c6b07858349245f50a1ff31da1384cd785e4ec5,augmentation of SS-ANI-0649,CC-BY-4.0
SS-ANI-0649-A2,augmented/animal_sound/SS-ANI-0649-A2.wav,Animal Sound,SS-ANI-0649,train,augmented,pitch,3431802411,5.0,16000,1,3cdaa3442e4909e6bbf83d886c2ff43f469af782f5138381bee019b8c87502b4,augmentation of SS-ANI-0649,CC-BY-4.0
SS-ANI-0652-A1,augmented/animal_sound/SS-ANI-0652-A1.wav,Animal Sound,SS-ANI-0652,train,augmented,pitch,4188152531,5.0,16000,1,e0c910a642c5d60d54b2605c40dd97072a6113c2bdc6e93b5ead3f61660acd86,augmentation of SS-ANI-0652,CC-BY-4.0
SS-ANI-0652-A2,augmented/animal_sound/SS-ANI-0652-A2.wav,Animal Sound,SS-ANI-0652,train,augmented,device,796991112,5.0,16000,1,e9348d76d3f5293c8f20b9f069c53f3d33da39682acdb9de2e494c603afd05eb,augmentation of SS-ANI-0652,CC-BY-4.0
SS-ANI-0657-A1,augmented/animal_sound/SS-ANI-0657-A1.wav,Animal Sound,SS-ANI-0657,train,augmented,stretch,4214278846,4.873,16000,1,cd95fe2cefaa1c7e0e846a5c5dfac02d416347fd8f636e52aef2099b74c9b6b7,augmentation of SS-ANI-0657,CC-BY-4.0
SS-ANI-0657-A2,augmented/animal_sound/SS-ANI-0657-A2.wav,Animal Sound,SS-ANI-0657,train,augmented,distance,2179227353,5.0,16000,1,925c4fbf0556b75e4c687d3dc8852d2de67aed4611991c8351f85190e8753c13,augmentation of SS-ANI-0657,CC-BY-4.0
SS-ANI-0658-A1,augmented/animal_sound/SS-ANI-0658-A1.wav,Animal Sound,SS-ANI-0658,train,augmented,volume,1709689215,5.0,16000,1,a0b73e22f13cb2e6f3836478cd4e108c8f7d509d48e81dd34a652aaa3837607a,augmentation of SS-ANI-0658,CC-BY-4.0
SS-ANI-0658-A2,augmented/animal_sound/SS-ANI-0658-A2.wav,Animal Sound,SS-ANI-0658,train,augmented,volume,1809156167,5.0,16000,1,bb8bc20065e1a25cbb2369c49ebec78b8c5143202e9ba12b8d8a5ddb6a6655cd,augmentation of SS-ANI-0658,CC-BY-4.0
SS-ANI-0659-A1,augmented/animal_sound/SS-ANI-0659-A1.wav,Animal Sound,SS-ANI-0659,train,augmented,noise,580483594,5.0,16000,1,878f753dc7da89cd12181828c55a81881acd8856eabd937b4dace7fa178b8e7b,augmentation of SS-ANI-0659,CC-BY-4.0
SS-ANI-0659-A2,augmented/animal_sound/SS-ANI-0659-A2.wav,Animal Sound,SS-ANI-0659,train,augmented,shift,1646042117,5.0,16000,1,a63c03a69877117c1fb2a81ec6fea74c7675567d8a523917ee3e7f3dccafe974,augmentation of SS-ANI-0659,CC-BY-4.0
SS-ANI-0660-A1,augmented/animal_sound/SS-ANI-0660-A1.wav,Animal Sound,SS-ANI-0660,train,augmented,volume,2949219975,5.0,16000,1,6fd0c03c0634109bdc5654042fb37eb43748808b4a3ab4d7799838b7afcfae40,augmentation of SS-ANI-0660,CC-BY-4.0
SS-ANI-0660-A2,augmented/animal_sound/SS-ANI-0660-A2.wav,Animal Sound,SS-ANI-0660,train,augmented,stretch,3412430342,5.694,16000,1,3416bfc407a8215f6b18c6ee9999e7cba0a7fa9dedc4605531d4b1701e163432,augmentation of SS-ANI-0660,CC-BY-4.0
SS-ANI-0661-A1,augmented/animal_sound/SS-ANI-0661-A1.wav,Animal Sound,SS-ANI-0661,train,augmented,stretch,181150326,5.582,16000,1,bdfc72df82fd9e3cd3f742cb8cc33ca78001ef43c1dd3f5426f039d3c1b2e0ff,augmentation of SS-ANI-0661,CC-BY-4.0
SS-ANI-0661-A2,augmented/animal_sound/SS-ANI-0661-A2.wav,Animal Sound,SS-ANI-0661,train,augmented,shift,4164920645,5.0,16000,1,b44d7a8064c300a435b61ad9e2d52fc543ed56128a37140182ded5d142d22245,augmentation of SS-ANI-0661,CC-BY-4.0
SS-ANI-0662-A1,augmented/animal_sound/SS-ANI-0662-A1.wav,Animal Sound,SS-ANI-0662,train,augmented,shift,3115226429,5.0,16000,1,10312e6ee4073d928c4ec2c365e2ea9fca2f96699bd0d863c5e303acaae06c95,augmentation of SS-ANI-0662,CC-BY-4.0
SS-ANI-0662-A2,augmented/animal_sound/SS-ANI-0662-A2.wav,Animal Sound,SS-ANI-0662,train,augmented,reverb,583975564,5.0,16000,1,201d341e692ac27d458303e9cbba329768ef6ea850e3c173d09d0f172ab47853,augmentation of SS-ANI-0662,CC-BY-4.0
SS-BGN-0002-A1,augmented/background_noise/SS-BGN-0002-A1.wav,Background Noise,SS-BGN-0002,train,augmented,stretch,857511518,0.918,16000,1,0edf045567d750e680e1d8d40f09ecfc99a3dfe023d73b882bc101779550c1fc,augmentation of SS-BGN-0002,CC-BY-3.0
SS-BGN-0002-A2,augmented/background_noise/SS-BGN-0002-A2.wav,Background Noise,SS-BGN-0002,train,augmented,reverb,1893235242,1.012,16000,1,b3b5458eb44033c268e093265b8b76a5779d9481356b288aef6dce35f871df46,augmentation of SS-BGN-0002,CC-BY-3.0
SS-BGN-0003-A1,augmented/background_noise/SS-BGN-0003-A1.wav,Background Noise,SS-BGN-0003,train,augmented,device,484349344,23.311,16000,1,da61f7cdda38c61b0d747d69896f92abbec843af63afe6da9dfe1cf8d342be8e,augmentation of SS-BGN-0003,CC-BY-3.0
SS-BGN-0003-A2,augmented/background_noise/SS-BGN-0003-A2.wav,Background Noise,SS-BGN-0003,train,augmented,shift,147214773,23.311,16000,1,6bc1fe2bc4fc6bbc21e5093cf4440bcd23644950d0fd70d6c079be64875767e4,augmentation of SS-BGN-0003,CC-BY-3.0
SS-BGN-0005-A1,augmented/background_noise/SS-BGN-0005-A1.wav,Background Noise,SS-BGN-0005,train,augmented,pitch,514396859,14.199,16000,1,25005b68fc26e670110e52fa05edb785c2e2628ca6521a26d688ca5ac97d638d,augmentation of SS-BGN-0005,CC-BY-3.0
SS-BGN-0005-A2,augmented/background_noise/SS-BGN-0005-A2.wav,Background Noise,SS-BGN-0005,train,augmented,reverb,1447165978,14.199,16000,1,f1a8184ad83388dbcfcd95673569bbffb55363ec8337da5d9a6dbbcf5452eff6,augmentation of SS-BGN-0005,CC-BY-3.0
SS-BGN-0006-A1,augmented/background_noise/SS-BGN-0006-A1.wav,Background Noise,SS-BGN-0006,train,augmented,stretch,1102342470,25.823,16000,1,2ef166d1adccb8f3749148aa5bae305435dae70f39bd5dbc6b287e870be967df,augmentation of SS-BGN-0006,CC0-1.0
SS-BGN-0006-A2,augmented/background_noise/SS-BGN-0006-A2.wav,Background Noise,SS-BGN-0006,train,augmented,stretch,1999095542,19.94,16000,1,4b1ba014fc3c56edd94732f463c8f0ae75ac038f576934b507af1a087cb5727a,augmentation of SS-BGN-0006,CC0-1.0
SS-BGN-0009-A1,augmented/background_noise/SS-BGN-0009-A1.wav,Background Noise,SS-BGN-0009,train,augmented,reverb,2215471444,22.187,16000,1,15392a82ac3c922ecdc98de4b75e3080925029b115705cd3324c7bb88fde96f0,augmentation of SS-BGN-0009,CC0-1.0
SS-BGN-0009-A2,augmented/background_noise/SS-BGN-0009-A2.wav,Background Noise,SS-BGN-0009,train,augmented,reverb,2127228108,22.187,16000,1,b3a799dfacc601164b84bc22a88e3084166b92aea19fc3c0352733203bd57208,augmentation of SS-BGN-0009,CC0-1.0
SS-BGN-0010-A1,augmented/background_noise/SS-BGN-0010-A1.wav,Background Noise,SS-BGN-0010,train,augmented,reverb,7036324,20.062,16000,1,1cd24aff9cef054b502986b1fb95259ae43d8b726a333432c9d239cf39f80b32,augmentation of SS-BGN-0010,CC-BY-3.0
SS-BGN-0010-A2,augmented/background_noise/SS-BGN-0010-A2.wav,Background Noise,SS-BGN-0010,train,augmented,reverb,393865700,20.062,16000,1,a540fd58acb6b3a4903cdbc3772be235423a270fd1d650dac40ff6e3950dbe39,augmentation of SS-BGN-0010,CC-BY-3.0
SS-BGN-0011-A1,augmented/background_noise/SS-BGN-0011-A1.wav,Background Noise,SS-BGN-0011,train,augmented,distance,2245339761,17.58,16000,1,43ce5909023b945d721540362af167721b64c8067df74b788c156d63d116f35d,augmentation of SS-BGN-0011,CC-BY-3.0
SS-BGN-0011-A2,augmented/background_noise/SS-BGN-0011-A2.wav,Background Noise,SS-BGN-0011,train,augmented,shift,2877502701,17.58,16000,1,e5281f28199603d93f8b40ac3c734d84e4a44d69e3d68e7c19f77b171cd5ab87,augmentation of SS-BGN-0011,CC-BY-3.0
SS-BGN-0012-A1,augmented/background_noise/SS-BGN-0012-A1.wav,Background Noise,SS-BGN-0012,train,augmented,volume,704927103,17.889,16000,1,15babd54329a4ba234e4be91a77fe1ff0431b09bac92e1633c33f3fc77f3a7e5,augmentation of SS-BGN-0012,CC-BY-3.0
SS-BGN-0012-A2,augmented/background_noise/SS-BGN-0012-A2.wav,Background Noise,SS-BGN-0012,train,augmented,distance,721350025,17.889,16000,1,61e21a30e024087366fc6b0030f86c8b8b8896156451a4cb6f868821d8cd1155,augmentation of SS-BGN-0012,CC-BY-3.0
SS-BGN-0013-A1,augmented/background_noise/SS-BGN-0013-A1.wav,Background Noise,SS-BGN-0013,train,augmented,reverb,4030541770,16.44,16000,1,ab413cfdc3e7db2cce75698c3150996bb96a56f4780de239a317561c13410e7c,augmentation of SS-BGN-0013,CC0-1.0
SS-BGN-0013-A2,augmented/background_noise/SS-BGN-0013-A2.wav,Background Noise,SS-BGN-0013,train,augmented,stretch,1873773750,14.427,16000,1,050bab5a3ce92b3a81c4cebc4fc46645f1cda37d3cc3883e04b4e44c399bbd77,augmentation of SS-BGN-0013,CC0-1.0
SS-BGN-0016-A1,augmented/background_noise/SS-BGN-0016-A1.wav,Background Noise,SS-BGN-0016,train,augmented,shift,4288712245,11.945,16000,1,8c49cb7be7cb64426a828a98ce81e7595afc9f74dd47afb3418bb8b49c6c1713,augmentation of SS-BGN-0016,CC-BY-3.0
SS-BGN-0016-A2,augmented/background_noise/SS-BGN-0016-A2.wav,Background Noise,SS-BGN-0016,train,augmented,pitch,852490635,11.945,16000,1,dcd04221a5e76c60dff6e28ebbae9b118a62a046b63ae923a0112f79436e30d1,augmentation of SS-BGN-0016,CC-BY-3.0
SS-BGN-0017-A1,augmented/background_noise/SS-BGN-0017-A1.wav,Background Noise,SS-BGN-0017,train,augmented,shift,4273321309,9.653,16000,1,98d46f7eea964c397c889e704deb1936e954e63af3379ee0d32a641601c1b464,augmentation of SS-BGN-0017,CC0-1.0
SS-BGN-0017-A2,augmented/background_noise/SS-BGN-0017-A2.wav,Background Noise,SS-BGN-0017,train,augmented,shift,3483584669,9.653,16000,1,c159d5b0c989d28aaae2dfb12f232372c7aa34c59b9c47612012bf4646016896,augmentation of SS-BGN-0017,CC0-1.0
SS-BGN-0018-A1,augmented/background_noise/SS-BGN-0018-A1.wav,Background Noise,SS-BGN-0018,train,augmented,reverb,2230143404,25.356,16000,1,20d05236f86ae650abdd1ee71073fcb0726feab368da4e959b639e72eeace881,augmentation of SS-BGN-0018,CC0-1.0
SS-BGN-0018-A2,augmented/background_noise/SS-BGN-0018-A2.wav,Background Noise,SS-BGN-0018,train,augmented,reverb,1494732562,25.356,16000,1,fcf0beaa56a9c12b954f060523861c7c2575776895de62f642a5bc48bed78d26,augmentation of SS-BGN-0018,CC0-1.0
SS-BGN-0020-A1,augmented/background_noise/SS-BGN-0020-A1.wav,Background Noise,SS-BGN-0020,train,augmented,distance,1166227857,11.424,16000,1,3f0811b5f28b60564e7ff9e9d9eee9f04a87d30eee2f05a4b065dd911200579a,augmentation of SS-BGN-0020,CC-BY-3.0
SS-BGN-0020-A2,augmented/background_noise/SS-BGN-0020-A2.wav,Background Noise,SS-BGN-0020,train,augmented,pitch,2643249035,11.424,16000,1,a247b0fbcc88cd5bcbbab6d34887848edbd710191fe50a84b31ce69fe25d516b,augmentation of SS-BGN-0020,CC-BY-3.0
SS-BGN-0021-A1,augmented/background_noise/SS-BGN-0021-A1.wav,Background Noise,SS-BGN-0021,train,augmented,stretch,1795298086,16.803,16000,1,e7ce8ca3b22fe7c0d86a68febb5598156692944017a3edf81ee59a72db7ed95d,augmentation of SS-BGN-0021,CC-BY-3.0
SS-BGN-0021-A2,augmented/background_noise/SS-BGN-0021-A2.wav,Background Noise,SS-BGN-0021,train,augmented,distance,4196244969,16.144,16000,1,63a580ab8cb610f91a99277caef69841e24b15e495ae4a43b1addc83594d4c06,augmentation of SS-BGN-0021,CC-BY-3.0
SS-BGN-0022-A1,augmented/background_noise/SS-BGN-0022-A1.wav,Background Noise,SS-BGN-0022,train,augmented,shift,1809785277,2.539,16000,1,6f9ee204bc65aff83ada34450b231d8c7cb78e61e329c128bacfb50c19ca15ee,augmentation of SS-BGN-0022,CC-BY-3.0
SS-BGN-0022-A2,augmented/background_noise/SS-BGN-0022-A2.wav,Background Noise,SS-BGN-0022,train,augmented,reverb,2480706532,2.539,16000,1,93c86a050bfa7a470481f3b9818bfd4a480ebd6e7cc1a0ca45f75b06a29817ba,augmentation of SS-BGN-0022,CC-BY-3.0
SS-BGN-0023-A1,augmented/background_noise/SS-BGN-0023-A1.wav,Background Noise,SS-BGN-0023,train,augmented,reverb,142484722,16.679,16000,1,d6a05f3f485b86afa93be4a0dbfb0e62fb4d9636da9742ce6bf379dfd83c08f7,augmentation of SS-BGN-0023,CC-BY-3.0
SS-BGN-0023-A2,augmented/background_noise/SS-BGN-0023-A2.wav,Background Noise,SS-BGN-0023,train,augmented,reverb,4131013866,16.679,16000,1,ea733a846d37e0625cf770339c55d1a3dee337c915116fe51a282a662a8f3ebe,augmentation of SS-BGN-0023,CC-BY-3.0
SS-BGN-0025-A1,augmented/background_noise/SS-BGN-0025-A1.wav,Background Noise,SS-BGN-0025,train,augmented,volume,898437447,30.0,16000,1,3d281e89098413f1c0306af4622ba2bf42d495fd6cf271eafe4f73cc259b50ce,augmentation of SS-BGN-0025,CC-BY-3.0
SS-BGN-0025-A2,augmented/background_noise/SS-BGN-0025-A2.wav,Background Noise,SS-BGN-0025,train,augmented,pitch,3376890371,30.0,16000,1,35c694be3b1973679f62c39c36e7f335019466a6e99e8ce9abe10a8a162f8812,augmentation of SS-BGN-0025,CC-BY-3.0
SS-BGN-0026-A1,augmented/background_noise/SS-BGN-0026-A1.wav,Background Noise,SS-BGN-0026,train,augmented,reverb,3734818796,5.0,16000,1,7e9d2a23a04067479f56ace16999e6e946eff1abec3fa1b578a1f6ec771b611b,augmentation of SS-BGN-0026,CC-BY-3.0
SS-BGN-0026-A2,augmented/background_noise/SS-BGN-0026-A2.wav,Background Noise,SS-BGN-0026,train,augmented,volume,2168146047,5.0,16000,1,df920ea21c3a6daab26d7547ca0a298b7963fdd75bf87643bf0a63d88fad3bcd,augmentation of SS-BGN-0026,CC-BY-3.0
SS-BGN-0028-A1,augmented/background_noise/SS-BGN-0028-A1.wav,Background Noise,SS-BGN-0028,train,augmented,reverb,2921576484,21.508,16000,1,96678b0f4bc9ae353355ea6495334de5a28c72bb96480dd395de02f327768780,augmentation of SS-BGN-0028,CC-BY-3.0
SS-BGN-0028-A2,augmented/background_noise/SS-BGN-0028-A2.wav,Background Noise,SS-BGN-0028,train,augmented,pitch,695448987,21.508,16000,1,629a8810dfc767fcd68603bd3c976a97d2225bcff2dd3f7011acb5337500a926,augmentation of SS-BGN-0028,CC-BY-3.0
SS-BGN-0029-A1,augmented/background_noise/SS-BGN-0029-A1.wav,Background Noise,SS-BGN-0029,train,augmented,distance,1833658857,15.619,16000,1,22eca1ea680d0f625639ea9f3c324707c8e8c1b97c97b05d37ec3ef3cf51572e,augmentation of SS-BGN-0029,CC-BY-3.0
SS-BGN-0029-A2,augmented/background_noise/SS-BGN-0029-A2.wav,Background Noise,SS-BGN-0029,train,augmented,shift,2247541445,15.619,16000,1,b67a0174c468cff1c8768f48963f6840e88fc16c658fd4a8bc5f08745ab5a9ac,augmentation of SS-BGN-0029,CC-BY-3.0
SS-BGN-0030-A1,augmented/background_noise/SS-BGN-0030-A1.wav,Background Noise,SS-BGN-0030,train,augmented,device,2602234464,2.193,16000,1,24b8ba21083f7e4ee3a23ce0b5ed73af1097c511e41097dec2b8d610ef5e7829,augmentation of SS-BGN-0030,CC-BY-3.0
SS-BGN-0030-A2,augmented/background_noise/SS-BGN-0030-A2.wav,Background Noise,SS-BGN-0030,train,augmented,distance,1895818969,2.193,16000,1,621441d56dab267b262a2285fb1a9395fe2fc60440424872804addc2b5b0bb71,augmentation of SS-BGN-0030,CC-BY-3.0
SS-BGN-0032-A1,augmented/background_noise/SS-BGN-0032-A1.wav,Background Noise,SS-BGN-0032,train,augmented,reverb,1780191756,18.598,16000,1,d316d102991624a0df9868e8eb635638bcbf76fbc07fd9a7a49f6307391c0bae,augmentation of SS-BGN-0032,CC-BY-3.0
SS-BGN-0032-A2,augmented/background_noise/SS-BGN-0032-A2.wav,Background Noise,SS-BGN-0032,train,augmented,pitch,1541450163,18.598,16000,1,e5018677ea1714f030a00669e6ba36aaa5870953805d13e9a6a2fd8bf7199c83,augmentation of SS-BGN-0032,CC-BY-3.0
SS-BGN-0033-A1,augmented/background_noise/SS-BGN-0033-A1.wav,Background Noise,SS-BGN-0033,train,augmented,shift,3809189853,17.972,16000,1,8812eb9bea6407883351202989cfa9b9ff4a746340b44ac5715fa73c41267d8f,augmentation of SS-BGN-0033,CC-BY-3.0
SS-BGN-0033-A2,augmented/background_noise/SS-BGN-0033-A2.wav,Background Noise,SS-BGN-0033,train,augmented,device,2209092472,17.972,16000,1,682c5a41c489156779815036f03641c4c361ddf752b9f9bdd9a797257f993ab2,augmentation of SS-BGN-0033,CC-BY-3.0
SS-BGN-0035-A1,augmented/background_noise/SS-BGN-0035-A1.wav,Background Noise,SS-BGN-0035,train,augmented,pitch,4087974931,0.739,16000,1,e3dcde8baa523633581237f9ad02910d0651862e34a1b713138ae5e8859e140a,augmentation of SS-BGN-0035,CC-BY-3.0
SS-BGN-0035-A2,augmented/background_noise/SS-BGN-0035-A2.wav,Background Noise,SS-BGN-0035,train,augmented,stretch,3166700126,0.691,16000,1,5fcbc3f4735b438eb2175c23cf5d7c9362439bda924e6ff340599aa40107c875,augmentation of SS-BGN-0035,CC-BY-3.0
SS-BGN-0037-A1,augmented/background_noise/SS-BGN-0037-A1.wav,Background Noise,SS-BGN-0037,train,augmented,volume,1523976295,25.284,16000,1,ba1dd36249eb84199a8e562f67318515f5a50c233fb461cc347dd00c87b14671,augmentation of SS-BGN-0037,CC0-1.0
SS-BGN-0037-A2,augmented/background_noise/SS-BGN-0037-A2.wav,Background Noise,SS-BGN-0037,train,augmented,distance,1113163377,25.284,16000,1,0ce07c9760aa7fc605520ce0be652fd01fa42fb952661f5fd380dbfdc26f4ae8,augmentation of SS-BGN-0037,CC0-1.0
SS-BGN-0038-A1,augmented/background_noise/SS-BGN-0038-A1.wav,Background Noise,SS-BGN-0038,train,augmented,device,155708688,11.669,16000,1,c185d91e77e43feb7e43787229e862611586e7f4d459f0f14bde9d724f830b69,augmentation of SS-BGN-0038,CC-BY-3.0
SS-BGN-0038-A2,augmented/background_noise/SS-BGN-0038-A2.wav,Background Noise,SS-BGN-0038,train,augmented,volume,2110883415,11.669,16000,1,02a639be599c877badde13b48d54a2d51cb24243e9f0e4ad03a6b22b0dabc552,augmentation of SS-BGN-0038,CC-BY-3.0
SS-BGN-0039-A1,augmented/background_noise/SS-BGN-0039-A1.wav,Background Noise,SS-BGN-0039,train,augmented,volume,623332031,17.859,16000,1,14bf2a3febb474d16036f9de60189fa7be6b8ad1f9cdc1f7a94765a19242b61e,augmentation of SS-BGN-0039,CC0-1.0
SS-BGN-0039-A2,augmented/background_noise/SS-BGN-0039-A2.wav,Background Noise,SS-BGN-0039,train,augmented,device,1394881584,17.859,16000,1,d711ff1cb8be0b6f1957e1f0d5d68a1188754ec6fcc3183d51d893c30330ed0a,augmentation of SS-BGN-0039,CC0-1.0
SS-BGN-0041-A1,augmented/background_noise/SS-BGN-0041-A1.wav,Background Noise,SS-BGN-0041,train,augmented,distance,2198278649,4.841,16000,1,ddd1edcb5a9331968ac1d7fd03949244bb88141d7b51e90728c11a97f7eeb181,augmentation of SS-BGN-0041,CC-BY-3.0
SS-BGN-0041-A2,augmented/background_noise/SS-BGN-0041-A2.wav,Background Noise,SS-BGN-0041,train,augmented,distance,1948918505,4.841,16000,1,3fd472f55fc12e7e3b43c465e6ede4c5c1de00526dd3e0aa4f0b137e391b45e3,augmentation of SS-BGN-0041,CC-BY-3.0
SS-BGN-0043-A1,augmented/background_noise/SS-BGN-0043-A1.wav,Background Noise,SS-BGN-0043,train,augmented,device,2100796944,18.706,16000,1,13dae809eb29fd6b5b6fb87ca86cc0bbac6e28243fcbacf79ca167f98f2e84c8,augmentation of SS-BGN-0043,CC0-1.0
SS-BGN-0043-A2,augmented/background_noise/SS-BGN-0043-A2.wav,Background Noise,SS-BGN-0043,train,augmented,reverb,1481814212,18.706,16000,1,cddf74fe49d49741a690715f8c49723a795b8c51faca641fce6411cb06950538,augmentation of SS-BGN-0043,CC0-1.0
SS-BGN-0044-A1,augmented/background_noise/SS-BGN-0044-A1.wav,Background Noise,SS-BGN-0044,train,augmented,stretch,1790974382,25.655,16000,1,0ac26ab35716307b876bf5cb34d97c8bb747277cf38301ec4009d7489fa8aabb,augmentation of SS-BGN-0044,CC-BY-3.0
SS-BGN-0044-A2,augmented/background_noise/SS-BGN-0044-A2.wav,Background Noise,SS-BGN-0044,train,augmented,stretch,3941782382,24.025,16000,1,a8054c3fe0d6309c249f2f3e459e5d6b9c2b39f2cce18234490e37dd3f7cfb2c,augmentation of SS-BGN-0044,CC-BY-3.0
SS-BGN-0045-A1,augmented/background_noise/SS-BGN-0045-A1.wav,Background Noise,SS-BGN-0045,train,augmented,device,3649593024,25.704,16000,1,ced06a7d8ddfe5d87e0850e7036959ad8cbf2eb01970b5cc7e5ce883544c8dc2,augmentation of SS-BGN-0045,CC0-1.0
SS-BGN-0045-A2,augmented/background_noise/SS-BGN-0045-A2.wav,Background Noise,SS-BGN-0045,train,augmented,shift,3734821693,25.704,16000,1,3dacaabacf4b19bed3d76448e58f5ae16bc8d090d49079489058ff37f0f55bd6,augmentation of SS-BGN-0045,CC0-1.0
SS-BGN-0047-A1,augmented/background_noise/SS-BGN-0047-A1.wav,Background Noise,SS-BGN-0047,train,augmented,pitch,1795701835,8.909,16000,1,2990308fa72fef6b11e1a20a2201da4d0e3fc7047ff167686475cf803d6ea159,augmentation of SS-BGN-0047,CC0-1.0
SS-BGN-0047-A2,augmented/background_noise/SS-BGN-0047-A2.wav,Background Noise,SS-BGN-0047,train,augmented,distance,1346309449,8.909,16000,1,83f8127b81afac1d857a3ded48850e8b43c7e45451d6d1e93c3e96062c5f7cb5,augmentation of SS-BGN-0047,CC0-1.0
SS-BGN-0049-A1,augmented/background_noise/SS-BGN-0049-A1.wav,Background Noise,SS-BGN-0049,train,augmented,reverb,1524356138,6.663,16000,1,d2b0118359bb222d8b047e2c42bbd15aadb88bbbc296dcc05f8f0bc3ca922d81,augmentation of SS-BGN-0049,CC-BY-3.0
SS-BGN-0049-A2,augmented/background_noise/SS-BGN-0049-A2.wav,Background Noise,SS-BGN-0049,train,augmented,pitch,562303275,6.663,16000,1,b8eb5a74483852c7453130913b66455404172ce76633ca4e8e800bdbe20429c0,augmentation of SS-BGN-0049,CC-BY-3.0
SS-BGN-0050-A1,augmented/background_noise/SS-BGN-0050-A1.wav,Background Noise,SS-BGN-0050,train,augmented,shift,2003542877,4.452,16000,1,c7461a44f9c9a16d10aab7da115b2173ed873e5dfb5c607c79362911ec951035,augmentation of SS-BGN-0050,CC0-1.0
SS-BGN-0050-A2,augmented/background_noise/SS-BGN-0050-A2.wav,Background Noise,SS-BGN-0050,train,augmented,stretch,4064130974,4.521,16000,1,b9e95ef4b2a7b6c82814b933bb5a11c767134e9869f53af58e2de7a9b11d17f3,augmentation of SS-BGN-0050,CC0-1.0
SS-BGN-0053-A1,augmented/background_noise/SS-BGN-0053-A1.wav,Background Noise,SS-BGN-0053,train,augmented,volume,1377092447,23.8,16000,1,af6016d8cb1a22b077379c8b8e2f4443cbad60ced9ebdbd04226f329833c5e49,augmentation of SS-BGN-0053,CC0-1.0
SS-BGN-0053-A2,augmented/background_noise/SS-BGN-0053-A2.wav,Background Noise,SS-BGN-0053,train,augmented,shift,1934910061,23.8,16000,1,15c9ed1000ab6a49eb7dbc541749bcda3f941f74215dd3ee6fb9a1088f014d63,augmentation of SS-BGN-0053,CC0-1.0
SS-BGN-0054-A1,augmented/background_noise/SS-BGN-0054-A1.wav,Background Noise,SS-BGN-0054,train,augmented,shift,1999432949,2.719,16000,1,4a0e309711fd98b9a3fdab7d2358375caaea765bce8fbd797965886592189188,augmentation of SS-BGN-0054,CC0-1.0
SS-BGN-0054-A2,augmented/background_noise/SS-BGN-0054-A2.wav,Background Noise,SS-BGN-0054,train,augmented,volume,3282033431,2.719,16000,1,0fa45817d6f7fa05e4e467b723cd0e59b96b00fe6b6a2d38c9ca51eb29c91d7f,augmentation of SS-BGN-0054,CC0-1.0
SS-BGN-0056-A1,augmented/background_noise/SS-BGN-0056-A1.wav,Background Noise,SS-BGN-0056,train,augmented,pitch,2963805403,19.029,16000,1,796a65b91b7c99de4477b3a27664ae76dd1c4594ea7cf19be9643ea7bd528f55,augmentation of SS-BGN-0056,CC-BY-3.0
SS-BGN-0056-A2,augmented/background_noise/SS-BGN-0056-A2.wav,Background Noise,SS-BGN-0056,train,augmented,volume,1930775783,19.029,16000,1,6c37f31041665820d87f0d78c1890005dda025f7b058608f59b00dd535e8a4ae,augmentation of SS-BGN-0056,CC-BY-3.0
SS-BGN-0058-A1,augmented/background_noise/SS-BGN-0058-A1.wav,Background Noise,SS-BGN-0058,train,augmented,reverb,2609528068,4.224,16000,1,6d3ef98c91a0adeb473dca22d816597144784d73eb7ed315c3b582a346c0e923,augmentation of SS-BGN-0058,Sampling+-1.0
SS-BGN-0058-A2,augmented/background_noise/SS-BGN-0058-A2.wav,Background Noise,SS-BGN-0058,train,augmented,shift,502681717,4.224,16000,1,6b05c90d89ad15c41c35379acbcea9129708b28095cac4b0b89ced11c9033e32,augmentation of SS-BGN-0058,Sampling+-1.0
SS-BGN-0059-A1,augmented/background_noise/SS-BGN-0059-A1.wav,Background Noise,SS-BGN-0059,train,augmented,distance,1948874937,5.299,16000,1,d155f7f6469681eb95c14fab1c0f087108adffeba3af0e2c49122515bed12642,augmentation of SS-BGN-0059,CC-BY-3.0
SS-BGN-0059-A2,augmented/background_noise/SS-BGN-0059-A2.wav,Background Noise,SS-BGN-0059,train,augmented,stretch,2313959358,5.36,16000,1,d84205618d9832a4e38e1761a2cfcdf8375b09540c722897417e67f56c8a3442,augmentation of SS-BGN-0059,CC-BY-3.0
SS-BGN-0060-A1,augmented/background_noise/SS-BGN-0060-A1.wav,Background Noise,SS-BGN-0060,train,augmented,volume,2737878439,24.32,16000,1,0195f847d8af109f129676636714cb068542ebfbcc4ab455a6ea2b04a2c690ce,augmentation of SS-BGN-0060,CC0-1.0
SS-BGN-0060-A2,augmented/background_noise/SS-BGN-0060-A2.wav,Background Noise,SS-BGN-0060,train,augmented,volume,868558295,24.32,16000,1,9989f58d8937c2d7c34deadb5cc1fd90b72e6b6ab02f23238ba00ca57487a037,augmentation of SS-BGN-0060,CC0-1.0
SS-BGN-0063-A1,augmented/background_noise/SS-BGN-0063-A1.wav,Background Noise,SS-BGN-0063,train,augmented,device,1013572816,11.35,16000,1,ff22465f45947b9bea159fd9f1f3da66e337523f3ba56470ce5ad35363961925,augmentation of SS-BGN-0063,CC0-1.0
SS-BGN-0063-A2,augmented/background_noise/SS-BGN-0063-A2.wav,Background Noise,SS-BGN-0063,train,augmented,reverb,1875129324,11.35,16000,1,ad00b61e6edc8ae9a79495ea96ab755d82a3bf6dac5ddd1a42c0d4fc5ffeba7b,augmentation of SS-BGN-0063,CC0-1.0
SS-BGN-0064-A1,augmented/background_noise/SS-BGN-0064-A1.wav,Background Noise,SS-BGN-0064,train,augmented,reverb,517363924,17.772,16000,1,950cdec9afd46ac9acecba6f1caf9a891e67af61ba1b1ce85c541cf4def5079e,augmentation of SS-BGN-0064,CC0-1.0
SS-BGN-0064-A2,augmented/background_noise/SS-BGN-0064-A2.wav,Background Noise,SS-BGN-0064,train,augmented,stretch,3371026102,17.223,16000,1,e19adf6ed9f5fac935b54642cda36a94f001fbb07f589e41986b6e7be09e99c0,augmentation of SS-BGN-0064,CC0-1.0
SS-BGN-0066-A1,augmented/background_noise/SS-BGN-0066-A1.wav,Background Noise,SS-BGN-0066,train,augmented,reverb,3034014722,7.279,16000,1,d01d3c840f93e2d28a68981d116986a0c740cfe8db6acc4244a895bcdbe77b04,augmentation of SS-BGN-0066,CC-BY-3.0
SS-BGN-0066-A2,augmented/background_noise/SS-BGN-0066-A2.wav,Background Noise,SS-BGN-0066,train,augmented,device,3745255608,7.279,16000,1,d50d5c2abeae834a0108eb1462346dda0ab203eafc1327b7600f9234a4a1c614,augmentation of SS-BGN-0066,CC-BY-3.0
SS-BGN-0067-A1,augmented/background_noise/SS-BGN-0067-A1.wav,Background Noise,SS-BGN-0067,train,augmented,pitch,905054107,4.648,16000,1,bebc6d4080fc8640132c31437033fd368dede3a767aa9c7731810af313a9f801,augmentation of SS-BGN-0067,CC0-1.0
SS-BGN-0067-A2,augmented/background_noise/SS-BGN-0067-A2.wav,Background Noise,SS-BGN-0067,train,augmented,volume,3378739479,4.648,16000,1,d8c9d1dd56c7c51ad805b7d2cd205e1e994e071044ba821cfef5d4ee44349607,augmentation of SS-BGN-0067,CC0-1.0
SS-BGN-0068-A1,augmented/background_noise/SS-BGN-0068-A1.wav,Background Noise,SS-BGN-0068,train,augmented,device,2780911784,28.29,16000,1,eb8a6bd918bd891b7fcdd0d9a2576e5dc1005213c767fb51317eb63dbcabfee3,augmentation of SS-BGN-0068,CC-BY-3.0
SS-BGN-0068-A2,augmented/background_noise/SS-BGN-0068-A2.wav,Background Noise,SS-BGN-0068,train,augmented,stretch,824030510,25.954,16000,1,55052501a0e5c8191b5a73aa6dd3d480ac9f40bbbdd4296ea735188526e7483d,augmentation of SS-BGN-0068,CC-BY-3.0
SS-BGN-0070-A1,augmented/background_noise/SS-BGN-0070-A1.wav,Background Noise,SS-BGN-0070,train,augmented,stretch,1995904614,8.269,16000,1,f272f35cdc479cce34bf5235f2d90dbe570c211362e5219e1f1c35a3583a3333,augmentation of SS-BGN-0070,CC-BY-3.0
SS-BGN-0070-A2,augmented/background_noise/SS-BGN-0070-A2.wav,Background Noise,SS-BGN-0070,train,augmented,reverb,3492042962,9.482,16000,1,9a9d5dcb01786615956b0257c109fd3560d2ade42be53fbcfa282a201a7a77ee,augmentation of SS-BGN-0070,CC-BY-3.0
SS-BGN-0071-A1,augmented/background_noise/SS-BGN-0071-A1.wav,Background Noise,SS-BGN-0071,train,augmented,reverb,1339681420,19.574,16000,1,7916e9c6f600c03690a8fd4e29bff7cbce91f20367e24f84fa5a1f10c36006f4,augmentation of SS-BGN-0071,CC-BY-3.0
SS-BGN-0071-A2,augmented/background_noise/SS-BGN-0071-A2.wav,Background Noise,SS-BGN-0071,train,augmented,volume,1483364127,19.574,16000,1,33b93b4a08585bcb433a2d55206250eed27a3472b2edf6b54b9d2d0d31cd712d,augmentation of SS-BGN-0071,CC-BY-3.0
SS-BGN-0072-A1,augmented/background_noise/SS-BGN-0072-A1.wav,Background Noise,SS-BGN-0072,train,augmented,reverb,771437178,0.725,16000,1,945d9d900069a03dae9a72fa0136794375ecac35391993aa1ccf4919e1e976a5,augmentation of SS-BGN-0072,CC-BY-3.0
SS-BGN-0072-A2,augmented/background_noise/SS-BGN-0072-A2.wav,Background Noise,SS-BGN-0072,train,augmented,stretch,3996921286,0.837,16000,1,21d99d457c23e8bddbe02a8fb74b5b134730225252cd14c374f9ced9dfd33a2c,augmentation of SS-BGN-0072,CC-BY-3.0
SS-BGN-0073-A1,augmented/background_noise/SS-BGN-0073-A1.wav,Background Noise,SS-BGN-0073,train,augmented,reverb,41829564,14.657,16000,1,115bef57d9de732a82ab369008db66bc53d7b74b882076f7db19e1e8abf453db,augmentation of SS-BGN-0073,CC0-1.0
SS-BGN-0073-A2,augmented/background_noise/SS-BGN-0073-A2.wav,Background Noise,SS-BGN-0073,train,augmented,distance,401140713,14.657,16000,1,327c10c8e6a1b6978bfa359729abccc605861daa9836b196b8f744bc08b3eb0b,augmentation of SS-BGN-0073,CC0-1.0
SS-BGN-0074-A1,augmented/background_noise/SS-BGN-0074-A1.wav,Background Noise,SS-BGN-0074,train,augmented,reverb,3558699172,21.152,16000,1,56e72cf2ee9489f230bcf02e80ca7ad32ba928a97d623cb9a28137102d0ba468,augmentation of SS-BGN-0074,CC0-1.0
SS-BGN-0074-A2,augmented/background_noise/SS-BGN-0074-A2.wav,Background Noise,SS-BGN-0074,train,augmented,shift,1467606509,21.152,16000,1,3dc54261e762ec6ab17b05d978bafe3a9f6d7dc4557c744afa4ed58a58839c4d,augmentation of SS-BGN-0074,CC0-1.0
SS-BGN-0075-A1,augmented/background_noise/SS-BGN-0075-A1.wav,Background Noise,SS-BGN-0075,train,augmented,pitch,2755109979,15.244,16000,1,8aee3800dcccade48e77a7c3077a92c1a43195897242f8f4c395bb2dfb8bf7cf,augmentation of SS-BGN-0075,CC-BY-3.0
SS-BGN-0075-A2,augmented/background_noise/SS-BGN-0075-A2.wav,Background Noise,SS-BGN-0075,train,augmented,pitch,2613881675,15.244,16000,1,1343ab2e85977f5abfc75dcc2fd847800397ff7e313583861ec73533fa6a11e3,augmentation of SS-BGN-0075,CC-BY-3.0
SS-BGN-0078-A1,augmented/background_noise/SS-BGN-0078-A1.wav,Background Noise,SS-BGN-0078,train,augmented,pitch,66828811,22.148,16000,1,240a8aaa9553a9399a2fe4103a8bddacd653aac7a9936df40abd2e0e66eaf632,augmentation of SS-BGN-0078,CC-BY-3.0
SS-BGN-0078-A2,augmented/background_noise/SS-BGN-0078-A2.wav,Background Noise,SS-BGN-0078,train,augmented,distance,1217417401,22.148,16000,1,c69636f16bb6fedc3f1d458cdea128438ef95e70b1137b123239c0300bde3e62,augmentation of SS-BGN-0078,CC-BY-3.0
SS-BGN-0081-A1,augmented/background_noise/SS-BGN-0081-A1.wav,Background Noise,SS-BGN-0081,train,augmented,reverb,89840642,13.33,16000,1,01314c792e65a149d189f146e99cefb5022e221708bd1434f66f247491b21838,augmentation of SS-BGN-0081,CC0-1.0
SS-BGN-0081-A2,augmented/background_noise/SS-BGN-0081-A2.wav,Background Noise,SS-BGN-0081,train,augmented,distance,3851964545,13.33,16000,1,547f6418b06a1932e151c9db2b1d038e91a65d81fa515d83227b6c84b6883f31,augmentation of SS-BGN-0081,CC0-1.0
SS-BGN-0083-A1,augmented/background_noise/SS-BGN-0083-A1.wav,Background Noise,SS-BGN-0083,train,augmented,shift,216796445,1.327,16000,1,c303c1c4817b9628ec1ff0fab3584ed54e212ec57b99c971daf3265f41fec21f,augmentation of SS-BGN-0083,CC-BY-3.0
SS-BGN-0083-A2,augmented/background_noise/SS-BGN-0083-A2.wav,Background Noise,SS-BGN-0083,train,augmented,pitch,3672047955,1.327,16000,1,5db61ccca082c5d82f05a3bfbef600168b190be0e6aeb3dd21f1bdfc7a452679,augmentation of SS-BGN-0083,CC-BY-3.0
SS-BGN-0085-A1,augmented/background_noise/SS-BGN-0085-A1.wav,Background Noise,SS-BGN-0085,train,augmented,distance,3483334177,22.593,16000,1,f2399412093f31e6500a6b119f7c021cc9f9424f0d1e7f32868e4c3c0a0868c7,augmentation of SS-BGN-0085,CC-BY-3.0
SS-BGN-0085-A2,augmented/background_noise/SS-BGN-0085-A2.wav,Background Noise,SS-BGN-0085,train,augmented,reverb,3094444050,22.593,16000,1,650621e31370e9e3271a91e15a294e44279c7766424dcb3a5d466b95216ec856,augmentation of SS-BGN-0085,CC-BY-3.0
SS-BGN-0086-A1,augmented/background_noise/SS-BGN-0086-A1.wav,Background Noise,SS-BGN-0086,train,augmented,volume,4097951815,1.787,16000,1,fd60565137c19681215889e9be2cbfcce09920d6641b8e8ce01f3c51bbe29db6,augmentation of SS-BGN-0086,CC0-1.0
SS-BGN-0086-A2,augmented/background_noise/SS-BGN-0086-A2.wav,Background Noise,SS-BGN-0086,train,augmented,device,3819949208,1.787,16000,1,a3c52d133495a96437ff092c9cb2461750ebbe1be0580671949517fe67266744,augmentation of SS-BGN-0086,CC0-1.0
SS-BGN-0087-A1,augmented/background_noise/SS-BGN-0087-A1.wav,Background Noise,SS-BGN-0087,train,augmented,distance,2254456793,15.486,16000,1,22d324b6ca3c132e6ff7a34afcb320d4ca6a6bfd90ae92d7139b20d81b43f659,augmentation of SS-BGN-0087,CC-BY-3.0
SS-BGN-0087-A2,augmented/background_noise/SS-BGN-0087-A2.wav,Background Noise,SS-BGN-0087,train,augmented,reverb,3116047836,15.486,16000,1,525737a0a7b6566f2b22802f9536f5e24747cbb2ff093d9765b17da978588e3e,augmentation of SS-BGN-0087,CC-BY-3.0
SS-BGN-0088-A1,augmented/background_noise/SS-BGN-0088-A1.wav,Background Noise,SS-BGN-0088,train,augmented,pitch,4104102955,6.712,16000,1,44b2503d32d6dbc6a6d888d43f6122340753bc1606dd517d571eec188a17b7b8,augmentation of SS-BGN-0088,CC0-1.0
SS-BGN-0088-A2,augmented/background_noise/SS-BGN-0088-A2.wav,Background Noise,SS-BGN-0088,train,augmented,stretch,15816070,7.882,16000,1,f1b1e165e622defc6899aa9285545a6d3486fa6db38a7860e23e5742421a9b39,augmentation of SS-BGN-0088,CC0-1.0
SS-BGN-0089-A1,augmented/background_noise/SS-BGN-0089-A1.wav,Background Noise,SS-BGN-0089,train,augmented,shift,2027862925,21.983,16000,1,5e63d25cc3ed068584fc629c00a67fc6a9ac4ae4239c52aee11bd5efa888d27d,augmentation of SS-BGN-0089,CC-BY-3.0
SS-BGN-0089-A2,augmented/background_noise/SS-BGN-0089-A2.wav,Background Noise,SS-BGN-0089,train,augmented,device,522062192,21.983,16000,1,65c6c8c999c2feea78c9117909ae42e6e97aa49d57a27c31e0ce3e8b27e5d4fc,augmentation of SS-BGN-0089,CC-BY-3.0
SS-BGN-0090-A1,augmented/background_noise/SS-BGN-0090-A1.wav,Background Noise,SS-BGN-0090,train,augmented,volume,1616520375,10.899,16000,1,fbce120f5c53b69cd8e62b9768c3764ac0f336aa72df6ff93b3a54b59ddd16b5,augmentation of SS-BGN-0090,CC-BY-3.0
SS-BGN-0090-A2,augmented/background_noise/SS-BGN-0090-A2.wav,Background Noise,SS-BGN-0090,train,augmented,stretch,1712225526,11.656,16000,1,649f671d36d8f713ac20ad9914b9a0d3d1b2daf9266c05e389b6223e895b6548,augmentation of SS-BGN-0090,CC-BY-3.0
SS-BGN-0092-A1,augmented/background_noise/SS-BGN-0092-A1.wav,Background Noise,SS-BGN-0092,train,augmented,device,2200612488,4.0,16000,1,6c01b06186497edc4c7ef61482e6da9cd250d232c1cc713a831c1dc94693c9b6,augmentation of SS-BGN-0092,CC-BY-3.0
SS-BGN-0092-A2,augmented/background_noise/SS-BGN-0092-A2.wav,Background Noise,SS-BGN-0092,train,augmented,stretch,4254774910,3.55,16000,1,1700ef6dbf300137d282cb6b4fa1cb18c442e5bab012fb0f1638257356cdb921,augmentation of SS-BGN-0092,CC-BY-3.0
SS-BGN-0093-A1,augmented/background_noise/SS-BGN-0093-A1.wav,Background Noise,SS-BGN-0093,train,augmented,volume,4250741647,26.467,16000,1,b7785bbfd7e389835992c60b6c8fc4ffe75af9fc66b7db007fad38ba78ccf9a7,augmentation of SS-BGN-0093,CC0-1.0
SS-BGN-0093-A2,augmented/background_noise/SS-BGN-0093-A2.wav,Background Noise,SS-BGN-0093,train,augmented,stretch,88577526,30.243,16000,1,16f76915fc8cdc4a3498fa5a4972a64d2a5fcacdfb597f3c49021fb5a9caf30e,augmentation of SS-BGN-0093,CC0-1.0
SS-BGN-0094-A1,augmented/background_noise/SS-BGN-0094-A1.wav,Background Noise,SS-BGN-0094,train,augmented,distance,1725517873,8.916,16000,1,1933f2f30205285033ccfa19eee9ff887f289958e14a10000d5c0044685d6acd,augmentation of SS-BGN-0094,CC-BY-3.0
SS-BGN-0094-A2,augmented/background_noise/SS-BGN-0094-A2.wav,Background Noise,SS-BGN-0094,train,augmented,pitch,144914395,8.916,16000,1,0b9b2d1e2cd9e950375ebbc2e467f9f3eb9d6d51dfb31a7d12fc128d24d958fa,augmentation of SS-BGN-0094,CC-BY-3.0
SS-BGN-0098-A1,augmented/background_noise/SS-BGN-0098-A1.wav,Background Noise,SS-BGN-0098,train,augmented,pitch,1789790803,26.612,16000,1,64c6f34c7d075c56dda76e8c16b81a426cb842b743a697c0723fe1a8f25d8cde,augmentation of SS-BGN-0098,CC-BY-3.0
SS-BGN-0098-A2,augmented/background_noise/SS-BGN-0098-A2.wav,Background Noise,SS-BGN-0098,train,augmented,volume,3833225343,26.612,16000,1,b1e2c1fe2b6528a9f50a1def782c9302685a88eb74330eb6169bad9f1d5dc050,augmentation of SS-BGN-0098,CC-BY-3.0
SS-BGN-0099-A1,augmented/background_noise/SS-BGN-0099-A1.wav,Background Noise,SS-BGN-0099,train,augmented,stretch,135470110,19.907,16000,1,d7c40c8d36940d715f903287601ffa3b1ee3984e6bfe9b73b7e75f3ca03c7c19,augmentation of SS-BGN-0099,CC0-1.0
SS-BGN-0099-A2,augmented/background_noise/SS-BGN-0099-A2.wav,Background Noise,SS-BGN-0099,train,augmented,device,3941254912,19.691,16000,1,2d760c99831e355eb91104d40d77cb5325356dca932eadcf49192bc721fd293c,augmentation of SS-BGN-0099,CC0-1.0
SS-BGN-0103-A1,augmented/background_noise/SS-BGN-0103-A1.wav,Background Noise,SS-BGN-0103,train,augmented,device,3179877944,11.65,16000,1,450ad20191ecaed0e2b1027ff7dc957b87215fffa573c7a74535b9f352d34fd7,augmentation of SS-BGN-0103,CC-BY-3.0
SS-BGN-0103-A2,augmented/background_noise/SS-BGN-0103-A2.wav,Background Noise,SS-BGN-0103,train,augmented,volume,3225804807,11.65,16000,1,866aadb9ee211ea3234914fe557a9fe04b17b7681186938d5b67d2b8e3827609,augmentation of SS-BGN-0103,CC-BY-3.0
SS-BGN-0104-A1,augmented/background_noise/SS-BGN-0104-A1.wav,Background Noise,SS-BGN-0104,train,augmented,volume,2212642527,28.066,16000,1,c72cfe8cd51f3bf15ae4414310960884e5a08bd32953eacaa80822c8d3400ee3,augmentation of SS-BGN-0104,CC0-1.0
SS-BGN-0104-A2,augmented/background_noise/SS-BGN-0104-A2.wav,Background Noise,SS-BGN-0104,train,augmented,distance,3499068441,28.066,16000,1,e7b84b633e1685dc77f59cf00ec4357c49ff5f1d1653cfdd0ee2df66aa6bb568,augmentation of SS-BGN-0104,CC0-1.0
SS-BGN-0105-A1,augmented/background_noise/SS-BGN-0105-A1.wav,Background Noise,SS-BGN-0105,train,augmented,reverb,449180090,1.256,16000,1,884435cd8256d16381086cb8d3342a29c86963d76716123c547d113dfdb9a37c,augmentation of SS-BGN-0105,CC-BY-3.0
SS-BGN-0105-A2,augmented/background_noise/SS-BGN-0105-A2.wav,Background Noise,SS-BGN-0105,train,augmented,pitch,47987787,1.256,16000,1,0b1f614270044339b80f1e3e6789e5d8a30e0a106de0adce02d6dcc631dd69d8,augmentation of SS-BGN-0105,CC-BY-3.0
SS-BGN-0107-A1,augmented/background_noise/SS-BGN-0107-A1.wav,Background Noise,SS-BGN-0107,train,augmented,reverb,3488842476,12.0,16000,1,74a5c14a4f05877af00a1e3c12bdfc75c314205b1f92d60ed47a9b8adee1b764,augmentation of SS-BGN-0107,CC0-1.0
SS-BGN-0107-A2,augmented/background_noise/SS-BGN-0107-A2.wav,Background Noise,SS-BGN-0107,train,augmented,pitch,4279928643,12.0,16000,1,ae818995ad2f4fce78f4f51275393795b89972f3016df4dc4a7fc29b027f823e,augmentation of SS-BGN-0107,CC0-1.0
SS-BGN-0109-A1,augmented/background_noise/SS-BGN-0109-A1.wav,Background Noise,SS-BGN-0109,train,augmented,distance,2802079977,6.417,16000,1,82834d3e55d2e66c86efe78eb7972310af05a7afb83b48c3bd43dbbe83cdb3fd,augmentation of SS-BGN-0109,CC0-1.0
SS-BGN-0109-A2,augmented/background_noise/SS-BGN-0109-A2.wav,Background Noise,SS-BGN-0109,train,augmented,device,3364280272,6.417,16000,1,e1513c4d7fdeef39120ecd68e657a2221c374fcfa97aae2f9dad1bd52372f8dd,augmentation of SS-BGN-0109,CC0-1.0
SS-BGN-0111-A1,augmented/background_noise/SS-BGN-0111-A1.wav,Background Noise,SS-BGN-0111,train,augmented,device,2827999928,18.812,16000,1,112a70ba0299f7581bb329fa739e46255a795851b9f18e63d27252ac57468707,augmentation of SS-BGN-0111,CC0-1.0
SS-BGN-0111-A2,augmented/background_noise/SS-BGN-0111-A2.wav,Background Noise,SS-BGN-0111,train,augmented,shift,3707084485,18.812,16000,1,8143cf5348bc5b78dde50573bc2d830560d44c256ff8a4274d902111e9131a32,augmentation of SS-BGN-0111,CC0-1.0
SS-BGN-0112-A1,augmented/background_noise/SS-BGN-0112-A1.wav,Background Noise,SS-BGN-0112,train,augmented,shift,1986575821,7.913,16000,1,0dd299e41520168183d62f982d2fd516c1caee333185261d6d423cf300a30a0f,augmentation of SS-BGN-0112,CC-BY-3.0
SS-BGN-0112-A2,augmented/background_noise/SS-BGN-0112-A2.wav,Background Noise,SS-BGN-0112,train,augmented,device,548801024,7.913,16000,1,b35cd44a7fc68b2ab23e65288db8e323b996e1bcd90da7aa8b34c37bfa4b7789,augmentation of SS-BGN-0112,CC-BY-3.0
SS-BGN-0114-A1,augmented/background_noise/SS-BGN-0114-A1.wav,Background Noise,SS-BGN-0114,train,augmented,pitch,1566348187,5.455,16000,1,cad482da14cb7f3c899ed04644077959563b169bdfcdc7c6fb06c9b44e6ff31e,augmentation of SS-BGN-0114,CC0-1.0
SS-BGN-0114-A2,augmented/background_noise/SS-BGN-0114-A2.wav,Background Noise,SS-BGN-0114,train,augmented,shift,1900822581,5.455,16000,1,b0d44eb2d3c3d088772f2b4f88afbf599b7484c35617ef1fc9bb4f45a0a2e568,augmentation of SS-BGN-0114,CC0-1.0
SS-BGN-0118-A1,augmented/background_noise/SS-BGN-0118-A1.wav,Background Noise,SS-BGN-0118,train,augmented,stretch,1417958950,4.203,16000,1,0716831bac973dd4ac3e0f542ad11b2f82e8c51430c30052f13e9808540ca579,augmentation of SS-BGN-0118,CC-BY-3.0
SS-BGN-0118-A2,augmented/background_noise/SS-BGN-0118-A2.wav,Background Noise,SS-BGN-0118,train,augmented,stretch,4109912038,5.198,16000,1,b98a2d2dad25179b8887e8911f9cc67fbff425f6a6e6ff1c9766280a6a156cce,augmentation of SS-BGN-0118,CC-BY-3.0
SS-BGN-0119-A1,augmented/background_noise/SS-BGN-0119-A1.wav,Background Noise,SS-BGN-0119,train,augmented,device,41398784,26.718,16000,1,c5ca46e882af02a84bb7b7ac1afb85d96d5640ca36d2921738ac805ec63d293b,augmentation of SS-BGN-0119,CC-BY-3.0
SS-BGN-0119-A2,augmented/background_noise/SS-BGN-0119-A2.wav,Background Noise,SS-BGN-0119,train,augmented,volume,3750118271,26.718,16000,1,3092ff02945b6d99b7c2b00895d76378c4d8f328c39a85632c0120ad46e1f274,augmentation of SS-BGN-0119,CC-BY-3.0
SS-BGN-0120-A1,augmented/background_noise/SS-BGN-0120-A1.wav,Background Noise,SS-BGN-0120,train,augmented,shift,3958613613,1.534,16000,1,cccbb19d97dbee8b8a0f52e174f689a9e4ad639e71386e6920f0b0db5d4c9260,augmentation of SS-BGN-0120,CC-BY-3.0
SS-BGN-0120-A2,augmented/background_noise/SS-BGN-0120-A2.wav,Background Noise,SS-BGN-0120,train,augmented,reverb,1051529788,1.534,16000,1,a1521ab7cc1890af39643ff361d0b41cd550668dbf817a1e8e496d57402427ce,augmentation of SS-BGN-0120,CC-BY-3.0
SS-BGN-0503-A1,augmented/background_noise/SS-BGN-0503-A1.wav,Background Noise,SS-BGN-0503,train,augmented,pitch,2872589843,5.0,16000,1,048c877ff70b7a4879dc42e5a0ffee24ed877b3c53574e34359d38cb8e0763db,augmentation of SS-BGN-0503,CC-BY-4.0
SS-BGN-0503-A2,augmented/background_noise/SS-BGN-0503-A2.wav,Background Noise,SS-BGN-0503,train,augmented,shift,4135189181,5.0,16000,1,c8971ac056881b034b4037f280cb2c087da963af1495904f4e65122cdb036aa1,augmentation of SS-BGN-0503,CC-BY-4.0
SS-BGN-0504-A1,augmented/background_noise/SS-BGN-0504-A1.wav,Background Noise,SS-BGN-0504,train,augmented,volume,3795879959,5.0,16000,1,7fe5ef2a556578dbd48e0e2a44ebd94609b895af16e75529f43252b8bbe66a21,augmentation of SS-BGN-0504,CC-BY-4.0
SS-BGN-0504-A2,augmented/background_noise/SS-BGN-0504-A2.wav,Background Noise,SS-BGN-0504,train,augmented,reverb,311768652,5.0,16000,1,cc9c2b344b8e8e74434e996df1423abe202f6b8fc2975be322a7fe165a96d4f3,augmentation of SS-BGN-0504,CC-BY-4.0
SS-BGN-0507-A1,augmented/background_noise/SS-BGN-0507-A1.wav,Background Noise,SS-BGN-0507,train,augmented,device,260324448,5.0,16000,1,37ea1adf428fc4a08a3744c7ca07e7815d1be2d6e571d9758fba8966b2f15b0c,augmentation of SS-BGN-0507,CC-BY-4.0
SS-BGN-0507-A2,augmented/background_noise/SS-BGN-0507-A2.wav,Background Noise,SS-BGN-0507,train,augmented,volume,3827874151,5.0,16000,1,f5d1814f1e4273f6b02bfde13e2ec5692482c60a879222ced9fd0f6d0c67480b,augmentation of SS-BGN-0507,CC-BY-4.0
SS-BGN-0508-A1,augmented/background_noise/SS-BGN-0508-A1.wav,Background Noise,SS-BGN-0508,train,augmented,pitch,3038598691,5.0,16000,1,05bd1dbd08aecd003fd7c0164c2657331aef2a79962d167edee9cd0ebc199fbd,augmentation of SS-BGN-0508,CC-BY-4.0
SS-BGN-0508-A2,augmented/background_noise/SS-BGN-0508-A2.wav,Background Noise,SS-BGN-0508,train,augmented,distance,1883035097,5.0,16000,1,b5ef4e2edd1fe154bcd6574890611fcdd032ae7e5c5e9f6c9c68d63b3d6b0ccd,augmentation of SS-BGN-0508,CC-BY-4.0
SS-BGN-0509-A1,augmented/background_noise/SS-BGN-0509-A1.wav,Background Noise,SS-BGN-0509,train,augmented,distance,382557273,5.0,16000,1,ac457e2ba67ac45b07fbf6437af87fcaf20b407892d21c7b79d8e39458d00a0f,augmentation of SS-BGN-0509,CC-BY-4.0
SS-BGN-0509-A2,augmented/background_noise/SS-BGN-0509-A2.wav,Background Noise,SS-BGN-0509,train,augmented,reverb,785496210,5.0,16000,1,6f01ab942852bb9edca4b9150d56bcc8d3a3278cb4008af6e110e8b1823520e4,augmentation of SS-BGN-0509,CC-BY-4.0
SS-BGN-0510-A1,augmented/background_noise/SS-BGN-0510-A1.wav,Background Noise,SS-BGN-0510,train,augmented,distance,5014881,5.0,16000,1,9b5846fbe5a82474c9359cb1b3e5738a6a50c5d339d0babfd513c221f6a88640,augmentation of SS-BGN-0510,CC-BY-4.0
SS-BGN-0510-A2,augmented/background_noise/SS-BGN-0510-A2.wav,Background Noise,SS-BGN-0510,train,augmented,device,2687689040,5.0,16000,1,ea5be713a4009e5e1aef877d81bebbd782c64e7ec710dfcbd2273e35699354ec,augmentation of SS-BGN-0510,CC-BY-4.0
SS-BGN-0511-A1,augmented/background_noise/SS-BGN-0511-A1.wav,Background Noise,SS-BGN-0511,train,augmented,pitch,4289608355,5.0,16000,1,cb196d66c2425a7e74a5675f7627f1a1636d722d7ab3b1492044c259c6530410,augmentation of SS-BGN-0511,CC-BY-4.0
SS-BGN-0511-A2,augmented/background_noise/SS-BGN-0511-A2.wav,Background Noise,SS-BGN-0511,train,augmented,reverb,3505030266,5.0,16000,1,b682c91dd95e49d6ebf32d701eeb704cdf4631843853d559dcda06ce1d97c12e,augmentation of SS-BGN-0511,CC-BY-4.0
SS-BGN-0512-A1,augmented/background_noise/SS-BGN-0512-A1.wav,Background Noise,SS-BGN-0512,train,augmented,shift,244835653,5.0,16000,1,8eb986ae0142743bbb56872a80ff76b982486fbf239e7dd6ae6024d8d1a9c514,augmentation of SS-BGN-0512,CC-BY-4.0
SS-BGN-0512-A2,augmented/background_noise/SS-BGN-0512-A2.wav,Background Noise,SS-BGN-0512,train,augmented,shift,627408149,5.0,16000,1,ae7c7085589a58c8781036bd4a08259e77b857f2ee33dd91a70316ffd7db987b,augmentation of SS-BGN-0512,CC-BY-4.0
SS-BGN-0515-A1,augmented/background_noise/SS-BGN-0515-A1.wav,Background Noise,SS-BGN-0515,train,augmented,distance,144437217,5.0,16000,1,d2c70eba9e13bdaaa47aae5050d570a646dcf61e6c057fcf707f32f209f783d5,augmentation of SS-BGN-0515,CC-BY-4.0
SS-BGN-0515-A2,augmented/background_noise/SS-BGN-0515-A2.wav,Background Noise,SS-BGN-0515,train,augmented,device,284915360,5.0,16000,1,df61e375f8a90fd3de3cdcb1a95a682fd8dd65550a908b4c06d4d7765a3bc277,augmentation of SS-BGN-0515,CC-BY-4.0
SS-BGN-0516-A1,augmented/background_noise/SS-BGN-0516-A1.wav,Background Noise,SS-BGN-0516,train,augmented,stretch,1845040206,5.828,16000,1,af2d4df1d2dcdddc32653cea51639ec451558863364ae7548e70420db2bc05e3,augmentation of SS-BGN-0516,CC-BY-4.0
SS-BGN-0516-A2,augmented/background_noise/SS-BGN-0516-A2.wav,Background Noise,SS-BGN-0516,train,augmented,stretch,270049878,4.781,16000,1,126e56200ed7a8d8cfb4fa455043296c7d4b32aaa8360c39b4749c4ceddabce9,augmentation of SS-BGN-0516,CC-BY-4.0
SS-BGN-0517-A1,augmented/background_noise/SS-BGN-0517-A1.wav,Background Noise,SS-BGN-0517,train,augmented,distance,3476378465,5.0,16000,1,611440a87b2a09a230a1dfd5d2f1a71356542462f6b85cc38251119a5004b5b6,augmentation of SS-BGN-0517,CC-BY-4.0
SS-BGN-0517-A2,augmented/background_noise/SS-BGN-0517-A2.wav,Background Noise,SS-BGN-0517,train,augmented,stretch,1873019830,5.369,16000,1,6f59485d74e0926003bbe27b7458d21a16d527ece8027d7d3cda3ce36ce3889c,augmentation of SS-BGN-0517,CC-BY-4.0
SS-BGN-0520-A1,augmented/background_noise/SS-BGN-0520-A1.wav,Background Noise,SS-BGN-0520,train,augmented,volume,431719271,5.0,16000,1,91acd787ada8af973de7020dcede5c42d0b4187cc1281722b005504de095f4cd,augmentation of SS-BGN-0520,CC-BY-4.0
SS-BGN-0520-A2,augmented/background_noise/SS-BGN-0520-A2.wav,Background Noise,SS-BGN-0520,train,augmented,device,1149927840,5.0,16000,1,91e513f9280fc126e82a82aa3504780a2f98494c042959ab076c9c88985e602b,augmentation of SS-BGN-0520,CC-BY-4.0
SS-BGN-0521-A1,augmented/background_noise/SS-BGN-0521-A1.wav,Background Noise,SS-BGN-0521,train,augmented,pitch,95211,5.0,16000,1,a6e1f304893bcaee44edd571c5a771cd57f0e83f300891c1c39d16966fd4e2b0,augmentation of SS-BGN-0521,CC-BY-4.0
SS-BGN-0521-A2,augmented/background_noise/SS-BGN-0521-A2.wav,Background Noise,SS-BGN-0521,train,augmented,distance,3675577985,5.0,16000,1,9f5fa0991ccd6e52a8c9de373dc0bf1311441f3dd8179485da25b0ce7ba46fc6,augmentation of SS-BGN-0521,CC-BY-4.0
SS-BGN-0522-A1,augmented/background_noise/SS-BGN-0522-A1.wav,Background Noise,SS-BGN-0522,train,augmented,device,3590930400,5.0,16000,1,db16dd79beddf234890bafeaa6affb0c594c13ac9658ba3d3da5da681d7f7195,augmentation of SS-BGN-0522,CC-BY-4.0
SS-BGN-0522-A2,augmented/background_noise/SS-BGN-0522-A2.wav,Background Noise,SS-BGN-0522,train,augmented,pitch,840621843,5.0,16000,1,596e532b9abb6b8f17e901c55320eed998a8652c0dbb3185eb5e883355765960,augmentation of SS-BGN-0522,CC-BY-4.0
SS-BGN-0523-A1,augmented/background_noise/SS-BGN-0523-A1.wav,Background Noise,SS-BGN-0523,train,augmented,device,3765762328,5.0,16000,1,151414b474ad4f4b9e54ba61cadc2b0d81243cea675a50c55037058744ecb3bd,augmentation of SS-BGN-0523,CC-BY-4.0
SS-BGN-0523-A2,augmented/background_noise/SS-BGN-0523-A2.wav,Background Noise,SS-BGN-0523,train,augmented,device,3591606512,5.0,16000,1,5d3dd853032a7ed09a3e24e70b0cfa2468a1a4f597bdbbd5e839a2d293c8e3f8,augmentation of SS-BGN-0523,CC-BY-4.0
SS-BGN-0524-A1,augmented/background_noise/SS-BGN-0524-A1.wav,Background Noise,SS-BGN-0524,train,augmented,stretch,541284374,4.745,16000,1,3f87e3a0c5e4b75bf9acb2b723aab2728357264f56a324624dc0dbac2f68c539,augmentation of SS-BGN-0524,CC-BY-4.0
SS-BGN-0524-A2,augmented/background_noise/SS-BGN-0524-A2.wav,Background Noise,SS-BGN-0524,train,augmented,reverb,3543977474,5.0,16000,1,1cca0a9fa61c7120fd5d5bfb874dc818aca145d5dd716a69379a415aa61d0f70,augmentation of SS-BGN-0524,CC-BY-4.0
SS-BGN-0525-A1,augmented/background_noise/SS-BGN-0525-A1.wav,Background Noise,SS-BGN-0525,train,augmented,shift,3776696965,5.0,16000,1,6ab3167d24593920527051f09afa14d86a6586a67e2bdde20b83f2c89bc36026,augmentation of SS-BGN-0525,CC-BY-4.0
SS-BGN-0525-A2,augmented/background_noise/SS-BGN-0525-A2.wav,Background Noise,SS-BGN-0525,train,augmented,device,2620434144,5.0,16000,1,58689b67dcb7258fba00b22ce11b0e2cffbf7f4410b5cbcf627d371f4236229e,augmentation of SS-BGN-0525,CC-BY-4.0
SS-BGN-0527-A1,augmented/background_noise/SS-BGN-0527-A1.wav,Background Noise,SS-BGN-0527,train,augmented,reverb,1214553228,5.0,16000,1,27138bd7869b2920cd49e7bcedea800326ae5ae0baeb2a7ada24d9e16a90903c,augmentation of SS-BGN-0527,CC-BY-4.0
SS-BGN-0527-A2,augmented/background_noise/SS-BGN-0527-A2.wav,Background Noise,SS-BGN-0527,train,augmented,distance,2543670169,5.0,16000,1,8eac3e75c819f5050ad173ea5216dfd11893590e7842c8d02812046edcd8abc5,augmentation of SS-BGN-0527,CC-BY-4.0
SS-BGN-0528-A1,augmented/background_noise/SS-BGN-0528-A1.wav,Background Noise,SS-BGN-0528,train,augmented,volume,3722574759,5.0,16000,1,329df26bef6bcb577aeb53bd3666401aef5252205dd6b01d531a923f8b153952,augmentation of SS-BGN-0528,CC-BY-4.0
SS-BGN-0528-A2,augmented/background_noise/SS-BGN-0528-A2.wav,Background Noise,SS-BGN-0528,train,augmented,reverb,304917146,5.0,16000,1,8e76d96f49fc72f3ddda40ac42dc5c5489aecf8163841d5681e031a5c015bebf,augmentation of SS-BGN-0528,CC-BY-4.0
SS-BGN-0529-A1,augmented/background_noise/SS-BGN-0529-A1.wav,Background Noise,SS-BGN-0529,train,augmented,distance,33083449,5.0,16000,1,90e05cd6fdc23011dd7606f73ab4650c4b8ac3019f4823e4cec58f3b50d0384b,augmentation of SS-BGN-0529,CC-BY-4.0
SS-BGN-0529-A2,augmented/background_noise/SS-BGN-0529-A2.wav,Background Noise,SS-BGN-0529,train,augmented,distance,3058006529,5.0,16000,1,bb59bf78039c28eb03ac2a15682194e9d1af3a822428be578c3c64ec41f551a8,augmentation of SS-BGN-0529,CC-BY-4.0
SS-BGN-0530-A1,augmented/background_noise/SS-BGN-0530-A1.wav,Background Noise,SS-BGN-0530,train,augmented,pitch,4213111019,5.0,16000,1,b6458699b424b1e16f851a399ccae19dc25e63be1fc6a3c2dae9e4c3a6027f33,augmentation of SS-BGN-0530,CC-BY-4.0
SS-BGN-0530-A2,augmented/background_noise/SS-BGN-0530-A2.wav,Background Noise,SS-BGN-0530,train,augmented,shift,635926157,5.0,16000,1,c327b9cfa07b59d1df0aa33761fcc08f27e07b0d8851a3de987df14be25251cb,augmentation of SS-BGN-0530,CC-BY-4.0
SS-BGN-0531-A1,augmented/background_noise/SS-BGN-0531-A1.wav,Background Noise,SS-BGN-0531,train,augmented,distance,391417857,5.0,16000,1,6b38040411087a41938fd292b013e5f7e0caa037b81b76dec60c47149e286e2a,augmentation of SS-BGN-0531,CC-BY-4.0
SS-BGN-0531-A2,augmented/background_noise/SS-BGN-0531-A2.wav,Background Noise,SS-BGN-0531,train,augmented,volume,1324159687,5.0,16000,1,6b7d454bed7b44df35027f21aaa54c69311505924087b123fdfd9c81c5148263,augmentation of SS-BGN-0531,CC-BY-4.0
SS-BGN-0532-A1,augmented/background_noise/SS-BGN-0532-A1.wav,Background Noise,SS-BGN-0532,train,augmented,reverb,1558959418,5.0,16000,1,6483b21a21eb93c2371543545d51687c9cc58aa665f8b65d3c167a6d9e9a5897,augmentation of SS-BGN-0532,CC-BY-4.0
SS-BGN-0532-A2,augmented/background_noise/SS-BGN-0532-A2.wav,Background Noise,SS-BGN-0532,train,augmented,stretch,1657564046,4.828,16000,1,932fa6fe2ac45a30b429478f1db80655888d2dfc6c397c6fc723ac1f2c807e2b,augmentation of SS-BGN-0532,CC-BY-4.0
SS-BGN-0533-A1,augmented/background_noise/SS-BGN-0533-A1.wav,Background Noise,SS-BGN-0533,train,augmented,stretch,862343118,5.035,16000,1,5b03fb5b3ccba4e30625a406c0a591cb4e2d88273f18d6c2a772960b983acdc9,augmentation of SS-BGN-0533,CC-BY-4.0
SS-BGN-0533-A2,augmented/background_noise/SS-BGN-0533-A2.wav,Background Noise,SS-BGN-0533,train,augmented,reverb,1714954380,5.0,16000,1,6dcfb3db2784b4b2c2469e984e9e208b91845d9eb68b0ba0d4b5465c02d87be0,augmentation of SS-BGN-0533,CC-BY-4.0
SS-BGN-0535-A1,augmented/background_noise/SS-BGN-0535-A1.wav,Background Noise,SS-BGN-0535,train,augmented,stretch,2355012630,4.434,16000,1,65431d357df38b57eae5fbe4fd3d26266ab1283ab26bc4a0d2057871bf6733e8,augmentation of SS-BGN-0535,CC-BY-4.0
SS-BGN-0535-A2,augmented/background_noise/SS-BGN-0535-A2.wav,Background Noise,SS-BGN-0535,train,augmented,shift,1681806645,5.0,16000,1,266db8c681d789c79130a8b7ebfacc89b721c725c50012c3a26639a253315054,augmentation of SS-BGN-0535,CC-BY-4.0
SS-BGN-0536-A1,augmented/background_noise/SS-BGN-0536-A1.wav,Background Noise,SS-BGN-0536,train,augmented,reverb,2612629932,5.0,16000,1,e11e16efbaccd0f65dd71096d44e24a88fd107cc0ab9497f7b8485d5c017553c,augmentation of SS-BGN-0536,CC-BY-4.0
SS-BGN-0536-A2,augmented/background_noise/SS-BGN-0536-A2.wav,Background Noise,SS-BGN-0536,train,augmented,distance,3981206545,5.0,16000,1,d9db3051e2851b41c66c48031a81a489ed0ada10a6b61788ead65b04168b9d91,augmentation of SS-BGN-0536,CC-BY-4.0
SS-BGN-0540-A1,augmented/background_noise/SS-BGN-0540-A1.wav,Background Noise,SS-BGN-0540,train,augmented,device,1208208296,5.0,16000,1,fc951f806cc6a1009a0c3f50d8728e9e4d1d336b3f741cc128569994298c8dde,augmentation of SS-BGN-0540,CC-BY-4.0
SS-BGN-0540-A2,augmented/background_noise/SS-BGN-0540-A2.wav,Background Noise,SS-BGN-0540,train,augmented,distance,1384343081,5.0,16000,1,a324a8f1ad4cad8b3ff55a05cac7164562066df1e13b181dd50dfe3b1b0a0630,augmentation of SS-BGN-0540,CC-BY-4.0
SS-BGN-0543-A1,augmented/background_noise/SS-BGN-0543-A1.wav,Background Noise,SS-BGN-0543,train,augmented,shift,2327707517,5.0,16000,1,0e4df9bd3d5b1cabd5bb9bc18365689d9f8b7316d53103a9bf940ea26857aa7b,augmentation of SS-BGN-0543,CC-BY-4.0
SS-BGN-0543-A2,augmented/background_noise/SS-BGN-0543-A2.wav,Background Noise,SS-BGN-0543,train,augmented,device,1447634032,5.0,16000,1,5725f109053f9fdc132b9ed647e171c05542b9cfdb18156b417d9a5372b34415,augmentation of SS-BGN-0543,CC-BY-4.0
SS-BGN-0544-A1,augmented/background_noise/SS-BGN-0544-A1.wav,Background Noise,SS-BGN-0544,train,augmented,device,1460511776,5.0,16000,1,f27ab427191727443024f06dd707c36fac467c5ed02a33bcfb6f1702d4ad0840,augmentation of SS-BGN-0544,CC-BY-4.0
SS-BGN-0544-A2,augmented/background_noise/SS-BGN-0544-A2.wav,Background Noise,SS-BGN-0544,train,augmented,pitch,3731714507,5.0,16000,1,03cb083c24b60901f4f27e48140fe6e844b840a8fa84ad69351a620cc4345439,augmentation of SS-BGN-0544,CC-BY-4.0
SS-BGN-0545-A1,augmented/background_noise/SS-BGN-0545-A1.wav,Background Noise,SS-BGN-0545,train,augmented,distance,1852536073,5.0,16000,1,ff78e1c04d48699ecd62f14342d0cfd60130bf4a0839b3a0b1e35b62f6a00f92,augmentation of SS-BGN-0545,CC-BY-4.0
SS-BGN-0545-A2,augmented/background_noise/SS-BGN-0545-A2.wav,Background Noise,SS-BGN-0545,train,augmented,device,3109641864,5.0,16000,1,6e76c141089297f4448460ffca903585a4c41169abad25ec203578930bcbd6f7,augmentation of SS-BGN-0545,CC-BY-4.0
SS-BGN-0546-A1,augmented/background_noise/SS-BGN-0546-A1.wav,Background Noise,SS-BGN-0546,train,augmented,reverb,1748712242,5.0,16000,1,ffe74bc66e500a079350f1671fde2f5491a4b62d9e157a21567f462b15cef402,augmentation of SS-BGN-0546,CC-BY-4.0
SS-BGN-0546-A2,augmented/background_noise/SS-BGN-0546-A2.wav,Background Noise,SS-BGN-0546,train,augmented,volume,582754743,5.0,16000,1,7bb925fe2b9817288725021ca23da0deeb41e5ba022bbc7aa8d93f453582e53c,augmentation of SS-BGN-0546,CC-BY-4.0
SS-BGN-0547-A1,augmented/background_noise/SS-BGN-0547-A1.wav,Background Noise,SS-BGN-0547,train,augmented,distance,2701966137,5.0,16000,1,e0eaf821c8c5ababab49ccba83b0a0ba2445eedb032ed3bb9b47d50fc765a2e1,augmentation of SS-BGN-0547,CC-BY-4.0
SS-BGN-0547-A2,augmented/background_noise/SS-BGN-0547-A2.wav,Background Noise,SS-BGN-0547,train,augmented,stretch,3245765414,4.824,16000,1,ec1afd8db8f88ca1f57c67fb86c6613ba642f683d0f290f5f3b5dd1bfd6b57ef,augmentation of SS-BGN-0547,CC-BY-4.0
SS-BGN-0548-A1,augmented/background_noise/SS-BGN-0548-A1.wav,Background Noise,SS-BGN-0548,train,augmented,pitch,3257250683,5.0,16000,1,dbda79a0aa6d6a9e5468f3350195ee7ce04c949fa64816f776ce0dd91af35f08,augmentation of SS-BGN-0548,CC-BY-4.0
SS-BGN-0548-A2,augmented/background_noise/SS-BGN-0548-A2.wav,Background Noise,SS-BGN-0548,train,augmented,shift,3013240205,5.0,16000,1,07b0fcdfc8b10d29425481a2c187e0943e7f7529ef761b5b08398cca6abd5b51,augmentation of SS-BGN-0548,CC-BY-4.0
SS-BGN-0549-A1,augmented/background_noise/SS-BGN-0549-A1.wav,Background Noise,SS-BGN-0549,train,augmented,device,2066122088,5.0,16000,1,65347d4c6bb113b94e2b02781b97007fa0046cd54c063440444b8e27f6e38947,augmentation of SS-BGN-0549,CC-BY-4.0
SS-BGN-0549-A2,augmented/background_noise/SS-BGN-0549-A2.wav,Background Noise,SS-BGN-0549,train,augmented,reverb,2314232762,5.0,16000,1,647c0e54c73173a2a90f06ece6d31e33860ae6d1cf062b9b4bd443bf1ed3eca8,augmentation of SS-BGN-0549,CC-BY-4.0
SS-BGN-0551-A1,augmented/background_noise/SS-BGN-0551-A1.wav,Background Noise,SS-BGN-0551,train,augmented,pitch,4108804987,5.0,16000,1,275919ddae665230308cd1de2f8004f52820b08997d173dcd8676c73234f6844,augmentation of SS-BGN-0551,CC-BY-4.0
SS-BGN-0551-A2,augmented/background_noise/SS-BGN-0551-A2.wav,Background Noise,SS-BGN-0551,train,augmented,device,1494812184,5.0,16000,1,c29fed41a0ea88e6ca55317bd64dd8a2a66ea356ad982dc10d07fb1c4e64ba71,augmentation of SS-BGN-0551,CC-BY-4.0
SS-BGN-0552-A1,augmented/background_noise/SS-BGN-0552-A1.wav,Background Noise,SS-BGN-0552,train,augmented,stretch,2849683030,4.838,16000,1,14f063b7e3eb5d462f701b96158a5d015213bf460e52a78c4e3c68968ad96449,augmentation of SS-BGN-0552,CC-BY-4.0
SS-BGN-0552-A2,augmented/background_noise/SS-BGN-0552-A2.wav,Background Noise,SS-BGN-0552,train,augmented,shift,2352168341,5.0,16000,1,932337bb49c9f7d6a525632d644c56016cd16aa43cf7b20ed5c5dd1a77fbd9a1,augmentation of SS-BGN-0552,CC-BY-4.0
SS-BGN-0553-A1,augmented/background_noise/SS-BGN-0553-A1.wav,Background Noise,SS-BGN-0553,train,augmented,reverb,3126438066,5.0,16000,1,1238e6c9127bf5202ecd225d0031218ddd3965145e66c8a95ebfbc59084dead6,augmentation of SS-BGN-0553,CC-BY-4.0
SS-BGN-0553-A2,augmented/background_noise/SS-BGN-0553-A2.wav,Background Noise,SS-BGN-0553,train,augmented,distance,3530343081,5.0,16000,1,fee3a7b0d614129eb1fee5df1a582575de180ca1c648c8466d7cc7ca59cb93d9,augmentation of SS-BGN-0553,CC-BY-4.0
SS-BGN-0554-A1,augmented/background_noise/SS-BGN-0554-A1.wav,Background Noise,SS-BGN-0554,train,augmented,reverb,2537940178,5.0,16000,1,fff31df2014224d8ac6daa6b76963333e3a449424a41e48551a78a2bcfb73b9a,augmentation of SS-BGN-0554,CC-BY-4.0
SS-BGN-0554-A2,augmented/background_noise/SS-BGN-0554-A2.wav,Background Noise,SS-BGN-0554,train,augmented,reverb,1664667202,5.0,16000,1,10a051581d2794539ca733f2d0e13c63023c9902a6044eee2d5aedc1aad15278,augmentation of SS-BGN-0554,CC-BY-4.0
SS-BGN-0555-A1,augmented/background_noise/SS-BGN-0555-A1.wav,Background Noise,SS-BGN-0555,train,augmented,pitch,1520351027,5.0,16000,1,063e7a17d74e0ec1d33c87be3062101ce1f074046827b2de454c74f77b7a1966,augmentation of SS-BGN-0555,CC-BY-4.0
SS-BGN-0555-A2,augmented/background_noise/SS-BGN-0555-A2.wav,Background Noise,SS-BGN-0555,train,augmented,shift,1419038621,5.0,16000,1,16824ad845b6ad8ad14cd5fa3e17a0ae469a921ffa35d1ee3e66e6a06af21e5e,augmentation of SS-BGN-0555,CC-BY-4.0
SS-BGN-0556-A1,augmented/background_noise/SS-BGN-0556-A1.wav,Background Noise,SS-BGN-0556,train,augmented,pitch,510172507,5.0,16000,1,63ffa3e04e4716d3b582000b27dfb2c67d73bb86c5c429313ef9645a02c4dfdd,augmentation of SS-BGN-0556,CC-BY-4.0
SS-BGN-0556-A2,augmented/background_noise/SS-BGN-0556-A2.wav,Background Noise,SS-BGN-0556,train,augmented,shift,2595085701,5.0,16000,1,90a6bac78469e6d674a416e982fe163d43374064f139c5097fe073940bcc8d24,augmentation of SS-BGN-0556,CC-BY-4.0
SS-BGN-0557-A1,augmented/background_noise/SS-BGN-0557-A1.wav,Background Noise,SS-BGN-0557,train,augmented,volume,4186826639,5.0,16000,1,fdcc23ef1d6a8c201be3af2134752ec55b75f8666cf2feb39099d0d57e764b1a,augmentation of SS-BGN-0557,CC-BY-4.0
SS-BGN-0557-A2,augmented/background_noise/SS-BGN-0557-A2.wav,Background Noise,SS-BGN-0557,train,augmented,reverb,698536282,5.0,16000,1,52544607f9e04b4a4ed67aeb3eeb193909d5ec830fdd848e5b7eeca2a3309c86,augmentation of SS-BGN-0557,CC-BY-4.0
SS-BGN-0558-A1,augmented/background_noise/SS-BGN-0558-A1.wav,Background Noise,SS-BGN-0558,train,augmented,device,2698582200,5.0,16000,1,06d0392e0416e0561cee40821d3f78d66b9b5c198ff247b44d80bb6fffdf572a,augmentation of SS-BGN-0558,CC-BY-4.0
SS-BGN-0558-A2,augmented/background_noise/SS-BGN-0558-A2.wav,Background Noise,SS-BGN-0558,train,augmented,pitch,3661464883,5.0,16000,1,20da31366175c8a19916c3d5302be242a85f7e327b4be6395d7b3509c3180337,augmentation of SS-BGN-0558,CC-BY-4.0
SS-BGN-0559-A1,augmented/background_noise/SS-BGN-0559-A1.wav,Background Noise,SS-BGN-0559,train,augmented,distance,3648905737,5.0,16000,1,62c8612402c376c44042950109559ca031c6d889f4a1c4f05fd0def99da1f5c3,augmentation of SS-BGN-0559,CC-BY-4.0
SS-BGN-0559-A2,augmented/background_noise/SS-BGN-0559-A2.wav,Background Noise,SS-BGN-0559,train,augmented,pitch,616826331,5.0,16000,1,2f28ccbf83f02b05ebcec979e20fdd44e561cc0adca82da35acb21cf9a805a7d,augmentation of SS-BGN-0559,CC-BY-4.0
SS-BGN-0560-A1,augmented/background_noise/SS-BGN-0560-A1.wav,Background Noise,SS-BGN-0560,train,augmented,stretch,4069875254,5.732,16000,1,9e3aabde59973fcfe110b1bb937e2eb68ee3548a7c8d7273fa869c226f640867,augmentation of SS-BGN-0560,CC-BY-4.0
SS-BGN-0560-A2,augmented/background_noise/SS-BGN-0560-A2.wav,Background Noise,SS-BGN-0560,train,augmented,stretch,2058012606,5.844,16000,1,53e94ab03eda56bedffcb01160ea6f9020315f370d7eb88a985504258062ccb7,augmentation of SS-BGN-0560,CC-BY-4.0
SS-BGN-0562-A1,augmented/background_noise/SS-BGN-0562-A1.wav,Background Noise,SS-BGN-0562,train,augmented,stretch,4177333142,5.824,16000,1,245827b3bd69a1b007af99f3bc17086531c34b5c461a13fc25b418d7f34ad683,augmentation of SS-BGN-0562,CC-BY-4.0
SS-BGN-0562-A2,augmented/background_noise/SS-BGN-0562-A2.wav,Background Noise,SS-BGN-0562,train,augmented,reverb,694460298,5.0,16000,1,1b75155e0547abde3a3ad718ccbda246f0f99b4761a0abea31e322d8bbf5930b,augmentation of SS-BGN-0562,CC-BY-4.0
SS-BGN-0563-A1,augmented/background_noise/SS-BGN-0563-A1.wav,Background Noise,SS-BGN-0563,train,augmented,reverb,3111462988,5.0,16000,1,253ee1fe95df366ebca1d106008dec34e4b8ce463a3d6654034c316972bb41cc,augmentation of SS-BGN-0563,CC-BY-4.0
SS-BGN-0563-A2,augmented/background_noise/SS-BGN-0563-A2.wav,Background Noise,SS-BGN-0563,train,augmented,shift,1110448461,5.0,16000,1,53a82ea9629d075b262ff8cedb42ee9dea3190b543ec56bfd7c98f228d2651e6,augmentation of SS-BGN-0563,CC-BY-4.0
SS-BGN-0564-A1,augmented/background_noise/SS-BGN-0564-A1.wav,Background Noise,SS-BGN-0564,train,augmented,reverb,3309281980,5.0,16000,1,595cd2f4f42d14266682a62d1e4c56d153069794de98ac5e837aa66a33969ce7,augmentation of SS-BGN-0564,CC-BY-4.0
SS-BGN-0564-A2,augmented/background_noise/SS-BGN-0564-A2.wav,Background Noise,SS-BGN-0564,train,augmented,pitch,4203601787,5.0,16000,1,039b9f2cc222690b1f74964a649f471fd83f5b4245f9684af1c624ae06362883,augmentation of SS-BGN-0564,CC-BY-4.0
SS-BGN-0565-A1,augmented/background_noise/SS-BGN-0565-A1.wav,Background Noise,SS-BGN-0565,train,augmented,shift,1015937541,5.0,16000,1,ba198596aaf052caed4904780947891ccce03bbc2a230cde1e6f272ce7afcaeb,augmentation of SS-BGN-0565,CC-BY-4.0
SS-BGN-0565-A2,augmented/background_noise/SS-BGN-0565-A2.wav,Background Noise,SS-BGN-0565,train,augmented,shift,1883560141,5.0,16000,1,dbaa6cef52ebd9ada3808aabd28ccd153338f243956658c020767431513808a4,augmentation of SS-BGN-0565,CC-BY-4.0
SS-BGN-0566-A1,augmented/background_noise/SS-BGN-0566-A1.wav,Background Noise,SS-BGN-0566,train,augmented,stretch,4215712134,4.756,16000,1,a3036d16bbab81c9941d0bfc2526af401496749e4f75fee4b478eadbc032fa0a,augmentation of SS-BGN-0566,CC-BY-4.0
SS-BGN-0566-A2,augmented/background_noise/SS-BGN-0566-A2.wav,Background Noise,SS-BGN-0566,train,augmented,device,139667288,5.0,16000,1,c0c95fac10f55b7d1da9aa17db976c0cdffdbc8b8bda29d942940820a3b479a1,augmentation of SS-BGN-0566,CC-BY-4.0
SS-BGN-0567-A1,augmented/background_noise/SS-BGN-0567-A1.wav,Background Noise,SS-BGN-0567,train,augmented,shift,3512999021,5.0,16000,1,24106914c47b1a47886a77afdc83ff816ef565ad45b418d73a62d445f66541a6,augmentation of SS-BGN-0567,CC-BY-4.0
SS-BGN-0567-A2,augmented/background_noise/SS-BGN-0567-A2.wav,Background Noise,SS-BGN-0567,train,augmented,reverb,2607656740,5.0,16000,1,c089366eebfa4d7db286f12a4d28f2bf65be7f64e3e2341d1119888d674b631c,augmentation of SS-BGN-0567,CC-BY-4.0
SS-BGN-0570-A1,augmented/background_noise/SS-BGN-0570-A1.wav,Background Noise,SS-BGN-0570,train,augmented,pitch,3813206227,5.0,16000,1,847e01ca3b18eed3c576ca261432ff722174e21ae0a2cae404addae8791996f4,augmentation of SS-BGN-0570,CC-BY-4.0
SS-BGN-0570-A2,augmented/background_noise/SS-BGN-0570-A2.wav,Background Noise,SS-BGN-0570,train,augmented,distance,1983715377,5.0,16000,1,846905b559d928c0f3e0e196f211c076c55925c8e6628b24e732083206022ea8,augmentation of SS-BGN-0570,CC-BY-4.0
SS-BGN-0571-A1,augmented/background_noise/SS-BGN-0571-A1.wav,Background Noise,SS-BGN-0571,train,augmented,pitch,3597453547,5.0,16000,1,c863bf56e07127e2b7017fda6497d8340df7b23643e9ad896373c0a8388584b2,augmentation of SS-BGN-0571,CC-BY-4.0
SS-BGN-0571-A2,augmented/background_noise/SS-BGN-0571-A2.wav,Background Noise,SS-BGN-0571,train,augmented,pitch,439310947,5.0,16000,1,12d78ce4891a54ef539ad549cb10462eaa6e51a8eed81f38605cb9b2d6ec8f56,augmentation of SS-BGN-0571,CC-BY-4.0
SS-BGN-0572-A1,augmented/background_noise/SS-BGN-0572-A1.wav,Background Noise,SS-BGN-0572,train,augmented,distance,4022751049,5.0,16000,1,42ec5cd10ffb3c1649e1ed3a15d7d5188c2ef6226e9ed7c6d188bd9c704fdcd7,augmentation of SS-BGN-0572,CC-BY-4.0
SS-BGN-0572-A2,augmented/background_noise/SS-BGN-0572-A2.wav,Background Noise,SS-BGN-0572,train,augmented,volume,4237946775,5.0,16000,1,40264a711a0d13da8ad6a0e214faeae43b1d0f196be923d9e2b4bd000eff09cd,augmentation of SS-BGN-0572,CC-BY-4.0
SS-BGN-0573-A1,augmented/background_noise/SS-BGN-0573-A1.wav,Background Noise,SS-BGN-0573,train,augmented,shift,1531395965,5.0,16000,1,7e7f569840d3ee7f1e6804c37b641e51483ace4d4e7b9f3ddb01d028673a8934,augmentation of SS-BGN-0573,CC-BY-4.0
SS-BGN-0573-A2,augmented/background_noise/SS-BGN-0573-A2.wav,Background Noise,SS-BGN-0573,train,augmented,volume,1157486511,5.0,16000,1,c0fe94a16eae473b58b0071438497de2fe47097f647a58c2cdc383dc5c575d9f,augmentation of SS-BGN-0573,CC-BY-4.0
SS-BGN-0574-A1,augmented/background_noise/SS-BGN-0574-A1.wav,Background Noise,SS-BGN-0574,train,augmented,reverb,1112016284,5.0,16000,1,80844567306a3d37fdd5394ba6ef8d049330483864fde163276d5aca7dd948ca,augmentation of SS-BGN-0574,CC-BY-4.0
SS-BGN-0574-A2,augmented/background_noise/SS-BGN-0574-A2.wav,Background Noise,SS-BGN-0574,train,augmented,shift,2980835997,5.0,16000,1,96f4e7950a0768539e602b0a31c3ced6b76dd0619d056a7668fba067d28cb79a,augmentation of SS-BGN-0574,CC-BY-4.0
SS-BGN-0575-A1,augmented/background_noise/SS-BGN-0575-A1.wav,Background Noise,SS-BGN-0575,train,augmented,reverb,979216538,5.0,16000,1,26678559f1ef7be3d0e5660303eb1b184193dd04cc4627149e784ed6ba3474e7,augmentation of SS-BGN-0575,CC-BY-4.0
SS-BGN-0575-A2,augmented/background_noise/SS-BGN-0575-A2.wav,Background Noise,SS-BGN-0575,train,augmented,device,587676784,5.0,16000,1,6135393483b559b672956a9aefb2ff8c81b53d7a987df5b6d92b5b790f70102a,augmentation of SS-BGN-0575,CC-BY-4.0
SS-BGN-0576-A1,augmented/background_noise/SS-BGN-0576-A1.wav,Background Noise,SS-BGN-0576,train,augmented,reverb,606300884,5.0,16000,1,9a967f81942892c44d65b18983195a1a1c4f271344f34f2736b3b30d9da0ac37,augmentation of SS-BGN-0576,CC-BY-4.0
SS-BGN-0576-A2,augmented/background_noise/SS-BGN-0576-A2.wav,Background Noise,SS-BGN-0576,train,augmented,volume,3258004295,5.0,16000,1,76a79f4e930e7804fc40824e6578a4408fcacd3b4564d91ed2a01ec54679dfb3,augmentation of SS-BGN-0576,CC-BY-4.0
SS-BGN-0577-A1,augmented/background_noise/SS-BGN-0577-A1.wav,Background Noise,SS-BGN-0577,train,augmented,reverb,485792842,5.0,16000,1,272f0a0e19bf8bf093811c4d1288cacd4a8597e8c0962e09b217b6751c6eae2b,augmentation of SS-BGN-0577,CC-BY-4.0
SS-BGN-0577-A2,augmented/background_noise/SS-BGN-0577-A2.wav,Background Noise,SS-BGN-0577,train,augmented,shift,1340365541,5.0,16000,1,232a05d98530e9d4136877fd077f8a988813a35c0d8fd7d33a27de74544bc771,augmentation of SS-BGN-0577,CC-BY-4.0
SS-BGN-0578-A1,augmented/background_noise/SS-BGN-0578-A1.wav,Background Noise,SS-BGN-0578,train,augmented,reverb,253260418,5.0,16000,1,ee061a6c2adfa16d6b4a051c002d9d5dda737640773672c265261cf88f92232e,augmentation of SS-BGN-0578,CC-BY-4.0
SS-BGN-0578-A2,augmented/background_noise/SS-BGN-0578-A2.wav,Background Noise,SS-BGN-0578,train,augmented,reverb,800839730,5.0,16000,1,49f6f7f1b97deb1aa84afbfbfacef952e4e304216bfcc7c1f32d163807ebf3ec,augmentation of SS-BGN-0578,CC-BY-4.0
SS-BGN-0580-A1,augmented/background_noise/SS-BGN-0580-A1.wav,Background Noise,SS-BGN-0580,train,augmented,distance,1055922817,5.0,16000,1,aa52cd4bdf9f6722d2bde3ffd168cac380b33c8387482fee2a5e4e4a9243db09,augmentation of SS-BGN-0580,CC-BY-4.0
SS-BGN-0580-A2,augmented/background_noise/SS-BGN-0580-A2.wav,Background Noise,SS-BGN-0580,train,augmented,volume,3091669599,5.0,16000,1,bbf59a152f5980ec30178b67bc418b4723a62c9ec2103b371166cb7c631da7e6,augmentation of SS-BGN-0580,CC-BY-4.0
SS-BGN-0581-A1,augmented/background_noise/SS-BGN-0581-A1.wav,Background Noise,SS-BGN-0581,train,augmented,stretch,1049501078,4.624,16000,1,4e9dc72837714065674c5cd1fb444914c91131545dcaa092302bb0c526d8a985,augmentation of SS-BGN-0581,CC-BY-4.0
SS-BGN-0581-A2,augmented/background_noise/SS-BGN-0581-A2.wav,Background Noise,SS-BGN-0581,train,augmented,volume,3632964375,5.0,16000,1,a52c35632a4614a36b40b9b53a6f1d2ee36ea9328df5ad5ed177b2552ad19b47,augmentation of SS-BGN-0581,CC-BY-4.0
SS-BGN-0582-A1,augmented/background_noise/SS-BGN-0582-A1.wav,Background Noise,SS-BGN-0582,train,augmented,volume,1793368599,5.0,16000,1,02671edb4fea3635761e2f6109c182202da4f238229a7146df63295dcf2306f0,augmentation of SS-BGN-0582,CC-BY-4.0
SS-BGN-0582-A2,augmented/background_noise/SS-BGN-0582-A2.wav,Background Noise,SS-BGN-0582,train,augmented,reverb,3727149076,5.0,16000,1,f50d6c2eadf51cfef926f7e2af9ceb66f4dffb89cafbd4af83c77fabe78dc3de,augmentation of SS-BGN-0582,CC-BY-4.0
SS-BGN-0583-A1,augmented/background_noise/SS-BGN-0583-A1.wav,Background Noise,SS-BGN-0583,train,augmented,volume,3039998575,5.0,16000,1,3d2e9b63ddcb6b758c76864eb7abe443c3c4408910479b3b568dfd60c12cab9a,augmentation of SS-BGN-0583,CC-BY-4.0
SS-BGN-0583-A2,augmented/background_noise/SS-BGN-0583-A2.wav,Background Noise,SS-BGN-0583,train,augmented,shift,3907388653,5.0,16000,1,b5046cfe9032f382651cb89325592b719ed7ddb6e4171fc1496d587722a0cf24,augmentation of SS-BGN-0583,CC-BY-4.0
SS-BGN-0584-A1,augmented/background_noise/SS-BGN-0584-A1.wav,Background Noise,SS-BGN-0584,train,augmented,volume,2866360143,5.0,16000,1,5a138f1062538bd8c7f6adb4e390df69aaf222fad84b73998781e3219aef0eee,augmentation of SS-BGN-0584,CC-BY-4.0
SS-BGN-0584-A2,augmented/background_noise/SS-BGN-0584-A2.wav,Background Noise,SS-BGN-0584,train,augmented,reverb,294382642,5.0,16000,1,1c29f62cf9ab1ea7312d15a78eecd8a18699a1def0c3ebe8d50cd4703c80db90,augmentation of SS-BGN-0584,CC-BY-4.0
SS-BGN-0587-A1,augmented/background_noise/SS-BGN-0587-A1.wav,Background Noise,SS-BGN-0587,train,augmented,reverb,639396636,5.0,16000,1,91b669534e0313be903d3a78dddd6167f6246279f51a99c6691f3e87720feaf6,augmentation of SS-BGN-0587,CC-BY-4.0
SS-BGN-0587-A2,augmented/background_noise/SS-BGN-0587-A2.wav,Background Noise,SS-BGN-0587,train,augmented,shift,1720421797,5.0,16000,1,b3746eed651f711e50dc99424657a78db693d9e63fbf17857aea829d8f8286e1,augmentation of SS-BGN-0587,CC-BY-4.0
SS-BGN-0588-A1,augmented/background_noise/SS-BGN-0588-A1.wav,Background Noise,SS-BGN-0588,train,augmented,stretch,485115774,4.413,16000,1,c23f1b6e6a3741c7909eb72e11aafdd38c8c799f6aad8612c3a0bf1d4ff2b533,augmentation of SS-BGN-0588,CC-BY-4.0
SS-BGN-0588-A2,augmented/background_noise/SS-BGN-0588-A2.wav,Background Noise,SS-BGN-0588,train,augmented,distance,1100643097,5.0,16000,1,4bc0570072d7d3dff808de81eefb4d380bbbf4c76571ad1a26f40a050ec85896,augmentation of SS-BGN-0588,CC-BY-4.0
SS-BGN-0589-A1,augmented/background_noise/SS-BGN-0589-A1.wav,Background Noise,SS-BGN-0589,train,augmented,device,232443024,5.0,16000,1,e98d8b6ca5480743a159ef9ea17a2854eb3cfe7a2ca2cbbdf42f7d49c7f4aac4,augmentation of SS-BGN-0589,CC-BY-4.0
SS-BGN-0589-A2,augmented/background_noise/SS-BGN-0589-A2.wav,Background Noise,SS-BGN-0589,train,augmented,volume,4148655847,5.0,16000,1,7bb9a5b5e2e08752bd5ba6d15aa7d87436f08a7454ce919ecfff69bd4749dd84,augmentation of SS-BGN-0589,CC-BY-4.0
SS-BGN-0590-A1,augmented/background_noise/SS-BGN-0590-A1.wav,Background Noise,SS-BGN-0590,train,augmented,pitch,3765395331,5.0,16000,1,2a14fea1274b8e10e549d622f3a5e5025f2b0629935dc13512bdb9125d0b965f,augmentation of SS-BGN-0590,CC-BY-4.0
SS-BGN-0590-A2,augmented/background_noise/SS-BGN-0590-A2.wav,Background Noise,SS-BGN-0590,train,augmented,shift,3695147741,5.0,16000,1,2ae206c872a87d3333dfcb730ae6e9272e856a7483ec0e7e6d07de0672db7b11,augmentation of SS-BGN-0590,CC-BY-4.0
SS-BGN-0593-A1,augmented/background_noise/SS-BGN-0593-A1.wav,Background Noise,SS-BGN-0593,train,augmented,reverb,4054694836,5.0,16000,1,9f46b70a3109eee0fa0299a2464e7c0ced1f859294a05881043f984b9226f63b,augmentation of SS-BGN-0593,CC-BY-4.0
SS-BGN-0593-A2,augmented/background_noise/SS-BGN-0593-A2.wav,Background Noise,SS-BGN-0593,train,augmented,pitch,668504219,5.0,16000,1,9707e8ce616dfae58cae597907be00fcc67d6728c2357910c771d83eba4531cf,augmentation of SS-BGN-0593,CC-BY-4.0
SS-BGN-0594-A1,augmented/background_noise/SS-BGN-0594-A1.wav,Background Noise,SS-BGN-0594,train,augmented,device,3595850536,5.0,16000,1,4c2906812a868f3caa8a144051debd12020195221b047ed862a5b99fe9cda3ed,augmentation of SS-BGN-0594,CC-BY-4.0
SS-BGN-0594-A2,augmented/background_noise/SS-BGN-0594-A2.wav,Background Noise,SS-BGN-0594,train,augmented,pitch,2479030747,5.0,16000,1,ab80999eba5ee7e59a985d0d5ab4792c1456c58944118a1174d1ccff1f26e9c7,augmentation of SS-BGN-0594,CC-BY-4.0
SS-BGN-0596-A1,augmented/background_noise/SS-BGN-0596-A1.wav,Background Noise,SS-BGN-0596,train,augmented,distance,3291147369,5.0,16000,1,70027ceb6ed5cffb2eb0b81adf38b4e528bdfe7b7d7c1c834b057b1a2339a45b,augmentation of SS-BGN-0596,CC-BY-4.0
SS-BGN-0596-A2,augmented/background_noise/SS-BGN-0596-A2.wav,Background Noise,SS-BGN-0596,train,augmented,reverb,2081221714,5.0,16000,1,3aa9d076e23b842bb5f742c83e22d15c47de2f6dbb9905eb87e41a23cb58141b,augmentation of SS-BGN-0596,CC-BY-4.0
SS-BGN-0597-A1,augmented/background_noise/SS-BGN-0597-A1.wav,Background Noise,SS-BGN-0597,train,augmented,device,629417040,5.0,16000,1,ce93435e3fe243ed7d621d12b48228309080568d430f0cbea181aae95698cae0,augmentation of SS-BGN-0597,CC-BY-4.0
SS-BGN-0597-A2,augmented/background_noise/SS-BGN-0597-A2.wav,Background Noise,SS-BGN-0597,train,augmented,reverb,3426078948,5.0,16000,1,30eea303e04bdb9632e125bedfdf9af3f4c45cbad3af28d1e6dc129b8263f4a4,augmentation of SS-BGN-0597,CC-BY-4.0
SS-BGN-0598-A1,augmented/background_noise/SS-BGN-0598-A1.wav,Background Noise,SS-BGN-0598,train,augmented,reverb,1829156778,5.0,16000,1,82432808d6a73f7a0a3c75b2ece65146f9b4e11a91d38fc27e7cd255a4fea5fe,augmentation of SS-BGN-0598,CC-BY-4.0
SS-BGN-0598-A2,augmented/background_noise/SS-BGN-0598-A2.wav,Background Noise,SS-BGN-0598,train,augmented,device,163694088,5.0,16000,1,ace25fcca3139412e920a9d31c079fb67fa73ff14526b6510db76b9542fa1917,augmentation of SS-BGN-0598,CC-BY-4.0
SS-BGN-0599-A1,augmented/background_noise/SS-BGN-0599-A1.wav,Background Noise,SS-BGN-0599,train,augmented,pitch,3809033475,5.0,16000,1,5acb5fde42c8f778f0f2090baba9783b7385d0b1c865c05165e449f3b81cb872,augmentation of SS-BGN-0599,CC-BY-4.0
SS-BGN-0599-A2,augmented/background_noise/SS-BGN-0599-A2.wav,Background Noise,SS-BGN-0599,train,augmented,stretch,1669133414,4.562,16000,1,4887c9fa44ffb1726154bd184448879b5325e10779a11f934055f713ae6e873a,augmentation of SS-BGN-0599,CC-BY-4.0
SS-BGN-0600-A1,augmented/background_noise/SS-BGN-0600-A1.wav,Background Noise,SS-BGN-0600,train,augmented,pitch,1655175771,5.0,16000,1,b7803a595b89f9c0e617aae91c3edae71979ef53e88461f112974f52bbc74ddb,augmentation of SS-BGN-0600,CC-BY-4.0
SS-BGN-0600-A2,augmented/background_noise/SS-BGN-0600-A2.wav,Background Noise,SS-BGN-0600,train,augmented,distance,2342110897,5.0,16000,1,1a490dee1a12a2bb2b33cab49493e8b741e01cd7d46a0cb839f010f9ed884939,augmentation of SS-BGN-0600,CC-BY-4.0
SS-BGN-0601-A1,augmented/background_noise/SS-BGN-0601-A1.wav,Background Noise,SS-BGN-0601,train,augmented,reverb,2913038244,5.0,16000,1,ea2fd186d33288755e6e31fa28e24469479ac1a57d516b146d2473e2865f97c4,augmentation of SS-BGN-0601,CC-BY-4.0
SS-BGN-0601-A2,augmented/background_noise/SS-BGN-0601-A2.wav,Background Noise,SS-BGN-0601,train,augmented,device,2919141288,5.0,16000,1,492b0e0722539b0f568dcfc8abdb993d64e9fa059a2ac7711d213ba8c958beab,augmentation of SS-BGN-0601,CC-BY-4.0
SS-BGN-0602-A1,augmented/background_noise/SS-BGN-0602-A1.wav,Background Noise,SS-BGN-0602,train,augmented,reverb,1544337538,5.0,16000,1,ab51c269bd2cc28fc83824984b6b1d09bd056b0d5367b6abb439004df310e308,augmentation of SS-BGN-0602,CC-BY-4.0
SS-BGN-0602-A2,augmented/background_noise/SS-BGN-0602-A2.wav,Background Noise,SS-BGN-0602,train,augmented,volume,994698895,5.0,16000,1,2e4ddbe6dc428fb4ba5fcdeee5dbf328080c19abf1431f8b139759aacc0a1472,augmentation of SS-BGN-0602,CC-BY-4.0
SS-BGN-0603-A1,augmented/background_noise/SS-BGN-0603-A1.wav,Background Noise,SS-BGN-0603,train,augmented,shift,4258149285,5.0,16000,1,cc73d814cae7ea9bb3d83aae3724415970aad57759bc453039f6ece5b8ee1c5b,augmentation of SS-BGN-0603,CC-BY-4.0
SS-BGN-0603-A2,augmented/background_noise/SS-BGN-0603-A2.wav,Background Noise,SS-BGN-0603,train,augmented,volume,1910497239,5.0,16000,1,931a331bb0bb2261e8e0095304c0fc094e90d063f3a801dc345946e84958f7c6,augmentation of SS-BGN-0603,CC-BY-4.0
SS-BGN-0604-A1,augmented/background_noise/SS-BGN-0604-A1.wav,Background Noise,SS-BGN-0604,train,augmented,reverb,2870967836,5.0,16000,1,09275a271e94ea7598a1e6b7c043791b7b3fd6962801ab6519b441812591b4cb,augmentation of SS-BGN-0604,CC-BY-4.0
SS-BGN-0604-A2,augmented/background_noise/SS-BGN-0604-A2.wav,Background Noise,SS-BGN-0604,train,augmented,pitch,2191074051,5.0,16000,1,cdd447ebf69a8ec1cef2e0154c24b759e913fb8ef6f13c76aabfa9fe11a2c45d,augmentation of SS-BGN-0604,CC-BY-4.0
SS-BGN-0606-A1,augmented/background_noise/SS-BGN-0606-A1.wav,Background Noise,SS-BGN-0606,train,augmented,device,325738864,5.0,16000,1,bade784c8ddda2c39241e45569afcc98603e16e33476d34647f081884e7cf4fb,augmentation of SS-BGN-0606,CC-BY-4.0
SS-BGN-0606-A2,augmented/background_noise/SS-BGN-0606-A2.wav,Background Noise,SS-BGN-0606,train,augmented,distance,2913372297,5.0,16000,1,61ed2226ec7ca3d910c6cf4971f042749a36dd918855039b3ff94feb8bac15ca,augmentation of SS-BGN-0606,CC-BY-4.0
SS-BGN-0607-A1,augmented/background_noise/SS-BGN-0607-A1.wav,Background Noise,SS-BGN-0607,train,augmented,distance,3531424017,5.0,16000,1,93019d15a8d5a3f5672494d79ba97bf744ba2bf065a4a08d5d4f9ecf8e2da397,augmentation of SS-BGN-0607,CC-BY-4.0
SS-BGN-0607-A2,augmented/background_noise/SS-BGN-0607-A2.wav,Background Noise,SS-BGN-0607,train,augmented,volume,793815775,5.0,16000,1,01e5ac8c3d93f4df0a86af267dd80b14b0c8789ecf9cf3c1b1e15fb57ae2426c,augmentation of SS-BGN-0607,CC-BY-4.0
SS-BGN-0612-A1,augmented/background_noise/SS-BGN-0612-A1.wav,Background Noise,SS-BGN-0612,train,augmented,pitch,3150021443,5.0,16000,1,d6103868ddd9b21b59ba1df2c791ae2c128db3b29348089ccfae10413f581ad4,augmentation of SS-BGN-0612,CC-BY-4.0
SS-BGN-0612-A2,augmented/background_noise/SS-BGN-0612-A2.wav,Background Noise,SS-BGN-0612,train,augmented,device,29267432,5.0,16000,1,803874b4d125e5580b15a823197f779bafb063565a009f155d347a89cf879f6d,augmentation of SS-BGN-0612,CC-BY-4.0
SS-BGN-0613-A1,augmented/background_noise/SS-BGN-0613-A1.wav,Background Noise,SS-BGN-0613,train,augmented,distance,3175107001,5.0,16000,1,0f9cfbcba492a2cdce62d1b925b2ff74712e9ada68b6010d701e0ffa66b8cfc6,augmentation of SS-BGN-0613,CC-BY-4.0
SS-BGN-0613-A2,augmented/background_noise/SS-BGN-0613-A2.wav,Background Noise,SS-BGN-0613,train,augmented,pitch,1443870619,5.0,16000,1,2c5956a3f4fa162fc4d440f536dcc0e9b4994c778cdffe4d67bb48d651c60604,augmentation of SS-BGN-0613,CC-BY-4.0
SS-BGN-0615-A1,augmented/background_noise/SS-BGN-0615-A1.wav,Background Noise,SS-BGN-0615,train,augmented,stretch,1859649582,5.253,16000,1,dc0b7b030d3353c5c68b04e930111b6d29d6f22c64355cb5ef1150ac7d2d0393,augmentation of SS-BGN-0615,CC-BY-4.0
SS-BGN-0615-A2,augmented/background_noise/SS-BGN-0615-A2.wav,Background Noise,SS-BGN-0615,train,augmented,distance,297746193,5.0,16000,1,cda013a46e97d71c716ab76e700de6bad06621b646081d4f28f1a79c19b758ed,augmentation of SS-BGN-0615,CC-BY-4.0
SS-BGN-0617-A1,augmented/background_noise/SS-BGN-0617-A1.wav,Background Noise,SS-BGN-0617,train,augmented,reverb,3045738250,5.0,16000,1,fb90f2b4e4cf71df6b365920cabdb2847a6ecfa4adb3299aa41ac525a00f1a24,augmentation of SS-BGN-0617,CC-BY-4.0
SS-BGN-0617-A2,augmented/background_noise/SS-BGN-0617-A2.wav,Background Noise,SS-BGN-0617,train,augmented,device,326289392,5.0,16000,1,4bb622267df5c39ff76894bc546018be9d57e401d64ed6c228d59ae614f0bdb9,augmentation of SS-BGN-0617,CC-BY-4.0
SS-BGN-0618-A1,augmented/background_noise/SS-BGN-0618-A1.wav,Background Noise,SS-BGN-0618,train,augmented,reverb,4155763450,5.0,16000,1,21cd67684d08caa597c926cd0d290196369cd9e056ed0ee3efdf51180e7c28ec,augmentation of SS-BGN-0618,CC-BY-4.0
SS-BGN-0618-A2,augmented/background_noise/SS-BGN-0618-A2.wav,Background Noise,SS-BGN-0618,train,augmented,shift,140477045,5.0,16000,1,06ac6cfce57ac4056faad70878d7bce24e3743b38d832c52ddcf45ce6121138b,augmentation of SS-BGN-0618,CC-BY-4.0
SS-BGN-0619-A1,augmented/background_noise/SS-BGN-0619-A1.wav,Background Noise,SS-BGN-0619,train,augmented,stretch,1633949934,5.642,16000,1,0af9fd7515725c5a585bb29005d022c1b82d82c18ce5e6768929217f34445419,augmentation of SS-BGN-0619,CC-BY-4.0
SS-BGN-0619-A2,augmented/background_noise/SS-BGN-0619-A2.wav,Background Noise,SS-BGN-0619,train,augmented,shift,1574259389,5.0,16000,1,e46e4374fc9d2e280790cd153345d14ab901f90a9fe675c4abc8357a4953b997,augmentation of SS-BGN-0619,CC-BY-4.0
SS-BGN-0620-A1,augmented/background_noise/SS-BGN-0620-A1.wav,Background Noise,SS-BGN-0620,train,augmented,device,993809752,5.0,16000,1,e975ae6f1ef7ab841fc6f962e22c79d7ac9414b5ba4ea0034ff04fe22df9bce8,augmentation of SS-BGN-0620,CC-BY-4.0
SS-BGN-0620-A2,augmented/background_noise/SS-BGN-0620-A2.wav,Background Noise,SS-BGN-0620,train,augmented,device,4201644792,5.0,16000,1,e975ae6f1ef7ab841fc6f962e22c79d7ac9414b5ba4ea0034ff04fe22df9bce8,augmentation of SS-BGN-0620,CC-BY-4.0
SS-BGN-0621-A1,augmented/background_noise/SS-BGN-0621-A1.wav,Background Noise,SS-BGN-0621,train,augmented,reverb,2311179348,5.0,16000,1,99e5ccffde66e20f75f0b0f570bb9dca7b5c339e562fb246341fb37b116f4bd1,augmentation of SS-BGN-0621,CC-BY-4.0
SS-BGN-0621-A2,augmented/background_noise/SS-BGN-0621-A2.wav,Background Noise,SS-BGN-0621,train,augmented,shift,4232148845,5.0,16000,1,8f260977ab9cff0b8d0bb4322512985fd2533dd42f83513519c067d6f74d4d31,augmentation of SS-BGN-0621,CC-BY-4.0
SS-BGN-0625-A1,augmented/background_noise/SS-BGN-0625-A1.wav,Background Noise,SS-BGN-0625,train,augmented,volume,3757747191,5.0,16000,1,55faaf1aa9ded3d0c9aefe8eb31eb64758bc34168c87c8cfe38f59491bd10fc0,augmentation of SS-BGN-0625,CC-BY-4.0
SS-BGN-0625-A2,augmented/background_noise/SS-BGN-0625-A2.wav,Background Noise,SS-BGN-0625,train,augmented,reverb,363774530,5.0,16000,1,eaa526991989aa7f969ea7abdb24f80225015dfb56e565a910936970416a23c4,augmentation of SS-BGN-0625,CC-BY-4.0
SS-BGN-0626-A1,augmented/background_noise/SS-BGN-0626-A1.wav,Background Noise,SS-BGN-0626,train,augmented,shift,3367861741,5.0,16000,1,16f1efc30995e98f41e52675b2ad9cb51b1a1160d0a895b10dc8b9d58d8d7ca8,augmentation of SS-BGN-0626,CC-BY-4.0
SS-BGN-0626-A2,augmented/background_noise/SS-BGN-0626-A2.wav,Background Noise,SS-BGN-0626,train,augmented,shift,1484093853,5.0,16000,1,a312c480d9897b30a0cadb71feb66d68c2658a07c303f8915396e76f3e5db6d1,augmentation of SS-BGN-0626,CC-BY-4.0
SS-BGN-0627-A1,augmented/background_noise/SS-BGN-0627-A1.wav,Background Noise,SS-BGN-0627,train,augmented,volume,3345971455,5.0,16000,1,f8c4d42a0781e3f3a043c84d89ae39c28b9ac3653772c62fc3625dce34fd6b28,augmentation of SS-BGN-0627,CC-BY-4.0
SS-BGN-0627-A2,augmented/background_noise/SS-BGN-0627-A2.wav,Background Noise,SS-BGN-0627,train,augmented,reverb,1152234700,5.0,16000,1,6392351f6ed860ecf2d8a90056193258581e4477385202fd17fb54229226ad3d,augmentation of SS-BGN-0627,CC-BY-4.0
SS-BGN-0628-A1,augmented/background_noise/SS-BGN-0628-A1.wav,Background Noise,SS-BGN-0628,train,augmented,reverb,3598585260,5.0,16000,1,4c617952ef7356eff8b8b00f29670706823f066b1c60b71412f7c68b8387ce4f,augmentation of SS-BGN-0628,CC-BY-4.0
SS-BGN-0628-A2,augmented/background_noise/SS-BGN-0628-A2.wav,Background Noise,SS-BGN-0628,train,augmented,stretch,312065238,5.314,16000,1,87468802e8b61f8c1b3f52d8e9a7fcb0fdcb978a71ab9698e2973621e7f34e30,augmentation of SS-BGN-0628,CC-BY-4.0
SS-BGN-0629-A1,augmented/background_noise/SS-BGN-0629-A1.wav,Background Noise,SS-BGN-0629,train,augmented,pitch,689979315,5.0,16000,1,dff2f4c1e6f19c5ea0079966d973b39085708a7ca159f5e9c8547e346ed3bcf5,augmentation of SS-BGN-0629,CC-BY-4.0
SS-BGN-0629-A2,augmented/background_noise/SS-BGN-0629-A2.wav,Background Noise,SS-BGN-0629,train,augmented,stretch,3833360134,4.423,16000,1,0a4c40cdff082a03e641e42cb5d3a594de60efe003c49b89e0aa53b94d776050,augmentation of SS-BGN-0629,CC-BY-4.0
SS-BGN-0631-A1,augmented/background_noise/SS-BGN-0631-A1.wav,Background Noise,SS-BGN-0631,train,augmented,device,2853229888,5.0,16000,1,aa7a06512f5954d9fc420879f110943b71b418f88d0f4cc6ec2de20ef4682752,augmentation of SS-BGN-0631,CC-BY-4.0
SS-BGN-0631-A2,augmented/background_noise/SS-BGN-0631-A2.wav,Background Noise,SS-BGN-0631,train,augmented,volume,3910145191,5.0,16000,1,fb4da66e3ff5c4a69032cab3682eea07ecc883740002642b48f2d370579c0b19,augmentation of SS-BGN-0631,CC-BY-4.0
SS-BGN-0632-A1,augmented/background_noise/SS-BGN-0632-A1.wav,Background Noise,SS-BGN-0632,train,augmented,device,3196646288,5.0,16000,1,6186ca8fb8f310b008fd0c5a495094cbe16e45fc87e13edc8344410848b7cbf1,augmentation of SS-BGN-0632,CC-BY-4.0
SS-BGN-0632-A2,augmented/background_noise/SS-BGN-0632-A2.wav,Background Noise,SS-BGN-0632,train,augmented,reverb,982839354,5.0,16000,1,b964dca00806e34d0e12a446dda1a76e7a3fa9dd61411192f5e5021566e60a17,augmentation of SS-BGN-0632,CC-BY-4.0
SS-BGN-0635-A1,augmented/background_noise/SS-BGN-0635-A1.wav,Background Noise,SS-BGN-0635,train,augmented,stretch,1971519926,5.402,16000,1,eddf68a7bf2dd59053ea2da912ddc86a3072e08f75f419ff39388eae4f3af460,augmentation of SS-BGN-0635,CC-BY-4.0
SS-BGN-0635-A2,augmented/background_noise/SS-BGN-0635-A2.wav,Background Noise,SS-BGN-0635,train,augmented,reverb,3131283692,5.0,16000,1,2008faf8afd7763e06e0d39b436ce84848dfdc5092db6a882ef09f9b52f30521,augmentation of SS-BGN-0635,CC-BY-4.0
SS-BGN-0637-A1,augmented/background_noise/SS-BGN-0637-A1.wav,Background Noise,SS-BGN-0637,train,augmented,device,3079276256,5.0,16000,1,36ce59392b69cfbd5625df7acb3d9d5ce19970aa6a701b34654829135c630360,augmentation of SS-BGN-0637,CC-BY-4.0
SS-BGN-0637-A2,augmented/background_noise/SS-BGN-0637-A2.wav,Background Noise,SS-BGN-0637,train,augmented,distance,547062361,5.0,16000,1,5586d03ed3b7f0b2a04b4fa7334bf1207778d59f631212fd18716759bed1e1eb,augmentation of SS-BGN-0637,CC-BY-4.0
SS-BGN-0638-A1,augmented/background_noise/SS-BGN-0638-A1.wav,Background Noise,SS-BGN-0638,train,augmented,stretch,2734065046,5.463,16000,1,8e0e1b8b1eadbc9934317c149092b582d11f47877399722881860c1264b65f51,augmentation of SS-BGN-0638,CC-BY-4.0
SS-BGN-0638-A2,augmented/background_noise/SS-BGN-0638-A2.wav,Background Noise,SS-BGN-0638,train,augmented,reverb,3023575732,5.0,16000,1,99caebf07e4c93a29cf32d8dbe1b7b0205efed116f1b1449276dd1704bca5468,augmentation of SS-BGN-0638,CC-BY-4.0
SS-BGN-0639-A1,augmented/background_noise/SS-BGN-0639-A1.wav,Background Noise,SS-BGN-0639,train,augmented,reverb,1795473402,5.0,16000,1,9c2f40372d640b8b1750a29d460121f58950e6f1e71905cf325902a0f8be560a,augmentation of SS-BGN-0639,CC-BY-4.0
SS-BGN-0639-A2,augmented/background_noise/SS-BGN-0639-A2.wav,Background Noise,SS-BGN-0639,train,augmented,stretch,2620176614,5.45,16000,1,14e37cf042656f29e351724c52c966c760e39b7b144c0785a2b820a2c300bfbb,augmentation of SS-BGN-0639,CC-BY-4.0
SS-BGN-0640-A1,augmented/background_noise/SS-BGN-0640-A1.wav,Background Noise,SS-BGN-0640,train,augmented,pitch,179812171,5.0,16000,1,98cf63047ec39a5063fe306247df6123e1c08a793dffeda7e0c4db893c59fd75,augmentation of SS-BGN-0640,CC-BY-4.0
SS-BGN-0640-A2,augmented/background_noise/SS-BGN-0640-A2.wav,Background Noise,SS-BGN-0640,train,augmented,stretch,4078369502,4.755,16000,1,991d92e7fa774cd4ca748373bf7b86022ab9dd4a1566f5f734c724e4c2a32b7f,augmentation of SS-BGN-0640,CC-BY-4.0
SS-BGN-0641-A1,augmented/background_noise/SS-BGN-0641-A1.wav,Background Noise,SS-BGN-0641,train,augmented,shift,723843557,5.0,16000,1,e4d701d8c00a42f724e3c5e4bd2c43f63fa3114cf0d67d6bc7f27d467e68a40d,augmentation of SS-BGN-0641,CC-BY-4.0
SS-BGN-0641-A2,augmented/background_noise/SS-BGN-0641-A2.wav,Background Noise,SS-BGN-0641,train,augmented,device,2864083984,5.0,16000,1,4640afc8ff037881ae0dab64c21cd806e9b61dd27b1efa5ed9bc4aae99847d7e,augmentation of SS-BGN-0641,CC-BY-4.0
SS-BGN-0644-A1,augmented/background_noise/SS-BGN-0644-A1.wav,Background Noise,SS-BGN-0644,train,augmented,reverb,952046042,5.0,16000,1,44d4772dc9700d133a5c0e61970895f1d190842ea3f2e0a2649d2eb7e327a56c,augmentation of SS-BGN-0644,CC-BY-4.0
SS-BGN-0644-A2,augmented/background_noise/SS-BGN-0644-A2.wav,Background Noise,SS-BGN-0644,train,augmented,device,4194398992,5.0,16000,1,6795f0107c42efa9cc20b50357fdd054bb0f8e2ba0edac2f576412a2c04af144,augmentation of SS-BGN-0644,CC-BY-4.0
SS-BGN-0646-A1,augmented/background_noise/SS-BGN-0646-A1.wav,Background Noise,SS-BGN-0646,train,augmented,stretch,2843812694,5.521,16000,1,a4a55378bcf3627469d9806e4e59299c20305700a1b5220203c2db8668c2f6c8,augmentation of SS-BGN-0646,CC-BY-4.0
SS-BGN-0646-A2,augmented/background_noise/SS-BGN-0646-A2.wav,Background Noise,SS-BGN-0646,train,augmented,volume,3982328719,5.0,16000,1,ba958697aa6d6d6ae903a5dc9a9340d41a8bb3ce1c02f09a9b5d6af7b6472c57,augmentation of SS-BGN-0646,CC-BY-4.0
SS-BGN-0652-A1,augmented/background_noise/SS-BGN-0652-A1.wav,Background Noise,SS-BGN-0652,train,augmented,device,360237376,5.0,16000,1,166b1cd641f87c47bd01116e25731e30eac4fda022d6b2c24b43c191a86d429d,augmentation of SS-BGN-0652,CC-BY-4.0
SS-BGN-0652-A2,augmented/background_noise/SS-BGN-0652-A2.wav,Background Noise,SS-BGN-0652,train,augmented,reverb,1027564020,5.0,16000,1,35a494150f469347701daaf8ade76871b42b46054cd9fc40208bd10471dc576e,augmentation of SS-BGN-0652,CC-BY-4.0
SS-BGN-0653-A1,augmented/background_noise/SS-BGN-0653-A1.wav,Background Noise,SS-BGN-0653,train,augmented,reverb,51127132,5.0,16000,1,0cb712c793ccc9018b06e7910a22f2164aabd36d280434a5f0d3f7c3dd800d49,augmentation of SS-BGN-0653,CC-BY-4.0
SS-BGN-0653-A2,augmented/background_noise/SS-BGN-0653-A2.wav,Background Noise,SS-BGN-0653,train,augmented,pitch,1330074147,5.0,16000,1,55773d1a4158b04752feaf479b652eb3a023a5d076aa6db26f05e970d3ea12ac,augmentation of SS-BGN-0653,CC-BY-4.0
SS-BGN-0655-A1,augmented/background_noise/SS-BGN-0655-A1.wav,Background Noise,SS-BGN-0655,train,augmented,volume,1456250783,5.0,16000,1,d83611a7ab8d4b9830a91548cc1b27a8d456ddbd64631395c6c4a571d1ed1c29,augmentation of SS-BGN-0655,CC-BY-4.0
SS-BGN-0655-A2,augmented/background_noise/SS-BGN-0655-A2.wav,Background Noise,SS-BGN-0655,train,augmented,pitch,442333475,5.0,16000,1,24688755b72722e0f6397a041ee2a7ed04d8e4367bbf37c6aac61e3c63bc39af,augmentation of SS-BGN-0655,CC-BY-4.0
SS-BGN-0656-A1,augmented/background_noise/SS-BGN-0656-A1.wav,Background Noise,SS-BGN-0656,train,augmented,stretch,3582008590,5.1,16000,1,00662f148ffce45ffe59fc8e3a1e9ea79284d4ce0fad5e981d5c611c483e5f6f,augmentation of SS-BGN-0656,CC-BY-4.0
SS-BGN-0656-A2,augmented/background_noise/SS-BGN-0656-A2.wav,Background Noise,SS-BGN-0656,train,augmented,device,2848773288,5.0,16000,1,7a085bc365b56e2cdd815558559317eb419c5dd8c04f63fcd75945a12689969c,augmentation of SS-BGN-0656,CC-BY-4.0
SS-BGN-0657-A1,augmented/background_noise/SS-BGN-0657-A1.wav,Background Noise,SS-BGN-0657,train,augmented,stretch,1639132406,5.641,16000,1,0fba3f3faeb2d8ca522ca051f515288dbbe1609324fdb88a4de95ea4dd46b840,augmentation of SS-BGN-0657,CC-BY-4.0
SS-BGN-0657-A2,augmented/background_noise/SS-BGN-0657-A2.wav,Background Noise,SS-BGN-0657,train,augmented,pitch,2185637587,5.0,16000,1,e851c6c8ed5465ffd6f9216cb1f13f5a2c798a1158a52f85164ea62c759ea7c2,augmentation of SS-BGN-0657,CC-BY-4.0
SS-BGN-0658-A1,augmented/background_noise/SS-BGN-0658-A1.wav,Background Noise,SS-BGN-0658,train,augmented,stretch,1151080062,4.845,16000,1,a98ab2318839937230bea07610cc5f5956e955403687c2dae18f9746a63054e7,augmentation of SS-BGN-0658,CC-BY-4.0
SS-BGN-0658-A2,augmented/background_noise/SS-BGN-0658-A2.wav,Background Noise,SS-BGN-0658,train,augmented,volume,2685543415,5.0,16000,1,ec93a6ed3591a37c65594ef2a2c82d5c2eb7ed3579ad5589781277289d030433,augmentation of SS-BGN-0658,CC-BY-4.0
SS-BGN-0659-A1,augmented/background_noise/SS-BGN-0659-A1.wav,Background Noise,SS-BGN-0659,train,augmented,volume,721679311,5.0,16000,1,fc4651862d6423aa819b75f667352f4ad28a8cbdba98abf55a8f6cf0e7c2c18d,augmentation of SS-BGN-0659,CC-BY-4.0
SS-BGN-0659-A2,augmented/background_noise/SS-BGN-0659-A2.wav,Background Noise,SS-BGN-0659,train,augmented,stretch,221558974,4.52,16000,1,b29add990911ea6e355d4c6168d94ca56172ec688486c20eea36f5fbd267f883,augmentation of SS-BGN-0659,CC-BY-4.0
SS-BGN-0662-A1,augmented/background_noise/SS-BGN-0662-A1.wav,Background Noise,SS-BGN-0662,train,augmented,pitch,3134352467,5.0,16000,1,6e4b527b318455fb6d3ef402677eedb7810a4357cadda769a8cf5e0fdabfd672,augmentation of SS-BGN-0662,CC-BY-4.0
SS-BGN-0662-A2,augmented/background_noise/SS-BGN-0662-A2.wav,Background Noise,SS-BGN-0662,train,augmented,shift,1335635573,5.0,16000,1,cf2e000ed6035588def1979044fd9b9d364d4745970ee2d89305fe4e16f43caa,augmentation of SS-BGN-0662,CC-BY-4.0
SS-BGN-0663-A1,augmented/background_noise/SS-BGN-0663-A1.wav,Background Noise,SS-BGN-0663,train,augmented,stretch,3167345646,5.013,16000,1,f5b5bcba0973471e6ecdd15d9508ccafa8bdade3082410ab8cf9fc5be83ec319,augmentation of SS-BGN-0663,CC-BY-4.0
SS-BGN-0663-A2,augmented/background_noise/SS-BGN-0663-A2.wav,Background Noise,SS-BGN-0663,train,augmented,stretch,1982904286,5.102,16000,1,9ca976b4a5e6ad5d3c90a970f902aced5fe9af07c0208451690991a065e1ff39,augmentation of SS-BGN-0663,CC-BY-4.0
SS-BGN-0664-A1,augmented/background_noise/SS-BGN-0664-A1.wav,Background Noise,SS-BGN-0664,train,augmented,stretch,3202544702,4.432,16000,1,9de71feb30c08057d6db4068e7a0fefb5b2ac1be257efce6c00b0d3de70ebf04,augmentation of SS-BGN-0664,CC-BY-4.0
SS-BGN-0664-A2,augmented/background_noise/SS-BGN-0664-A2.wav,Background Noise,SS-BGN-0664,train,augmented,pitch,164527459,5.0,16000,1,761259cec1ccffd2af64374334d09de6068609cbba3f7d432e78f87ad7940858,augmentation of SS-BGN-0664,CC-BY-4.0
SS-BGN-0665-A1,augmented/background_noise/SS-BGN-0665-A1.wav,Background Noise,SS-BGN-0665,train,augmented,stretch,4091965262,4.53,16000,1,8eee51ff4dd7fa3f201c1111975485975cc4d4df943dcdae8a5860808e9ca73d,augmentation of SS-BGN-0665,CC-BY-4.0
SS-BGN-0665-A2,augmented/background_noise/SS-BGN-0665-A2.wav,Background Noise,SS-BGN-0665,train,augmented,shift,2574605805,5.0,16000,1,e99daa730eac675dc1faf6952131f1a2ffde901f24e58c6185158c2a5c635cca,augmentation of SS-BGN-0665,CC-BY-4.0
SS-BGN-0666-A1,augmented/background_noise/SS-BGN-0666-A1.wav,Background Noise,SS-BGN-0666,train,augmented,stretch,2520416174,5.514,16000,1,039b643f82c87b691955ffaeb613101f9dd9d77f835ebe2d796f6afc8705fb54,augmentation of SS-BGN-0666,CC-BY-4.0
SS-BGN-0666-A2,augmented/background_noise/SS-BGN-0666-A2.wav,Background Noise,SS-BGN-0666,train,augmented,shift,2741754645,5.0,16000,1,117492980aeb4b3625818df618bd25d1f6917ac341091082f174ac131810c1ca,augmentation of SS-BGN-0666,CC-BY-4.0
SS-BGN-0667-A1,augmented/background_noise/SS-BGN-0667-A1.wav,Background Noise,SS-BGN-0667,train,augmented,volume,1685481791,5.0,16000,1,a33542011fa6a8767e4d301dc403d070df4326c55cd89accc0a71a580b4c9c8a,augmentation of SS-BGN-0667,CC-BY-4.0
SS-BGN-0667-A2,augmented/background_noise/SS-BGN-0667-A2.wav,Background Noise,SS-BGN-0667,train,augmented,distance,4132157633,5.0,16000,1,2802c711d62c57ec3cbef89e1e27e8bb4b5558e43e0a968322b2fcb4855c1add,augmentation of SS-BGN-0667,CC-BY-4.0
SS-BGN-0674-A1,augmented/background_noise/SS-BGN-0674-A1.wav,Background Noise,SS-BGN-0674,train,augmented,distance,3854040793,5.0,16000,1,ea0cad98afc7fee5393a5231738fcdcafbc44eb80dad412731466c50bc14ae10,augmentation of SS-BGN-0674,CC-BY-4.0
SS-BGN-0674-A2,augmented/background_noise/SS-BGN-0674-A2.wav,Background Noise,SS-BGN-0674,train,augmented,reverb,359903450,5.0,16000,1,c3008c64a62122ff08cb6fe5518b05f36fe1af8b8c62ed8877e99cab724a2e0a,augmentation of SS-BGN-0674,CC-BY-4.0
SS-BGN-0676-A1,augmented/background_noise/SS-BGN-0676-A1.wav,Background Noise,SS-BGN-0676,train,augmented,volume,3486895487,5.0,16000,1,bc6f8019784ba9a3abb6f03af083b19878c433d0d9535bd2342167351598ee5f,augmentation of SS-BGN-0676,CC-BY-4.0
SS-BGN-0676-A2,augmented/background_noise/SS-BGN-0676-A2.wav,Background Noise,SS-BGN-0676,train,augmented,reverb,2085436300,5.0,16000,1,ed64e9e2789ced01780e7e9d7c03d9eeb5daf519a7afb15bc1787e721f339c4f,augmentation of SS-BGN-0676,CC-BY-4.0
SS-BGN-0677-A1,augmented/background_noise/SS-BGN-0677-A1.wav,Background Noise,SS-BGN-0677,train,augmented,volume,1080988295,5.0,16000,1,3530f423762b3a99c05bf7e3ada91ec17b87765fedf4e411878df45f52af088e,augmentation of SS-BGN-0677,CC-BY-4.0
SS-BGN-0677-A2,augmented/background_noise/SS-BGN-0677-A2.wav,Background Noise,SS-BGN-0677,train,augmented,shift,342957501,5.0,16000,1,20108403af464ef3f34b14d67338511483b771b6d45020fef5439b87b51b9d62,augmentation of SS-BGN-0677,CC-BY-4.0
SS-BGN-0678-A1,augmented/background_noise/SS-BGN-0678-A1.wav,Background Noise,SS-BGN-0678,train,augmented,stretch,3723477502,4.846,16000,1,cea377edb0f346b3ed07d578ee3e7a8e7b5e0ab4fca03c2796be310efd212b86,augmentation of SS-BGN-0678,CC-BY-4.0
SS-BGN-0678-A2,augmented/background_noise/SS-BGN-0678-A2.wav,Background Noise,SS-BGN-0678,train,augmented,pitch,113389075,5.0,16000,1,b5fed06d81880f3632f498de4a62dc95995e8972eb9eebd4edf222ce828786b7,augmentation of SS-BGN-0678,CC-BY-4.0
SS-BGN-0679-A1,augmented/background_noise/SS-BGN-0679-A1.wav,Background Noise,SS-BGN-0679,train,augmented,pitch,2403053243,5.0,16000,1,827c54909b13a71d5f666bd66ca45b8272260f78756aedcd700eb27a2f7ccc40,augmentation of SS-BGN-0679,CC-BY-4.0
SS-BGN-0679-A2,augmented/background_noise/SS-BGN-0679-A2.wav,Background Noise,SS-BGN-0679,train,augmented,volume,1458252079,5.0,16000,1,1b8f4c6023e942d485c9b8f5b23555dafa8747b53425435c6e6e013a7fe28e1f,augmentation of SS-BGN-0679,CC-BY-4.0
SS-BGN-0681-A1,augmented/background_noise/SS-BGN-0681-A1.wav,Background Noise,SS-BGN-0681,train,augmented,distance,3349000409,5.0,16000,1,7ff562d8a352fb6a449220f4225dfd6ec3f479c51c1db0108eb0f22cbb6dd7b1,augmentation of SS-BGN-0681,CC-BY-4.0
SS-BGN-0681-A2,augmented/background_noise/SS-BGN-0681-A2.wav,Background Noise,SS-BGN-0681,train,augmented,reverb,1191088268,5.0,16000,1,d6eb99cc0f1b8162c4c1253c9de40496990e26314784ba00549b9371387e5399,augmentation of SS-BGN-0681,CC-BY-4.0
SS-BGN-0682-A1,augmented/background_noise/SS-BGN-0682-A1.wav,Background Noise,SS-BGN-0682,train,augmented,device,1674060824,5.0,16000,1,7269ac081590a5f6011827b676aef45d26a69fb38d86ffcaa29b5ab17a6f1eaf,augmentation of SS-BGN-0682,CC-BY-4.0
SS-BGN-0682-A2,augmented/background_noise/SS-BGN-0682-A2.wav,Background Noise,SS-BGN-0682,train,augmented,distance,357442481,5.0,16000,1,decb26c99dde88258c298eac0b4dad0ef1d31cc1cb414abe1c2413b8810546c5,augmentation of SS-BGN-0682,CC-BY-4.0
SS-BGN-0683-A1,augmented/background_noise/SS-BGN-0683-A1.wav,Background Noise,SS-BGN-0683,train,augmented,reverb,3607723036,5.0,16000,1,b1a5b5a5b90966bba7ff59f03aafb226c79f0170584c0e62aaf38a24129ae448,augmentation of SS-BGN-0683,CC-BY-4.0
SS-BGN-0683-A2,augmented/background_noise/SS-BGN-0683-A2.wav,Background Noise,SS-BGN-0683,train,augmented,stretch,1926014854,4.655,16000,1,1b624d9c43e3b90e3748d066cd666e645b4e08a02fbc6de813c06eaa98d184fa,augmentation of SS-BGN-0683,CC-BY-4.0
SS-BGN-0684-A1,augmented/background_noise/SS-BGN-0684-A1.wav,Background Noise,SS-BGN-0684,train,augmented,stretch,2960150726,5.251,16000,1,91dfb3c15f7b910ef1d50996e2ee0abb8a39b197e7313f036d21d45cf8e528b2,augmentation of SS-BGN-0684,CC-BY-4.0
SS-BGN-0684-A2,augmented/background_noise/SS-BGN-0684-A2.wav,Background Noise,SS-BGN-0684,train,augmented,distance,2940159713,5.0,16000,1,39bee7eb649f4a1d39f46f2f5aece404081a15159a459276d9ec96bbac83e39c,augmentation of SS-BGN-0684,CC-BY-4.0
SS-BGN-0685-A1,augmented/background_noise/SS-BGN-0685-A1.wav,Background Noise,SS-BGN-0685,train,augmented,pitch,2962233939,5.0,16000,1,73417e44b3971e625983b2aa484a1609db778a4b3fadf7788926518002d458a4,augmentation of SS-BGN-0685,CC-BY-4.0
SS-BGN-0685-A2,augmented/background_noise/SS-BGN-0685-A2.wav,Background Noise,SS-BGN-0685,train,augmented,reverb,802833970,5.0,16000,1,2e223e782e5e57d9f9dd0f0eb60f562b06be64170acf875771f23492dbd08c24,augmentation of SS-BGN-0685,CC-BY-4.0
SS-BGN-0686-A1,augmented/background_noise/SS-BGN-0686-A1.wav,Background Noise,SS-BGN-0686,train,augmented,stretch,3191387710,5.752,16000,1,2cb7f09f70e7aff030f933b7294f13f295790199d921b18c26ca25dbc8c7fe91,augmentation of SS-BGN-0686,CC-BY-4.0
SS-BGN-0686-A2,augmented/background_noise/SS-BGN-0686-A2.wav,Background Noise,SS-BGN-0686,train,augmented,pitch,2342840595,5.0,16000,1,5c946e79f59a98f49a7817f9dbc15d25ed225e105278fbbc01fa33961f7f168c,augmentation of SS-BGN-0686,CC-BY-4.0
SS-BGN-0687-A1,augmented/background_noise/SS-BGN-0687-A1.wav,Background Noise,SS-BGN-0687,train,augmented,shift,1827492661,5.0,16000,1,317ad3dd98b8d610f5a2baa7c45c568510c23eeee1d66a6537986f1356e7d4a1,augmentation of SS-BGN-0687,CC-BY-4.0
SS-BGN-0687-A2,augmented/background_noise/SS-BGN-0687-A2.wav,Background Noise,SS-BGN-0687,train,augmented,pitch,2364311427,5.0,16000,1,56547efa6f1056f3d0988fa30d3952322d92c6d3ee24e85504a83fe14eda9547,augmentation of SS-BGN-0687,CC-BY-4.0
SS-BGN-0688-A1,augmented/background_noise/SS-BGN-0688-A1.wav,Background Noise,SS-BGN-0688,train,augmented,reverb,3201063010,5.0,16000,1,3447e5912afc130b209676df18dd18ec501d78b73c7cbb60bcc0101a1946e0b8,augmentation of SS-BGN-0688,CC-BY-4.0
SS-BGN-0688-A2,augmented/background_noise/SS-BGN-0688-A2.wav,Background Noise,SS-BGN-0688,train,augmented,reverb,72562610,5.0,16000,1,31cb9ec553965ed5e04f0578000315760914fc5ffee21397a7389b0a879d8268,augmentation of SS-BGN-0688,CC-BY-4.0
SS-BGN-0689-A1,augmented/background_noise/SS-BGN-0689-A1.wav,Background Noise,SS-BGN-0689,train,augmented,distance,1174170841,5.0,16000,1,09b96796a7d743d9104a6b333f06d749fd536431670d75cacf5b1320122aaca7,augmentation of SS-BGN-0689,CC-BY-4.0
SS-BGN-0689-A2,augmented/background_noise/SS-BGN-0689-A2.wav,Background Noise,SS-BGN-0689,train,augmented,reverb,4282443748,5.0,16000,1,c28056926726b29c1066cd37c18e325a8b9a6c8d084fa82bcf99e606d2597c16,augmentation of SS-BGN-0689,CC-BY-4.0
SS-BGN-0690-A1,augmented/background_noise/SS-BGN-0690-A1.wav,Background Noise,SS-BGN-0690,train,augmented,pitch,3720102595,5.0,16000,1,65428490b60ab75e1ed40fabf5e06ecfd6b41b58f9652790618bd7aca0bf1d4b,augmentation of SS-BGN-0690,CC-BY-4.0
SS-BGN-0690-A2,augmented/background_noise/SS-BGN-0690-A2.wav,Background Noise,SS-BGN-0690,train,augmented,distance,945535097,5.0,16000,1,20304af4dee5c9e843412402e2231968dcfd4ad5709d1dc64323ef45199c97bd,augmentation of SS-BGN-0690,CC-BY-4.0
SS-BGN-0691-A1,augmented/background_noise/SS-BGN-0691-A1.wav,Background Noise,SS-BGN-0691,train,augmented,volume,416185927,5.0,16000,1,e7f44a23b384ac1eb702a6dd0ff1c37c65772c20f968f4315ad0fe1e226c02e4,augmentation of SS-BGN-0691,CC-BY-4.0
SS-BGN-0691-A2,augmented/background_noise/SS-BGN-0691-A2.wav,Background Noise,SS-BGN-0691,train,augmented,volume,56890655,5.0,16000,1,eac808a23c53aba83ec967bbb63919731c381bf499321f4504eb1481d5ab95bf,augmentation of SS-BGN-0691,CC-BY-4.0
SS-BGN-0692-A1,augmented/background_noise/SS-BGN-0692-A1.wav,Background Noise,SS-BGN-0692,train,augmented,pitch,1690035755,5.0,16000,1,a9f5385d43f6a418c2e938bb79e599073f2f373a7bbf6531a2beb2bfa21c70ce,augmentation of SS-BGN-0692,CC-BY-4.0
SS-BGN-0692-A2,augmented/background_noise/SS-BGN-0692-A2.wav,Background Noise,SS-BGN-0692,train,augmented,distance,700350865,5.0,16000,1,623f26c63ee4bc57839fffcf0d945af27f63ae94e5d4e81f7da8190cc0fe113f,augmentation of SS-BGN-0692,CC-BY-4.0
SS-GLA-0002-A1,augmented/glass_breaking/SS-GLA-0002-A1.wav,Glass Breaking,SS-GLA-0002,train,augmented,volume,3346114655,18.27,16000,1,9815c6aa8f63abe53bb13b0fa1bfbfa488bfd9e0e9eb5c780ffefcbd3603b4ee,augmentation of SS-GLA-0002,CC0-1.0
SS-GLA-0002-A2,augmented/glass_breaking/SS-GLA-0002-A2.wav,Glass Breaking,SS-GLA-0002,train,augmented,distance,793774401,18.27,16000,1,65c7b1d26707455799b3a678cabf0ffc1d678652e6c5591628ec950e02aede13,augmentation of SS-GLA-0002,CC0-1.0
SS-GLA-0003-A1,augmented/glass_breaking/SS-GLA-0003-A1.wav,Glass Breaking,SS-GLA-0003,train,augmented,reverb,3943984868,5.941,16000,1,6e6f7aa22d03301685cb9fd63c75b0bc0013d9dcd8750f222fc564a6af6a6618,augmentation of SS-GLA-0003,CC0-1.0
SS-GLA-0003-A2,augmented/glass_breaking/SS-GLA-0003-A2.wav,Glass Breaking,SS-GLA-0003,train,augmented,shift,163086709,5.941,16000,1,628df0ef810cf35eede71213973a49fb13bfef916fcd20421f784fe2d0ce1d2c,augmentation of SS-GLA-0003,CC0-1.0
SS-GLA-0004-A1,augmented/glass_breaking/SS-GLA-0004-A1.wav,Glass Breaking,SS-GLA-0004,train,augmented,noise,2278932074,5.863,16000,1,1ac64a20d1a7c929e177d2f704062a826497d670f90645b35212bfd529b82ad0,augmentation of SS-GLA-0004,CC0-1.0
SS-GLA-0004-A2,augmented/glass_breaking/SS-GLA-0004-A2.wav,Glass Breaking,SS-GLA-0004,train,augmented,noise,79083010,5.863,16000,1,e95a8e1ad63e515b1ab370bcd8bee68973b396f0757c123b2e84fdab3da26e02,augmentation of SS-GLA-0004,CC0-1.0
SS-GLA-0006-A1,augmented/glass_breaking/SS-GLA-0006-A1.wav,Glass Breaking,SS-GLA-0006,train,augmented,distance,3456527561,3.085,16000,1,6595f2414dd51ba6643dcb6019fb4543649d03401d49f7de027a56170e0c2cc6,augmentation of SS-GLA-0006,CC0-1.0
SS-GLA-0006-A2,augmented/glass_breaking/SS-GLA-0006-A2.wav,Glass Breaking,SS-GLA-0006,train,augmented,noise,3560493818,3.085,16000,1,3cd371bbcc16808d061516726080c2ca263c7b1fe3f277a7f4824e53d0a6201b,augmentation of SS-GLA-0006,CC0-1.0
SS-GLA-0008-A1,augmented/glass_breaking/SS-GLA-0008-A1.wav,Glass Breaking,SS-GLA-0008,train,augmented,pitch,1708482003,4.055,16000,1,9932e9ca72f3817f6b990053897d1f32d290d22ab88ab7d1d322eb81ce050c90,augmentation of SS-GLA-0008,CC0-1.0
SS-GLA-0008-A2,augmented/glass_breaking/SS-GLA-0008-A2.wav,Glass Breaking,SS-GLA-0008,train,augmented,noise,857488330,4.055,16000,1,d0db752192208cbe5d76d0cec9e442569e72d1a811df99c317cadfb0d126937f,augmentation of SS-GLA-0008,CC0-1.0
SS-GLA-0009-A1,augmented/glass_breaking/SS-GLA-0009-A1.wav,Glass Breaking,SS-GLA-0009,train,augmented,distance,2534383481,1.0,16000,1,d4f9c306064fe850ae2444f180da7f68f414cd2b535a25bba1551d0a1266616b,augmentation of SS-GLA-0009,CC0-1.0
SS-GLA-0009-A2,augmented/glass_breaking/SS-GLA-0009-A2.wav,Glass Breaking,SS-GLA-0009,train,augmented,stretch,1356046934,1.011,16000,1,b31c5db761e0a6e03a044b757ee3f6e8b0e5338529606780bab90139f09bf480,augmentation of SS-GLA-0009,CC0-1.0
SS-GLA-0011-A1,augmented/glass_breaking/SS-GLA-0011-A1.wav,Glass Breaking,SS-GLA-0011,train,augmented,distance,649667721,5.467,16000,1,7e4432065931c934d33169356ac57aeecd97d2ffc885d93448fb35c62b786679,augmentation of SS-GLA-0011,CC-BY-3.0
SS-GLA-0011-A2,augmented/glass_breaking/SS-GLA-0011-A2.wav,Glass Breaking,SS-GLA-0011,train,augmented,pitch,589474939,5.467,16000,1,b3ca0e7bb302948446ad0028a190010662c0fc1bcf30396cf842c2a2b12dde67,augmentation of SS-GLA-0011,CC-BY-3.0
SS-GLA-0012-A1,augmented/glass_breaking/SS-GLA-0012-A1.wav,Glass Breaking,SS-GLA-0012,train,augmented,volume,677674959,1.033,16000,1,9e46d3d81b9337c87954d240aa7c3b04b2cbf94a7504eadaa2a45f229e685435,augmentation of SS-GLA-0012,CC0-1.0
SS-GLA-0012-A2,augmented/glass_breaking/SS-GLA-0012-A2.wav,Glass Breaking,SS-GLA-0012,train,augmented,volume,684373159,1.033,16000,1,657cdfbb74d78e3d809a3a9b6c23eaade73f9a61b0680ef12582dd5a2d8b7a01,augmentation of SS-GLA-0012,CC0-1.0
SS-GLA-0013-A1,augmented/glass_breaking/SS-GLA-0013-A1.wav,Glass Breaking,SS-GLA-0013,train,augmented,pitch,989946187,0.801,16000,1,e3374e3c6ae5502b873e656af00cc3a01736d3631b8198032292e4bf9edb7adf,augmentation of SS-GLA-0013,CC0-1.0
SS-GLA-0013-A2,augmented/glass_breaking/SS-GLA-0013-A2.wav,Glass Breaking,SS-GLA-0013,train,augmented,device,1041391904,0.801,16000,1,75a913b1daedacb0ce25a43f1fa00b354342afdc82bad793d0ce073c575d8980,augmentation of SS-GLA-0013,CC0-1.0
SS-GLA-0016-A1,augmented/glass_breaking/SS-GLA-0016-A1.wav,Glass Breaking,SS-GLA-0016,train,augmented,pitch,172547283,1.164,16000,1,8900e1d72e73ff15018f6d75fde886bb256664cb9afab3b7269fdd49084de3c2,augmentation of SS-GLA-0016,CC0-1.0
SS-GLA-0016-A2,augmented/glass_breaking/SS-GLA-0016-A2.wav,Glass Breaking,SS-GLA-0016,train,augmented,distance,1058473857,1.164,16000,1,71e885d59a61e9aaf6a233a2c92f4a29366574964353fc5bf333af430ef532e2,augmentation of SS-GLA-0016,CC0-1.0
SS-GLA-0017-A1,augmented/glass_breaking/SS-GLA-0017-A1.wav,Glass Breaking,SS-GLA-0017,train,augmented,device,354540928,1.637,16000,1,b81094ff8aea7c31be8b1c5ef5e62edf050cefea69be5ff9426e2a2fe4cc7b22,augmentation of SS-GLA-0017,CC-BY-3.0
SS-GLA-0017-A2,augmented/glass_breaking/SS-GLA-0017-A2.wav,Glass Breaking,SS-GLA-0017,train,augmented,distance,314225929,1.637,16000,1,d739678d32ffa57249126cecaa070aa9bb1dcdba13e34baa4647418552107e70,augmentation of SS-GLA-0017,CC-BY-3.0
SS-GLA-0020-A1,augmented/glass_breaking/SS-GLA-0020-A1.wav,Glass Breaking,SS-GLA-0020,train,augmented,pitch,3073589307,0.829,16000,1,45b0a5907e69ffa95af9705da4486c1fa5da12b21b6c0b92e10dd06dbf8b86dd,augmentation of SS-GLA-0020,CC0-1.0
SS-GLA-0020-A2,augmented/glass_breaking/SS-GLA-0020-A2.wav,Glass Breaking,SS-GLA-0020,train,augmented,shift,1813560061,0.829,16000,1,9a8075e2842a6caf6a1f08011a9b8beb8b0c75a1e1aceded3a4420a3444756fa,augmentation of SS-GLA-0020,CC0-1.0
SS-GLA-0021-A1,augmented/glass_breaking/SS-GLA-0021-A1.wav,Glass Breaking,SS-GLA-0021,train,augmented,volume,2776272191,5.709,16000,1,c1b5bd33740fa4e5290cecb19d1751115ab4018f456d9c2efed3e94fa6611d15,augmentation of SS-GLA-0021,CC0-1.0
SS-GLA-0021-A2,augmented/glass_breaking/SS-GLA-0021-A2.wav,Glass Breaking,SS-GLA-0021,train,augmented,volume,759657479,5.709,16000,1,39d2a29a2a608c251d0175c6de4eb89079c3cbe050d1c5d59ae5ed23a3f83bac,augmentation of SS-GLA-0021,CC0-1.0
SS-GLA-0023-A1,augmented/glass_breaking/SS-GLA-0023-A1.wav,Glass Breaking,SS-GLA-0023,train,augmented,device,3427090560,0.771,16000,1,8ba8660d91911ba043934cba9602f75b86472467256d04b619f69b73e2fa6408,augmentation of SS-GLA-0023,CC-BY-3.0
SS-GLA-0023-A2,augmented/glass_breaking/SS-GLA-0023-A2.wav,Glass Breaking,SS-GLA-0023,train,augmented,volume,2377722879,0.771,16000,1,5b0ad7365526bd7a144a38c09eb195bbd2b75be4c3faf2724c7853b06bae197c,augmentation of SS-GLA-0023,CC-BY-3.0
SS-GLA-0025-A1,augmented/glass_breaking/SS-GLA-0025-A1.wav,Glass Breaking,SS-GLA-0025,train,augmented,noise,2131298666,2.414,16000,1,c9ec90ea2a5debaedd9828fd392edeaf255e67c924a8af41c469c2a5d1fe1d79,augmentation of SS-GLA-0025,CC-BY-3.0
SS-GLA-0025-A2,augmented/glass_breaking/SS-GLA-0025-A2.wav,Glass Breaking,SS-GLA-0025,train,augmented,volume,4093336783,2.414,16000,1,72f64ca0c5ddb62256e19c2053b020901f1ad4650448e91a43b08304ff7b343d,augmentation of SS-GLA-0025,CC-BY-3.0
SS-GLA-0027-A1,augmented/glass_breaking/SS-GLA-0027-A1.wav,Glass Breaking,SS-GLA-0027,train,augmented,shift,3314868021,1.152,16000,1,5a27246715954af54f5ddacfdf503b807263456c369f6ac7caa35873d43e940d,augmentation of SS-GLA-0027,CC-BY-3.0
SS-GLA-0027-A2,augmented/glass_breaking/SS-GLA-0027-A2.wav,Glass Breaking,SS-GLA-0027,train,augmented,pitch,2578904795,1.152,16000,1,b4c6fecb81d1c97c6682a66ddd93126ddad9074c13f692f085498ed751db3e3e,augmentation of SS-GLA-0027,CC-BY-3.0
SS-GLA-0029-A1,augmented/glass_breaking/SS-GLA-0029-A1.wav,Glass Breaking,SS-GLA-0029,train,augmented,noise,2924350202,1.149,16000,1,ad57db8b2d4153b6487970ad443b8972619ba7de1dde71e1e709d20719f66fcf,augmentation of SS-GLA-0029,Sampling+-1.0
SS-GLA-0029-A2,augmented/glass_breaking/SS-GLA-0029-A2.wav,Glass Breaking,SS-GLA-0029,train,augmented,noise,1900646218,1.149,16000,1,9677416cb18051d7a09f5b138e6acddf9654437d99262c8617459cda56ad8d41,augmentation of SS-GLA-0029,Sampling+-1.0
SS-GLA-0031-A1,augmented/glass_breaking/SS-GLA-0031-A1.wav,Glass Breaking,SS-GLA-0031,train,augmented,device,795106264,4.08,16000,1,9b60576f7aad0761d413d5d1967d8a68fcb185377bee157d6ab66c5c6b042317,augmentation of SS-GLA-0031,CC-BY-3.0
SS-GLA-0031-A2,augmented/glass_breaking/SS-GLA-0031-A2.wav,Glass Breaking,SS-GLA-0031,train,augmented,pitch,3969115019,4.08,16000,1,52be81441cbc6484e1a72a240e477fd023dafe08ec859d70b241b174810e5f5d,augmentation of SS-GLA-0031,CC-BY-3.0
SS-GLA-0035-A1,augmented/glass_breaking/SS-GLA-0035-A1.wav,Glass Breaking,SS-GLA-0035,train,augmented,volume,1593901647,4.217,16000,1,71f07515f7e760f99e4305a5d45ca0ef13faabc51a7ee5108cc54cc0b0c16ecf,augmentation of SS-GLA-0035,CC0-1.0
SS-GLA-0035-A2,augmented/glass_breaking/SS-GLA-0035-A2.wav,Glass Breaking,SS-GLA-0035,train,augmented,noise,2766181866,4.217,16000,1,26c452874509664d5dbcd5a4dee4928175c70ab76d365432fcbd798505664f06,augmentation of SS-GLA-0035,CC0-1.0
SS-GLA-0036-A1,augmented/glass_breaking/SS-GLA-0036-A1.wav,Glass Breaking,SS-GLA-0036,train,augmented,noise,879826098,2.475,16000,1,17ff2f9e863b723a3f237ef500d41e7bc86a7f1b4d8891fa5a33d86815ff81be,augmentation of SS-GLA-0036,CC0-1.0
SS-GLA-0036-A2,augmented/glass_breaking/SS-GLA-0036-A2.wav,Glass Breaking,SS-GLA-0036,train,augmented,pitch,2586505099,2.475,16000,1,4fe4ea49fbf95b1b4882a0981957eff2f9f557d3668a7390378c883d9063930f,augmentation of SS-GLA-0036,CC0-1.0
SS-GLA-0037-A1,augmented/glass_breaking/SS-GLA-0037-A1.wav,Glass Breaking,SS-GLA-0037,train,augmented,shift,1509860597,25.84,16000,1,8ec678e5f32481e22297709403937e86fd7456f9ae679686df05db0e3f8d7ea3,augmentation of SS-GLA-0037,CC-BY-3.0
SS-GLA-0037-A2,augmented/glass_breaking/SS-GLA-0037-A2.wav,Glass Breaking,SS-GLA-0037,train,augmented,reverb,2081602076,25.84,16000,1,924ec8dc08b9a532afd9e93d157647d8f2ddc8d550e46481e7d9d6ad0fdc7af4,augmentation of SS-GLA-0037,CC-BY-3.0
SS-GLA-0039-A1,augmented/glass_breaking/SS-GLA-0039-A1.wav,Glass Breaking,SS-GLA-0039,train,augmented,pitch,663634179,0.5,16000,1,6b8967007f78c351160ef1687580acad9ad8d12ef411462687e5b008d98f0f6f,augmentation of SS-GLA-0039,CC-BY-3.0
SS-GLA-0039-A2,augmented/glass_breaking/SS-GLA-0039-A2.wav,Glass Breaking,SS-GLA-0039,train,augmented,reverb,1373828196,0.5,16000,1,681a89f53610ce5fd35f7f261d9974313c0ca0af85a2bbfeeeae470c8a3d30c6,augmentation of SS-GLA-0039,CC-BY-3.0
SS-GLA-0040-A1,augmented/glass_breaking/SS-GLA-0040-A1.wav,Glass Breaking,SS-GLA-0040,train,augmented,noise,3578125698,20.594,16000,1,ee130d8d61220a4731d1c48874cb28000aa336a0be9228343f4658262b1b59a1,augmentation of SS-GLA-0040,Sampling+-1.0
SS-GLA-0040-A2,augmented/glass_breaking/SS-GLA-0040-A2.wav,Glass Breaking,SS-GLA-0040,train,augmented,shift,3520005917,20.594,16000,1,466a4a63c51ad12fa38f5e523477212431a45d360d408e34e749f4770f7a58cf,augmentation of SS-GLA-0040,Sampling+-1.0
SS-GLA-0042-A1,augmented/glass_breaking/SS-GLA-0042-A1.wav,Glass Breaking,SS-GLA-0042,train,augmented,distance,1024202377,4.146,16000,1,df97c2b7751ec6dcb2906d740bd18db581c97df056d20d2a7f5f714aab0609fc,augmentation of SS-GLA-0042,CC0-1.0
SS-GLA-0042-A2,augmented/glass_breaking/SS-GLA-0042-A2.wav,Glass Breaking,SS-GLA-0042,train,augmented,noise,1115510466,4.146,16000,1,26144dc5604a6214862155c70fd4b748f228a190156ee09b595ac591a648725d,augmentation of SS-GLA-0042,CC0-1.0
SS-GLA-0043-A1,augmented/glass_breaking/SS-GLA-0043-A1.wav,Glass Breaking,SS-GLA-0043,train,augmented,device,3378239520,0.589,16000,1,775921cf8bda1e6fce860d0b5677e6cf29296c11bd0b63c4b52ee37ddc81161d,augmentation of SS-GLA-0043,CC-BY-3.0
SS-GLA-0043-A2,augmented/glass_breaking/SS-GLA-0043-A2.wav,Glass Breaking,SS-GLA-0043,train,augmented,reverb,2345011700,0.589,16000,1,a1e42f7de4c19101a21bc4dbe7d8bb4ee637de5d56931a37cb76bbd4dc711237,augmentation of SS-GLA-0043,CC-BY-3.0
SS-GLA-0050-A1,augmented/glass_breaking/SS-GLA-0050-A1.wav,Glass Breaking,SS-GLA-0050,train,augmented,noise,2896569154,2.669,16000,1,ed583bf07e62a9e4f1686cd2847ecde2ba2ca6526a7eccb00681d461c0dd0869,augmentation of SS-GLA-0050,CC0-1.0
SS-GLA-0050-A2,augmented/glass_breaking/SS-GLA-0050-A2.wav,Glass Breaking,SS-GLA-0050,train,augmented,pitch,3509098035,2.669,16000,1,05d4c107fe83442f435f618784156c86c73924ede93d830519fc41a24eb886ea,augmentation of SS-GLA-0050,CC0-1.0
SS-GLA-0051-A1,augmented/glass_breaking/SS-GLA-0051-A1.wav,Glass Breaking,SS-GLA-0051,train,augmented,distance,3971467689,6.25,16000,1,11e22b7b008fe23f10c9f53cc5378a39a8150a6728039c254abd0f772846132d,augmentation of SS-GLA-0051,CC0-1.0
SS-GLA-0051-A2,augmented/glass_breaking/SS-GLA-0051-A2.wav,Glass Breaking,SS-GLA-0051,train,augmented,distance,1111657161,6.25,16000,1,ae01613fefd6183bb40663a4ac2dd3eeb950d283b3dfe3ca1193bae1f4201e65,augmentation of SS-GLA-0051,CC0-1.0
SS-GLA-0052-A1,augmented/glass_breaking/SS-GLA-0052-A1.wav,Glass Breaking,SS-GLA-0052,train,augmented,reverb,4083509860,3.5,16000,1,863425118cd423d0e66b4047a8878499c0bfb105485dcfc30e32119639e09ec6,augmentation of SS-GLA-0052,CC-BY-3.0
SS-GLA-0052-A2,augmented/glass_breaking/SS-GLA-0052-A2.wav,Glass Breaking,SS-GLA-0052,train,augmented,reverb,2068062068,3.5,16000,1,5acf19e145e936c964c26d6f49cfa4ed7e9cf87db98ade18054b6d2c45801f41,augmentation of SS-GLA-0052,CC-BY-3.0
SS-GLA-0056-A1,augmented/glass_breaking/SS-GLA-0056-A1.wav,Glass Breaking,SS-GLA-0056,train,augmented,reverb,1070458252,3.468,16000,1,fca43863f5e486829ab461c8bdff63687a0cd1479b07c929ef0b0ab588ad89c8,augmentation of SS-GLA-0056,CC-BY-3.0
SS-GLA-0056-A2,augmented/glass_breaking/SS-GLA-0056-A2.wav,Glass Breaking,SS-GLA-0056,train,augmented,pitch,1011967243,3.468,16000,1,0373fbafa718a52f33c1d68a43243ee5d8236acb8ac9bf7e67b66e8b67699117,augmentation of SS-GLA-0056,CC-BY-3.0
SS-GLA-0057-A1,augmented/glass_breaking/SS-GLA-0057-A1.wav,Glass Breaking,SS-GLA-0057,train,augmented,shift,3687925565,4.168,16000,1,e1ad8efcde027ac3f1a1fa9d41bc43fc7735c719c427fb003d0799b301b7e602,augmentation of SS-GLA-0057,CC0-1.0
SS-GLA-0057-A2,augmented/glass_breaking/SS-GLA-0057-A2.wav,Glass Breaking,SS-GLA-0057,train,augmented,noise,2622528706,4.168,16000,1,cb6cb1e28a2f65bfc5a5868b710e9c85d2dd67f472f2ab6b7b96a49d59c18485,augmentation of SS-GLA-0057,CC0-1.0
SS-GLA-0058-A1,augmented/glass_breaking/SS-GLA-0058-A1.wav,Glass Breaking,SS-GLA-0058,train,augmented,noise,3813101970,1.37,16000,1,82c028cafbcffdf623bfb421cba687035a5d33abd3de5869eb7ad0826b3df5e3,augmentation of SS-GLA-0058,CC-BY-3.0
SS-GLA-0058-A2,augmented/glass_breaking/SS-GLA-0058-A2.wav,Glass Breaking,SS-GLA-0058,train,augmented,stretch,2283498654,1.337,16000,1,02a29300be05f63697333460dd3a26d75638a9d9ee704edb55537fb7f9afbedc,augmentation of SS-GLA-0058,CC-BY-3.0
SS-GLA-0059-A1,augmented/glass_breaking/SS-GLA-0059-A1.wav,Glass Breaking,SS-GLA-0059,train,augmented,volume,2977733535,2.0,16000,1,d6da5a1878efc17e04a843198822d55cf54ee930acdc5772598756e99b3ff1e0,augmentation of SS-GLA-0059,CC-BY-3.0
SS-GLA-0059-A2,augmented/glass_breaking/SS-GLA-0059-A2.wav,Glass Breaking,SS-GLA-0059,train,augmented,device,4050941504,2.0,16000,1,7ee16c6655e24fa060e6f9450ec819c7539cfab7ca529215b00ac4fa8e34d1bf,augmentation of SS-GLA-0059,CC-BY-3.0
SS-GLA-0060-A1,augmented/glass_breaking/SS-GLA-0060-A1.wav,Glass Breaking,SS-GLA-0060,train,augmented,noise,207686818,0.802,16000,1,d50802ca31de117422fe442e3b0d7fdcf31da653003ba51c6c28567b42aab9fd,augmentation of SS-GLA-0060,CC-BY-3.0
SS-GLA-0060-A2,augmented/glass_breaking/SS-GLA-0060-A2.wav,Glass Breaking,SS-GLA-0060,train,augmented,pitch,1696800115,0.802,16000,1,c3ff7b67fbce37ab309ba48eb8f7ecf926411188604bcbbc64900aa75ff3583a,augmentation of SS-GLA-0060,CC-BY-3.0
SS-GLA-0061-A1,augmented/glass_breaking/SS-GLA-0061-A1.wav,Glass Breaking,SS-GLA-0061,train,augmented,noise,4129284130,5.12,16000,1,975b7034b9522789d51b6e78944a5aec15f0192c2e579c72af47193b37bea111,augmentation of SS-GLA-0061,CC0-1.0
SS-GLA-0061-A2,augmented/glass_breaking/SS-GLA-0061-A2.wav,Glass Breaking,SS-GLA-0061,train,augmented,pitch,2821538803,5.12,16000,1,0c7c418a1bd0caeababb9d35a2345bcd7139b960effb505f350fe213d6cf7bd5,augmentation of SS-GLA-0061,CC0-1.0
SS-GLA-0063-A1,augmented/glass_breaking/SS-GLA-0063-A1.wav,Glass Breaking,SS-GLA-0063,train,augmented,volume,900990287,9.893,16000,1,a800eee638acf23fd49a49e5cffa62de7d79aacfcc31318d6893643c81117356,augmentation of SS-GLA-0063,CC-BY-3.0
SS-GLA-0063-A2,augmented/glass_breaking/SS-GLA-0063-A2.wav,Glass Breaking,SS-GLA-0063,train,augmented,noise,1831764474,9.893,16000,1,b235044a1ae93dacf864375ebf6f8a857c5111feb61e728b44c909a8f972f3b2,augmentation of SS-GLA-0063,CC-BY-3.0
SS-GLA-0066-A1,augmented/glass_breaking/SS-GLA-0066-A1.wav,Glass Breaking,SS-GLA-0066,train,augmented,shift,4193313341,1.483,16000,1,6a04a5043994fd51f200b7048a420269fcff695a4d30ee77899239bc7cb42158,augmentation of SS-GLA-0066,CC-BY-3.0
SS-GLA-0066-A2,augmented/glass_breaking/SS-GLA-0066-A2.wav,Glass Breaking,SS-GLA-0066,train,augmented,reverb,137419188,1.483,16000,1,c9aa1c619fa0b0bbaab9d49c370fa2a3838699d50339bbf97df355971260b418,augmentation of SS-GLA-0066,CC-BY-3.0
SS-GLA-0067-A1,augmented/glass_breaking/SS-GLA-0067-A1.wav,Glass Breaking,SS-GLA-0067,train,augmented,shift,1354940293,4.594,16000,1,ed3d0e5b3cdf1405566f256f9689c2b1078cac4453ba110a4e5b8dfe93510ad6,augmentation of SS-GLA-0067,CC0-1.0
SS-GLA-0067-A2,augmented/glass_breaking/SS-GLA-0067-A2.wav,Glass Breaking,SS-GLA-0067,train,augmented,device,420500688,4.594,16000,1,eb8968666a2c296141b63e6c8b58b849070fbee99f37c61b5aeca209db23cd90,augmentation of SS-GLA-0067,CC0-1.0
SS-GLA-0068-A1,augmented/glass_breaking/SS-GLA-0068-A1.wav,Glass Breaking,SS-GLA-0068,train,augmented,pitch,1321848915,5.944,16000,1,854742573d14c82fda1961cafb6cde1dd704dab52988dd391cdc64268015c1d3,augmentation of SS-GLA-0068,CC0-1.0
SS-GLA-0068-A2,augmented/glass_breaking/SS-GLA-0068-A2.wav,Glass Breaking,SS-GLA-0068,train,augmented,reverb,1156188468,5.944,16000,1,ef66b4a3f36b8d3e45e33d9bfbf896f380a3b555368a6b4af96edcb3a9b950c5,augmentation of SS-GLA-0068,CC0-1.0
SS-GLA-0070-A1,augmented/glass_breaking/SS-GLA-0070-A1.wav,Glass Breaking,SS-GLA-0070,train,augmented,distance,2420219049,5.271,16000,1,2792141150b8f81f51a8b8745a61e5b30f33c21ad7e12f35cf8196bb2d3e73dc,augmentation of SS-GLA-0070,CC-BY-3.0
SS-GLA-0070-A2,augmented/glass_breaking/SS-GLA-0070-A2.wav,Glass Breaking,SS-GLA-0070,train,augmented,shift,3597303805,5.271,16000,1,d8dea40f8d876785df6d44c10d826ae88cab158d1abb63851eb79ed33a28e800,augmentation of SS-GLA-0070,CC-BY-3.0
SS-GLA-0072-A1,augmented/glass_breaking/SS-GLA-0072-A1.wav,Glass Breaking,SS-GLA-0072,train,augmented,stretch,686585310,16.056,16000,1,6834541ea14478699da96e9d5d6305a4ca54cdf7ce8c08e79d147fc439d9f79b,augmentation of SS-GLA-0072,CC0-1.0
SS-GLA-0072-A2,augmented/glass_breaking/SS-GLA-0072-A2.wav,Glass Breaking,SS-GLA-0072,train,augmented,noise,728905866,14.971,16000,1,06d316fddef78096f740bafd371869b575d2aec1bb691e1665f4414b642930ec,augmentation of SS-GLA-0072,CC0-1.0
SS-GLA-0075-A1,augmented/glass_breaking/SS-GLA-0075-A1.wav,Glass Breaking,SS-GLA-0075,train,augmented,pitch,499506179,3.864,16000,1,5286f85a80ec73aa7de4182fba6331a1cf097385554d3d59938cc308e7ec875d,augmentation of SS-GLA-0075,CC-BY-3.0
SS-GLA-0075-A2,augmented/glass_breaking/SS-GLA-0075-A2.wav,Glass Breaking,SS-GLA-0075,train,augmented,reverb,4244231516,3.864,16000,1,386bc6b00a3c0f1e728f3485841aebce892a99982749e4b6bffb4f00967550a8,augmentation of SS-GLA-0075,CC-BY-3.0
SS-GLA-0076-A1,augmented/glass_breaking/SS-GLA-0076-A1.wav,Glass Breaking,SS-GLA-0076,train,augmented,distance,1663195857,5.563,16000,1,5257e2766b1c1de3974d4dae8e58b80088ecc42846c739c2ce9db73041de437f,augmentation of SS-GLA-0076,CC0-1.0
SS-GLA-0076-A2,augmented/glass_breaking/SS-GLA-0076-A2.wav,Glass Breaking,SS-GLA-0076,train,augmented,distance,2500287105,5.563,16000,1,3becaf3029a10a01db32eab3018757d33613f9a03b13cd725ad5742ed95aa8d7,augmentation of SS-GLA-0076,CC0-1.0
SS-GLA-0077-A1,augmented/glass_breaking/SS-GLA-0077-A1.wav,Glass Breaking,SS-GLA-0077,train,augmented,noise,3682063298,4.887,16000,1,f7db171b5eb7874967fc9ba15834cb550e66d62905b7aeb4ddfb8a76cf425f66,augmentation of SS-GLA-0077,CC-BY-3.0
SS-GLA-0077-A2,augmented/glass_breaking/SS-GLA-0077-A2.wav,Glass Breaking,SS-GLA-0077,train,augmented,pitch,1946829291,4.887,16000,1,75b907490dcd249755bfa7a5d1d71bc755abc9c38a361ae0bedb9ee004d584c5,augmentation of SS-GLA-0077,CC-BY-3.0
SS-GLA-0078-A1,augmented/glass_breaking/SS-GLA-0078-A1.wav,Glass Breaking,SS-GLA-0078,train,augmented,pitch,386556483,7.542,16000,1,8dd70aee44d36209645db7e185510b2e96ed3c15ec8435811a9292723527f79d,augmentation of SS-GLA-0078,CC0-1.0
SS-GLA-0078-A2,augmented/glass_breaking/SS-GLA-0078-A2.wav,Glass Breaking,SS-GLA-0078,train,augmented,pitch,1420406027,7.542,16000,1,0ec6d87f3290b0c86dd9dc1183f71b8fad4cda9b04349daf8c8beb9ed4d0115a,augmentation of SS-GLA-0078,CC0-1.0
SS-GLA-0079-A1,augmented/glass_breaking/SS-GLA-0079-A1.wav,Glass Breaking,SS-GLA-0079,train,augmented,pitch,1352557251,6.834,16000,1,9c38ca75d36afde67f851e00fb086b854db4704d22db594660e457b3933421fb,augmentation of SS-GLA-0079,CC-BY-3.0
SS-GLA-0079-A2,augmented/glass_breaking/SS-GLA-0079-A2.wav,Glass Breaking,SS-GLA-0079,train,augmented,pitch,2152700987,6.834,16000,1,857b647e0fa4c527e9bbff108062f47ce5c49a0478e5138b5fb6feb386ea04da,augmentation of SS-GLA-0079,CC-BY-3.0
SS-GLA-0085-A1,augmented/glass_breaking/SS-GLA-0085-A1.wav,Glass Breaking,SS-GLA-0085,train,augmented,pitch,1178125395,3.388,16000,1,89a1170dcceb79c403ddc9c2a59a4bf2623ddd66f4df37265c72d2f1d62239d8,augmentation of SS-GLA-0085,CC-BY-3.0
SS-GLA-0085-A2,augmented/glass_breaking/SS-GLA-0085-A2.wav,Glass Breaking,SS-GLA-0085,train,augmented,noise,4146937050,3.388,16000,1,6e68140b6494ccbb45e22c8c52f981afd15ef8e321056c25fe40b6d6418d9d84,augmentation of SS-GLA-0085,CC-BY-3.0
SS-GLA-0088-A1,augmented/glass_breaking/SS-GLA-0088-A1.wav,Glass Breaking,SS-GLA-0088,train,augmented,noise,439405130,6.092,16000,1,f280f457ed10dc3ec7336fbe1d6c606fdbbc013c4f2d7dd81ba581dcf87b2fcb,augmentation of SS-GLA-0088,CC0-1.0
SS-GLA-0088-A2,augmented/glass_breaking/SS-GLA-0088-A2.wav,Glass Breaking,SS-GLA-0088,train,augmented,pitch,934840939,6.092,16000,1,8a8335ff235b7f44f2f28fcce9b332585bb0116be5075dce21edc8a2b57bcbff,augmentation of SS-GLA-0088,CC0-1.0
SS-GLA-0089-A1,augmented/glass_breaking/SS-GLA-0089-A1.wav,Glass Breaking,SS-GLA-0089,train,augmented,shift,2718818941,15.635,16000,1,bd90b6ed4ea238c327f96b0cd2ddc4789f0d0e045cca1822fe5fe2064280bc9f,augmentation of SS-GLA-0089,CC0-1.0
SS-GLA-0089-A2,augmented/glass_breaking/SS-GLA-0089-A2.wav,Glass Breaking,SS-GLA-0089,train,augmented,volume,4199291511,15.635,16000,1,0a1fac879b9a99965959d5669bc82f805d092afccf48f6b0ae3f7ff6842be4c9,augmentation of SS-GLA-0089,CC0-1.0
SS-GLA-0090-A1,augmented/glass_breaking/SS-GLA-0090-A1.wav,Glass Breaking,SS-GLA-0090,train,augmented,shift,1047923877,26.078,16000,1,e6b1acb96b327c8076c603a870febd3171ff63f827c5702362b149133de2b99f,augmentation of SS-GLA-0090,CC0-1.0
SS-GLA-0090-A2,augmented/glass_breaking/SS-GLA-0090-A2.wav,Glass Breaking,SS-GLA-0090,train,augmented,noise,466754786,26.078,16000,1,c1d9bf994c4ed4ee7119ff708db04e45c0ce3dcee39dbe3046b81f578c9f8d8d,augmentation of SS-GLA-0090,CC0-1.0
SS-GLA-0091-A1,augmented/glass_breaking/SS-GLA-0091-A1.wav,Glass Breaking,SS-GLA-0091,train,augmented,reverb,2113923660,14.083,16000,1,8c655e88d0625b60597d6a95939f887503b9faebcdea9791623f0c2d0d5a39e7,augmentation of SS-GLA-0091,CC-BY-3.0
SS-GLA-0091-A2,augmented/glass_breaking/SS-GLA-0091-A2.wav,Glass Breaking,SS-GLA-0091,train,augmented,volume,2432069223,14.083,16000,1,c039692cc1c5a932bf640f7984bee3a155a70fba99ed05f8332bfa59f574646b,augmentation of SS-GLA-0091,CC-BY-3.0
SS-GLA-0093-A1,augmented/glass_breaking/SS-GLA-0093-A1.wav,Glass Breaking,SS-GLA-0093,train,augmented,volume,129564927,0.521,16000,1,3bc24fbe7534526bd16d2ca95f3015bf652c7372202296596f18a705af77e627,augmentation of SS-GLA-0093,CC0-1.0
SS-GLA-0093-A2,augmented/glass_breaking/SS-GLA-0093-A2.wav,Glass Breaking,SS-GLA-0093,train,augmented,reverb,1871935820,0.521,16000,1,4086306b167948b2fe2fcd0f8bda1abf57c0524b98bafaefe10e13a0f3d1a732,augmentation of SS-GLA-0093,CC0-1.0
SS-GLA-0095-A1,augmented/glass_breaking/SS-GLA-0095-A1.wav,Glass Breaking,SS-GLA-0095,train,augmented,reverb,1486339180,2.336,16000,1,dca7fa2716aa4282d225389bf66f4a8e53cba187519ae8fedad1fd4960649855,augmentation of SS-GLA-0095,CC-BY-3.0
SS-GLA-0095-A2,augmented/glass_breaking/SS-GLA-0095-A2.wav,Glass Breaking,SS-GLA-0095,train,augmented,shift,1188212605,2.336,16000,1,ba12dd37343f475c6f560be9d43000c40cfee0ec4f98fde4e238898644c68111,augmentation of SS-GLA-0095,CC-BY-3.0
SS-GLA-0096-A1,augmented/glass_breaking/SS-GLA-0096-A1.wav,Glass Breaking,SS-GLA-0096,train,augmented,distance,504627089,0.967,16000,1,0b68448fa11b8cc3c6747e703ff8cd55cc7b3d88bae1ed92b227c6e2e2f9de60,augmentation of SS-GLA-0096,CC0-1.0
SS-GLA-0096-A2,augmented/glass_breaking/SS-GLA-0096-A2.wav,Glass Breaking,SS-GLA-0096,train,augmented,noise,514456122,0.967,16000,1,31d3e07c0b1cbb38ed80edcb955f346a2cbfaaf6ea16d76273a641d364dae661,augmentation of SS-GLA-0096,CC0-1.0
SS-GLA-0098-A1,augmented/glass_breaking/SS-GLA-0098-A1.wav,Glass Breaking,SS-GLA-0098,train,augmented,volume,838986879,5.062,16000,1,01175780428e3d0123e512c83261fb29ca8391462f530382f45c8c4ba9af2a38,augmentation of SS-GLA-0098,CC-BY-3.0
SS-GLA-0098-A2,augmented/glass_breaking/SS-GLA-0098-A2.wav,Glass Breaking,SS-GLA-0098,train,augmented,distance,3613274409,5.062,16000,1,d9cb63a37da2ac4f4f8887b6a64c9deba76f0f63413fcd35c71d72a4e2424205,augmentation of SS-GLA-0098,CC-BY-3.0
SS-GLA-0099-A1,augmented/glass_breaking/SS-GLA-0099-A1.wav,Glass Breaking,SS-GLA-0099,train,augmented,stretch,1261306110,0.972,16000,1,9ed8e50b132aa07772023f4e308b961bc79eb713af7fdf2a8ec4d0ba2796b8a8,augmentation of SS-GLA-0099,CC-BY-3.0
SS-GLA-0099-A2,augmented/glass_breaking/SS-GLA-0099-A2.wav,Glass Breaking,SS-GLA-0099,train,augmented,shift,1654330573,0.864,16000,1,6bef7546950905bc3d53980888fd3a0e3cebdca7926d807af3934f0c6382534a,augmentation of SS-GLA-0099,CC-BY-3.0
SS-GLA-0100-A1,augmented/glass_breaking/SS-GLA-0100-A1.wav,Glass Breaking,SS-GLA-0100,train,augmented,shift,3364074981,2.103,16000,1,a2568011bed6fa97d29194de7d3946155b0e12a89e9b10666bddda64c52ce422,augmentation of SS-GLA-0100,CC-BY-3.0
SS-GLA-0100-A2,augmented/glass_breaking/SS-GLA-0100-A2.wav,Glass Breaking,SS-GLA-0100,train,augmented,volume,2742970679,2.103,16000,1,756abf03cef3cd8e5709c2fd92d36f772d9c8cd67f3b1a9a6c992e2b14989c60,augmentation of SS-GLA-0100,CC-BY-3.0
SS-GLA-0101-A1,augmented/glass_breaking/SS-GLA-0101-A1.wav,Glass Breaking,SS-GLA-0101,train,augmented,device,1970548624,2.261,16000,1,bf8fcc40f9e0f2af023bccfa8d20e1d3ab7889638026228db6ed736d9bb04623,augmentation of SS-GLA-0101,CC-BY-3.0
SS-GLA-0101-A2,augmented/glass_breaking/SS-GLA-0101-A2.wav,Glass Breaking,SS-GLA-0101,train,augmented,distance,1708067449,2.261,16000,1,0d51fe44e327f455e965282a355b80105576afa09df85b6c2795e608ab93d836,augmentation of SS-GLA-0101,CC-BY-3.0
SS-GLA-0102-A1,augmented/glass_breaking/SS-GLA-0102-A1.wav,Glass Breaking,SS-GLA-0102,train,augmented,pitch,4171772123,1.0,16000,1,922749540231073eeb9b7b89febedfe7ea4bc40df26eabd4ad2cc81529e89366,augmentation of SS-GLA-0102,CC-BY-3.0
SS-GLA-0102-A2,augmented/glass_breaking/SS-GLA-0102-A2.wav,Glass Breaking,SS-GLA-0102,train,augmented,distance,889397409,1.0,16000,1,3879c6c4b1c9cf88708a3cbef985f7f5cd5f77598435ab2321df2371fe5f58d2,augmentation of SS-GLA-0102,CC-BY-3.0
SS-GLA-0103-A1,augmented/glass_breaking/SS-GLA-0103-A1.wav,Glass Breaking,SS-GLA-0103,train,augmented,stretch,3854727102,2.997,16000,1,86d54b383f390cad9c08ff3a374d39189c50a828655684d02a13b6b1b04a7a42,augmentation of SS-GLA-0103,CC-BY-3.0
SS-GLA-0103-A2,augmented/glass_breaking/SS-GLA-0103-A2.wav,Glass Breaking,SS-GLA-0103,train,augmented,stretch,1489084894,3.367,16000,1,313984b84b575cf4a6596c228cd67366eae6e74183a33ef96b2433424e876240,augmentation of SS-GLA-0103,CC-BY-3.0
SS-GLA-0104-A1,augmented/glass_breaking/SS-GLA-0104-A1.wav,Glass Breaking,SS-GLA-0104,train,augmented,pitch,3157230755,10.005,16000,1,86fe1b9d0b08f5ac0c1c9f9a8a4877776187caf7dd5e3ef3690751cb3495ff2b,augmentation of SS-GLA-0104,CC-BY-3.0
SS-GLA-0104-A2,augmented/glass_breaking/SS-GLA-0104-A2.wav,Glass Breaking,SS-GLA-0104,train,augmented,volume,3595485359,10.005,16000,1,98b18b3eabbf2d4d9a6b180cc1b358c8574b00c8266b72561091bc530ffabcc3,augmentation of SS-GLA-0104,CC-BY-3.0
SS-GLA-0105-A1,augmented/glass_breaking/SS-GLA-0105-A1.wav,Glass Breaking,SS-GLA-0105,train,augmented,stretch,1856572886,5.593,16000,1,fdfbd665b2631d05b47a8443beee00737bca4b805b544a75d044192f6661ccee,augmentation of SS-GLA-0105,CC-BY-3.0
SS-GLA-0105-A2,augmented/glass_breaking/SS-GLA-0105-A2.wav,Glass Breaking,SS-GLA-0105,train,augmented,device,1724297744,6.175,16000,1,b3a8ce323c8f442aee4dd9e3599ee62ba55afc948f92edb759fc1a5c537d55ea,augmentation of SS-GLA-0105,CC-BY-3.0
SS-GLA-0106-A1,augmented/glass_breaking/SS-GLA-0106-A1.wav,Glass Breaking,SS-GLA-0106,train,augmented,stretch,2474705550,1.578,16000,1,ff4c1bd66d33dc843e3d25bf845cab448ac6601bca5895767afa3db1d0a8150f,augmentation of SS-GLA-0106,CC0-1.0
SS-GLA-0106-A2,augmented/glass_breaking/SS-GLA-0106-A2.wav,Glass Breaking,SS-GLA-0106,train,augmented,reverb,3177674572,1.439,16000,1,f5a4818d6f105a5b66a5ad96e7dfef3f5ce0e53befa93178ec30cdfc8373f867,augmentation of SS-GLA-0106,CC0-1.0
SS-GLA-0108-A1,augmented/glass_breaking/SS-GLA-0108-A1.wav,Glass Breaking,SS-GLA-0108,train,augmented,reverb,2402383580,1.494,16000,1,f6df3e1a50fcdd8c2e12e128059e7eaa3f9b29c4564d8ad3db98ee6304b7a0a5,augmentation of SS-GLA-0108,CC0-1.0
SS-GLA-0108-A2,augmented/glass_breaking/SS-GLA-0108-A2.wav,Glass Breaking,SS-GLA-0108,train,augmented,distance,392524441,1.494,16000,1,0aa07e4a328b6e847319e7e844ceae699ea6d8d1f14e613095af7f1b5176954f,augmentation of SS-GLA-0108,CC0-1.0
SS-GLA-0110-A1,augmented/glass_breaking/SS-GLA-0110-A1.wav,Glass Breaking,SS-GLA-0110,train,augmented,volume,3272950511,2.0,16000,1,931516a6f9ec14122fbe7a824d8e7d0e41138638a657a85b09d07b2d1745997c,augmentation of SS-GLA-0110,CC-BY-3.0
SS-GLA-0110-A2,augmented/glass_breaking/SS-GLA-0110-A2.wav,Glass Breaking,SS-GLA-0110,train,augmented,noise,107979018,2.0,16000,1,20d0a49451abbaa4e7d04384a5a8fa32eeb439d58c966bfa592959a41cc0887b,augmentation of SS-GLA-0110,CC-BY-3.0
SS-GLA-0111-A1,augmented/glass_breaking/SS-GLA-0111-A1.wav,Glass Breaking,SS-GLA-0111,train,augmented,volume,3657466943,3.784,16000,1,2529c163b35b5b20ac8197b72839612ca2eddf8c507d7a0ced83519be755111b,augmentation of SS-GLA-0111,CC0-1.0
SS-GLA-0111-A2,augmented/glass_breaking/SS-GLA-0111-A2.wav,Glass Breaking,SS-GLA-0111,train,augmented,volume,543976183,3.784,16000,1,7fdc59651234446eb3bc6061b97c56157e27412f7576a778ea036d9dc66af073,augmentation of SS-GLA-0111,CC0-1.0
SS-GLA-0113-A1,augmented/glass_breaking/SS-GLA-0113-A1.wav,Glass Breaking,SS-GLA-0113,train,augmented,device,241024472,5.04,16000,1,a5c4eccefe9542fc19b836b03d1f3d85e699f237b9798c581fd38ded99e348ee,augmentation of SS-GLA-0113,CC0-1.0
SS-GLA-0113-A2,augmented/glass_breaking/SS-GLA-0113-A2.wav,Glass Breaking,SS-GLA-0113,train,augmented,distance,2386042281,5.04,16000,1,0c2057381f7e2d27c96a9c7fc1bf2a7c23c3b3066b1c3326f69359a872dc7042,augmentation of SS-GLA-0113,CC0-1.0
SS-GLA-0114-A1,augmented/glass_breaking/SS-GLA-0114-A1.wav,Glass Breaking,SS-GLA-0114,train,augmented,distance,626103793,0.917,16000,1,b9a50d3ac46857a0ee43ad665cf8e77db3f71ff37f9992238c6fcbeaccc63244,augmentation of SS-GLA-0114,CC0-1.0
SS-GLA-0114-A2,augmented/glass_breaking/SS-GLA-0114-A2.wav,Glass Breaking,SS-GLA-0114,train,augmented,noise,91254898,0.917,16000,1,3b04e4e072d896379b7cf6b4a72fafacf85fb2a9740649522f76be00ff8dd003,augmentation of SS-GLA-0114,CC0-1.0
SS-GLA-0115-A1,augmented/glass_breaking/SS-GLA-0115-A1.wav,Glass Breaking,SS-GLA-0115,train,augmented,device,1241435808,1.653,16000,1,45f6c4a92e883034b8c4ca4e9959dbf3c47787d3f7bb3c28a64fc4db6be235a4,augmentation of SS-GLA-0115,CC0-1.0
SS-GLA-0115-A2,augmented/glass_breaking/SS-GLA-0115-A2.wav,Glass Breaking,SS-GLA-0115,train,augmented,volume,335927135,1.653,16000,1,192803289c981bcafd6706140f8dd146aeec5ee2dfa1ef5aab60d05334ae60db,augmentation of SS-GLA-0115,CC0-1.0
SS-GLA-0118-A1,augmented/glass_breaking/SS-GLA-0118-A1.wav,Glass Breaking,SS-GLA-0118,train,augmented,volume,2556276271,3.688,16000,1,810c16a3db7cfe8598da2e887ed54dcbf96c3f9013a17a145fc24ced4cbfa533,augmentation of SS-GLA-0118,CC-BY-3.0
SS-GLA-0118-A2,augmented/glass_breaking/SS-GLA-0118-A2.wav,Glass Breaking,SS-GLA-0118,train,augmented,noise,1932017642,3.688,16000,1,740276a32abfcaf4a9062bd2483d0407395f253e17854319becea1da0de28187,augmentation of SS-GLA-0118,CC-BY-3.0
SS-GLA-0119-A1,augmented/glass_breaking/SS-GLA-0119-A1.wav,Glass Breaking,SS-GLA-0119,train,augmented,shift,701056117,27.307,16000,1,6b4f199ebd2024d0a19a5688f788659bef605b055f44a5e41d99ecb84f70562a,augmentation of SS-GLA-0119,CC-BY-3.0
SS-GLA-0119-A2,augmented/glass_breaking/SS-GLA-0119-A2.wav,Glass Breaking,SS-GLA-0119,train,augmented,shift,3258147661,27.307,16000,1,8de262db2d8b26dce2162299456f5417b5a6f6962afad8c10f1fc3d9f2db2671,augmentation of SS-GLA-0119,CC-BY-3.0
SS-GLA-0120-A1,augmented/glass_breaking/SS-GLA-0120-A1.wav,Glass Breaking,SS-GLA-0120,train,augmented,pitch,156435211,2.0,16000,1,171418a6979611222458bf0814151247d47aeadd6039963b29c4b2fb0c187711,augmentation of SS-GLA-0120,CC0-1.0
SS-GLA-0120-A2,augmented/glass_breaking/SS-GLA-0120-A2.wav,Glass Breaking,SS-GLA-0120,train,augmented,distance,2692594801,2.0,16000,1,af81f14fff27b7e06b0024740bd818662e7fb5224a4a7efe24b1c1c2a66c0fbb,augmentation of SS-GLA-0120,CC0-1.0
SS-GLA-0122-A1,augmented/glass_breaking/SS-GLA-0122-A1.wav,Glass Breaking,SS-GLA-0122,train,augmented,volume,481743247,4.594,16000,1,c6b46e485ea1301e2734ea1509997b1515807ddc2339b9b08ad61412d0b97f07,augmentation of SS-GLA-0122,CC0-1.0
SS-GLA-0122-A2,augmented/glass_breaking/SS-GLA-0122-A2.wav,Glass Breaking,SS-GLA-0122,train,augmented,noise,4226409906,4.594,16000,1,22553e461c535fa5439f9513adfdba559e9fbf16af5d1999d6101799e15e810b,augmentation of SS-GLA-0122,CC0-1.0
SS-GLA-0124-A1,augmented/glass_breaking/SS-GLA-0124-A1.wav,Glass Breaking,SS-GLA-0124,train,augmented,pitch,2505791019,0.585,16000,1,754cae1951807c4bcc839a263c0f788c46e2575d6ca6f6a44d2c024908f1853d,augmentation of SS-GLA-0124,CC0-1.0
SS-GLA-0124-A2,augmented/glass_breaking/SS-GLA-0124-A2.wav,Glass Breaking,SS-GLA-0124,train,augmented,pitch,3116855659,0.585,16000,1,13a0e6e0a5c2a23e1b06096a00931e4d07ec1011870061bb12510c199332f326,augmentation of SS-GLA-0124,CC0-1.0
SS-GLA-0127-A1,augmented/glass_breaking/SS-GLA-0127-A1.wav,Glass Breaking,SS-GLA-0127,train,augmented,noise,2795827602,5.561,16000,1,783281335df7c854af9dffdba9097d641cd861bb49e45c753169f18b2102d9cb,augmentation of SS-GLA-0127,CC0-1.0
SS-GLA-0127-A2,augmented/glass_breaking/SS-GLA-0127-A2.wav,Glass Breaking,SS-GLA-0127,train,augmented,pitch,1949437939,5.561,16000,1,2bae0c1d311b1bd79d2c5258523e97a0f626e7d74d4c9b49a9c92e4727a08bcd,augmentation of SS-GLA-0127,CC0-1.0
SS-GLA-0129-A1,augmented/glass_breaking/SS-GLA-0129-A1.wav,Glass Breaking,SS-GLA-0129,train,augmented,noise,738193602,4.338,16000,1,f88b9a76d5e17ae9385813d797e9d6814acb2449d3fc0781a52242f6542430b6,augmentation of SS-GLA-0129,CC0-1.0
SS-GLA-0129-A2,augmented/glass_breaking/SS-GLA-0129-A2.wav,Glass Breaking,SS-GLA-0129,train,augmented,distance,2122534561,4.338,16000,1,de625b046512f84d2c4f7b657e682645d252aec563cb310d93c89290b3fb3fe6,augmentation of SS-GLA-0129,CC0-1.0
SS-GLA-0130-A1,augmented/glass_breaking/SS-GLA-0130-A1.wav,Glass Breaking,SS-GLA-0130,train,augmented,distance,3178044097,1.133,16000,1,2317a3dc30046ed56694327941696544337cc0828a593a864745090eac2b780e,augmentation of SS-GLA-0130,CC0-1.0
SS-GLA-0130-A2,augmented/glass_breaking/SS-GLA-0130-A2.wav,Glass Breaking,SS-GLA-0130,train,augmented,stretch,1743050310,1.272,16000,1,dbc3aa68d8ff9567a36cdeb47968e7c782a807b059245378ae81b0d230b2bd43,augmentation of SS-GLA-0130,CC0-1.0
SS-GLA-0132-A1,augmented/glass_breaking/SS-GLA-0132-A1.wav,Glass Breaking,SS-GLA-0132,train,augmented,device,2139398800,2.601,16000,1,30ba2eec4d4b1ee5f6f607dfcfad77e156ab5b61ab4dac69af041997b4e11fc2,augmentation of SS-GLA-0132,CC-BY-3.0
SS-GLA-0132-A2,augmented/glass_breaking/SS-GLA-0132-A2.wav,Glass Breaking,SS-GLA-0132,train,augmented,volume,1178978103,2.601,16000,1,ad4cd61682c09d2c172f3567118d384827d5ac954991590038496dac49c5a008,augmentation of SS-GLA-0132,CC-BY-3.0
SS-GLA-0133-A1,augmented/glass_breaking/SS-GLA-0133-A1.wav,Glass Breaking,SS-GLA-0133,train,augmented,device,3989855992,0.743,16000,1,54f7b103960a1e7319bf6eddfe50eb2e5b28742d8d5e992f97154f62c6a7ea8e,augmentation of SS-GLA-0133,CC-BY-3.0
SS-GLA-0133-A2,augmented/glass_breaking/SS-GLA-0133-A2.wav,Glass Breaking,SS-GLA-0133,train,augmented,stretch,1001097142,0.742,16000,1,fd429ce2ffd06d16e0148e0398d0af863a9618d98ac188635791e60badeb38f6,augmentation of SS-GLA-0133,CC-BY-3.0
SS-GLA-0134-A1,augmented/glass_breaking/SS-GLA-0134-A1.wav,Glass Breaking,SS-GLA-0134,train,augmented,pitch,2366706107,7.847,16000,1,191307646ba06a724bde226638db1d516aeb1ff6f0189e617e8bcc00e068b6c4,augmentation of SS-GLA-0134,CC0-1.0
SS-GLA-0134-A2,augmented/glass_breaking/SS-GLA-0134-A2.wav,Glass Breaking,SS-GLA-0134,train,augmented,distance,3069678769,7.847,16000,1,ec95d71d358bed55f8abe90cc3088329fddb247e5b88129d3b661a0b4722f1d6,augmentation of SS-GLA-0134,CC0-1.0
SS-GLA-0135-A1,augmented/glass_breaking/SS-GLA-0135-A1.wav,Glass Breaking,SS-GLA-0135,train,augmented,device,4214028104,3.49,16000,1,fdd9ee6ddd9227b0015e724d17a780842a02abd17b7ef8087cb5932888b389e9,augmentation of SS-GLA-0135,CC0-1.0
SS-GLA-0135-A2,augmented/glass_breaking/SS-GLA-0135-A2.wav,Glass Breaking,SS-GLA-0135,train,augmented,reverb,2079878948,3.49,16000,1,431e0d4f57b2446aa2576502662afec4702b382fdd169d29c9fd953f3dd443d6,augmentation of SS-GLA-0135,CC0-1.0
SS-GLA-0136-A1,augmented/glass_breaking/SS-GLA-0136-A1.wav,Glass Breaking,SS-GLA-0136,train,augmented,stretch,1061931278,13.067,16000,1,f70dab5128d630754da5432941f325240ad4cc3b7a94029122bfe9538401c4d8,augmentation of SS-GLA-0136,CC-BY-3.0
SS-GLA-0136-A2,augmented/glass_breaking/SS-GLA-0136-A2.wav,Glass Breaking,SS-GLA-0136,train,augmented,volume,20680503,13.003,16000,1,8c362903b3f4595e216046cf06c67a76276de415a82993c1b473e7c38b83c418,augmentation of SS-GLA-0136,CC-BY-3.0
SS-GLA-0137-A1,augmented/glass_breaking/SS-GLA-0137-A1.wav,Glass Breaking,SS-GLA-0137,train,augmented,pitch,2645111907,0.892,16000,1,9324544f910cba03e68754439f8e0b1afed39784e2b7181fd86190e12e4d53c5,augmentation of SS-GLA-0137,CC-BY-3.0
SS-GLA-0137-A2,augmented/glass_breaking/SS-GLA-0137-A2.wav,Glass Breaking,SS-GLA-0137,train,augmented,reverb,3919870524,0.892,16000,1,33e0dd43668250e514a71ccca622308af2c46fe6b069a24afac3de165563f208,augmentation of SS-GLA-0137,CC-BY-3.0
SS-GLA-0138-A1,augmented/glass_breaking/SS-GLA-0138-A1.wav,Glass Breaking,SS-GLA-0138,train,augmented,device,1134983912,2.446,16000,1,45b3f1748b13bf4d9fd809c99ff56af7d1313a62a29007aab68c312bd0ad718c,augmentation of SS-GLA-0138,CC0-1.0
SS-GLA-0138-A2,augmented/glass_breaking/SS-GLA-0138-A2.wav,Glass Breaking,SS-GLA-0138,train,augmented,noise,3581508034,2.446,16000,1,9b6a178f8ef1f4bed2128aa4081fc8489bd8ad4d7d2641f1b93d6eeaef144da7,augmentation of SS-GLA-0138,CC0-1.0
SS-GLA-0141-A1,augmented/glass_breaking/SS-GLA-0141-A1.wav,Glass Breaking,SS-GLA-0141,train,augmented,volume,1869079575,3.996,16000,1,6eaf2bde96768b46abc18c319fa9007a1e7cfba7d8e52f6d5b466717d4329799,augmentation of SS-GLA-0141,CC0-1.0
SS-GLA-0141-A2,augmented/glass_breaking/SS-GLA-0141-A2.wav,Glass Breaking,SS-GLA-0141,train,augmented,volume,2821933903,3.996,16000,1,135f41d2e950b3e7eab3427cdf05e3744003c8c1d937117c2906eab8cb4c168e,augmentation of SS-GLA-0141,CC0-1.0
SS-GLA-0142-A1,augmented/glass_breaking/SS-GLA-0142-A1.wav,Glass Breaking,SS-GLA-0142,train,augmented,pitch,4001025491,1.389,16000,1,7e0a7df7bbdc8f9634f84228edc61d291f9b825c6a97faf8037168d75a8164e0,augmentation of SS-GLA-0142,CC0-1.0
SS-GLA-0142-A2,augmented/glass_breaking/SS-GLA-0142-A2.wav,Glass Breaking,SS-GLA-0142,train,augmented,stretch,2108044086,1.32,16000,1,c0301004d58763a0f087fae03516c0fa5bd29d12a45053ffe680e360740a12d7,augmentation of SS-GLA-0142,CC0-1.0
SS-GLA-0143-A1,augmented/glass_breaking/SS-GLA-0143-A1.wav,Glass Breaking,SS-GLA-0143,train,augmented,noise,106301474,2.064,16000,1,6c526d37edb8819d22dde24ffd410357aaa75865b02bb4c94aa2fe2701eb3039,augmentation of SS-GLA-0143,CC-BY-3.0
SS-GLA-0143-A2,augmented/glass_breaking/SS-GLA-0143-A2.wav,Glass Breaking,SS-GLA-0143,train,augmented,distance,1236327937,2.064,16000,1,a90bae5c84a324405399dc145dd2fc716f78b3835156815f3be04fc5c81e38d2,augmentation of SS-GLA-0143,CC-BY-3.0
SS-GLA-0146-A1,augmented/glass_breaking/SS-GLA-0146-A1.wav,Glass Breaking,SS-GLA-0146,train,augmented,volume,3209349735,1.905,16000,1,110add306619cca3a8b080c2661331dd7892baea5644e021e24159a789b0f52f,augmentation of SS-GLA-0146,CC-BY-3.0
SS-GLA-0146-A2,augmented/glass_breaking/SS-GLA-0146-A2.wav,Glass Breaking,SS-GLA-0146,train,augmented,shift,48751165,1.905,16000,1,09e2a8788d83df2efab6f365bcb9870ef7cb518e0bcfbb7902522e4dad45b20a,augmentation of SS-GLA-0146,CC-BY-3.0
SS-GLA-0148-A1,augmented/glass_breaking/SS-GLA-0148-A1.wav,Glass Breaking,SS-GLA-0148,train,augmented,pitch,952057483,4.255,16000,1,ce4bae8a89d0f0044cb6190622c5f394158df952b4e07c8f487b9e882445367f,augmentation of SS-GLA-0148,CC0-1.0
SS-GLA-0148-A2,augmented/glass_breaking/SS-GLA-0148-A2.wav,Glass Breaking,SS-GLA-0148,train,augmented,pitch,2833373883,4.255,16000,1,13ca79c0d51c79706cbbbd431331437b3ca28e604a7de8de28d0ca68587e1ee2,augmentation of SS-GLA-0148,CC0-1.0
SS-GLA-0149-A1,augmented/glass_breaking/SS-GLA-0149-A1.wav,Glass Breaking,SS-GLA-0149,train,augmented,reverb,1121752596,5.984,16000,1,a99803d1e2766d516f5f5f4e9ebd7c0b48fb555d8304c69c6bbe3fc1f2296513,augmentation of SS-GLA-0149,CC-BY-3.0
SS-GLA-0149-A2,augmented/glass_breaking/SS-GLA-0149-A2.wav,Glass Breaking,SS-GLA-0149,train,augmented,pitch,3495696259,5.984,16000,1,6ff0c1f77e55d79e0649255ab3cf3da176a46cdba55cbfb8214dfb16c4731aad,augmentation of SS-GLA-0149,CC-BY-3.0
SS-GLA-0501-A1,augmented/glass_breaking/SS-GLA-0501-A1.wav,Glass Breaking,SS-GLA-0501,train,augmented,shift,2291308557,5.0,16000,1,99d3cf1edaf7d4d932ac809c746870d544643d4e9b8979a5f8c257c6a96be77c,augmentation of SS-GLA-0501,CC-BY-4.0
SS-GLA-0501-A2,augmented/glass_breaking/SS-GLA-0501-A2.wav,Glass Breaking,SS-GLA-0501,train,augmented,shift,1923614685,5.0,16000,1,ca5f5bd16f054cbfce495aa268586400a41a3a1a2bff58c0bbff5706c2e49e1c,augmentation of SS-GLA-0501,CC-BY-4.0
SS-GLA-0502-A1,augmented/glass_breaking/SS-GLA-0502-A1.wav,Glass Breaking,SS-GLA-0502,train,augmented,stretch,3128896246,5.542,16000,1,31577d106e88e64fe0e21948fee06849c0cff21bde48bfa0e114692e0c85134a,augmentation of SS-GLA-0502,CC-BY-4.0
SS-GLA-0502-A2,augmented/glass_breaking/SS-GLA-0502-A2.wav,Glass Breaking,SS-GLA-0502,train,augmented,distance,1910429145,5.0,16000,1,a3249546ae4de68ac6c5046c0cdb7119fed49748d1420beb00eeccc35b42c8e8,augmentation of SS-GLA-0502,CC-BY-4.0
SS-GLA-0503-A1,augmented/glass_breaking/SS-GLA-0503-A1.wav,Glass Breaking,SS-GLA-0503,train,augmented,shift,2996590837,5.0,16000,1,131aa2251fd7ce0b0eaecff0664beec5808cfb86b0b644c0d09e074c9d6e1953,augmentation of SS-GLA-0503,CC-BY-4.0
SS-GLA-0503-A2,augmented/glass_breaking/SS-GLA-0503-A2.wav,Glass Breaking,SS-GLA-0503,train,augmented,distance,1976183961,5.0,16000,1,f57f4f7f775fbaba76d810938f2d5519b10fb46b45a87169721f8747df2e20ce,augmentation of SS-GLA-0503,CC-BY-4.0
SS-GLA-0504-A1,augmented/glass_breaking/SS-GLA-0504-A1.wav,Glass Breaking,SS-GLA-0504,train,augmented,pitch,891673699,5.0,16000,1,557160bab1e2fbb5ec81cf4426cf9253828359628133c814ea487419077d70ee,augmentation of SS-GLA-0504,CC-BY-4.0
SS-GLA-0504-A2,augmented/glass_breaking/SS-GLA-0504-A2.wav,Glass Breaking,SS-GLA-0504,train,augmented,pitch,3111731723,5.0,16000,1,dc6d18b88cb683954460027e9624c09bc5041738f3165be05caaeb49bfdf5ba8,augmentation of SS-GLA-0504,CC-BY-4.0
SS-GLA-0505-A1,augmented/glass_breaking/SS-GLA-0505-A1.wav,Glass Breaking,SS-GLA-0505,train,augmented,stretch,3088496438,4.35,16000,1,6f3eaadbf34516d0a30403af4ec6127e288c616085793d12e2faadd78db94a37,augmentation of SS-GLA-0505,CC-BY-4.0
SS-GLA-0505-A2,augmented/glass_breaking/SS-GLA-0505-A2.wav,Glass Breaking,SS-GLA-0505,train,augmented,distance,3929985817,5.0,16000,1,9265772011701b3825643b4a75b1faeaae67652639288043b29672867dba9674,augmentation of SS-GLA-0505,CC-BY-4.0
SS-GLA-0506-A1,augmented/glass_breaking/SS-GLA-0506-A1.wav,Glass Breaking,SS-GLA-0506,train,augmented,distance,2191532009,5.0,16000,1,1aca836740e2c13ef54cbdb77880dd3a3aecdec4906a4410d4dee88bd434c7d7,augmentation of SS-GLA-0506,CC-BY-4.0
SS-GLA-0506-A2,augmented/glass_breaking/SS-GLA-0506-A2.wav,Glass Breaking,SS-GLA-0506,train,augmented,volume,529399791,5.0,16000,1,2d0778f0d6a32b4f8aa17722708969ff58916bd74a07cdd1663936f731bbf7ca,augmentation of SS-GLA-0506,CC-BY-4.0
SS-GLA-0507-A1,augmented/glass_breaking/SS-GLA-0507-A1.wav,Glass Breaking,SS-GLA-0507,train,augmented,distance,1576615993,5.0,16000,1,0a4bb2357b0af4c810ca9305b4927b7a347b23ab70d096936b8a16344be4855d,augmentation of SS-GLA-0507,CC-BY-4.0
SS-GLA-0507-A2,augmented/glass_breaking/SS-GLA-0507-A2.wav,Glass Breaking,SS-GLA-0507,train,augmented,device,4080376288,5.0,16000,1,8a242ecb87b2178c984089d933f5950ca8ef2189ee0f200c491198c1f07c84ec,augmentation of SS-GLA-0507,CC-BY-4.0
SS-GLA-0508-A1,augmented/glass_breaking/SS-GLA-0508-A1.wav,Glass Breaking,SS-GLA-0508,train,augmented,device,1032905096,5.0,16000,1,be4489c5637bf78149101fd7e333b898b89bf0de4673819a463f7b9cf3785b10,augmentation of SS-GLA-0508,CC-BY-4.0
SS-GLA-0508-A2,augmented/glass_breaking/SS-GLA-0508-A2.wav,Glass Breaking,SS-GLA-0508,train,augmented,shift,2824356909,5.0,16000,1,588f5a480591f7012c99636ee6f534d6517af7308daa820e56cfb75d6bcb2947,augmentation of SS-GLA-0508,CC-BY-4.0
SS-GLA-0509-A1,augmented/glass_breaking/SS-GLA-0509-A1.wav,Glass Breaking,SS-GLA-0509,train,augmented,pitch,4078414395,5.0,16000,1,4e834d115870b84a9d43727124f22f098b6490d22f343f957bb18f512f5ddebe,augmentation of SS-GLA-0509,CC-BY-4.0
SS-GLA-0509-A2,augmented/glass_breaking/SS-GLA-0509-A2.wav,Glass Breaking,SS-GLA-0509,train,augmented,distance,2790706577,5.0,16000,1,10cec120df29163fb4a91f2cab8afb994fd57a5f797c29d7c593c593d148bc59,augmentation of SS-GLA-0509,CC-BY-4.0
SS-GLA-0512-A1,augmented/glass_breaking/SS-GLA-0512-A1.wav,Glass Breaking,SS-GLA-0512,train,augmented,shift,3370797333,5.0,16000,1,2f3b24731799b1af84246821e86134855cad00c10255bb44f23f765682d553ad,augmentation of SS-GLA-0512,CC-BY-4.0
SS-GLA-0512-A2,augmented/glass_breaking/SS-GLA-0512-A2.wav,Glass Breaking,SS-GLA-0512,train,augmented,shift,3293454981,5.0,16000,1,22fa8aa9e154000efdb80f29cc8c6d4b332963b3c59f10b6b04adb7a38f759b2,augmentation of SS-GLA-0512,CC-BY-4.0
SS-GLA-0515-A1,augmented/glass_breaking/SS-GLA-0515-A1.wav,Glass Breaking,SS-GLA-0515,train,augmented,device,2102728416,5.0,16000,1,6df6fb4cd165aa0dbabfd907dc7131d9f976c67b14f87a143c4647d0f78c11d0,augmentation of SS-GLA-0515,CC-BY-4.0
SS-GLA-0515-A2,augmented/glass_breaking/SS-GLA-0515-A2.wav,Glass Breaking,SS-GLA-0515,train,augmented,stretch,1747976190,4.541,16000,1,40bbd7ed305501c6519f884c12e978e81b5ddbc1c9019c7cc33a820c5b23516a,augmentation of SS-GLA-0515,CC-BY-4.0
SS-GLA-0516-A1,augmented/glass_breaking/SS-GLA-0516-A1.wav,Glass Breaking,SS-GLA-0516,train,augmented,device,2012311952,5.0,16000,1,67887381bd38c75332a02a490d2711519a40bc4fcd80c37bf84081c01608c2db,augmentation of SS-GLA-0516,CC-BY-4.0
SS-GLA-0516-A2,augmented/glass_breaking/SS-GLA-0516-A2.wav,Glass Breaking,SS-GLA-0516,train,augmented,device,2019245904,5.0,16000,1,67887381bd38c75332a02a490d2711519a40bc4fcd80c37bf84081c01608c2db,augmentation of SS-GLA-0516,CC-BY-4.0
SS-GLA-0517-A1,augmented/glass_breaking/SS-GLA-0517-A1.wav,Glass Breaking,SS-GLA-0517,train,augmented,stretch,1150637926,4.523,16000,1,344d0d1aada941aa2d48ee0723744247510941f53ee969e1296223d33c2ea3b5,augmentation of SS-GLA-0517,CC-BY-4.0
SS-GLA-0517-A2,augmented/glass_breaking/SS-GLA-0517-A2.wav,Glass Breaking,SS-GLA-0517,train,augmented,shift,3666216165,5.0,16000,1,1b183eb61c4ee4d7390309ed104d5f4c0944960b9cbe8b8135a48e5fbc22e6cb,augmentation of SS-GLA-0517,CC-BY-4.0
SS-GLA-0518-A1,augmented/glass_breaking/SS-GLA-0518-A1.wav,Glass Breaking,SS-GLA-0518,train,augmented,distance,4212482417,5.0,16000,1,3a9bba00715d96067c510a0bfb929cda8b81f47ff9ffc96bff54761ac673fa63,augmentation of SS-GLA-0518,CC-BY-4.0
SS-GLA-0518-A2,augmented/glass_breaking/SS-GLA-0518-A2.wav,Glass Breaking,SS-GLA-0518,train,augmented,distance,833692513,5.0,16000,1,21507668bd89d95b601e472a03a7092276ca2e91b78b2e43bd5bed909655e948,augmentation of SS-GLA-0518,CC-BY-4.0
SS-GLA-0519-A1,augmented/glass_breaking/SS-GLA-0519-A1.wav,Glass Breaking,SS-GLA-0519,train,augmented,stretch,2279153038,5.163,16000,1,f012a8cf5e0fb40c5e95a6305ded5dba096132df10dd1baca6870336093ab616,augmentation of SS-GLA-0519,CC-BY-4.0
SS-GLA-0519-A2,augmented/glass_breaking/SS-GLA-0519-A2.wav,Glass Breaking,SS-GLA-0519,train,augmented,volume,1841203567,5.0,16000,1,f4e3a9e209f8629d113db3eb0a6723f44a35a53a24f0391e895f7c6ac1a18049,augmentation of SS-GLA-0519,CC-BY-4.0
SS-GLA-0522-A1,augmented/glass_breaking/SS-GLA-0522-A1.wav,Glass Breaking,SS-GLA-0522,train,augmented,stretch,4042457678,4.665,16000,1,572b7ddfc404ae753ea3262412f02708545cfaef79f417695bef9371578e821c,augmentation of SS-GLA-0522,CC-BY-4.0
SS-GLA-0522-A2,augmented/glass_breaking/SS-GLA-0522-A2.wav,Glass Breaking,SS-GLA-0522,train,augmented,device,1787433712,5.0,16000,1,bed47cf2d7e16b4bff748adc5267d0ded1f817e07e3f420777a2d0badc197a2b,augmentation of SS-GLA-0522,CC-BY-4.0
SS-GLA-0523-A1,augmented/glass_breaking/SS-GLA-0523-A1.wav,Glass Breaking,SS-GLA-0523,train,augmented,reverb,1877703292,5.0,16000,1,2ee86c063a5ee219fcb245b8813207238d024103900844b4fda8df00982c0dbe,augmentation of SS-GLA-0523,CC-BY-4.0
SS-GLA-0523-A2,augmented/glass_breaking/SS-GLA-0523-A2.wav,Glass Breaking,SS-GLA-0523,train,augmented,device,615300608,5.0,16000,1,b81cdec8e9f610e57ae5c44afd47d8aa417a22a0524b29fd94b54db4fd44988f,augmentation of SS-GLA-0523,CC-BY-4.0
SS-GLA-0524-A1,augmented/glass_breaking/SS-GLA-0524-A1.wav,Glass Breaking,SS-GLA-0524,train,augmented,device,2509358008,5.0,16000,1,f45e6335cb42c3c5a1c6e429418c159613982116695e3b88a992c744a3b8dff3,augmentation of SS-GLA-0524,CC-BY-4.0
SS-GLA-0524-A2,augmented/glass_breaking/SS-GLA-0524-A2.wav,Glass Breaking,SS-GLA-0524,train,augmented,stretch,806978054,5.161,16000,1,cded7e9934dc0cd86421e77eda665cf287c920949c37d5b4a81b3ddfa78b030b,augmentation of SS-GLA-0524,CC-BY-4.0
SS-GLA-0526-A1,augmented/glass_breaking/SS-GLA-0526-A1.wav,Glass Breaking,SS-GLA-0526,train,augmented,reverb,3906410852,5.0,16000,1,bde2c92bb0287872e9a1111c0f6011054d2d9104736ee2b767cddfec827d030c,augmentation of SS-GLA-0526,CC-BY-4.0
SS-GLA-0526-A2,augmented/glass_breaking/SS-GLA-0526-A2.wav,Glass Breaking,SS-GLA-0526,train,augmented,shift,1805044373,5.0,16000,1,10cbb52144f5883ccd1a7e9735b6121db7529f0023541babbdd4fd6d9e6d29cf,augmentation of SS-GLA-0526,CC-BY-4.0
SS-GLA-0527-A1,augmented/glass_breaking/SS-GLA-0527-A1.wav,Glass Breaking,SS-GLA-0527,train,augmented,distance,2054029913,5.0,16000,1,b97c84b0665e3b2404083b6ea16abfd96585c27ff00f2f03052b4dba8c33cd9d,augmentation of SS-GLA-0527,CC-BY-4.0
SS-GLA-0527-A2,augmented/glass_breaking/SS-GLA-0527-A2.wav,Glass Breaking,SS-GLA-0527,train,augmented,volume,3141000063,5.0,16000,1,7ffb4949a2276c13b0f77ed5e63766d17d84aab7012122c6624c1c5f6853efc9,augmentation of SS-GLA-0527,CC-BY-4.0
SS-GLA-0528-A1,augmented/glass_breaking/SS-GLA-0528-A1.wav,Glass Breaking,SS-GLA-0528,train,augmented,device,3104158640,5.0,16000,1,c4421880a20e3e3408e78b6b5f7907ac4863d5c72ba9bc28aa8313ea15e0a7d8,augmentation of SS-GLA-0528,CC-BY-4.0
SS-GLA-0528-A2,augmented/glass_breaking/SS-GLA-0528-A2.wav,Glass Breaking,SS-GLA-0528,train,augmented,pitch,2418783803,5.0,16000,1,9cdb310be1a5500237d6825e73eeb9578d35600b13ef64461230188a14f0aeb7,augmentation of SS-GLA-0528,CC-BY-4.0
SS-GLA-0529-A1,augmented/glass_breaking/SS-GLA-0529-A1.wav,Glass Breaking,SS-GLA-0529,train,augmented,stretch,1979889094,4.829,16000,1,d3d3b16bf3536f5e00d30fae76fcda3dba096e9cc73e99e2f5f77c8ab9cda646,augmentation of SS-GLA-0529,CC-BY-4.0
SS-GLA-0529-A2,augmented/glass_breaking/SS-GLA-0529-A2.wav,Glass Breaking,SS-GLA-0529,train,augmented,shift,2709268789,5.0,16000,1,cdd41b3d0ec31eb318b84aecfe8c506a9615fa2b3caa24c2804b52a85612fc21,augmentation of SS-GLA-0529,CC-BY-4.0
SS-GLA-0530-A1,augmented/glass_breaking/SS-GLA-0530-A1.wav,Glass Breaking,SS-GLA-0530,train,augmented,noise,718419538,5.0,16000,1,555522a1de7e9af9a4038cce213354e4944cc8206bfb289f397911147a4e7d67,augmentation of SS-GLA-0530,CC-BY-4.0
SS-GLA-0530-A2,augmented/glass_breaking/SS-GLA-0530-A2.wav,Glass Breaking,SS-GLA-0530,train,augmented,noise,3944949650,5.0,16000,1,7a3ff6aaecacc66bc778409ac954a99a23820e81d9f6d109884cea424941f43b,augmentation of SS-GLA-0530,CC-BY-4.0
SS-GLA-0531-A1,augmented/glass_breaking/SS-GLA-0531-A1.wav,Glass Breaking,SS-GLA-0531,train,augmented,distance,2267367785,5.0,16000,1,fde4826a852954b98cd1d309bb54be103d0346b0c86b4967f05f6d91153d86ed,augmentation of SS-GLA-0531,CC-BY-4.0
SS-GLA-0531-A2,augmented/glass_breaking/SS-GLA-0531-A2.wav,Glass Breaking,SS-GLA-0531,train,augmented,distance,2035706305,5.0,16000,1,78998b2741b03f4d088fd5d399079ce31ea229c65debd51d060b1ff8a7cecbc3,augmentation of SS-GLA-0531,CC-BY-4.0
SS-GLA-0532-A1,augmented/glass_breaking/SS-GLA-0532-A1.wav,Glass Breaking,SS-GLA-0532,train,augmented,device,1253593344,5.0,16000,1,7d2baf8fd64c2b462caa8ee434c839aa0396b3330411e24646e52f09a199fd5c,augmentation of SS-GLA-0532,CC-BY-4.0
SS-GLA-0532-A2,augmented/glass_breaking/SS-GLA-0532-A2.wav,Glass Breaking,SS-GLA-0532,train,augmented,shift,3275606853,5.0,16000,1,8bb9de4fc2310615fca793c6e85e53f9c798bacc931da6ab9545819f8b934be0,augmentation of SS-GLA-0532,CC-BY-4.0
SS-GLA-0533-A1,augmented/glass_breaking/SS-GLA-0533-A1.wav,Glass Breaking,SS-GLA-0533,train,augmented,distance,3156385617,5.0,16000,1,fe84b243981da31c942f40e9a19a4e0363770f630f00f122125a411cf740247f,augmentation of SS-GLA-0533,CC-BY-4.0
SS-GLA-0533-A2,augmented/glass_breaking/SS-GLA-0533-A2.wav,Glass Breaking,SS-GLA-0533,train,augmented,volume,1596277975,5.0,16000,1,bfdc4f928abb349232346768203cc38e6c5d822c4dae36559d1703558ea555f3,augmentation of SS-GLA-0533,CC-BY-4.0
SS-GLA-0535-A1,augmented/glass_breaking/SS-GLA-0535-A1.wav,Glass Breaking,SS-GLA-0535,train,augmented,noise,3324600074,5.0,16000,1,b1d3877c3bae5abb91ac9411b050ad89e5b4e01e289833b03c8242188de02379,augmentation of SS-GLA-0535,CC-BY-4.0
SS-GLA-0535-A2,augmented/glass_breaking/SS-GLA-0535-A2.wav,Glass Breaking,SS-GLA-0535,train,augmented,reverb,3831053892,5.0,16000,1,aeeaaadfbe623436db366d87b8eeb38b2a8adbd45d2419dd74aebfced1fa0e53,augmentation of SS-GLA-0535,CC-BY-4.0
SS-GLA-0536-A1,augmented/glass_breaking/SS-GLA-0536-A1.wav,Glass Breaking,SS-GLA-0536,train,augmented,noise,647424890,5.0,16000,1,15270c3ff086e5340fd71970de24e954639de2b3988fc1bacb415806e5435020,augmentation of SS-GLA-0536,CC-BY-4.0
SS-GLA-0536-A2,augmented/glass_breaking/SS-GLA-0536-A2.wav,Glass Breaking,SS-GLA-0536,train,augmented,volume,4136251255,5.0,16000,1,867a01c2adf35c55c5f39e2ec8493866c0692fc21c51a775f90fce89145c51a3,augmentation of SS-GLA-0536,CC-BY-4.0
SS-GLA-0537-A1,augmented/glass_breaking/SS-GLA-0537-A1.wav,Glass Breaking,SS-GLA-0537,train,augmented,shift,868699101,5.0,16000,1,29d39fd6a200685b57427ae0f26774f7f6c95c471a77a9999fb1aa088cd898ae,augmentation of SS-GLA-0537,CC-BY-4.0
SS-GLA-0537-A2,augmented/glass_breaking/SS-GLA-0537-A2.wav,Glass Breaking,SS-GLA-0537,train,augmented,pitch,1806186835,5.0,16000,1,0d1ef8293a2bf4e61de559647e4031a36a46ecf99e39b4b11bb944aa5a402c62,augmentation of SS-GLA-0537,CC-BY-4.0
SS-GLA-0538-A1,augmented/glass_breaking/SS-GLA-0538-A1.wav,Glass Breaking,SS-GLA-0538,train,augmented,pitch,526104147,5.0,16000,1,94fafbcc34a578e0b16044d9986edcec693ea6045af4f90f5525c30f04d03a37,augmentation of SS-GLA-0538,CC-BY-4.0
SS-GLA-0538-A2,augmented/glass_breaking/SS-GLA-0538-A2.wav,Glass Breaking,SS-GLA-0538,train,augmented,pitch,3103728115,5.0,16000,1,ef65b6ec9e74ca89a78ad95f66a792b0479b25bc74c9a24d18f5742b474d77c6,augmentation of SS-GLA-0538,CC-BY-4.0
SS-GLA-0539-A1,augmented/glass_breaking/SS-GLA-0539-A1.wav,Glass Breaking,SS-GLA-0539,train,augmented,noise,4146135898,5.0,16000,1,5db53eaf57631bba0091edd87b8a72913267bf04abc80b53d91b8717d131a588,augmentation of SS-GLA-0539,CC-BY-4.0
SS-GLA-0539-A2,augmented/glass_breaking/SS-GLA-0539-A2.wav,Glass Breaking,SS-GLA-0539,train,augmented,shift,105901461,5.0,16000,1,b3592b56e37590e84cee6c6f2ff379ea05932610870289d86b93a29daff906b8,augmentation of SS-GLA-0539,CC-BY-4.0
SS-GLA-0541-A1,augmented/glass_breaking/SS-GLA-0541-A1.wav,Glass Breaking,SS-GLA-0541,train,augmented,reverb,3276068028,1.176,16000,1,a4cd61f2351a8d8e6d11c06e55b98f211d27d0c77b1bc6ba37b1bf10a979dbc1,augmentation of SS-GLA-0541,CC-BY-4.0
SS-GLA-0541-A2,augmented/glass_breaking/SS-GLA-0541-A2.wav,Glass Breaking,SS-GLA-0541,train,augmented,distance,2732011609,1.176,16000,1,f828038a61318144ec806356aa47b1e4d20c185371e448d599759f6c06447e97,augmentation of SS-GLA-0541,CC-BY-4.0
SS-GLA-0542-A1,augmented/glass_breaking/SS-GLA-0542-A1.wav,Glass Breaking,SS-GLA-0542,train,augmented,volume,904174895,3.501,16000,1,91d8d6cd277f70e5417327b6378da74cb63257d58de5dcebc71c977a645c5002,augmentation of SS-GLA-0542,CC-BY-4.0
SS-GLA-0542-A2,augmented/glass_breaking/SS-GLA-0542-A2.wav,Glass Breaking,SS-GLA-0542,train,augmented,stretch,2951131422,3.923,16000,1,3d890a9b07286c3f50345fdf822b7319e6986db1c823f9dc6a1387d115040569,augmentation of SS-GLA-0542,CC-BY-4.0
SS-GLA-0543-A1,augmented/glass_breaking/SS-GLA-0543-A1.wav,Glass Breaking,SS-GLA-0543,train,augmented,reverb,1130442652,8.0,16000,1,88422c4bddc3d5f4dc119cc631d41bb9fa7e7916d986e5416a83ec3dc6cdbc98,augmentation of SS-GLA-0543,CC-BY-4.0
SS-GLA-0543-A2,augmented/glass_breaking/SS-GLA-0543-A2.wav,Glass Breaking,SS-GLA-0543,train,augmented,shift,527712349,8.0,16000,1,1c1a4718661085351d75b054fa139caecf4956aad240cd4436fa57ef90a32cb8,augmentation of SS-GLA-0543,CC-BY-4.0
SS-GLA-0544-A1,augmented/glass_breaking/SS-GLA-0544-A1.wav,Glass Breaking,SS-GLA-0544,train,augmented,pitch,2240574755,1.411,16000,1,57a1735ad20e190ba4768a51a09a2a6b97469f0565746403adb581b6f96fbbd1,augmentation of SS-GLA-0544,CC-BY-4.0
SS-GLA-0544-A2,augmented/glass_breaking/SS-GLA-0544-A2.wav,Glass Breaking,SS-GLA-0544,train,augmented,distance,2202470449,1.411,16000,1,e5a7b46fe0e5608510af11c75c3eb2ff72b0e391a59b1e14fae32973e25fa20b,augmentation of SS-GLA-0544,CC-BY-4.0
SS-GLA-0545-A1,augmented/glass_breaking/SS-GLA-0545-A1.wav,Glass Breaking,SS-GLA-0545,train,augmented,volume,964567095,3.733,16000,1,bad89588d4400d8203b76dc2ca0754eb79e7a793b159df378d94c1a8bad2e4b0,augmentation of SS-GLA-0545,CC-BY-4.0
SS-GLA-0545-A2,augmented/glass_breaking/SS-GLA-0545-A2.wav,Glass Breaking,SS-GLA-0545,train,augmented,noise,2255078490,3.733,16000,1,d803b0d3a3084cf14c6ff6fd77484499d9c520764ed11191f1dceabd2046471c,augmentation of SS-GLA-0545,CC-BY-4.0
SS-GLA-0546-A1,augmented/glass_breaking/SS-GLA-0546-A1.wav,Glass Breaking,SS-GLA-0546,train,augmented,pitch,4205146795,8.393,16000,1,42b3bf15e35382527673b51a85036c6c696686fcf6de126c6bb2f7bb3b730dc2,augmentation of SS-GLA-0546,CC-BY-4.0
SS-GLA-0546-A2,augmented/glass_breaking/SS-GLA-0546-A2.wav,Glass Breaking,SS-GLA-0546,train,augmented,pitch,2974699803,8.393,16000,1,243f00ca6065f47fb0983b8e9fc2ac0045a63bc3a80224a43fd7817289cd2100,augmentation of SS-GLA-0546,CC-BY-4.0
SS-GLA-0547-A1,augmented/glass_breaking/SS-GLA-0547-A1.wav,Glass Breaking,SS-GLA-0547,train,augmented,device,2706439056,11.0,16000,1,704b3434f0df702b999ce961274ad1719622323d563dd29514c98b97d4090162,augmentation of SS-GLA-0547,CC-BY-4.0
SS-GLA-0547-A2,augmented/glass_breaking/SS-GLA-0547-A2.wav,Glass Breaking,SS-GLA-0547,train,augmented,volume,2600611751,11.0,16000,1,3d5de47e356e34e87fb504a83b28af15c96871b76e5c0698e40ee0316e14e939,augmentation of SS-GLA-0547,CC-BY-4.0
SS-GLA-0548-A1,augmented/glass_breaking/SS-GLA-0548-A1.wav,Glass Breaking,SS-GLA-0548,train,augmented,stretch,897583494,2.883,16000,1,f84770e90c92723cdfebcb9ad5f194b368ab21e17031b821b616e2a5188d9329,augmentation of SS-GLA-0548,CC-BY-4.0
SS-GLA-0548-A2,augmented/glass_breaking/SS-GLA-0548-A2.wav,Glass Breaking,SS-GLA-0548,train,augmented,noise,2105654706,2.612,16000,1,22722f9615d425898a94b0a95be520ec125152b7fdd2d0b96f2f89d36ef753af,augmentation of SS-GLA-0548,CC-BY-4.0
SS-GLA-0549-A1,augmented/glass_breaking/SS-GLA-0549-A1.wav,Glass Breaking,SS-GLA-0549,train,augmented,reverb,2761510692,27.109,16000,1,59df13bfb5bb29b89bb25498ee82d8118aae256c0898dc14965b2a26ee3cd119,augmentation of SS-GLA-0549,CC-BY-4.0
SS-GLA-0549-A2,augmented/glass_breaking/SS-GLA-0549-A2.wav,Glass Breaking,SS-GLA-0549,train,augmented,pitch,1138134547,27.109,16000,1,d4b06bae95fd4245d5594ed793d9220282b795f86e315ee9f0646d397abb98a2,augmentation of SS-GLA-0549,CC-BY-4.0
SS-GLA-0550-A1,augmented/glass_breaking/SS-GLA-0550-A1.wav,Glass Breaking,SS-GLA-0550,train,augmented,stretch,2017508758,12.626,16000,1,9289116f948a5f10be9bfa0eb993ed4793e40308865c6196668d18ec3e819cf2,augmentation of SS-GLA-0550,CC-BY-4.0
SS-GLA-0550-A2,augmented/glass_breaking/SS-GLA-0550-A2.wav,Glass Breaking,SS-GLA-0550,train,augmented,noise,2903240530,13.0,16000,1,fddfa552165f66c71f84e0cdd86a64928932241a9f11d9aa5a6ba87f7806a03e,augmentation of SS-GLA-0550,CC-BY-4.0
SS-GLA-0553-A1,augmented/glass_breaking/SS-GLA-0553-A1.wav,Glass Breaking,SS-GLA-0553,train,augmented,stretch,379176894,1.683,16000,1,5a8c7aaba154b0eefb559a04fc2f12d5b8733a5395ea6023f040bf9eaf42ca29,augmentation of SS-GLA-0553,CC-BY-4.0
SS-GLA-0553-A2,augmented/glass_breaking/SS-GLA-0553-A2.wav,Glass Breaking,SS-GLA-0553,train,augmented,noise,1006056866,1.631,16000,1,f2f5c5e64ed9c61483f61b68cdc15e64c0a162bfc97b3887240f60263bcc6b6a,augmentation of SS-GLA-0553,CC-BY-4.0
SS-GLA-0554-A1,augmented/glass_breaking/SS-GLA-0554-A1.wav,Glass Breaking,SS-GLA-0554,train,augmented,reverb,2409460500,1.327,16000,1,733d6715f9ba3e7ef5c1ac0db8611480805e5a312e7136428c948e1d083ae53d,augmentation of SS-GLA-0554,CC-BY-4.0
SS-GLA-0554-A2,augmented/glass_breaking/SS-GLA-0554-A2.wav,Glass Breaking,SS-GLA-0554,train,augmented,reverb,915488628,1.327,16000,1,69d1152079c14acc6fd9da7b1e5765a21a7da8500764a64b1bd896e2facfc4c1,augmentation of SS-GLA-0554,CC-BY-4.0
SS-GLA-0555-A1,augmented/glass_breaking/SS-GLA-0555-A1.wav,Glass Breaking,SS-GLA-0555,train,augmented,device,1776086896,1.479,16000,1,0c2d9aa2f490ef83a7e7d1dd12b41896338d886e3ea957452288e9a9d1ebfe5f,augmentation of SS-GLA-0555,CC-BY-4.0
SS-GLA-0555-A2,augmented/glass_breaking/SS-GLA-0555-A2.wav,Glass Breaking,SS-GLA-0555,train,augmented,distance,1194489273,1.479,16000,1,9d401f777783766976f7bc4060cb5b7e9c23b2627adcfd0b82958a7e43542d6b,augmentation of SS-GLA-0555,CC-BY-4.0
SS-GLA-0556-A1,augmented/glass_breaking/SS-GLA-0556-A1.wav,Glass Breaking,SS-GLA-0556,train,augmented,noise,1491959642,1.249,16000,1,9e4b7b821c624df2d64277e7c8d1784e9a188e1843c7dffac3a60723991a9b34,augmentation of SS-GLA-0556,CC-BY-4.0
SS-GLA-0556-A2,augmented/glass_breaking/SS-GLA-0556-A2.wav,Glass Breaking,SS-GLA-0556,train,augmented,shift,177892437,1.249,16000,1,40b52147808ad59f1bb9819334fb0c3e667c139bbe4e27940a1fae3d28425907,augmentation of SS-GLA-0556,CC-BY-4.0
SS-GLA-0563-A1,augmented/glass_breaking/SS-GLA-0563-A1.wav,Glass Breaking,SS-GLA-0563,train,augmented,stretch,212772222,1.75,16000,1,66d1e651f619664a402848b7836a1d57251be5b9b65e8214c8177c0a3243ba7c,augmentation of SS-GLA-0563,CC-BY-4.0
SS-GLA-0563-A2,augmented/glass_breaking/SS-GLA-0563-A2.wav,Glass Breaking,SS-GLA-0563,train,augmented,device,3589529720,1.84,16000,1,3a9bcc4e2dec6660e777e70090fe1e7c5c478a9d09e274a3d418b035087ddca4,augmentation of SS-GLA-0563,CC-BY-4.0
SS-GLA-0564-A1,augmented/glass_breaking/SS-GLA-0564-A1.wav,Glass Breaking,SS-GLA-0564,train,augmented,volume,2373259911,16.44,16000,1,2360359a2fc781e6386dd387249956e112a1d58fd6656c5fb26a76c3ad5dc383,augmentation of SS-GLA-0564,CC-BY-4.0
SS-GLA-0564-A2,augmented/glass_breaking/SS-GLA-0564-A2.wav,Glass Breaking,SS-GLA-0564,train,augmented,noise,1371817002,16.44,16000,1,fa5394a99b5a6774f83d4b227268b0cb3ac902b1c4dc6d5c57b1d4ceb86ab525,augmentation of SS-GLA-0564,CC-BY-4.0
SS-GLA-0565-A1,augmented/glass_breaking/SS-GLA-0565-A1.wav,Glass Breaking,SS-GLA-0565,train,augmented,stretch,2249972214,2.049,16000,1,b03aa59ce521266fbddf2356226baea2891b0f1ecc6014d1566edd3b48dcf96b,augmentation of SS-GLA-0565,CC-BY-4.0
SS-GLA-0565-A2,augmented/glass_breaking/SS-GLA-0565-A2.wav,Glass Breaking,SS-GLA-0565,train,augmented,stretch,1276104774,1.698,16000,1,7b5fe90032e0f7c3df8940c1d0b08d7155c5ec0b7cdb2b662c4d7bbc372022ff,augmentation of SS-GLA-0565,CC-BY-4.0
SS-GLA-0566-A1,augmented/glass_breaking/SS-GLA-0566-A1.wav,Glass Breaking,SS-GLA-0566,train,augmented,pitch,698152787,19.186,16000,1,4ad2ba24c3c60283de850750ec1157b034f95a3583daac8a26ff11968d5930b7,augmentation of SS-GLA-0566,CC-BY-4.0
SS-GLA-0566-A2,augmented/glass_breaking/SS-GLA-0566-A2.wav,Glass Breaking,SS-GLA-0566,train,augmented,reverb,2447067468,19.186,16000,1,d36f8e4f7dccbaca13c5809d6faaba9e0c215283a2706acce309531fa204f44e,augmentation of SS-GLA-0566,CC-BY-4.0
SS-GLA-0569-A1,augmented/glass_breaking/SS-GLA-0569-A1.wav,Glass Breaking,SS-GLA-0569,train,augmented,reverb,2318678996,21.288,16000,1,eaf1650a3d84b33853a7ade86cdd3e3c1524af7a5a66b4450852a4b2e5cb32de,augmentation of SS-GLA-0569,CC-BY-4.0
SS-GLA-0569-A2,augmented/glass_breaking/SS-GLA-0569-A2.wav,Glass Breaking,SS-GLA-0569,train,augmented,device,636685776,21.288,16000,1,70af714f1120264d7725c38b30594132b51da7dd54a96d6e1fcd7b97483ed782,augmentation of SS-GLA-0569,CC-BY-4.0
SS-GLA-0572-A1,augmented/glass_breaking/SS-GLA-0572-A1.wav,Glass Breaking,SS-GLA-0572,train,augmented,shift,3626189693,3.883,16000,1,8a0776205f64078986c392c01056f0d245024f58b6c43130970c7efdb6cd9ab7,augmentation of SS-GLA-0572,CC-BY-4.0
SS-GLA-0572-A2,augmented/glass_breaking/SS-GLA-0572-A2.wav,Glass Breaking,SS-GLA-0572,train,augmented,device,1562652688,3.883,16000,1,78f7dc1e96ca845bddaf6d8caa71f808628faef782c0d39ee03fea7a14934fdd,augmentation of SS-GLA-0572,CC-BY-4.0
SS-GLA-0575-A1,augmented/glass_breaking/SS-GLA-0575-A1.wav,Glass Breaking,SS-GLA-0575,train,augmented,volume,208507087,2.852,16000,1,5288fd482628cc9ac0b9c4f92012032e9f18f5657b29ba1591bbb2fe40487d9d,augmentation of SS-GLA-0575,CC-BY-4.0
SS-GLA-0575-A2,augmented/glass_breaking/SS-GLA-0575-A2.wav,Glass Breaking,SS-GLA-0575,train,augmented,pitch,1009092515,2.852,16000,1,aefee147ae227cf8a79cca0d90604342621866e226b309a174314c6f9ce8f959,augmentation of SS-GLA-0575,CC-BY-4.0
SS-GLA-0576-A1,augmented/glass_breaking/SS-GLA-0576-A1.wav,Glass Breaking,SS-GLA-0576,train,augmented,reverb,540098252,4.958,16000,1,d2cfcc80cf41c2ff91860c63003749520781fd75997d2be09b795b679eb6be2e,augmentation of SS-GLA-0576,CC-BY-4.0
SS-GLA-0576-A2,augmented/glass_breaking/SS-GLA-0576-A2.wav,Glass Breaking,SS-GLA-0576,train,augmented,noise,3852999658,4.958,16000,1,cad352b1f95dfc6e06bae8cf59b3c34596f537db961f17c8b9fb3e9773afc4a7,augmentation of SS-GLA-0576,CC-BY-4.0
SS-GLA-0577-A1,augmented/glass_breaking/SS-GLA-0577-A1.wav,Glass Breaking,SS-GLA-0577,train,augmented,device,3649270776,5.232,16000,1,537abafa370686959f8452e8e1e6a5f5b8c0a8fd14a60b4ae5690680ab5f8c3c,augmentation of SS-GLA-0577,CC-BY-4.0
SS-GLA-0577-A2,augmented/glass_breaking/SS-GLA-0577-A2.wav,Glass Breaking,SS-GLA-0577,train,augmented,shift,4233369813,5.232,16000,1,f02fe7fa551102c6ccb58cba3137c964950570a44d2321cfd61ad7523941c1fb,augmentation of SS-GLA-0577,CC-BY-4.0
SS-GLA-0579-A1,augmented/glass_breaking/SS-GLA-0579-A1.wav,Glass Breaking,SS-GLA-0579,train,augmented,distance,3389323905,5.299,16000,1,0c8909a67caf3cb8e34a7221c84f24354f76e7bd09fa3596e888a39a87cee1fe,augmentation of SS-GLA-0579,CC-BY-4.0
SS-GLA-0579-A2,augmented/glass_breaking/SS-GLA-0579-A2.wav,Glass Breaking,SS-GLA-0579,train,augmented,pitch,3192889371,5.299,16000,1,1ec81765251dece351d6dbcc49654229d56e18fa26a97845f78c3aed67999c42,augmentation of SS-GLA-0579,CC-BY-4.0
SS-GLA-0580-A1,augmented/glass_breaking/SS-GLA-0580-A1.wav,Glass Breaking,SS-GLA-0580,train,augmented,distance,1261598809,4.273,16000,1,ffd3781705184a1fc92423de57ac5d10775e16cc5dd5a135620fd36e5741b8a7,augmentation of SS-GLA-0580,CC-BY-4.0
SS-GLA-0580-A2,augmented/glass_breaking/SS-GLA-0580-A2.wav,Glass Breaking,SS-GLA-0580,train,augmented,distance,1636809017,4.273,16000,1,0d3f5fafa3dce4674e19e5aa7cabeefc2f8f694b30ffd9e91bf0d18f2d784737,augmentation of SS-GLA-0580,CC-BY-4.0
SS-GLA-0581-A1,augmented/glass_breaking/SS-GLA-0581-A1.wav,Glass Breaking,SS-GLA-0581,train,augmented,noise,69456938,3.795,16000,1,639e2a06d43e7de3063fc9ef36e84a5ac5a4af4148fd7c9deba7d611391a0f81,augmentation of SS-GLA-0581,CC-BY-4.0
SS-GLA-0581-A2,augmented/glass_breaking/SS-GLA-0581-A2.wav,Glass Breaking,SS-GLA-0581,train,augmented,shift,2645421517,3.795,16000,1,1bde60746739b89350756f5d651c07682a40bc698d8d71f1034d8b21cc4f43e2,augmentation of SS-GLA-0581,CC-BY-4.0
SS-GLA-0584-A1,augmented/glass_breaking/SS-GLA-0584-A1.wav,Glass Breaking,SS-GLA-0584,train,augmented,distance,3252147321,2.67,16000,1,51f55ab8bfa0e63a151ae12cda04ee2f082f8ecbc52ae193513b581b23e29fb6,augmentation of SS-GLA-0584,CC-BY-4.0
SS-GLA-0584-A2,augmented/glass_breaking/SS-GLA-0584-A2.wav,Glass Breaking,SS-GLA-0584,train,augmented,device,1589795480,2.67,16000,1,3cdf2e1857f01d79ddaa556827a26e1fdaacda0f7c2684724e11b666a2e7f1f6,augmentation of SS-GLA-0584,CC-BY-4.0
SS-GLA-0585-A1,augmented/glass_breaking/SS-GLA-0585-A1.wav,Glass Breaking,SS-GLA-0585,train,augmented,stretch,94962030,1.499,16000,1,08c970020b9afb4dd16cd09beb13f7996fa4376713991a38119077b78521b0ac,augmentation of SS-GLA-0585,CC-BY-4.0
SS-GLA-0585-A2,augmented/glass_breaking/SS-GLA-0585-A2.wav,Glass Breaking,SS-GLA-0585,train,augmented,shift,3237267189,1.564,16000,1,d5322d7874e165716319d0ed6eef98e5c5f544ade1912a8a97fb3ca7bc914b1d,augmentation of SS-GLA-0585,CC-BY-4.0
SS-GLA-0586-A1,augmented/glass_breaking/SS-GLA-0586-A1.wav,Glass Breaking,SS-GLA-0586,train,augmented,device,874824280,6.056,16000,1,9beb5126322453fee1e92dd00df5f2892c78a386185532880c57bb9f97d3f5c4,augmentation of SS-GLA-0586,CC-BY-4.0
SS-GLA-0586-A2,augmented/glass_breaking/SS-GLA-0586-A2.wav,Glass Breaking,SS-GLA-0586,train,augmented,stretch,4179513310,6.167,16000,1,a603dc2d6937cb3966de0e794e27433d1b4801d6601fd924e39a49d1ae260d2f,augmentation of SS-GLA-0586,CC-BY-4.0
SS-GLA-0588-A1,augmented/glass_breaking/SS-GLA-0588-A1.wav,Glass Breaking,SS-GLA-0588,train,augmented,volume,1198522455,3.768,16000,1,91ec1a43a726354351f9554504596ef40971a3cd5464eebd46d298809e02565c,augmentation of SS-GLA-0588,CC-BY-4.0
SS-GLA-0588-A2,augmented/glass_breaking/SS-GLA-0588-A2.wav,Glass Breaking,SS-GLA-0588,train,augmented,device,1420316184,3.768,16000,1,f17500b34edf9a9f10fe78fa15359ed8708749ee2b16fcc966c630c737e50b8f,augmentation of SS-GLA-0588,CC-BY-4.0
SS-GLA-0589-A1,augmented/glass_breaking/SS-GLA-0589-A1.wav,Glass Breaking,SS-GLA-0589,train,augmented,device,4254970664,23.983,16000,1,676f5374de37977cafd7ee14766cbf700fc66d6444be5812c849eb8d59af3e14,augmentation of SS-GLA-0589,CC-BY-4.0
SS-GLA-0589-A2,augmented/glass_breaking/SS-GLA-0589-A2.wav,Glass Breaking,SS-GLA-0589,train,augmented,reverb,4096744492,23.983,16000,1,f0d5cfcec704faee66eb5d7dc958111d93bf3fc84114b09faea836bff771c909,augmentation of SS-GLA-0589,CC-BY-4.0
SS-GLA-0590-A1,augmented/glass_breaking/SS-GLA-0590-A1.wav,Glass Breaking,SS-GLA-0590,train,augmented,stretch,1596741958,4.016,16000,1,cbba36bf5844dfc24eb83fba1dc7da407ba601678c84d202563bb0e0ad5a8bb9,augmentation of SS-GLA-0590,CC-BY-4.0
SS-GLA-0590-A2,augmented/glass_breaking/SS-GLA-0590-A2.wav,Glass Breaking,SS-GLA-0590,train,augmented,distance,3655246849,4.265,16000,1,4fa08f77861b74343fa5dd75706d6f3c7228650654089d72344b999959dc7c66,augmentation of SS-GLA-0590,CC-BY-4.0
SS-GLA-0591-A1,augmented/glass_breaking/SS-GLA-0591-A1.wav,Glass Breaking,SS-GLA-0591,train,augmented,shift,1843379773,1.08,16000,1,74380376e599fe661aa8ddb51ed191256e30cd21f62a923a1677163f72a24c02,augmentation of SS-GLA-0591,CC-BY-4.0
SS-GLA-0591-A2,augmented/glass_breaking/SS-GLA-0591-A2.wav,Glass Breaking,SS-GLA-0591,train,augmented,distance,1842931337,1.08,16000,1,a4d812abb7bbea68419da5c4a5b62362110e28c31f5befc9df4a5fcf07955505,augmentation of SS-GLA-0591,CC-BY-4.0
SS-GLA-0592-A1,augmented/glass_breaking/SS-GLA-0592-A1.wav,Glass Breaking,SS-GLA-0592,train,augmented,volume,1580258287,4.254,16000,1,b2314aa196b2040db35b32e2c6c5ebe5968a7b6eff53ac19d0e734da14998e3c,augmentation of SS-GLA-0592,CC-BY-4.0
SS-GLA-0592-A2,augmented/glass_breaking/SS-GLA-0592-A2.wav,Glass Breaking,SS-GLA-0592,train,augmented,reverb,177320820,4.254,16000,1,dd791d29f51a7fd41773e399e45648d47c76b7d484898de5ed2cdb925c6fecff,augmentation of SS-GLA-0592,CC-BY-4.0
SS-GLA-0593-A1,augmented/glass_breaking/SS-GLA-0593-A1.wav,Glass Breaking,SS-GLA-0593,train,augmented,noise,1132368274,9.984,16000,1,06fb0052c34344eb2f1ee203b51e8a9f79acfc2ae8bf66ab6a77b28ebd864287,augmentation of SS-GLA-0593,CC-BY-4.0
SS-GLA-0593-A2,augmented/glass_breaking/SS-GLA-0593-A2.wav,Glass Breaking,SS-GLA-0593,train,augmented,device,153228056,9.984,16000,1,a249001deed2d94207fed8b0650186200a0f09e157f624a57c0b1a099e250f7c,augmentation of SS-GLA-0593,CC-BY-4.0
SS-GLA-0594-A1,augmented/glass_breaking/SS-GLA-0594-A1.wav,Glass Breaking,SS-GLA-0594,train,augmented,stretch,3797517278,4.224,16000,1,89719a9662093e280be15964c07641c3ce33f08212575fc0683de117478fee1b,augmentation of SS-GLA-0594,CC-BY-4.0
SS-GLA-0594-A2,augmented/glass_breaking/SS-GLA-0594-A2.wav,Glass Breaking,SS-GLA-0594,train,augmented,device,1399868256,3.782,16000,1,9761e443048af40f5f7e986afca61b5e3bcfe39dfcc90ddb3d712e0b121caba1,augmentation of SS-GLA-0594,CC-BY-4.0
SS-GLA-0597-A1,augmented/glass_breaking/SS-GLA-0597-A1.wav,Glass Breaking,SS-GLA-0597,train,augmented,noise,3256449386,20.201,16000,1,b72585345f328968687eb6d6df782d9b274b0df31b40da5b1104b9d035c62449,augmentation of SS-GLA-0597,CC-BY-4.0
SS-GLA-0597-A2,augmented/glass_breaking/SS-GLA-0597-A2.wav,Glass Breaking,SS-GLA-0597,train,augmented,reverb,528018932,20.201,16000,1,956584e0d3dc961eaa13dbf2e9f8f15815374b1c5514909c4e77e574d48fdee6,augmentation of SS-GLA-0597,CC-BY-4.0
SS-GLA-0598-A1,augmented/glass_breaking/SS-GLA-0598-A1.wav,Glass Breaking,SS-GLA-0598,train,augmented,pitch,2710075739,3.868,16000,1,abc553670146c58888dc8a1c41c7fc3070c1b2d8cee0fb7915c4c6164880c616,augmentation of SS-GLA-0598,CC-BY-4.0
SS-GLA-0598-A2,augmented/glass_breaking/SS-GLA-0598-A2.wav,Glass Breaking,SS-GLA-0598,train,augmented,volume,291254759,3.868,16000,1,5b69869fd34fdfdd5976c8858a437a4f35ecd60b41d53c3cdc9a8c6ef0c3ef04,augmentation of SS-GLA-0598,CC-BY-4.0
SS-GLA-0600-A1,augmented/glass_breaking/SS-GLA-0600-A1.wav,Glass Breaking,SS-GLA-0600,train,augmented,stretch,856667982,4.653,16000,1,d1e2927841c1c926d77d9f52150ff3d28b290c7efd5a346fac937be0557ec74b,augmentation of SS-GLA-0600,CC-BY-4.0
SS-GLA-0600-A2,augmented/glass_breaking/SS-GLA-0600-A2.wav,Glass Breaking,SS-GLA-0600,train,augmented,stretch,2811551318,3.769,16000,1,5752377f406a9bcd015ee0a82c27fbbd3cbe6589764a5c8f7935cb6114dfddb8,augmentation of SS-GLA-0600,CC-BY-4.0
SS-GLA-0601-A1,augmented/glass_breaking/SS-GLA-0601-A1.wav,Glass Breaking,SS-GLA-0601,train,augmented,pitch,1085696963,14.0,16000,1,df09f388299f137fba6a674a54be46b146db6d0cb54732ca82b6c17ef89b6186,augmentation of SS-GLA-0601,CC-BY-4.0
SS-GLA-0601-A2,augmented/glass_breaking/SS-GLA-0601-A2.wav,Glass Breaking,SS-GLA-0601,train,augmented,shift,1815654789,14.0,16000,1,258718a0825992162fdd5309325fe4e3f0cc535acc89074bc9dd392883008006,augmentation of SS-GLA-0601,CC-BY-4.0
SS-GLA-0602-A1,augmented/glass_breaking/SS-GLA-0602-A1.wav,Glass Breaking,SS-GLA-0602,train,augmented,pitch,2371809275,4.502,16000,1,a53951e797fc15ac15936c461e11835166f7a0870e423ff25758b3318c389e2c,augmentation of SS-GLA-0602,CC-BY-4.0
SS-GLA-0602-A2,augmented/glass_breaking/SS-GLA-0602-A2.wav,Glass Breaking,SS-GLA-0602,train,augmented,noise,2424798426,4.502,16000,1,912179014e72ef1b81d324ae10e73b0ab7d2d741afac9036f5d1118fd8a318b6,augmentation of SS-GLA-0602,CC-BY-4.0
SS-GLA-0603-A1,augmented/glass_breaking/SS-GLA-0603-A1.wav,Glass Breaking,SS-GLA-0603,train,augmented,volume,2042746031,1.077,16000,1,7dc5f4dcf46ff2674af2b47cc2e763b35f1e5e046155b17033de00ba3d32ef55,augmentation of SS-GLA-0603,CC-BY-4.0
SS-GLA-0603-A2,augmented/glass_breaking/SS-GLA-0603-A2.wav,Glass Breaking,SS-GLA-0603,train,augmented,stretch,2146561542,1.023,16000,1,9428e2ebbde1a88f0d38f35e2fbb497a33c0a66dfaf7a7ea3bd27fa6f6fa2d0b,augmentation of SS-GLA-0603,CC-BY-4.0
SS-GLA-0604-A1,augmented/glass_breaking/SS-GLA-0604-A1.wav,Glass Breaking,SS-GLA-0604,train,augmented,device,1031041656,4.757,16000,1,c68fe3f1278b31b2289fa71de2aefd6abab4f7e84c99785f3e0071430ccc9b89,augmentation of SS-GLA-0604,CC-BY-4.0
SS-GLA-0604-A2,augmented/glass_breaking/SS-GLA-0604-A2.wav,Glass Breaking,SS-GLA-0604,train,augmented,volume,1614693223,4.757,16000,1,db2434d2998351e99475f003dc87e2f9ee01e9324df1fb3d74db3eb2b7dd7885,augmentation of SS-GLA-0604,CC-BY-4.0
SS-GLA-0605-A1,augmented/glass_breaking/SS-GLA-0605-A1.wav,Glass Breaking,SS-GLA-0605,train,augmented,distance,4061561801,3.971,16000,1,7a4d48b85b7144f0097c2e0526b45c7b316d83289951d9d3a046235f4a4a160a,augmentation of SS-GLA-0605,CC-BY-4.0
SS-GLA-0605-A2,augmented/glass_breaking/SS-GLA-0605-A2.wav,Glass Breaking,SS-GLA-0605,train,augmented,distance,1608617769,3.971,16000,1,d0f82ed0697fe1ab0cd169a4175a936be298653e311a513617e0623e14c07731,augmentation of SS-GLA-0605,CC-BY-4.0
SS-GLA-0606-A1,augmented/glass_breaking/SS-GLA-0606-A1.wav,Glass Breaking,SS-GLA-0606,train,augmented,shift,925526461,4.652,16000,1,bca952a521c62f6ca5723df05bb89bdff545372852d190665ee740804cd7e22d,augmentation of SS-GLA-0606,CC-BY-4.0
SS-GLA-0606-A2,augmented/glass_breaking/SS-GLA-0606-A2.wav,Glass Breaking,SS-GLA-0606,train,augmented,shift,2743760373,4.652,16000,1,66b2de3c38d64eddc54daaa32c918b447c5bc8ee6b6f243694b9131c64607c61,augmentation of SS-GLA-0606,CC-BY-4.0
SS-GLA-0607-A1,augmented/glass_breaking/SS-GLA-0607-A1.wav,Glass Breaking,SS-GLA-0607,train,augmented,device,2463971936,4.891,16000,1,50f1379089b3ab29985b38caa8668d7bf7d7f090e94f726bc8bb37fc14f9a93e,augmentation of SS-GLA-0607,CC-BY-4.0
SS-GLA-0607-A2,augmented/glass_breaking/SS-GLA-0607-A2.wav,Glass Breaking,SS-GLA-0607,train,augmented,device,261807816,4.891,16000,1,5882b08c270e30b049a3a9570cc5f380d31c37c720590d8aed71130901786509,augmentation of SS-GLA-0607,CC-BY-4.0
SS-GLA-0608-A1,augmented/glass_breaking/SS-GLA-0608-A1.wav,Glass Breaking,SS-GLA-0608,train,augmented,noise,2390851754,5.274,16000,1,88870866b58ae23c35ccbe157f967fdecb5e042085cc53e8dd76ff08252b12bd,augmentation of SS-GLA-0608,CC-BY-4.0
SS-GLA-0608-A2,augmented/glass_breaking/SS-GLA-0608-A2.wav,Glass Breaking,SS-GLA-0608,train,augmented,reverb,607398484,5.274,16000,1,0459c87a06d79e0c6085cd304238d3992d8da6f6310cf045557c53889638fe69,augmentation of SS-GLA-0608,CC-BY-4.0
SS-GLA-0611-A1,augmented/glass_breaking/SS-GLA-0611-A1.wav,Glass Breaking,SS-GLA-0611,train,augmented,shift,997883573,14.198,16000,1,15bb54d9bdd0674a30e2812e49ac7f7642ff0c5305c5c6abed6d34092e0a795b,augmentation of SS-GLA-0611,CC-BY-4.0
SS-GLA-0611-A2,augmented/glass_breaking/SS-GLA-0611-A2.wav,Glass Breaking,SS-GLA-0611,train,augmented,distance,2227847097,14.198,16000,1,a6633c7aede55b614a5e5db2da1bcea05fb67123ba0234df983f54aad910bf94,augmentation of SS-GLA-0611,CC-BY-4.0
SS-GLA-0612-A1,augmented/glass_breaking/SS-GLA-0612-A1.wav,Glass Breaking,SS-GLA-0612,train,augmented,distance,1071426009,4.481,16000,1,463163141172e6353fe0cc862776a90fb1cc5222db53b7da46c6cb2fab37c20c,augmentation of SS-GLA-0612,CC-BY-4.0
SS-GLA-0612-A2,augmented/glass_breaking/SS-GLA-0612-A2.wav,Glass Breaking,SS-GLA-0612,train,augmented,device,4293592136,4.481,16000,1,1f9d0c609b6b731fb9cbfb311dc91f508649f8a30277ec75cbd0a705c5771976,augmentation of SS-GLA-0612,CC-BY-4.0
SS-GLA-0613-A1,augmented/glass_breaking/SS-GLA-0613-A1.wav,Glass Breaking,SS-GLA-0613,train,augmented,volume,2519772527,18.318,16000,1,48507fb71432932a7ec9235abb7fd480f8012b8e9d01d2e14db5fb2b53c93adb,augmentation of SS-GLA-0613,CC-BY-4.0
SS-GLA-0613-A2,augmented/glass_breaking/SS-GLA-0613-A2.wav,Glass Breaking,SS-GLA-0613,train,augmented,device,2504918312,18.318,16000,1,924b222111999147f4a089e25700f19a913274ab7a59b5f4e791d2b283da57fc,augmentation of SS-GLA-0613,CC-BY-4.0
SS-GLA-0614-A1,augmented/glass_breaking/SS-GLA-0614-A1.wav,Glass Breaking,SS-GLA-0614,train,augmented,pitch,279563699,4.751,16000,1,449263179a9896f7a912fb32bac99d652c828d8d6074eb61cc541ad7684babbf,augmentation of SS-GLA-0614,CC-BY-4.0
SS-GLA-0614-A2,augmented/glass_breaking/SS-GLA-0614-A2.wav,Glass Breaking,SS-GLA-0614,train,augmented,volume,1197778231,4.751,16000,1,9841f9099e84fd6bd7de59e3ea46834d0aa8c661d1c3e992e7d1d2eee44e4be8,augmentation of SS-GLA-0614,CC-BY-4.0
SS-GLA-0615-A1,augmented/glass_breaking/SS-GLA-0615-A1.wav,Glass Breaking,SS-GLA-0615,train,augmented,volume,3065095663,0.913,16000,1,ed0bf026f714dc020289bda8d3fe987d4247a10e30723f4a36a103ebbc69ded6,augmentation of SS-GLA-0615,CC-BY-4.0
SS-GLA-0615-A2,augmented/glass_breaking/SS-GLA-0615-A2.wav,Glass Breaking,SS-GLA-0615,train,augmented,device,1680188824,0.913,16000,1,d89e26d83c5439d5b2b7c3bc47c7e2861b5165ac63fccf05d566197d61e379cf,augmentation of SS-GLA-0615,CC-BY-4.0
SS-GLA-0616-A1,augmented/glass_breaking/SS-GLA-0616-A1.wav,Glass Breaking,SS-GLA-0616,train,augmented,stretch,221682390,5.104,16000,1,e23d1b2faf27c60e85270911154f8ed90d57ff3ba8dd4981ff61ec2fcbd9b05a,augmentation of SS-GLA-0616,CC-BY-4.0
SS-GLA-0616-A2,augmented/glass_breaking/SS-GLA-0616-A2.wav,Glass Breaking,SS-GLA-0616,train,augmented,pitch,3555615147,4.435,16000,1,d2fa65690b02b23ec82770b60a642c0d9419cdc4155e9e0d468fa99ca29372d7,augmentation of SS-GLA-0616,CC-BY-4.0
SS-GLA-0617-A1,augmented/glass_breaking/SS-GLA-0617-A1.wav,Glass Breaking,SS-GLA-0617,train,augmented,reverb,2054212700,12.503,16000,1,7078182979f37df35100fdef86882b3434b2acbae6f018b5ff1773cb2a5e64a1,augmentation of SS-GLA-0617,CC-BY-4.0
SS-GLA-0617-A2,augmented/glass_breaking/SS-GLA-0617-A2.wav,Glass Breaking,SS-GLA-0617,train,augmented,reverb,4110364364,12.503,16000,1,bfd5ab8139ca5bca30c304d4fcf6f0101a670af2fc50ed1ed470fed4d34ab7f5,augmentation of SS-GLA-0617,CC-BY-4.0
SS-GLA-0618-A1,augmented/glass_breaking/SS-GLA-0618-A1.wav,Glass Breaking,SS-GLA-0618,train,augmented,distance,3480413777,4.889,16000,1,fe2bdd0bb297ba401dd43b98af360e679c54628f98b81d8b6976e1d175e8132f,augmentation of SS-GLA-0618,CC-BY-4.0
SS-GLA-0618-A2,augmented/glass_breaking/SS-GLA-0618-A2.wav,Glass Breaking,SS-GLA-0618,train,augmented,stretch,4218660278,4.703,16000,1,8f9d76a667be4c2400dd2b146e69ec0a89bf9ff5972dd2def5f18a44de912181,augmentation of SS-GLA-0618,CC-BY-4.0
SS-GLA-0619-A1,augmented/glass_breaking/SS-GLA-0619-A1.wav,Glass Breaking,SS-GLA-0619,train,augmented,distance,3768574297,2.002,16000,1,324fdfbbe68bd4b505968e709096c5f9862087b004f0562923f6b006473d09a3,augmentation of SS-GLA-0619,CC-BY-4.0
SS-GLA-0619-A2,augmented/glass_breaking/SS-GLA-0619-A2.wav,Glass Breaking,SS-GLA-0619,train,augmented,shift,2259422309,2.002,16000,1,da705c0350cc35b23280960b7a6414e2e6cc4b7f21ff7a4b3b09cbee18aae524,augmentation of SS-GLA-0619,CC-BY-4.0
SS-GLA-0620-A1,augmented/glass_breaking/SS-GLA-0620-A1.wav,Glass Breaking,SS-GLA-0620,train,augmented,pitch,787647531,9.883,16000,1,13815d625fb34bb8529673ee65045b58ffe601e12e7e2a6b70a71631dbd80282,augmentation of SS-GLA-0620,CC-BY-4.0
SS-GLA-0620-A2,augmented/glass_breaking/SS-GLA-0620-A2.wav,Glass Breaking,SS-GLA-0620,train,augmented,pitch,2444134299,9.883,16000,1,8f5ae51f94e331e2c8cfd4449dbfaa6fb7299f0e925c288d4ec8e300f1e7bd13,augmentation of SS-GLA-0620,CC-BY-4.0
SS-GLA-0621-A1,augmented/glass_breaking/SS-GLA-0621-A1.wav,Glass Breaking,SS-GLA-0621,train,augmented,device,1625447816,7.574,16000,1,935d4fe06fc06c20ee48c616f0f242eaefb11da84c647930b6074425a01ed1d5,augmentation of SS-GLA-0621,CC-BY-4.0
SS-GLA-0621-A2,augmented/glass_breaking/SS-GLA-0621-A2.wav,Glass Breaking,SS-GLA-0621,train,augmented,shift,4071407125,7.574,16000,1,3eafcf4897335236002c8f6363bee918401f43f92e59057feb634e00d42e48ab,augmentation of SS-GLA-0621,CC-BY-4.0
SS-GLA-0623-A1,augmented/glass_breaking/SS-GLA-0623-A1.wav,Glass Breaking,SS-GLA-0623,train,augmented,reverb,513534500,6.757,16000,1,e39a1fc5eeb70290b71b051fbb24a430c4e9264f4c4daea6c43d9bfdf7227ce7,augmentation of SS-GLA-0623,CC-BY-4.0
SS-GLA-0623-A2,augmented/glass_breaking/SS-GLA-0623-A2.wav,Glass Breaking,SS-GLA-0623,train,augmented,shift,3188657125,6.757,16000,1,b8751212a5384e4b7544353125a872ef84bc44e1904cabdb5e303be3c2e028d4,augmentation of SS-GLA-0623,CC-BY-4.0
SS-GLA-0624-A1,augmented/glass_breaking/SS-GLA-0624-A1.wav,Glass Breaking,SS-GLA-0624,train,augmented,distance,2401810977,5.39,16000,1,9dc1bec91ddc47ee85dd3d30bec0ef66c67cd644417b4e9ab57051ee9d9ef57a,augmentation of SS-GLA-0624,CC-BY-4.0
SS-GLA-0624-A2,augmented/glass_breaking/SS-GLA-0624-A2.wav,Glass Breaking,SS-GLA-0624,train,augmented,distance,526008673,5.39,16000,1,057626174c19ab4e15d37016df245e90e1351b8326b2d3901cb86e22075d95e8,augmentation of SS-GLA-0624,CC-BY-4.0
SS-GLA-0626-A1,augmented/glass_breaking/SS-GLA-0626-A1.wav,Glass Breaking,SS-GLA-0626,train,augmented,pitch,1045566179,4.977,16000,1,cab884396e6655b7e2e0bde8005e71b8ebd6351a8be8aff00c503d4649855496,augmentation of SS-GLA-0626,CC-BY-4.0
SS-GLA-0626-A2,augmented/glass_breaking/SS-GLA-0626-A2.wav,Glass Breaking,SS-GLA-0626,train,augmented,volume,145733103,4.977,16000,1,fe55c416a8d44bd2c5827a4adff5b56fc765d9ea0f15a9098b66cec04d1ed42d,augmentation of SS-GLA-0626,CC-BY-4.0
SS-GLA-0627-A1,augmented/glass_breaking/SS-GLA-0627-A1.wav,Glass Breaking,SS-GLA-0627,train,augmented,noise,2747341714,14.152,16000,1,c4c6c644d7f65b492e583b999803612deb4f918930f390c6f07251a56af64471,augmentation of SS-GLA-0627,CC-BY-4.0
SS-GLA-0627-A2,augmented/glass_breaking/SS-GLA-0627-A2.wav,Glass Breaking,SS-GLA-0627,train,augmented,pitch,3335052251,14.152,16000,1,8553d77d3385b73b7d350814cab0855469cd56008553564ff6e96a8e905addd5,augmentation of SS-GLA-0627,CC-BY-4.0
SS-GLA-0630-A1,augmented/glass_breaking/SS-GLA-0630-A1.wav,Glass Breaking,SS-GLA-0630,train,augmented,shift,2327237573,7.878,16000,1,c7cd27ae055e9e0f8740a97f9e595cd248f4af5e235bf9b2c09517112dd46734,augmentation of SS-GLA-0630,CC-BY-4.0
SS-GLA-0630-A2,augmented/glass_breaking/SS-GLA-0630-A2.wav,Glass Breaking,SS-GLA-0630,train,augmented,device,2030105952,7.878,16000,1,62c7699e17c490d42cc024a7715c47dbd3f46ff56ac9c0853e05213d95c7116c,augmentation of SS-GLA-0630,CC-BY-4.0
SS-GLA-0631-A1,augmented/glass_breaking/SS-GLA-0631-A1.wav,Glass Breaking,SS-GLA-0631,train,augmented,noise,3159439066,0.665,16000,1,6febbd57b3742fedf92f29365e3d1734aaccb7d408719845a66ec60f61921cbf,augmentation of SS-GLA-0631,CC-BY-4.0
SS-GLA-0631-A2,augmented/glass_breaking/SS-GLA-0631-A2.wav,Glass Breaking,SS-GLA-0631,train,augmented,pitch,1907735547,0.665,16000,1,f41e742229486a13c182a4a9c7242d17b630988be14efeba34cc2b1dbbbb4690,augmentation of SS-GLA-0631,CC-BY-4.0
SS-GLA-0632-A1,augmented/glass_breaking/SS-GLA-0632-A1.wav,Glass Breaking,SS-GLA-0632,train,augmented,device,1284968464,2.823,16000,1,b7cbb252b41c857276181ed940be7820d0e4b770ce05f8bc8f6bb769eea57112,augmentation of SS-GLA-0632,CC-BY-4.0
SS-GLA-0632-A2,augmented/glass_breaking/SS-GLA-0632-A2.wav,Glass Breaking,SS-GLA-0632,train,augmented,volume,1743622879,2.823,16000,1,7a745494750a343b3302bee8b1cd332f815a30f8c585b5531d75a02f3aa9d388,augmentation of SS-GLA-0632,CC-BY-4.0
SS-GLA-0634-A1,augmented/glass_breaking/SS-GLA-0634-A1.wav,Glass Breaking,SS-GLA-0634,train,augmented,stretch,3474701166,17.295,16000,1,32516a3aaccb1575dd0643b691aefdbfe2e00a880bde53683d605036e7844df4,augmentation of SS-GLA-0634,CC-BY-4.0
SS-GLA-0634-A2,augmented/glass_breaking/SS-GLA-0634-A2.wav,Glass Breaking,SS-GLA-0634,train,augmented,reverb,2883681732,16.872,16000,1,772c653d3e7075175393e139e6035ad2a6b9d54a7ce877a4787a16bd0ff676d9,augmentation of SS-GLA-0634,CC-BY-4.0
SS-GLA-0635-A1,augmented/glass_breaking/SS-GLA-0635-A1.wav,Glass Breaking,SS-GLA-0635,train,augmented,reverb,2988658284,9.054,16000,1,d184ce70e851f81c95a5f60b4add8828a81e5f916e8c932df7234e2f01504cce,augmentation of SS-GLA-0635,CC-BY-4.0
SS-GLA-0635-A2,augmented/glass_breaking/SS-GLA-0635-A2.wav,Glass Breaking,SS-GLA-0635,train,augmented,device,3612626096,9.054,16000,1,a5f932af39b59a0ec94dac1749135bcbe7ce256e23383a8fee722dfaec6ec04e,augmentation of SS-GLA-0635,CC-BY-4.0
SS-GLA-0636-A1,augmented/glass_breaking/SS-GLA-0636-A1.wav,Glass Breaking,SS-GLA-0636,train,augmented,shift,3700465029,2.402,16000,1,d8b834a8b6105317a71cbd92b4d6067873ed3b2174a4cfdf439c47eb1b2fbc73,augmentation of SS-GLA-0636,CC-BY-4.0
SS-GLA-0636-A2,augmented/glass_breaking/SS-GLA-0636-A2.wav,Glass Breaking,SS-GLA-0636,train,augmented,volume,1665748919,2.402,16000,1,9ff43f19edc21018d9f2ca724e849b001c4820fb3a849365e638a7dd3bacc377,augmentation of SS-GLA-0636,CC-BY-4.0
SS-GLA-0637-A1,augmented/glass_breaking/SS-GLA-0637-A1.wav,Glass Breaking,SS-GLA-0637,train,augmented,volume,1798596431,0.88,16000,1,099e4087c2a6c3fe079e4ad0ec2c73cdfb58bab9ed4a3c3b839546d71ceeac8b,augmentation of SS-GLA-0637,CC-BY-4.0
SS-GLA-0637-A2,augmented/glass_breaking/SS-GLA-0637-A2.wav,Glass Breaking,SS-GLA-0637,train,augmented,stretch,1754701966,0.873,16000,1,f3c12986db8374b5f17b8cf831967f4c83d59fc9e727604132840b5cf736a04c,augmentation of SS-GLA-0637,CC-BY-4.0
SS-GLA-0638-A1,augmented/glass_breaking/SS-GLA-0638-A1.wav,Glass Breaking,SS-GLA-0638,train,augmented,shift,4010759965,20.405,16000,1,0fe7a1dad329a05fa0e8cdb53ef72d58495f5bbf528c8a0eb43f26688b9290ae,augmentation of SS-GLA-0638,CC-BY-4.0
SS-GLA-0638-A2,augmented/glass_breaking/SS-GLA-0638-A2.wav,Glass Breaking,SS-GLA-0638,train,augmented,reverb,3169276,20.405,16000,1,8c2ddb7ff4c80a03bf637cdc82f8ea731011e306d0376b43f15b57da80b80a0d,augmentation of SS-GLA-0638,CC-BY-4.0
SS-GLA-0639-A1,augmented/glass_breaking/SS-GLA-0639-A1.wav,Glass Breaking,SS-GLA-0639,train,augmented,volume,2505849255,3.402,16000,1,82e144ba05e8dfeef1d9428faca0f63b516ca6356467216ac1c2494139495d69,augmentation of SS-GLA-0639,CC-BY-4.0
SS-GLA-0639-A2,augmented/glass_breaking/SS-GLA-0639-A2.wav,Glass Breaking,SS-GLA-0639,train,augmented,device,3119155168,3.402,16000,1,5e6f302a2248002348c1aff149059500b683e6ac2551b62a9f2afecd480630ac,augmentation of SS-GLA-0639,CC-BY-4.0
SS-GLA-0640-A1,augmented/glass_breaking/SS-GLA-0640-A1.wav,Glass Breaking,SS-GLA-0640,train,augmented,device,3913875104,2.27,16000,1,d82499a6179e9358e36d8e84c3d046fa860dde312264df83109b5d44d1818e1a,augmentation of SS-GLA-0640,CC-BY-4.0
SS-GLA-0640-A2,augmented/glass_breaking/SS-GLA-0640-A2.wav,Glass Breaking,SS-GLA-0640,train,augmented,volume,1268823047,2.27,16000,1,7abb067a58db37d5650ecf5d3f21965028dd59264ceef3a672468b555a59ee6a,augmentation of SS-GLA-0640,CC-BY-4.0
SS-GLA-0642-A1,augmented/glass_breaking/SS-GLA-0642-A1.wav,Glass Breaking,SS-GLA-0642,train,augmented,reverb,2699632148,11.785,16000,1,ceb6584e32d87f9d97ebb44a20b7320dd213c805ffc5e095ee3734a8504aa2a1,augmentation of SS-GLA-0642,CC-BY-4.0
SS-GLA-0642-A2,augmented/glass_breaking/SS-GLA-0642-A2.wav,Glass Breaking,SS-GLA-0642,train,augmented,device,1607894936,11.785,16000,1,d654e695d97b8d92b2134a72f7cace99d20e6947a21ce1e692f4050a9d2e9012,augmentation of SS-GLA-0642,CC-BY-4.0
SS-GLA-0643-A1,augmented/glass_breaking/SS-GLA-0643-A1.wav,Glass Breaking,SS-GLA-0643,train,augmented,device,32424808,4.105,16000,1,67e4c6274d417a88a940d5613521fc12952843c05d0c1a4cbe3a7cf37fbff753,augmentation of SS-GLA-0643,CC-BY-4.0
SS-GLA-0643-A2,augmented/glass_breaking/SS-GLA-0643-A2.wav,Glass Breaking,SS-GLA-0643,train,augmented,volume,57017127,4.105,16000,1,1f4af9b695f373eef7aee04222a854cc566257751309a529e105b476cb5dce9f,augmentation of SS-GLA-0643,CC-BY-4.0
SS-GLA-0644-A1,augmented/glass_breaking/SS-GLA-0644-A1.wav,Glass Breaking,SS-GLA-0644,train,augmented,stretch,4019682038,6.805,16000,1,91fe92b578e5f2f36c6641ba7e974af1cabade213a7db7d872064318f717eeeb,augmentation of SS-GLA-0644,CC-BY-4.0
SS-GLA-0644-A2,augmented/glass_breaking/SS-GLA-0644-A2.wav,Glass Breaking,SS-GLA-0644,train,augmented,reverb,2799672676,7.428,16000,1,c55d005fa401808c9842cdd8303df3d7944251b8794e2fb90631a3792fb57730,augmentation of SS-GLA-0644,CC-BY-4.0
SS-GLA-0645-A1,augmented/glass_breaking/SS-GLA-0645-A1.wav,Glass Breaking,SS-GLA-0645,train,augmented,distance,1624489489,1.036,16000,1,35a5c60f0578fcd902d4302449bfda1e0c8028fecc10bb46a73dc27524ceaa8a,augmentation of SS-GLA-0645,CC-BY-4.0
SS-GLA-0645-A2,augmented/glass_breaking/SS-GLA-0645-A2.wav,Glass Breaking,SS-GLA-0645,train,augmented,pitch,2359588875,1.036,16000,1,771723063d0cb30fea0f7d6b1fc7fd175f887e6ae97e63d6e7bfa79a2e050cc5,augmentation of SS-GLA-0645,CC-BY-4.0
SS-GLA-0646-A1,augmented/glass_breaking/SS-GLA-0646-A1.wav,Glass Breaking,SS-GLA-0646,train,augmented,volume,911821815,0.981,16000,1,75b6476529e47e55bd3eda6d59a42817f0a9628d3a8590b02e51680ea15f20f9,augmentation of SS-GLA-0646,CC-BY-4.0
SS-GLA-0646-A2,augmented/glass_breaking/SS-GLA-0646-A2.wav,Glass Breaking,SS-GLA-0646,train,augmented,distance,990053089,0.981,16000,1,2b057579e033bbff0ae82cc47232172987c890b9a8be4e468e5820e9feb444a6,augmentation of SS-GLA-0646,CC-BY-4.0
SS-GLA-0650-A1,augmented/glass_breaking/SS-GLA-0650-A1.wav,Glass Breaking,SS-GLA-0650,train,augmented,noise,696239570,0.743,16000,1,e48985a9afa576691f2a8552c73ff44e17d9626828bee59405b838dda767fa30,augmentation of SS-GLA-0650,CC-BY-4.0
SS-GLA-0650-A2,augmented/glass_breaking/SS-GLA-0650-A2.wav,Glass Breaking,SS-GLA-0650,train,augmented,pitch,2070562595,0.743,16000,1,02fd6071303ab5d6e20f79d82dc28768104687735652cba7403887dc6ca5e9ca,augmentation of SS-GLA-0650,CC-BY-4.0
SS-GLA-0651-A1,augmented/glass_breaking/SS-GLA-0651-A1.wav,Glass Breaking,SS-GLA-0651,train,augmented,distance,243505257,29.0,16000,1,d1f81c6139fe738cd30b52ace5c661e36d5f21cfa3d11b3f94418792883ce984,augmentation of SS-GLA-0651,CC-BY-4.0
SS-GLA-0651-A2,augmented/glass_breaking/SS-GLA-0651-A2.wav,Glass Breaking,SS-GLA-0651,train,augmented,distance,1811882593,29.0,16000,1,d9067c4d9f3d858384cd870799b9377901733dca645bbe654bd2ee0132ced884,augmentation of SS-GLA-0651,CC-BY-4.0
SS-GLA-0652-A1,augmented/glass_breaking/SS-GLA-0652-A1.wav,Glass Breaking,SS-GLA-0652,train,augmented,device,2460401736,3.03,16000,1,c0498ebf30bd7286e24811cff38a0882ff1b1588dc160664e30995764f93ae5c,augmentation of SS-GLA-0652,CC-BY-4.0
SS-GLA-0652-A2,augmented/glass_breaking/SS-GLA-0652-A2.wav,Glass Breaking,SS-GLA-0652,train,augmented,stretch,1929308550,3.458,16000,1,0e3a4db08b63d240f9ed63dfa40ee429e32e17adcc1aeb3ec2720ed53fb200aa,augmentation of SS-GLA-0652,CC-BY-4.0
SS-GLA-0653-A1,augmented/glass_breaking/SS-GLA-0653-A1.wav,Glass Breaking,SS-GLA-0653,train,augmented,noise,1635888274,14.55,16000,1,6f7d2554f61e5123b4640aa8eaea39580844206c1fa231cf633c6030c3bae419,augmentation of SS-GLA-0653,CC-BY-4.0
SS-GLA-0653-A2,augmented/glass_breaking/SS-GLA-0653-A2.wav,Glass Breaking,SS-GLA-0653,train,augmented,reverb,3710877236,14.55,16000,1,9368c9192956db4300ddbc05b355f88edb9f9129e288870502419e868338c41b,augmentation of SS-GLA-0653,CC-BY-4.0
SS-GLA-0654-A1,augmented/glass_breaking/SS-GLA-0654-A1.wav,Glass Breaking,SS-GLA-0654,train,augmented,pitch,3426920755,22.965,16000,1,c819d4e5cf1c51ce10e5bbf99f83c59d9c64e21cd32994832c613a372f913219,augmentation of SS-GLA-0654,CC-BY-4.0
SS-GLA-0654-A2,augmented/glass_breaking/SS-GLA-0654-A2.wav,Glass Breaking,SS-GLA-0654,train,augmented,reverb,2324269132,22.965,16000,1,1c355a4f7e41b0f715784997c1c0c96a006520aa8944e67056d51fab19ae9587,augmentation of SS-GLA-0654,CC-BY-4.0
SS-GLA-0657-A1,augmented/glass_breaking/SS-GLA-0657-A1.wav,Glass Breaking,SS-GLA-0657,train,augmented,distance,1474036729,3.635,16000,1,2e9dd213bde38b894bb41af67dee0b9041fa0a4882f18de53832be709d024d6d,augmentation of SS-GLA-0657,CC-BY-4.0
SS-GLA-0657-A2,augmented/glass_breaking/SS-GLA-0657-A2.wav,Glass Breaking,SS-GLA-0657,train,augmented,device,3306039248,3.635,16000,1,597df9976fcbedf561753839ea837d64f15302045f69e5f7c79d09f8ea2e8803,augmentation of SS-GLA-0657,CC-BY-4.0
SS-GLA-0658-A1,augmented/glass_breaking/SS-GLA-0658-A1.wav,Glass Breaking,SS-GLA-0658,train,augmented,volume,3080705119,1.561,16000,1,a7cc519e2ed0310aed17f5039d493b2baa7d20badfe1f56957b39bb1117b0835,augmentation of SS-GLA-0658,CC-BY-4.0
SS-GLA-0658-A2,augmented/glass_breaking/SS-GLA-0658-A2.wav,Glass Breaking,SS-GLA-0658,train,augmented,stretch,3191561854,1.621,16000,1,d9d8f673518cd91c543feca77c8ff5635a551f41b8f8c95435669cd5cf518bfe,augmentation of SS-GLA-0658,CC-BY-4.0
SS-GLA-0660-A1,augmented/glass_breaking/SS-GLA-0660-A1.wav,Glass Breaking,SS-GLA-0660,train,augmented,stretch,2626483694,1.841,16000,1,b13ff7950b9bb190c77ee99af8897dc4246d8c2739551cf9e683c1c662f45767,augmentation of SS-GLA-0660,CC-BY-4.0
SS-GLA-0660-A2,augmented/glass_breaking/SS-GLA-0660-A2.wav,Glass Breaking,SS-GLA-0660,train,augmented,shift,2262879629,1.7,16000,1,3cf3ef55b4c8e9353f424c47b85bc16a61ec31540e89348bf303a315eb8eeef3,augmentation of SS-GLA-0660,CC-BY-4.0
SS-GLA-0661-A1,augmented/glass_breaking/SS-GLA-0661-A1.wav,Glass Breaking,SS-GLA-0661,train,augmented,volume,1259241935,1.702,16000,1,a3dceb91fffaa02b818cb761b333f9c0830e80741161c6fa364b942b83e720e3,augmentation of SS-GLA-0661,CC-BY-4.0
SS-GLA-0661-A2,augmented/glass_breaking/SS-GLA-0661-A2.wav,Glass Breaking,SS-GLA-0661,train,augmented,stretch,412464630,1.653,16000,1,5fa88fd08ff0a6bc5b9334dda946d5c2f577ade3ec501bca993f393033a392e3,augmentation of SS-GLA-0661,CC-BY-4.0
SS-GLA-0662-A1,augmented/glass_breaking/SS-GLA-0662-A1.wav,Glass Breaking,SS-GLA-0662,train,augmented,distance,1086115073,0.75,16000,1,58ce67009dec862526db8465729661e145f188b6392a49df2b42a4e04c4a899e,augmentation of SS-GLA-0662,CC-BY-4.0
SS-GLA-0662-A2,augmented/glass_breaking/SS-GLA-0662-A2.wav,Glass Breaking,SS-GLA-0662,train,augmented,distance,3462284193,0.75,16000,1,2c73aff2042ade2a52240e31d3f5f1f7b2317ac6ec9611626c135296b71f64b6,augmentation of SS-GLA-0662,CC-BY-4.0
SS-GLA-0663-A1,augmented/glass_breaking/SS-GLA-0663-A1.wav,Glass Breaking,SS-GLA-0663,train,augmented,noise,531219258,3.901,16000,1,dc1fc8e60d19e0e09ab260df7a3a07879dbc4407ddc7a82989383e6058b04f5c,augmentation of SS-GLA-0663,CC-BY-4.0
SS-GLA-0663-A2,augmented/glass_breaking/SS-GLA-0663-A2.wav,Glass Breaking,SS-GLA-0663,train,augmented,noise,108159786,3.901,16000,1,d8f32053773eab601440d71e66dd58136b42634b5fa11a2f6dd94d7c7b71fac8,augmentation of SS-GLA-0663,CC-BY-4.0
SS-GLA-0666-A1,augmented/glass_breaking/SS-GLA-0666-A1.wav,Glass Breaking,SS-GLA-0666,train,augmented,pitch,1504304595,7.636,16000,1,aa8602f4a19589e452980998bcec1863d12d2ebbeb3da80c6045428954c74bd9,augmentation of SS-GLA-0666,CC-BY-4.0
SS-GLA-0666-A2,augmented/glass_breaking/SS-GLA-0666-A2.wav,Glass Breaking,SS-GLA-0666,train,augmented,pitch,268235283,7.636,16000,1,bd6e532eca6ddbb623eb86656adcb9626bab18376da506cbb4e323055d56a569,augmentation of SS-GLA-0666,CC-BY-4.0
SS-GLA-0667-A1,augmented/glass_breaking/SS-GLA-0667-A1.wav,Glass Breaking,SS-GLA-0667,train,augmented,pitch,2496274275,1.602,16000,1,8a6402d2609f33b73be1856feb100c9523a8f99cfdbf264c58363687b3a5b5ff,augmentation of SS-GLA-0667,CC-BY-4.0
SS-GLA-0667-A2,augmented/glass_breaking/SS-GLA-0667-A2.wav,Glass Breaking,SS-GLA-0667,train,augmented,pitch,862707603,1.602,16000,1,773346ffaaefe0bc3c07c9b769d3da20bc2035670d307c51bf8ac4bf6ccf26cd,augmentation of SS-GLA-0667,CC-BY-4.0
SS-GUN-0001-A1,augmented/gunshot/SS-GUN-0001-A1.wav,Gunshot,SS-GUN-0001,train,augmented,volume,3274082391,9.757,16000,1,da7c8d9a0bd06be3228b6607401317b878a5d2a9574f8d878d5dfe3f8b6abd7b,augmentation of SS-GUN-0001,CC-BY-3.0
SS-GUN-0001-A2,augmented/gunshot/SS-GUN-0001-A2.wav,Gunshot,SS-GUN-0001,train,augmented,device,139132336,9.757,16000,1,066430fe1ea6de7ad6ada6f94f95e02250158d50bcd965a53d40741b5b6c675d,augmentation of SS-GUN-0001,CC-BY-3.0
SS-GUN-0002-A1,augmented/gunshot/SS-GUN-0002-A1.wav,Gunshot,SS-GUN-0002,train,augmented,noise,1109488802,12.085,16000,1,fb0dde5ebdc82e9dbc227479d0d68a9a454b05bb29c2dcf9001b36843a217a48,augmentation of SS-GUN-0002,CC-BY-3.0
SS-GUN-0002-A2,augmented/gunshot/SS-GUN-0002-A2.wav,Gunshot,SS-GUN-0002,train,augmented,pitch,754466955,12.085,16000,1,bde131dfdb5821d3b70fb0573a93f854a931377b61903fd87b5f15b9561d5ff0,augmentation of SS-GUN-0002,CC-BY-3.0
SS-GUN-0003-A1,augmented/gunshot/SS-GUN-0003-A1.wav,Gunshot,SS-GUN-0003,train,augmented,stretch,2893291982,2.842,16000,1,c02c91e14e4198c979a7922175efd5ada2c94682024dd224494496a035e18b6b,augmentation of SS-GUN-0003,CC0-1.0
SS-GUN-0003-A2,augmented/gunshot/SS-GUN-0003-A2.wav,Gunshot,SS-GUN-0003,train,augmented,reverb,940608964,2.601,16000,1,a5f112095863172f7c9ba591f178e26c39387057935835c7104bb6e4f423485a,augmentation of SS-GUN-0003,CC0-1.0
SS-GUN-0004-A1,augmented/gunshot/SS-GUN-0004-A1.wav,Gunshot,SS-GUN-0004,train,augmented,pitch,544856643,1.288,16000,1,94e56e6b9f4778a748495e280f2b98c71617c8329e7b34838e67eec301d9ed7c,augmentation of SS-GUN-0004,CC0-1.0
SS-GUN-0004-A2,augmented/gunshot/SS-GUN-0004-A2.wav,Gunshot,SS-GUN-0004,train,augmented,shift,3936088093,1.288,16000,1,b17d83b0c6a2b4c0cf074b71a91ee3cf4ef6dce275a284ac3d3dda9b0b43c383,augmentation of SS-GUN-0004,CC0-1.0
SS-GUN-0005-A1,augmented/gunshot/SS-GUN-0005-A1.wav,Gunshot,SS-GUN-0005,train,augmented,shift,1184513869,1.018,16000,1,07193200915e0785eb7ea92c6f7b15d888dfde4fac2030c754c1f57c1361649f,augmentation of SS-GUN-0005,CC0-1.0
SS-GUN-0005-A2,augmented/gunshot/SS-GUN-0005-A2.wav,Gunshot,SS-GUN-0005,train,augmented,noise,649356778,1.018,16000,1,5ef2a5bbe6496d762e083b95d18daf4f91c08aa738ad74338ec4f694d42ae0e5,augmentation of SS-GUN-0005,CC0-1.0
SS-GUN-0006-A1,augmented/gunshot/SS-GUN-0006-A1.wav,Gunshot,SS-GUN-0006,train,augmented,reverb,1430529004,5.921,16000,1,458637949e9232b175d11f71214d6740a3906d8634800b801e0e6b7fe6530f09,augmentation of SS-GUN-0006,CC-BY-3.0
SS-GUN-0006-A2,augmented/gunshot/SS-GUN-0006-A2.wav,Gunshot,SS-GUN-0006,train,augmented,stretch,2844201150,6.812,16000,1,6ff7d3a56f4170f54c927060b554ce29af496d5fc8d84c7a7a095b5babbde47d,augmentation of SS-GUN-0006,CC-BY-3.0
SS-GUN-0007-A1,augmented/gunshot/SS-GUN-0007-A1.wav,Gunshot,SS-GUN-0007,train,augmented,distance,1413479737,1.531,16000,1,132132d630ab1dcdc0bc5623cda2f3d4b73e87a8d7582cbfe84ec7c15e78e728,augmentation of SS-GUN-0007,CC0-1.0
SS-GUN-0007-A2,augmented/gunshot/SS-GUN-0007-A2.wav,Gunshot,SS-GUN-0007,train,augmented,distance,4097759449,1.531,16000,1,ead23f17396868f6ba0ac96392cc4a49e70defa49862bca76faab8dd900f32e9,augmentation of SS-GUN-0007,CC0-1.0
SS-GUN-0008-A1,augmented/gunshot/SS-GUN-0008-A1.wav,Gunshot,SS-GUN-0008,train,augmented,volume,3697439343,1.872,16000,1,c75aaf1a72ea1497bbabdfa5b2948151453e6c8c45509b2863f850e8614e851c,augmentation of SS-GUN-0008,CC0-1.0
SS-GUN-0008-A2,augmented/gunshot/SS-GUN-0008-A2.wav,Gunshot,SS-GUN-0008,train,augmented,reverb,3187372196,1.872,16000,1,b150c0c6f11a61815f5c14b09612dd1d3a516bcd70b7b9ab115a6b0d9c87bd5f,augmentation of SS-GUN-0008,CC0-1.0
SS-GUN-0009-A1,augmented/gunshot/SS-GUN-0009-A1.wav,Gunshot,SS-GUN-0009,train,augmented,device,2198956352,10.182,16000,1,5162beebebdd4219f44d9c5f779c8873d9bfb7f66a259bd9164d23fff447f9aa,augmentation of SS-GUN-0009,CC0-1.0
SS-GUN-0009-A2,augmented/gunshot/SS-GUN-0009-A2.wav,Gunshot,SS-GUN-0009,train,augmented,distance,3281074873,10.182,16000,1,3fc091bb55919955851a826b0606eb53c922c0c98868f10db1ea27ba7b2d830e,augmentation of SS-GUN-0009,CC0-1.0
SS-GUN-0011-A1,augmented/gunshot/SS-GUN-0011-A1.wav,Gunshot,SS-GUN-0011,train,augmented,shift,145184093,3.268,16000,1,a40b9e7cc33d4e2ccbfd9f50bb99003e019d45f5de6c6a771a5ebc0b665bf6ab,augmentation of SS-GUN-0011,CC0-1.0
SS-GUN-0011-A2,augmented/gunshot/SS-GUN-0011-A2.wav,Gunshot,SS-GUN-0011,train,augmented,pitch,1293088643,3.268,16000,1,9c71d468baba239840d5aedfd1c5b18c0843cae1aa74078e76a78e9f1a50e089,augmentation of SS-GUN-0011,CC0-1.0
SS-GUN-0014-A1,augmented/gunshot/SS-GUN-0014-A1.wav,Gunshot,SS-GUN-0014,train,augmented,volume,3152043999,3.394,16000,1,ac67f27584b6709fb8146d3f3032922a0cf3ebbe18cce62dc6de968334b642e1,augmentation of SS-GUN-0014,CC0-1.0
SS-GUN-0014-A2,augmented/gunshot/SS-GUN-0014-A2.wav,Gunshot,SS-GUN-0014,train,augmented,reverb,3238519356,3.394,16000,1,3ea07606d7dc5f7cc0a01ea0857a4973a3e63f521316c59166f6130f404857fd,augmentation of SS-GUN-0014,CC0-1.0
SS-GUN-0017-A1,augmented/gunshot/SS-GUN-0017-A1.wav,Gunshot,SS-GUN-0017,train,augmented,device,3643379816,7.537,16000,1,da9f52b71670690f647f578e56324a73dc84d3c48675e5b73dca940ed723f7c0,augmentation of SS-GUN-0017,CC0-1.0
SS-GUN-0017-A2,augmented/gunshot/SS-GUN-0017-A2.wav,Gunshot,SS-GUN-0017,train,augmented,stretch,929902606,7.034,16000,1,b267ac39b616d7ac7340f962e396a620be373edd8fb77ce42a6f4437f5fdc41c,augmentation of SS-GUN-0017,CC0-1.0
SS-GUN-0021-A1,augmented/gunshot/SS-GUN-0021-A1.wav,Gunshot,SS-GUN-0021,train,augmented,shift,2357397125,15.233,16000,1,9d9e5c2d03d882a77c1cc57aaa50d9f4ea13476596de46fc6389319affd7a0dc,augmentation of SS-GUN-0021,CC0-1.0
SS-GUN-0021-A2,augmented/gunshot/SS-GUN-0021-A2.wav,Gunshot,SS-GUN-0021,train,augmented,device,2005635496,15.233,16000,1,c0a4f4e02b96456acb2b3a97a0ddab619fe4247f417d001653a36e4e4b722bb9,augmentation of SS-GUN-0021,CC0-1.0
SS-GUN-0022-A1,augmented/gunshot/SS-GUN-0022-A1.wav,Gunshot,SS-GUN-0022,train,augmented,distance,2412152737,2.473,16000,1,fbba35dcef97e7251edcaf5e7b725e1fa668fc422e1559b36953aad545e4ade1,augmentation of SS-GUN-0022,CC-BY-3.0
SS-GUN-0022-A2,augmented/gunshot/SS-GUN-0022-A2.wav,Gunshot,SS-GUN-0022,train,augmented,reverb,2442277036,2.473,16000,1,08fe515b53645718285d2c9ee1c504ad41a3515972356ab57f2b3b0b9eac07b1,augmentation of SS-GUN-0022,CC-BY-3.0
SS-GUN-0024-A1,augmented/gunshot/SS-GUN-0024-A1.wav,Gunshot,SS-GUN-0024,train,augmented,pitch,1478083515,2.795,16000,1,0ca1eca4cd90aced7e5a1fdfadc6764215da75359ed10786e2b1d7cf6b56a904,augmentation of SS-GUN-0024,CC0-1.0
SS-GUN-0024-A2,augmented/gunshot/SS-GUN-0024-A2.wav,Gunshot,SS-GUN-0024,train,augmented,shift,1821323669,2.795,16000,1,cd4e5655471342589a4e698b8485eedd3dd6a610cef5af9b38ae8389de5693d9,augmentation of SS-GUN-0024,CC0-1.0
SS-GUN-0025-A1,augmented/gunshot/SS-GUN-0025-A1.wav,Gunshot,SS-GUN-0025,train,augmented,stretch,3705977870,5.122,16000,1,041617ea5ff46d34f7b58fdc0072f50eb367293fa4d1369da6d9ddd9bcaa3de3,augmentation of SS-GUN-0025,CC0-1.0
SS-GUN-0025-A2,augmented/gunshot/SS-GUN-0025-A2.wav,Gunshot,SS-GUN-0025,train,augmented,reverb,2902529468,5.602,16000,1,2be5a0defcce97c1f967570a8967539e69aeb2a28a5fb414c9cffdd4da0c7cf5,augmentation of SS-GUN-0025,CC0-1.0
SS-GUN-0026-A1,augmented/gunshot/SS-GUN-0026-A1.wav,Gunshot,SS-GUN-0026,train,augmented,volume,2001544047,0.538,16000,1,7cc2381ccf9e3d118cc828f49054b4f00cb05aad07e0d3c4a493a015921edd48,augmentation of SS-GUN-0026,CC-BY-3.0
SS-GUN-0026-A2,augmented/gunshot/SS-GUN-0026-A2.wav,Gunshot,SS-GUN-0026,train,augmented,noise,2515825890,0.538,16000,1,15f802112079eb9030224b6a9ed4057c1faf2564335ccb12efb7aa8b10ea282e,augmentation of SS-GUN-0026,CC-BY-3.0
SS-GUN-0027-A1,augmented/gunshot/SS-GUN-0027-A1.wav,Gunshot,SS-GUN-0027,train,augmented,pitch,3752374411,2.561,16000,1,cce570cd7fa2979fc10da1b0841ccb80adaa732a2d58d74f6b997604f1bd3315,augmentation of SS-GUN-0027,CC0-1.0
SS-GUN-0027-A2,augmented/gunshot/SS-GUN-0027-A2.wav,Gunshot,SS-GUN-0027,train,augmented,reverb,2571705356,2.561,16000,1,e73afc4cdc2654d94fb43fa5422884d6c3d9dd641de17697abd03ce60e06fa54,augmentation of SS-GUN-0027,CC0-1.0
SS-GUN-0029-A1,augmented/gunshot/SS-GUN-0029-A1.wav,Gunshot,SS-GUN-0029,train,augmented,reverb,1094537364,15.209,16000,1,fadf11b1aad2533be5987801bfab259c36d39892e5124574bedd17511d3d2c6f,augmentation of SS-GUN-0029,CC0-1.0
SS-GUN-0029-A2,augmented/gunshot/SS-GUN-0029-A2.wav,Gunshot,SS-GUN-0029,train,augmented,reverb,2234408788,15.209,16000,1,f7ef61e46c7fe702fc70acd42e01415650f01426974e858975e01862a5f91d0b,augmentation of SS-GUN-0029,CC0-1.0
SS-GUN-0030-A1,augmented/gunshot/SS-GUN-0030-A1.wav,Gunshot,SS-GUN-0030,train,augmented,noise,3308905722,5.278,16000,1,d69a50514833b525976522a97343b48821f8566e10c303a0645c11b3de806e48,augmentation of SS-GUN-0030,CC0-1.0
SS-GUN-0030-A2,augmented/gunshot/SS-GUN-0030-A2.wav,Gunshot,SS-GUN-0030,train,augmented,reverb,3798754380,5.278,16000,1,8e4394de833f9c9b5c79081293dce7223f1b4d955b8e9ad6617c57a71a6e6661,augmentation of SS-GUN-0030,CC0-1.0
SS-GUN-0031-A1,augmented/gunshot/SS-GUN-0031-A1.wav,Gunshot,SS-GUN-0031,train,augmented,device,2584193512,6.484,16000,1,76d83a2ca19040312e803e3aba08179f2591349e69bdd730142a231931797124,augmentation of SS-GUN-0031,CC-BY-3.0
SS-GUN-0031-A2,augmented/gunshot/SS-GUN-0031-A2.wav,Gunshot,SS-GUN-0031,train,augmented,pitch,2376522667,6.484,16000,1,077bb4abf07f78ebd45be11e3941c9d5162cc36de3e131fe615d70e580967f10,augmentation of SS-GUN-0031,CC-BY-3.0
SS-GUN-0032-A1,augmented/gunshot/SS-GUN-0032-A1.wav,Gunshot,SS-GUN-0032,train,augmented,pitch,2789784275,15.282,16000,1,4deb53c422444723efa4bd2b6b431f95632746e652756badb246cd4bff10efdc,augmentation of SS-GUN-0032,CC0-1.0
SS-GUN-0032-A2,augmented/gunshot/SS-GUN-0032-A2.wav,Gunshot,SS-GUN-0032,train,augmented,shift,3274278933,15.282,16000,1,4c2ecd6cc51b829d3494be5dd34d30879a9160417ec1afca605c0194717e18da,augmentation of SS-GUN-0032,CC0-1.0
SS-GUN-0034-A1,augmented/gunshot/SS-GUN-0034-A1.wav,Gunshot,SS-GUN-0034,train,augmented,stretch,2248044950,1.389,16000,1,82b7ca16f3fa92069ccbaf72f9f78fb93d1a77725070d69f70aff729b39fd910,augmentation of SS-GUN-0034,CC0-1.0
SS-GUN-0034-A2,augmented/gunshot/SS-GUN-0034-A2.wav,Gunshot,SS-GUN-0034,train,augmented,pitch,3387406859,1.391,16000,1,3a8e23278d8261351d4436ae2a918c1eb4964233102c00cedc29cba2a7c3d65a,augmentation of SS-GUN-0034,CC0-1.0
SS-GUN-0035-A1,augmented/gunshot/SS-GUN-0035-A1.wav,Gunshot,SS-GUN-0035,train,augmented,reverb,1782663972,2.731,16000,1,184a4bedd43bdfd4518ade1a0072309c51845938b78c5e7fd11b08eb2d9e9921,augmentation of SS-GUN-0035,CC0-1.0
SS-GUN-0035-A2,augmented/gunshot/SS-GUN-0035-A2.wav,Gunshot,SS-GUN-0035,train,augmented,pitch,2264384483,2.731,16000,1,4405b9f11e02d8e9472974a01cbfdbf7544749da87ccb543478ec33056730414,augmentation of SS-GUN-0035,CC0-1.0
SS-GUN-0036-A1,augmented/gunshot/SS-GUN-0036-A1.wav,Gunshot,SS-GUN-0036,train,augmented,pitch,1527522923,6.522,16000,1,7171a23a5b86d35b2ecbecd1aad81a6ba273201763eee0700ff573904aafab2c,augmentation of SS-GUN-0036,CC-BY-3.0
SS-GUN-0036-A2,augmented/gunshot/SS-GUN-0036-A2.wav,Gunshot,SS-GUN-0036,train,augmented,noise,1537467058,6.522,16000,1,3ef7510dfb420555060a8364cdcf64dfbf7643a61d93e9cdc2df0be9f030c415,augmentation of SS-GUN-0036,CC-BY-3.0
SS-GUN-0038-A1,augmented/gunshot/SS-GUN-0038-A1.wav,Gunshot,SS-GUN-0038,train,augmented,volume,36441007,21.973,16000,1,28a4473bf7ff6274d4c45971dfd2af8be4a337ec352d87f56f55a3d697fbb12c,augmentation of SS-GUN-0038,CC0-1.0
SS-GUN-0038-A2,augmented/gunshot/SS-GUN-0038-A2.wav,Gunshot,SS-GUN-0038,train,augmented,volume,1771622975,21.973,16000,1,9103b3ab621b1996863194c4f490b9e56223c75cf52641850974774dbda6c723,augmentation of SS-GUN-0038,CC0-1.0
SS-GUN-0039-A1,augmented/gunshot/SS-GUN-0039-A1.wav,Gunshot,SS-GUN-0039,train,augmented,pitch,348559339,16.555,16000,1,dead6f25abcdea7a8ae34975c5dbad132567e24e987ed30a69c7e1d390348db2,augmentation of SS-GUN-0039,CC-BY-3.0
SS-GUN-0039-A2,augmented/gunshot/SS-GUN-0039-A2.wav,Gunshot,SS-GUN-0039,train,augmented,pitch,244974595,16.555,16000,1,0f3c53021ab3e853d34c96d9f60c70ba02b3952d72b84f0d7a0d2475230cfcbd,augmentation of SS-GUN-0039,CC-BY-3.0
SS-GUN-0040-A1,augmented/gunshot/SS-GUN-0040-A1.wav,Gunshot,SS-GUN-0040,train,augmented,pitch,3082702611,2.32,16000,1,3941c224a02e8fc54ef83e224556bf975c27a7eb4bb8a8dea3aa202835acbf94,augmentation of SS-GUN-0040,CC-BY-3.0
SS-GUN-0040-A2,augmented/gunshot/SS-GUN-0040-A2.wav,Gunshot,SS-GUN-0040,train,augmented,volume,695183223,2.32,16000,1,c72a2dfa0f053202ece608ac19905726f75e988f8c7a78778548a7b87cf1608b,augmentation of SS-GUN-0040,CC-BY-3.0
SS-GUN-0041-A1,augmented/gunshot/SS-GUN-0041-A1.wav,Gunshot,SS-GUN-0041,train,augmented,reverb,952273404,2.775,16000,1,33d2ee805d6ae114e680c8d07334c69a6904d5c70374e46d515dccff08db78d9,augmentation of SS-GUN-0041,CC0-1.0
SS-GUN-0041-A2,augmented/gunshot/SS-GUN-0041-A2.wav,Gunshot,SS-GUN-0041,train,augmented,reverb,3526891596,2.775,16000,1,1ac37c7ea38d2a87f863b3e840bf7aae95980c3d49655ddbe2a8f1d834daf6e3,augmentation of SS-GUN-0041,CC0-1.0
SS-GUN-0042-A1,augmented/gunshot/SS-GUN-0042-A1.wav,Gunshot,SS-GUN-0042,train,augmented,device,108296832,0.501,16000,1,4dac81459d1dd65bdd3ec32957e3a1f26399f10051d69818d1c5dcc7ed97a34d,augmentation of SS-GUN-0042,CC0-1.0
SS-GUN-0042-A2,augmented/gunshot/SS-GUN-0042-A2.wav,Gunshot,SS-GUN-0042,train,augmented,stretch,363763662,0.446,16000,1,143e230bcd0609b9ad7a0fcea5197943816f5329fa9e6968cc4fb6b822ad0971,augmentation of SS-GUN-0042,CC0-1.0
SS-GUN-0043-A1,augmented/gunshot/SS-GUN-0043-A1.wav,Gunshot,SS-GUN-0043,train,augmented,pitch,430237003,2.6,16000,1,13ff2b293265042b4761b0ef72937210f024af9d9e7ecad78decaeeeed4f6b7c,augmentation of SS-GUN-0043,CC-BY-3.0
SS-GUN-0043-A2,augmented/gunshot/SS-GUN-0043-A2.wav,Gunshot,SS-GUN-0043,train,augmented,volume,1270576351,2.6,16000,1,4b8189b9c90e781c9e8d11a8f03fb5d54cbaf8511f12b6028044384e93024543,augmentation of SS-GUN-0043,CC-BY-3.0
SS-GUN-0044-A1,augmented/gunshot/SS-GUN-0044-A1.wav,Gunshot,SS-GUN-0044,train,augmented,stretch,2372723606,4.266,16000,1,3d5599ef35757517ea712299cd00741871471fbbf38714ace3f31370244c64c5,augmentation of SS-GUN-0044,CC0-1.0
SS-GUN-0044-A2,augmented/gunshot/SS-GUN-0044-A2.wav,Gunshot,SS-GUN-0044,train,augmented,volume,2291731855,4.0,16000,1,47d8afd1072350235b8b171e1805a6c866fda3f62fba2e8c4dbf6759d89c4c44,augmentation of SS-GUN-0044,CC0-1.0
SS-GUN-0045-A1,augmented/gunshot/SS-GUN-0045-A1.wav,Gunshot,SS-GUN-0045,train,augmented,pitch,3331649659,0.598,16000,1,902ce4afc927ea2972b56de22ffb7e29fb7137e85049951328d81add81fde07d,augmentation of SS-GUN-0045,CC-BY-3.0
SS-GUN-0045-A2,augmented/gunshot/SS-GUN-0045-A2.wav,Gunshot,SS-GUN-0045,train,augmented,volume,2963104855,0.598,16000,1,5183a02bc51138358a0a9dca08abee41a82f19c13b1b9d16dece88992f98e82a,augmentation of SS-GUN-0045,CC-BY-3.0
SS-GUN-0048-A1,augmented/gunshot/SS-GUN-0048-A1.wav,Gunshot,SS-GUN-0048,train,augmented,reverb,3616247988,1.173,16000,1,925a855f3014e3e10575d2383d491421459a495d4ef54dc2bfdd51b1197eed20,augmentation of SS-GUN-0048,CC0-1.0
SS-GUN-0048-A2,augmented/gunshot/SS-GUN-0048-A2.wav,Gunshot,SS-GUN-0048,train,augmented,distance,4058709153,1.173,16000,1,11e244cb2b3cad9b2c03aa543527d2f4cbf8708b36b1a5407736df00162cd8a3,augmentation of SS-GUN-0048,CC0-1.0
SS-GUN-0049-A1,augmented/gunshot/SS-GUN-0049-A1.wav,Gunshot,SS-GUN-0049,train,augmented,distance,193970777,12.757,16000,1,4177cc6703c57ef0bbd29405748eee94a2ad50e0bea29a4c5a2dd060a2656b3a,augmentation of SS-GUN-0049,Sampling+-1.0
SS-GUN-0049-A2,augmented/gunshot/SS-GUN-0049-A2.wav,Gunshot,SS-GUN-0049,train,augmented,shift,1218245405,12.757,16000,1,10ba41d67f3ed8a8786e6571357246ff3cab3ce3d940e8afa506d4da20a77181,augmentation of SS-GUN-0049,Sampling+-1.0
SS-GUN-0050-A1,augmented/gunshot/SS-GUN-0050-A1.wav,Gunshot,SS-GUN-0050,train,augmented,stretch,3748715430,1.091,16000,1,616e17e18936a4489776d40eae39ee8b76931c744059fbc6ac5d376733558785,augmentation of SS-GUN-0050,CC-BY-3.0
SS-GUN-0050-A2,augmented/gunshot/SS-GUN-0050-A2.wav,Gunshot,SS-GUN-0050,train,augmented,pitch,3545163051,1.097,16000,1,f9a3ce362b68ccb0a538e859ec696bf285fdf13d54cfe54a572fbcd8b61bdcef,augmentation of SS-GUN-0050,CC-BY-3.0
SS-GUN-0051-A1,augmented/gunshot/SS-GUN-0051-A1.wav,Gunshot,SS-GUN-0051,train,augmented,shift,498070205,0.957,16000,1,c8dc3e2b4955cdc0e8027b6c095adc0157c68dfea36544714a06c7c9c3479d49,augmentation of SS-GUN-0051,CC-BY-3.0
SS-GUN-0051-A2,augmented/gunshot/SS-GUN-0051-A2.wav,Gunshot,SS-GUN-0051,train,augmented,device,863911832,0.957,16000,1,31150f5180ecc3b115f7902447b06aac888013cb5347d9379c7fc7b96684cf7d,augmentation of SS-GUN-0051,CC-BY-3.0
SS-GUN-0053-A1,augmented/gunshot/SS-GUN-0053-A1.wav,Gunshot,SS-GUN-0053,train,augmented,shift,2964386957,4.31,16000,1,c7d270d022a77af8245bcde3f5e31daded2e1a78646b049a275ddcc8cca386a9,augmentation of SS-GUN-0053,CC0-1.0
SS-GUN-0053-A2,augmented/gunshot/SS-GUN-0053-A2.wav,Gunshot,SS-GUN-0053,train,augmented,device,461759256,4.31,16000,1,6b872ec687e01f67150a8499eac84146debf0f10ffe49ff2df84c41dbb3142e5,augmentation of SS-GUN-0053,CC0-1.0
SS-GUN-0055-A1,augmented/gunshot/SS-GUN-0055-A1.wav,Gunshot,SS-GUN-0055,train,augmented,reverb,2720737780,4.445,16000,1,473dbb33dd9f21a290ee78fcba40c1d31f561aaae6e4e3d9dfc274c0d659ff38,augmentation of SS-GUN-0055,CC0-1.0
SS-GUN-0055-A2,augmented/gunshot/SS-GUN-0055-A2.wav,Gunshot,SS-GUN-0055,train,augmented,volume,2353053119,4.445,16000,1,b4a8f12de20737687349fd8d43fcd1aef3c7d63913fff4cb2e1e7651753634a3,augmentation of SS-GUN-0055,CC0-1.0
SS-GUN-0056-A1,augmented/gunshot/SS-GUN-0056-A1.wav,Gunshot,SS-GUN-0056,train,augmented,volume,1697897135,7.001,16000,1,574b07a1dd96948d2542548ce195ba7146a42e626bbe8d9994252f4e0dedffef,augmentation of SS-GUN-0056,CC-BY-3.0
SS-GUN-0056-A2,augmented/gunshot/SS-GUN-0056-A2.wav,Gunshot,SS-GUN-0056,train,augmented,device,2966699976,7.001,16000,1,fea23609f60b74d2b23739daa56967f550b9c76e678046aa8c1313f71f54e275,augmentation of SS-GUN-0056,CC-BY-3.0
SS-GUN-0058-A1,augmented/gunshot/SS-GUN-0058-A1.wav,Gunshot,SS-GUN-0058,train,augmented,device,2938431264,7.128,16000,1,f399b3d3cabb27d378249f9da44cc9a052eb5e3e304c04295b80da289e84319f,augmentation of SS-GUN-0058,CC-BY-3.0
SS-GUN-0058-A2,augmented/gunshot/SS-GUN-0058-A2.wav,Gunshot,SS-GUN-0058,train,augmented,volume,44897303,7.128,16000,1,da125570ba357b8d3235ad9299e7e0c8c237c6db6deb927fc632a14a190972eb,augmentation of SS-GUN-0058,CC-BY-3.0
SS-GUN-0062-A1,augmented/gunshot/SS-GUN-0062-A1.wav,Gunshot,SS-GUN-0062,train,augmented,device,850818000,2.94,16000,1,b3017d23bb7cff53dd8652720d52b431c5d62f59f438e817763d59bcb1235f63,augmentation of SS-GUN-0062,CC0-1.0
SS-GUN-0062-A2,augmented/gunshot/SS-GUN-0062-A2.wav,Gunshot,SS-GUN-0062,train,augmented,pitch,1894948947,2.94,16000,1,1bb4649c0747ec9b1802cd140fe79cd59a16c32318d4ef2a494d1bdea267348f,augmentation of SS-GUN-0062,CC0-1.0
SS-GUN-0064-A1,augmented/gunshot/SS-GUN-0064-A1.wav,Gunshot,SS-GUN-0064,train,augmented,pitch,1425939475,6.056,16000,1,dd25f4182549c216d4437908e6128570cbec618d41f4903d95e0bcb7c2400d97,augmentation of SS-GUN-0064,CC0-1.0
SS-GUN-0064-A2,augmented/gunshot/SS-GUN-0064-A2.wav,Gunshot,SS-GUN-0064,train,augmented,distance,3662252977,6.056,16000,1,17ba051128c4f9a3c26a95f221011393f9309f17a2912fb6fe050bb66a1d7ec9,augmentation of SS-GUN-0064,CC0-1.0
SS-GUN-0066-A1,augmented/gunshot/SS-GUN-0066-A1.wav,Gunshot,SS-GUN-0066,train,augmented,reverb,3191089532,0.805,16000,1,dfdd2dade4153500bc75af75e5d038325c1270bcfac1586d1862127952293951,augmentation of SS-GUN-0066,CC-BY-3.0
SS-GUN-0066-A2,augmented/gunshot/SS-GUN-0066-A2.wav,Gunshot,SS-GUN-0066,train,augmented,noise,423225914,0.805,16000,1,c9c52e53ee3779625a1fd891b6ce072ef89d7075339d3774e634c4f5b297fbf2,augmentation of SS-GUN-0066,CC-BY-3.0
SS-GUN-0067-A1,augmented/gunshot/SS-GUN-0067-A1.wav,Gunshot,SS-GUN-0067,train,augmented,shift,2896258725,1.448,16000,1,cff323e2faf0c94c34ffdaf5b68031a883b4367ba3d969ee1b7ebb3a64623e39,augmentation of SS-GUN-0067,Sampling+-1.0
SS-GUN-0067-A2,augmented/gunshot/SS-GUN-0067-A2.wav,Gunshot,SS-GUN-0067,train,augmented,pitch,1624110755,1.448,16000,1,ed2ccf46db2ce36bef9dddc68d4b0401983ae5f86d3a21326ba3ddeb73d5e0ff,augmentation of SS-GUN-0067,Sampling+-1.0
SS-GUN-0068-A1,augmented/gunshot/SS-GUN-0068-A1.wav,Gunshot,SS-GUN-0068,train,augmented,stretch,501051310,2.695,16000,1,8ccb632183a9df86367a69c4106c5d1b99f892c560e472bdcda008488b72f96f,augmentation of SS-GUN-0068,CC0-1.0
SS-GUN-0068-A2,augmented/gunshot/SS-GUN-0068-A2.wav,Gunshot,SS-GUN-0068,train,augmented,stretch,803055918,2.725,16000,1,45fb18b989cf034ead6795acd8cb0f1bc6118c0ad9166711f9cb3bc08d260ace,augmentation of SS-GUN-0068,CC0-1.0
SS-GUN-0070-A1,augmented/gunshot/SS-GUN-0070-A1.wav,Gunshot,SS-GUN-0070,train,augmented,reverb,4120025660,5.454,16000,1,87724755b65f0a48ae0b9087122847b7de0d4e8d78d68bdd9c8a00e1ea3946cd,augmentation of SS-GUN-0070,Sampling+-1.0
SS-GUN-0070-A2,augmented/gunshot/SS-GUN-0070-A2.wav,Gunshot,SS-GUN-0070,train,augmented,reverb,3344819708,5.454,16000,1,840c965141c59d9eb76447de37934f9c5a4aba1c1acd31b782a88036fc0e1a59,augmentation of SS-GUN-0070,Sampling+-1.0
SS-GUN-0071-A1,augmented/gunshot/SS-GUN-0071-A1.wav,Gunshot,SS-GUN-0071,train,augmented,pitch,1669380915,28.512,16000,1,441e1acc63cce31405a5adca20835089b7996ac52ff267f38c08b447449e2e4e,augmentation of SS-GUN-0071,CC0-1.0
SS-GUN-0071-A2,augmented/gunshot/SS-GUN-0071-A2.wav,Gunshot,SS-GUN-0071,train,augmented,reverb,1088987956,28.512,16000,1,345b6da29a69f249506f1a561ce28d0284cb559326159503859fa7dd16becdf3,augmentation of SS-GUN-0071,CC0-1.0
SS-GUN-0072-A1,augmented/gunshot/SS-GUN-0072-A1.wav,Gunshot,SS-GUN-0072,train,augmented,pitch,3201278475,21.079,16000,1,4d125a0502671554dc99c2d051337695c26ecc47bdadda7ce85127382d0ae556,augmentation of SS-GUN-0072,CC0-1.0
SS-GUN-0072-A2,augmented/gunshot/SS-GUN-0072-A2.wav,Gunshot,SS-GUN-0072,train,augmented,volume,10458207,21.079,16000,1,4c81a07c447783e8c88d05e67a38917d1ce62dc44a9791bbdde6aa96cf199c47,augmentation of SS-GUN-0072,CC0-1.0
SS-GUN-0073-A1,augmented/gunshot/SS-GUN-0073-A1.wav,Gunshot,SS-GUN-0073,train,augmented,distance,1979180281,6.267,16000,1,d0aa652ca4ec0c3473deee08bf1eb4f8408ad6d2aae7b71d5baae3e8ac4367da,augmentation of SS-GUN-0073,CC-BY-3.0
SS-GUN-0073-A2,augmented/gunshot/SS-GUN-0073-A2.wav,Gunshot,SS-GUN-0073,train,augmented,distance,2503465697,6.267,16000,1,b44efd2bd3c38eb0c1a31446c5a12dc99abfa7240760759ab9882effbd9983b8,augmentation of SS-GUN-0073,CC-BY-3.0
SS-GUN-0074-A1,augmented/gunshot/SS-GUN-0074-A1.wav,Gunshot,SS-GUN-0074,train,augmented,distance,2059306769,2.345,16000,1,b13d57427eda460da8fd8fce23029ac7a3a40b7285f0a960c56f4dd15150240d,augmentation of SS-GUN-0074,Sampling+-1.0
SS-GUN-0074-A2,augmented/gunshot/SS-GUN-0074-A2.wav,Gunshot,SS-GUN-0074,train,augmented,volume,1108676007,2.345,16000,1,ce81936a3d265ab3432944ae0b7b622a8921ec966a8699536a7de091dadc8eb6,augmentation of SS-GUN-0074,Sampling+-1.0
SS-GUN-0075-A1,augmented/gunshot/SS-GUN-0075-A1.wav,Gunshot,SS-GUN-0075,train,augmented,distance,2030283385,2.299,16000,1,67ae9a72890197f436a6798096163cdfedb2fe329231fffdada964fc287d5315,augmentation of SS-GUN-0075,CC0-1.0
SS-GUN-0075-A2,augmented/gunshot/SS-GUN-0075-A2.wav,Gunshot,SS-GUN-0075,train,augmented,shift,1958143013,2.299,16000,1,76be6c3181329f2c595867febba1e07e3f13197323d7be83f2a611f032ec9a5d,augmentation of SS-GUN-0075,CC0-1.0
SS-GUN-0076-A1,augmented/gunshot/SS-GUN-0076-A1.wav,Gunshot,SS-GUN-0076,train,augmented,device,1093711864,1.92,16000,1,5d7dfeff6c01f15d572a3027af7b08340a57dd76375633af714d0715335d1328,augmentation of SS-GUN-0076,Sampling+-1.0
SS-GUN-0076-A2,augmented/gunshot/SS-GUN-0076-A2.wav,Gunshot,SS-GUN-0076,train,augmented,pitch,859881795,1.92,16000,1,da483aeeea69a9bac4af46ed8dbc1af3578c3ba1a66e7051d4052a08498e62a0,augmentation of SS-GUN-0076,Sampling+-1.0
SS-GUN-0077-A1,augmented/gunshot/SS-GUN-0077-A1.wav,Gunshot,SS-GUN-0077,train,augmented,stretch,1639488734,10.689,16000,1,da63a1ed4a268b7d51678d3d704e6b23f0abaf280a0010498f7feea788eb143c,augmentation of SS-GUN-0077,CC0-1.0
SS-GUN-0077-A2,augmented/gunshot/SS-GUN-0077-A2.wav,Gunshot,SS-GUN-0077,train,augmented,stretch,2395045958,11.375,16000,1,ddc72f4e905edc24fbaa11cd74241a68041f1ad5aad96a33187bf18c5f92faa7,augmentation of SS-GUN-0077,CC0-1.0
SS-GUN-0078-A1,augmented/gunshot/SS-GUN-0078-A1.wav,Gunshot,SS-GUN-0078,train,augmented,volume,3346980535,0.926,16000,1,d2ed662b1d629be0c86ee1658535f3da69c25502dea0cd6890df2bb958e1759a,augmentation of SS-GUN-0078,CC-BY-3.0
SS-GUN-0078-A2,augmented/gunshot/SS-GUN-0078-A2.wav,Gunshot,SS-GUN-0078,train,augmented,volume,4210147295,0.926,16000,1,fab84766dffbb7ec6b14efd51e60b6eae3cfb9b5d974e55c671b1b016238b195,augmentation of SS-GUN-0078,CC-BY-3.0
SS-GUN-0081-A1,augmented/gunshot/SS-GUN-0081-A1.wav,Gunshot,SS-GUN-0081,train,augmented,distance,1318366625,20.392,16000,1,d0d942d03531d8aa5c4617b6302fb30ab23a8135a6332bbb4a9ab5003f328c9b,augmentation of SS-GUN-0081,CC0-1.0
SS-GUN-0081-A2,augmented/gunshot/SS-GUN-0081-A2.wav,Gunshot,SS-GUN-0081,train,augmented,distance,3186956945,20.392,16000,1,512ea1f22d1c0981596c87e6c3febb0451a5a09197ea7bb0559e287b2b12c983,augmentation of SS-GUN-0081,CC0-1.0
SS-GUN-0082-A1,augmented/gunshot/SS-GUN-0082-A1.wav,Gunshot,SS-GUN-0082,train,augmented,device,1064331072,9.041,16000,1,639a30292ddf8d19cfa421df42de5a56d33e4f6886dc300f34582f0fdddcbaad,augmentation of SS-GUN-0082,CC0-1.0
SS-GUN-0082-A2,augmented/gunshot/SS-GUN-0082-A2.wav,Gunshot,SS-GUN-0082,train,augmented,reverb,2318286236,9.041,16000,1,2405e0bd132d709f162e0d5b4e525bd0037025b52983e552ddae8e5f62392781,augmentation of SS-GUN-0082,CC0-1.0
SS-GUN-0083-A1,augmented/gunshot/SS-GUN-0083-A1.wav,Gunshot,SS-GUN-0083,train,augmented,shift,674904029,1.045,16000,1,0ae36540238fc705192af1fc885133dadb870f0d889fb3bb61cf879f64dd5b02,augmentation of SS-GUN-0083,CC0-1.0
SS-GUN-0083-A2,augmented/gunshot/SS-GUN-0083-A2.wav,Gunshot,SS-GUN-0083,train,augmented,shift,1686011805,1.045,16000,1,a1b5e2dc0b2fbf14da6eb2ae8fecc10d2636f85feb1b054d3f01d63c62b91986,augmentation of SS-GUN-0083,CC0-1.0
SS-GUN-0084-A1,augmented/gunshot/SS-GUN-0084-A1.wav,Gunshot,SS-GUN-0084,train,augmented,reverb,625682132,0.72,16000,1,9a2d047be07b521809b00c2c353b8c1662d2bbc78982b341470979c1b0eab2bb,augmentation of SS-GUN-0084,CC-BY-3.0
SS-GUN-0084-A2,augmented/gunshot/SS-GUN-0084-A2.wav,Gunshot,SS-GUN-0084,train,augmented,volume,80898223,0.72,16000,1,85edab7457e03a5641d1b522fab7bb149ae6d9580967db390584c4279c5efcde,augmentation of SS-GUN-0084,CC-BY-3.0
SS-GUN-0085-A1,augmented/gunshot/SS-GUN-0085-A1.wav,Gunshot,SS-GUN-0085,train,augmented,pitch,3655801067,4.875,16000,1,e543ac04ef781066bb3d4cf9a30af1000f02fcb52b3e23284cb30dea43f29de4,augmentation of SS-GUN-0085,CC-BY-3.0
SS-GUN-0085-A2,augmented/gunshot/SS-GUN-0085-A2.wav,Gunshot,SS-GUN-0085,train,augmented,noise,3017092274,4.875,16000,1,790476f88abf9156aca6109746409e816f1e0564419c3d978d06a978a11e2385,augmentation of SS-GUN-0085,CC-BY-3.0
SS-GUN-0086-A1,augmented/gunshot/SS-GUN-0086-A1.wav,Gunshot,SS-GUN-0086,train,augmented,stretch,2749845070,0.807,16000,1,95661395a3c1ef986284acce29f7838938bb755768330ddae52ac7e20dcc5a36,augmentation of SS-GUN-0086,CC0-1.0
SS-GUN-0086-A2,augmented/gunshot/SS-GUN-0086-A2.wav,Gunshot,SS-GUN-0086,train,augmented,reverb,874689036,0.881,16000,1,10c2d3c2ead178072678d7d319e612936a2ec906a7e432688b87ca74088e1fe8,augmentation of SS-GUN-0086,CC0-1.0
SS-GUN-0088-A1,augmented/gunshot/SS-GUN-0088-A1.wav,Gunshot,SS-GUN-0088,train,augmented,shift,4030770525,0.967,16000,1,3f54d5d89abea0562ef2f5e153ccc804652e47be2d1c1dd22410c38687cbf588,augmentation of SS-GUN-0088,CC-BY-3.0
SS-GUN-0088-A2,augmented/gunshot/SS-GUN-0088-A2.wav,Gunshot,SS-GUN-0088,train,augmented,distance,678338817,0.967,16000,1,76c0174c8c5bfb7603879b1573b96112d90878bb7b06cb591a964b9a7f141824,augmentation of SS-GUN-0088,CC-BY-3.0
SS-GUN-0089-A1,augmented/gunshot/SS-GUN-0089-A1.wav,Gunshot,SS-GUN-0089,train,augmented,noise,785230874,14.82,16000,1,73dcadc98f32c5d24b56f50df3ec07ebdd51d31a0b27a7a22b8665a948944155,augmentation of SS-GUN-0089,CC-BY-3.0
SS-GUN-0089-A2,augmented/gunshot/SS-GUN-0089-A2.wav,Gunshot,SS-GUN-0089,train,augmented,noise,1940268586,14.82,16000,1,67427850f54d64f36ef30708698d850de09a0f87c92be313c6e6399338d4d733,augmentation of SS-GUN-0089,CC-BY-3.0
SS-GUN-0090-A1,augmented/gunshot/SS-GUN-0090-A1.wav,Gunshot,SS-GUN-0090,train,augmented,stretch,675194430,2.665,16000,1,25525925d85a5b4df1261d1a68f815d532431788e0207a1ed2c3e293a3e34389,augmentation of SS-GUN-0090,CC0-1.0
SS-GUN-0090-A2,augmented/gunshot/SS-GUN-0090-A2.wav,Gunshot,SS-GUN-0090,train,augmented,reverb,3788454044,2.821,16000,1,0abc5e521bcccf6051175b421af07277141d9fbdd14856b696b7499b56a4cc5b,augmentation of SS-GUN-0090,CC0-1.0
SS-GUN-0091-A1,augmented/gunshot/SS-GUN-0091-A1.wav,Gunshot,SS-GUN-0091,train,augmented,volume,2718556535,2.302,16000,1,a4f6364072bc674372fbb03fcba2fb1e76e4d78124039836019a0efaff95041e,augmentation of SS-GUN-0091,CC-BY-3.0
SS-GUN-0091-A2,augmented/gunshot/SS-GUN-0091-A2.wav,Gunshot,SS-GUN-0091,train,augmented,noise,2601090810,2.302,16000,1,0ec23d3005ee220519b19d954894b0037abd12fdbbf56ce2ee7d45a83e4d2fa6,augmentation of SS-GUN-0091,CC-BY-3.0
SS-GUN-0092-A1,augmented/gunshot/SS-GUN-0092-A1.wav,Gunshot,SS-GUN-0092,train,augmented,shift,2471253109,24.103,16000,1,5e7ebb99c8f3744a8db04e8202df7b9612e05aa0b952e86ee67ed6cf900b8286,augmentation of SS-GUN-0092,CC0-1.0
SS-GUN-0092-A2,augmented/gunshot/SS-GUN-0092-A2.wav,Gunshot,SS-GUN-0092,train,augmented,noise,3836634874,24.103,16000,1,7e069b6fe6f6450fbbb5f20940ec7c97dceff89a1c96faf03226563255317c76,augmentation of SS-GUN-0092,CC0-1.0
SS-GUN-0093-A1,augmented/gunshot/SS-GUN-0093-A1.wav,Gunshot,SS-GUN-0093,train,augmented,distance,477658929,0.8,16000,1,f42ed7e06249832f251df903df0ca56b34b192ecae0fa27a9ee0919b8dcd6131,augmentation of SS-GUN-0093,CC-BY-3.0
SS-GUN-0093-A2,augmented/gunshot/SS-GUN-0093-A2.wav,Gunshot,SS-GUN-0093,train,augmented,volume,388740095,0.8,16000,1,39c68ba33024acce8d0f06d9b4c2ea32e78ecb5e5f17b9b1de2aacd8f6ef7e81,augmentation of SS-GUN-0093,CC-BY-3.0
SS-GUN-0094-A1,augmented/gunshot/SS-GUN-0094-A1.wav,Gunshot,SS-GUN-0094,train,augmented,noise,3396125082,0.984,16000,1,66727e8899bb2092d72aa46d833bde2498696558891558d3a5fdcbaac4a6b289,augmentation of SS-GUN-0094,CC-BY-3.0
SS-GUN-0094-A2,augmented/gunshot/SS-GUN-0094-A2.wav,Gunshot,SS-GUN-0094,train,augmented,pitch,4075777499,0.984,16000,1,5d6b8ead103a0da1da36fd3c4b9bc0adf93b8063a980b45bef5de5c9b39d8df2,augmentation of SS-GUN-0094,CC-BY-3.0
SS-GUN-0095-A1,augmented/gunshot/SS-GUN-0095-A1.wav,Gunshot,SS-GUN-0095,train,augmented,reverb,3115986188,4.154,16000,1,312c0cd8c98a9a43750d95d8d46e69817faccecb1ba50801b1a8672d023369e0,augmentation of SS-GUN-0095,CC0-1.0
SS-GUN-0095-A2,augmented/gunshot/SS-GUN-0095-A2.wav,Gunshot,SS-GUN-0095,train,augmented,noise,1485541266,4.154,16000,1,9d6d370db9ece7db0b3a04c89adace09247052273e1a2b21b6561204fb382463,augmentation of SS-GUN-0095,CC0-1.0
SS-GUN-0096-A1,augmented/gunshot/SS-GUN-0096-A1.wav,Gunshot,SS-GUN-0096,train,augmented,distance,2489251025,2.134,16000,1,ac352bf26d59d19560fe81681582f7dbb6c5517a95a3d07b99c7438924ebfdb6,augmentation of SS-GUN-0096,CC-BY-3.0
SS-GUN-0096-A2,augmented/gunshot/SS-GUN-0096-A2.wav,Gunshot,SS-GUN-0096,train,augmented,noise,1502897042,2.134,16000,1,3f36ce4a2c9a2d0f6dcaa5a759264e324702766989c8049aa95e4217faf09bb0,augmentation of SS-GUN-0096,CC-BY-3.0
SS-GUN-0097-A1,augmented/gunshot/SS-GUN-0097-A1.wav,Gunshot,SS-GUN-0097,train,augmented,noise,429400266,0.874,16000,1,d4fe6fa173a4c1e3f8073024a5f52c6a2c405b0554cc1369d3e88b7f6304d4f9,augmentation of SS-GUN-0097,CC0-1.0
SS-GUN-0097-A2,augmented/gunshot/SS-GUN-0097-A2.wav,Gunshot,SS-GUN-0097,train,augmented,distance,3288606897,0.874,16000,1,908ab5f3626af352fbffcf10ae8d3686de58bf2c58e204128be028dc8ab7b5a7,augmentation of SS-GUN-0097,CC0-1.0
SS-GUN-0099-A1,augmented/gunshot/SS-GUN-0099-A1.wav,Gunshot,SS-GUN-0099,train,augmented,distance,2439441681,1.064,16000,1,c9b7c817a1a402b5c8282eec903bf348d8912192e8fe19d1219318e12f079da1,augmentation of SS-GUN-0099,CC-BY-3.0
SS-GUN-0099-A2,augmented/gunshot/SS-GUN-0099-A2.wav,Gunshot,SS-GUN-0099,train,augmented,volume,3197264191,1.064,16000,1,23d3a3aa5b150f8ff54f3e25c3dc1953ef52b103c4f2e735e6fcc07e93f86a4b,augmentation of SS-GUN-0099,CC-BY-3.0
SS-GUN-0102-A1,augmented/gunshot/SS-GUN-0102-A1.wav,Gunshot,SS-GUN-0102,train,augmented,volume,205812791,10.0,16000,1,d017d52771c20c89dcdf29c959be1a07611968e111a0015a5b2cd4fc991ce96b,augmentation of SS-GUN-0102,CC-BY-3.0
SS-GUN-0102-A2,augmented/gunshot/SS-GUN-0102-A2.wav,Gunshot,SS-GUN-0102,train,augmented,pitch,1825497275,10.0,16000,1,dc2c3636bedeef39653f8c54bc4dcfbd61760a52a46a0a49119f29df3df54903,augmentation of SS-GUN-0102,CC-BY-3.0
SS-GUN-0103-A1,augmented/gunshot/SS-GUN-0103-A1.wav,Gunshot,SS-GUN-0103,train,augmented,volume,4258278095,2.693,16000,1,b775c2872cc2d6dc36db376c8d18d95809062097d957a469e82e6260c52b642e,augmentation of SS-GUN-0103,CC0-1.0
SS-GUN-0103-A2,augmented/gunshot/SS-GUN-0103-A2.wav,Gunshot,SS-GUN-0103,train,augmented,shift,2745801125,2.693,16000,1,da4b960aea95ca4007ee3713d63ba0bbc2e503300f13d5a913c30a04e7967419,augmentation of SS-GUN-0103,CC0-1.0
SS-GUN-0106-A1,augmented/gunshot/SS-GUN-0106-A1.wav,Gunshot,SS-GUN-0106,train,augmented,device,188691392,0.602,16000,1,9fdefefa9b44ca5b5e252b82d9d3275910e01679801f608ce3a113fa9eca5eca,augmentation of SS-GUN-0106,CC0-1.0
SS-GUN-0106-A2,augmented/gunshot/SS-GUN-0106-A2.wav,Gunshot,SS-GUN-0106,train,augmented,pitch,2691248699,0.602,16000,1,72451068d9c384ccaa1f528f5ec676258b121dc0913ce9f1126d902ad832fed6,augmentation of SS-GUN-0106,CC0-1.0
SS-GUN-0107-A1,augmented/gunshot/SS-GUN-0107-A1.wav,Gunshot,SS-GUN-0107,train,augmented,reverb,3876810500,1.528,16000,1,51cb9b55d5c09d6df0c0baab3bb139db4580a4d22aa81e8744a28de39a5ce6cf,augmentation of SS-GUN-0107,CC0-1.0
SS-GUN-0107-A2,augmented/gunshot/SS-GUN-0107-A2.wav,Gunshot,SS-GUN-0107,train,augmented,distance,3210328937,1.528,16000,1,093750b9cb5cc98cbeeddccc36902dc4af7a815cdd8574eabb86bec2950d25ae,augmentation of SS-GUN-0107,CC0-1.0
SS-GUN-0108-A1,augmented/gunshot/SS-GUN-0108-A1.wav,Gunshot,SS-GUN-0108,train,augmented,pitch,3317756227,2.87,16000,1,03b53642fcc492b09f7f3f3a328ae8ee28ee36ae1deed209ed2325c6abab1183,augmentation of SS-GUN-0108,CC-BY-3.0
SS-GUN-0108-A2,augmented/gunshot/SS-GUN-0108-A2.wav,Gunshot,SS-GUN-0108,train,augmented,reverb,28716836,2.87,16000,1,61dcead4d6ebe1a629f9845f02684165c6133b5716cf48625c32a8789e0cb2c3,augmentation of SS-GUN-0108,CC-BY-3.0
SS-GUN-0113-A1,augmented/gunshot/SS-GUN-0113-A1.wav,Gunshot,SS-GUN-0113,train,augmented,volume,1006238655,1.331,16000,1,27d0e2d112d2cce0093ae20ad8c83980437f4e37f244f479c50320e73adb89c3,augmentation of SS-GUN-0113,CC0-1.0
SS-GUN-0113-A2,augmented/gunshot/SS-GUN-0113-A2.wav,Gunshot,SS-GUN-0113,train,augmented,device,1826607688,1.331,16000,1,92987b5bd03b69d3da363141544bd63555f73e4e4c7eb4df377c6b5dec1749a4,augmentation of SS-GUN-0113,CC0-1.0
SS-GUN-0114-A1,augmented/gunshot/SS-GUN-0114-A1.wav,Gunshot,SS-GUN-0114,train,augmented,distance,3931441433,0.542,16000,1,d67a5cc1cb24786de8e5de061c387990ab32d9a56dad71031b2dcc31bba39ef5,augmentation of SS-GUN-0114,CC-BY-3.0
SS-GUN-0114-A2,augmented/gunshot/SS-GUN-0114-A2.wav,Gunshot,SS-GUN-0114,train,augmented,pitch,1904212003,0.542,16000,1,4004302deee026c654928a8a8ac2e63fc8254d715154c95291d1a7dc041cc658,augmentation of SS-GUN-0114,CC-BY-3.0
SS-GUN-0116-A1,augmented/gunshot/SS-GUN-0116-A1.wav,Gunshot,SS-GUN-0116,train,augmented,stretch,1272686766,7.13,16000,1,79d126cbce881d418785efb5ff6f2da6f89429e550e4d8b67ffe0af31a85c819,augmentation of SS-GUN-0116,CC-BY-3.0
SS-GUN-0116-A2,augmented/gunshot/SS-GUN-0116-A2.wav,Gunshot,SS-GUN-0116,train,augmented,device,4149358680,6.549,16000,1,aa19e960be13942beb7a2d333a80edbe0aca3b931eec249be74a47b763d0bad2,augmentation of SS-GUN-0116,CC-BY-3.0
SS-GUN-0120-A1,augmented/gunshot/SS-GUN-0120-A1.wav,Gunshot,SS-GUN-0120,train,augmented,pitch,2262961555,4.022,16000,1,435b33901786b2cc3eb560cd1c9a1c9c7e248fcb4b39ebd53e3722df4b75ae78,augmentation of SS-GUN-0120,CC-BY-3.0
SS-GUN-0120-A2,augmented/gunshot/SS-GUN-0120-A2.wav,Gunshot,SS-GUN-0120,train,augmented,volume,3781627447,4.022,16000,1,9d7066bc40eb2979f2a16db6e1b1865dc62a34c76dc0305ae97e3064d3344009,augmentation of SS-GUN-0120,CC-BY-3.0
SS-GUN-0123-A1,augmented/gunshot/SS-GUN-0123-A1.wav,Gunshot,SS-GUN-0123,train,augmented,stretch,2011653886,6.728,16000,1,23e85cda76afa804c5d52f0ce8f53a91c965eed43c8314264caf9d7810d0f131,augmentation of SS-GUN-0123,CC-BY-3.0
SS-GUN-0123-A2,augmented/gunshot/SS-GUN-0123-A2.wav,Gunshot,SS-GUN-0123,train,augmented,noise,1678305162,6.99,16000,1,269cfb5b3d87c3dde8e29481b1aa9f9d94e3b25318105e0b471a5f33543c2a73,augmentation of SS-GUN-0123,CC-BY-3.0
SS-GUN-0124-A1,augmented/gunshot/SS-GUN-0124-A1.wav,Gunshot,SS-GUN-0124,train,augmented,shift,421387533,1.515,16000,1,7cf0f2167fb4283b0ec4f1af3a70ab57c084cb25b3b6160b2221392f4abf7b9e,augmentation of SS-GUN-0124,CC-BY-3.0
SS-GUN-0124-A2,augmented/gunshot/SS-GUN-0124-A2.wav,Gunshot,SS-GUN-0124,train,augmented,device,2774445592,1.515,16000,1,d4ca3eeab51afd60f313f0f694ef33a051b1fb43d26e22b553d11ed259a95135,augmentation of SS-GUN-0124,CC-BY-3.0
SS-GUN-0125-A1,augmented/gunshot/SS-GUN-0125-A1.wav,Gunshot,SS-GUN-0125,train,augmented,pitch,3785851363,1.524,16000,1,47d0849dc11bc7af9b0022c64ea6b32d032f28adc20d031c5f589135b80b6bd1,augmentation of SS-GUN-0125,CC-BY-3.0
SS-GUN-0125-A2,augmented/gunshot/SS-GUN-0125-A2.wav,Gunshot,SS-GUN-0125,train,augmented,reverb,3623022980,1.524,16000,1,3bea35dd0d5890f474caf1035679ea12d76483a26408781b61506b64df20a7f1,augmentation of SS-GUN-0125,CC-BY-3.0
SS-GUN-0127-A1,augmented/gunshot/SS-GUN-0127-A1.wav,Gunshot,SS-GUN-0127,train,augmented,shift,2458384789,3.971,16000,1,ce9903ecda3cf57d12149807957a0f33fff9ecc9f66eda149031a0e76e2a8b4b,augmentation of SS-GUN-0127,CC0-1.0
SS-GUN-0127-A2,augmented/gunshot/SS-GUN-0127-A2.wav,Gunshot,SS-GUN-0127,train,augmented,device,2597793304,3.971,16000,1,2f2cb80a1b3cc0076183cc92975f47a79d4fa816c187229b96684e73d1c8c414,augmentation of SS-GUN-0127,CC0-1.0
SS-GUN-0128-A1,augmented/gunshot/SS-GUN-0128-A1.wav,Gunshot,SS-GUN-0128,train,augmented,noise,1635512530,18.092,16000,1,15188b93f1e960004a1cccc9940eb176416ccb545c89f32d752f4e7f346ab843,augmentation of SS-GUN-0128,CC0-1.0
SS-GUN-0128-A2,augmented/gunshot/SS-GUN-0128-A2.wav,Gunshot,SS-GUN-0128,train,augmented,shift,3129655525,18.092,16000,1,a55b7ea70e7b22a3311fcf6791fcc6a4dbbb96cad0e8179698669204b64ff82a,augmentation of SS-GUN-0128,CC0-1.0
SS-GUN-0129-A1,augmented/gunshot/SS-GUN-0129-A1.wav,Gunshot,SS-GUN-0129,train,augmented,device,1396096064,9.041,16000,1,bd4d44d8dbad4ec73cdeb69fc16dbcc33e1ae2e02e44d281de92b6daae0c1c06,augmentation of SS-GUN-0129,CC-BY-3.0
SS-GUN-0129-A2,augmented/gunshot/SS-GUN-0129-A2.wav,Gunshot,SS-GUN-0129,train,augmented,shift,2624217117,9.041,16000,1,e2e12a3a7b0554df1b4e3b119188250effa6867fd81cc40e371589a439c2ddd0,augmentation of SS-GUN-0129,CC-BY-3.0
SS-GUN-0130-A1,augmented/gunshot/SS-GUN-0130-A1.wav,Gunshot,SS-GUN-0130,train,augmented,noise,3602234194,4.345,16000,1,fdb889b89faf49f9a2f7f18071d9b42fe03b78618fd8dbc43c6b876f7665df5f,augmentation of SS-GUN-0130,CC-BY-3.0
SS-GUN-0130-A2,augmented/gunshot/SS-GUN-0130-A2.wav,Gunshot,SS-GUN-0130,train,augmented,pitch,1966378059,4.345,16000,1,cd13c5bc125f7c02f9a7d1ade99b885a2e511c22c5a4ae5be61c206818f18654,augmentation of SS-GUN-0130,CC-BY-3.0
SS-GUN-0131-A1,augmented/gunshot/SS-GUN-0131-A1.wav,Gunshot,SS-GUN-0131,train,augmented,volume,2779873375,2.468,16000,1,6d98cf391b8b13d50104e6581c503339e8c435dd859c4479a9386a6bad8125e2,augmentation of SS-GUN-0131,CC0-1.0
SS-GUN-0131-A2,augmented/gunshot/SS-GUN-0131-A2.wav,Gunshot,SS-GUN-0131,train,augmented,device,2532601112,2.468,16000,1,89f1d154caec55160325561bc5ea25cffeabef35542ed6915055ebf290504a5c,augmentation of SS-GUN-0131,CC0-1.0
SS-GUN-0132-A1,augmented/gunshot/SS-GUN-0132-A1.wav,Gunshot,SS-GUN-0132,train,augmented,volume,2881831575,1.663,16000,1,306c1099ec40edd8d92c50668620f7092a12ff9d444de32fde2e14db23f360d6,augmentation of SS-GUN-0132,CC0-1.0
SS-GUN-0132-A2,augmented/gunshot/SS-GUN-0132-A2.wav,Gunshot,SS-GUN-0132,train,augmented,volume,3130536487,1.663,16000,1,24e9ef489be5622b52b990287ed05128fe956e7d6acbf4a2c0fb5aa6b0a505e7,augmentation of SS-GUN-0132,CC0-1.0
SS-GUN-0134-A1,augmented/gunshot/SS-GUN-0134-A1.wav,Gunshot,SS-GUN-0134,train,augmented,device,1629172104,2.24,16000,1,57675181d80faf69e97643488561b65ac8a1828f1600f7749cb74d1c61ab5213,augmentation of SS-GUN-0134,CC0-1.0
SS-GUN-0134-A2,augmented/gunshot/SS-GUN-0134-A2.wav,Gunshot,SS-GUN-0134,train,augmented,pitch,3809131523,2.24,16000,1,3cb5359959ea8fcaff00f2be9e2697d35e4095450645329faf5486a177479df2,augmentation of SS-GUN-0134,CC0-1.0
SS-GUN-0137-A1,augmented/gunshot/SS-GUN-0137-A1.wav,Gunshot,SS-GUN-0137,train,augmented,distance,2793431265,1.643,16000,1,b92e2fa620e02f8372848ab5c53c4ec875824f77c1027fa6f4c7dfac0c0396db,augmentation of SS-GUN-0137,CC-BY-3.0
SS-GUN-0137-A2,augmented/gunshot/SS-GUN-0137-A2.wav,Gunshot,SS-GUN-0137,train,augmented,noise,2213756666,1.643,16000,1,076a88e8182dfcb0aaa48a57e6abdc1a4bf2c3c06ed01fda3d11c227b97dbb61,augmentation of SS-GUN-0137,CC-BY-3.0
SS-GUN-0138-A1,augmented/gunshot/SS-GUN-0138-A1.wav,Gunshot,SS-GUN-0138,train,augmented,device,1838196576,2.46,16000,1,9db7ad52c32516ea1c26e59873974818e0b0df87ae550c79ca79f3fcab6a634a,augmentation of SS-GUN-0138,CC0-1.0
SS-GUN-0138-A2,augmented/gunshot/SS-GUN-0138-A2.wav,Gunshot,SS-GUN-0138,train,augmented,reverb,17318268,2.46,16000,1,23934146bbdb9c696a7a921581166ee2c35f3bc9f382e950ff31b3cbaa1005ee,augmentation of SS-GUN-0138,CC0-1.0
SS-GUN-0139-A1,augmented/gunshot/SS-GUN-0139-A1.wav,Gunshot,SS-GUN-0139,train,augmented,shift,2736122445,1.212,16000,1,71b1b3b1842ffca7c8303db170bc25e50faa253bc69260323a6fc5d8e249bf95,augmentation of SS-GUN-0139,CC0-1.0
SS-GUN-0139-A2,augmented/gunshot/SS-GUN-0139-A2.wav,Gunshot,SS-GUN-0139,train,augmented,device,106761264,1.212,16000,1,ca11908c499abf356692b07f4db7e3ebc94f30293524ca2dc142f8e2db5e8a86,augmentation of SS-GUN-0139,CC0-1.0
SS-GUN-0140-A1,augmented/gunshot/SS-GUN-0140-A1.wav,Gunshot,SS-GUN-0140,train,augmented,shift,919562797,19.69,16000,1,d497ddfcbd1e99bc070c1f2ebd8f4cd8dac27905a42ea113019888af0d5b5930,augmentation of SS-GUN-0140,CC-BY-3.0
SS-GUN-0140-A2,augmented/gunshot/SS-GUN-0140-A2.wav,Gunshot,SS-GUN-0140,train,augmented,volume,3052416615,19.69,16000,1,c06c33b8dfbc322b4d52bbf8cbf7959bf9a6ef2daf4b4b6e6e403dc7b09081ff,augmentation of SS-GUN-0140,CC-BY-3.0
SS-GUN-0141-A1,augmented/gunshot/SS-GUN-0141-A1.wav,Gunshot,SS-GUN-0141,train,augmented,device,81156104,3.202,16000,1,70c19d22f1d6e96e2511f881a4cdd03048c487526ac300f0d1d0ef4b03854179,augmentation of SS-GUN-0141,CC0-1.0
SS-GUN-0141-A2,augmented/gunshot/SS-GUN-0141-A2.wav,Gunshot,SS-GUN-0141,train,augmented,stretch,1528865110,2.884,16000,1,f7e7b39423132f513bc40d0f6a680ca56bf6382a19db446b28e11b5b8f2527d4,augmentation of SS-GUN-0141,CC0-1.0
SS-GUN-0142-A1,augmented/gunshot/SS-GUN-0142-A1.wav,Gunshot,SS-GUN-0142,train,augmented,stretch,2831823814,3.469,16000,1,592cea4c0fa10f1ad3030ef219068a6a2a834731bc20ee61d518c8858d899e1c,augmentation of SS-GUN-0142,CC0-1.0
SS-GUN-0142-A2,augmented/gunshot/SS-GUN-0142-A2.wav,Gunshot,SS-GUN-0142,train,augmented,stretch,3478777718,3.455,16000,1,ffac209813f73914e533d69ca314eb9c74d54a25ad9f80099856c403f3da54ec,augmentation of SS-GUN-0142,CC0-1.0
SS-GUN-0143-A1,augmented/gunshot/SS-GUN-0143-A1.wav,Gunshot,SS-GUN-0143,train,augmented,stretch,3555305790,0.583,16000,1,6cacad5fceb9e2c33b196d1491574be79ef15e4260c4d215333bba37c567ecd1,augmentation of SS-GUN-0143,CC-BY-3.0
SS-GUN-0143-A2,augmented/gunshot/SS-GUN-0143-A2.wav,Gunshot,SS-GUN-0143,train,augmented,noise,364969730,0.569,16000,1,bfc938efab2ac5d1748e4d9f7b661cb3b0fe86e59c8a5b484d736605d3399e60,augmentation of SS-GUN-0143,CC-BY-3.0
SS-GUN-0148-A1,augmented/gunshot/SS-GUN-0148-A1.wav,Gunshot,SS-GUN-0148,train,augmented,reverb,2216039364,3.551,16000,1,12ab42e07bef01643b2fb00a7ab765b043fb0a1c3c4bbbfc59b4d46b48778872,augmentation of SS-GUN-0148,CC-BY-3.0
SS-GUN-0148-A2,augmented/gunshot/SS-GUN-0148-A2.wav,Gunshot,SS-GUN-0148,train,augmented,stretch,3448143502,3.375,16000,1,3eb17b70f8629b036b7b13ea89e53f393887a7ec816cf8089e6789ba4af4335a,augmentation of SS-GUN-0148,CC-BY-3.0
SS-GUN-0150-A1,augmented/gunshot/SS-GUN-0150-A1.wav,Gunshot,SS-GUN-0150,train,augmented,device,647492432,1.759,16000,1,9ab9eb8fc6e088861a14c0a92685581e9bdcee33b6bd76260afd29241420ee70,augmentation of SS-GUN-0150,CC0-1.0
SS-GUN-0150-A2,augmented/gunshot/SS-GUN-0150-A2.wav,Gunshot,SS-GUN-0150,train,augmented,noise,312710554,1.759,16000,1,725a1df39183f5a68483650af273990c72d905b502339736792118dab5eadfaf,augmentation of SS-GUN-0150,CC0-1.0
SS-GUN-0501-A1,augmented/gunshot/SS-GUN-0501-A1.wav,Gunshot,SS-GUN-0501,train,augmented,pitch,1890528715,2.61,16000,1,7baa2d537f8e6d8b21dfb9bc890c16361f5e6e0bb3fc35a4dd6ecc4a2d9bafa1,augmentation of SS-GUN-0501,CC-BY-4.0
SS-GUN-0501-A2,augmented/gunshot/SS-GUN-0501-A2.wav,Gunshot,SS-GUN-0501,train,augmented,distance,1231802889,2.61,16000,1,df424aef1e5ac288b5b4b3cea04ea18d3d1bf4f4465f41b848f64441d55719ea,augmentation of SS-GUN-0501,CC-BY-4.0
SS-GUN-0502-A1,augmented/gunshot/SS-GUN-0502-A1.wav,Gunshot,SS-GUN-0502,train,augmented,pitch,3418070395,1.15,16000,1,2596a4485d39be07d172f078d678a036a0fc792ccc679fd642347f6ca20b5156,augmentation of SS-GUN-0502,CC-BY-4.0
SS-GUN-0502-A2,augmented/gunshot/SS-GUN-0502-A2.wav,Gunshot,SS-GUN-0502,train,augmented,pitch,29289219,1.15,16000,1,07de9d2b1a4ee94ae472d85d35aef0fc842cffd1d8a6e31304bf675bb1c6a052,augmentation of SS-GUN-0502,CC-BY-4.0
SS-GUN-0503-A1,augmented/gunshot/SS-GUN-0503-A1.wav,Gunshot,SS-GUN-0503,train,augmented,shift,3192679701,1.5,16000,1,71bc26c2fbbf00084c59f94d1eab12b8ecce2ddd69318e1b97dae614f99e6a20,augmentation of SS-GUN-0503,CC-BY-4.0
SS-GUN-0503-A2,augmented/gunshot/SS-GUN-0503-A2.wav,Gunshot,SS-GUN-0503,train,augmented,pitch,4132682547,1.5,16000,1,f66497b69082afdadb594b2354a970949c2c7d45ce2695f462ebf0a8390a5b44,augmentation of SS-GUN-0503,CC-BY-4.0
SS-GUN-0504-A1,augmented/gunshot/SS-GUN-0504-A1.wav,Gunshot,SS-GUN-0504,train,augmented,pitch,3051949035,1.31,16000,1,966b3b5bdf11bd5a9fdac258601692417da91d14c7496c36c375048af4377d71,augmentation of SS-GUN-0504,CC-BY-4.0
SS-GUN-0504-A2,augmented/gunshot/SS-GUN-0504-A2.wav,Gunshot,SS-GUN-0504,train,augmented,noise,1397861330,1.31,16000,1,361a8f8ca6cb70be5de3fa12d05faa85b7d0ea7795cd0f8575b4abe96524619b,augmentation of SS-GUN-0504,CC-BY-4.0
SS-GUN-0506-A1,augmented/gunshot/SS-GUN-0506-A1.wav,Gunshot,SS-GUN-0506,train,augmented,noise,888198610,1.9,16000,1,4c725015d70c632142878ae207ad83f32d1f91ad981b61af68a8f9af172b59c2,augmentation of SS-GUN-0506,CC-BY-4.0
SS-GUN-0506-A2,augmented/gunshot/SS-GUN-0506-A2.wav,Gunshot,SS-GUN-0506,train,augmented,reverb,2918685044,1.9,16000,1,3b2cf4bfac22849ae8288b0d319408e09ad66875da0807155c2bdbf90b1c315b,augmentation of SS-GUN-0506,CC-BY-4.0
SS-GUN-0507-A1,augmented/gunshot/SS-GUN-0507-A1.wav,Gunshot,SS-GUN-0507,train,augmented,device,3139506912,1.408,16000,1,1d7dbd79363faa7fe8c62e66c0f994f483b471846e80f6a985b0aad42882004b,augmentation of SS-GUN-0507,CC-BY-4.0
SS-GUN-0507-A2,augmented/gunshot/SS-GUN-0507-A2.wav,Gunshot,SS-GUN-0507,train,augmented,distance,2713094369,1.408,16000,1,3d76de65beec75305298edba55202e14a2600b44e958f99ca383986821e64030,augmentation of SS-GUN-0507,CC-BY-4.0
SS-GUN-0508-A1,augmented/gunshot/SS-GUN-0508-A1.wav,Gunshot,SS-GUN-0508,train,augmented,reverb,3924415724,1.95,16000,1,326d0a37c3425751406af9e01fc263eba997fd1245d4023ce609715dab438de9,augmentation of SS-GUN-0508,CC-BY-4.0
SS-GUN-0508-A2,augmented/gunshot/SS-GUN-0508-A2.wav,Gunshot,SS-GUN-0508,train,augmented,reverb,3576798060,1.95,16000,1,b0f085846d73208825010d40291804762f119dc143ded07ec244ffc006afcabc,augmentation of SS-GUN-0508,CC-BY-4.0
SS-GUN-0509-A1,augmented/gunshot/SS-GUN-0509-A1.wav,Gunshot,SS-GUN-0509,train,augmented,stretch,2273106742,1.621,16000,1,8df1b3cdf8d28e846d93e81536107fe0773b6d1a31f1aead1430a4fedd0246d7,augmentation of SS-GUN-0509,CC-BY-4.0
SS-GUN-0509-A2,augmented/gunshot/SS-GUN-0509-A2.wav,Gunshot,SS-GUN-0509,train,augmented,pitch,4124202651,1.769,16000,1,e97aa147be4e0b0ede07bb1fb84093c5cfa3608b7fe604fb4ef466f259ac7f52,augmentation of SS-GUN-0509,CC-BY-4.0
SS-GUN-0510-A1,augmented/gunshot/SS-GUN-0510-A1.wav,Gunshot,SS-GUN-0510,train,augmented,stretch,575995318,1.649,16000,1,f9a4aa6e252cea3ef7a7a8db1bea08118c05485aa6fbad03111deaafa6ff1b33,augmentation of SS-GUN-0510,CC-BY-4.0
SS-GUN-0510-A2,augmented/gunshot/SS-GUN-0510-A2.wav,Gunshot,SS-GUN-0510,train,augmented,volume,1303746223,1.475,16000,1,2b18327bec1a52655a8be9e7fa1c071604ea84915733244878ff9f1661e3beea,augmentation of SS-GUN-0510,CC-BY-4.0
SS-GUN-0511-A1,augmented/gunshot/SS-GUN-0511-A1.wav,Gunshot,SS-GUN-0511,train,augmented,noise,2317858634,1.45,16000,1,7df20df7abad0ecec2c07635c1e3c6a2c017a6ecabb4c5ed62958af77456bce2,augmentation of SS-GUN-0511,CC-BY-4.0
SS-GUN-0511-A2,augmented/gunshot/SS-GUN-0511-A2.wav,Gunshot,SS-GUN-0511,train,augmented,noise,3579782554,1.45,16000,1,0c737578959dff72e12aa2c3b8628ce6b0e4b16e1e6d76ec105db3e8d66aac74,augmentation of SS-GUN-0511,CC-BY-4.0
SS-GUN-0512-A1,augmented/gunshot/SS-GUN-0512-A1.wav,Gunshot,SS-GUN-0512,train,augmented,pitch,3393333715,2.61,16000,1,29d45c41ae708e9bc18c94b4d2f6c52529701b9962845272e70ec9927ab918a8,augmentation of SS-GUN-0512,CC-BY-4.0
SS-GUN-0512-A2,augmented/gunshot/SS-GUN-0512-A2.wav,Gunshot,SS-GUN-0512,train,augmented,volume,3509900655,2.61,16000,1,10d94d705f97b4ec89df688a23aeff8446a419ef9cc130f5884c3e1e5ff319e8,augmentation of SS-GUN-0512,CC-BY-4.0
SS-GUN-0513-A1,augmented/gunshot/SS-GUN-0513-A1.wav,Gunshot,SS-GUN-0513,train,augmented,reverb,1822200492,2.39,16000,1,cb58e58eb4735d345a5f6d66a84c10a4b04e0124a877e58218b532ff7b439d81,augmentation of SS-GUN-0513,CC-BY-4.0
SS-GUN-0513-A2,augmented/gunshot/SS-GUN-0513-A2.wav,Gunshot,SS-GUN-0513,train,augmented,stretch,3423965870,2.619,16000,1,0d65d096754d264fa5b7562230e0b11dba3e2cf252b6cf7da41e7a067d58ce8b,augmentation of SS-GUN-0513,CC-BY-4.0
SS-GUN-0514-A1,augmented/gunshot/SS-GUN-0514-A1.wav,Gunshot,SS-GUN-0514,train,augmented,reverb,1221676684,2.68,16000,1,de38796cfa7a106ee481cf4e1cc83f559cc311a4cc13be855c0cc33af46cc404,augmentation of SS-GUN-0514,CC-BY-4.0
SS-GUN-0514-A2,augmented/gunshot/SS-GUN-0514-A2.wav,Gunshot,SS-GUN-0514,train,augmented,distance,1303985649,2.68,16000,1,6649adf2e56860720e49d3b2d529a3c3073ed5cc526c5d45052f999db60b184c,augmentation of SS-GUN-0514,CC-BY-4.0
SS-GUN-0515-A1,augmented/gunshot/SS-GUN-0515-A1.wav,Gunshot,SS-GUN-0515,train,augmented,shift,696540229,0.556,16000,1,63ec9e04188dc55fb4ff6624db0cb4a0f6d7fd4f02bb3b87b4efc9b60b50e58b,augmentation of SS-GUN-0515,CC-BY-4.0
SS-GUN-0515-A2,augmented/gunshot/SS-GUN-0515-A2.wav,Gunshot,SS-GUN-0515,train,augmented,noise,4279492546,0.556,16000,1,68895cc08fba76e4fdfee3ee35eb558e1bf55ace9205a523e0f34557a2e586f2,augmentation of SS-GUN-0515,CC-BY-4.0
SS-GUN-0516-A1,augmented/gunshot/SS-GUN-0516-A1.wav,Gunshot,SS-GUN-0516,train,augmented,pitch,649295051,2.588,16000,1,98ec65b283e370530272af8572690a2629c92b0b85eaa8674907d2720c0fcef3,augmentation of SS-GUN-0516,CC-BY-4.0
SS-GUN-0516-A2,augmented/gunshot/SS-GUN-0516-A2.wav,Gunshot,SS-GUN-0516,train,augmented,pitch,344166619,2.588,16000,1,f49b4525871ff77e9a54adf51b770ff81d6a6396f533856cb083c7633bad47ab,augmentation of SS-GUN-0516,CC-BY-4.0
SS-GUN-0517-A1,augmented/gunshot/SS-GUN-0517-A1.wav,Gunshot,SS-GUN-0517,train,augmented,noise,3254916450,1.52,16000,1,93ad2b48ec07ebe1e3458bb1ccebbf5748faad241f1589047bfb8ffc55bfb6a4,augmentation of SS-GUN-0517,CC-BY-4.0
SS-GUN-0517-A2,augmented/gunshot/SS-GUN-0517-A2.wav,Gunshot,SS-GUN-0517,train,augmented,device,1891121248,1.52,16000,1,df93448792fdd166d8e51407068b157f3ba9aab4e0311f5ca345c64dacedf217,augmentation of SS-GUN-0517,CC-BY-4.0
SS-GUN-0518-A1,augmented/gunshot/SS-GUN-0518-A1.wav,Gunshot,SS-GUN-0518,train,augmented,stretch,4028828822,1.945,16000,1,ecc8a7a9911ed14bfd6583a3a721ceab35d93f64f5587de329403c274c443534,augmentation of SS-GUN-0518,CC-BY-4.0
SS-GUN-0518-A2,augmented/gunshot/SS-GUN-0518-A2.wav,Gunshot,SS-GUN-0518,train,augmented,distance,1080654425,1.79,16000,1,35da0c3f0604cc0133b36a2e647a115b7a387ffef4478fae4d22a6a16912af5f,augmentation of SS-GUN-0518,CC-BY-4.0
SS-GUN-0519-A1,augmented/gunshot/SS-GUN-0519-A1.wav,Gunshot,SS-GUN-0519,train,augmented,distance,610729209,2.298,16000,1,e9d14f275e6a95245888804c0b128640d657726ea2aab59cb50cce9a07e2f7c3,augmentation of SS-GUN-0519,CC-BY-4.0
SS-GUN-0519-A2,augmented/gunshot/SS-GUN-0519-A2.wav,Gunshot,SS-GUN-0519,train,augmented,distance,2744429825,2.298,16000,1,9d19168190e68e5136bd948768133d502bd1bca6b3b130653478645b63d12292,augmentation of SS-GUN-0519,CC-BY-4.0
SS-GUN-0520-A1,augmented/gunshot/SS-GUN-0520-A1.wav,Gunshot,SS-GUN-0520,train,augmented,noise,2625952450,2.2,16000,1,b0212ddbd68cef88b80a8baf646daf7fbc1d5bced08d400efa2f42228b895be1,augmentation of SS-GUN-0520,CC-BY-4.0
SS-GUN-0520-A2,augmented/gunshot/SS-GUN-0520-A2.wav,Gunshot,SS-GUN-0520,train,augmented,distance,3293241865,2.2,16000,1,245eae6ca2aa5dd1d32ca4ce3741c3567ace2b9968f1ebdb0e64aa93b522e043,augmentation of SS-GUN-0520,CC-BY-4.0
SS-GUN-0521-A1,augmented/gunshot/SS-GUN-0521-A1.wav,Gunshot,SS-GUN-0521,train,augmented,noise,561894090,2.056,16000,1,d39d7899722a5024fa30a748021315c727f2b25b8ea33be51c1fe95039a49482,augmentation of SS-GUN-0521,CC-BY-4.0
SS-GUN-0521-A2,augmented/gunshot/SS-GUN-0521-A2.wav,Gunshot,SS-GUN-0521,train,augmented,distance,3112421825,2.056,16000,1,a11612f0b6e06c4ab001b0ceb350b47ec94308dea92a0b8502b1c2980a0932eb,augmentation of SS-GUN-0521,CC-BY-4.0
SS-GUN-0522-A1,augmented/gunshot/SS-GUN-0522-A1.wav,Gunshot,SS-GUN-0522,train,augmented,stretch,1100799446,1.887,16000,1,b67909cb3557666c8c592fb0f6d5eaabc60fa3fb80d48767f3030a3584ba414e,augmentation of SS-GUN-0522,CC-BY-4.0
SS-GUN-0522-A2,augmented/gunshot/SS-GUN-0522-A2.wav,Gunshot,SS-GUN-0522,train,augmented,reverb,1198497364,1.86,16000,1,0b788cce3eddd1b2ec5c90e4d11f96ecd495f3a850a0cc1ccbcb46186533039d,augmentation of SS-GUN-0522,CC-BY-4.0
SS-GUN-0523-A1,augmented/gunshot/SS-GUN-0523-A1.wav,Gunshot,SS-GUN-0523,train,augmented,shift,3429147005,1.98,16000,1,173bad4010a3c2ff8e6546f6872e80be6915d3ed9b8320c8e719fd0082e6dfdc,augmentation of SS-GUN-0523,CC-BY-4.0
SS-GUN-0523-A2,augmented/gunshot/SS-GUN-0523-A2.wav,Gunshot,SS-GUN-0523,train,augmented,distance,2432298185,1.98,16000,1,f4a5eaf42a33ad2f0095e2a9158f526d79110560620524ab025d9daed95226f2,augmentation of SS-GUN-0523,CC-BY-4.0
SS-GUN-0524-A1,augmented/gunshot/SS-GUN-0524-A1.wav,Gunshot,SS-GUN-0524,train,augmented,volume,3032195735,1.28,16000,1,5b31e5cf5ef3f0ac26448c6f148b535648257a508e6d8587be88df1dcc42e310,augmentation of SS-GUN-0524,CC-BY-4.0
SS-GUN-0524-A2,augmented/gunshot/SS-GUN-0524-A2.wav,Gunshot,SS-GUN-0524,train,augmented,shift,2745602669,1.28,16000,1,ca1646d74d6fac216c2e28135afe1cf7ddf0747636c93b74c88afabf843ca713,augmentation of SS-GUN-0524,CC-BY-4.0
SS-GUN-0525-A1,augmented/gunshot/SS-GUN-0525-A1.wav,Gunshot,SS-GUN-0525,train,augmented,pitch,3881673755,3.23,16000,1,712a60687f268170d98d17c099d02b72f390fd98e5779a8acf77f89960051fd2,augmentation of SS-GUN-0525,CC-BY-4.0
SS-GUN-0525-A2,augmented/gunshot/SS-GUN-0525-A2.wav,Gunshot,SS-GUN-0525,train,augmented,noise,674871642,3.23,16000,1,9609f9af63658b7e661bc7fb6353a042fff978164b47258d6f46bac661c3dba3,augmentation of SS-GUN-0525,CC-BY-4.0
SS-GUN-0526-A1,augmented/gunshot/SS-GUN-0526-A1.wav,Gunshot,SS-GUN-0526,train,augmented,distance,3701434377,0.85,16000,1,2ee4e17a4143c16479554fac4095c96da5828792bff237ab04796eff863ee71b,augmentation of SS-GUN-0526,CC-BY-4.0
SS-GUN-0526-A2,augmented/gunshot/SS-GUN-0526-A2.wav,Gunshot,SS-GUN-0526,train,augmented,stretch,1245949982,0.905,16000,1,0fa561ffdecca38f7acc40871622c7968c9c28f05bcc56971ab5277493c1ac36,augmentation of SS-GUN-0526,CC-BY-4.0
SS-GUN-0527-A1,augmented/gunshot/SS-GUN-0527-A1.wav,Gunshot,SS-GUN-0527,train,augmented,stretch,171322814,1.781,16000,1,a804cf84fab11738b5842282984dd9c79ed5b50c2e84c0506e5b9bedb7b90887,augmentation of SS-GUN-0527,CC-BY-4.0
SS-GUN-0527-A2,augmented/gunshot/SS-GUN-0527-A2.wav,Gunshot,SS-GUN-0527,train,augmented,stretch,2290157246,2.2,16000,1,2b7ab0b8fab7f325faec04dde5e59e72095a44c23a83ecd5972d62c5fe330549,augmentation of SS-GUN-0527,CC-BY-4.0
SS-GUN-0528-A1,augmented/gunshot/SS-GUN-0528-A1.wav,Gunshot,SS-GUN-0528,train,augmented,stretch,2141802878,1.783,16000,1,d2a1118eba919a9655054a5de23747329c41d716c78cab96d27dfdb376042500,augmentation of SS-GUN-0528,CC-BY-4.0
SS-GUN-0528-A2,augmented/gunshot/SS-GUN-0528-A2.wav,Gunshot,SS-GUN-0528,train,augmented,shift,2298438197,1.95,16000,1,1c5238d7682cea3a9bcedd05816087ad4370169db77d3a360486a590af8939c6,augmentation of SS-GUN-0528,CC-BY-4.0
SS-GUN-0529-A1,augmented/gunshot/SS-GUN-0529-A1.wav,Gunshot,SS-GUN-0529,train,augmented,shift,2984616269,1.707,16000,1,c343fa45c3e63229d30d09808879661f7fd77350aa0a983b0d4e36e4016bbfcd,augmentation of SS-GUN-0529,CC-BY-4.0
SS-GUN-0529-A2,augmented/gunshot/SS-GUN-0529-A2.wav,Gunshot,SS-GUN-0529,train,augmented,stretch,3580604518,1.495,16000,1,c0ee1a041f2114868e0f9d29952db3bb64e322a51ac2dbcd3e4d390d7fd56692,augmentation of SS-GUN-0529,CC-BY-4.0
SS-GUN-0530-A1,augmented/gunshot/SS-GUN-0530-A1.wav,Gunshot,SS-GUN-0530,train,augmented,volume,679992863,4.0,16000,1,68491b33e106f385bfeb229397b0ba1907228fd0edd36433a3774fc19195a0ee,augmentation of SS-GUN-0530,CC-BY-4.0
SS-GUN-0530-A2,augmented/gunshot/SS-GUN-0530-A2.wav,Gunshot,SS-GUN-0530,train,augmented,distance,1651471217,4.0,16000,1,063675986329617b1ab9d6e46bc5a2a0ee8e58d5a3447c90754420f456a41a0c,augmentation of SS-GUN-0530,CC-BY-4.0
SS-GUN-0531-A1,augmented/gunshot/SS-GUN-0531-A1.wav,Gunshot,SS-GUN-0531,train,augmented,noise,3713654338,4.0,16000,1,3781f13ad0218a01346eb19b76009bb5ddb83b1383a7f97c6f39ef3263582171,augmentation of SS-GUN-0531,CC-BY-4.0
SS-GUN-0531-A2,augmented/gunshot/SS-GUN-0531-A2.wav,Gunshot,SS-GUN-0531,train,augmented,distance,610094097,4.0,16000,1,16f4b8fb6e3da261141cfad241097cef4784065abe06713e1ae457ced3f57477,augmentation of SS-GUN-0531,CC-BY-4.0
SS-GUN-0532-A1,augmented/gunshot/SS-GUN-0532-A1.wav,Gunshot,SS-GUN-0532,train,augmented,distance,578596809,4.0,16000,1,020e88315f30ae9d0aaf69bb621a8c2c561aaddc737cb9f78c756eae2f27b525,augmentation of SS-GUN-0532,CC-BY-4.0
SS-GUN-0532-A2,augmented/gunshot/SS-GUN-0532-A2.wav,Gunshot,SS-GUN-0532,train,augmented,noise,3790375082,4.0,16000,1,b7adac610aeda6f2aad4712760b812fb3bb7e64c8a072e84cfab334a8ad87fa5,augmentation of SS-GUN-0532,CC-BY-4.0
SS-GUN-0533-A1,augmented/gunshot/SS-GUN-0533-A1.wav,Gunshot,SS-GUN-0533,train,augmented,volume,3666086719,4.0,16000,1,f3e0ab915aecec607e93e30864a6348dda131534f49baf61047b6e9d85be748b,augmentation of SS-GUN-0533,CC-BY-4.0
SS-GUN-0533-A2,augmented/gunshot/SS-GUN-0533-A2.wav,Gunshot,SS-GUN-0533,train,augmented,device,1541685912,4.0,16000,1,fea86546e1ab220955f3ae450dc9306a7c0b844c669d25af351bc2636c93008f,augmentation of SS-GUN-0533,CC-BY-4.0
SS-GUN-0534-A1,augmented/gunshot/SS-GUN-0534-A1.wav,Gunshot,SS-GUN-0534,train,augmented,pitch,3648302635,4.0,16000,1,f80dddd196e60e398aca1adae1d0b971310d59387cc73e377b63155a7cfccaa1,augmentation of SS-GUN-0534,CC-BY-4.0
SS-GUN-0534-A2,augmented/gunshot/SS-GUN-0534-A2.wav,Gunshot,SS-GUN-0534,train,augmented,shift,2583368925,4.0,16000,1,996ac3d0c14ca330f802c97b06a6979d244ed085f6f1b2de9b9f9662f58a52e7,augmentation of SS-GUN-0534,CC-BY-4.0
SS-GUN-0535-A1,augmented/gunshot/SS-GUN-0535-A1.wav,Gunshot,SS-GUN-0535,train,augmented,reverb,758452340,4.0,16000,1,fe405dbff855b99dab47568ce5a3258f853eb1e57627a02503e2ff24f9c0316e,augmentation of SS-GUN-0535,CC-BY-4.0
SS-GUN-0535-A2,augmented/gunshot/SS-GUN-0535-A2.wav,Gunshot,SS-GUN-0535,train,augmented,volume,416742871,4.0,16000,1,f05c8467e20940731610b8229a3d514b5020207e829a2f3369fc083bab60ea7a,augmentation of SS-GUN-0535,CC-BY-4.0
SS-GUN-0536-A1,augmented/gunshot/SS-GUN-0536-A1.wav,Gunshot,SS-GUN-0536,train,augmented,volume,1472182463,4.0,16000,1,50762b7e73ec925fd9be15af21c276cef6c93eb194fae533940d281e946f8f4d,augmentation of SS-GUN-0536,CC-BY-4.0
SS-GUN-0536-A2,augmented/gunshot/SS-GUN-0536-A2.wav,Gunshot,SS-GUN-0536,train,augmented,distance,574928449,4.0,16000,1,71c2d2809a4374bb48f2bdc22738535f6489c1bf9956ca920997c5a82429ae9b,augmentation of SS-GUN-0536,CC-BY-4.0
SS-GUN-0537-A1,augmented/gunshot/SS-GUN-0537-A1.wav,Gunshot,SS-GUN-0537,train,augmented,device,1638914064,4.0,16000,1,34cca280c259684c410740cfa1a372f26912dad5f653da45c5896f630ee0bcbb,augmentation of SS-GUN-0537,CC-BY-4.0
SS-GUN-0537-A2,augmented/gunshot/SS-GUN-0537-A2.wav,Gunshot,SS-GUN-0537,train,augmented,device,1609715192,4.0,16000,1,d5d45345b6ba65deb696e5c3f211c8a2bcd86694b25ff2d2ed89c7b7e85ea2ba,augmentation of SS-GUN-0537,CC-BY-4.0
SS-GUN-0538-A1,augmented/gunshot/SS-GUN-0538-A1.wav,Gunshot,SS-GUN-0538,train,augmented,distance,3017887177,4.0,16000,1,39242e5c7a5dc2179f1e7cae4a160184472c8c20d57d7c7c03a5907aa10d7467,augmentation of SS-GUN-0538,CC-BY-4.0
SS-GUN-0538-A2,augmented/gunshot/SS-GUN-0538-A2.wav,Gunshot,SS-GUN-0538,train,augmented,shift,1696477117,4.0,16000,1,a0cbea2e75d723788c989d8d8b1e140c5eae436825088f0fd713a2e30c5df9a7,augmentation of SS-GUN-0538,CC-BY-4.0
SS-GUN-0539-A1,augmented/gunshot/SS-GUN-0539-A1.wav,Gunshot,SS-GUN-0539,train,augmented,distance,3917104449,4.0,16000,1,eb3961b1ee684d0a3f037b5708510c738b5971ad3684e5e0c61e7a4d4295e234,augmentation of SS-GUN-0539,CC-BY-4.0
SS-GUN-0539-A2,augmented/gunshot/SS-GUN-0539-A2.wav,Gunshot,SS-GUN-0539,train,augmented,stretch,712814334,3.777,16000,1,d6bb317b42ecca3296c8735376575fd1ffb646eefb5f898b8a6c9f42330d261e,augmentation of SS-GUN-0539,CC-BY-4.0
SS-GUN-0540-A1,augmented/gunshot/SS-GUN-0540-A1.wav,Gunshot,SS-GUN-0540,train,augmented,volume,2592518359,4.0,16000,1,3dcaf45f53c823db3faa0d13ea0d9862bef9d9d1278b9e9085de8d1ea7e43416,augmentation of SS-GUN-0540,CC-BY-4.0
SS-GUN-0540-A2,augmented/gunshot/SS-GUN-0540-A2.wav,Gunshot,SS-GUN-0540,train,augmented,reverb,297132996,4.0,16000,1,4d74d59054306acdbe6d8c0af7f7a4297fc80d0473c8bcc24fb364067e6f700f,augmentation of SS-GUN-0540,CC-BY-4.0
SS-GUN-0541-A1,augmented/gunshot/SS-GUN-0541-A1.wav,Gunshot,SS-GUN-0541,train,augmented,pitch,59231451,2.13,16000,1,9bf155eb1502e1db0bdba53e2b65b0f8bf5049e6e5c74e57a17a4e6272d3efd3,augmentation of SS-GUN-0541,CC-BY-4.0
SS-GUN-0541-A2,augmented/gunshot/SS-GUN-0541-A2.wav,Gunshot,SS-GUN-0541,train,augmented,pitch,857623475,2.13,16000,1,437bf318e5434cd013b7e821159c6c8739041b7c5186d14b237a02705ca3cf0a,augmentation of SS-GUN-0541,CC-BY-4.0
SS-GUN-0542-A1,augmented/gunshot/SS-GUN-0542-A1.wav,Gunshot,SS-GUN-0542,train,augmented,shift,2671837389,1.28,16000,1,ee85e9fac93fc0a5248f1b2d2f957dfe2a1030f99d3c75b73db7ccd48fae5e04,augmentation of SS-GUN-0542,CC-BY-4.0
SS-GUN-0542-A2,augmented/gunshot/SS-GUN-0542-A2.wav,Gunshot,SS-GUN-0542,train,augmented,noise,4266386962,1.28,16000,1,e0132678928dd324cdb3f3cd09e4f79cdf6c0ee782a355d85b99fb9f78fec360,augmentation of SS-GUN-0542,CC-BY-4.0
SS-GUN-0543-A1,augmented/gunshot/SS-GUN-0543-A1.wav,Gunshot,SS-GUN-0543,train,augmented,reverb,237101164,2.19,16000,1,590267c1c41b6abef7ac40883d2373bd6de6536ea9423233227532dbccb88574,augmentation of SS-GUN-0543,CC-BY-4.0
SS-GUN-0543-A2,augmented/gunshot/SS-GUN-0543-A2.wav,Gunshot,SS-GUN-0543,train,augmented,reverb,2295442548,2.19,16000,1,fe0c57a3876ee038850156cbcd7ce1d8aac5f218fbe7dc7ad7af53927204e08c,augmentation of SS-GUN-0543,CC-BY-4.0
SS-GUN-0544-A1,augmented/gunshot/SS-GUN-0544-A1.wav,Gunshot,SS-GUN-0544,train,augmented,device,3971577648,2.256,16000,1,032af2c83645c5decd4926b7660812bb23bbe231620788f1bcad1e98446e597a,augmentation of SS-GUN-0544,CC-BY-4.0
SS-GUN-0544-A2,augmented/gunshot/SS-GUN-0544-A2.wav,Gunshot,SS-GUN-0544,train,augmented,device,3312329328,2.256,16000,1,a86a31db677dc7deacf9e9ba3db561c49fcda3d6e3c90f22c88bf55d91a9a7c3,augmentation of SS-GUN-0544,CC-BY-4.0
SS-GUN-0545-A1,augmented/gunshot/SS-GUN-0545-A1.wav,Gunshot,SS-GUN-0545,train,augmented,reverb,1459854892,2.439,16000,1,0f65be15c0fd6fc502d2312487f6e5033011e1414d289b2a0180695c6183e8a5,augmentation of SS-GUN-0545,CC-BY-4.0
SS-GUN-0545-A2,augmented/gunshot/SS-GUN-0545-A2.wav,Gunshot,SS-GUN-0545,train,augmented,pitch,1471611723,2.439,16000,1,c6923da9256014b302e940fb93a3aa4dad7da8ff3a6959ee8f3e3864ce42e78d,augmentation of SS-GUN-0545,CC-BY-4.0
SS-GUN-0546-A1,augmented/gunshot/SS-GUN-0546-A1.wav,Gunshot,SS-GUN-0546,train,augmented,shift,1216509765,2.378,16000,1,375256c44ca41ba406e66e029f9285b1ca95276d396ab8f73a5fa5ec5ed160e2,augmentation of SS-GUN-0546,CC-BY-4.0
SS-GUN-0546-A2,augmented/gunshot/SS-GUN-0546-A2.wav,Gunshot,SS-GUN-0546,train,augmented,pitch,2359408891,2.378,16000,1,c65a8449ef34e7c32d37cc6fb925a6f51e2c1eb19ff2fe11d8dcb6f708cb6eef,augmentation of SS-GUN-0546,CC-BY-4.0
SS-GUN-0547-A1,augmented/gunshot/SS-GUN-0547-A1.wav,Gunshot,SS-GUN-0547,train,augmented,noise,4177764698,1.829,16000,1,d5df81e85fb4b3e94c9baeca44e5a8312ed5ecb391c485c67627655cce3410f6,augmentation of SS-GUN-0547,CC-BY-4.0
SS-GUN-0547-A2,augmented/gunshot/SS-GUN-0547-A2.wav,Gunshot,SS-GUN-0547,train,augmented,reverb,2535740500,1.829,16000,1,db3c79cba3601a9ac78eac147e27820ca87f55ab1b89db7ead406ed0138c6190,augmentation of SS-GUN-0547,CC-BY-4.0
SS-GUN-0548-A1,augmented/gunshot/SS-GUN-0548-A1.wav,Gunshot,SS-GUN-0548,train,augmented,distance,4260056129,2.07,16000,1,086b40b7a4e1f5194948c8947dfd813bd71322f0b68d1dc1bec474af318dfd2c,augmentation of SS-GUN-0548,CC-BY-4.0
SS-GUN-0548-A2,augmented/gunshot/SS-GUN-0548-A2.wav,Gunshot,SS-GUN-0548,train,augmented,volume,4000540519,2.07,16000,1,988ab59843ef44e3d1e703c0feff0352da453b7b8019f654f40668ed55712492,augmentation of SS-GUN-0548,CC-BY-4.0
SS-GUN-0584-A1,augmented/gunshot/SS-GUN-0584-A1.wav,Gunshot,SS-GUN-0584,train,augmented,distance,2435237721,3.35,16000,1,e39b73e736df2314a3e9f3fbf8c5a83c8f3c001037c515c3c82e5ca01c26be96,augmentation of SS-GUN-0584,CC-BY-4.0
SS-GUN-0584-A2,augmented/gunshot/SS-GUN-0584-A2.wav,Gunshot,SS-GUN-0584,train,augmented,distance,2638752465,3.35,16000,1,a2378612b26450e78a34779f8812240fec1066df2ffe23229c09116f6436df11,augmentation of SS-GUN-0584,CC-BY-4.0
SS-GUN-0585-A1,augmented/gunshot/SS-GUN-0585-A1.wav,Gunshot,SS-GUN-0585,train,augmented,noise,3999210810,3.68,16000,1,95a8cb52320d2fe8e96a10fb490cdd8ec6936ccbe90593b66497dca25a309b52,augmentation of SS-GUN-0585,CC-BY-4.0
SS-GUN-0585-A2,augmented/gunshot/SS-GUN-0585-A2.wav,Gunshot,SS-GUN-0585,train,augmented,device,2873670240,3.68,16000,1,bc0f1e9a56116f668a6ada98eef9bbf635f9dfd37cbab9468f59f88b5da01785,augmentation of SS-GUN-0585,CC-BY-4.0
SS-GUN-0586-A1,augmented/gunshot/SS-GUN-0586-A1.wav,Gunshot,SS-GUN-0586,train,augmented,stretch,2971702454,2.904,16000,1,caf340bccf67b531452cb6a4fbca6627a08c2c07e79b54e9c8a70a02f62a2d4c,augmentation of SS-GUN-0586,CC-BY-4.0
SS-GUN-0586-A2,augmented/gunshot/SS-GUN-0586-A2.wav,Gunshot,SS-GUN-0586,train,augmented,pitch,554690539,3.25,16000,1,615d31011ae06469e2ffc2c960b2033c22c59a231985e60c0ac9db37b7f52ff9,augmentation of SS-GUN-0586,CC-BY-4.0
SS-GUN-0587-A1,augmented/gunshot/SS-GUN-0587-A1.wav,Gunshot,SS-GUN-0587,train,augmented,pitch,2226705363,2.947,16000,1,f0589c51c2cb9ffc82e9a6b777b257f304597466d0ec0bf761a1ade8766859fb,augmentation of SS-GUN-0587,CC-BY-4.0
SS-GUN-0587-A2,augmented/gunshot/SS-GUN-0587-A2.wav,Gunshot,SS-GUN-0587,train,augmented,shift,3811422501,2.947,16000,1,a861ec3d6c3113aad0cf912c2f1baeb895c5e4ebb85f9f7d428e3cb718e807ab,augmentation of SS-GUN-0587,CC-BY-4.0
SS-GUN-0588-A1,augmented/gunshot/SS-GUN-0588-A1.wav,Gunshot,SS-GUN-0588,train,augmented,pitch,88699491,1.956,16000,1,ed92ba2348288a0c256076f237cdd55cf1da1b4da0718f72a751a300d69ead2e,augmentation of SS-GUN-0588,CC-BY-4.0
SS-GUN-0588-A2,augmented/gunshot/SS-GUN-0588-A2.wav,Gunshot,SS-GUN-0588,train,augmented,reverb,2867957940,1.956,16000,1,225d00e294b2f1992e2092c323e3aee71c328c093adcfb3b8bda5cab725936cc,augmentation of SS-GUN-0588,CC-BY-4.0
SS-GUN-0589-A1,augmented/gunshot/SS-GUN-0589-A1.wav,Gunshot,SS-GUN-0589,train,augmented,pitch,520230179,2.36,16000,1,ff565e60072ffb77fb4083ef947db790843c649b1a6170ef860581a0365d91b6,augmentation of SS-GUN-0589,CC-BY-4.0
SS-GUN-0589-A2,augmented/gunshot/SS-GUN-0589-A2.wav,Gunshot,SS-GUN-0589,train,augmented,distance,3392520425,2.36,16000,1,de7756e18f0005255a6e6c27c15f627d51ed5052beab132b6db2bfd8815f8f18,augmentation of SS-GUN-0589,CC-BY-4.0
SS-GUN-0590-A1,augmented/gunshot/SS-GUN-0590-A1.wav,Gunshot,SS-GUN-0590,train,augmented,distance,2267453529,1.93,16000,1,eefca95557601d02244227f9bc561bf2d9a6d3a43c041ec0f7a743b7934aa8e1,augmentation of SS-GUN-0590,CC-BY-4.0
SS-GUN-0590-A2,augmented/gunshot/SS-GUN-0590-A2.wav,Gunshot,SS-GUN-0590,train,augmented,reverb,1009358652,1.93,16000,1,e499df076eb3928ff8d54a67c78d9f577f31b6625b5465b373be9d23170eb1b1,augmentation of SS-GUN-0590,CC-BY-4.0
SS-GUN-0591-A1,augmented/gunshot/SS-GUN-0591-A1.wav,Gunshot,SS-GUN-0591,train,augmented,device,2148709768,2.617,16000,1,50c88d4a15631e281a38c11d34b1e586fbebc67046d561789e6bcbdd82b6515a,augmentation of SS-GUN-0591,CC-BY-4.0
SS-GUN-0591-A2,augmented/gunshot/SS-GUN-0591-A2.wav,Gunshot,SS-GUN-0591,train,augmented,volume,4008375023,2.617,16000,1,e1b762fedc34628b32d89749a175366bcf37416c5c13a6dca6c3874a01554831,augmentation of SS-GUN-0591,CC-BY-4.0
SS-GUN-0592-A1,augmented/gunshot/SS-GUN-0592-A1.wav,Gunshot,SS-GUN-0592,train,augmented,distance,1937430449,1.55,16000,1,7f72af2af9cb762b509e160a6cc95bdb2afb5ca2b3f2b66065ad33038350687c,augmentation of SS-GUN-0592,CC-BY-4.0
SS-GUN-0592-A2,augmented/gunshot/SS-GUN-0592-A2.wav,Gunshot,SS-GUN-0592,train,augmented,stretch,1455313062,1.803,16000,1,dc249b0eddce65a71eeb59eb3070ab6960772c245f7de8a034ef1baf75c33be6,augmentation of SS-GUN-0592,CC-BY-4.0
SS-GUN-0593-A1,augmented/gunshot/SS-GUN-0593-A1.wav,Gunshot,SS-GUN-0593,train,augmented,distance,2456490449,2.03,16000,1,12f548f4036d9eebae4b38cd28101da179288f0b64f84474abc88559e52b8f06,augmentation of SS-GUN-0593,CC-BY-4.0
SS-GUN-0593-A2,augmented/gunshot/SS-GUN-0593-A2.wav,Gunshot,SS-GUN-0593,train,augmented,noise,2914732762,2.03,16000,1,628642f8056707c642d2d8ea7026eb8e93a1ba3351e01856520ba52074ea7079,augmentation of SS-GUN-0593,CC-BY-4.0
SS-GUN-0594-A1,augmented/gunshot/SS-GUN-0594-A1.wav,Gunshot,SS-GUN-0594,train,augmented,shift,3752493669,1.24,16000,1,f5ec68c58c954b5b3a61662b870228bd75ec237bfb1080ea1170f716184928fa,augmentation of SS-GUN-0594,CC-BY-4.0
SS-GUN-0594-A2,augmented/gunshot/SS-GUN-0594-A2.wav,Gunshot,SS-GUN-0594,train,augmented,volume,3536308351,1.24,16000,1,07a3116a901aa50379e84abdd480568ed9519cde2d3749d5fbbef248c5cd5e38,augmentation of SS-GUN-0594,CC-BY-4.0
SS-GUN-0595-A1,augmented/gunshot/SS-GUN-0595-A1.wav,Gunshot,SS-GUN-0595,train,augmented,distance,1863698313,1.47,16000,1,39879ffed09dcebb965d5061817078e6370fd1271d1afa8f44a0746a2031cf9f,augmentation of SS-GUN-0595,CC-BY-4.0
SS-GUN-0595-A2,augmented/gunshot/SS-GUN-0595-A2.wav,Gunshot,SS-GUN-0595,train,augmented,distance,2345016921,1.47,16000,1,2b80d22c16123055494d66aa4693c417b2b6103ec3fdf0c3d702897fa2779403,augmentation of SS-GUN-0595,CC-BY-4.0
SS-GUN-0596-A1,augmented/gunshot/SS-GUN-0596-A1.wav,Gunshot,SS-GUN-0596,train,augmented,stretch,1341156630,0.846,16000,1,d5ad47dbe97f54bb38361ac1f5a6e22655e21dc98ef776fdb35caf0fabd5e30d,augmentation of SS-GUN-0596,CC-BY-4.0
SS-GUN-0596-A2,augmented/gunshot/SS-GUN-0596-A2.wav,Gunshot,SS-GUN-0596,train,augmented,reverb,3122768444,0.95,16000,1,30f51c88ce785321e411ad8e94d1abaa2f4add7924d48b731ec1a9f96d98f0c1,augmentation of SS-GUN-0596,CC-BY-4.0
SS-GUN-0597-A1,augmented/gunshot/SS-GUN-0597-A1.wav,Gunshot,SS-GUN-0597,train,augmented,volume,3037812095,1.22,16000,1,58e82b5253b8ac085f5bd9ba05cf11464a3f6be1d5ac744725097f3b6a5fd433,augmentation of SS-GUN-0597,CC-BY-4.0
SS-GUN-0597-A2,augmented/gunshot/SS-GUN-0597-A2.wav,Gunshot,SS-GUN-0597,train,augmented,pitch,3001973523,1.22,16000,1,9f13b2443ea605736f10db46326a3568bf04d13946cee138398f5882051e69a9,augmentation of SS-GUN-0597,CC-BY-4.0
SS-GUN-0598-A1,augmented/gunshot/SS-GUN-0598-A1.wav,Gunshot,SS-GUN-0598,train,augmented,device,4147978704,0.967,16000,1,8e34516278d462ba0093e75be0c9bf8acfca96e438a7d02a989320434ef41b65,augmentation of SS-GUN-0598,CC-BY-4.0
SS-GUN-0598-A2,augmented/gunshot/SS-GUN-0598-A2.wav,Gunshot,SS-GUN-0598,train,augmented,device,2532618304,0.967,16000,1,8e34516278d462ba0093e75be0c9bf8acfca96e438a7d02a989320434ef41b65,augmentation of SS-GUN-0598,CC-BY-4.0
SS-GUN-0599-A1,augmented/gunshot/SS-GUN-0599-A1.wav,Gunshot,SS-GUN-0599,train,augmented,volume,2107578911,0.75,16000,1,a81884b5d67491060c74e2e20d9cf8c0903e0654794e028dfff79d9bb35a8b51,augmentation of SS-GUN-0599,CC-BY-4.0
SS-GUN-0599-A2,augmented/gunshot/SS-GUN-0599-A2.wav,Gunshot,SS-GUN-0599,train,augmented,device,2361121248,0.75,16000,1,7ee56655c656914ad6d7823c583230dabb936e8d0689b84ebcffa4a36dda05ec,augmentation of SS-GUN-0599,CC-BY-4.0
SS-GUN-0600-A1,augmented/gunshot/SS-GUN-0600-A1.wav,Gunshot,SS-GUN-0600,train,augmented,device,3780945952,1.009,16000,1,9c1ff845b548bc1356c11ea0cb9009dc91b4fc9688e4b56693115e9e01ee459c,augmentation of SS-GUN-0600,CC-BY-4.0
SS-GUN-0600-A2,augmented/gunshot/SS-GUN-0600-A2.wav,Gunshot,SS-GUN-0600,train,augmented,noise,2901790634,1.009,16000,1,345a75e48ad60f0ed1611f7d84815b2d7dccef31b8370391d72653429bee977e,augmentation of SS-GUN-0600,CC-BY-4.0
SS-GUN-0601-A1,augmented/gunshot/SS-GUN-0601-A1.wav,Gunshot,SS-GUN-0601,train,augmented,device,1237549200,1.03,16000,1,9e49e758201439c9c418e1daf41a7387d6e032dc3258f9e2fc90869f7b6afa02,augmentation of SS-GUN-0601,CC-BY-4.0
SS-GUN-0601-A2,augmented/gunshot/SS-GUN-0601-A2.wav,Gunshot,SS-GUN-0601,train,augmented,volume,3696335175,1.03,16000,1,57715115145d1d67635d86d8bf19a53b34420e2a012d11dfc2b3f10c933507cd,augmentation of SS-GUN-0601,CC-BY-4.0
SS-GUN-0602-A1,augmented/gunshot/SS-GUN-0602-A1.wav,Gunshot,SS-GUN-0602,train,augmented,reverb,4113143444,0.958,16000,1,81e33af8a4ab35bb3ea6d015640462d808c7388cbd8c61bd2f0780ecac47e438,augmentation of SS-GUN-0602,CC-BY-4.0
SS-GUN-0602-A2,augmented/gunshot/SS-GUN-0602-A2.wav,Gunshot,SS-GUN-0602,train,augmented,stretch,2541436862,1.032,16000,1,d3489801951f449ed2e4e2071599fccc6305c5630c24c17771de4ae3750aa1e3,augmentation of SS-GUN-0602,CC-BY-4.0
SS-GUN-0603-A1,augmented/gunshot/SS-GUN-0603-A1.wav,Gunshot,SS-GUN-0603,train,augmented,reverb,4182780972,0.907,16000,1,7bb10239bd3dde6bd2b726196cb01c12a127dd9ee27230e772822d39f327048e,augmentation of SS-GUN-0603,CC-BY-4.0
SS-GUN-0603-A2,augmented/gunshot/SS-GUN-0603-A2.wav,Gunshot,SS-GUN-0603,train,augmented,reverb,3908312236,0.907,16000,1,e5451e41f1fdba5cb8500ae66e9e96fe5f1f28c2fb2f062d286b1eeede09a530,augmentation of SS-GUN-0603,CC-BY-4.0
SS-GUN-0604-A1,augmented/gunshot/SS-GUN-0604-A1.wav,Gunshot,SS-GUN-0604,train,augmented,shift,3448525453,1.266,16000,1,1aa6cae2d70acef5a1826e06d81a166aec6da7c2729fa6e028eda4b23ba1122c,augmentation of SS-GUN-0604,CC-BY-4.0
SS-GUN-0604-A2,augmented/gunshot/SS-GUN-0604-A2.wav,Gunshot,SS-GUN-0604,train,augmented,stretch,4077100806,1.139,16000,1,f067b9cf79c610ed55fb91643c32a63359eab6d8236121e4a347fffdf465b44f,augmentation of SS-GUN-0604,CC-BY-4.0
SS-GUN-0605-A1,augmented/gunshot/SS-GUN-0605-A1.wav,Gunshot,SS-GUN-0605,train,augmented,reverb,3961772660,1.087,16000,1,c616fbf441d5835ffe135a8a64866e4927ad922be06f22f25f580bc45d3aa830,augmentation of SS-GUN-0605,CC-BY-4.0
SS-GUN-0605-A2,augmented/gunshot/SS-GUN-0605-A2.wav,Gunshot,SS-GUN-0605,train,augmented,volume,1334190023,1.087,16000,1,59a790a1928ff6b0035b845a4dd8f920aaf21a5d5fd23df15e1eb2490fbfae74,augmentation of SS-GUN-0605,CC-BY-4.0
SS-GUN-0606-A1,augmented/gunshot/SS-GUN-0606-A1.wav,Gunshot,SS-GUN-0606,train,augmented,pitch,839081947,1.157,16000,1,fce382b0d2e1f673fe943d7230d246c1b05b762451221163ae4537ed8d101d4f,augmentation of SS-GUN-0606,CC-BY-4.0
SS-GUN-0606-A2,augmented/gunshot/SS-GUN-0606-A2.wav,Gunshot,SS-GUN-0606,train,augmented,stretch,3952162398,1.239,16000,1,2fdae6ecee6fadb4ec3e65c65fd83ca2a3be6edd04630b67f17cf46059246312,augmentation of SS-GUN-0606,CC-BY-4.0
SS-GUN-0607-A1,augmented/gunshot/SS-GUN-0607-A1.wav,Gunshot,SS-GUN-0607,train,augmented,stretch,3657445950,1.201,16000,1,70b70ec3a6f1be27578b4bfcfb827e485fa87bedb4ba44c6c1ba94e2c381c39a,augmentation of SS-GUN-0607,CC-BY-4.0
SS-GUN-0607-A2,augmented/gunshot/SS-GUN-0607-A2.wav,Gunshot,SS-GUN-0607,train,augmented,stretch,1064597830,1.308,16000,1,aa8324dc91e5aa9e60bbfed56330025c46fbd1ff7e559b880b9278bab6d05809,augmentation of SS-GUN-0607,CC-BY-4.0
SS-GUN-0608-A1,augmented/gunshot/SS-GUN-0608-A1.wav,Gunshot,SS-GUN-0608,train,augmented,device,1875802752,1.1,16000,1,f974bc85ee60fe961f28e1a7f05eace77b0ad0b0f0115bed6c6937e5bce36168,augmentation of SS-GUN-0608,CC-BY-4.0
SS-GUN-0608-A2,augmented/gunshot/SS-GUN-0608-A2.wav,Gunshot,SS-GUN-0608,train,augmented,pitch,2706723763,1.1,16000,1,eaad1a97c8d9473f32c3b3aca8a506e4736147ca723ffd80b3931222ba8172e5,augmentation of SS-GUN-0608,CC-BY-4.0
SS-GUN-0609-A1,augmented/gunshot/SS-GUN-0609-A1.wav,Gunshot,SS-GUN-0609,train,augmented,stretch,3814603494,1.019,16000,1,066b06b2298ec4e2b4974b55ffae124efafacae3dd4bdd44ea09d91a303c8018,augmentation of SS-GUN-0609,CC-BY-4.0
SS-GUN-0609-A2,augmented/gunshot/SS-GUN-0609-A2.wav,Gunshot,SS-GUN-0609,train,augmented,stretch,2370075742,1.133,16000,1,6867d3254c58ae8125a357b2995e06e7a4040ddb05c75f736c239c317ac8be4d,augmentation of SS-GUN-0609,CC-BY-4.0
SS-GUN-0610-A1,augmented/gunshot/SS-GUN-0610-A1.wav,Gunshot,SS-GUN-0610,train,augmented,distance,655291969,1.06,16000,1,a2674d9c846689496d53b1a9387c02490c2d99e3f3c2a5aef5762f37cd4d9349,augmentation of SS-GUN-0610,CC-BY-4.0
SS-GUN-0610-A2,augmented/gunshot/SS-GUN-0610-A2.wav,Gunshot,SS-GUN-0610,train,augmented,pitch,1779078219,1.06,16000,1,9deb6630baa2d2692c23f25b5209459f2d5cba7cdee63ac17fe89439f84a8832,augmentation of SS-GUN-0610,CC-BY-4.0
SS-GUN-0611-A1,augmented/gunshot/SS-GUN-0611-A1.wav,Gunshot,SS-GUN-0611,train,augmented,pitch,1449707187,0.975,16000,1,b2f64a1dd6314acbe3b5334f2b8c6e0f0daf6ec89f00e0a7fa757bbec79b1091,augmentation of SS-GUN-0611,CC-BY-4.0
SS-GUN-0611-A2,augmented/gunshot/SS-GUN-0611-A2.wav,Gunshot,SS-GUN-0611,train,augmented,reverb,2338738332,0.975,16000,1,1cebebf8d0dbb55816801bf7d9da0bc9cada065adf1f48b736a8753b4671217f,augmentation of SS-GUN-0611,CC-BY-4.0
SS-GUN-0612-A1,augmented/gunshot/SS-GUN-0612-A1.wav,Gunshot,SS-GUN-0612,train,augmented,distance,4202620481,0.797,16000,1,4eff50dd19c8127e659c4899337a289cd33f1ec2a4ff30e76af149551fb1ea71,augmentation of SS-GUN-0612,CC-BY-4.0
SS-GUN-0612-A2,augmented/gunshot/SS-GUN-0612-A2.wav,Gunshot,SS-GUN-0612,train,augmented,pitch,3209687851,0.797,16000,1,226463abf038ad05915289bf6aeb498d1ddfdde35a6f679028b31c4f6938acf0,augmentation of SS-GUN-0612,CC-BY-4.0
SS-GUN-0613-A1,augmented/gunshot/SS-GUN-0613-A1.wav,Gunshot,SS-GUN-0613,train,augmented,stretch,1303700294,0.888,16000,1,4b56912fb82dc1ce6f38c3a89bbba47777b29308e5680af2432c381039e42df1,augmentation of SS-GUN-0613,CC-BY-4.0
SS-GUN-0613-A2,augmented/gunshot/SS-GUN-0613-A2.wav,Gunshot,SS-GUN-0613,train,augmented,reverb,1304115052,0.91,16000,1,66ba8f0c1448355cb7232317b6409019f645e915692b97e3236fa76fb1f1a621,augmentation of SS-GUN-0613,CC-BY-4.0
SS-GUN-0614-A1,augmented/gunshot/SS-GUN-0614-A1.wav,Gunshot,SS-GUN-0614,train,augmented,pitch,1064990443,1.126,16000,1,ba3b112ab1dd935eab1f4bf20bc5d5c07a28ed283deb93dbf728564127ff9dd8,augmentation of SS-GUN-0614,CC-BY-4.0
SS-GUN-0614-A2,augmented/gunshot/SS-GUN-0614-A2.wav,Gunshot,SS-GUN-0614,train,augmented,pitch,1761975363,1.126,16000,1,39986bd7efd1b841c8b03c1263cc8842406a606353fecd181738c0654a6fcab7,augmentation of SS-GUN-0614,CC-BY-4.0
SS-GUN-0615-A1,augmented/gunshot/SS-GUN-0615-A1.wav,Gunshot,SS-GUN-0615,train,augmented,shift,3355647941,1.23,16000,1,d9b93cab379a56edb512a8105b1bf8077e19b6d2ef3d974bc19e5e0e7f444aeb,augmentation of SS-GUN-0615,CC-BY-4.0
SS-GUN-0615-A2,augmented/gunshot/SS-GUN-0615-A2.wav,Gunshot,SS-GUN-0615,train,augmented,shift,2785436093,1.23,16000,1,9059aacdcae22c1fcc0f966f4add511605fd2188f42c8a1427e224cc65742780,augmentation of SS-GUN-0615,CC-BY-4.0
SS-GUN-0616-A1,augmented/gunshot/SS-GUN-0616-A1.wav,Gunshot,SS-GUN-0616,train,augmented,device,4202378096,1.38,16000,1,327e33781c7937e5d89aaac614bfb104f469870c521d5868d83495398fbc14c1,augmentation of SS-GUN-0616,CC-BY-4.0
SS-GUN-0616-A2,augmented/gunshot/SS-GUN-0616-A2.wav,Gunshot,SS-GUN-0616,train,augmented,device,2889418432,1.38,16000,1,18ceee28a2c8ff50747ff8c222ae8c74a5795a880f9c8ba21b0431a00820bfdb,augmentation of SS-GUN-0616,CC-BY-4.0
SS-GUN-0617-A1,augmented/gunshot/SS-GUN-0617-A1.wav,Gunshot,SS-GUN-0617,train,augmented,shift,318674133,0.92,16000,1,4a012fc5212e6b4b0bda0a76ae9c9aeeb3e10bda736d69bb6b3836652ece4428,augmentation of SS-GUN-0617,CC-BY-4.0
SS-GUN-0617-A2,augmented/gunshot/SS-GUN-0617-A2.wav,Gunshot,SS-GUN-0617,train,augmented,distance,2258122273,0.92,16000,1,52f167eb4d19853f803eb04890bc24a4e8cc5f3b9161ebbaf0a31ab6e2cb0cdd,augmentation of SS-GUN-0617,CC-BY-4.0
SS-GUN-0618-A1,augmented/gunshot/SS-GUN-0618-A1.wav,Gunshot,SS-GUN-0618,train,augmented,noise,2303077546,0.98,16000,1,b229a87740325208d6348731d28864a98092d03bca331021044e3f8ef1d10e2b,augmentation of SS-GUN-0618,CC-BY-4.0
SS-GUN-0618-A2,augmented/gunshot/SS-GUN-0618-A2.wav,Gunshot,SS-GUN-0618,train,augmented,distance,1183164497,0.98,16000,1,eeb0788e1f8b6fbc5ad0e091d6cecd692bdf8b882b69e6c95fb756c3a072c710,augmentation of SS-GUN-0618,CC-BY-4.0
SS-GUN-0619-A1,augmented/gunshot/SS-GUN-0619-A1.wav,Gunshot,SS-GUN-0619,train,augmented,shift,2161588773,0.98,16000,1,66ab3d3cd01b959f59f1143aea85b42a2c944a09d18160732a63ebc8b9f69f35,augmentation of SS-GUN-0619,CC-BY-4.0
SS-GUN-0619-A2,augmented/gunshot/SS-GUN-0619-A2.wav,Gunshot,SS-GUN-0619,train,augmented,device,3215119784,0.98,16000,1,0ca92c8d1536ee3f0009cfac6343bcd755321ca0f86fe5d716a94ec0c4984237,augmentation of SS-GUN-0619,CC-BY-4.0
SS-GUN-0620-A1,augmented/gunshot/SS-GUN-0620-A1.wav,Gunshot,SS-GUN-0620,train,augmented,noise,381152410,0.5,16000,1,9c2f731cb6eb687bdd3e2c1d749cc23c659f32962f5a249c5ca17d834ceb6c52,augmentation of SS-GUN-0620,CC-BY-4.0
SS-GUN-0620-A2,augmented/gunshot/SS-GUN-0620-A2.wav,Gunshot,SS-GUN-0620,train,augmented,distance,3519807401,0.5,16000,1,1973135821cc42bbc6dcf5c6e03ddcd6118c734bc4a3db8d9caef292bb2e6c97,augmentation of SS-GUN-0620,CC-BY-4.0
SS-GUN-0622-A1,augmented/gunshot/SS-GUN-0622-A1.wav,Gunshot,SS-GUN-0622,train,augmented,pitch,1355091411,1.02,16000,1,ab01901006680edccb36d327daacef7d6335b0ffe332fba5cc39a756792f81c0,augmentation of SS-GUN-0622,CC-BY-4.0
SS-GUN-0622-A2,augmented/gunshot/SS-GUN-0622-A2.wav,Gunshot,SS-GUN-0622,train,augmented,pitch,686131611,1.02,16000,1,ecec10494c37e99c77555d33dd8a7de9446b138517c49439cf1dfe4423f65da5,augmentation of SS-GUN-0622,CC-BY-4.0
SS-GUN-0630-A1,augmented/gunshot/SS-GUN-0630-A1.wav,Gunshot,SS-GUN-0630,train,augmented,device,2805930208,1.478,16000,1,0375548f6d676c59b1058d01be6bfd31f9a7501abb13b8c9b59e0e1a4e499285,augmentation of SS-GUN-0630,CC-BY-4.0
SS-GUN-0630-A2,augmented/gunshot/SS-GUN-0630-A2.wav,Gunshot,SS-GUN-0630,train,augmented,device,1211643632,1.478,16000,1,16279759d09bb2e3daa7f2eca095b036edae0153264e9a04b12c7ae40a036fb7,augmentation of SS-GUN-0630,CC-BY-4.0
SS-GUN-0631-A1,augmented/gunshot/SS-GUN-0631-A1.wav,Gunshot,SS-GUN-0631,train,augmented,noise,251231666,1.88,16000,1,2adceedb89323139576a0f2d49e4b4321aad62930c64928977006c002337159a,augmentation of SS-GUN-0631,CC-BY-4.0
SS-GUN-0631-A2,augmented/gunshot/SS-GUN-0631-A2.wav,Gunshot,SS-GUN-0631,train,augmented,stretch,4284146406,1.661,16000,1,b865ba49bde867b2776fd597420308a4e29d618ba70885325ab5e4c6ab10ff6b,augmentation of SS-GUN-0631,CC-BY-4.0
SS-GUN-0632-A1,augmented/gunshot/SS-GUN-0632-A1.wav,Gunshot,SS-GUN-0632,train,augmented,pitch,3410826467,0.66,16000,1,683db620203fc35c23241329564881b63e23be0b6ecd46343f612adbe1ebfec9,augmentation of SS-GUN-0632,CC-BY-4.0
SS-GUN-0632-A2,augmented/gunshot/SS-GUN-0632-A2.wav,Gunshot,SS-GUN-0632,train,augmented,shift,2500127349,0.66,16000,1,8064d6a262072e6c47dc611c5481301e119565e5b54eb6797ae9c50ca76f650c,augmentation of SS-GUN-0632,CC-BY-4.0
SS-GUN-0633-A1,augmented/gunshot/SS-GUN-0633-A1.wav,Gunshot,SS-GUN-0633,train,augmented,device,4032552536,0.819,16000,1,cb8ea35e1af8583bed078415135e09839f97173f2cdd0d913311ef2bf7526223,augmentation of SS-GUN-0633,CC-BY-4.0
SS-GUN-0633-A2,augmented/gunshot/SS-GUN-0633-A2.wav,Gunshot,SS-GUN-0633,train,augmented,stretch,3539248678,0.761,16000,1,65121331664d957ab89a62cd8b369d6bd3c3f2e94c1e55e2845dddbe612d15d9,augmentation of SS-GUN-0633,CC-BY-4.0
SS-GUN-0634-A1,augmented/gunshot/SS-GUN-0634-A1.wav,Gunshot,SS-GUN-0634,train,augmented,distance,1476221833,0.94,16000,1,a383134028438d8097059de97ab09d56f4b8464885b6a36ddfa99405f28334be,augmentation of SS-GUN-0634,CC-BY-4.0
SS-GUN-0634-A2,augmented/gunshot/SS-GUN-0634-A2.wav,Gunshot,SS-GUN-0634,train,augmented,shift,632417373,0.94,16000,1,992702192f4128321eee0ec61600c6649db8da71e490d42739dbc22265203032,augmentation of SS-GUN-0634,CC-BY-4.0
SS-GUN-0635-A1,augmented/gunshot/SS-GUN-0635-A1.wav,Gunshot,SS-GUN-0635,train,augmented,device,232315816,1.27,16000,1,bed09be2cea1c6d9426624ec2e86233e255b477455dc5e4c6c844a163ce22205,augmentation of SS-GUN-0635,CC-BY-4.0
SS-GUN-0635-A2,augmented/gunshot/SS-GUN-0635-A2.wav,Gunshot,SS-GUN-0635,train,augmented,shift,736942613,1.27,16000,1,70a0b476596cd019a1e2eae5a0e1d752977a3e6974a8fbb18c51604d905cc9e8,augmentation of SS-GUN-0635,CC-BY-4.0
SS-GUN-0636-A1,augmented/gunshot/SS-GUN-0636-A1.wav,Gunshot,SS-GUN-0636,train,augmented,noise,2843546034,1.49,16000,1,d37cc4ae7b00bc2f264f3452a315cb0db7cbf650f3e95985514ee7f40a5c61c0,augmentation of SS-GUN-0636,CC-BY-4.0
SS-GUN-0636-A2,augmented/gunshot/SS-GUN-0636-A2.wav,Gunshot,SS-GUN-0636,train,augmented,pitch,3065744323,1.49,16000,1,d71f3dead36b1edcb5f7b93a7b6bce70ca0a46ee2cdc0a1119ffedce7a8dfaf2,augmentation of SS-GUN-0636,CC-BY-4.0
SS-GUN-0637-A1,augmented/gunshot/SS-GUN-0637-A1.wav,Gunshot,SS-GUN-0637,train,augmented,volume,81228951,0.7,16000,1,9bfcea582a9f0acb9a6b968a02063b479dab7149cb380ca89ab2f2710b0cac31,augmentation of SS-GUN-0637,CC-BY-4.0
SS-GUN-0637-A2,augmented/gunshot/SS-GUN-0637-A2.wav,Gunshot,SS-GUN-0637,train,augmented,device,3853336888,0.7,16000,1,7e72f3e3bb0e6f680349bf6e6b733537dc564b54f373273127758c673b5feb94,augmentation of SS-GUN-0637,CC-BY-4.0
SS-GUN-0638-A1,augmented/gunshot/SS-GUN-0638-A1.wav,Gunshot,SS-GUN-0638,train,augmented,noise,3145957906,1.208,16000,1,4d951d590fc3b196f5863d104586419dcf04cb9074f3f4323c299bf17166f712,augmentation of SS-GUN-0638,CC-BY-4.0
SS-GUN-0638-A2,augmented/gunshot/SS-GUN-0638-A2.wav,Gunshot,SS-GUN-0638,train,augmented,reverb,53312172,1.208,16000,1,49e378d3f4f05a94afb871f275effe62206ccf2f872d3c8ee1adea25cbae1cfe,augmentation of SS-GUN-0638,CC-BY-4.0
SS-GUN-0639-A1,augmented/gunshot/SS-GUN-0639-A1.wav,Gunshot,SS-GUN-0639,train,augmented,stretch,2212783694,1.12,16000,1,f104f612bde903e065851ce1a857f6b167655a036741ff6023ddfe94e587a8df,augmentation of SS-GUN-0639,CC-BY-4.0
SS-GUN-0639-A2,augmented/gunshot/SS-GUN-0639-A2.wav,Gunshot,SS-GUN-0639,train,augmented,volume,780105079,1.188,16000,1,6c6f0e284a90508659c2c975d22d6fa8449f17114dcb09e8fbaf1e59ddee237c,augmentation of SS-GUN-0639,CC-BY-4.0
SS-GUN-0640-A1,augmented/gunshot/SS-GUN-0640-A1.wav,Gunshot,SS-GUN-0640,train,augmented,volume,1772128559,1.46,16000,1,1381219589d18947c199c32a2584ff48da45dc4000e855aef2b4abd00a99059f,augmentation of SS-GUN-0640,CC-BY-4.0
SS-GUN-0640-A2,augmented/gunshot/SS-GUN-0640-A2.wav,Gunshot,SS-GUN-0640,train,augmented,noise,1324320042,1.46,16000,1,13daa12d2c00a526f6ab8979d80d256f6924f9c8ed358e0f003e21ff6260f85b,augmentation of SS-GUN-0640,CC-BY-4.0
SS-GUN-0641-A1,augmented/gunshot/SS-GUN-0641-A1.wav,Gunshot,SS-GUN-0641,train,augmented,device,782156096,1.02,16000,1,9744a499964829e0796a60330933dc8b90e09bd07f2e2bf0ead71e2ff52f3bbf,augmentation of SS-GUN-0641,CC-BY-4.0
SS-GUN-0641-A2,augmented/gunshot/SS-GUN-0641-A2.wav,Gunshot,SS-GUN-0641,train,augmented,pitch,2723701595,1.02,16000,1,08a4274da76d6df5f2e88c3096866eb80f05aa1ae0c63c8dbd3e02269678379c,augmentation of SS-GUN-0641,CC-BY-4.0
SS-GUN-0642-A1,augmented/gunshot/SS-GUN-0642-A1.wav,Gunshot,SS-GUN-0642,train,augmented,noise,166124466,1.206,16000,1,a485f1bc83a594d09084caef4e33b39a1a50b7c4168202027e8d3edbe15889da,augmentation of SS-GUN-0642,CC-BY-4.0
SS-GUN-0642-A2,augmented/gunshot/SS-GUN-0642-A2.wav,Gunshot,SS-GUN-0642,train,augmented,volume,3960537751,1.206,16000,1,c4934d4262953d4ba62b545e8b0417455fd580ba318dacf8a3263babe0d42076,augmentation of SS-GUN-0642,CC-BY-4.0
SS-GUN-0643-A1,augmented/gunshot/SS-GUN-0643-A1.wav,Gunshot,SS-GUN-0643,train,augmented,stretch,2941782150,1.108,16000,1,1e80fef7626b841aab78444abda1c7495c58a8bd201afaae17ebfc9ed32ea262,augmentation of SS-GUN-0643,CC-BY-4.0
SS-GUN-0643-A2,augmented/gunshot/SS-GUN-0643-A2.wav,Gunshot,SS-GUN-0643,train,augmented,stretch,2232503318,1.069,16000,1,5e0b6765d840c6c71360b212f5812e5fea1ad1b74b8b9d6bbe132f751cfbdacf,augmentation of SS-GUN-0643,CC-BY-4.0
SS-GUN-0647-A1,augmented/gunshot/SS-GUN-0647-A1.wav,Gunshot,SS-GUN-0647,train,augmented,noise,3507867930,0.817,16000,1,a25ca3792aad63214f423f7f279db5ba6145e30ed3e85dc251e3fae33163e883,augmentation of SS-GUN-0647,CC-BY-4.0
SS-GUN-0647-A2,augmented/gunshot/SS-GUN-0647-A2.wav,Gunshot,SS-GUN-0647,train,augmented,device,1628221880,0.817,16000,1,5c47b93af96ef02d10a1baa33bd719d5c9166c600a3016bfd1571ec33c67c72e,augmentation of SS-GUN-0647,CC-BY-4.0
SS-GUN-0648-A1,augmented/gunshot/SS-GUN-0648-A1.wav,Gunshot,SS-GUN-0648,train,augmented,shift,1298255653,1.596,16000,1,fbc56a7684a26a1bb0efaaec6072e05df80d96459967838cc35b184ff9319a5d,augmentation of SS-GUN-0648,CC-BY-4.0
SS-GUN-0648-A2,augmented/gunshot/SS-GUN-0648-A2.wav,Gunshot,SS-GUN-0648,train,augmented,volume,2314998263,1.596,16000,1,0c46c4bd8d879432cf5f531f1a6b6b5eda39357c25590b45fc4a7364dc06820a,augmentation of SS-GUN-0648,CC-BY-4.0
SS-GUN-0649-A1,augmented/gunshot/SS-GUN-0649-A1.wav,Gunshot,SS-GUN-0649,train,augmented,pitch,1552865571,1.85,16000,1,1baba674b7ef7ae8f5f3c3e8f5d1c601c6f093543101ea4c906dce360bbb25ab,augmentation of SS-GUN-0649,CC-BY-4.0
SS-GUN-0649-A2,augmented/gunshot/SS-GUN-0649-A2.wav,Gunshot,SS-GUN-0649,train,augmented,device,593734680,1.85,16000,1,6bc06ae4f83c270702968b869658e8d5ac33a567669265f939758c4d5ef91b8d,augmentation of SS-GUN-0649,CC-BY-4.0
SS-GUN-0650-A1,augmented/gunshot/SS-GUN-0650-A1.wav,Gunshot,SS-GUN-0650,train,augmented,reverb,2088773780,1.74,16000,1,5fbef1971f9aa6fea5fd0d76692cfb97e8b86f85678a02e9751ef9a75977d4c4,augmentation of SS-GUN-0650,CC-BY-4.0
SS-GUN-0650-A2,augmented/gunshot/SS-GUN-0650-A2.wav,Gunshot,SS-GUN-0650,train,augmented,volume,4182212367,1.74,16000,1,87d2c5aed69a86d9de95e89096d945a35b280d0bbcde83b7fce5a3b7002d5046,augmentation of SS-GUN-0650,CC-BY-4.0
SS-GUN-0651-A1,augmented/gunshot/SS-GUN-0651-A1.wav,Gunshot,SS-GUN-0651,train,augmented,device,2074196416,3.44,16000,1,01ac396141dc35d898929bd9821f293963071c4283c0d9ab5a598eb4bff9aa07,augmentation of SS-GUN-0651,CC-BY-4.0
SS-GUN-0651-A2,augmented/gunshot/SS-GUN-0651-A2.wav,Gunshot,SS-GUN-0651,train,augmented,distance,2881181609,3.44,16000,1,7d47a660b197586c3b215a4cbf2fea8053756d0d62d3d423eb542e26590530df,augmentation of SS-GUN-0651,CC-BY-4.0
SS-GUN-0652-A1,augmented/gunshot/SS-GUN-0652-A1.wav,Gunshot,SS-GUN-0652,train,augmented,distance,3378191361,2.928,16000,1,82623e6a39584ad76a616d579e34521a559816893307227a313612acf13ed6e5,augmentation of SS-GUN-0652,CC-BY-4.0
SS-GUN-0652-A2,augmented/gunshot/SS-GUN-0652-A2.wav,Gunshot,SS-GUN-0652,train,augmented,stretch,2442542502,3.118,16000,1,1db72a782eab5f9266a36c1f778edff3a315f187fb40eb42a8e74611f606e82f,augmentation of SS-GUN-0652,CC-BY-4.0
SS-GUN-0653-A1,augmented/gunshot/SS-GUN-0653-A1.wav,Gunshot,SS-GUN-0653,train,augmented,device,2465216328,3.2,16000,1,e0648639787f99b6ccab0c6f0bed38b4f78e4dda456873245e1190399d1762fe,augmentation of SS-GUN-0653,CC-BY-4.0
SS-GUN-0653-A2,augmented/gunshot/SS-GUN-0653-A2.wav,Gunshot,SS-GUN-0653,train,augmented,shift,3075451189,3.2,16000,1,ab8870a6cb6c3ab542ee439552b3eda5c035a0031fb4f45f2f9a986f42fd3dd6,augmentation of SS-GUN-0653,CC-BY-4.0
SS-GUN-0654-A1,augmented/gunshot/SS-GUN-0654-A1.wav,Gunshot,SS-GUN-0654,train,augmented,volume,2637024207,1.969,16000,1,8cee531780b66c926a1e7a852e0fe13639b29098fd2da186bab546bd690277ba,augmentation of SS-GUN-0654,CC-BY-4.0
SS-GUN-0654-A2,augmented/gunshot/SS-GUN-0654-A2.wav,Gunshot,SS-GUN-0654,train,augmented,pitch,2994948547,1.969,16000,1,e047b4782ca8252ca166f653acffbe1e34c5eb09ed1922647721064ab6d2dfb9,augmentation of SS-GUN-0654,CC-BY-4.0
SS-GUN-0655-A1,augmented/gunshot/SS-GUN-0655-A1.wav,Gunshot,SS-GUN-0655,train,augmented,stretch,1792273230,1.314,16000,1,722e8a7eff43a7b34ed5dffb3cb4664af72883c9286774b7f42435ff5c0d2c02,augmentation of SS-GUN-0655,CC-BY-4.0
SS-GUN-0655-A2,augmented/gunshot/SS-GUN-0655-A2.wav,Gunshot,SS-GUN-0655,train,augmented,reverb,2161555660,1.169,16000,1,49d8e920821352ce772b93ed64b06da2ed37f960833a60fe18f6fcc646e61180,augmentation of SS-GUN-0655,CC-BY-4.0
SS-GUN-0656-A1,augmented/gunshot/SS-GUN-0656-A1.wav,Gunshot,SS-GUN-0656,train,augmented,reverb,2849703132,0.897,16000,1,3952b487f928f6f3fe54af357ecff98eeb32460ff100865cc3dbd2bed522c2f3,augmentation of SS-GUN-0656,CC-BY-4.0
SS-GUN-0656-A2,augmented/gunshot/SS-GUN-0656-A2.wav,Gunshot,SS-GUN-0656,train,augmented,shift,3195684389,0.897,16000,1,cc26525e6551adbbfefdd23695c4855ed155bf5c2cd39c9694909750493cdd58,augmentation of SS-GUN-0656,CC-BY-4.0
SS-GUN-0657-A1,augmented/gunshot/SS-GUN-0657-A1.wav,Gunshot,SS-GUN-0657,train,augmented,volume,4293732847,0.94,16000,1,5e15f72e24438936a66356459e907b759c21a5b80be98e0747353bf548b3c30a,augmentation of SS-GUN-0657,CC-BY-4.0
SS-GUN-0657-A2,augmented/gunshot/SS-GUN-0657-A2.wav,Gunshot,SS-GUN-0657,train,augmented,reverb,790107004,0.94,16000,1,9bbf4c6455e0b0ae142812c1e73f8c969f1f5b9b925042caee4916962193b19e,augmentation of SS-GUN-0657,CC-BY-4.0
SS-HAL-0504-A1,augmented/person_asking_for_help/SS-HAL-0504-A1.wav,Person Asking for Help,SS-HAL-0504,train,augmented,noise,14854218,1.289,16000,1,1ae5e033a42cb3839e2e2e68814f14994850a1c984e3ad57be566a2ef3da7ad0,augmentation of SS-HAL-0504,CC0-1.0
SS-HAL-0504-A2,augmented/person_asking_for_help/SS-HAL-0504-A2.wav,Person Asking for Help,SS-HAL-0504,train,augmented,pitch,661931803,1.289,16000,1,c7bc8c8d5f71a728bd568af53786eb0e0f6aab1c22515d5180ec2db36e286691,augmentation of SS-HAL-0504,CC0-1.0
SS-HAL-0505-A1,augmented/person_asking_for_help/SS-HAL-0505-A1.wav,Person Asking for Help,SS-HAL-0505,train,augmented,distance,2499996921,0.6,16000,1,acfd4c7c7339521cfefe564445288545e45905708e88e603b02a695587b871e9,augmentation of SS-HAL-0505,CC0-1.0
SS-HAL-0505-A2,augmented/person_asking_for_help/SS-HAL-0505-A2.wav,Person Asking for Help,SS-HAL-0505,train,augmented,reverb,3358946404,0.6,16000,1,8bc4d5d0493cd7d620c93ed76bca30e99312f5fe2f888377536c76a769684199,augmentation of SS-HAL-0505,CC0-1.0
SS-HAL-0509-A1,augmented/person_asking_for_help/SS-HAL-0509-A1.wav,Person Asking for Help,SS-HAL-0509,train,augmented,distance,780603985,1.289,16000,1,e0918597ec2782c7447798df87b0094186eea78738ec386cc2311314e1c41285,augmentation of SS-HAL-0509,CC0-1.0
SS-HAL-0509-A2,augmented/person_asking_for_help/SS-HAL-0509-A2.wav,Person Asking for Help,SS-HAL-0509,train,augmented,distance,1802824225,1.289,16000,1,109d723ca07866bba66cf05fcba3b558f0eca7f7f6b017edd5afdbcb73387522,augmentation of SS-HAL-0509,CC0-1.0
SS-HAL-0510-A1,augmented/person_asking_for_help/SS-HAL-0510-A1.wav,Person Asking for Help,SS-HAL-0510,train,augmented,pitch,77092379,0.6,16000,1,3cc003a542047b52721aa204b238a160074b964ecc069ebde938706d9e296fae,augmentation of SS-HAL-0510,CC0-1.0
SS-HAL-0510-A2,augmented/person_asking_for_help/SS-HAL-0510-A2.wav,Person Asking for Help,SS-HAL-0510,train,augmented,volume,1430244239,0.6,16000,1,01cb2f750158ea6942ccd592215e9dc9899f31afa095b0f1455af5ccae7bcb79,augmentation of SS-HAL-0510,CC0-1.0
SS-HAL-0511-A1,augmented/person_asking_for_help/SS-HAL-0511-A1.wav,Person Asking for Help,SS-HAL-0511,train,augmented,shift,2140463149,0.952,16000,1,4ab2043c452478a81973172d09eaedb84c33f55ebfaadbb42b73cfc0587bf58c,augmentation of SS-HAL-0511,CC0-1.0
SS-HAL-0511-A2,augmented/person_asking_for_help/SS-HAL-0511-A2.wav,Person Asking for Help,SS-HAL-0511,train,augmented,noise,574919818,0.952,16000,1,37cf2b890e9c08dac400ae3aa18b4a47c17b8db2e6df09242d1b78ef327e9c56,augmentation of SS-HAL-0511,CC0-1.0
SS-HAL-0512-A1,augmented/person_asking_for_help/SS-HAL-0512-A1.wav,Person Asking for Help,SS-HAL-0512,train,augmented,device,3890294184,1.212,16000,1,2cf0a25b24c2e4c93721ab8f3588438fe09f3ccbc892e26daa08c64026a9e88e,augmentation of SS-HAL-0512,CC0-1.0
SS-HAL-0512-A2,augmented/person_asking_for_help/SS-HAL-0512-A2.wav,Person Asking for Help,SS-HAL-0512,train,augmented,noise,4290626050,1.212,16000,1,b7fa1f1daa82ba1af04c93df0a46fcd9727cfbf00314db927950405808e08da5,augmentation of SS-HAL-0512,CC0-1.0
SS-HAL-0515-A1,augmented/person_asking_for_help/SS-HAL-0515-A1.wav,Person Asking for Help,SS-HAL-0515,train,augmented,volume,2889163663,2.172,16000,1,b674e69128cb0a1ba000d567e7aaa517be92f807683b811f863e0149aff56185,augmentation of SS-HAL-0515,CC0-1.0
SS-HAL-0515-A2,augmented/person_asking_for_help/SS-HAL-0515-A2.wav,Person Asking for Help,SS-HAL-0515,train,augmented,stretch,1502389278,2.249,16000,1,aa4219afdda500249e12c25b1059b023e3505134970b148cd708980c19c03d08,augmentation of SS-HAL-0515,CC0-1.0
SS-HAL-0517-A1,augmented/person_asking_for_help/SS-HAL-0517-A1.wav,Person Asking for Help,SS-HAL-0517,train,augmented,device,338736760,1.229,16000,1,ab96063fc25db468486c4f11b97672e94c5ace754ecfcf6374470294ce1608c7,augmentation of SS-HAL-0517,CC0-1.0
SS-HAL-0517-A2,augmented/person_asking_for_help/SS-HAL-0517-A2.wav,Person Asking for Help,SS-HAL-0517,train,augmented,stretch,563946374,1.167,16000,1,5b345b07f5b718a905f5bb0cba7c868c288f2989ceb57ea74ba88f667e890af6,augmentation of SS-HAL-0517,CC0-1.0
SS-HAL-0518-A1,augmented/person_asking_for_help/SS-HAL-0518-A1.wav,Person Asking for Help,SS-HAL-0518,train,augmented,stretch,246935166,1.428,16000,1,5fe3d60a0380662e0a6c89e80dbb3ea7ee91b02ba9a35571834803faf2588576,augmentation of SS-HAL-0518,CC0-1.0
SS-HAL-0518-A2,augmented/person_asking_for_help/SS-HAL-0518-A2.wav,Person Asking for Help,SS-HAL-0518,train,augmented,noise,4248924450,1.343,16000,1,d0f1eb7681070c71832b536ebbb26a7b2dc3185db1e1802660c56425b7a6edf3,augmentation of SS-HAL-0518,CC0-1.0
SS-HAL-0519-A1,augmented/person_asking_for_help/SS-HAL-0519-A1.wav,Person Asking for Help,SS-HAL-0519,train,augmented,stretch,3439043230,1.82,16000,1,fabbfe668d7638bd25eea776bba61b558828fa385003b2bff42b96c74b1b1131,augmentation of SS-HAL-0519,CC0-1.0
SS-HAL-0519-A2,augmented/person_asking_for_help/SS-HAL-0519-A2.wav,Person Asking for Help,SS-HAL-0519,train,augmented,stretch,3926787110,1.887,16000,1,21f4f690a997f05911144f3d174800ca6bf0e39112044b2ed46ac1ca7fd6809f,augmentation of SS-HAL-0519,CC0-1.0
SS-HAL-0520-A1,augmented/person_asking_for_help/SS-HAL-0520-A1.wav,Person Asking for Help,SS-HAL-0520,train,augmented,device,1306123048,2.019,16000,1,64a1a5b7c0b5b83afcf6e0ee42d99f0380a2bfdb26a0597f14d3dd6070900f35,augmentation of SS-HAL-0520,CC0-1.0
SS-HAL-0520-A2,augmented/person_asking_for_help/SS-HAL-0520-A2.wav,Person Asking for Help,SS-HAL-0520,train,augmented,stretch,907602910,1.951,16000,1,36bf7fd5e7a4b65102c0e714528b51cce164b71dddccc245d5b529ad943f333a,augmentation of SS-HAL-0520,CC0-1.0
SS-HAL-0521-A1,augmented/person_asking_for_help/SS-HAL-0521-A1.wav,Person Asking for Help,SS-HAL-0521,train,augmented,device,1335635456,1.123,16000,1,bb50a262c9c3e1e9abd8c8b25f533e03a19a0895bfb1000a57bae78813467f55,augmentation of SS-HAL-0521,CC0-1.0
SS-HAL-0521-A2,augmented/person_asking_for_help/SS-HAL-0521-A2.wav,Person Asking for Help,SS-HAL-0521,train,augmented,shift,506393133,1.123,16000,1,d726278db2698fd7404d9d0698bf810e4ed91817a1ad690860f45862821a28ce,augmentation of SS-HAL-0521,CC0-1.0
SS-HAL-0522-A1,augmented/person_asking_for_help/SS-HAL-0522-A1.wav,Person Asking for Help,SS-HAL-0522,train,augmented,shift,1750210557,1.078,16000,1,eea8fed8e2c830c07f6241fc5d96f6afe21d47cbcac548f4a25955882d6db6a1,augmentation of SS-HAL-0522,CC0-1.0
SS-HAL-0522-A2,augmented/person_asking_for_help/SS-HAL-0522-A2.wav,Person Asking for Help,SS-HAL-0522,train,augmented,stretch,1958043198,1.141,16000,1,a8292a5201183f113dd19c1e296e84fa959261910a414ef7f2b415afe413e429,augmentation of SS-HAL-0522,CC0-1.0
SS-HAL-0524-A1,augmented/person_asking_for_help/SS-HAL-0524-A1.wav,Person Asking for Help,SS-HAL-0524,train,augmented,distance,795276145,0.807,16000,1,19ca5c71eedc14776cb707c4042f0154286aea947e1160f76d5f106f9f832084,augmentation of SS-HAL-0524,CC0-1.0
SS-HAL-0524-A2,augmented/person_asking_for_help/SS-HAL-0524-A2.wav,Person Asking for Help,SS-HAL-0524,train,augmented,shift,3581114269,0.807,16000,1,3b45f7e61abaa9092930dbe1516ab4e8bdee42323ec24ec8de791e596ad9f475,augmentation of SS-HAL-0524,CC0-1.0
SS-HAL-0525-A1,augmented/person_asking_for_help/SS-HAL-0525-A1.wav,Person Asking for Help,SS-HAL-0525,train,augmented,shift,365280221,1.757,16000,1,dcc4ee18c0a9268681af6c966cb938ec3942c7f1071d927467e49716e7867cf9,augmentation of SS-HAL-0525,CC0-1.0
SS-HAL-0525-A2,augmented/person_asking_for_help/SS-HAL-0525-A2.wav,Person Asking for Help,SS-HAL-0525,train,augmented,shift,2547586493,1.757,16000,1,18dd046dd39a1d1da50ad645cc4228e9e160fc08fc9fcbb27da5d321a519122d,augmentation of SS-HAL-0525,CC0-1.0
SS-HAL-0526-A1,augmented/person_asking_for_help/SS-HAL-0526-A1.wav,Person Asking for Help,SS-HAL-0526,train,augmented,shift,134140261,0.697,16000,1,2913e5378a24a4844cb578250756110304aa7bc5ab3e74b11612e91c98fa09ab,augmentation of SS-HAL-0526,CC0-1.0
SS-HAL-0526-A2,augmented/person_asking_for_help/SS-HAL-0526-A2.wav,Person Asking for Help,SS-HAL-0526,train,augmented,reverb,3169422196,0.697,16000,1,221808a2bfbe1a06870a10bf27a58c2f0964539276a09547881120dfd452345b,augmentation of SS-HAL-0526,CC0-1.0
SS-HAL-0528-A1,augmented/person_asking_for_help/SS-HAL-0528-A1.wav,Person Asking for Help,SS-HAL-0528,train,augmented,distance,2719236025,1.884,16000,1,4a37f47c99c1900501c9762a84d74b9361f283adaa9695d3afd726c0453cfbe4,augmentation of SS-HAL-0528,CC0-1.0
SS-HAL-0528-A2,augmented/person_asking_for_help/SS-HAL-0528-A2.wav,Person Asking for Help,SS-HAL-0528,train,augmented,distance,342527745,1.884,16000,1,d1c661e40afa7175589db0f7e5b8d5606480d927938a86242e45e4267525cb85,augmentation of SS-HAL-0528,CC0-1.0
SS-HAL-0530-A1,augmented/person_asking_for_help/SS-HAL-0530-A1.wav,Person Asking for Help,SS-HAL-0530,train,augmented,shift,825057157,0.89,16000,1,3ad3225544312124e3ecf4fb7e330b0a12139990513ed5a8fc953e48d4029822,augmentation of SS-HAL-0530,CC0-1.0
SS-HAL-0530-A2,augmented/person_asking_for_help/SS-HAL-0530-A2.wav,Person Asking for Help,SS-HAL-0530,train,augmented,shift,2855972909,0.89,16000,1,e33a5969d5af934f66dfb2b1fe073f9dd13caaa680a63f0f90cf7bda7e5cc4d0,augmentation of SS-HAL-0530,CC0-1.0
SS-HAL-0531-A1,augmented/person_asking_for_help/SS-HAL-0531-A1.wav,Person Asking for Help,SS-HAL-0531,train,augmented,distance,4013288529,0.611,16000,1,13f0129572d53a9246f838b005aee39295400161ff8a2a0fdf1157eb1c85efd1,augmentation of SS-HAL-0531,CC0-1.0
SS-HAL-0531-A2,augmented/person_asking_for_help/SS-HAL-0531-A2.wav,Person Asking for Help,SS-HAL-0531,train,augmented,stretch,995101126,0.557,16000,1,2c7732ce3b8bcd0a72ce4828ecb72b39ca9e08857b2ef75e673ccc5a7db5ea00,augmentation of SS-HAL-0531,CC0-1.0
SS-HAL-0532-A1,augmented/person_asking_for_help/SS-HAL-0532-A1.wav,Person Asking for Help,SS-HAL-0532,train,augmented,reverb,2825455316,1.495,16000,1,f78fe3d0a916e3459a55cd19879da97919fb92580f98e880c154ca29c8b3645b,augmentation of SS-HAL-0532,CC0-1.0
SS-HAL-0532-A2,augmented/person_asking_for_help/SS-HAL-0532-A2.wav,Person Asking for Help,SS-HAL-0532,train,augmented,stretch,4137391918,1.625,16000,1,f5c13fc9c488bcbd2e69c378974d136bcd60ef8d1ca1ee59ef84deeeda41726d,augmentation of SS-HAL-0532,CC0-1.0
SS-HAL-0533-A1,augmented/person_asking_for_help/SS-HAL-0533-A1.wav,Person Asking for Help,SS-HAL-0533,train,augmented,shift,1865177045,1.625,16000,1,e35dc23c8801e1f474e0b0939ba3fe4705a8bfc8aa77f0331d9c108795e602b4,augmentation of SS-HAL-0533,CC0-1.0
SS-HAL-0533-A2,augmented/person_asking_for_help/SS-HAL-0533-A2.wav,Person Asking for Help,SS-HAL-0533,train,augmented,stretch,474218478,1.769,16000,1,3bb2cfcd72112d6c58d13f09812a6606e9ac49202183dd9262a29eca31bf8519,augmentation of SS-HAL-0533,CC0-1.0
SS-HAL-0536-A1,augmented/person_asking_for_help/SS-HAL-0536-A1.wav,Person Asking for Help,SS-HAL-0536,train,augmented,distance,3042708545,1.485,16000,1,c47f19e316e8687f1fbae7b3b0f140482f2148c241e8915c935b30696b8f53d9,augmentation of SS-HAL-0536,CC0-1.0
SS-HAL-0536-A2,augmented/person_asking_for_help/SS-HAL-0536-A2.wav,Person Asking for Help,SS-HAL-0536,train,augmented,volume,1697889167,1.485,16000,1,e6139b364770db7ddc51df7c4a9aaa7b7bc972f69ea95ec05a1160203adb5a69,augmentation of SS-HAL-0536,CC0-1.0
SS-HAL-0538-A1,augmented/person_asking_for_help/SS-HAL-0538-A1.wav,Person Asking for Help,SS-HAL-0538,train,augmented,device,2882510360,1.825,16000,1,005308bdc5fd77b84c91dbde7b7c28ab35c705cc74e109a1a2751e889d2ab66e,augmentation of SS-HAL-0538,CC0-1.0
SS-HAL-0538-A2,augmented/person_asking_for_help/SS-HAL-0538-A2.wav,Person Asking for Help,SS-HAL-0538,train,augmented,volume,3840774543,1.825,16000,1,efb0140ad559f3fc8401e835269ea98cb7ff32317041a9e4b7fa0d25d5b80337,augmentation of SS-HAL-0538,CC0-1.0
SS-HAL-0540-A1,augmented/person_asking_for_help/SS-HAL-0540-A1.wav,Person Asking for Help,SS-HAL-0540,train,augmented,stretch,3103490174,0.9,16000,1,34aeade1db2904dab898c1e52cd8773e02ff479bb30c145a2ee93954e22fa1a7,augmentation of SS-HAL-0540,CC0-1.0
SS-HAL-0540-A2,augmented/person_asking_for_help/SS-HAL-0540-A2.wav,Person Asking for Help,SS-HAL-0540,train,augmented,reverb,2231493924,1.019,16000,1,029d05a6faaad21c6f0d3f4b67513923443bb7abeae4f8651fb2d6188dca849a,augmentation of SS-HAL-0540,CC0-1.0
SS-HAL-0541-A1,augmented/person_asking_for_help/SS-HAL-0541-A1.wav,Person Asking for Help,SS-HAL-0541,train,augmented,noise,1264551170,1.214,16000,1,72748896aa39e4cdd6a7e249f37efe96b2e20afbaab1433c944e3b047d626edb,augmentation of SS-HAL-0541,CC0-1.0
SS-HAL-0541-A2,augmented/person_asking_for_help/SS-HAL-0541-A2.wav,Person Asking for Help,SS-HAL-0541,train,augmented,shift,960785533,1.214,16000,1,3059c249f59c875ddda3df68e861d282f5f01cd632cc29ce83bdc49f94d42d6c,augmentation of SS-HAL-0541,CC0-1.0
SS-HAL-0542-A1,augmented/person_asking_for_help/SS-HAL-0542-A1.wav,Person Asking for Help,SS-HAL-0542,train,augmented,noise,976328194,2.016,16000,1,902d5d6bd81e63341a602a070e6ad6a47afe7bd20f56f8f458082a1ac3ec8dff,augmentation of SS-HAL-0542,CC0-1.0
SS-HAL-0542-A2,augmented/person_asking_for_help/SS-HAL-0542-A2.wav,Person Asking for Help,SS-HAL-0542,train,augmented,device,3898240872,2.016,16000,1,fb631fb3e99185813b610f0dd2cc580467f720e78274954c5eff493050b9b63a,augmentation of SS-HAL-0542,CC0-1.0
SS-HAL-0543-A1,augmented/person_asking_for_help/SS-HAL-0543-A1.wav,Person Asking for Help,SS-HAL-0543,train,augmented,shift,734536813,1.156,16000,1,6202b1e837a2f93644997e70b5cb77a6520a87c9e177563da76eb54b26bf2b24,augmentation of SS-HAL-0543,CC0-1.0
SS-HAL-0543-A2,augmented/person_asking_for_help/SS-HAL-0543-A2.wav,Person Asking for Help,SS-HAL-0543,train,augmented,noise,3683222706,1.156,16000,1,04523b1b96061785101444cff2edd3c65ae22f19a28a3f840ba3d2ca41b551c5,augmentation of SS-HAL-0543,CC0-1.0
SS-HAL-0544-A1,augmented/person_asking_for_help/SS-HAL-0544-A1.wav,Person Asking for Help,SS-HAL-0544,train,augmented,reverb,2528150404,1.574,16000,1,6a390e6167e5d8a103b72faa8b372f8ae03b5a15e5796507b6facc8e7f0067f7,augmentation of SS-HAL-0544,CC0-1.0
SS-HAL-0544-A2,augmented/person_asking_for_help/SS-HAL-0544-A2.wav,Person Asking for Help,SS-HAL-0544,train,augmented,volume,1770187927,1.574,16000,1,9be86ed2802916829fbe4be88e2d9b92e5081ce97b376b08415a256b3e34bdc8,augmentation of SS-HAL-0544,CC0-1.0
SS-HAL-0545-A1,augmented/person_asking_for_help/SS-HAL-0545-A1.wav,Person Asking for Help,SS-HAL-0545,train,augmented,stretch,735112766,1.041,16000,1,576f5f3e4cc7ceadba546435a5191d2604dd62e0f3c611ccb8133b52ee615d78,augmentation of SS-HAL-0545,CC0-1.0
SS-HAL-0545-A2,augmented/person_asking_for_help/SS-HAL-0545-A2.wav,Person Asking for Help,SS-HAL-0545,train,augmented,shift,371912885,0.91,16000,1,5c52e3978035394a31b8d183a140e66f095dd8bcc58e1922c7070a63e30b6816,augmentation of SS-HAL-0545,CC0-1.0
SS-HAL-0546-A1,augmented/person_asking_for_help/SS-HAL-0546-A1.wav,Person Asking for Help,SS-HAL-0546,train,augmented,noise,3861768242,0.928,16000,1,463581684dd76c77656246017dd466c55913020c2efa73bfac8920aaa65dfd6e,augmentation of SS-HAL-0546,CC0-1.0
SS-HAL-0546-A2,augmented/person_asking_for_help/SS-HAL-0546-A2.wav,Person Asking for Help,SS-HAL-0546,train,augmented,shift,2576257213,0.928,16000,1,4f5e70044cb5fb514285abb11a83e3652952b035517499777b3adc7c24c65a67,augmentation of SS-HAL-0546,CC0-1.0
SS-HAL-0547-A1,augmented/person_asking_for_help/SS-HAL-0547-A1.wav,Person Asking for Help,SS-HAL-0547,train,augmented,pitch,2957557747,1.39,16000,1,d7b1cf7a9a05f7b287997b8815cdcd5bc7fd6939e40d48804a7e57d0d7e46f0e,augmentation of SS-HAL-0547,CC0-1.0
SS-HAL-0547-A2,augmented/person_asking_for_help/SS-HAL-0547-A2.wav,Person Asking for Help,SS-HAL-0547,train,augmented,device,1988080064,1.39,16000,1,6646d3bd4c46fdfc9922c0389e83f2eff89301a0cd69f167cc8be4d746a4792f,augmentation of SS-HAL-0547,CC0-1.0
SS-HAL-0554-A1,augmented/person_asking_for_help/SS-HAL-0554-A1.wav,Person Asking for Help,SS-HAL-0554,train,augmented,shift,1342675253,0.62,16000,1,27600bab0ad3ccb0ed4c08ed2c1f82999ea5f5a4e64fe270923ef5bcc4257a0a,augmentation of SS-HAL-0554,CC0-1.0
SS-HAL-0554-A2,augmented/person_asking_for_help/SS-HAL-0554-A2.wav,Person Asking for Help,SS-HAL-0554,train,augmented,shift,3096215069,0.62,16000,1,d97bb1dde88f67d5bd70b5f5ac7c69956e3d3d822acf13414d1712b161bd375a,augmentation of SS-HAL-0554,CC0-1.0
SS-HAL-0555-A1,augmented/person_asking_for_help/SS-HAL-0555-A1.wav,Person Asking for Help,SS-HAL-0555,train,augmented,shift,3183760629,0.668,16000,1,a76c2679432117fd1b619c84b2df3f1b5eaca483e21941553dcedffd4eb29f9a,augmentation of SS-HAL-0555,CC0-1.0
SS-HAL-0555-A2,augmented/person_asking_for_help/SS-HAL-0555-A2.wav,Person Asking for Help,SS-HAL-0555,train,augmented,stretch,3777285222,0.692,16000,1,1a9abb596bf2edacc3facd89427aef5ec5cc3f755e0d8be307422d8af5522d5e,augmentation of SS-HAL-0555,CC0-1.0
SS-HAL-0556-A1,augmented/person_asking_for_help/SS-HAL-0556-A1.wav,Person Asking for Help,SS-HAL-0556,train,augmented,pitch,275971619,1.286,16000,1,1aa0546b993eb5b463bbd11d17055469a8be77d7c7298444e6ddc52209d75f54,augmentation of SS-HAL-0556,CC0-1.0
SS-HAL-0556-A2,augmented/person_asking_for_help/SS-HAL-0556-A2.wav,Person Asking for Help,SS-HAL-0556,train,augmented,shift,2870040629,1.286,16000,1,aa267ac005ff7acefa26a0fa16f27ca4e1f9dcc1914888ebadd816d35e91677d,augmentation of SS-HAL-0556,CC0-1.0
SS-HAL-0557-A1,augmented/person_asking_for_help/SS-HAL-0557-A1.wav,Person Asking for Help,SS-HAL-0557,train,augmented,reverb,2750654620,1.299,16000,1,b1acf701b4b03ac83240c40d82b4225bd91ac53738f3bdd1bf771a86da83c2eb,augmentation of SS-HAL-0557,CC0-1.0
SS-HAL-0557-A2,augmented/person_asking_for_help/SS-HAL-0557-A2.wav,Person Asking for Help,SS-HAL-0557,train,augmented,shift,179263317,1.299,16000,1,909a4425ae9a29deea6be0266eaee0a3a436091f9c23147a77c6e55a56b609f7,augmentation of SS-HAL-0557,CC0-1.0
SS-HAL-0559-A1,augmented/person_asking_for_help/SS-HAL-0559-A1.wav,Person Asking for Help,SS-HAL-0559,train,augmented,shift,379561341,1.239,16000,1,e52f7ae4d3f22b7981597f99b32efd7ef18dbdfc80b45c555a1b48c43d308332,augmentation of SS-HAL-0559,CC0-1.0
SS-HAL-0559-A2,augmented/person_asking_for_help/SS-HAL-0559-A2.wav,Person Asking for Help,SS-HAL-0559,train,augmented,shift,3275956653,1.239,16000,1,70f59388c73b642b9db7ac096f00cb6c7014e515b90ef8f24762604b0c7640ab,augmentation of SS-HAL-0559,CC0-1.0
SS-HAL-0560-A1,augmented/person_asking_for_help/SS-HAL-0560-A1.wav,Person Asking for Help,SS-HAL-0560,train,augmented,stretch,78976678,0.988,16000,1,074afec327384edc4a8fcb48275bde429a6fe5b9b3d9aea0f1bf8a13926164a7,augmentation of SS-HAL-0560,CC0-1.0
SS-HAL-0560-A2,augmented/person_asking_for_help/SS-HAL-0560-A2.wav,Person Asking for Help,SS-HAL-0560,train,augmented,noise,802854114,0.927,16000,1,09f2a100840b6aea83aa5c8d94174e42a482ce4411d5636fc6d822a04aff83cc,augmentation of SS-HAL-0560,CC0-1.0
SS-HAL-0561-A1,augmented/person_asking_for_help/SS-HAL-0561-A1.wav,Person Asking for Help,SS-HAL-0561,train,augmented,distance,1373342393,1.083,16000,1,ba2bd1b71ea2ffd558112170074b05dd2a533efc4098f1960a6c2c2bb4b49fd9,augmentation of SS-HAL-0561,CC0-1.0
SS-HAL-0561-A2,augmented/person_asking_for_help/SS-HAL-0561-A2.wav,Person Asking for Help,SS-HAL-0561,train,augmented,noise,2281086274,1.083,16000,1,c12892c04be8ed19f2bec5bde320ed0d082a750ea128956b6345cf52b267ef07,augmentation of SS-HAL-0561,CC0-1.0
SS-HAL-0562-A1,augmented/person_asking_for_help/SS-HAL-0562-A1.wav,Person Asking for Help,SS-HAL-0562,train,augmented,device,303662256,3.02,16000,1,3710510ff1d0960e9d14a427e0387b14aa616f43fdd71e0e7c0724e312b963e5,augmentation of SS-HAL-0562,CC0-1.0
SS-HAL-0562-A2,augmented/person_asking_for_help/SS-HAL-0562-A2.wav,Person Asking for Help,SS-HAL-0562,train,augmented,distance,2869000425,3.02,16000,1,37f46c21a51416e80eb6a7ea8695bb6af975ab5361ed31299eb2824caa81e988,augmentation of SS-HAL-0562,CC0-1.0
SS-HAL-0563-A1,augmented/person_asking_for_help/SS-HAL-0563-A1.wav,Person Asking for Help,SS-HAL-0563,train,augmented,reverb,3591962996,2.736,16000,1,b0a5c40585cb58ba3938a03763ec373ef58114a4e91fb2ffc587f216dfb46ff2,augmentation of SS-HAL-0563,CC0-1.0
SS-HAL-0563-A2,augmented/person_asking_for_help/SS-HAL-0563-A2.wav,Person Asking for Help,SS-HAL-0563,train,augmented,device,1198633072,2.736,16000,1,eef1414836ac96ee6e563c555b2c887257b6da845ac41d0b112439a01dd0ced9,augmentation of SS-HAL-0563,CC0-1.0
SS-HAL-0565-A1,augmented/person_asking_for_help/SS-HAL-0565-A1.wav,Person Asking for Help,SS-HAL-0565,train,augmented,volume,3369554463,1.396,16000,1,d97aafb60627c48dc862c9f8ebbf2bcbed11681c7657de654dd5b2da06f9b3ed,augmentation of SS-HAL-0565,CC0-1.0
SS-HAL-0565-A2,augmented/person_asking_for_help/SS-HAL-0565-A2.wav,Person Asking for Help,SS-HAL-0565,train,augmented,reverb,1602447148,1.396,16000,1,0eedca351f0c2379303d791414e16fca9a87d8b078590954f6096388f7f9e8b7,augmentation of SS-HAL-0565,CC0-1.0
SS-HAL-0566-A1,augmented/person_asking_for_help/SS-HAL-0566-A1.wav,Person Asking for Help,SS-HAL-0566,train,augmented,reverb,3023834268,1.97,16000,1,173ea52bd71bb6bf0d79dead47a1abc39d1410766e274e1fed442ffc554de6c5,augmentation of SS-HAL-0566,CC0-1.0
SS-HAL-0566-A2,augmented/person_asking_for_help/SS-HAL-0566-A2.wav,Person Asking for Help,SS-HAL-0566,train,augmented,reverb,605660284,1.97,16000,1,6b5d0024dc74df5d1bb0237506eea58d16d839a11c7265f28e97849d782eaf2c,augmentation of SS-HAL-0566,CC0-1.0
SS-HAL-0567-A1,augmented/person_asking_for_help/SS-HAL-0567-A1.wav,Person Asking for Help,SS-HAL-0567,train,augmented,reverb,3561768540,1.694,16000,1,2756d505c7ef03d5fbfdc401ae5ead007307b39539e9892a74bdcc13240f84d0,augmentation of SS-HAL-0567,CC0-1.0
SS-HAL-0567-A2,augmented/person_asking_for_help/SS-HAL-0567-A2.wav,Person Asking for Help,SS-HAL-0567,train,augmented,stretch,1512919598,1.587,16000,1,70e120a4992e501e21dab2a721894c9dca605e6c585a5b6daf21bab70b8c5451,augmentation of SS-HAL-0567,CC0-1.0
SS-HAL-0568-A1,augmented/person_asking_for_help/SS-HAL-0568-A1.wav,Person Asking for Help,SS-HAL-0568,train,augmented,reverb,2311057588,2.209,16000,1,8ea3a79b13941fa4931bb36e0a059d21ed411cd80666719839576bddb9c63ed4,augmentation of SS-HAL-0568,CC0-1.0
SS-HAL-0568-A2,augmented/person_asking_for_help/SS-HAL-0568-A2.wav,Person Asking for Help,SS-HAL-0568,train,augmented,pitch,546691139,2.209,16000,1,f053f4e7bdaebe5b3859aaf4d1ad5b5077f67fdca54104ed4291607c2924df5d,augmentation of SS-HAL-0568,CC0-1.0
SS-HAL-0569-A1,augmented/person_asking_for_help/SS-HAL-0569-A1.wav,Person Asking for Help,SS-HAL-0569,train,augmented,distance,2325078833,1.044,16000,1,c79da148b6d1c3ebff20f34c3dc5a362134a1fed5baed576f38855eb837f5fa6,augmentation of SS-HAL-0569,CC0-1.0
SS-HAL-0569-A2,augmented/person_asking_for_help/SS-HAL-0569-A2.wav,Person Asking for Help,SS-HAL-0569,train,augmented,distance,1685916257,1.044,16000,1,de4133cde3521649c265182a7be7c68dd25ed93f18c2c7bad956c64c59ac6965,augmentation of SS-HAL-0569,CC0-1.0
SS-HAL-0570-A1,augmented/person_asking_for_help/SS-HAL-0570-A1.wav,Person Asking for Help,SS-HAL-0570,train,augmented,pitch,2297555987,1.27,16000,1,942413064acb4ba4d5a0a10d19bbde807c4a247fc590bc0d91397f2140e300cd,augmentation of SS-HAL-0570,CC0-1.0
SS-HAL-0570-A2,augmented/person_asking_for_help/SS-HAL-0570-A2.wav,Person Asking for Help,SS-HAL-0570,train,augmented,stretch,1203758222,1.279,16000,1,9e7f1feef9e3c88dde1e862ed8e3d47952fae85da5e78026e9dded9a6202c25e,augmentation of SS-HAL-0570,CC0-1.0
SS-HAL-0571-A1,augmented/person_asking_for_help/SS-HAL-0571-A1.wav,Person Asking for Help,SS-HAL-0571,train,augmented,reverb,2713717228,1.366,16000,1,d3e7c53f5122f2fe4b51b659b8ca2fcc18c6dc6370ec6cb828e680d7f0c9790d,augmentation of SS-HAL-0571,CC0-1.0
SS-HAL-0571-A2,augmented/person_asking_for_help/SS-HAL-0571-A2.wav,Person Asking for Help,SS-HAL-0571,train,augmented,pitch,1241466715,1.366,16000,1,4870b1a18ecb1da7373e599d74da0c8a2e04a1d1a74a95529b4ca7c61c4943f6,augmentation of SS-HAL-0571,CC0-1.0
SS-HAL-0574-A1,augmented/person_asking_for_help/SS-HAL-0574-A1.wav,Person Asking for Help,SS-HAL-0574,train,augmented,device,3450672144,0.782,16000,1,a0619d598155770d2d2100a932f1f4130a71e45a9d451a6fc77192dba48fd09a,augmentation of SS-HAL-0574,CC0-1.0
SS-HAL-0574-A2,augmented/person_asking_for_help/SS-HAL-0574-A2.wav,Person Asking for Help,SS-HAL-0574,train,augmented,distance,3867962569,0.782,16000,1,44a59658e24c68d783311ac401c6cc59ec2c32c82a98390134f636da5470e258,augmentation of SS-HAL-0574,CC0-1.0
SS-HAL-0577-A1,augmented/person_asking_for_help/SS-HAL-0577-A1.wav,Person Asking for Help,SS-HAL-0577,train,augmented,reverb,507424212,2.644,16000,1,d6708b9f419c2de3416b7b8586e3254ff7a81ec63f8b19897c28cbf54411272e,augmentation of SS-HAL-0577,CC0-1.0
SS-HAL-0577-A2,augmented/person_asking_for_help/SS-HAL-0577-A2.wav,Person Asking for Help,SS-HAL-0577,train,augmented,stretch,3482473078,2.547,16000,1,8d3eec0465f2686b0b53011378f4bfb53aa7d36f0b35e3513c25b48f274ce6a7,augmentation of SS-HAL-0577,CC0-1.0
SS-HAL-0579-A1,augmented/person_asking_for_help/SS-HAL-0579-A1.wav,Person Asking for Help,SS-HAL-0579,train,augmented,reverb,1587547068,0.644,16000,1,927c51b2358a51f3a821246c2542b38a29e6569d1755c91dc0d0ce3448661920,augmentation of SS-HAL-0579,CC0-1.0
SS-HAL-0579-A2,augmented/person_asking_for_help/SS-HAL-0579-A2.wav,Person Asking for Help,SS-HAL-0579,train,augmented,distance,470979377,0.644,16000,1,9b899c6a22ff55df422c9e32d792d9275534d688ec3a858d88561093314884cd,augmentation of SS-HAL-0579,CC0-1.0
SS-HAL-0580-A1,augmented/person_asking_for_help/SS-HAL-0580-A1.wav,Person Asking for Help,SS-HAL-0580,train,augmented,shift,4051042885,1.816,16000,1,d3e76416f623518c716ffa776ea201dd1d7432629e0fa1f5d1bef0a2d08c2aa1,augmentation of SS-HAL-0580,CC0-1.0
SS-HAL-0580-A2,augmented/person_asking_for_help/SS-HAL-0580-A2.wav,Person Asking for Help,SS-HAL-0580,train,augmented,shift,3228969893,1.816,16000,1,0d2cf05ee07319c472684c72b72fcbeac585cc8de8c7d884b70e8c64856eecb3,augmentation of SS-HAL-0580,CC0-1.0
SS-HAL-0582-A1,augmented/person_asking_for_help/SS-HAL-0582-A1.wav,Person Asking for Help,SS-HAL-0582,train,augmented,shift,3488181997,0.756,16000,1,e34ff709dbd9c6b755fe562c83a58d46873f0bc6fd8fe9c27f3183019cb6dd51,augmentation of SS-HAL-0582,CC0-1.0
SS-HAL-0582-A2,augmented/person_asking_for_help/SS-HAL-0582-A2.wav,Person Asking for Help,SS-HAL-0582,train,augmented,distance,612120121,0.756,16000,1,6cf30a833941afe41058c4aece1b92260fe8530a45f27296abdbf6addea9913f,augmentation of SS-HAL-0582,CC0-1.0
SS-HAL-0583-A1,augmented/person_asking_for_help/SS-HAL-0583-A1.wav,Person Asking for Help,SS-HAL-0583,train,augmented,device,2257597496,0.97,16000,1,377b52a8e700c583f25f7bf87689ac4add320e03d884eebcb080c93df3704dd4,augmentation of SS-HAL-0583,CC0-1.0
SS-HAL-0583-A2,augmented/person_asking_for_help/SS-HAL-0583-A2.wav,Person Asking for Help,SS-HAL-0583,train,augmented,reverb,3118940252,0.97,16000,1,d417f1ad8a8b891b6aa825c9b85f26c26a7e14d93544708b2e40291d11f4607e,augmentation of SS-HAL-0583,CC0-1.0
SS-HAL-0584-A1,augmented/person_asking_for_help/SS-HAL-0584-A1.wav,Person Asking for Help,SS-HAL-0584,train,augmented,shift,799131533,2.154,16000,1,c5a8dd3997eb462fcd43d0ca7d34931dc75e66ca1df415c22b1cd81542abfd12,augmentation of SS-HAL-0584,CC0-1.0
SS-HAL-0584-A2,augmented/person_asking_for_help/SS-HAL-0584-A2.wav,Person Asking for Help,SS-HAL-0584,train,augmented,stretch,1121112190,2.459,16000,1,34e7b3372aeb201aa1055169ee254d29115edb49b3fa54180ee75e3c943d3fd0,augmentation of SS-HAL-0584,CC0-1.0
SS-HAL-0585-A1,augmented/person_asking_for_help/SS-HAL-0585-A1.wav,Person Asking for Help,SS-HAL-0585,train,augmented,shift,4006512725,1.196,16000,1,245b148bdaf4920e9cab144042cef8aa334abf3c9e8e49be516768864fb6fc77,augmentation of SS-HAL-0585,CC0-1.0
SS-HAL-0585-A2,augmented/person_asking_for_help/SS-HAL-0585-A2.wav,Person Asking for Help,SS-HAL-0585,train,augmented,device,1839515816,1.196,16000,1,7a348cdd49ffb86f64844a5426e1aadb61da8cf14213ecd4eb441087a7da0558,augmentation of SS-HAL-0585,CC0-1.0
SS-HAL-0586-A1,augmented/person_asking_for_help/SS-HAL-0586-A1.wav,Person Asking for Help,SS-HAL-0586,train,augmented,noise,1628925026,3.09,16000,1,81e1817df4b071d2879ade63e27fd2ea40b7f4159b54665dea76a3b669c9b957,augmentation of SS-HAL-0586,CC0-1.0
SS-HAL-0586-A2,augmented/person_asking_for_help/SS-HAL-0586-A2.wav,Person Asking for Help,SS-HAL-0586,train,augmented,pitch,2211215715,3.09,16000,1,98310c9cb71734556d298ffd252f380a4483d0bc9c20694f815deefe3589338f,augmentation of SS-HAL-0586,CC0-1.0
SS-HAL-0587-A1,augmented/person_asking_for_help/SS-HAL-0587-A1.wav,Person Asking for Help,SS-HAL-0587,train,augmented,device,2754096136,2.527,16000,1,66e7009b153f7ecfafe3002a2bb886e59b4ffdbcc86872af17a61f0610ea48e7,augmentation of SS-HAL-0587,CC0-1.0
SS-HAL-0587-A2,augmented/person_asking_for_help/SS-HAL-0587-A2.wav,Person Asking for Help,SS-HAL-0587,train,augmented,reverb,3404672956,2.527,16000,1,0dce238462e7828c9fac7393d6ef074eaef1e7eb7606a5d3c368f668326ad94a,augmentation of SS-HAL-0587,CC0-1.0
SS-HAL-0588-A1,augmented/person_asking_for_help/SS-HAL-0588-A1.wav,Person Asking for Help,SS-HAL-0588,train,augmented,distance,2944071025,1.058,16000,1,002349468483800b6624998f0b5dbc3da2f5c5b2938ab116ab13a9f768158fa0,augmentation of SS-HAL-0588,CC0-1.0
SS-HAL-0588-A2,augmented/person_asking_for_help/SS-HAL-0588-A2.wav,Person Asking for Help,SS-HAL-0588,train,augmented,reverb,528241228,1.058,16000,1,635da8e34ad9c227a8b7aff9ae0f5468d8f009a2b9b3aee9f2bd6986903c0a2b,augmentation of SS-HAL-0588,CC0-1.0
SS-HAL-0589-A1,augmented/person_asking_for_help/SS-HAL-0589-A1.wav,Person Asking for Help,SS-HAL-0589,train,augmented,distance,4005671209,1.003,16000,1,3946538c6e80f1244f6c171499a5496f8e256980f7e20f69f07fa5b75ec1123f,augmentation of SS-HAL-0589,CC0-1.0
SS-HAL-0589-A2,augmented/person_asking_for_help/SS-HAL-0589-A2.wav,Person Asking for Help,SS-HAL-0589,train,augmented,reverb,2782673076,1.003,16000,1,f455aa28dd009810ca1a436e1347c12548adb5f336210106084bb3b789321fb4,augmentation of SS-HAL-0589,CC0-1.0
SS-HAL-0590-A1,augmented/person_asking_for_help/SS-HAL-0590-A1.wav,Person Asking for Help,SS-HAL-0590,train,augmented,device,2581913408,0.802,16000,1,1f007e9ab79eb0c8df38f95b6ac8a89331db7ff8bd1300a1a38465e863847b51,augmentation of SS-HAL-0590,CC0-1.0
SS-HAL-0590-A2,augmented/person_asking_for_help/SS-HAL-0590-A2.wav,Person Asking for Help,SS-HAL-0590,train,augmented,pitch,1764133539,0.802,16000,1,4c8ef6587861ac0875bcc05aba95098acc1184860c8decb136bdb52ef6936e97,augmentation of SS-HAL-0590,CC0-1.0
SS-HAL-0591-A1,augmented/person_asking_for_help/SS-HAL-0591-A1.wav,Person Asking for Help,SS-HAL-0591,train,augmented,device,1946558760,1.094,16000,1,c019678eb1c1e60855e4a794c47ffeb2edd00c69053fe6b94a78eb97e80072a0,augmentation of SS-HAL-0591,CC0-1.0
SS-HAL-0591-A2,augmented/person_asking_for_help/SS-HAL-0591-A2.wav,Person Asking for Help,SS-HAL-0591,train,augmented,stretch,3662853374,1.02,16000,1,f1e7261c03227ae636cb94c0711f893ee175065ce7f12adab2acd9fed4d5558b,augmentation of SS-HAL-0591,CC0-1.0
SS-HAL-0593-A1,augmented/person_asking_for_help/SS-HAL-0593-A1.wav,Person Asking for Help,SS-HAL-0593,train,augmented,reverb,3291009500,0.758,16000,1,d0a13c7066a7b9270d37c45d3a76ad71b28be7caf1864b11603f74cca93002d0,augmentation of SS-HAL-0593,CC0-1.0
SS-HAL-0593-A2,augmented/person_asking_for_help/SS-HAL-0593-A2.wav,Person Asking for Help,SS-HAL-0593,train,augmented,reverb,1345343180,0.758,16000,1,33624252b73dd387c9b44fe0d35412df1e1f37ae35f463938fa91df6b6ee4769,augmentation of SS-HAL-0593,CC0-1.0
SS-HAL-0594-A1,augmented/person_asking_for_help/SS-HAL-0594-A1.wav,Person Asking for Help,SS-HAL-0594,train,augmented,distance,3773041689,1.251,16000,1,98ee10de24930cbc682d61240a633432de25e106e5f28f191d0ebc237ed61e98,augmentation of SS-HAL-0594,CC0-1.0
SS-HAL-0594-A2,augmented/person_asking_for_help/SS-HAL-0594-A2.wav,Person Asking for Help,SS-HAL-0594,train,augmented,pitch,4232329083,1.251,16000,1,fd5720f2f3ea4bbccbdf919f55b77b35905dc7d0562c9d34013f9a0725872779,augmentation of SS-HAL-0594,CC0-1.0
SS-HAL-0596-A1,augmented/person_asking_for_help/SS-HAL-0596-A1.wav,Person Asking for Help,SS-HAL-0596,train,augmented,distance,1673911721,1.99,16000,1,5e4f6ca0cf9b50b18bc5cdae2a66425e306a0d7cc31e230de64104cd72a260ca,augmentation of SS-HAL-0596,CC0-1.0
SS-HAL-0596-A2,augmented/person_asking_for_help/SS-HAL-0596-A2.wav,Person Asking for Help,SS-HAL-0596,train,augmented,volume,2498619823,1.99,16000,1,82d8d2681dadf35a72703acd47ddea356882ffed84a87df080d0744c5b44a01a,augmentation of SS-HAL-0596,CC0-1.0
SS-HAL-0597-A1,augmented/person_asking_for_help/SS-HAL-0597-A1.wav,Person Asking for Help,SS-HAL-0597,train,augmented,noise,2070303042,1.663,16000,1,27b27f3b6ca0c68e3763f4b895ff3aaf4789dd3873b4da628ff514342e433cc6,augmentation of SS-HAL-0597,CC0-1.0
SS-HAL-0597-A2,augmented/person_asking_for_help/SS-HAL-0597-A2.wav,Person Asking for Help,SS-HAL-0597,train,augmented,device,3224387768,1.663,16000,1,efb1af4cf62cbe945e6fb567faffc962dcf7b4c563f987bbb5f073f6c7999074,augmentation of SS-HAL-0597,CC0-1.0
SS-HAL-0599-A1,augmented/person_asking_for_help/SS-HAL-0599-A1.wav,Person Asking for Help,SS-HAL-0599,train,augmented,pitch,2577537731,1.192,16000,1,c3653dd375bd2e815468d0d727ffc89ad12cb2fa0d98ace2c49db487c6d93553,augmentation of SS-HAL-0599,CC0-1.0
SS-HAL-0599-A2,augmented/person_asking_for_help/SS-HAL-0599-A2.wav,Person Asking for Help,SS-HAL-0599,train,augmented,shift,2743728037,1.192,16000,1,0e25879deebe3e0d4fa40d2945412e0e556bc4430fed69c4a5c73d8d0e748630,augmentation of SS-HAL-0599,CC0-1.0
SS-HAL-0601-A1,augmented/person_asking_for_help/SS-HAL-0601-A1.wav,Person Asking for Help,SS-HAL-0601,train,augmented,distance,638866649,2.079,16000,1,b51f840d3577fe9e5cfc29e2042fbedcd04123bbd5b95175d635261fe1214e9e,augmentation of SS-HAL-0601,CC0-1.0
SS-HAL-0601-A2,augmented/person_asking_for_help/SS-HAL-0601-A2.wav,Person Asking for Help,SS-HAL-0601,train,augmented,distance,1037781785,2.079,16000,1,d6199065205148fef76e10064b40039704f2fd100e8547a50dc48eeeac651060,augmentation of SS-HAL-0601,CC0-1.0
SS-HAL-0603-A1,augmented/person_asking_for_help/SS-HAL-0603-A1.wav,Person Asking for Help,SS-HAL-0603,train,augmented,shift,480507461,0.878,16000,1,9c635b3ae84a3047e04a6f7ca683c0802dc0de7db995b6a26c2f4541b8c5a5c3,augmentation of SS-HAL-0603,CC0-1.0
SS-HAL-0603-A2,augmented/person_asking_for_help/SS-HAL-0603-A2.wav,Person Asking for Help,SS-HAL-0603,train,augmented,device,4165883152,0.878,16000,1,b0613b4cc79fbce8ab533d63241d451245658cce67683b14720b3d8463f5721b,augmentation of SS-HAL-0603,CC0-1.0
SS-HAL-0604-A1,augmented/person_asking_for_help/SS-HAL-0604-A1.wav,Person Asking for Help,SS-HAL-0604,train,augmented,pitch,3730957835,1.397,16000,1,45f51a093951c3d523bbe6e88c9fdc6ab185176a3e945efe9fb30d818245abbb,augmentation of SS-HAL-0604,CC0-1.0
SS-HAL-0604-A2,augmented/person_asking_for_help/SS-HAL-0604-A2.wav,Person Asking for Help,SS-HAL-0604,train,augmented,noise,2552820018,1.397,16000,1,9b8421be935ea854a2a2140fe079caedb4066ae8bb38818bb6e255d21f914830,augmentation of SS-HAL-0604,CC0-1.0
SS-HAL-0608-A1,augmented/person_asking_for_help/SS-HAL-0608-A1.wav,Person Asking for Help,SS-HAL-0608,train,augmented,distance,3601499473,1.294,16000,1,c4b54222ace2bfe3643fe1ffd4883cd40e45cbd19328935c972969b628cdeeae,augmentation of SS-HAL-0608,CC0-1.0
SS-HAL-0608-A2,augmented/person_asking_for_help/SS-HAL-0608-A2.wav,Person Asking for Help,SS-HAL-0608,train,augmented,pitch,2450801323,1.294,16000,1,334d584bd47888c55ac0bea36653ed7cf04fe0c10e693cf8affffffdda5d397c,augmentation of SS-HAL-0608,CC0-1.0
SS-HAL-0610-A1,augmented/person_asking_for_help/SS-HAL-0610-A1.wav,Person Asking for Help,SS-HAL-0610,train,augmented,distance,792073913,1.998,16000,1,3e8463c77bb189b8898249d78cbf628d16cdf68ad56a73f8712c90eea62e7ea0,augmentation of SS-HAL-0610,CC0-1.0
SS-HAL-0610-A2,augmented/person_asking_for_help/SS-HAL-0610-A2.wav,Person Asking for Help,SS-HAL-0610,train,augmented,volume,945325543,1.998,16000,1,49bd275ea8ed8c30ceeb392f21b68a820c69d51a2ff637033f56075adca01e7c,augmentation of SS-HAL-0610,CC0-1.0
SS-HAL-0612-A1,augmented/person_asking_for_help/SS-HAL-0612-A1.wav,Person Asking for Help,SS-HAL-0612,train,augmented,shift,1726634277,0.764,16000,1,49c7e8fec45620fbd0f57ecf9e22b00611d52e4674594b197b221dcd2fe480b2,augmentation of SS-HAL-0612,CC0-1.0
SS-HAL-0612-A2,augmented/person_asking_for_help/SS-HAL-0612-A2.wav,Person Asking for Help,SS-HAL-0612,train,augmented,distance,1508435689,0.764,16000,1,378656ff0354d4d7a76e5d6bdb6edb43927e2a6cf605bf542c5c560fa4757fe8,augmentation of SS-HAL-0612,CC0-1.0
SS-HAL-0613-A1,augmented/person_asking_for_help/SS-HAL-0613-A1.wav,Person Asking for Help,SS-HAL-0613,train,augmented,distance,3092927513,1.721,16000,1,f68d1608c23a4fce6702a56e6ba21eee1c6dbbf4d8a0246d6a28e96910e4cef4,augmentation of SS-HAL-0613,CC0-1.0
SS-HAL-0613-A2,augmented/person_asking_for_help/SS-HAL-0613-A2.wav,Person Asking for Help,SS-HAL-0613,train,augmented,reverb,2269651892,1.721,16000,1,5b67612076823f40268f4da7edbe2f552db0c818d8d71c2b71fe8966b95fc583,augmentation of SS-HAL-0613,CC0-1.0
SS-HAL-0614-A1,augmented/person_asking_for_help/SS-HAL-0614-A1.wav,Person Asking for Help,SS-HAL-0614,train,augmented,noise,70104714,1.605,16000,1,183cd8ca314eeb1a09b5144d74635eac21e2981e0922b5dce23a2760297fc3d1,augmentation of SS-HAL-0614,CC0-1.0
SS-HAL-0614-A2,augmented/person_asking_for_help/SS-HAL-0614-A2.wav,Person Asking for Help,SS-HAL-0614,train,augmented,stretch,2197635742,1.735,16000,1,8f7598b903be9efd8ef6749f1fa02431dc9cbb496566513f89d78e1f3fc2d3bb,augmentation of SS-HAL-0614,CC0-1.0
SS-HAL-0615-A1,augmented/person_asking_for_help/SS-HAL-0615-A1.wav,Person Asking for Help,SS-HAL-0615,train,augmented,pitch,273807979,2.033,16000,1,b8dc7e8e1d85d4b6d39f9af64f2bff7fc530cf5dc187fad1c6c170b91c28d3ae,augmentation of SS-HAL-0615,CC0-1.0
SS-HAL-0615-A2,augmented/person_asking_for_help/SS-HAL-0615-A2.wav,Person Asking for Help,SS-HAL-0615,train,augmented,pitch,1110789331,2.033,16000,1,d6528977db8d677b3cd4c4d4b035bce6c8f9ab417aa9b34e92a9432885d8913b,augmentation of SS-HAL-0615,CC0-1.0
SS-HAL-0617-A1,augmented/person_asking_for_help/SS-HAL-0617-A1.wav,Person Asking for Help,SS-HAL-0617,train,augmented,volume,2436374151,1.303,16000,1,45294ccdfe27e4798a84ca9fcb615419fa9598771ee6b81b5e28907ed957c9c9,augmentation of SS-HAL-0617,CC0-1.0
SS-HAL-0617-A2,augmented/person_asking_for_help/SS-HAL-0617-A2.wav,Person Asking for Help,SS-HAL-0617,train,augmented,volume,3063409799,1.303,16000,1,1798627f24cc64a5e31770371b7bcd435702d28eaca95db0ad9d9428cce8f2fe,augmentation of SS-HAL-0617,CC0-1.0
SS-HAL-0618-A1,augmented/person_asking_for_help/SS-HAL-0618-A1.wav,Person Asking for Help,SS-HAL-0618,train,augmented,noise,2085104602,0.903,16000,1,fbf5f0a4cf6012c1120bf1c443f1d0624185810ce586ce98fb3c3cfe920d3e73,augmentation of SS-HAL-0618,CC0-1.0
SS-HAL-0618-A2,augmented/person_asking_for_help/SS-HAL-0618-A2.wav,Person Asking for Help,SS-HAL-0618,train,augmented,stretch,3732374734,0.866,16000,1,3505a3a6e1661e8e870836517a758b9f52771f7a7154136576cc428d3ce0c01d,augmentation of SS-HAL-0618,CC0-1.0
SS-HAL-0621-A1,augmented/person_asking_for_help/SS-HAL-0621-A1.wav,Person Asking for Help,SS-HAL-0621,train,augmented,shift,4072815837,2.804,16000,1,dd78bc31ee7a681e2c64b95446b361126dd135e186526b08bbaab28c19ebaf3d,augmentation of SS-HAL-0621,CC0-1.0
SS-HAL-0621-A2,augmented/person_asking_for_help/SS-HAL-0621-A2.wav,Person Asking for Help,SS-HAL-0621,train,augmented,stretch,2817757142,2.812,16000,1,e973ead9e1cbfc8cd4910d764aa5e2822dd46fcbfcef8cb03ec30cc5b268380c,augmentation of SS-HAL-0621,CC0-1.0
SS-HAL-0623-A1,augmented/person_asking_for_help/SS-HAL-0623-A1.wav,Person Asking for Help,SS-HAL-0623,train,augmented,reverb,3509045324,0.809,16000,1,8f627bb2ea43f08704f466fd34791a9e4ffaff09525e070d98e400974aed70de,augmentation of SS-HAL-0623,CC0-1.0
SS-HAL-0623-A2,augmented/person_asking_for_help/SS-HAL-0623-A2.wav,Person Asking for Help,SS-HAL-0623,train,augmented,noise,3130665130,0.809,16000,1,26ffb3389b8a6e9bce15276199b362ababd792bab0aa44f9dcb4995bbfdb35be,augmentation of SS-HAL-0623,CC0-1.0
SS-HAL-0624-A1,augmented/person_asking_for_help/SS-HAL-0624-A1.wav,Person Asking for Help,SS-HAL-0624,train,augmented,reverb,1002959804,2.518,16000,1,211716742ad33c39dc1c9e33bb9ee54d28706725c9f61741401589f3a12203a5,augmentation of SS-HAL-0624,CC0-1.0
SS-HAL-0624-A2,augmented/person_asking_for_help/SS-HAL-0624-A2.wav,Person Asking for Help,SS-HAL-0624,train,augmented,reverb,2572328772,2.518,16000,1,29ff624f58816c32708367d2e573ba6898deefe8016733c026d30d0f87f1e85d,augmentation of SS-HAL-0624,CC0-1.0
SS-HAL-0626-A1,augmented/person_asking_for_help/SS-HAL-0626-A1.wav,Person Asking for Help,SS-HAL-0626,train,augmented,volume,634513575,0.706,16000,1,f25c29cac2b42a7e983832c726845f3c271a3853b051b05a14fcbd2703a89f5b,augmentation of SS-HAL-0626,CC0-1.0
SS-HAL-0626-A2,augmented/person_asking_for_help/SS-HAL-0626-A2.wav,Person Asking for Help,SS-HAL-0626,train,augmented,shift,386133301,0.706,16000,1,f0f4677db1f482f994b0a54b1993ea9c0310d0560c8b4ed271e66b4f6e93d3b7,augmentation of SS-HAL-0626,CC0-1.0
SS-HAL-0628-A1,augmented/person_asking_for_help/SS-HAL-0628-A1.wav,Person Asking for Help,SS-HAL-0628,train,augmented,pitch,1707936379,1.671,16000,1,dd15fab950d98ad8b5b24fd60f61dac3e329485f2290adb96499e66042050d68,augmentation of SS-HAL-0628,CC0-1.0
SS-HAL-0628-A2,augmented/person_asking_for_help/SS-HAL-0628-A2.wav,Person Asking for Help,SS-HAL-0628,train,augmented,device,2534730752,1.671,16000,1,5ab0a1a64d9ff70927bec74685ce4cc1d550baf029a77e8ac9f442bb0fdff07b,augmentation of SS-HAL-0628,CC0-1.0
SS-HAL-0630-A1,augmented/person_asking_for_help/SS-HAL-0630-A1.wav,Person Asking for Help,SS-HAL-0630,train,augmented,volume,3021624551,0.627,16000,1,637d36cf96be78241ffaef37be07b127670bfee3a5f07eda25ad4b3cfa9cf35a,augmentation of SS-HAL-0630,CC0-1.0
SS-HAL-0630-A2,augmented/person_asking_for_help/SS-HAL-0630-A2.wav,Person Asking for Help,SS-HAL-0630,train,augmented,volume,2286786647,0.627,16000,1,3dd111ac9767807afb7c1e28af2533d8cfce07296e2099fbca353a6ca30b7ab0,augmentation of SS-HAL-0630,CC0-1.0
SS-HAL-0631-A1,augmented/person_asking_for_help/SS-HAL-0631-A1.wav,Person Asking for Help,SS-HAL-0631,train,augmented,reverb,2882018908,1.344,16000,1,df9323c686cad8eadea3c044324e62d031f278945dcdaf35c2d1c752950900a5,augmentation of SS-HAL-0631,CC0-1.0
SS-HAL-0631-A2,augmented/person_asking_for_help/SS-HAL-0631-A2.wav,Person Asking for Help,SS-HAL-0631,train,augmented,shift,963219789,1.344,16000,1,88fae0dbe65e0d7840f776db9c31591e13fe208a2890375d91dca50fd2ce0dae,augmentation of SS-HAL-0631,CC0-1.0
SS-HAL-0632-A1,augmented/person_asking_for_help/SS-HAL-0632-A1.wav,Person Asking for Help,SS-HAL-0632,train,augmented,distance,3767734793,0.973,16000,1,991724e8f7cb143ba961717b61340c71a33ae4475897f7a070a373f718645c4d,augmentation of SS-HAL-0632,CC0-1.0
SS-HAL-0632-A2,augmented/person_asking_for_help/SS-HAL-0632-A2.wav,Person Asking for Help,SS-HAL-0632,train,augmented,reverb,1430514892,0.973,16000,1,f716ba5befcbf6b1c7d6aa489b98f70a2ec4b619b04d31d7959446a9a637ee95,augmentation of SS-HAL-0632,CC0-1.0
SS-HAL-0633-A1,augmented/person_asking_for_help/SS-HAL-0633-A1.wav,Person Asking for Help,SS-HAL-0633,train,augmented,pitch,956760267,1.143,16000,1,44cad894191219b2c75a5c5a2f8c449cf57bed5b27f8686ff80aba29ab614e92,augmentation of SS-HAL-0633,CC0-1.0
SS-HAL-0633-A2,augmented/person_asking_for_help/SS-HAL-0633-A2.wav,Person Asking for Help,SS-HAL-0633,train,augmented,reverb,2879766268,1.143,16000,1,30b53fc81ca5acee1216ca95b1f3ec3eaa3005d35fbe0d74c0ea0cbd3ea7a968,augmentation of SS-HAL-0633,CC0-1.0
SS-HAL-0634-A1,augmented/person_asking_for_help/SS-HAL-0634-A1.wav,Person Asking for Help,SS-HAL-0634,train,augmented,stretch,2810539806,2.913,16000,1,2fee8e6f95fe1cbde72fe35fd369cc70c7f539ae34f9b0cef203483b9a7142ec,augmentation of SS-HAL-0634,CC0-1.0
SS-HAL-0634-A2,augmented/person_asking_for_help/SS-HAL-0634-A2.wav,Person Asking for Help,SS-HAL-0634,train,augmented,noise,4130883226,2.588,16000,1,5585eb099144a643bf8dd749c8b50cc4122c4dc1e0909cae853ffc901f97c82d,augmentation of SS-HAL-0634,CC0-1.0
SS-HAL-0635-A1,augmented/person_asking_for_help/SS-HAL-0635-A1.wav,Person Asking for Help,SS-HAL-0635,train,augmented,shift,1460636429,2.875,16000,1,9ccf72c6fe0a259588f9579c9876efce82d7c13701a72563299d23829f16381c,augmentation of SS-HAL-0635,CC0-1.0
SS-HAL-0635-A2,augmented/person_asking_for_help/SS-HAL-0635-A2.wav,Person Asking for Help,SS-HAL-0635,train,augmented,shift,4281051085,2.875,16000,1,2b8736beac77da8925076e6b43a2f80704284eb7620ee8904d5d858ac19e1349,augmentation of SS-HAL-0635,CC0-1.0
SS-HAL-0636-A1,augmented/person_asking_for_help/SS-HAL-0636-A1.wav,Person Asking for Help,SS-HAL-0636,train,augmented,volume,1350742543,0.926,16000,1,ff8ca14765cc8378218dafd22094aa64f54726e924410d55335037c0dcfde485,augmentation of SS-HAL-0636,CC0-1.0
SS-HAL-0636-A2,augmented/person_asking_for_help/SS-HAL-0636-A2.wav,Person Asking for Help,SS-HAL-0636,train,augmented,stretch,850031406,0.812,16000,1,c7e9cccf2808554c212f54e276b932ec2d31d2ff2aa530c34aaac25466b447bb,augmentation of SS-HAL-0636,CC0-1.0
SS-HAL-0638-A1,augmented/person_asking_for_help/SS-HAL-0638-A1.wav,Person Asking for Help,SS-HAL-0638,train,augmented,reverb,2527692444,1.239,16000,1,43d2e84ae08b0141ec8f99a0bfca6cb74539df0ddab1de17c4c5b53dfd4d01bb,augmentation of SS-HAL-0638,CC0-1.0
SS-HAL-0638-A2,augmented/person_asking_for_help/SS-HAL-0638-A2.wav,Person Asking for Help,SS-HAL-0638,train,augmented,stretch,2666262614,1.121,16000,1,50c7cce81fac79a2b74a0857cc712eaaddf85f919c51d6269c33cfb522333f16,augmentation of SS-HAL-0638,CC0-1.0
SS-HAL-0639-A1,augmented/person_asking_for_help/SS-HAL-0639-A1.wav,Person Asking for Help,SS-HAL-0639,train,augmented,pitch,2761247467,1.454,16000,1,4f4ecd5dae02bb17f4319001bf6678d91067d1ed781fd1d3e4249ce0190e0c53,augmentation of SS-HAL-0639,CC0-1.0
SS-HAL-0639-A2,augmented/person_asking_for_help/SS-HAL-0639-A2.wav,Person Asking for Help,SS-HAL-0639,train,augmented,distance,3912225577,1.454,16000,1,b08488e90a4f13b9cfd39183b6ec38c65e6336213e3857e5877543e8aa73d282,augmentation of SS-HAL-0639,CC0-1.0
SS-HAL-0640-A1,augmented/person_asking_for_help/SS-HAL-0640-A1.wav,Person Asking for Help,SS-HAL-0640,train,augmented,stretch,2486718718,1.552,16000,1,459dce1ac38fe102f82118a8240c10c5932d7faa8a89dfb555dff8191f6690ab,augmentation of SS-HAL-0640,CC0-1.0
SS-HAL-0640-A2,augmented/person_asking_for_help/SS-HAL-0640-A2.wav,Person Asking for Help,SS-HAL-0640,train,augmented,noise,1094956882,1.697,16000,1,7a4ec5380e62e900ff4c8ff4087f9fa775e9a48edacc16e8399b66af75852293,augmentation of SS-HAL-0640,CC0-1.0
SS-HAL-0642-A1,augmented/person_asking_for_help/SS-HAL-0642-A1.wav,Person Asking for Help,SS-HAL-0642,train,augmented,shift,2554549261,1.005,16000,1,881ca88dabdf98fb8a1672552c3e9c15bd159d16d3479b70ae2e0880362ad2c8,augmentation of SS-HAL-0642,CC0-1.0
SS-HAL-0642-A2,augmented/person_asking_for_help/SS-HAL-0642-A2.wav,Person Asking for Help,SS-HAL-0642,train,augmented,shift,112949341,1.005,16000,1,2edcf0d3dbb134019eb4d9f63e5984dbe5cbd2b9ae30ccbe01976ea51b70dfdd,augmentation of SS-HAL-0642,CC0-1.0
SS-HAL-0643-A1,augmented/person_asking_for_help/SS-HAL-0643-A1.wav,Person Asking for Help,SS-HAL-0643,train,augmented,distance,1997589937,1.211,16000,1,97edb4d2bdea5934c924f447cb770d6bd9164c123b8b49eb0cb8824aad0667d4,augmentation of SS-HAL-0643,CC0-1.0
SS-HAL-0643-A2,augmented/person_asking_for_help/SS-HAL-0643-A2.wav,Person Asking for Help,SS-HAL-0643,train,augmented,stretch,2652418518,1.159,16000,1,ce836ea54922f8a953abbdfe3826de919160ac4d1e5532f382fd8f81c88b9643,augmentation of SS-HAL-0643,CC0-1.0
SS-HAL-0644-A1,augmented/person_asking_for_help/SS-HAL-0644-A1.wav,Person Asking for Help,SS-HAL-0644,train,augmented,volume,2932373367,2.135,16000,1,df167077733400ea0ac21f672acb8e989be0ed21bb99c36851d5b8a02134bd41,augmentation of SS-HAL-0644,CC0-1.0
SS-HAL-0644-A2,augmented/person_asking_for_help/SS-HAL-0644-A2.wav,Person Asking for Help,SS-HAL-0644,train,augmented,device,3414912288,2.135,16000,1,38d39cb5988d5628b9b766d9d53197ff0d8f0484f56b4f2f9c45bbceade1c644,augmentation of SS-HAL-0644,CC0-1.0
SS-HAL-0645-A1,augmented/person_asking_for_help/SS-HAL-0645-A1.wav,Person Asking for Help,SS-HAL-0645,train,augmented,stretch,833138062,2.451,16000,1,9af20ea30e376da2ffc04b50d3979c96521d35ede81bc923e6d8f1be693518bb,augmentation of SS-HAL-0645,CC0-1.0
SS-HAL-0645-A2,augmented/person_asking_for_help/SS-HAL-0645-A2.wav,Person Asking for Help,SS-HAL-0645,train,augmented,device,2238673896,2.801,16000,1,cd6fd27ad4c234a145e4aefbbb4706c22203dc4b514c3fbf3a2f231816c6b7f2,augmentation of SS-HAL-0645,CC0-1.0
SS-HAL-0646-A1,augmented/person_asking_for_help/SS-HAL-0646-A1.wav,Person Asking for Help,SS-HAL-0646,train,augmented,stretch,2792329894,1.083,16000,1,fc196d194955ae5f08147c498d2f9d9a382b0f25d65c657a26d657c26126a8f6,augmentation of SS-HAL-0646,CC0-1.0
SS-HAL-0646-A2,augmented/person_asking_for_help/SS-HAL-0646-A2.wav,Person Asking for Help,SS-HAL-0646,train,augmented,noise,750586538,0.979,16000,1,bb798077d65de85d42e6efa4f787606003715f31dec1a1222336f0a69a086e05,augmentation of SS-HAL-0646,CC0-1.0
SS-HAL-0647-A1,augmented/person_asking_for_help/SS-HAL-0647-A1.wav,Person Asking for Help,SS-HAL-0647,train,augmented,stretch,1341032142,0.743,16000,1,242bf1039d44578c9e63a7670a0426daaf7290d3e06d65218b15f7ee1a04c18a,augmentation of SS-HAL-0647,CC0-1.0
SS-HAL-0647-A2,augmented/person_asking_for_help/SS-HAL-0647-A2.wav,Person Asking for Help,SS-HAL-0647,train,augmented,distance,2826309305,0.639,16000,1,b971cb20675fbe3665be74520e72186946ea51172a7edfd870ade76bdf04b428,augmentation of SS-HAL-0647,CC0-1.0
SS-HAL-0648-A1,augmented/person_asking_for_help/SS-HAL-0648-A1.wav,Person Asking for Help,SS-HAL-0648,train,augmented,reverb,2784962132,1.866,16000,1,de154718c356975df4504e5d2442b3fed3943266c89528d319b0b63bcab339f4,augmentation of SS-HAL-0648,CC0-1.0
SS-HAL-0648-A2,augmented/person_asking_for_help/SS-HAL-0648-A2.wav,Person Asking for Help,SS-HAL-0648,train,augmented,volume,1044106647,1.866,16000,1,4ead4f6c0fc754744824477a8dc466d843bf29b84b88346fb0928759a34b3952,augmentation of SS-HAL-0648,CC0-1.0
SS-HAL-0649-A1,augmented/person_asking_for_help/SS-HAL-0649-A1.wav,Person Asking for Help,SS-HAL-0649,train,augmented,device,2539158760,1.909,16000,1,0673394db1174467b50df455d54f2cf6f359b6b3608f65c9dddb1f1498c28d67,augmentation of SS-HAL-0649,CC0-1.0
SS-HAL-0649-A2,augmented/person_asking_for_help/SS-HAL-0649-A2.wav,Person Asking for Help,SS-HAL-0649,train,augmented,stretch,744533830,2.208,16000,1,292086af9642f6e9b52f89760e382c9af582461815569132356ddc155ec3be4f,augmentation of SS-HAL-0649,CC0-1.0
SS-HAL-0651-A1,augmented/person_asking_for_help/SS-HAL-0651-A1.wav,Person Asking for Help,SS-HAL-0651,train,augmented,distance,698435489,0.93,16000,1,6c1c26c24f95b80066e93898f8bcc0be2df15675bc73db415062e73b9ef64642,augmentation of SS-HAL-0651,CC0-1.0
SS-HAL-0651-A2,augmented/person_asking_for_help/SS-HAL-0651-A2.wav,Person Asking for Help,SS-HAL-0651,train,augmented,noise,2928821794,0.93,16000,1,e436ae6c9e96a931c149b5c795a3be99b262943f59cf3242fc34463fb01114d2,augmentation of SS-HAL-0651,CC0-1.0
SS-HAL-0652-A1,augmented/person_asking_for_help/SS-HAL-0652-A1.wav,Person Asking for Help,SS-HAL-0652,train,augmented,noise,1926452722,1.255,16000,1,7643d1be298a233e02cda2a72a26e818122a53c4f746cda6e6053d1e86672708,augmentation of SS-HAL-0652,CC0-1.0
SS-HAL-0652-A2,augmented/person_asking_for_help/SS-HAL-0652-A2.wav,Person Asking for Help,SS-HAL-0652,train,augmented,distance,2746228009,1.255,16000,1,718a191dcf7445e900070af187ba7f645cb62aa1758e006d1e1dffdd475843ea,augmentation of SS-HAL-0652,CC0-1.0
SS-HAL-0653-A1,augmented/person_asking_for_help/SS-HAL-0653-A1.wav,Person Asking for Help,SS-HAL-0653,train,augmented,distance,540352593,2.111,16000,1,4aaf11545393d5027872c9b478a81ce43d9b8e43bcd4cbd0c3af72239351a4ab,augmentation of SS-HAL-0653,CC0-1.0
SS-HAL-0653-A2,augmented/person_asking_for_help/SS-HAL-0653-A2.wav,Person Asking for Help,SS-HAL-0653,train,augmented,shift,2638137485,2.111,16000,1,9cdc66e5695108bf2316cf9732f508f87515922a346283806b03d4730c1e5097,augmentation of SS-HAL-0653,CC0-1.0
SS-HAL-0654-A1,augmented/person_asking_for_help/SS-HAL-0654-A1.wav,Person Asking for Help,SS-HAL-0654,train,augmented,volume,2101833567,0.956,16000,1,c41c9b3f85561b71748f80faf5231622740e03891c9581a86eb1ab07f8d695ce,augmentation of SS-HAL-0654,CC0-1.0
SS-HAL-0654-A2,augmented/person_asking_for_help/SS-HAL-0654-A2.wav,Person Asking for Help,SS-HAL-0654,train,augmented,device,2639634976,0.956,16000,1,0a720f84e2dac423e6690f93040846c6c67718af9bfc98e8ed5c473e62e604a8,augmentation of SS-HAL-0654,CC0-1.0
SS-HAL-0655-A1,augmented/person_asking_for_help/SS-HAL-0655-A1.wav,Person Asking for Help,SS-HAL-0655,train,augmented,noise,3123832018,0.972,16000,1,2c7ec980578ac418b88cf0b47e583fa964951730f5e8e0956170ed6ac4972fde,augmentation of SS-HAL-0655,CC0-1.0
SS-HAL-0655-A2,augmented/person_asking_for_help/SS-HAL-0655-A2.wav,Person Asking for Help,SS-HAL-0655,train,augmented,shift,570001917,0.972,16000,1,97343b375b48d350346c5992d8f5f10009338cb71181c5eb5f23c05dcaf94438,augmentation of SS-HAL-0655,CC0-1.0
SS-HAL-0656-A1,augmented/person_asking_for_help/SS-HAL-0656-A1.wav,Person Asking for Help,SS-HAL-0656,train,augmented,stretch,2882385134,1.813,16000,1,3658ff508bdbd3793e622c11bea746dad5bbff0e1aa12436eddde658b75ff19c,augmentation of SS-HAL-0656,CC0-1.0
SS-HAL-0656-A2,augmented/person_asking_for_help/SS-HAL-0656-A2.wav,Person Asking for Help,SS-HAL-0656,train,augmented,distance,3362824913,1.598,16000,1,85a89e72bdeced1a6eb180d0a7b432eabf2490bd6c41970d35848b343c4c3c8a,augmentation of SS-HAL-0656,CC0-1.0
SS-HAL-0662-A1,augmented/person_asking_for_help/SS-HAL-0662-A1.wav,Person Asking for Help,SS-HAL-0662,train,augmented,shift,168007461,1.229,16000,1,a8c05d32feee5ad55e5d7573f4824759ecc727b1d497c9e2b7e598a588420fd4,augmentation of SS-HAL-0662,CC0-1.0
SS-HAL-0662-A2,augmented/person_asking_for_help/SS-HAL-0662-A2.wav,Person Asking for Help,SS-HAL-0662,train,augmented,device,102695656,1.229,16000,1,5549c8398c5b49a9602b465d8333b2129417e6a70223020282dae79888814de1,augmentation of SS-HAL-0662,CC0-1.0
SS-HAL-0663-A1,augmented/person_asking_for_help/SS-HAL-0663-A1.wav,Person Asking for Help,SS-HAL-0663,train,augmented,distance,1043839385,1.516,16000,1,cd27e3d65c1ed4c8209e4e15f3376d93116f8546771a85da82fc119fc8225d35,augmentation of SS-HAL-0663,CC0-1.0
SS-HAL-0663-A2,augmented/person_asking_for_help/SS-HAL-0663-A2.wav,Person Asking for Help,SS-HAL-0663,train,augmented,distance,1248005777,1.516,16000,1,1f92fce0854afb70a802b30b83f47b4a364d6da5b1fe558019af352692068901,augmentation of SS-HAL-0663,CC0-1.0
SS-HAL-0665-A1,augmented/person_asking_for_help/SS-HAL-0665-A1.wav,Person Asking for Help,SS-HAL-0665,train,augmented,noise,2825473210,0.846,16000,1,b43a9a23a4ee1a5394ba6a877a9510d6c91c0ace80037ee2e9d793a720a923a0,augmentation of SS-HAL-0665,CC0-1.0
SS-HAL-0665-A2,augmented/person_asking_for_help/SS-HAL-0665-A2.wav,Person Asking for Help,SS-HAL-0665,train,augmented,noise,1171099890,0.846,16000,1,d977d59e5d899c2f390dea8aef2325c8a77ab4046355a4c63161440ab4f81f21,augmentation of SS-HAL-0665,CC0-1.0
SS-HAL-0666-A1,augmented/person_asking_for_help/SS-HAL-0666-A1.wav,Person Asking for Help,SS-HAL-0666,train,augmented,device,1839638816,1.386,16000,1,d7514931109db5c6a2af0775c2e65ef04f5061b2d1021f32a59ffcff0fef9342,augmentation of SS-HAL-0666,CC0-1.0
SS-HAL-0666-A2,augmented/person_asking_for_help/SS-HAL-0666-A2.wav,Person Asking for Help,SS-HAL-0666,train,augmented,device,1896995864,1.386,16000,1,6e685bf49effe40ee08b9ba57613e3561304b6f5c20bd4ed5ac1b497f1f873a7,augmentation of SS-HAL-0666,CC0-1.0
SS-HAL-0667-A1,augmented/person_asking_for_help/SS-HAL-0667-A1.wav,Person Asking for Help,SS-HAL-0667,train,augmented,noise,170149634,1.228,16000,1,30054d2e370b48b7544baa8ca3a4290fc7c8ed01ae9d6cf101fe917c3621a9af,augmentation of SS-HAL-0667,CC0-1.0
SS-HAL-0667-A2,augmented/person_asking_for_help/SS-HAL-0667-A2.wav,Person Asking for Help,SS-HAL-0667,train,augmented,noise,4207063634,1.228,16000,1,31cdcb2cded9c0bd1bd69d10ba1fd5187cfa829d741066287e4362b6193295d2,augmentation of SS-HAL-0667,CC0-1.0
SS-HAL-0668-A1,augmented/person_asking_for_help/SS-HAL-0668-A1.wav,Person Asking for Help,SS-HAL-0668,train,augmented,shift,3291903861,2.01,16000,1,088cd556e202de0b72a56b516b09056cfdc0befe3a45c14afa946d426c9a0ccc,augmentation of SS-HAL-0668,CC0-1.0
SS-HAL-0668-A2,augmented/person_asking_for_help/SS-HAL-0668-A2.wav,Person Asking for Help,SS-HAL-0668,train,augmented,volume,2827641503,2.01,16000,1,b3dea0519e5f4a4f8937417f0c9800fc5919b72d616a48c7a233f994fd349182,augmentation of SS-HAL-0668,CC0-1.0
SS-HAL-0669-A1,augmented/person_asking_for_help/SS-HAL-0669-A1.wav,Person Asking for Help,SS-HAL-0669,train,augmented,reverb,3207487724,2.711,16000,1,5f7afcf801150ea8c2388cc9064b8ed19954668c4f4959d06169ad5d1f6d0556,augmentation of SS-HAL-0669,CC0-1.0
SS-HAL-0669-A2,augmented/person_asking_for_help/SS-HAL-0669-A2.wav,Person Asking for Help,SS-HAL-0669,train,augmented,reverb,2847689316,2.711,16000,1,665f373393c97bcc346d29fb75d0394729f24501d4af5a3f33cefe0acec4a2bf,augmentation of SS-HAL-0669,CC0-1.0
SS-HAL-0674-A1,augmented/person_asking_for_help/SS-HAL-0674-A1.wav,Person Asking for Help,SS-HAL-0674,train,augmented,device,130511488,0.64,16000,1,b636c4a924da610a8f6256e5b05d01f30f549c3c12ad762bf9d6790c7afa0152,augmentation of SS-HAL-0674,CC0-1.0
SS-HAL-0674-A2,augmented/person_asking_for_help/SS-HAL-0674-A2.wav,Person Asking for Help,SS-HAL-0674,train,augmented,pitch,3585660995,0.64,16000,1,c5c7230f5f7dd892655eab3fa634753701d512c18a9841da43a8dfd2b0b469c2,augmentation of SS-HAL-0674,CC0-1.0
SS-HAL-0675-A1,augmented/person_asking_for_help/SS-HAL-0675-A1.wav,Person Asking for Help,SS-HAL-0675,train,augmented,noise,944084714,0.6,16000,1,59eabc312b8c5ca7eeef6e0fda231976714349ddca4747de1158b27c13ef85aa,augmentation of SS-HAL-0675,CC0-1.0
SS-HAL-0675-A2,augmented/person_asking_for_help/SS-HAL-0675-A2.wav,Person Asking for Help,SS-HAL-0675,train,augmented,reverb,4294373388,0.6,16000,1,929f3d0ba1ca9e672bdf407039daacec3f0c3212ab32ad27f85ce150e0278352,augmentation of SS-HAL-0675,CC0-1.0
SS-HAL-0676-A1,augmented/person_asking_for_help/SS-HAL-0676-A1.wav,Person Asking for Help,SS-HAL-0676,train,augmented,device,734189896,1.271,16000,1,564ad7b95bafa8776974884153c001ac4cd0679efde9f935e2afdbaf5371f7fa,augmentation of SS-HAL-0676,CC0-1.0
SS-HAL-0676-A2,augmented/person_asking_for_help/SS-HAL-0676-A2.wav,Person Asking for Help,SS-HAL-0676,train,augmented,pitch,881916355,1.271,16000,1,ee6ce5e48077a544ad288ce5e2017483e2568e1042b60d66206066bd5e51a59b,augmentation of SS-HAL-0676,CC0-1.0
SS-HAL-0677-A1,augmented/person_asking_for_help/SS-HAL-0677-A1.wav,Person Asking for Help,SS-HAL-0677,train,augmented,noise,2646316306,1.891,16000,1,20de4669905b73e7b8749d575b45f5e54e5acd2076f70544d4eb59b8dc40c3ae,augmentation of SS-HAL-0677,CC0-1.0
SS-HAL-0677-A2,augmented/person_asking_for_help/SS-HAL-0677-A2.wav,Person Asking for Help,SS-HAL-0677,train,augmented,pitch,4287228707,1.891,16000,1,9c0a15f50f3923ae77fdbd139eb9f9f9e7690a98123094790aa6dc27445d447c,augmentation of SS-HAL-0677,CC0-1.0
SS-HAL-0678-A1,augmented/person_asking_for_help/SS-HAL-0678-A1.wav,Person Asking for Help,SS-HAL-0678,train,augmented,distance,994266465,0.661,16000,1,062324779025110e9af67e809dcef514259d6a6379740d3d20c7bbd9d50a5a08,augmentation of SS-HAL-0678,CC0-1.0
SS-HAL-0678-A2,augmented/person_asking_for_help/SS-HAL-0678-A2.wav,Person Asking for Help,SS-HAL-0678,train,augmented,shift,2297698205,0.661,16000,1,52697ddf157f6b0178ff33544085932ae73c782425e60b5491929d03265110d4,augmentation of SS-HAL-0678,CC0-1.0
SS-HAL-0679-A1,augmented/person_asking_for_help/SS-HAL-0679-A1.wav,Person Asking for Help,SS-HAL-0679,train,augmented,reverb,2694842436,1.392,16000,1,f71e601bb1db959bbdbf3da63354afab05d17513e67b4861366b630bcc4ed114,augmentation of SS-HAL-0679,CC0-1.0
SS-HAL-0679-A2,augmented/person_asking_for_help/SS-HAL-0679-A2.wav,Person Asking for Help,SS-HAL-0679,train,augmented,stretch,2263295638,1.305,16000,1,86d30d9f833ca5acb2f9e5404ffce1eb1a0dbf1afc369ce0a4b57dda7cd6d901,augmentation of SS-HAL-0679,CC0-1.0
SS-HAL-0680-A1,augmented/person_asking_for_help/SS-HAL-0680-A1.wav,Person Asking for Help,SS-HAL-0680,train,augmented,reverb,2383345340,0.928,16000,1,19a5cddf652e244d4c72548ad23ce1a3df48490ab915df098d1588c4515917c2,augmentation of SS-HAL-0680,CC0-1.0
SS-HAL-0680-A2,augmented/person_asking_for_help/SS-HAL-0680-A2.wav,Person Asking for Help,SS-HAL-0680,train,augmented,stretch,1739531886,0.854,16000,1,4df4d576bb407487b760034ce40e9e3b8ca0492be65b4b8b4b5f82b8b3fc0757,augmentation of SS-HAL-0680,CC0-1.0
SS-HAL-0682-A1,augmented/person_asking_for_help/SS-HAL-0682-A1.wav,Person Asking for Help,SS-HAL-0682,train,augmented,distance,2244713241,2.522,16000,1,6c3fb1e65a7ec750fe07b8791ce338d8a95d5ce894f6027e2d6e86ee51a88193,augmentation of SS-HAL-0682,CC0-1.0
SS-HAL-0682-A2,augmented/person_asking_for_help/SS-HAL-0682-A2.wav,Person Asking for Help,SS-HAL-0682,train,augmented,shift,1575245589,2.522,16000,1,49616adb92913b1ce0cb0c002dd33b163ad9504dd587e6329126c31b0f3bb8ad,augmentation of SS-HAL-0682,CC0-1.0
SS-HAL-0683-A1,augmented/person_asking_for_help/SS-HAL-0683-A1.wav,Person Asking for Help,SS-HAL-0683,train,augmented,noise,736185578,1.935,16000,1,4623c37a621261f7bab702239238f3273e1246e3b3c83845991bf93fa1f771ed,augmentation of SS-HAL-0683,CC0-1.0
SS-HAL-0683-A2,augmented/person_asking_for_help/SS-HAL-0683-A2.wav,Person Asking for Help,SS-HAL-0683,train,augmented,noise,1482732474,1.935,16000,1,a18b34b5f1735362391275efaf5e5b96e8deac2aa9ae6ba7455666b3be26ffb1,augmentation of SS-HAL-0683,CC0-1.0
SS-HAL-0684-A1,augmented/person_asking_for_help/SS-HAL-0684-A1.wav,Person Asking for Help,SS-HAL-0684,train,augmented,device,1884159384,0.946,16000,1,446c448eb467905ff0a21089ae494bee4a41a4bff6e3049a6a24fb84b7622a85,augmentation of SS-HAL-0684,CC0-1.0
SS-HAL-0684-A2,augmented/person_asking_for_help/SS-HAL-0684-A2.wav,Person Asking for Help,SS-HAL-0684,train,augmented,noise,652822922,0.946,16000,1,9e75a52a420e97efb4f28feed13012795a95d001e598599a3cfb0ceca24ed330,augmentation of SS-HAL-0684,CC0-1.0
SS-HAL-0685-A1,augmented/person_asking_for_help/SS-HAL-0685-A1.wav,Person Asking for Help,SS-HAL-0685,train,augmented,shift,2586074501,1.042,16000,1,9dfe196464174b6c8fcb65209e0eb7295b1361da2cdda45917503ce5b9c72f8d,augmentation of SS-HAL-0685,CC0-1.0
SS-HAL-0685-A2,augmented/person_asking_for_help/SS-HAL-0685-A2.wav,Person Asking for Help,SS-HAL-0685,train,augmented,distance,2075474433,1.042,16000,1,6168966e5ccc253abbe38af7b5079f67dc716204e07924c4e422b0d3d152dc69,augmentation of SS-HAL-0685,CC0-1.0
SS-HAL-0686-A1,augmented/person_asking_for_help/SS-HAL-0686-A1.wav,Person Asking for Help,SS-HAL-0686,train,augmented,device,2548298808,1.957,16000,1,9a350ea3a6c3e4e9abc0a74930754398dc6df42b8f0fbf0055a5e26253336e88,augmentation of SS-HAL-0686,CC0-1.0
SS-HAL-0686-A2,augmented/person_asking_for_help/SS-HAL-0686-A2.wav,Person Asking for Help,SS-HAL-0686,train,augmented,noise,1498948202,1.957,16000,1,6a3bad5da683f5a33d593c9d92b3090e8958a4447a1dac81497938d88375eea1,augmentation of SS-HAL-0686,CC0-1.0
SS-HAL-0687-A1,augmented/person_asking_for_help/SS-HAL-0687-A1.wav,Person Asking for Help,SS-HAL-0687,train,augmented,shift,2650196645,2.336,16000,1,6bc8c18bcd4979481f2cc6f90fcee031d3b84e572a31537bd58fba0fe618e20e,augmentation of SS-HAL-0687,CC0-1.0
SS-HAL-0687-A2,augmented/person_asking_for_help/SS-HAL-0687-A2.wav,Person Asking for Help,SS-HAL-0687,train,augmented,distance,71809977,2.336,16000,1,fca62a6eea4bd90bdc8480ca52d63a79f2ff4f829cca612f6c4bce9008bc6abe,augmentation of SS-HAL-0687,CC0-1.0
SS-HAL-0688-A1,augmented/person_asking_for_help/SS-HAL-0688-A1.wav,Person Asking for Help,SS-HAL-0688,train,augmented,device,106513768,1.948,16000,1,b2da34c0df8dd743ffadcbcf4cc5cef800746cb6ed9eb85cdbb5ab08d2219066,augmentation of SS-HAL-0688,CC0-1.0
SS-HAL-0688-A2,augmented/person_asking_for_help/SS-HAL-0688-A2.wav,Person Asking for Help,SS-HAL-0688,train,augmented,reverb,1673534628,1.948,16000,1,033459053f7dc65d93337b61f3d2bbbda8b6650717c20d982ea668eb448482f5,augmentation of SS-HAL-0688,CC0-1.0
SS-HAL-0689-A1,augmented/person_asking_for_help/SS-HAL-0689-A1.wav,Person Asking for Help,SS-HAL-0689,train,augmented,pitch,2442689867,1.215,16000,1,bec43f59088afdb9b631906abcc145289d93746805644112706574662045130d,augmentation of SS-HAL-0689,CC0-1.0
SS-HAL-0689-A2,augmented/person_asking_for_help/SS-HAL-0689-A2.wav,Person Asking for Help,SS-HAL-0689,train,augmented,stretch,461092942,1.324,16000,1,f9ab3d1b4c7959fb5f3668d2ea8b12cba70a76f5e857aea361fb551616dc16b4,augmentation of SS-HAL-0689,CC0-1.0
SS-HAL-0690-A1,augmented/person_asking_for_help/SS-HAL-0690-A1.wav,Person Asking for Help,SS-HAL-0690,train,augmented,distance,3129788377,1.083,16000,1,31ab85a381cef9e48489654f76ce4ff934169d4075a173940c5f7d7398aed7ae,augmentation of SS-HAL-0690,CC0-1.0
SS-HAL-0690-A2,augmented/person_asking_for_help/SS-HAL-0690-A2.wav,Person Asking for Help,SS-HAL-0690,train,augmented,pitch,1937311843,1.083,16000,1,5c1ff728cb91d206b732fa692b1fb5b8b671c159aa81bfe9a755554ec69b93ea,augmentation of SS-HAL-0690,CC0-1.0
SS-HAL-0692-A1,augmented/person_asking_for_help/SS-HAL-0692-A1.wav,Person Asking for Help,SS-HAL-0692,train,augmented,volume,2524138759,1.985,16000,1,2f7f5781bec71fc33a076a21862ad5c6ad8a4367dc713286b4e1e9424227d8e9,augmentation of SS-HAL-0692,CC0-1.0
SS-HAL-0692-A2,augmented/person_asking_for_help/SS-HAL-0692-A2.wav,Person Asking for Help,SS-HAL-0692,train,augmented,shift,1779656221,1.985,16000,1,c8ec9f8ddea8b82b26af4b66108a4453d43260be131a4fa21848ed90b259c0fe,augmentation of SS-HAL-0692,CC0-1.0
SS-HAL-0693-A1,augmented/person_asking_for_help/SS-HAL-0693-A1.wav,Person Asking for Help,SS-HAL-0693,train,augmented,shift,1137362205,2.577,16000,1,48eeed91d9cab600011e21e08acea9a8dec9ddb07418ffb88d0248f6e529f581,augmentation of SS-HAL-0693,CC0-1.0
SS-HAL-0693-A2,augmented/person_asking_for_help/SS-HAL-0693-A2.wav,Person Asking for Help,SS-HAL-0693,train,augmented,reverb,3451695828,2.577,16000,1,9b4f130dee156f158b66d1338fcbdf18690df94e88846e6bfeffe8206e646d91,augmentation of SS-HAL-0693,CC0-1.0
SS-HAL-0695-A1,augmented/person_asking_for_help/SS-HAL-0695-A1.wav,Person Asking for Help,SS-HAL-0695,train,augmented,stretch,2161747646,0.825,16000,1,cf5b96b04137e501c4c972130e887310db4f65bb15603e69deb0c15079422fda,augmentation of SS-HAL-0695,CC0-1.0
SS-HAL-0695-A2,augmented/person_asking_for_help/SS-HAL-0695-A2.wav,Person Asking for Help,SS-HAL-0695,train,augmented,pitch,327813667,0.73,16000,1,a14650632a5e8629a4568361122dc91fe0ec701e5b6739ab7d9f4a24139045fb,augmentation of SS-HAL-0695,CC0-1.0
SS-HAL-0696-A1,augmented/person_asking_for_help/SS-HAL-0696-A1.wav,Person Asking for Help,SS-HAL-0696,train,augmented,volume,1436382015,2.417,16000,1,faa80ce36be4ec77f2ea427612c2ce90e61935a8a33b7785fd45a56cf12655a5,augmentation of SS-HAL-0696,CC0-1.0
SS-HAL-0696-A2,augmented/person_asking_for_help/SS-HAL-0696-A2.wav,Person Asking for Help,SS-HAL-0696,train,augmented,shift,899932037,2.417,16000,1,a4da938ee122bcf9f3aa715ea3d90b46913f427a1ca225b2bf23d0147a5c38e5,augmentation of SS-HAL-0696,CC0-1.0
SS-HAL-0697-A1,augmented/person_asking_for_help/SS-HAL-0697-A1.wav,Person Asking for Help,SS-HAL-0697,train,augmented,pitch,1809729619,2.377,16000,1,ba1fa7a28d274a97b19a88a52664953dc1bff876f9da76967dbfd944a29df84e,augmentation of SS-HAL-0697,CC0-1.0
SS-HAL-0697-A2,augmented/person_asking_for_help/SS-HAL-0697-A2.wav,Person Asking for Help,SS-HAL-0697,train,augmented,noise,932414810,2.377,16000,1,bafb2fc4bfe810b07d4a995f3c5e975a03ee28186d6a190f792e584ba3729f04,augmentation of SS-HAL-0697,CC0-1.0
SS-HAL-0698-A1,augmented/person_asking_for_help/SS-HAL-0698-A1.wav,Person Asking for Help,SS-HAL-0698,train,augmented,reverb,3180933316,0.775,16000,1,5f7d0992a1968c84aa7f90a98bd4891f95e9d1635faca91dd83bee2520c395b7,augmentation of SS-HAL-0698,CC0-1.0
SS-HAL-0698-A2,augmented/person_asking_for_help/SS-HAL-0698-A2.wav,Person Asking for Help,SS-HAL-0698,train,augmented,shift,2731360373,0.775,16000,1,6c7c745db815fc8baf095bac495e793a3cb7a658c3c1b07c1b428cf99c19a346,augmentation of SS-HAL-0698,CC0-1.0
SS-HAL-0700-A1,augmented/person_asking_for_help/SS-HAL-0700-A1.wav,Person Asking for Help,SS-HAL-0700,train,augmented,reverb,1619558268,1.263,16000,1,c859907374b27b42730d5dfd5feacdc4184ba9585c423a59ca2774d8a80159bf,augmentation of SS-HAL-0700,CC0-1.0
SS-HAL-0700-A2,augmented/person_asking_for_help/SS-HAL-0700-A2.wav,Person Asking for Help,SS-HAL-0700,train,augmented,device,2166837424,1.263,16000,1,38ee5c1ab746c3229f5988b3224c18d39e6eb0dc46232595f63436b9ea5121de,augmentation of SS-HAL-0700,CC0-1.0
SS-HAL-0701-A1,augmented/person_asking_for_help/SS-HAL-0701-A1.wav,Person Asking for Help,SS-HAL-0701,train,augmented,volume,1070301135,1.518,16000,1,ece988186a43ec76da41df978a123274e14c821c5da5a754241d9d98ee25a651,augmentation of SS-HAL-0701,CC0-1.0
SS-HAL-0701-A2,augmented/person_asking_for_help/SS-HAL-0701-A2.wav,Person Asking for Help,SS-HAL-0701,train,augmented,pitch,1284564043,1.518,16000,1,161ffaa23afe0112805b78169e0b25819cd268166b2d2804d236c838439770b7,augmentation of SS-HAL-0701,CC0-1.0
SS-HAL-0702-A1,augmented/person_asking_for_help/SS-HAL-0702-A1.wav,Person Asking for Help,SS-HAL-0702,train,augmented,reverb,3077105508,0.698,16000,1,50dc05ff7d79a5dadff5465f66e8e2f04ff07a1cb1859075e66f3cc7e472fdcc,augmentation of SS-HAL-0702,CC0-1.0
SS-HAL-0702-A2,augmented/person_asking_for_help/SS-HAL-0702-A2.wav,Person Asking for Help,SS-HAL-0702,train,augmented,distance,3388674881,0.698,16000,1,7db4a2f237d430470b992e14132cddf9095bbea755e91213ab9394b8135a2994,augmentation of SS-HAL-0702,CC0-1.0
SS-HAL-0704-A1,augmented/person_asking_for_help/SS-HAL-0704-A1.wav,Person Asking for Help,SS-HAL-0704,train,augmented,volume,1515160263,1.028,16000,1,238b7ff3748ac732fee73a33b8083dcd512ab585abe48558be3ffed91490b5b3,augmentation of SS-HAL-0704,CC0-1.0
SS-HAL-0704-A2,augmented/person_asking_for_help/SS-HAL-0704-A2.wav,Person Asking for Help,SS-HAL-0704,train,augmented,pitch,3772922947,1.028,16000,1,0b73af69b803a4b65b3d19457a446e8e2d5e55907fcd2863d19141bcee48595a,augmentation of SS-HAL-0704,CC0-1.0
SS-HAL-0705-A1,augmented/person_asking_for_help/SS-HAL-0705-A1.wav,Person Asking for Help,SS-HAL-0705,train,augmented,pitch,2977344219,1.2,16000,1,166a87635b772e606d89461edce833d41978af26aecb41a49c4c38cf8004416d,augmentation of SS-HAL-0705,CC0-1.0
SS-HAL-0705-A2,augmented/person_asking_for_help/SS-HAL-0705-A2.wav,Person Asking for Help,SS-HAL-0705,train,augmented,stretch,2614509550,1.382,16000,1,c50b72e30445373ecf473c682f823f9ee2eb46dc86a27c808e836b731a79cecd,augmentation of SS-HAL-0705,CC0-1.0
SS-HAL-0706-A1,augmented/person_asking_for_help/SS-HAL-0706-A1.wav,Person Asking for Help,SS-HAL-0706,train,augmented,noise,1581116770,1.905,16000,1,0de1c4ce09fa256f7e5db764c0be70157fcbe1fec23c62145dd819b9307044b2,augmentation of SS-HAL-0706,CC0-1.0
SS-HAL-0706-A2,augmented/person_asking_for_help/SS-HAL-0706-A2.wav,Person Asking for Help,SS-HAL-0706,train,augmented,pitch,4268876555,1.905,16000,1,4b6f38bf91a68cc640497c821e803e95f3fe24e53cf0489cd6a0683a0bcd3efa,augmentation of SS-HAL-0706,CC0-1.0
SS-HAL-0707-A1,augmented/person_asking_for_help/SS-HAL-0707-A1.wav,Person Asking for Help,SS-HAL-0707,train,augmented,noise,553261778,2.338,16000,1,1e55a08b4f53cb98ec0e0dd2b5c3547a440beabfd90b9da1f74bfb9ee0c11a01,augmentation of SS-HAL-0707,CC0-1.0
SS-HAL-0707-A2,augmented/person_asking_for_help/SS-HAL-0707-A2.wav,Person Asking for Help,SS-HAL-0707,train,augmented,pitch,713288691,2.338,16000,1,f46cd95e01ca08da54707df5a22ddcf699df142a488f63891617fcac30e8c27d,augmentation of SS-HAL-0707,CC0-1.0
SS-HAL-0708-A1,augmented/person_asking_for_help/SS-HAL-0708-A1.wav,Person Asking for Help,SS-HAL-0708,train,augmented,pitch,462000691,0.992,16000,1,7877881ae8e6796357668e5a14c016afe34a8b87dacf4e0e79f161234a98ac0a,augmentation of SS-HAL-0708,CC0-1.0
SS-HAL-0708-A2,augmented/person_asking_for_help/SS-HAL-0708-A2.wav,Person Asking for Help,SS-HAL-0708,train,augmented,distance,3404742897,0.992,16000,1,1aeb72853cffb67784b7a509e4bbe409cc65604327a20e2dc5d604de96aa0a3d,augmentation of SS-HAL-0708,CC0-1.0
SS-HAL-0709-A1,augmented/person_asking_for_help/SS-HAL-0709-A1.wav,Person Asking for Help,SS-HAL-0709,train,augmented,shift,423730029,1.297,16000,1,6ff646464d28f9c5e00b8f4d5d5725e06fd4ecffb072913d0b53429e8c6a296a,augmentation of SS-HAL-0709,CC0-1.0
SS-HAL-0709-A2,augmented/person_asking_for_help/SS-HAL-0709-A2.wav,Person Asking for Help,SS-HAL-0709,train,augmented,pitch,2784861651,1.297,16000,1,a721841328364982a61ae3cfd0d4ee55d7efebfc370cf85225cc525ec4504f21,augmentation of SS-HAL-0709,CC0-1.0
SS-HAL-0710-A1,augmented/person_asking_for_help/SS-HAL-0710-A1.wav,Person Asking for Help,SS-HAL-0710,train,augmented,noise,2403498522,1.615,16000,1,8758f5e474def14ba3457354e9fbf3cce3e416741339f01500ca27e7fd738b0e,augmentation of SS-HAL-0710,CC0-1.0
SS-HAL-0710-A2,augmented/person_asking_for_help/SS-HAL-0710-A2.wav,Person Asking for Help,SS-HAL-0710,train,augmented,volume,2433138007,1.615,16000,1,bad5fee90f1e9bad06ae05faa86fd414068d88852d6b374be9a51406625127af,augmentation of SS-HAL-0710,CC0-1.0
SS-HAL-0712-A1,augmented/person_asking_for_help/SS-HAL-0712-A1.wav,Person Asking for Help,SS-HAL-0712,train,augmented,pitch,1391100179,1.724,16000,1,9b387f80245a5cd15016a6316ff9c152a37f1ac55330b1dbc376e90dba233159,augmentation of SS-HAL-0712,CC0-1.0
SS-HAL-0712-A2,augmented/person_asking_for_help/SS-HAL-0712-A2.wav,Person Asking for Help,SS-HAL-0712,train,augmented,distance,2411526977,1.724,16000,1,a7260bfde01eeba7a4699a436663b44ad7a6225b8042721dae418ce5c36495bc,augmentation of SS-HAL-0712,CC0-1.0
SS-HAL-0713-A1,augmented/person_asking_for_help/SS-HAL-0713-A1.wav,Person Asking for Help,SS-HAL-0713,train,augmented,stretch,1165697006,1.204,16000,1,62bf7b6b826ed89464ecaa380a7b5f80f12bb643d93eda72dbf5bfff96a23bd6,augmentation of SS-HAL-0713,CC0-1.0
SS-HAL-0713-A2,augmented/person_asking_for_help/SS-HAL-0713-A2.wav,Person Asking for Help,SS-HAL-0713,train,augmented,pitch,403120699,1.365,16000,1,dd30c8480ba3a0f7cde76a815dc9fef4c410480275495853c945766958a9b908,augmentation of SS-HAL-0713,CC0-1.0
SS-HAL-0714-A1,augmented/person_asking_for_help/SS-HAL-0714-A1.wav,Person Asking for Help,SS-HAL-0714,train,augmented,reverb,3523081484,0.738,16000,1,5f5f673a99f033f1651e29c41b87554e0993fa1408e46275a31e6f436e852796,augmentation of SS-HAL-0714,CC0-1.0
SS-HAL-0714-A2,augmented/person_asking_for_help/SS-HAL-0714-A2.wav,Person Asking for Help,SS-HAL-0714,train,augmented,stretch,3063114822,0.758,16000,1,e21e715454510892a54908ee2a011a0b2d73264d28be10d34212ebca2a3379c6,augmentation of SS-HAL-0714,CC0-1.0
SS-HAL-0715-A1,augmented/person_asking_for_help/SS-HAL-0715-A1.wav,Person Asking for Help,SS-HAL-0715,train,augmented,shift,2249616237,1.242,16000,1,57fdc794fc8434b3ade86ee43159cbad2e64b45994f6ed1b756c1a0c70bf1dd0,augmentation of SS-HAL-0715,CC0-1.0
SS-HAL-0715-A2,augmented/person_asking_for_help/SS-HAL-0715-A2.wav,Person Asking for Help,SS-HAL-0715,train,augmented,noise,1272709530,1.242,16000,1,e009c96a7f9a42aca819d3844245b671c919f74d764100af49739aa2e0cd1579,augmentation of SS-HAL-0715,CC0-1.0
SS-HAL-0716-A1,augmented/person_asking_for_help/SS-HAL-0716-A1.wav,Person Asking for Help,SS-HAL-0716,train,augmented,volume,1320197791,2.23,16000,1,3a542b0eedd182676fc9f35174e6957bcbb53c22eeb2d63dfa6993d5ce5b95c8,augmentation of SS-HAL-0716,CC0-1.0
SS-HAL-0716-A2,augmented/person_asking_for_help/SS-HAL-0716-A2.wav,Person Asking for Help,SS-HAL-0716,train,augmented,stretch,3085774966,2.489,16000,1,5d72f696111e685dd4f5a83bcee98952bd85a456719dbb1631d0c102eea8f602,augmentation of SS-HAL-0716,CC0-1.0
SS-HAL-0717-A1,augmented/person_asking_for_help/SS-HAL-0717-A1.wav,Person Asking for Help,SS-HAL-0717,train,augmented,reverb,2908276228,1.65,16000,1,e23ad142c40b04be6ed849524f285a8c5c8e3d8be44a9a4adfbf754e5419cc84,augmentation of SS-HAL-0717,CC0-1.0
SS-HAL-0717-A2,augmented/person_asking_for_help/SS-HAL-0717-A2.wav,Person Asking for Help,SS-HAL-0717,train,augmented,volume,898381503,1.65,16000,1,46438dd6d42892c8ee7d87208d359d53176c181829428ab9a042f922a67c068c,augmentation of SS-HAL-0717,CC0-1.0
SS-HAL-0719-A1,augmented/person_asking_for_help/SS-HAL-0719-A1.wav,Person Asking for Help,SS-HAL-0719,train,augmented,volume,2926719167,3.156,16000,1,3b8722753edddb0398936e5d196ca7d39cb16ec8f418f0dffbb5d56bf19331ec,augmentation of SS-HAL-0719,CC0-1.0
SS-HAL-0719-A2,augmented/person_asking_for_help/SS-HAL-0719-A2.wav,Person Asking for Help,SS-HAL-0719,train,augmented,reverb,510288372,3.156,16000,1,fbbc573075095f24e2d076e5bbc87677baea19d07c656681d8de9ad9a71603e7,augmentation of SS-HAL-0719,CC0-1.0
SS-HAL-0722-A1,augmented/person_asking_for_help/SS-HAL-0722-A1.wav,Person Asking for Help,SS-HAL-0722,train,augmented,shift,1465797293,1.671,16000,1,0dec43c51d839a3e0b9e156ba590749ebe108d5e1b4998f3044bffb6ef3b0048,augmentation of SS-HAL-0722,CC0-1.0
SS-HAL-0722-A2,augmented/person_asking_for_help/SS-HAL-0722-A2.wav,Person Asking for Help,SS-HAL-0722,train,augmented,stretch,1400091070,1.717,16000,1,425f4608eb2a93c7cdc4d42d8e038d0d380538b33ac43b69894910c1b644a6cc,augmentation of SS-HAL-0722,CC0-1.0
SS-HAL-0725-A1,augmented/person_asking_for_help/SS-HAL-0725-A1.wav,Person Asking for Help,SS-HAL-0725,train,augmented,pitch,3230185723,2.04,16000,1,fcb1406285858a01e20997c49fd6a0595bc4c17d9b65cd95cad29d3258ac5667,augmentation of SS-HAL-0725,CC0-1.0
SS-HAL-0725-A2,augmented/person_asking_for_help/SS-HAL-0725-A2.wav,Person Asking for Help,SS-HAL-0725,train,augmented,noise,465839258,2.04,16000,1,d0ea4b85d12ea23443a7436682fb59e6a469c04c5074aec65bd875241b161e0a,augmentation of SS-HAL-0725,CC0-1.0
SS-HAL-0727-A1,augmented/person_asking_for_help/SS-HAL-0727-A1.wav,Person Asking for Help,SS-HAL-0727,train,augmented,pitch,3890704027,1.087,16000,1,95d7ba8a52c6e014434b70de861bebb5d15ae8c94c6f13851100224ff06e20b1,augmentation of SS-HAL-0727,CC0-1.0
SS-HAL-0727-A2,augmented/person_asking_for_help/SS-HAL-0727-A2.wav,Person Asking for Help,SS-HAL-0727,train,augmented,pitch,243729955,1.087,16000,1,9d3d281ab6f5b42ab5c1adac19a220d34d2651e81f0456585827f6a629c2caf5,augmentation of SS-HAL-0727,CC0-1.0
SS-HAL-0730-A1,augmented/person_asking_for_help/SS-HAL-0730-A1.wav,Person Asking for Help,SS-HAL-0730,train,augmented,pitch,1922320939,2.041,16000,1,6be848fbbdf8f2e5a06a30380bff8c8211e033856d6e3e239d6610d375906505,augmentation of SS-HAL-0730,CC0-1.0
SS-HAL-0730-A2,augmented/person_asking_for_help/SS-HAL-0730-A2.wav,Person Asking for Help,SS-HAL-0730,train,augmented,shift,1859991565,2.041,16000,1,b180bb5c4fd617ba939aa32a5da73eeac11f5eec154fff069587aa2c528aa61a,augmentation of SS-HAL-0730,CC0-1.0
SS-HAL-0731-A1,augmented/person_asking_for_help/SS-HAL-0731-A1.wav,Person Asking for Help,SS-HAL-0731,train,augmented,distance,1493012737,2.443,16000,1,cf2fd5c56ae106b6918c1909528915ac60d456b18745a57912869406f0f807e9,augmentation of SS-HAL-0731,CC0-1.0
SS-HAL-0731-A2,augmented/person_asking_for_help/SS-HAL-0731-A2.wav,Person Asking for Help,SS-HAL-0731,train,augmented,distance,3372245145,2.443,16000,1,7fec6b6dafaf42e0bed6953259572fc6215a8f76992c5b8782cdeb0eb20f0b53,augmentation of SS-HAL-0731,CC0-1.0
SS-HAL-0732-A1,augmented/person_asking_for_help/SS-HAL-0732-A1.wav,Person Asking for Help,SS-HAL-0732,train,augmented,distance,2430207793,1.098,16000,1,47f2248ea7eface91110e3581fc6b50cda75140f7b7ab4057f0c5effe6cee881,augmentation of SS-HAL-0732,CC0-1.0
SS-HAL-0732-A2,augmented/person_asking_for_help/SS-HAL-0732-A2.wav,Person Asking for Help,SS-HAL-0732,train,augmented,distance,1558673545,1.098,16000,1,361c521125cf675fe97321a2c94f145f06920203e1a1c5bbbf7f402b8045f840,augmentation of SS-HAL-0732,CC0-1.0
SS-HAL-0733-A1,augmented/person_asking_for_help/SS-HAL-0733-A1.wav,Person Asking for Help,SS-HAL-0733,train,augmented,pitch,1506920811,0.939,16000,1,9b0bd7c1022d0a0afa0badcbdf3ca0fca157fafcdac4daa4df11336805f8cf33,augmentation of SS-HAL-0733,CC0-1.0
SS-HAL-0733-A2,augmented/person_asking_for_help/SS-HAL-0733-A2.wav,Person Asking for Help,SS-HAL-0733,train,augmented,pitch,694503299,0.939,16000,1,eafd8a0df411bdb44c3a86cd499162ecfc162d5c9e9f74bc9fa25b609a5b9e85,augmentation of SS-HAL-0733,CC0-1.0
SS-HAL-0734-A1,augmented/person_asking_for_help/SS-HAL-0734-A1.wav,Person Asking for Help,SS-HAL-0734,train,augmented,reverb,4229543668,1.767,16000,1,b47e21841558a736f4ea79782aa6ef9411f3e7e19486c42d091decddea314661,augmentation of SS-HAL-0734,CC0-1.0
SS-HAL-0734-A2,augmented/person_asking_for_help/SS-HAL-0734-A2.wav,Person Asking for Help,SS-HAL-0734,train,augmented,device,964556336,1.767,16000,1,13c04ed8014d6a1564e36032854472defebe995e6921623167a6eb26488f8f66,augmentation of SS-HAL-0734,CC0-1.0
SS-HAL-0735-A1,augmented/person_asking_for_help/SS-HAL-0735-A1.wav,Person Asking for Help,SS-HAL-0735,train,augmented,distance,700405433,1.942,16000,1,2d08c3b80ca51f90a3b97b478da080d0b8cd723979bed643e3c593b697a54bec,augmentation of SS-HAL-0735,CC0-1.0
SS-HAL-0735-A2,augmented/person_asking_for_help/SS-HAL-0735-A2.wav,Person Asking for Help,SS-HAL-0735,train,augmented,volume,4195611447,1.942,16000,1,bc8c399ac4dbc2bd8162a02d17b5e5a9aa96b7e1df2bc547c1a9544aaf19daf9,augmentation of SS-HAL-0735,CC0-1.0
SS-HAL-0736-A1,augmented/person_asking_for_help/SS-HAL-0736-A1.wav,Person Asking for Help,SS-HAL-0736,train,augmented,distance,27543297,1.809,16000,1,1f4916f105a1c839a35354b797ca1b04d59715c19cc44cc85bf05ec3700c4748,augmentation of SS-HAL-0736,CC0-1.0
SS-HAL-0736-A2,augmented/person_asking_for_help/SS-HAL-0736-A2.wav,Person Asking for Help,SS-HAL-0736,train,augmented,pitch,3720989947,1.809,16000,1,a933d4e0e0637d933b1885d95f9579c7aac613b68b37b94da046ae191d9fff02,augmentation of SS-HAL-0736,CC0-1.0
SS-HAL-0737-A1,augmented/person_asking_for_help/SS-HAL-0737-A1.wav,Person Asking for Help,SS-HAL-0737,train,augmented,volume,1653425615,1.051,16000,1,4a0ac80a61ed92ebb0f02063ecc155167e4702d72520dfc18282b0d88a7133e9,augmentation of SS-HAL-0737,CC0-1.0
SS-HAL-0737-A2,augmented/person_asking_for_help/SS-HAL-0737-A2.wav,Person Asking for Help,SS-HAL-0737,train,augmented,noise,2751192146,1.051,16000,1,e5830e7bf8d29a761844ce864c70c893306820c5a88e3302fa4e4c9fae6a5b13,augmentation of SS-HAL-0737,CC0-1.0
SS-HAL-0738-A1,augmented/person_asking_for_help/SS-HAL-0738-A1.wav,Person Asking for Help,SS-HAL-0738,train,augmented,distance,4144505257,1.441,16000,1,8b3d975514203e056722d435e5b273f82670217c45715efbea43b0edcf533f35,augmentation of SS-HAL-0738,CC0-1.0
SS-HAL-0738-A2,augmented/person_asking_for_help/SS-HAL-0738-A2.wav,Person Asking for Help,SS-HAL-0738,train,augmented,noise,3887677386,1.441,16000,1,b24efb9d86fff2e4ffbde2b9e3ff946b7cabf25d0ae6dca916ebbf2375d6e852,augmentation of SS-HAL-0738,CC0-1.0
SS-HAL-0740-A1,augmented/person_asking_for_help/SS-HAL-0740-A1.wav,Person Asking for Help,SS-HAL-0740,train,augmented,volume,3100710255,2.731,16000,1,d6c60397318e33fbc0a74a514488cd4ae49c17a50ccb6f65c2de20978cad485f,augmentation of SS-HAL-0740,CC0-1.0
SS-HAL-0740-A2,augmented/person_asking_for_help/SS-HAL-0740-A2.wav,Person Asking for Help,SS-HAL-0740,train,augmented,noise,3560281914,2.731,16000,1,03cdc17accec104b945b8c6ff80eeb8a6ff5dc7999310a569391fd00ad6c7ee6,augmentation of SS-HAL-0740,CC0-1.0
SS-HAL-0741-A1,augmented/person_asking_for_help/SS-HAL-0741-A1.wav,Person Asking for Help,SS-HAL-0741,train,augmented,distance,765684313,2.852,16000,1,f93c8d4bdf979078ad0676ebe3371b19046c711acb428521b1e92866756496a4,augmentation of SS-HAL-0741,CC0-1.0
SS-HAL-0741-A2,augmented/person_asking_for_help/SS-HAL-0741-A2.wav,Person Asking for Help,SS-HAL-0741,train,augmented,pitch,1164554923,2.852,16000,1,eea91ec4f5115c21191431ae0fab4f9b521092f9206807604d700ac29eef9522,augmentation of SS-HAL-0741,CC0-1.0
SS-HAL-0742-A1,augmented/person_asking_for_help/SS-HAL-0742-A1.wav,Person Asking for Help,SS-HAL-0742,train,augmented,volume,253241551,0.721,16000,1,8dba812b24306a17ebd7abc632423f1863a31e4376b2330293c18ce2c846d959,augmentation of SS-HAL-0742,CC0-1.0
SS-HAL-0742-A2,augmented/person_asking_for_help/SS-HAL-0742-A2.wav,Person Asking for Help,SS-HAL-0742,train,augmented,reverb,1354950044,0.721,16000,1,c308aa643935d1e5f82ce80617071bab306385a042c5ee354b8cd90907f076c4,augmentation of SS-HAL-0742,CC0-1.0
SS-HAL-0744-A1,augmented/person_asking_for_help/SS-HAL-0744-A1.wav,Person Asking for Help,SS-HAL-0744,train,augmented,distance,564762737,1.736,16000,1,f3a32ef2a42b55d0653a81e9b44dcca4920bedea2c0ace54118803e0b8262a92,augmentation of SS-HAL-0744,CC0-1.0
SS-HAL-0744-A2,augmented/person_asking_for_help/SS-HAL-0744-A2.wav,Person Asking for Help,SS-HAL-0744,train,augmented,stretch,971166694,1.876,16000,1,8cd7dabcd0ce42597649e1a215fa079377e3fff164b49de90c07a533fe5d3b64,augmentation of SS-HAL-0744,CC0-1.0
SS-HAL-0745-A1,augmented/person_asking_for_help/SS-HAL-0745-A1.wav,Person Asking for Help,SS-HAL-0745,train,augmented,volume,552434671,1.754,16000,1,f93c7be99e6ae4278b2c1646caaefe48372399f93d7fde53667995a9e0d619dd,augmentation of SS-HAL-0745,CC0-1.0
SS-HAL-0745-A2,augmented/person_asking_for_help/SS-HAL-0745-A2.wav,Person Asking for Help,SS-HAL-0745,train,augmented,pitch,489633027,1.754,16000,1,2cc7d89512591fdde509898537cc5fc65423cceb3e493a72680becdc9b2bc83a,augmentation of SS-HAL-0745,CC0-1.0
SS-HAL-0746-A1,augmented/person_asking_for_help/SS-HAL-0746-A1.wav,Person Asking for Help,SS-HAL-0746,train,augmented,stretch,2030151222,0.942,16000,1,fe3a0dceb3fb54eec746b8a5b3b1e6813521273011b4c4fdec3d75e7620ec892,augmentation of SS-HAL-0746,CC0-1.0
SS-HAL-0746-A2,augmented/person_asking_for_help/SS-HAL-0746-A2.wav,Person Asking for Help,SS-HAL-0746,train,augmented,distance,853519489,0.905,16000,1,122c251816112e34d50f82ce36d36cc08968a955dfc418229282abeabaed9060,augmentation of SS-HAL-0746,CC0-1.0
SS-HAL-0747-A1,augmented/person_asking_for_help/SS-HAL-0747-A1.wav,Person Asking for Help,SS-HAL-0747,train,augmented,stretch,124545958,0.995,16000,1,7d8a7a368dde3335cbc8f3cfcde9d5aaf6fbf326ebc4dc5519f0a6fe0c2dc612,augmentation of SS-HAL-0747,CC0-1.0
SS-HAL-0747-A2,augmented/person_asking_for_help/SS-HAL-0747-A2.wav,Person Asking for Help,SS-HAL-0747,train,augmented,stretch,3191602246,0.996,16000,1,3526629600fb6dd56f40555b84986de7f663aeb4aec2b8f1bd0430acbd857e96,augmentation of SS-HAL-0747,CC0-1.0
SS-HAL-0748-A1,augmented/person_asking_for_help/SS-HAL-0748-A1.wav,Person Asking for Help,SS-HAL-0748,train,augmented,pitch,127497579,1.474,16000,1,3226f1a688106ba31b0c6e1adb0ee5e97d777daae38926e4e0006caa8850e7bf,augmentation of SS-HAL-0748,CC0-1.0
SS-HAL-0748-A2,augmented/person_asking_for_help/SS-HAL-0748-A2.wav,Person Asking for Help,SS-HAL-0748,train,augmented,device,1378146216,1.474,16000,1,97fea7ca8171eb89252c988aa210ca0a4467c52c877fdc389d00edb447d81f3c,augmentation of SS-HAL-0748,CC0-1.0
SS-HAL-0749-A1,augmented/person_asking_for_help/SS-HAL-0749-A1.wav,Person Asking for Help,SS-HAL-0749,train,augmented,pitch,1318142339,0.704,16000,1,11c2e6026873da6b1dc4c4caabe6454e3441570b6f27fa7cbaadf485b068054b,augmentation of SS-HAL-0749,CC0-1.0
SS-HAL-0749-A2,augmented/person_asking_for_help/SS-HAL-0749-A2.wav,Person Asking for Help,SS-HAL-0749,train,augmented,volume,99836703,0.704,16000,1,76e8e521d3081724aea57621ba98a6d25d12243f8d2d95facb0700b713b8b0d1,augmentation of SS-HAL-0749,CC0-1.0
SS-HAL-0750-A1,augmented/person_asking_for_help/SS-HAL-0750-A1.wav,Person Asking for Help,SS-HAL-0750,train,augmented,distance,2223945873,0.723,16000,1,fc30611b3ba27c822f8c72e8e1169a0aeaefed989cbb534d68d844189a023b40,augmentation of SS-HAL-0750,CC0-1.0
SS-HAL-0750-A2,augmented/person_asking_for_help/SS-HAL-0750-A2.wav,Person Asking for Help,SS-HAL-0750,train,augmented,reverb,607630204,0.723,16000,1,ab90d823e0d3ec20010fe9eb14809f17bc0057dc8548ca8a746508b5ff231e4d,augmentation of SS-HAL-0750,CC0-1.0
SS-HAL-0751-A1,augmented/person_asking_for_help/SS-HAL-0751-A1.wav,Person Asking for Help,SS-HAL-0751,train,augmented,distance,1814513161,0.978,16000,1,cb29d7cc25e3c2eb98d8ed873b6473be15aab28e19372311b5547c322c6cefe7,augmentation of SS-HAL-0751,CC0-1.0
SS-HAL-0751-A2,augmented/person_asking_for_help/SS-HAL-0751-A2.wav,Person Asking for Help,SS-HAL-0751,train,augmented,shift,1140135069,0.978,16000,1,d7e9d075666d80f07d385e5cae8800c3302aa09ca2439a2732017ccf9c6d8d10,augmentation of SS-HAL-0751,CC0-1.0
SS-HAL-0752-A1,augmented/person_asking_for_help/SS-HAL-0752-A1.wav,Person Asking for Help,SS-HAL-0752,train,augmented,device,1670172760,1.11,16000,1,3fe7e71b6d3a40ea25ad8c47d43eece7c00da59692b3857e9d7aed934e4d516c,augmentation of SS-HAL-0752,CC0-1.0
SS-HAL-0752-A2,augmented/person_asking_for_help/SS-HAL-0752-A2.wav,Person Asking for Help,SS-HAL-0752,train,augmented,reverb,1680547524,1.11,16000,1,bf9a9d114483b9b76ba34253688533d9b24c81169969b55cd5b16193b81c2b0b,augmentation of SS-HAL-0752,CC0-1.0
SS-HAL-0753-A1,augmented/person_asking_for_help/SS-HAL-0753-A1.wav,Person Asking for Help,SS-HAL-0753,train,augmented,volume,1149342215,1.08,16000,1,d15800579ecc0a22679948c8252b28aaf5424f6637e9fe8444c37033b2ea2087,augmentation of SS-HAL-0753,CC0-1.0
SS-HAL-0753-A2,augmented/person_asking_for_help/SS-HAL-0753-A2.wav,Person Asking for Help,SS-HAL-0753,train,augmented,reverb,669667100,1.08,16000,1,c50ee8692cf51f87412b85d25f3a7f12290c3802cdcb1b278cdc7dcbed744072,augmentation of SS-HAL-0753,CC0-1.0
SS-HAL-0754-A1,augmented/person_asking_for_help/SS-HAL-0754-A1.wav,Person Asking for Help,SS-HAL-0754,train,augmented,volume,298686439,2.124,16000,1,b40bf5ef79229efca9e6d94a053eb0b53b755e4b64e77555a32203808ac871a8,augmentation of SS-HAL-0754,CC0-1.0
SS-HAL-0754-A2,augmented/person_asking_for_help/SS-HAL-0754-A2.wav,Person Asking for Help,SS-HAL-0754,train,augmented,pitch,1904698115,2.124,16000,1,c2c67b6753b9874b90c3de75fc3a3931462cf7665391335ade438ed6fa3a19f8,augmentation of SS-HAL-0754,CC0-1.0
SS-HAL-0755-A1,augmented/person_asking_for_help/SS-HAL-0755-A1.wav,Person Asking for Help,SS-HAL-0755,train,augmented,reverb,2101128620,1.694,16000,1,096db3036456ab53fbd587c3b48a068f77ace4add35723349ae4f3816017bfbb,augmentation of SS-HAL-0755,CC0-1.0
SS-HAL-0755-A2,augmented/person_asking_for_help/SS-HAL-0755-A2.wav,Person Asking for Help,SS-HAL-0755,train,augmented,pitch,2987968451,1.694,16000,1,fecaa1ca511f36f84b244af23cc8d6dbc368fa7ee0a1eb8bee63926e756988c5,augmentation of SS-HAL-0755,CC0-1.0
SS-HAL-0756-A1,augmented/person_asking_for_help/SS-HAL-0756-A1.wav,Person Asking for Help,SS-HAL-0756,train,augmented,distance,4252466793,1.034,16000,1,939cad3141223b1d0119ed21dae270681f6b09ada5866874935bb145eead6d8a,augmentation of SS-HAL-0756,CC0-1.0
SS-HAL-0756-A2,augmented/person_asking_for_help/SS-HAL-0756-A2.wav,Person Asking for Help,SS-HAL-0756,train,augmented,noise,4287967154,1.034,16000,1,d7c165c859cc404dbad0d8ff62bb87c610fe6147dc590ef3f203f5a6c2b51842,augmentation of SS-HAL-0756,CC0-1.0
SS-HAL-0757-A1,augmented/person_asking_for_help/SS-HAL-0757-A1.wav,Person Asking for Help,SS-HAL-0757,train,augmented,distance,1168931985,1.508,16000,1,a76b961171e89f50029fd4ffc9c1340ac7d50046dfc80afccc6e094b1cc06790,augmentation of SS-HAL-0757,CC0-1.0
SS-HAL-0757-A2,augmented/person_asking_for_help/SS-HAL-0757-A2.wav,Person Asking for Help,SS-HAL-0757,train,augmented,reverb,1917071316,1.508,16000,1,cc74fa2e85f3e9d3209edab0afabec4fe3206e1572318e7cf6d1e37d89c30fdf,augmentation of SS-HAL-0757,CC0-1.0
SS-HAL-0759-A1,augmented/person_asking_for_help/SS-HAL-0759-A1.wav,Person Asking for Help,SS-HAL-0759,train,augmented,reverb,3603317924,2.014,16000,1,6748bd50ec5e26df31a670b516306746ec6cd93d73323a0ba85a05bc126b2936,augmentation of SS-HAL-0759,CC0-1.0
SS-HAL-0759-A2,augmented/person_asking_for_help/SS-HAL-0759-A2.wav,Person Asking for Help,SS-HAL-0759,train,augmented,volume,488673183,2.014,16000,1,60c9d4b741f0c69d8f3d769acdd8c2014f357624ca5207ba7ed5c3aa7289947f,augmentation of SS-HAL-0759,CC0-1.0
SS-HAL-0761-A1,augmented/person_asking_for_help/SS-HAL-0761-A1.wav,Person Asking for Help,SS-HAL-0761,train,augmented,reverb,2097540964,1.027,16000,1,7a7b839c9cc01d3401d75305d01001d5034298da13389bc070864be045760329,augmentation of SS-HAL-0761,CC0-1.0
SS-HAL-0761-A2,augmented/person_asking_for_help/SS-HAL-0761-A2.wav,Person Asking for Help,SS-HAL-0761,train,augmented,device,1219607808,1.027,16000,1,bcad862708ca214016ed42d78596a529c79079a8b790aa63eb78bf077a578aa8,augmentation of SS-HAL-0761,CC0-1.0
SS-HAL-0763-A1,augmented/person_asking_for_help/SS-HAL-0763-A1.wav,Person Asking for Help,SS-HAL-0763,train,augmented,shift,3760535605,1.315,16000,1,64df70f185cf4c63115c8d88fef739f7121f9bea933036a36c479db2427e296e,augmentation of SS-HAL-0763,CC0-1.0
SS-HAL-0763-A2,augmented/person_asking_for_help/SS-HAL-0763-A2.wav,Person Asking for Help,SS-HAL-0763,train,augmented,device,4243948232,1.315,16000,1,4dc617f1abc04c7c28d5834bf3162745d7d699adafea73d4fadab7b4ff1156e6,augmentation of SS-HAL-0763,CC0-1.0
SS-HAL-0764-A1,augmented/person_asking_for_help/SS-HAL-0764-A1.wav,Person Asking for Help,SS-HAL-0764,train,augmented,noise,440607074,2.244,16000,1,b934299f5fe68208763525d138390ce577a0ffe60da473be83b381e1a733df2a,augmentation of SS-HAL-0764,CC0-1.0
SS-HAL-0764-A2,augmented/person_asking_for_help/SS-HAL-0764-A2.wav,Person Asking for Help,SS-HAL-0764,train,augmented,distance,3865654177,2.244,16000,1,a39b5e4706d869dd04a290576ad96f2461bee4dca7aa3f31501821b0b3045bc4,augmentation of SS-HAL-0764,CC0-1.0
SS-HAL-0765-A1,augmented/person_asking_for_help/SS-HAL-0765-A1.wav,Person Asking for Help,SS-HAL-0765,train,augmented,distance,2992669905,1.921,16000,1,7a48e4dc10ac333c1fd77e3aeb2547d13ba8df2fd9cc42f0acb226a875decdb5,augmentation of SS-HAL-0765,CC0-1.0
SS-HAL-0765-A2,augmented/person_asking_for_help/SS-HAL-0765-A2.wav,Person Asking for Help,SS-HAL-0765,train,augmented,distance,3051598649,1.921,16000,1,67814fd6f63350bb7874736fed2d888de8666e2764bb3042fb8279b5bee53750,augmentation of SS-HAL-0765,CC0-1.0
SS-HAL-0766-A1,augmented/person_asking_for_help/SS-HAL-0766-A1.wav,Person Asking for Help,SS-HAL-0766,train,augmented,device,976362000,0.994,16000,1,2ac17df8b1bf290d25bfdab9ca48bd7144e1ea2a224925b9cf82ff066142d99a,augmentation of SS-HAL-0766,CC0-1.0
SS-HAL-0766-A2,augmented/person_asking_for_help/SS-HAL-0766-A2.wav,Person Asking for Help,SS-HAL-0766,train,augmented,stretch,3119483598,0.934,16000,1,27582377f63a5ac0acde8cb0807da96690d8d62cf5ee318a65ac2153ffebf2bf,augmentation of SS-HAL-0766,CC0-1.0
SS-HAL-0767-A1,augmented/person_asking_for_help/SS-HAL-0767-A1.wav,Person Asking for Help,SS-HAL-0767,train,augmented,device,3225486176,0.935,16000,1,6d879fae008138a4fc142342372db9035f4ea196517710cb9cd0915f918e3471,augmentation of SS-HAL-0767,CC0-1.0
SS-HAL-0767-A2,augmented/person_asking_for_help/SS-HAL-0767-A2.wav,Person Asking for Help,SS-HAL-0767,train,augmented,noise,1285665898,0.935,16000,1,257822861e67177185ac0f37d90e7e43e15bdff6cd6e177039ee276358511ccc,augmentation of SS-HAL-0767,CC0-1.0
SS-HAL-0768-A1,augmented/person_asking_for_help/SS-HAL-0768-A1.wav,Person Asking for Help,SS-HAL-0768,train,augmented,shift,3485255093,1.653,16000,1,f8555b9f240f0deea9087426e605a0ae3b23ae7e5edeb1904360b667c10724a6,augmentation of SS-HAL-0768,CC0-1.0
SS-HAL-0768-A2,augmented/person_asking_for_help/SS-HAL-0768-A2.wav,Person Asking for Help,SS-HAL-0768,train,augmented,pitch,2980513379,1.653,16000,1,cbe2be265679148e28426f2af28353cd6012dcfb2085625b0024ae8cee43ffe9,augmentation of SS-HAL-0768,CC0-1.0
SS-HAL-0769-A1,augmented/person_asking_for_help/SS-HAL-0769-A1.wav,Person Asking for Help,SS-HAL-0769,train,augmented,pitch,3465337507,2.007,16000,1,0865ba281efc36923a92b158ac5e99fb6ece19eb419299809c139ab03696017f,augmentation of SS-HAL-0769,CC0-1.0
SS-HAL-0769-A2,augmented/person_asking_for_help/SS-HAL-0769-A2.wav,Person Asking for Help,SS-HAL-0769,train,augmented,shift,1480586157,2.007,16000,1,90d05d7a34976633ca827bafbcaa6145d3ee6a4444e0b805b1b50876de00478f,augmentation of SS-HAL-0769,CC0-1.0
SS-HAL-0773-A1,augmented/person_asking_for_help/SS-HAL-0773-A1.wav,Person Asking for Help,SS-HAL-0773,train,augmented,noise,3033936770,2.255,16000,1,aa2b2ea6387a851c719273738f309860df8e8ac28f057914b018bc4bc95d370b,augmentation of SS-HAL-0773,CC0-1.0
SS-HAL-0773-A2,augmented/person_asking_for_help/SS-HAL-0773-A2.wav,Person Asking for Help,SS-HAL-0773,train,augmented,distance,3551060401,2.255,16000,1,55834595e959971fd89dda05ea607afa5bf7164a88a9339d8caedc32af631aca,augmentation of SS-HAL-0773,CC0-1.0
SS-HAL-0774-A1,augmented/person_asking_for_help/SS-HAL-0774-A1.wav,Person Asking for Help,SS-HAL-0774,train,augmented,shift,1653404005,0.724,16000,1,b96027b237f7a1d7ac329e52334567280c9fa114bd52624d637937bc54d7a1bc,augmentation of SS-HAL-0774,CC0-1.0
SS-HAL-0774-A2,augmented/person_asking_for_help/SS-HAL-0774-A2.wav,Person Asking for Help,SS-HAL-0774,train,augmented,noise,2176718794,0.724,16000,1,f70cf02b4e8981d47a11933e5c12df3e6f4defb6d482c90eb342e8f0c3b38d48,augmentation of SS-HAL-0774,CC0-1.0
SS-HAL-0775-A1,augmented/person_asking_for_help/SS-HAL-0775-A1.wav,Person Asking for Help,SS-HAL-0775,train,augmented,shift,1485633445,1.34,16000,1,c588b6d9111f771a4084fe59010417736fce851f189712209584bcc17734ddac,augmentation of SS-HAL-0775,CC0-1.0
SS-HAL-0775-A2,augmented/person_asking_for_help/SS-HAL-0775-A2.wav,Person Asking for Help,SS-HAL-0775,train,augmented,distance,2765117569,1.34,16000,1,af0c5647f0eb2a94e435cdfa24dbe97790832626e75d84aae826ee049ebac997,augmentation of SS-HAL-0775,CC0-1.0
SS-HAL-0776-A1,augmented/person_asking_for_help/SS-HAL-0776-A1.wav,Person Asking for Help,SS-HAL-0776,train,augmented,shift,1706871789,0.967,16000,1,bda4f7c57d1e45367a3e7cc11e5b3b9f8bad17a25db71952a70f6900efb2d04b,augmentation of SS-HAL-0776,CC0-1.0
SS-HAL-0776-A2,augmented/person_asking_for_help/SS-HAL-0776-A2.wav,Person Asking for Help,SS-HAL-0776,train,augmented,volume,62980343,0.967,16000,1,6bdfb853966046dfaf3646faaddf835fc87126ed54f471b468f0e8ffb03f4e00,augmentation of SS-HAL-0776,CC0-1.0
SS-HAL-0779-A1,augmented/person_asking_for_help/SS-HAL-0779-A1.wav,Person Asking for Help,SS-HAL-0779,train,augmented,pitch,3453623163,2.268,16000,1,67ed051a4169d29f62e9980b5e94b4f658a73f2c51fc60db6bf7afd126dc2b72,augmentation of SS-HAL-0779,CC0-1.0
SS-HAL-0779-A2,augmented/person_asking_for_help/SS-HAL-0779-A2.wav,Person Asking for Help,SS-HAL-0779,train,augmented,reverb,3260457460,2.268,16000,1,49ee315071b123f9ae3d1e70f58337fafd0753f03f57743a9b346e34636bada2,augmentation of SS-HAL-0779,CC0-1.0
SS-HAL-0780-A1,augmented/person_asking_for_help/SS-HAL-0780-A1.wav,Person Asking for Help,SS-HAL-0780,train,augmented,noise,2753786994,0.695,16000,1,b14e52f30dc0501113ffeee968904129e7ac55d1b2fe7ad40a3eb7a67867a3e7,augmentation of SS-HAL-0780,CC0-1.0
SS-HAL-0780-A2,augmented/person_asking_for_help/SS-HAL-0780-A2.wav,Person Asking for Help,SS-HAL-0780,train,augmented,reverb,2454996244,0.695,16000,1,d1094b998a4f53a1e956feeb98f244f8cd045a08b3ed49a0884be000fde3b732,augmentation of SS-HAL-0780,CC0-1.0
SS-HAL-0781-A1,augmented/person_asking_for_help/SS-HAL-0781-A1.wav,Person Asking for Help,SS-HAL-0781,train,augmented,shift,4029788829,1.064,16000,1,f5a7083bf26231b2df4ec24b2102f241785a71afa6ab419632328538a5fd5d7c,augmentation of SS-HAL-0781,CC0-1.0
SS-HAL-0781-A2,augmented/person_asking_for_help/SS-HAL-0781-A2.wav,Person Asking for Help,SS-HAL-0781,train,augmented,stretch,3338674118,1.206,16000,1,e13b265c46b516ea3a8d928ec9ba180b0006604a036db1a2aa45d9ea5df99227,augmentation of SS-HAL-0781,CC0-1.0
SS-HAL-0783-A1,augmented/person_asking_for_help/SS-HAL-0783-A1.wav,Person Asking for Help,SS-HAL-0783,train,augmented,shift,487815861,2.351,16000,1,a56a4ce3a5f1143d1f31ca6bdfadeb36441a2a1d905a045960cbbf7e75b10070,augmentation of SS-HAL-0783,CC0-1.0
SS-HAL-0783-A2,augmented/person_asking_for_help/SS-HAL-0783-A2.wav,Person Asking for Help,SS-HAL-0783,train,augmented,pitch,2755767651,2.351,16000,1,f9afcd181a38b491ed03ac38138df359cfbc1b59519fccf8f62b7f3df9f10742,augmentation of SS-HAL-0783,CC0-1.0
SS-HAL-0784-A1,augmented/person_asking_for_help/SS-HAL-0784-A1.wav,Person Asking for Help,SS-HAL-0784,train,augmented,volume,596633391,1.974,16000,1,2a38a8141ab8ce4802f96932cc882482a402b8e821bd5a71afe68a4ce16d5026,augmentation of SS-HAL-0784,CC0-1.0
SS-HAL-0784-A2,augmented/person_asking_for_help/SS-HAL-0784-A2.wav,Person Asking for Help,SS-HAL-0784,train,augmented,shift,3013105205,1.974,16000,1,bd83032a5882d244c3129b4e72300663cf2eac25332597f47088c7e84cf7f311,augmentation of SS-HAL-0784,CC0-1.0
SS-HAL-0785-A1,augmented/person_asking_for_help/SS-HAL-0785-A1.wav,Person Asking for Help,SS-HAL-0785,train,augmented,shift,683946085,0.971,16000,1,177defd6439eac34c1d9e9785e55044482be9a6baf4e7b5ba849b344e05faff6,augmentation of SS-HAL-0785,CC0-1.0
SS-HAL-0785-A2,augmented/person_asking_for_help/SS-HAL-0785-A2.wav,Person Asking for Help,SS-HAL-0785,train,augmented,pitch,3485012771,0.971,16000,1,33df1238cbc3fc1839043b85880e1be800944dd0090990863514eb92a013d7d1,augmentation of SS-HAL-0785,CC0-1.0
SS-HAL-0786-A1,augmented/person_asking_for_help/SS-HAL-0786-A1.wav,Person Asking for Help,SS-HAL-0786,train,augmented,stretch,2553361774,1.245,16000,1,fbe95afb8f924d705b9968d20d8a78ad532eaae9dd6f854b6efa29cf8d254132,augmentation of SS-HAL-0786,CC0-1.0
SS-HAL-0786-A2,augmented/person_asking_for_help/SS-HAL-0786-A2.wav,Person Asking for Help,SS-HAL-0786,train,augmented,reverb,3457424996,1.29,16000,1,974132c20d9d4a80ed7bd80946b037a31f2f6b055f6c350e6346fc259c99373e,augmentation of SS-HAL-0786,CC0-1.0
SS-HAL-0788-A1,augmented/person_asking_for_help/SS-HAL-0788-A1.wav,Person Asking for Help,SS-HAL-0788,train,augmented,noise,2365099546,2.702,16000,1,32b0346d3f5e0915bfb478216a2130ac6bdaa2004320158e20adb67d5f9ec7dd,augmentation of SS-HAL-0788,CC0-1.0
SS-HAL-0788-A2,augmented/person_asking_for_help/SS-HAL-0788-A2.wav,Person Asking for Help,SS-HAL-0788,train,augmented,noise,394698674,2.702,16000,1,6558e2de2d53346d2f649d9017979c64033c86d0a656f683f8651d30432febf4,augmentation of SS-HAL-0788,CC0-1.0
SS-HAL-0789-A1,augmented/person_asking_for_help/SS-HAL-0789-A1.wav,Person Asking for Help,SS-HAL-0789,train,augmented,distance,4275051281,2.369,16000,1,ea3e19bd2c240d09b6454625c1bc9873d3d6b3f4487f295697cca9aebcfacbda,augmentation of SS-HAL-0789,CC0-1.0
SS-HAL-0789-A2,augmented/person_asking_for_help/SS-HAL-0789-A2.wav,Person Asking for Help,SS-HAL-0789,train,augmented,shift,240854525,2.369,16000,1,ae2b77a12556adc2e323e0ce2a81c288f264b39b1cf53768f4c12abcf61a7f0d,augmentation of SS-HAL-0789,CC0-1.0
SS-HAL-0790-A1,augmented/person_asking_for_help/SS-HAL-0790-A1.wav,Person Asking for Help,SS-HAL-0790,train,augmented,reverb,90707804,0.632,16000,1,b04eeed0edf6fe3b7aeb33de40c59efa9034e96e56d6dd46d6374b7949535a50,augmentation of SS-HAL-0790,CC0-1.0
SS-HAL-0790-A2,augmented/person_asking_for_help/SS-HAL-0790-A2.wav,Person Asking for Help,SS-HAL-0790,train,augmented,distance,265930969,0.632,16000,1,bddbfc925757135778febc36363660623a2a5b1b4903fcdbc2f305cf651d0e40,augmentation of SS-HAL-0790,CC0-1.0
SS-HAL-0792-A1,augmented/person_asking_for_help/SS-HAL-0792-A1.wav,Person Asking for Help,SS-HAL-0792,train,augmented,distance,867174633,1.719,16000,1,695c9f9c8b20dff2e5862131de0f13f3c7e02e2e423f6c68d3f372a596a538e8,augmentation of SS-HAL-0792,CC0-1.0
SS-HAL-0792-A2,augmented/person_asking_for_help/SS-HAL-0792-A2.wav,Person Asking for Help,SS-HAL-0792,train,augmented,noise,156595082,1.719,16000,1,ca0be92d5bdee8575086e8dc74b154e4469760eac5ca2fdb40502a1c53cb31f9,augmentation of SS-HAL-0792,CC0-1.0
SS-HAL-0794-A1,augmented/person_asking_for_help/SS-HAL-0794-A1.wav,Person Asking for Help,SS-HAL-0794,train,augmented,distance,9634857,0.938,16000,1,9680233d43e04558f5fbfe9a6ab5fc7b5068d529937aaff960373995f89c5502,augmentation of SS-HAL-0794,CC0-1.0
SS-HAL-0794-A2,augmented/person_asking_for_help/SS-HAL-0794-A2.wav,Person Asking for Help,SS-HAL-0794,train,augmented,stretch,3308943326,0.862,16000,1,e1bd0c57a93bf31897ab35572227f49a3d922723c3db14e406247be22266ae50,augmentation of SS-HAL-0794,CC0-1.0
SS-HAL-0795-A1,augmented/person_asking_for_help/SS-HAL-0795-A1.wav,Person Asking for Help,SS-HAL-0795,train,augmented,volume,3816069895,1.647,16000,1,900ce9a849041f686c38c5fac04749458f13b19c59e6f3bae46b2180413be1d6,augmentation of SS-HAL-0795,CC0-1.0
SS-HAL-0795-A2,augmented/person_asking_for_help/SS-HAL-0795-A2.wav,Person Asking for Help,SS-HAL-0795,train,augmented,reverb,3858650196,1.647,16000,1,b20ef25ffb05350ac9846a4318763d4bd07fc26d5d68418b1e3589ed273ac2d1,augmentation of SS-HAL-0795,CC0-1.0
SS-HAL-0796-A1,augmented/person_asking_for_help/SS-HAL-0796-A1.wav,Person Asking for Help,SS-HAL-0796,train,augmented,stretch,2757616030,1.865,16000,1,fa35be4534e17c10b3669348f5dcc447410686e2e76d3d5a7f6e2a6786a154b0,augmentation of SS-HAL-0796,CC0-1.0
SS-HAL-0796-A2,augmented/person_asking_for_help/SS-HAL-0796-A2.wav,Person Asking for Help,SS-HAL-0796,train,augmented,shift,659640733,1.736,16000,1,e01a8d9120fd62bdbf7ffc31a0fb9d714961545b5d54ecb1fb7926ccf5aed251,augmentation of SS-HAL-0796,CC0-1.0
SS-HAL-0797-A1,augmented/person_asking_for_help/SS-HAL-0797-A1.wav,Person Asking for Help,SS-HAL-0797,train,augmented,volume,1158177151,1.321,16000,1,39b916bd96fb12537adcb0be2f4f8148148225afebd09729d95beb57f2a473ac,augmentation of SS-HAL-0797,CC0-1.0
SS-HAL-0797-A2,augmented/person_asking_for_help/SS-HAL-0797-A2.wav,Person Asking for Help,SS-HAL-0797,train,augmented,stretch,1125042358,1.433,16000,1,34024401a1a9d922c93038e2184b47f4f8353f71a10068341a3a3a345613bd64,augmentation of SS-HAL-0797,CC0-1.0
SS-HAL-0800-A1,augmented/person_asking_for_help/SS-HAL-0800-A1.wav,Person Asking for Help,SS-HAL-0800,train,augmented,pitch,25063067,0.969,16000,1,c0de833f22ac4dfc6913bd0064ca3363a2111f02337e87ed77754a7e8b903bfb,augmentation of SS-HAL-0800,CC0-1.0
SS-HAL-0800-A2,augmented/person_asking_for_help/SS-HAL-0800-A2.wav,Person Asking for Help,SS-HAL-0800,train,augmented,reverb,344178204,0.969,16000,1,cc0127da03de041aa0a41e54bc23a39ae6fb1cec3049d831b5f681c247e3ad68,augmentation of SS-HAL-0800,CC0-1.0
SS-HOR-0002-A1,augmented/vehicle_horn/SS-HOR-0002-A1.wav,Vehicle Horn,SS-HOR-0002,train,augmented,distance,1884687385,3.654,16000,1,d4fe45dc1d7884623d587f3e61afbf5bfb30869517d1d430443db167c386c0e9,augmentation of SS-HOR-0002,CC0-1.0
SS-HOR-0002-A2,augmented/vehicle_horn/SS-HOR-0002-A2.wav,Vehicle Horn,SS-HOR-0002,train,augmented,device,4013982144,3.654,16000,1,bbde64667cc69fd10fb5405cbf6bc9075d12c8ac72e4d2b5b559d24f47f76cba,augmentation of SS-HOR-0002,CC0-1.0
SS-HOR-0003-A1,augmented/vehicle_horn/SS-HOR-0003-A1.wav,Vehicle Horn,SS-HOR-0003,train,augmented,shift,2117242981,1.301,16000,1,85a7a147934a1a399968ec91963b46bda94fbabe96fb7a2a9c09b11fbaaa48d2,augmentation of SS-HOR-0003,CC0-1.0
SS-HOR-0003-A2,augmented/vehicle_horn/SS-HOR-0003-A2.wav,Vehicle Horn,SS-HOR-0003,train,augmented,distance,1795503985,1.301,16000,1,6b4fff88bc01a9c37f56aea0f28abe2b3802554bce64b57c2011d982c67269c5,augmentation of SS-HOR-0003,CC0-1.0
SS-HOR-0005-A1,augmented/vehicle_horn/SS-HOR-0005-A1.wav,Vehicle Horn,SS-HOR-0005,train,augmented,shift,3643498813,22.439,16000,1,685f105f31e4065e368c34234e009d8fb4b0344b76010113b0e8b8a61eeaef26,augmentation of SS-HOR-0005,CC-BY-3.0
SS-HOR-0005-A2,augmented/vehicle_horn/SS-HOR-0005-A2.wav,Vehicle Horn,SS-HOR-0005,train,augmented,volume,4103088671,22.439,16000,1,c60275a8414a6e0d5d7e1b42d35aa9e7294e93cf2c9f394c459d7d486c307619,augmentation of SS-HOR-0005,CC-BY-3.0
SS-HOR-0006-A1,augmented/vehicle_horn/SS-HOR-0006-A1.wav,Vehicle Horn,SS-HOR-0006,train,augmented,shift,200459605,8.704,16000,1,c36238bce59b3f9911b7c32ebdef77e9ba944847755fa9f3f76cc2483d89b785,augmentation of SS-HOR-0006,CC0-1.0
SS-HOR-0006-A2,augmented/vehicle_horn/SS-HOR-0006-A2.wav,Vehicle Horn,SS-HOR-0006,train,augmented,volume,1795207287,8.704,16000,1,bf16279644f3d8e478640350c0498d31ab18357cbebc146c56dbed8f6dd3773b,augmentation of SS-HOR-0006,CC0-1.0
SS-HOR-0007-A1,augmented/vehicle_horn/SS-HOR-0007-A1.wav,Vehicle Horn,SS-HOR-0007,train,augmented,pitch,3565831675,1.25,16000,1,26f2e31a56698192a5fc9e90a86230c10c9089c36db58bf6e3cdc429de57462c,augmentation of SS-HOR-0007,Sampling+-1.0
SS-HOR-0007-A2,augmented/vehicle_horn/SS-HOR-0007-A2.wav,Vehicle Horn,SS-HOR-0007,train,augmented,device,1021046464,1.25,16000,1,cbedbfd43f8eb38c7b2af187e8ed7e026c23d3ddc5a0317d902686e13cee5460,augmentation of SS-HOR-0007,Sampling+-1.0
SS-HOR-0012-A1,augmented/vehicle_horn/SS-HOR-0012-A1.wav,Vehicle Horn,SS-HOR-0012,train,augmented,reverb,3502818708,7.8,16000,1,b33b0a004304639db155e16e9e367eb403b98da9cc816a37f3021b4ca73edf0d,augmentation of SS-HOR-0012,CC0-1.0
SS-HOR-0012-A2,augmented/vehicle_horn/SS-HOR-0012-A2.wav,Vehicle Horn,SS-HOR-0012,train,augmented,pitch,3643063475,7.8,16000,1,42b3a4fd68ae30c4d900abbb33259dd05876237bff4e78952dc617acd89809bd,augmentation of SS-HOR-0012,CC0-1.0
SS-HOR-0015-A1,augmented/vehicle_horn/SS-HOR-0015-A1.wav,Vehicle Horn,SS-HOR-0015,train,augmented,noise,151343482,4.738,16000,1,acd670a30a25f0b35bcc83a9e2cae06fb73bf27d7f39fa1ca20dc858b40458ae,augmentation of SS-HOR-0015,CC0-1.0
SS-HOR-0015-A2,augmented/vehicle_horn/SS-HOR-0015-A2.wav,Vehicle Horn,SS-HOR-0015,train,augmented,device,1397991680,4.738,16000,1,94e6b55bfc48eeacf16cd88a13e5f1004c731a497042afb956508a065c9fbbda,augmentation of SS-HOR-0015,CC0-1.0
SS-HOR-0016-A1,augmented/vehicle_horn/SS-HOR-0016-A1.wav,Vehicle Horn,SS-HOR-0016,train,augmented,shift,2309311173,13.0,16000,1,9850fd78c89efef7f5fd0ea324d93dcd2d7a6e269d037fedd11c1c683ee8b685,augmentation of SS-HOR-0016,CC0-1.0
SS-HOR-0016-A2,augmented/vehicle_horn/SS-HOR-0016-A2.wav,Vehicle Horn,SS-HOR-0016,train,augmented,reverb,2274827036,13.0,16000,1,49c7659164a399bba79806694af54dde052e27f70bf4c9569bf490df6ec63298,augmentation of SS-HOR-0016,CC0-1.0
SS-HOR-0017-A1,augmented/vehicle_horn/SS-HOR-0017-A1.wav,Vehicle Horn,SS-HOR-0017,train,augmented,noise,2774917914,13.0,16000,1,f45461e9bd424280f4cd335f8ab7f9eaad7d5e8385ee63250129e31804ef31e6,augmentation of SS-HOR-0017,CC0-1.0
SS-HOR-0017-A2,augmented/vehicle_horn/SS-HOR-0017-A2.wav,Vehicle Horn,SS-HOR-0017,train,augmented,volume,142642647,13.0,16000,1,89ff0ee4e1b1b312660bed683ae21c78808d52a371d8277c08317e5b29518bc2,augmentation of SS-HOR-0017,CC0-1.0
SS-HOR-0018-A1,augmented/vehicle_horn/SS-HOR-0018-A1.wav,Vehicle Horn,SS-HOR-0018,train,augmented,volume,3650610671,1.99,16000,1,1e282f1784e8f628521a1f7d35d56201c4aeb7140c29b048e98069aff7804c1b,augmentation of SS-HOR-0018,CC0-1.0
SS-HOR-0018-A2,augmented/vehicle_horn/SS-HOR-0018-A2.wav,Vehicle Horn,SS-HOR-0018,train,augmented,device,3440559176,1.99,16000,1,8061a1b3af1b6e547657837da34393016b27e4ab5c67608c21072535e13b0214,augmentation of SS-HOR-0018,CC0-1.0
SS-HOR-0019-A1,augmented/vehicle_horn/SS-HOR-0019-A1.wav,Vehicle Horn,SS-HOR-0019,train,augmented,noise,3473309018,13.14,16000,1,0738afb677cd4da41c685d4caf0b6a5af90a97f92b591f8d01dcda7ed6e99424,augmentation of SS-HOR-0019,CC0-1.0
SS-HOR-0019-A2,augmented/vehicle_horn/SS-HOR-0019-A2.wav,Vehicle Horn,SS-HOR-0019,train,augmented,device,2227123440,13.14,16000,1,c2d1b5398db5755ea1429a80008bb26aef0f5412e5cac6494ffa4a6e2a8ff374,augmentation of SS-HOR-0019,CC0-1.0
SS-HOR-0020-A1,augmented/vehicle_horn/SS-HOR-0020-A1.wav,Vehicle Horn,SS-HOR-0020,train,augmented,distance,1294986177,1.541,16000,1,25276aeee0f29f5e72d3ac4702171b688828176db7ba06438e2b7ecd247361cd,augmentation of SS-HOR-0020,CC0-1.0
SS-HOR-0020-A2,augmented/vehicle_horn/SS-HOR-0020-A2.wav,Vehicle Horn,SS-HOR-0020,train,augmented,pitch,402984475,1.541,16000,1,e5724f9eea1b2e1c8a70e5c2363df74127b1018799a42192f7611d10e34af021,augmentation of SS-HOR-0020,CC0-1.0
SS-HOR-0021-A1,augmented/vehicle_horn/SS-HOR-0021-A1.wav,Vehicle Horn,SS-HOR-0021,train,augmented,pitch,3727508947,2.926,16000,1,909863669adb85716ef4ed800342077cf289cb2cdd88d18cbb616b37416ae599,augmentation of SS-HOR-0021,CC0-1.0
SS-HOR-0021-A2,augmented/vehicle_horn/SS-HOR-0021-A2.wav,Vehicle Horn,SS-HOR-0021,train,augmented,reverb,578816100,2.926,16000,1,d871663d3c6c23ce94d2b3485f9a8cd03d703e8e41a120fea2221a8f80303eb9,augmentation of SS-HOR-0021,CC0-1.0
SS-HOR-0023-A1,augmented/vehicle_horn/SS-HOR-0023-A1.wav,Vehicle Horn,SS-HOR-0023,train,augmented,shift,2253419821,1.759,16000,1,d6410d3e660e0fda2a86e26462126873a3cd70d5d8e8fe0128d6a4a673d7fb27,augmentation of SS-HOR-0023,CC-BY-3.0
SS-HOR-0023-A2,augmented/vehicle_horn/SS-HOR-0023-A2.wav,Vehicle Horn,SS-HOR-0023,train,augmented,shift,1847375021,1.759,16000,1,aab66dcd063369798449c8d57d2e0fd00250eb3730a44e7b469002f4bdcaeb60,augmentation of SS-HOR-0023,CC-BY-3.0
SS-HOR-0024-A1,augmented/vehicle_horn/SS-HOR-0024-A1.wav,Vehicle Horn,SS-HOR-0024,train,augmented,device,778937936,19.749,16000,1,b1b60da1f2abcea6ebef044e4453d07023bb108e8aca28aaab29ca9fbe917be5,augmentation of SS-HOR-0024,CC0-1.0
SS-HOR-0024-A2,augmented/vehicle_horn/SS-HOR-0024-A2.wav,Vehicle Horn,SS-HOR-0024,train,augmented,noise,4185631754,19.749,16000,1,6359c6c89a1b984227d3e84821435475012b0bbe53974406903b929b87a6d4dd,augmentation of SS-HOR-0024,CC0-1.0
SS-HOR-0026-A1,augmented/vehicle_horn/SS-HOR-0026-A1.wav,Vehicle Horn,SS-HOR-0026,train,augmented,shift,1090825845,29.148,16000,1,8b11e1fb4649909b5ed11729c97e65dc76fed90717d7a66d4bd984693bc994d4,augmentation of SS-HOR-0026,CC0-1.0
SS-HOR-0026-A2,augmented/vehicle_horn/SS-HOR-0026-A2.wav,Vehicle Horn,SS-HOR-0026,train,augmented,pitch,1498616171,29.148,16000,1,69b3988b2dc3f31a816a8f06a42b897e27f0ccc9d5d4c782b539cef8c37cc065,augmentation of SS-HOR-0026,CC0-1.0
SS-HOR-0028-A1,augmented/vehicle_horn/SS-HOR-0028-A1.wav,Vehicle Horn,SS-HOR-0028,train,augmented,shift,3024215061,2.0,16000,1,128e3135bf69a070600cc2f97dd4e3f6c9660fb581d081a63020d0fa9b16ad59,augmentation of SS-HOR-0028,CC0-1.0
SS-HOR-0028-A2,augmented/vehicle_horn/SS-HOR-0028-A2.wav,Vehicle Horn,SS-HOR-0028,train,augmented,reverb,1771734900,2.0,16000,1,285789cd1b373a4f324b6a9420dd8c431e759fb4713ad46b20de4574f11ab7e8,augmentation of SS-HOR-0028,CC0-1.0
SS-HOR-0029-A1,augmented/vehicle_horn/SS-HOR-0029-A1.wav,Vehicle Horn,SS-HOR-0029,train,augmented,reverb,1621826228,3.004,16000,1,bf76e8be197c9ce088ca31f0d673fd7b3896531c78eecbfaf8966db65e5bbb90,augmentation of SS-HOR-0029,CC0-1.0
SS-HOR-0029-A2,augmented/vehicle_horn/SS-HOR-0029-A2.wav,Vehicle Horn,SS-HOR-0029,train,augmented,stretch,2994099270,2.962,16000,1,91f4eda4d72ac9b2998d84976e89c5f625701dc4eeef49e5e1f4491728f1102a,augmentation of SS-HOR-0029,CC0-1.0
SS-HOR-0030-A1,augmented/vehicle_horn/SS-HOR-0030-A1.wav,Vehicle Horn,SS-HOR-0030,train,augmented,shift,1187878821,25.261,16000,1,807c2d482e27765dfbc5f1cdbdbe81d2d53b48ea71c97692129645f8a3d8a15a,augmentation of SS-HOR-0030,CC-BY-3.0
SS-HOR-0030-A2,augmented/vehicle_horn/SS-HOR-0030-A2.wav,Vehicle Horn,SS-HOR-0030,train,augmented,stretch,3340507782,22.121,16000,1,04b741c8b1f5a49b0639fd58de227573385599454989f3d8b06dddadfa005bad,augmentation of SS-HOR-0030,CC-BY-3.0
SS-HOR-0031-A1,augmented/vehicle_horn/SS-HOR-0031-A1.wav,Vehicle Horn,SS-HOR-0031,train,augmented,pitch,3838021355,11.736,16000,1,da0ee8f7b5dfa1dbdb8847497a1403f75c9afc89afadd15d559eba05dc18c2ad,augmentation of SS-HOR-0031,CC-BY-3.0
SS-HOR-0031-A2,augmented/vehicle_horn/SS-HOR-0031-A2.wav,Vehicle Horn,SS-HOR-0031,train,augmented,reverb,2853111364,11.736,16000,1,6c9c24aadb4beb6ef8ebe9c5827810eaa019fa2b45482b5ec137d9ca643f3625,augmentation of SS-HOR-0031,CC-BY-3.0
SS-HOR-0032-A1,augmented/vehicle_horn/SS-HOR-0032-A1.wav,Vehicle Horn,SS-HOR-0032,train,augmented,distance,1388695665,0.919,16000,1,05ea91095c6902957760e5a4f772e952d52eabd45f3db0d3f3e25a0b8ffde5e2,augmentation of SS-HOR-0032,CC0-1.0
SS-HOR-0032-A2,augmented/vehicle_horn/SS-HOR-0032-A2.wav,Vehicle Horn,SS-HOR-0032,train,augmented,pitch,994467763,0.919,16000,1,3f003c96531d8aa8a8e3540ef0199555c3116daed9e69f145b79b97050cbebd0,augmentation of SS-HOR-0032,CC0-1.0
SS-HOR-0033-A1,augmented/vehicle_horn/SS-HOR-0033-A1.wav,Vehicle Horn,SS-HOR-0033,train,augmented,volume,4012506343,6.242,16000,1,5a234d94d190907a3f9525de02bd326bec3f924e73b22d233baca05a17cc616b,augmentation of SS-HOR-0033,CC0-1.0
SS-HOR-0033-A2,augmented/vehicle_horn/SS-HOR-0033-A2.wav,Vehicle Horn,SS-HOR-0033,train,augmented,reverb,1814987868,6.242,16000,1,2ef4241b2d7f02d89c5cd2a99c8d1fc15cb057af39d40d6d948ddd85300c67a0,augmentation of SS-HOR-0033,CC0-1.0
SS-HOR-0034-A1,augmented/vehicle_horn/SS-HOR-0034-A1.wav,Vehicle Horn,SS-HOR-0034,train,augmented,noise,2965137778,13.817,16000,1,59c090f4a44bf0eeff9763889382b5ca748418d56060d61df56784af846d415c,augmentation of SS-HOR-0034,CC-BY-3.0
SS-HOR-0034-A2,augmented/vehicle_horn/SS-HOR-0034-A2.wav,Vehicle Horn,SS-HOR-0034,train,augmented,device,3811661552,13.817,16000,1,b12c1e719487a9b43f84d5d7f672ba6a5ff4dc7c668585b6277fa85a21e1c792,augmentation of SS-HOR-0034,CC-BY-3.0
SS-HOR-0035-A1,augmented/vehicle_horn/SS-HOR-0035-A1.wav,Vehicle Horn,SS-HOR-0035,train,augmented,distance,521801601,20.657,16000,1,f07a45da1729d20be50ec0c4d28df4557f27227e199a649b90345bf49df9b157,augmentation of SS-HOR-0035,CC-BY-3.0
SS-HOR-0035-A2,augmented/vehicle_horn/SS-HOR-0035-A2.wav,Vehicle Horn,SS-HOR-0035,train,augmented,distance,2877514169,20.657,16000,1,3acf9c768ebca53d451ba7e29df0d44d6b95890b359efccdfa1ee17a363bd707,augmentation of SS-HOR-0035,CC-BY-3.0
SS-HOR-0036-A1,augmented/vehicle_horn/SS-HOR-0036-A1.wav,Vehicle Horn,SS-HOR-0036,train,augmented,volume,3415171215,18.808,16000,1,c83d5b154aeb2c48c82109ff726f6aa28dae0f59fbb020d71a4acdd90f380f99,augmentation of SS-HOR-0036,CC-BY-3.0
SS-HOR-0036-A2,augmented/vehicle_horn/SS-HOR-0036-A2.wav,Vehicle Horn,SS-HOR-0036,train,augmented,noise,1328525370,18.808,16000,1,e31d2fd508de525df77bf4a5492d20973e0179a1e941e0c600007036b9606518,augmentation of SS-HOR-0036,CC-BY-3.0
SS-HOR-0037-A1,augmented/vehicle_horn/SS-HOR-0037-A1.wav,Vehicle Horn,SS-HOR-0037,train,augmented,device,934949816,5.146,16000,1,2005add55597c6780b6024d7aca553b38156f83130e24837b3ea5680627bc575,augmentation of SS-HOR-0037,CC-BY-3.0
SS-HOR-0037-A2,augmented/vehicle_horn/SS-HOR-0037-A2.wav,Vehicle Horn,SS-HOR-0037,train,augmented,reverb,1819781084,5.146,16000,1,464ad255528c5e34cffd70ff39333f5df5ede6b2fbfd2bb54ad68ed5e9f46ebe,augmentation of SS-HOR-0037,CC-BY-3.0
SS-HOR-0038-A1,augmented/vehicle_horn/SS-HOR-0038-A1.wav,Vehicle Horn,SS-HOR-0038,train,augmented,device,172379512,6.098,16000,1,987c904173610b86dba9cf08fd19b27cc644b13ffd9c49a5245cfb1877f05c7d,augmentation of SS-HOR-0038,CC-BY-3.0
SS-HOR-0038-A2,augmented/vehicle_horn/SS-HOR-0038-A2.wav,Vehicle Horn,SS-HOR-0038,train,augmented,shift,2982850645,6.098,16000,1,07664ba881c4af20ccb3142dc06abb2a1885ef63b41034f6a0985aba54a776e9,augmentation of SS-HOR-0038,CC-BY-3.0
SS-HOR-0039-A1,augmented/vehicle_horn/SS-HOR-0039-A1.wav,Vehicle Horn,SS-HOR-0039,train,augmented,stretch,1058291566,20.351,16000,1,994b1aff3fb8fe7d97c7d058d681c6db8f4c5035934d91db99735a62683c5c8d,augmentation of SS-HOR-0039,CC0-1.0
SS-HOR-0039-A2,augmented/vehicle_horn/SS-HOR-0039-A2.wav,Vehicle Horn,SS-HOR-0039,train,augmented,reverb,1704181228,22.07,16000,1,48e4113f3af10411d2e86a8877003ae7beb709ede70ca436bd8daf7134587ce7,augmentation of SS-HOR-0039,CC0-1.0
SS-HOR-0040-A1,augmented/vehicle_horn/SS-HOR-0040-A1.wav,Vehicle Horn,SS-HOR-0040,train,augmented,device,1729716888,12.22,16000,1,ef17073744d61985d07ad407a5350722900fe5c7a7d40a8190f82af0fd226c24,augmentation of SS-HOR-0040,CC0-1.0
SS-HOR-0040-A2,augmented/vehicle_horn/SS-HOR-0040-A2.wav,Vehicle Horn,SS-HOR-0040,train,augmented,device,3003354576,12.22,16000,1,ef17073744d61985d07ad407a5350722900fe5c7a7d40a8190f82af0fd226c24,augmentation of SS-HOR-0040,CC0-1.0
SS-HOR-0041-A1,augmented/vehicle_horn/SS-HOR-0041-A1.wav,Vehicle Horn,SS-HOR-0041,train,augmented,device,691702888,1.589,16000,1,bcfede8c3ebcc25ca16490e367e7d88dd322d62eec8098c5e6dd2daa2d94e448,augmentation of SS-HOR-0041,CC-BY-3.0
SS-HOR-0041-A2,augmented/vehicle_horn/SS-HOR-0041-A2.wav,Vehicle Horn,SS-HOR-0041,train,augmented,pitch,2593516715,1.589,16000,1,0b68bb53c70e5808641528866ad32298cde9af3d298a58ff5ae490d4db959c79,augmentation of SS-HOR-0041,CC-BY-3.0
SS-HOR-0042-A1,augmented/vehicle_horn/SS-HOR-0042-A1.wav,Vehicle Horn,SS-HOR-0042,train,augmented,distance,2925568073,7.731,16000,1,4b2f0454599cec12e8828be61d38c955c3a9e6b3afbf1a2bab74b03a3d162bd8,augmentation of SS-HOR-0042,CC-BY-3.0
SS-HOR-0042-A2,augmented/vehicle_horn/SS-HOR-0042-A2.wav,Vehicle Horn,SS-HOR-0042,train,augmented,shift,684001813,7.731,16000,1,02c0cd70576e75d2bcf5c4fb309dc9a610b3f793099a13d8f07821178e986348,augmentation of SS-HOR-0042,CC-BY-3.0
SS-HOR-0043-A1,augmented/vehicle_horn/SS-HOR-0043-A1.wav,Vehicle Horn,SS-HOR-0043,train,augmented,reverb,3897028996,15.633,16000,1,ba91cc1922acbe8b6c427d91716ff25205257a3145b290d252eda4254cde941d,augmentation of SS-HOR-0043,CC0-1.0
SS-HOR-0043-A2,augmented/vehicle_horn/SS-HOR-0043-A2.wav,Vehicle Horn,SS-HOR-0043,train,augmented,pitch,1176434539,15.633,16000,1,1c32545644b3a54eb8eee1125e3b47d8ae1330cf88ad378073fd4e14609b31a7,augmentation of SS-HOR-0043,CC0-1.0
SS-HOR-0045-A1,augmented/vehicle_horn/SS-HOR-0045-A1.wav,Vehicle Horn,SS-HOR-0045,train,augmented,volume,1267367159,0.782,16000,1,973019285366b7ebf2ffb0a529ae36ae6f33bf8eb096903a118a3a644f2f26ae,augmentation of SS-HOR-0045,CC-BY-3.0
SS-HOR-0045-A2,augmented/vehicle_horn/SS-HOR-0045-A2.wav,Vehicle Horn,SS-HOR-0045,train,augmented,distance,1083962985,0.782,16000,1,56549519e0347e880c27f20b720c4989853ea6c261cf0827b7dbc8db671dea7c,augmentation of SS-HOR-0045,CC-BY-3.0
SS-HOR-0046-A1,augmented/vehicle_horn/SS-HOR-0046-A1.wav,Vehicle Horn,SS-HOR-0046,train,augmented,distance,4025743049,2.107,16000,1,4cecc1687b1a34dd529754cc2d02be1969f1d296f82b5454b2245153c444e7b1,augmentation of SS-HOR-0046,CC-BY-3.0
SS-HOR-0046-A2,augmented/vehicle_horn/SS-HOR-0046-A2.wav,Vehicle Horn,SS-HOR-0046,train,augmented,distance,1293818673,2.107,16000,1,806ac1e996903bdcb2386e19d2a8be6d340e8a091b1594fd98a200563bcf39df,augmentation of SS-HOR-0046,CC-BY-3.0
SS-HOR-0047-A1,augmented/vehicle_horn/SS-HOR-0047-A1.wav,Vehicle Horn,SS-HOR-0047,train,augmented,distance,1027675689,19.435,16000,1,1c9161f784eafc8a96c9c8f84d356da0d2b5613cbed86ecf13c2002d756e164a,augmentation of SS-HOR-0047,CC0-1.0
SS-HOR-0047-A2,augmented/vehicle_horn/SS-HOR-0047-A2.wav,Vehicle Horn,SS-HOR-0047,train,augmented,pitch,690391299,19.435,16000,1,408911a0d3705e3a2cf1ea87bf0108f269d3bd1331c52b9c02960eb7ba8f3222,augmentation of SS-HOR-0047,CC0-1.0
SS-HOR-0048-A1,augmented/vehicle_horn/SS-HOR-0048-A1.wav,Vehicle Horn,SS-HOR-0048,train,augmented,volume,2274948519,28.189,16000,1,c54334f42f0b2a127a9a270c900944416076ba3d3fb1a2b546eebe725808d382,augmentation of SS-HOR-0048,CC0-1.0
SS-HOR-0048-A2,augmented/vehicle_horn/SS-HOR-0048-A2.wav,Vehicle Horn,SS-HOR-0048,train,augmented,volume,1004469375,28.189,16000,1,442c2d88c59fc13fe2d67eeba2a1e8c360f79c684bbdbd7a52f84e74b2908bac,augmentation of SS-HOR-0048,CC0-1.0
SS-HOR-0049-A1,augmented/vehicle_horn/SS-HOR-0049-A1.wav,Vehicle Horn,SS-HOR-0049,train,augmented,shift,269994445,1.95,16000,1,482f62c0f97ec95dc86871a7ed0d1c273dbdbc279af1dc86f86a9c09b2e5fc81,augmentation of SS-HOR-0049,CC-BY-3.0
SS-HOR-0049-A2,augmented/vehicle_horn/SS-HOR-0049-A2.wav,Vehicle Horn,SS-HOR-0049,train,augmented,device,2239996888,1.95,16000,1,2112b0a59ce269627f7ca25f4b5ed6da732efdf79afa1de2e187afd2201a5b2a,augmentation of SS-HOR-0049,CC-BY-3.0
SS-HOR-0052-A1,augmented/vehicle_horn/SS-HOR-0052-A1.wav,Vehicle Horn,SS-HOR-0052,train,augmented,pitch,4223235187,21.602,16000,1,1671d7fb359cd7b8f56f53730aeaf627e7d8d6b01358955960b36e50dba80dab,augmentation of SS-HOR-0052,CC-BY-3.0
SS-HOR-0052-A2,augmented/vehicle_horn/SS-HOR-0052-A2.wav,Vehicle Horn,SS-HOR-0052,train,augmented,noise,2558299570,21.602,16000,1,f12f70d583e8308a91db6f90f3df13231eb77a5d45f48e7ef88293dd6b676130,augmentation of SS-HOR-0052,CC-BY-3.0
SS-HOR-0053-A1,augmented/vehicle_horn/SS-HOR-0053-A1.wav,Vehicle Horn,SS-HOR-0053,train,augmented,stretch,3224967910,23.734,16000,1,d6302f06d26ef8149653a67287561e1f3f264e0083ad60f2b6a695e6b068f85a,augmentation of SS-HOR-0053,CC-BY-3.0
SS-HOR-0053-A2,augmented/vehicle_horn/SS-HOR-0053-A2.wav,Vehicle Horn,SS-HOR-0053,train,augmented,device,3081580112,26.406,16000,1,86b0e4d0b5fe024559dca4b8610d96c7e0f45512e7bd6656b3a5a260cfa63d02,augmentation of SS-HOR-0053,CC-BY-3.0
SS-HOR-0054-A1,augmented/vehicle_horn/SS-HOR-0054-A1.wav,Vehicle Horn,SS-HOR-0054,train,augmented,shift,4190182717,29.257,16000,1,8c22cd0d700f48a99d95f17f284d778b88762be69f7deee84fdef619b80bacaa,augmentation of SS-HOR-0054,CC0-1.0
SS-HOR-0054-A2,augmented/vehicle_horn/SS-HOR-0054-A2.wav,Vehicle Horn,SS-HOR-0054,train,augmented,distance,2656539201,29.257,16000,1,77299535b10ac1053bbc80d5e262a5d2ce7964d507f4fd478ed0d2725a4518e3,augmentation of SS-HOR-0054,CC0-1.0
SS-HOR-0057-A1,augmented/vehicle_horn/SS-HOR-0057-A1.wav,Vehicle Horn,SS-HOR-0057,train,augmented,pitch,2306542411,2.377,16000,1,c08b952afefcf2405ef135615a11bda54351910240d1673f2c6ae82c753f822a,augmentation of SS-HOR-0057,CC-BY-3.0
SS-HOR-0057-A2,augmented/vehicle_horn/SS-HOR-0057-A2.wav,Vehicle Horn,SS-HOR-0057,train,augmented,distance,290679921,2.377,16000,1,d5803f52a86a5f95b3124aab035a4c9e3dec4d8e798a199ccb0a09d10faa0acd,augmentation of SS-HOR-0057,CC-BY-3.0
SS-HOR-0058-A1,augmented/vehicle_horn/SS-HOR-0058-A1.wav,Vehicle Horn,SS-HOR-0058,train,augmented,volume,649727999,0.56,16000,1,14e58e2d7373f791f48e420b56bca9a93d6211c54bd9cd61831861adbf37779d,augmentation of SS-HOR-0058,CC-BY-3.0
SS-HOR-0058-A2,augmented/vehicle_horn/SS-HOR-0058-A2.wav,Vehicle Horn,SS-HOR-0058,train,augmented,reverb,622557988,0.56,16000,1,9fc2be6fb24491c15422170472ace83708ebaf098d7febb26045ff260769a922,augmentation of SS-HOR-0058,CC-BY-3.0
SS-HOR-0059-A1,augmented/vehicle_horn/SS-HOR-0059-A1.wav,Vehicle Horn,SS-HOR-0059,train,augmented,distance,2265214649,0.815,16000,1,3625f3e56c63d207170dd572083d379804732d70be307a77328629e7f035f3c6,augmentation of SS-HOR-0059,CC-BY-3.0
SS-HOR-0059-A2,augmented/vehicle_horn/SS-HOR-0059-A2.wav,Vehicle Horn,SS-HOR-0059,train,augmented,shift,3296028541,0.815,16000,1,3ff85804539e17a16493ff88980682f58e455c8cacd53d46a009e7fe2087cd61,augmentation of SS-HOR-0059,CC-BY-3.0
SS-HOR-0060-A1,augmented/vehicle_horn/SS-HOR-0060-A1.wav,Vehicle Horn,SS-HOR-0060,train,augmented,reverb,58614804,18.204,16000,1,ac62405eb169610c15db9649f9a86ed6594a844eabd9c47e7c061c25024cfaa8,augmentation of SS-HOR-0060,CC0-1.0
SS-HOR-0060-A2,augmented/vehicle_horn/SS-HOR-0060-A2.wav,Vehicle Horn,SS-HOR-0060,train,augmented,reverb,3335273508,18.204,16000,1,b547a2cbbc382b404cf4267ba4c937aa34541a9930135c087b155fb808e9444c,augmentation of SS-HOR-0060,CC0-1.0
SS-HOR-0061-A1,augmented/vehicle_horn/SS-HOR-0061-A1.wav,Vehicle Horn,SS-HOR-0061,train,augmented,stretch,934914334,16.582,16000,1,6324025ba535cffe64a079116d452011670b52c9781df26cbe081c65a5ad6a58,augmentation of SS-HOR-0061,CC-BY-3.0
SS-HOR-0061-A2,augmented/vehicle_horn/SS-HOR-0061-A2.wav,Vehicle Horn,SS-HOR-0061,train,augmented,reverb,879692476,15.609,16000,1,3a7d3d84db3d4a2eac46c1f72f2b8c34fb9c6e9920ff2b1c16568b61fc9fd879,augmentation of SS-HOR-0061,CC-BY-3.0
SS-HOR-0062-A1,augmented/vehicle_horn/SS-HOR-0062-A1.wav,Vehicle Horn,SS-HOR-0062,train,augmented,reverb,3425185204,3.201,16000,1,18909a064eb768575e927efc70316c45beee4f65dc44ab3da01e9e8d58210c97,augmentation of SS-HOR-0062,CC0-1.0
SS-HOR-0062-A2,augmented/vehicle_horn/SS-HOR-0062-A2.wav,Vehicle Horn,SS-HOR-0062,train,augmented,pitch,1102207139,3.201,16000,1,55c1e8f3911c4587bbdc8ef0c54c3779a4a544581941d58f12d4d9daf6337114,augmentation of SS-HOR-0062,CC0-1.0
SS-HOR-0063-A1,augmented/vehicle_horn/SS-HOR-0063-A1.wav,Vehicle Horn,SS-HOR-0063,train,augmented,volume,2471571951,12.76,16000,1,16717e9da07fa514d1ea2f0004f759f2b2fec430075d700af323c96f41a5e30b,augmentation of SS-HOR-0063,CC0-1.0
SS-HOR-0063-A2,augmented/vehicle_horn/SS-HOR-0063-A2.wav,Vehicle Horn,SS-HOR-0063,train,augmented,stretch,3163142086,12.55,16000,1,9a7e4bc7dda90c18f8533cac1584ed051bac0abfc01f187b7ce1bcdb09a19076,augmentation of SS-HOR-0063,CC0-1.0
SS-HOR-0065-A1,augmented/vehicle_horn/SS-HOR-0065-A1.wav,Vehicle Horn,SS-HOR-0065,train,augmented,pitch,2735886931,1.435,16000,1,76ffdb719d8eca5d0977d11c02ef142a8eff95004f1434eb7b480bb1ec877587,augmentation of SS-HOR-0065,CC-BY-3.0
SS-HOR-0065-A2,augmented/vehicle_horn/SS-HOR-0065-A2.wav,Vehicle Horn,SS-HOR-0065,train,augmented,reverb,684242660,1.435,16000,1,635954ae36164d7a6cce15d8402a2573d3b8c68e654adf4c38f929d11e63dbfd,augmentation of SS-HOR-0065,CC-BY-3.0
SS-HOR-0066-A1,augmented/vehicle_horn/SS-HOR-0066-A1.wav,Vehicle Horn,SS-HOR-0066,train,augmented,distance,613106137,4.512,16000,1,e9c2810bd56b3075c336e9fd13876a3dba50122b632e43f11a3ab3a52765a0dc,augmentation of SS-HOR-0066,CC0-1.0
SS-HOR-0066-A2,augmented/vehicle_horn/SS-HOR-0066-A2.wav,Vehicle Horn,SS-HOR-0066,train,augmented,pitch,1301613123,4.512,16000,1,39b100845b77e172f8559091ad59ed5d00160a29d0defdb9e6c081c2eea4e545,augmentation of SS-HOR-0066,CC0-1.0
SS-HOR-0068-A1,augmented/vehicle_horn/SS-HOR-0068-A1.wav,Vehicle Horn,SS-HOR-0068,train,augmented,reverb,2243319828,5.0,16000,1,df345429d0460d37607a3c32cac44e9cfd103aadac37f99a0361051ec2377585,augmentation of SS-HOR-0068,CC-BY-3.0
SS-HOR-0068-A2,augmented/vehicle_horn/SS-HOR-0068-A2.wav,Vehicle Horn,SS-HOR-0068,train,augmented,shift,1445453349,5.0,16000,1,387d764dde089cb2292072900d7dd5829873697d13bb254cffcba460f320d938,augmentation of SS-HOR-0068,CC-BY-3.0
SS-HOR-0069-A1,augmented/vehicle_horn/SS-HOR-0069-A1.wav,Vehicle Horn,SS-HOR-0069,train,augmented,noise,559530946,5.611,16000,1,cf3ecc1c75cc27ce8ea95541d6ee1d1a3107fd6f688b15f9401386ca1c58f002,augmentation of SS-HOR-0069,CC-BY-3.0
SS-HOR-0069-A2,augmented/vehicle_horn/SS-HOR-0069-A2.wav,Vehicle Horn,SS-HOR-0069,train,augmented,volume,1464781967,5.611,16000,1,51d917f79ea760de259e4a7dd10e590189fa0d24747c7d49b826fed50060bcce,augmentation of SS-HOR-0069,CC-BY-3.0
SS-HOR-0072-A1,augmented/vehicle_horn/SS-HOR-0072-A1.wav,Vehicle Horn,SS-HOR-0072,train,augmented,stretch,267406102,0.817,16000,1,517cab007cff20c441e34dc2ec1167364f549e7604ef26a2ff4bc348fcc25346,augmentation of SS-HOR-0072,Sampling+-1.0
SS-HOR-0072-A2,augmented/vehicle_horn/SS-HOR-0072-A2.wav,Vehicle Horn,SS-HOR-0072,train,augmented,volume,1800597247,0.819,16000,1,06f3696f4a5967ed427b9c8561e0d0e57e8f023191e3155aef13bf6ec5a93872,augmentation of SS-HOR-0072,Sampling+-1.0
SS-HOR-0074-A1,augmented/vehicle_horn/SS-HOR-0074-A1.wav,Vehicle Horn,SS-HOR-0074,train,augmented,shift,2609212045,2.588,16000,1,8308d0407172860cb8d1879052cf982be52e04e59a1be5b6d55f137b036f0cd0,augmentation of SS-HOR-0074,CC0-1.0
SS-HOR-0074-A2,augmented/vehicle_horn/SS-HOR-0074-A2.wav,Vehicle Horn,SS-HOR-0074,train,augmented,volume,2752167087,2.588,16000,1,189c795894c8b7c2aee5fcdd987e3022805e1aec7878f737cf8a256bf2b3cc70,augmentation of SS-HOR-0074,CC0-1.0
SS-HOR-0075-A1,augmented/vehicle_horn/SS-HOR-0075-A1.wav,Vehicle Horn,SS-HOR-0075,train,augmented,pitch,4241235803,17.58,16000,1,74b3991a8f121ef0609fb22914b9305b222971651b5cc0a41b9dff170de94360,augmentation of SS-HOR-0075,CC0-1.0
SS-HOR-0075-A2,augmented/vehicle_horn/SS-HOR-0075-A2.wav,Vehicle Horn,SS-HOR-0075,train,augmented,noise,2352130474,17.58,16000,1,9ab1b86435795e45ce08b765666e74f53e4470f725a8408f3df9580e80e7c122,augmentation of SS-HOR-0075,CC0-1.0
SS-HOR-0076-A1,augmented/vehicle_horn/SS-HOR-0076-A1.wav,Vehicle Horn,SS-HOR-0076,train,augmented,reverb,1190625228,16.927,16000,1,fec46d0d252d0544f25116e1d7b67c09464ca12769e83406df9c5d5243ed619c,augmentation of SS-HOR-0076,CC-BY-3.0
SS-HOR-0076-A2,augmented/vehicle_horn/SS-HOR-0076-A2.wav,Vehicle Horn,SS-HOR-0076,train,augmented,device,1827839048,16.927,16000,1,d0f4513ad59579514ab49218aa291265ba55e2cac47d93a5aacf922e82e75c28,augmentation of SS-HOR-0076,CC-BY-3.0
SS-HOR-0079-A1,augmented/vehicle_horn/SS-HOR-0079-A1.wav,Vehicle Horn,SS-HOR-0079,train,augmented,reverb,1260277100,4.858,16000,1,1b6aa5281309d7879011849f2af75d01423d07ca7b067b56ad0c8dab77e20d34,augmentation of SS-HOR-0079,CC-BY-3.0
SS-HOR-0079-A2,augmented/vehicle_horn/SS-HOR-0079-A2.wav,Vehicle Horn,SS-HOR-0079,train,augmented,distance,3335976961,4.858,16000,1,81f1885005e085b2bb997c74749b7c1b85a80253c04f2c901f34952797603b3f,augmentation of SS-HOR-0079,CC-BY-3.0
SS-HOR-0080-A1,augmented/vehicle_horn/SS-HOR-0080-A1.wav,Vehicle Horn,SS-HOR-0080,train,augmented,noise,570907762,3.648,16000,1,f1c8f9eeac34ee3d55bb68b6ec2ac534ab8c1eba236a09344183758e8a3fdfd3,augmentation of SS-HOR-0080,Sampling+-1.0
SS-HOR-0080-A2,augmented/vehicle_horn/SS-HOR-0080-A2.wav,Vehicle Horn,SS-HOR-0080,train,augmented,pitch,3327201355,3.648,16000,1,d7f4b376652df68a179111c981090afbc738c8ccfb875798a7dc21174b343ed8,augmentation of SS-HOR-0080,Sampling+-1.0
SS-HOR-0081-A1,augmented/vehicle_horn/SS-HOR-0081-A1.wav,Vehicle Horn,SS-HOR-0081,train,augmented,noise,280235642,14.637,16000,1,f8e3e367492929254b893c247bb4fe587691d37c385167bb68299b48efd7b353,augmentation of SS-HOR-0081,CC0-1.0
SS-HOR-0081-A2,augmented/vehicle_horn/SS-HOR-0081-A2.wav,Vehicle Horn,SS-HOR-0081,train,augmented,device,849303688,14.637,16000,1,056071d865e18a15f7b7ab8f0cc59a89d498c643b8314fa442d8f8a33257a85a,augmentation of SS-HOR-0081,CC0-1.0
SS-HOR-0082-A1,augmented/vehicle_horn/SS-HOR-0082-A1.wav,Vehicle Horn,SS-HOR-0082,train,augmented,distance,543361961,27.067,16000,1,0817905aa1f38e1029ef124c56164bcb41a24476dc9d674b7185d57687359963,augmentation of SS-HOR-0082,CC-BY-3.0
SS-HOR-0082-A2,augmented/vehicle_horn/SS-HOR-0082-A2.wav,Vehicle Horn,SS-HOR-0082,train,augmented,reverb,3951920172,27.067,16000,1,e1f652cb74c136da2edba14d3bc5ddaa7da202be31824f6d590846ce3865f20c,augmentation of SS-HOR-0082,CC-BY-3.0
SS-HOR-0084-A1,augmented/vehicle_horn/SS-HOR-0084-A1.wav,Vehicle Horn,SS-HOR-0084,train,augmented,shift,3871765357,1.925,16000,1,cf1b70ae71ea091271a0df5213b46393842aff54a191b18e3e8db83a56ed4be5,augmentation of SS-HOR-0084,CC-BY-3.0
SS-HOR-0084-A2,augmented/vehicle_horn/SS-HOR-0084-A2.wav,Vehicle Horn,SS-HOR-0084,train,augmented,reverb,503964412,1.925,16000,1,983c7aa7708ecf179f4269886430d6f52b1bfd8f8992abc44f44e5b02b014243,augmentation of SS-HOR-0084,CC-BY-3.0
SS-HOR-0085-A1,augmented/vehicle_horn/SS-HOR-0085-A1.wav,Vehicle Horn,SS-HOR-0085,train,augmented,stretch,2727762230,1.608,16000,1,7a28d3a2a7628dc9ccf959438f305a45a291e47e08ffe41364af884c93c1a9b6,augmentation of SS-HOR-0085,CC-BY-3.0
SS-HOR-0085-A2,augmented/vehicle_horn/SS-HOR-0085-A2.wav,Vehicle Horn,SS-HOR-0085,train,augmented,stretch,4172950110,1.395,16000,1,662919dea77994f06ca175d84bcdee32a6e52b7c103d9870756808c8698d241a,augmentation of SS-HOR-0085,CC-BY-3.0
SS-HOR-0086-A1,augmented/vehicle_horn/SS-HOR-0086-A1.wav,Vehicle Horn,SS-HOR-0086,train,augmented,distance,1382649321,1.509,16000,1,5edfe4db3b86c9722fd8c30e50147be40b62d5297b3e1da5fcbd4f9f936c927d,augmentation of SS-HOR-0086,CC-BY-3.0
SS-HOR-0086-A2,augmented/vehicle_horn/SS-HOR-0086-A2.wav,Vehicle Horn,SS-HOR-0086,train,augmented,pitch,3813946555,1.509,16000,1,3323b1ec2e68bea08ab17673758c2a08fb626ffbbc050610bee7bdf6a2d125dd,augmentation of SS-HOR-0086,CC-BY-3.0
SS-HOR-0090-A1,augmented/vehicle_horn/SS-HOR-0090-A1.wav,Vehicle Horn,SS-HOR-0090,train,augmented,stretch,4014620750,2.245,16000,1,60d895abfeda266eff93d3f537c2778fe679be0b88bbbc89e6216da80cd65479,augmentation of SS-HOR-0090,CC0-1.0
SS-HOR-0090-A2,augmented/vehicle_horn/SS-HOR-0090-A2.wav,Vehicle Horn,SS-HOR-0090,train,augmented,volume,1715532023,2.347,16000,1,b8b1608b5c892f12f7265e4cc2c9fd87e79b77a94562cf8fd33221716925d7bb,augmentation of SS-HOR-0090,CC0-1.0
SS-HOR-0091-A1,augmented/vehicle_horn/SS-HOR-0091-A1.wav,Vehicle Horn,SS-HOR-0091,train,augmented,distance,2780707145,10.197,16000,1,7cfa934d1ef274c6686fb41b2df3b22bd2df5b8dc5c8e51967e31e3c0d79e7f2,augmentation of SS-HOR-0091,CC0-1.0
SS-HOR-0091-A2,augmented/vehicle_horn/SS-HOR-0091-A2.wav,Vehicle Horn,SS-HOR-0091,train,augmented,noise,2477708946,10.197,16000,1,3a67f166ac5a70a99dc52d4a80dbe2c20e8eb68d0c11d34bf30ef3889eaffea3,augmentation of SS-HOR-0091,CC0-1.0
SS-HOR-0092-A1,augmented/vehicle_horn/SS-HOR-0092-A1.wav,Vehicle Horn,SS-HOR-0092,train,augmented,device,1459953000,5.717,16000,1,0dc9c0a1aff6b87af02c2608aea256899797a74f0f04413564ade72b5008860d,augmentation of SS-HOR-0092,CC-BY-3.0
SS-HOR-0092-A2,augmented/vehicle_horn/SS-HOR-0092-A2.wav,Vehicle Horn,SS-HOR-0092,train,augmented,shift,2535663605,5.717,16000,1,db977410148daca242026fa8f61c723240bc7177f6c6b7638213907519d80b60,augmentation of SS-HOR-0092,CC-BY-3.0
SS-HOR-0093-A1,augmented/vehicle_horn/SS-HOR-0093-A1.wav,Vehicle Horn,SS-HOR-0093,train,augmented,pitch,3485217331,4.907,16000,1,9294c50c01fc3426d9797ef449733627c90c7bef7353a8b9365435c505cf49c0,augmentation of SS-HOR-0093,CC-BY-3.0
SS-HOR-0093-A2,augmented/vehicle_horn/SS-HOR-0093-A2.wav,Vehicle Horn,SS-HOR-0093,train,augmented,volume,501009935,4.907,16000,1,b1d26cfb8d0c2ae8612fa9858e3eeba61649262fa1acd92dcf7f2345ab7ce982,augmentation of SS-HOR-0093,CC-BY-3.0
SS-HOR-0094-A1,augmented/vehicle_horn/SS-HOR-0094-A1.wav,Vehicle Horn,SS-HOR-0094,train,augmented,reverb,2157628084,9.476,16000,1,397d825f0f7324fe993e628978fc28653a43c8c52a5f57ed79ee1da882e02c69,augmentation of SS-HOR-0094,CC-BY-3.0
SS-HOR-0094-A2,augmented/vehicle_horn/SS-HOR-0094-A2.wav,Vehicle Horn,SS-HOR-0094,train,augmented,noise,3051290122,9.476,16000,1,c3981522894edb15c0554831c50d7c69a711981edcea1949cc0d0049de26bf5c,augmentation of SS-HOR-0094,CC-BY-3.0
SS-HOR-0095-A1,augmented/vehicle_horn/SS-HOR-0095-A1.wav,Vehicle Horn,SS-HOR-0095,train,augmented,distance,1085095577,14.325,16000,1,36b2d1d640a5d2a16d21c81efac4ac0b76f9830d9f1f0e292c18c846a593c9bc,augmentation of SS-HOR-0095,CC0-1.0
SS-HOR-0095-A2,augmented/vehicle_horn/SS-HOR-0095-A2.wav,Vehicle Horn,SS-HOR-0095,train,augmented,noise,1683989858,14.325,16000,1,4b833c7420c748f07613c589fb0ec81e555b04e0a9bb534699e615a8ccacfe18,augmentation of SS-HOR-0095,CC0-1.0
SS-HOR-0098-A1,augmented/vehicle_horn/SS-HOR-0098-A1.wav,Vehicle Horn,SS-HOR-0098,train,augmented,noise,3293504266,4.068,16000,1,acd7863ca3762d6afa05321be794cb0fb942617768cb20c3203b8b58bfdadc0c,augmentation of SS-HOR-0098,CC0-1.0
SS-HOR-0098-A2,augmented/vehicle_horn/SS-HOR-0098-A2.wav,Vehicle Horn,SS-HOR-0098,train,augmented,device,2750076864,4.068,16000,1,33892451cb70f85a57997d14787a0965ce36506e3cb2451232638172faddb30b,augmentation of SS-HOR-0098,CC0-1.0
SS-HOR-0099-A1,augmented/vehicle_horn/SS-HOR-0099-A1.wav,Vehicle Horn,SS-HOR-0099,train,augmented,reverb,368118596,4.322,16000,1,ec43a5f0a7564a6a4dd18e4902889bfdfc5b6434a12a1fbb5b978e7e6d493241,augmentation of SS-HOR-0099,CC0-1.0
SS-HOR-0099-A2,augmented/vehicle_horn/SS-HOR-0099-A2.wav,Vehicle Horn,SS-HOR-0099,train,augmented,shift,2361245317,4.322,16000,1,8849dd8ee4506945af75c959967c8c2b2988487e2f6b745e07ff9ec0c420881d,augmentation of SS-HOR-0099,CC0-1.0
SS-HOR-0100-A1,augmented/vehicle_horn/SS-HOR-0100-A1.wav,Vehicle Horn,SS-HOR-0100,train,augmented,noise,3742813058,8.13,16000,1,11ccf5b925297f0b512fab94bf46b2af7e067eab936abfc783b36694dfac3dfd,augmentation of SS-HOR-0100,CC0-1.0
SS-HOR-0100-A2,augmented/vehicle_horn/SS-HOR-0100-A2.wav,Vehicle Horn,SS-HOR-0100,train,augmented,stretch,1224988486,7.396,16000,1,5b60d868f3608c66e3c188034bd3973acb39d2578d4ee08236414032f38cc686,augmentation of SS-HOR-0100,CC0-1.0
SS-HOR-0101-A1,augmented/vehicle_horn/SS-HOR-0101-A1.wav,Vehicle Horn,SS-HOR-0101,train,augmented,pitch,3285366691,8.167,16000,1,94b02bdb0e07374e5de55e8888a66b2d4527bf6536b920b272dcf8679452e18a,augmentation of SS-HOR-0101,CC0-1.0
SS-HOR-0101-A2,augmented/vehicle_horn/SS-HOR-0101-A2.wav,Vehicle Horn,SS-HOR-0101,train,augmented,device,3262726296,8.167,16000,1,adb67353b90bd0cf733ccac81bae7c827595c6d1b0abd51a76a3ed259e36889b,augmentation of SS-HOR-0101,CC0-1.0
SS-HOR-0102-A1,augmented/vehicle_horn/SS-HOR-0102-A1.wav,Vehicle Horn,SS-HOR-0102,train,augmented,noise,1880821730,14.507,16000,1,6f3e69d05a682359a9e32ff994e9dc8db6379cf976d4c6bde5cfe6e56180f046,augmentation of SS-HOR-0102,CC-BY-3.0
SS-HOR-0102-A2,augmented/vehicle_horn/SS-HOR-0102-A2.wav,Vehicle Horn,SS-HOR-0102,train,augmented,device,1580307936,14.507,16000,1,995e960d5cc74f37fc7ee9ca00451effe084390a7540f1940275c38ae1a5c0dc,augmentation of SS-HOR-0102,CC-BY-3.0
SS-HOR-0104-A1,augmented/vehicle_horn/SS-HOR-0104-A1.wav,Vehicle Horn,SS-HOR-0104,train,augmented,volume,2157053311,2.969,16000,1,22dc6ee30c987271763db45b1d9e590f3b186c781e4faf38019356d74a7e3299,augmentation of SS-HOR-0104,CC0-1.0
SS-HOR-0104-A2,augmented/vehicle_horn/SS-HOR-0104-A2.wav,Vehicle Horn,SS-HOR-0104,train,augmented,noise,1130484938,2.969,16000,1,1645a92b352253f3c052157c754ad6beaaef835489613714983c2c85e9a5178c,augmentation of SS-HOR-0104,CC0-1.0
SS-HOR-0108-A1,augmented/vehicle_horn/SS-HOR-0108-A1.wav,Vehicle Horn,SS-HOR-0108,train,augmented,shift,399134349,21.081,16000,1,9cb775499d2a7cbe50d2e2b40c9e4f53cc3060e5da118b4633ca9343b9af2479,augmentation of SS-HOR-0108,CC-BY-3.0
SS-HOR-0108-A2,augmented/vehicle_horn/SS-HOR-0108-A2.wav,Vehicle Horn,SS-HOR-0108,train,augmented,device,2332467360,21.081,16000,1,00c38f78473e2a9e71ae9454f5ea81e4d68230c84009ab2eb868c2d8c204b8a8,augmentation of SS-HOR-0108,CC-BY-3.0
SS-HOR-0109-A1,augmented/vehicle_horn/SS-HOR-0109-A1.wav,Vehicle Horn,SS-HOR-0109,train,augmented,pitch,2367431043,27.82,16000,1,090d5559cdf6ce3b0f5bca6231285b1e272a3c70d3c36e06a3940bc31602ba41,augmentation of SS-HOR-0109,CC-BY-3.0
SS-HOR-0109-A2,augmented/vehicle_horn/SS-HOR-0109-A2.wav,Vehicle Horn,SS-HOR-0109,train,augmented,volume,1627524855,27.82,16000,1,ee1e55abb9765ad5d3aca83f6883f84eb066177765714207e12f14586bee0339,augmentation of SS-HOR-0109,CC-BY-3.0
SS-HOR-0110-A1,augmented/vehicle_horn/SS-HOR-0110-A1.wav,Vehicle Horn,SS-HOR-0110,train,augmented,volume,2829469479,10.269,16000,1,5ce8fc414b3815d6f189a339ca7536c36b049e80ec61ff739fc54c3d27cfc3aa,augmentation of SS-HOR-0110,CC-BY-3.0
SS-HOR-0110-A2,augmented/vehicle_horn/SS-HOR-0110-A2.wav,Vehicle Horn,SS-HOR-0110,train,augmented,pitch,696427339,10.269,16000,1,c9516af4404d8f399b21b3879961e8f7e0975f139aadef9001689d4a47226fbc,augmentation of SS-HOR-0110,CC-BY-3.0
SS-HOR-0111-A1,augmented/vehicle_horn/SS-HOR-0111-A1.wav,Vehicle Horn,SS-HOR-0111,train,augmented,stretch,850514934,5.027,16000,1,dd2e68abe1d09fd3b9e54f880dd33005f5bce2c0ffc35cf8d91b0300de295793,augmentation of SS-HOR-0111,CC-BY-3.0
SS-HOR-0111-A2,augmented/vehicle_horn/SS-HOR-0111-A2.wav,Vehicle Horn,SS-HOR-0111,train,augmented,reverb,4034155604,5.201,16000,1,5df227246261e71f43a4b1e17f9dff55d3f13feaeb4c353d854ef99f4c238250,augmentation of SS-HOR-0111,CC-BY-3.0
SS-HOR-0113-A1,augmented/vehicle_horn/SS-HOR-0113-A1.wav,Vehicle Horn,SS-HOR-0113,train,augmented,noise,1757028946,14.655,16000,1,6c0b85451c910fa2cd662c191d5e8646e8088e65f40b0300a4740f836a2043fb,augmentation of SS-HOR-0113,CC0-1.0
SS-HOR-0113-A2,augmented/vehicle_horn/SS-HOR-0113-A2.wav,Vehicle Horn,SS-HOR-0113,train,augmented,shift,1329642669,14.655,16000,1,69749187a31e6d2254a3e6a446a5579b02571dd19186da1ba8b03de50412867e,augmentation of SS-HOR-0113,CC0-1.0
SS-HOR-0114-A1,augmented/vehicle_horn/SS-HOR-0114-A1.wav,Vehicle Horn,SS-HOR-0114,train,augmented,stretch,619407390,14.069,16000,1,a6d674f22df1eecfba38bc5d717814741d9a60aeeb7d43ad170e9bb7122bd7e6,augmentation of SS-HOR-0114,CC-BY-3.0
SS-HOR-0114-A2,augmented/vehicle_horn/SS-HOR-0114-A2.wav,Vehicle Horn,SS-HOR-0114,train,augmented,reverb,1625749020,12.774,16000,1,a146a96be7e79596d485a107e50f4e5aa641a91549ac027676d33cb26a729679,augmentation of SS-HOR-0114,CC-BY-3.0
SS-HOR-0115-A1,augmented/vehicle_horn/SS-HOR-0115-A1.wav,Vehicle Horn,SS-HOR-0115,train,augmented,pitch,3848344723,20.598,16000,1,e217c36af6af2e52331fe5623dc2f740bf1c0d56a3311e4cfa5eea0a130948ec,augmentation of SS-HOR-0115,CC-BY-3.0
SS-HOR-0115-A2,augmented/vehicle_horn/SS-HOR-0115-A2.wav,Vehicle Horn,SS-HOR-0115,train,augmented,pitch,4278696531,20.598,16000,1,ded515732f3e04f9fef5e99033d5bb2590ecc3fa57d199d2b7d120bb19b25583,augmentation of SS-HOR-0115,CC-BY-3.0
SS-HOR-0116-A1,augmented/vehicle_horn/SS-HOR-0116-A1.wav,Vehicle Horn,SS-HOR-0116,train,augmented,noise,2843070810,16.998,16000,1,72df6dbe3a78a632ccdef093c82df1d33ef958aed8826eabf43afde0d5dad719,augmentation of SS-HOR-0116,CC0-1.0
SS-HOR-0116-A2,augmented/vehicle_horn/SS-HOR-0116-A2.wav,Vehicle Horn,SS-HOR-0116,train,augmented,shift,94655933,16.998,16000,1,683a7b2d6e6accba8ee78f824046cbc5d551e78be6142adf431fa7c98da34fd3,augmentation of SS-HOR-0116,CC0-1.0
SS-HOR-0117-A1,augmented/vehicle_horn/SS-HOR-0117-A1.wav,Vehicle Horn,SS-HOR-0117,train,augmented,shift,1010941269,11.124,16000,1,b8cc11b0ca5c40fdae633cd534859267d3a9886afdc7e0844afdce93018bc04a,augmentation of SS-HOR-0117,CC0-1.0
SS-HOR-0117-A2,augmented/vehicle_horn/SS-HOR-0117-A2.wav,Vehicle Horn,SS-HOR-0117,train,augmented,reverb,555701892,11.124,16000,1,fda9cb606ff3f7c6a57bcd214ce9800fbaf007359448d65e080fb766628e1f07,augmentation of SS-HOR-0117,CC0-1.0
SS-HOR-0118-A1,augmented/vehicle_horn/SS-HOR-0118-A1.wav,Vehicle Horn,SS-HOR-0118,train,augmented,stretch,2540458038,15.933,16000,1,b5a03bc8b7a7dab0b09dd5022e56e47223e5f24001f97a8cc2c80fe033f3d911,augmentation of SS-HOR-0118,CC0-1.0
SS-HOR-0118-A2,augmented/vehicle_horn/SS-HOR-0118-A2.wav,Vehicle Horn,SS-HOR-0118,train,augmented,pitch,715772603,15.515,16000,1,587fac0899b7a139ae0d94d3c8eecf22ce4ba282ee7e8c4db5db7035e22ec0d8,augmentation of SS-HOR-0118,CC0-1.0
SS-HOR-0119-A1,augmented/vehicle_horn/SS-HOR-0119-A1.wav,Vehicle Horn,SS-HOR-0119,train,augmented,stretch,3883438934,0.725,16000,1,7d2fb6490dcf3235b02e0b7193f2750bd8bc9f9340ec9004e87d13472112bc7c,augmentation of SS-HOR-0119,CC0-1.0
SS-HOR-0119-A2,augmented/vehicle_horn/SS-HOR-0119-A2.wav,Vehicle Horn,SS-HOR-0119,train,augmented,device,3069388632,0.625,16000,1,96cd0860fc3a01d2e14f5a731949ddffc0d29db22fd2874cac367d166d3bd845,augmentation of SS-HOR-0119,CC0-1.0
SS-HOR-0120-A1,augmented/vehicle_horn/SS-HOR-0120-A1.wav,Vehicle Horn,SS-HOR-0120,train,augmented,noise,2899442994,1.376,16000,1,2711f99c91a0307410862e825075a21bb3e7d9f092aae28731aac0e0c4d7d4ed,augmentation of SS-HOR-0120,CC-BY-3.0
SS-HOR-0120-A2,augmented/vehicle_horn/SS-HOR-0120-A2.wav,Vehicle Horn,SS-HOR-0120,train,augmented,device,375228512,1.376,16000,1,c4fec38718b021ecb4bc6feb4b84126b624db6cd49f676ebbad66fd3f21001b8,augmentation of SS-HOR-0120,CC-BY-3.0
SS-HOR-0124-A1,augmented/vehicle_horn/SS-HOR-0124-A1.wav,Vehicle Horn,SS-HOR-0124,train,augmented,volume,2919110591,1.893,16000,1,a506fcbf817fe075a69251c002a7ddf9fdc162f3e2a095755cc79945df56cd76,augmentation of SS-HOR-0124,CC0-1.0
SS-HOR-0124-A2,augmented/vehicle_horn/SS-HOR-0124-A2.wav,Vehicle Horn,SS-HOR-0124,train,augmented,volume,1192856119,1.893,16000,1,021d890be2a2af137f5a1c00defbcc7e991441dc66bf771c2169771b6d9e8ecc,augmentation of SS-HOR-0124,CC0-1.0
SS-HOR-0125-A1,augmented/vehicle_horn/SS-HOR-0125-A1.wav,Vehicle Horn,SS-HOR-0125,train,augmented,shift,519245781,1.947,16000,1,f87b2f93b706ea310ba2ed9b287e02a3ec428afbf6caeb258fc702b1b6033407,augmentation of SS-HOR-0125,CC0-1.0
SS-HOR-0125-A2,augmented/vehicle_horn/SS-HOR-0125-A2.wav,Vehicle Horn,SS-HOR-0125,train,augmented,stretch,2476472630,2.014,16000,1,3edbe8aad95cd48307fe6a88a21c502161e3ecd61a4eab75774678c62b7a1e64,augmentation of SS-HOR-0125,CC0-1.0
SS-HOR-0126-A1,augmented/vehicle_horn/SS-HOR-0126-A1.wav,Vehicle Horn,SS-HOR-0126,train,augmented,stretch,657146974,3.782,16000,1,65f6a78a0d8639b96fb15ed9109d5691609e730f7e70d3d646e75c4d575a9cff,augmentation of SS-HOR-0126,CC0-1.0
SS-HOR-0126-A2,augmented/vehicle_horn/SS-HOR-0126-A2.wav,Vehicle Horn,SS-HOR-0126,train,augmented,reverb,2228908508,4.0,16000,1,3e3d0d184139f4a976312d277fb323d2a56f224139a345c502496b2ea78143ae,augmentation of SS-HOR-0126,CC0-1.0
SS-HOR-0127-A1,augmented/vehicle_horn/SS-HOR-0127-A1.wav,Vehicle Horn,SS-HOR-0127,train,augmented,distance,708642121,16.509,16000,1,5d904bdd497d9ea4ac87a9a7d508f1e1b4e1e4f5cac830792693d64016389abc,augmentation of SS-HOR-0127,CC-BY-3.0
SS-HOR-0127-A2,augmented/vehicle_horn/SS-HOR-0127-A2.wav,Vehicle Horn,SS-HOR-0127,train,augmented,device,2917313264,16.509,16000,1,90c26e46ae579b43c00091b90b4b38335bcd62ae9246c6ddd09c84160220955d,augmentation of SS-HOR-0127,CC-BY-3.0
SS-HOR-0129-A1,augmented/vehicle_horn/SS-HOR-0129-A1.wav,Vehicle Horn,SS-HOR-0129,train,augmented,distance,1006993777,11.97,16000,1,004850d279ee9ad12c4629192fd7fe65bfca7fe1b3b2062d015a67a0f311eb8e,augmentation of SS-HOR-0129,CC0-1.0
SS-HOR-0129-A2,augmented/vehicle_horn/SS-HOR-0129-A2.wav,Vehicle Horn,SS-HOR-0129,train,augmented,volume,4024454167,11.97,16000,1,9892e2840fe6b333ee8e2365251b10aed756f93c02ecd6ca3c25482aeeda0248,augmentation of SS-HOR-0129,CC0-1.0
SS-HOR-0502-A1,augmented/vehicle_horn/SS-HOR-0502-A1.wav,Vehicle Horn,SS-HOR-0502,train,augmented,device,299379528,5.0,16000,1,b7831ec9b96a0f5634c4bc8d9bbc7b2403c7b0eab61852939905da2cf4c76e2c,augmentation of SS-HOR-0502,CC-BY-4.0
SS-HOR-0502-A2,augmented/vehicle_horn/SS-HOR-0502-A2.wav,Vehicle Horn,SS-HOR-0502,train,augmented,distance,3329821665,5.0,16000,1,e964254d8096c3eb7927a19026d5504da9d5f207b643c04c92b8737b0af4a1a8,augmentation of SS-HOR-0502,CC-BY-4.0
SS-HOR-0503-A1,augmented/vehicle_horn/SS-HOR-0503-A1.wav,Vehicle Horn,SS-HOR-0503,train,augmented,volume,3561866007,5.0,16000,1,1c0d58ab3ee9d2af9445eb8d5e3a4dcee6a1f6e42c1e8645bc60aca8c9cf131c,augmentation of SS-HOR-0503,CC-BY-4.0
SS-HOR-0503-A2,augmented/vehicle_horn/SS-HOR-0503-A2.wav,Vehicle Horn,SS-HOR-0503,train,augmented,volume,4057796887,5.0,16000,1,d48a6d8eeff44727fc642ff98a6d25ff73f0cbcce0af7dfa9844f8abc7bf109d,augmentation of SS-HOR-0503,CC-BY-4.0
SS-HOR-0505-A1,augmented/vehicle_horn/SS-HOR-0505-A1.wav,Vehicle Horn,SS-HOR-0505,train,augmented,stretch,2353794414,4.947,16000,1,fe23206009154b786e9e52eb0ada411704531add92edfb313329e1b848f953b2,augmentation of SS-HOR-0505,CC-BY-4.0
SS-HOR-0505-A2,augmented/vehicle_horn/SS-HOR-0505-A2.wav,Vehicle Horn,SS-HOR-0505,train,augmented,pitch,2824253651,5.0,16000,1,976c2680af8edaf328d0b7c3fe98e0ac0c0d2a4387ab63813d603c67bc3fc698,augmentation of SS-HOR-0505,CC-BY-4.0
SS-HOR-0506-A1,augmented/vehicle_horn/SS-HOR-0506-A1.wav,Vehicle Horn,SS-HOR-0506,train,augmented,volume,1018299911,5.0,16000,1,bd3dded1876d30488f28e150d03fc650a3294409f28bea65fe58c1713aa8348c,augmentation of SS-HOR-0506,CC-BY-4.0
SS-HOR-0506-A2,augmented/vehicle_horn/SS-HOR-0506-A2.wav,Vehicle Horn,SS-HOR-0506,train,augmented,distance,1885492385,5.0,16000,1,d00b389f8b52b24447e2cf339f081df4f0061e647b5a308a73b7338c9c782c97,augmentation of SS-HOR-0506,CC-BY-4.0
SS-HOR-0509-A1,augmented/vehicle_horn/SS-HOR-0509-A1.wav,Vehicle Horn,SS-HOR-0509,train,augmented,shift,2903269453,5.0,16000,1,36e3fafd76cfaed30236cef08547f1e4e90662e586029c11326e1464c2c1f0ec,augmentation of SS-HOR-0509,CC-BY-4.0
SS-HOR-0509-A2,augmented/vehicle_horn/SS-HOR-0509-A2.wav,Vehicle Horn,SS-HOR-0509,train,augmented,pitch,2637375659,5.0,16000,1,88b42efd3cd0aeb940dd1f5dd1138484525b26c31f3865d96c846666c00ea72d,augmentation of SS-HOR-0509,CC-BY-4.0
SS-HOR-0510-A1,augmented/vehicle_horn/SS-HOR-0510-A1.wav,Vehicle Horn,SS-HOR-0510,train,augmented,distance,1991622417,5.0,16000,1,e9b192e73a02d83c442995984e259c4371f9176abb3c33188c95f37195113f6a,augmentation of SS-HOR-0510,CC-BY-4.0
SS-HOR-0510-A2,augmented/vehicle_horn/SS-HOR-0510-A2.wav,Vehicle Horn,SS-HOR-0510,train,augmented,reverb,130474172,5.0,16000,1,6dd554caa5465ce58c84c7b3e6a974d2b39e1b80ae4a9989d14e754f77773bc9,augmentation of SS-HOR-0510,CC-BY-4.0
SS-HOR-0514-A1,augmented/vehicle_horn/SS-HOR-0514-A1.wav,Vehicle Horn,SS-HOR-0514,train,augmented,device,3683143320,5.0,16000,1,3733e043bcd3cb0b6464493d53b9ca73ebd06c8e3b4b98d162596712432a6950,augmentation of SS-HOR-0514,CC-BY-4.0
SS-HOR-0514-A2,augmented/vehicle_horn/SS-HOR-0514-A2.wav,Vehicle Horn,SS-HOR-0514,train,augmented,shift,3423488005,5.0,16000,1,1e977a669c86f181840c314ea08b7c783e0ef19d7c38f70fce24e8c37a45b2dd,augmentation of SS-HOR-0514,CC-BY-4.0
SS-HOR-0515-A1,augmented/vehicle_horn/SS-HOR-0515-A1.wav,Vehicle Horn,SS-HOR-0515,train,augmented,pitch,1222342579,5.0,16000,1,64ee57b046ca244634ab4a939f883492a77c7731bfe3d2d9e007d33c459764b7,augmentation of SS-HOR-0515,CC-BY-4.0
SS-HOR-0515-A2,augmented/vehicle_horn/SS-HOR-0515-A2.wav,Vehicle Horn,SS-HOR-0515,train,augmented,stretch,3260755758,4.383,16000,1,167b404445d394664c1883c0a71415750136d11067e6ff4e2f9e8e6018101563,augmentation of SS-HOR-0515,CC-BY-4.0
SS-HOR-0517-A1,augmented/vehicle_horn/SS-HOR-0517-A1.wav,Vehicle Horn,SS-HOR-0517,train,augmented,pitch,2920098251,5.0,16000,1,ba7b20e7fd10ef7cd3f1dcc378d241e6f2171617e819e7ef092a9ed401d204b3,augmentation of SS-HOR-0517,CC-BY-4.0
SS-HOR-0517-A2,augmented/vehicle_horn/SS-HOR-0517-A2.wav,Vehicle Horn,SS-HOR-0517,train,augmented,volume,868291447,5.0,16000,1,96b93f2219324d133f36231d5fe178d18fdba7d50fff137becb83b0535b9e77d,augmentation of SS-HOR-0517,CC-BY-4.0
SS-HOR-0518-A1,augmented/vehicle_horn/SS-HOR-0518-A1.wav,Vehicle Horn,SS-HOR-0518,train,augmented,reverb,370800116,5.0,16000,1,8dcca9d3989085ae5672b6439dc0534be50b3b41edae0be8db7ae2b04c607fac,augmentation of SS-HOR-0518,CC-BY-4.0
SS-HOR-0518-A2,augmented/vehicle_horn/SS-HOR-0518-A2.wav,Vehicle Horn,SS-HOR-0518,train,augmented,noise,965056762,5.0,16000,1,5aded01074c1c9ab3442b728b9e671dc44cb95f4863e4b4db0d2828940017d6c,augmentation of SS-HOR-0518,CC-BY-4.0
SS-HOR-0520-A1,augmented/vehicle_horn/SS-HOR-0520-A1.wav,Vehicle Horn,SS-HOR-0520,train,augmented,noise,1794044354,5.0,16000,1,e999bbc358e500186c757feeb8a4c1646d6b445e11e9bb48bbee054dac11a9d3,augmentation of SS-HOR-0520,CC-BY-4.0
SS-HOR-0520-A2,augmented/vehicle_horn/SS-HOR-0520-A2.wav,Vehicle Horn,SS-HOR-0520,train,augmented,reverb,1277964980,5.0,16000,1,5a72126c4dc4d78852f2c20e46625b1382ad870b83244814789d8f0458615dbc,augmentation of SS-HOR-0520,CC-BY-4.0
SS-HOR-0521-A1,augmented/vehicle_horn/SS-HOR-0521-A1.wav,Vehicle Horn,SS-HOR-0521,train,augmented,distance,212622953,5.0,16000,1,213e7d0f61cf3a02d29a4199a97f7d21443de838a21300ec59388deb9803f1a9,augmentation of SS-HOR-0521,CC-BY-4.0
SS-HOR-0521-A2,augmented/vehicle_horn/SS-HOR-0521-A2.wav,Vehicle Horn,SS-HOR-0521,train,augmented,distance,1031669633,5.0,16000,1,780a42f6030881b78c2616654921c45a08d5de6d6ffc5a19af48bb8b782e3bba,augmentation of SS-HOR-0521,CC-BY-4.0
SS-HOR-0523-A1,augmented/vehicle_horn/SS-HOR-0523-A1.wav,Vehicle Horn,SS-HOR-0523,train,augmented,pitch,2582892691,5.0,16000,1,156b4cac484a9dc3b390329c5d27c743e8102980e90d280c82d78222088c32f2,augmentation of SS-HOR-0523,CC-BY-4.0
SS-HOR-0523-A2,augmented/vehicle_horn/SS-HOR-0523-A2.wav,Vehicle Horn,SS-HOR-0523,train,augmented,reverb,3626421684,5.0,16000,1,b85b019152581c6777d10cdde15f93ac8a52e3adb0b9d58f4754e70369cde9c9,augmentation of SS-HOR-0523,CC-BY-4.0
SS-HOR-0525-A1,augmented/vehicle_horn/SS-HOR-0525-A1.wav,Vehicle Horn,SS-HOR-0525,train,augmented,noise,1364087450,5.0,16000,1,13ed99e8e5f1f16f88d125928526eb930821566b82a58bdfdfff39753a2f1fa4,augmentation of SS-HOR-0525,CC-BY-4.0
SS-HOR-0525-A2,augmented/vehicle_horn/SS-HOR-0525-A2.wav,Vehicle Horn,SS-HOR-0525,train,augmented,stretch,770905446,5.099,16000,1,5945e09e985e3711968c56c885a889404866d8e6fb9a63fd055e44334b364a1e,augmentation of SS-HOR-0525,CC-BY-4.0
SS-HOR-0526-A1,augmented/vehicle_horn/SS-HOR-0526-A1.wav,Vehicle Horn,SS-HOR-0526,train,augmented,reverb,4053696852,5.0,16000,1,8ce43bd2b3e3d4809019777b854e672386d094db63c1776fe2300cd4df4ae80c,augmentation of SS-HOR-0526,CC-BY-4.0
SS-HOR-0526-A2,augmented/vehicle_horn/SS-HOR-0526-A2.wav,Vehicle Horn,SS-HOR-0526,train,augmented,pitch,2119112011,5.0,16000,1,c1bc804de66869e130d96f1ad7c5f187de2e2ecf02b38961b90810d2701b0da5,augmentation of SS-HOR-0526,CC-BY-4.0
SS-HOR-0527-A1,augmented/vehicle_horn/SS-HOR-0527-A1.wav,Vehicle Horn,SS-HOR-0527,train,augmented,pitch,883249587,5.0,16000,1,ded287db8fe1a696360fd06ad587f95df6848096d2f1f8a68725c74bbf2440f9,augmentation of SS-HOR-0527,CC-BY-4.0
SS-HOR-0527-A2,augmented/vehicle_horn/SS-HOR-0527-A2.wav,Vehicle Horn,SS-HOR-0527,train,augmented,reverb,3890950604,5.0,16000,1,4b1f5e2dd4978a876f2d6e7a3065fc22534c3009eb783125c82cd9c6b711fc02,augmentation of SS-HOR-0527,CC-BY-4.0
SS-HOR-0528-A1,augmented/vehicle_horn/SS-HOR-0528-A1.wav,Vehicle Horn,SS-HOR-0528,train,augmented,distance,948539225,5.0,16000,1,06f5e3d02e423c70b2acf698e6226a8ca598ab7179b456236c514f0d9d76f0b6,augmentation of SS-HOR-0528,CC-BY-4.0
SS-HOR-0528-A2,augmented/vehicle_horn/SS-HOR-0528-A2.wav,Vehicle Horn,SS-HOR-0528,train,augmented,shift,425140301,5.0,16000,1,b4f91e655dbefd3fbfad1240f60586c122e50dadab814f2af9ff5bdf1c1ff27b,augmentation of SS-HOR-0528,CC-BY-4.0
SS-HOR-0530-A1,augmented/vehicle_horn/SS-HOR-0530-A1.wav,Vehicle Horn,SS-HOR-0530,train,augmented,pitch,3166725707,5.0,16000,1,e55e20d1432dbaf0365d63c2557e54a797bdb7e4b5aa3aff8f7f336232431e19,augmentation of SS-HOR-0530,CC-BY-4.0
SS-HOR-0530-A2,augmented/vehicle_horn/SS-HOR-0530-A2.wav,Vehicle Horn,SS-HOR-0530,train,augmented,reverb,850567852,5.0,16000,1,12906803bc000e80dd4cdbd8b37554ba15c11f86ddc1375512c222a819645243,augmentation of SS-HOR-0530,CC-BY-4.0
SS-HOR-0531-A1,augmented/vehicle_horn/SS-HOR-0531-A1.wav,Vehicle Horn,SS-HOR-0531,train,augmented,distance,2814516217,5.0,16000,1,bcbf93c6b6d49d3caefb112e3170b206c873262abe8fab5ede34165f9cc600df,augmentation of SS-HOR-0531,CC-BY-4.0
SS-HOR-0531-A2,augmented/vehicle_horn/SS-HOR-0531-A2.wav,Vehicle Horn,SS-HOR-0531,train,augmented,pitch,1339599747,5.0,16000,1,cb40d5f6f8361d33ec3d5d97d5824ae6acddd539e4217b8e1af3b86dc5d48202,augmentation of SS-HOR-0531,CC-BY-4.0
SS-HOR-0532-A1,augmented/vehicle_horn/SS-HOR-0532-A1.wav,Vehicle Horn,SS-HOR-0532,train,augmented,distance,125885705,5.0,16000,1,b6ae7e993a4ea77e5d537afbeaaa5170e455349f386fbe883d4f716c4956a6fd,augmentation of SS-HOR-0532,CC-BY-4.0
SS-HOR-0532-A2,augmented/vehicle_horn/SS-HOR-0532-A2.wav,Vehicle Horn,SS-HOR-0532,train,augmented,volume,2399667151,5.0,16000,1,99fd1046f2ddce26e234fff385e694386ecae0db363d6a94d545bd7e87e7278e,augmentation of SS-HOR-0532,CC-BY-4.0
SS-HOR-0534-A1,augmented/vehicle_horn/SS-HOR-0534-A1.wav,Vehicle Horn,SS-HOR-0534,train,augmented,device,2823421080,5.0,16000,1,70c1ab3c400d8b01c19e722efdced201fde09a38474198f2df475ec2a5de2f48,augmentation of SS-HOR-0534,CC-BY-4.0
SS-HOR-0534-A2,augmented/vehicle_horn/SS-HOR-0534-A2.wav,Vehicle Horn,SS-HOR-0534,train,augmented,shift,3082293661,5.0,16000,1,cb3719d70163256a9990363db239f9a139eb1140371c906fec3dd3204c6f42b1,augmentation of SS-HOR-0534,CC-BY-4.0
SS-HOR-0536-A1,augmented/vehicle_horn/SS-HOR-0536-A1.wav,Vehicle Horn,SS-HOR-0536,train,augmented,pitch,2395451451,5.0,16000,1,371ab8c57f64ec00a9f15c31f3183097a89eb1fb42f4b3811369c1348389df90,augmentation of SS-HOR-0536,CC-BY-4.0
SS-HOR-0536-A2,augmented/vehicle_horn/SS-HOR-0536-A2.wav,Vehicle Horn,SS-HOR-0536,train,augmented,noise,2092359362,5.0,16000,1,a3fcb110a7af97656fd99871cacca5790157d4830e1dcbb5acea785a617482ac,augmentation of SS-HOR-0536,CC-BY-4.0
SS-HOR-0537-A1,augmented/vehicle_horn/SS-HOR-0537-A1.wav,Vehicle Horn,SS-HOR-0537,train,augmented,reverb,2357155988,5.0,16000,1,7cf3d03528a99fbc95888243fca4642b8b868871de532a88d255b1c14e959b13,augmentation of SS-HOR-0537,CC-BY-4.0
SS-HOR-0537-A2,augmented/vehicle_horn/SS-HOR-0537-A2.wav,Vehicle Horn,SS-HOR-0537,train,augmented,distance,2750908921,5.0,16000,1,b67ca5b66cb7f53db5642f15c9cd81091d76c110b1cb1b7b5955a53b3a1c0fcd,augmentation of SS-HOR-0537,CC-BY-4.0
SS-HOR-0541-A1,augmented/vehicle_horn/SS-HOR-0541-A1.wav,Vehicle Horn,SS-HOR-0541,train,augmented,stretch,1986527318,0.668,16000,1,0df31e8968239791155f09288bab7a24371ac7b12c695b91b78dccbbdb363a5c,augmentation of SS-HOR-0541,CC-BY-4.0
SS-HOR-0541-A2,augmented/vehicle_horn/SS-HOR-0541-A2.wav,Vehicle Horn,SS-HOR-0541,train,augmented,noise,3742226850,0.649,16000,1,3d24a4c98717762d4ec98b5f00f93b6df6d90c6139394ae8a243ccba6303e383,augmentation of SS-HOR-0541,CC-BY-4.0
SS-HOR-0542-A1,augmented/vehicle_horn/SS-HOR-0542-A1.wav,Vehicle Horn,SS-HOR-0542,train,augmented,reverb,4158062588,1.05,16000,1,2b23fea2717cdea73d347a68e2fd808241efa3b15fe502f4a292a99ce8783eba,augmentation of SS-HOR-0542,CC-BY-4.0
SS-HOR-0542-A2,augmented/vehicle_horn/SS-HOR-0542-A2.wav,Vehicle Horn,SS-HOR-0542,train,augmented,device,695962472,1.05,16000,1,a798341b37c8615c2726d6b676f85eefa08b079d1c2d06b063b9d70b9768d466,augmentation of SS-HOR-0542,CC-BY-4.0
SS-HOR-0544-A1,augmented/vehicle_horn/SS-HOR-0544-A1.wav,Vehicle Horn,SS-HOR-0544,train,augmented,distance,1507666353,1.62,16000,1,17b95969cc1d6bd47fbe6202491fd75f3e28d5a0546d4bf41a4505aa697f9a27,augmentation of SS-HOR-0544,CC-BY-4.0
SS-HOR-0544-A2,augmented/vehicle_horn/SS-HOR-0544-A2.wav,Vehicle Horn,SS-HOR-0544,train,augmented,stretch,915375302,1.429,16000,1,4e43d6e241c3ea27af9ba4c5dfee393e20951db4d1d8d2604696ac415a58f0a3,augmentation of SS-HOR-0544,CC-BY-4.0
SS-HOR-0545-A1,augmented/vehicle_horn/SS-HOR-0545-A1.wav,Vehicle Horn,SS-HOR-0545,train,augmented,noise,1884287506,1.86,16000,1,fd503f3338ee609877bd54b757f3b0b53ab47c909b1c766efe272563a3dd0753,augmentation of SS-HOR-0545,CC-BY-4.0
SS-HOR-0545-A2,augmented/vehicle_horn/SS-HOR-0545-A2.wav,Vehicle Horn,SS-HOR-0545,train,augmented,stretch,2813088150,1.782,16000,1,1eb0d7b14b7a95982f1ba3ec332487cc55cffbc0c87f93e6065a94d23f88a44b,augmentation of SS-HOR-0545,CC-BY-4.0
SS-HOR-0546-A1,augmented/vehicle_horn/SS-HOR-0546-A1.wav,Vehicle Horn,SS-HOR-0546,train,augmented,distance,2184191665,0.599,16000,1,679e6ab88c0a94769d78d13146435d88d7fc24459a3c7833b19e932e5cbf9ea6,augmentation of SS-HOR-0546,CC-BY-4.0
SS-HOR-0546-A2,augmented/vehicle_horn/SS-HOR-0546-A2.wav,Vehicle Horn,SS-HOR-0546,train,augmented,pitch,934756435,0.599,16000,1,8152d5544c92fd1d29bd36470aa9efacfed1729e040598e4fa15883fe79fea01,augmentation of SS-HOR-0546,CC-BY-4.0
SS-HOR-0547-A1,augmented/vehicle_horn/SS-HOR-0547-A1.wav,Vehicle Horn,SS-HOR-0547,train,augmented,stretch,869294222,0.764,16000,1,4e5550668d327b31833295b47cd739790fdbf1ebc50c365ccc339e21890ff66f,augmentation of SS-HOR-0547,CC-BY-4.0
SS-HOR-0547-A2,augmented/vehicle_horn/SS-HOR-0547-A2.wav,Vehicle Horn,SS-HOR-0547,train,augmented,volume,2326639799,0.829,16000,1,b20eff44827c3227b32092a923d27b65f17d723be65cb80ccb1a451fd7b42ae8,augmentation of SS-HOR-0547,CC-BY-4.0
SS-HOR-0548-A1,augmented/vehicle_horn/SS-HOR-0548-A1.wav,Vehicle Horn,SS-HOR-0548,train,augmented,volume,2694285367,0.576,16000,1,2d8c51f9e0081967d735758fedbee2b710414e1152700b003c971e06907361bf,augmentation of SS-HOR-0548,CC-BY-4.0
SS-HOR-0548-A2,augmented/vehicle_horn/SS-HOR-0548-A2.wav,Vehicle Horn,SS-HOR-0548,train,augmented,noise,1451362594,0.576,16000,1,8f5af745ddf5ed75b4ad38e20ab3cff92f39b9061e10a97e958b36cb44f765ff,augmentation of SS-HOR-0548,CC-BY-4.0
SS-HOR-0553-A1,augmented/vehicle_horn/SS-HOR-0553-A1.wav,Vehicle Horn,SS-HOR-0553,train,augmented,reverb,395825540,0.86,16000,1,f687f4afdc82ed62083cbcde7832752db57e4747a32aea607de857e5ad46eeaf,augmentation of SS-HOR-0553,CC-BY-4.0
SS-HOR-0553-A2,augmented/vehicle_horn/SS-HOR-0553-A2.wav,Vehicle Horn,SS-HOR-0553,train,augmented,volume,3914369223,0.86,16000,1,468d9d1680a49eae189bb8e82b728f99901bf7ded681dad41fe53d175335c792,augmentation of SS-HOR-0553,CC-BY-4.0
SS-HOR-0554-A1,augmented/vehicle_horn/SS-HOR-0554-A1.wav,Vehicle Horn,SS-HOR-0554,train,augmented,distance,1831723401,2.178,16000,1,236ea4c97dc0e4d58f14b1172089005b6932c4f2c266f1da0866b04d82b18948,augmentation of SS-HOR-0554,CC-BY-4.0
SS-HOR-0554-A2,augmented/vehicle_horn/SS-HOR-0554-A2.wav,Vehicle Horn,SS-HOR-0554,train,augmented,stretch,3085586358,2.547,16000,1,8181146b68e962cbe97f1d39241abc808f690b5b8ef48340cbd3843af2ef381d,augmentation of SS-HOR-0554,CC-BY-4.0
SS-HOR-0555-A1,augmented/vehicle_horn/SS-HOR-0555-A1.wav,Vehicle Horn,SS-HOR-0555,train,augmented,volume,3317674271,0.868,16000,1,a1786d95ce29413591f605d9e8740fca2bed53222781735e62f8701a8df79cee,augmentation of SS-HOR-0555,CC-BY-4.0
SS-HOR-0555-A2,augmented/vehicle_horn/SS-HOR-0555-A2.wav,Vehicle Horn,SS-HOR-0555,train,augmented,volume,4095833287,0.868,16000,1,07dc4f537dd1768f0d980a25e473d354c1ec818344498f9304ec3bd9ff1430ff,augmentation of SS-HOR-0555,CC-BY-4.0
SS-HOR-0556-A1,augmented/vehicle_horn/SS-HOR-0556-A1.wav,Vehicle Horn,SS-HOR-0556,train,augmented,reverb,3582993820,0.868,16000,1,b8909b69676b87fa9ed8d2360864211301ed65d57d7ce118577f3d4bfff74842,augmentation of SS-HOR-0556,CC-BY-4.0
SS-HOR-0556-A2,augmented/vehicle_horn/SS-HOR-0556-A2.wav,Vehicle Horn,SS-HOR-0556,train,augmented,shift,4115421165,0.868,16000,1,f08e19ddef6bca53ee591a641de55d8dbac39b01fbd5febb70588cca22a03612,augmentation of SS-HOR-0556,CC-BY-4.0
SS-HOR-0557-A1,augmented/vehicle_horn/SS-HOR-0557-A1.wav,Vehicle Horn,SS-HOR-0557,train,augmented,noise,2252342914,0.568,16000,1,926e58ad103eea186b3e71d2f8b520090dd73db981d21dbf935f50d9a8f0c0c7,augmentation of SS-HOR-0557,CC-BY-4.0
SS-HOR-0557-A2,augmented/vehicle_horn/SS-HOR-0557-A2.wav,Vehicle Horn,SS-HOR-0557,train,augmented,volume,1608391423,0.568,16000,1,efa8854584d7f1de90397454e6fb4f364ede9199021b9b630d548f39be2c9fde,augmentation of SS-HOR-0557,CC-BY-4.0
SS-HOR-0570-A1,augmented/vehicle_horn/SS-HOR-0570-A1.wav,Vehicle Horn,SS-HOR-0570,train,augmented,device,2236352440,1.986,16000,1,97f70763a626d775a278697e88782b91b3c3ddf17287ec8d86cee32805bc2b2a,augmentation of SS-HOR-0570,CC-BY-4.0
SS-HOR-0570-A2,augmented/vehicle_horn/SS-HOR-0570-A2.wav,Vehicle Horn,SS-HOR-0570,train,augmented,shift,1073441605,1.986,16000,1,a82da04d0ccd393401b7a17be71d5c0f9dfa01c687a82d80ae8c42b27a9f0b60,augmentation of SS-HOR-0570,CC-BY-4.0
SS-HOR-0575-A1,augmented/vehicle_horn/SS-HOR-0575-A1.wav,Vehicle Horn,SS-HOR-0575,train,augmented,stretch,1167901126,3.941,16000,1,38e6b544be3e2bba7f3bcf71d89790e35e9ad490edf6ea400490e3b72521e404,augmentation of SS-HOR-0575,CC-BY-4.0
SS-HOR-0575-A2,augmented/vehicle_horn/SS-HOR-0575-A2.wav,Vehicle Horn,SS-HOR-0575,train,augmented,noise,3423634426,3.6,16000,1,95b696f6b288340596be579c2d8189602764d9a0a0ba886057cf0a13a0a8e460,augmentation of SS-HOR-0575,CC-BY-4.0
SS-HOR-0582-A1,augmented/vehicle_horn/SS-HOR-0582-A1.wav,Vehicle Horn,SS-HOR-0582,train,augmented,distance,1272745585,1.106,16000,1,176e30087e61c0583c1afd32bde4178bb8ef9e146bc8838b047e88dba72ea95f,augmentation of SS-HOR-0582,CC-BY-4.0
SS-HOR-0582-A2,augmented/vehicle_horn/SS-HOR-0582-A2.wav,Vehicle Horn,SS-HOR-0582,train,augmented,device,2530669392,1.106,16000,1,4e1d932d75a0dd082d49e9c3a7d7d13d25533c31d8fd9428ef8a1bc0e8297b2f,augmentation of SS-HOR-0582,CC-BY-4.0
SS-HOR-0590-A1,augmented/vehicle_horn/SS-HOR-0590-A1.wav,Vehicle Horn,SS-HOR-0590,train,augmented,reverb,1186350044,2.2,16000,1,6b0fbc49b7c190388a9e848ef1b4880a61d2dc3095d9d83bcdab82ed52b59de9,augmentation of SS-HOR-0590,CC-BY-4.0
SS-HOR-0590-A2,augmented/vehicle_horn/SS-HOR-0590-A2.wav,Vehicle Horn,SS-HOR-0590,train,augmented,noise,954243482,2.2,16000,1,87ff993460ed829e3198e13fd86a6e8c8f63ce0a229261969331d09bc2bc8b18,augmentation of SS-HOR-0590,CC-BY-4.0
SS-HOR-0592-A1,augmented/vehicle_horn/SS-HOR-0592-A1.wav,Vehicle Horn,SS-HOR-0592,train,augmented,reverb,2242120860,0.678,16000,1,e7530a7a112015f489835f989f31b0af100f3914e8fef630c732766f9fbb8e16,augmentation of SS-HOR-0592,CC-BY-4.0
SS-HOR-0592-A2,augmented/vehicle_horn/SS-HOR-0592-A2.wav,Vehicle Horn,SS-HOR-0592,train,augmented,distance,685495289,0.678,16000,1,eb1a1d46f91f50a1c060913eb2431a97c17f37a382c1e39e097147f5f322b56c,augmentation of SS-HOR-0592,CC-BY-4.0
SS-HOR-0593-A1,augmented/vehicle_horn/SS-HOR-0593-A1.wav,Vehicle Horn,SS-HOR-0593,train,augmented,stretch,1345007630,2.227,16000,1,4cb23c8364921233c77fa7f072750b0413e2f5517baf230541c6cb144fdd6bd1,augmentation of SS-HOR-0593,CC-BY-4.0
SS-HOR-0593-A2,augmented/vehicle_horn/SS-HOR-0593-A2.wav,Vehicle Horn,SS-HOR-0593,train,augmented,device,1638141904,2.11,16000,1,542b508d6da7ce962d0b568c76d0beb8737283623f0d8276f2d2708f9c45a35a,augmentation of SS-HOR-0593,CC-BY-4.0
SS-HOR-0594-A1,augmented/vehicle_horn/SS-HOR-0594-A1.wav,Vehicle Horn,SS-HOR-0594,train,augmented,stretch,3106328254,0.659,16000,1,010ea9c664bf67724c70eae3c2ecc539af3aeb7b9c67637c7b8fdcb9a6e3d938,augmentation of SS-HOR-0594,CC-BY-4.0
SS-HOR-0594-A2,augmented/vehicle_horn/SS-HOR-0594-A2.wav,Vehicle Horn,SS-HOR-0594,train,augmented,device,2624913032,0.606,16000,1,13f3b52a141442e32383dbb4fe2bb153a4b1778673654cb600f5740279b3706e,augmentation of SS-HOR-0594,CC-BY-4.0
SS-HOR-0595-A1,augmented/vehicle_horn/SS-HOR-0595-A1.wav,Vehicle Horn,SS-HOR-0595,train,augmented,reverb,496213004,0.639,16000,1,fe4a9343d2645e994284f952d1d83fc5f84613b12e3c615aced691f9ca6e8476,augmentation of SS-HOR-0595,CC-BY-4.0
SS-HOR-0595-A2,augmented/vehicle_horn/SS-HOR-0595-A2.wav,Vehicle Horn,SS-HOR-0595,train,augmented,pitch,4197972827,0.639,16000,1,1d224279aed85392703d053769c7053ea6be6d901300d0e93ae745835623958c,augmentation of SS-HOR-0595,CC-BY-4.0
SS-HOR-0596-A1,augmented/vehicle_horn/SS-HOR-0596-A1.wav,Vehicle Horn,SS-HOR-0596,train,augmented,pitch,3945843659,1.747,16000,1,818b8d806674ea843761c62271e3516d58170137a31fbf39004c9f836a2dbedc,augmentation of SS-HOR-0596,CC-BY-4.0
SS-HOR-0596-A2,augmented/vehicle_horn/SS-HOR-0596-A2.wav,Vehicle Horn,SS-HOR-0596,train,augmented,noise,3952859554,1.747,16000,1,9cea179d430b37d9b4fc40beef8fe635153fb1881da1f61b6f0fba8789dd1afb,augmentation of SS-HOR-0596,CC-BY-4.0
SS-HOR-0609-A1,augmented/vehicle_horn/SS-HOR-0609-A1.wav,Vehicle Horn,SS-HOR-0609,train,augmented,distance,2555196953,0.846,16000,1,3c832aafc798ded577c40eae4aa33c7aa18348c26e5dbf6132e5d3ac6923c8a0,augmentation of SS-HOR-0609,CC-BY-4.0
SS-HOR-0609-A2,augmented/vehicle_horn/SS-HOR-0609-A2.wav,Vehicle Horn,SS-HOR-0609,train,augmented,distance,3461082969,0.846,16000,1,4f2fc96e6d5adcc070e2330d80257b72982c3d6a4ede561d454b214ee9901a8f,augmentation of SS-HOR-0609,CC-BY-4.0
SS-HOR-0614-A1,augmented/vehicle_horn/SS-HOR-0614-A1.wav,Vehicle Horn,SS-HOR-0614,train,augmented,noise,3473981618,1.498,16000,1,9f5d6b233a6608927e849a8d2b64dcdf6c0cb4dae1c8fc88f055aa18b82eeeb3,augmentation of SS-HOR-0614,CC-BY-4.0
SS-HOR-0614-A2,augmented/vehicle_horn/SS-HOR-0614-A2.wav,Vehicle Horn,SS-HOR-0614,train,augmented,noise,219517898,1.498,16000,1,db13c3a9757d25d3c76602879ae5b2100756a148a0860a564179057fd9fc275e,augmentation of SS-HOR-0614,CC-BY-4.0
SS-HOR-0616-A1,augmented/vehicle_horn/SS-HOR-0616-A1.wav,Vehicle Horn,SS-HOR-0616,train,augmented,shift,2430350741,0.86,16000,1,9b04daa8ea9c7c6676115f2a19f50e17377a0eebd1e1901c0c945aa04951f121,augmentation of SS-HOR-0616,CC-BY-4.0
SS-HOR-0616-A2,augmented/vehicle_horn/SS-HOR-0616-A2.wav,Vehicle Horn,SS-HOR-0616,train,augmented,pitch,3707395267,0.86,16000,1,00b6662204db69bb49d121e9997101360d97334cce7944654c4167afe17d69f7,augmentation of SS-HOR-0616,CC-BY-4.0
SS-HOR-0618-A1,augmented/vehicle_horn/SS-HOR-0618-A1.wav,Vehicle Horn,SS-HOR-0618,train,augmented,reverb,3058226516,0.76,16000,1,aac018613625853e6286f3232bc5b4754f59f58cfb0bc89b4553fdcc50620086,augmentation of SS-HOR-0618,CC-BY-4.0
SS-HOR-0618-A2,augmented/vehicle_horn/SS-HOR-0618-A2.wav,Vehicle Horn,SS-HOR-0618,train,augmented,shift,395194541,0.76,16000,1,13f622a57c2499c0e92f44e43266383b3dfdab7d401a49f3838a383925c20a16,augmentation of SS-HOR-0618,CC-BY-4.0
SS-HOR-0619-A1,augmented/vehicle_horn/SS-HOR-0619-A1.wav,Vehicle Horn,SS-HOR-0619,train,augmented,shift,3465113309,0.579,16000,1,0571cb7f1ec13f72382fef25793820517febaa50263f790725516684b47a3928,augmentation of SS-HOR-0619,CC-BY-4.0
SS-HOR-0619-A2,augmented/vehicle_horn/SS-HOR-0619-A2.wav,Vehicle Horn,SS-HOR-0619,train,augmented,noise,181615306,0.579,16000,1,0bf16ead40acea33b0dc6afcae227bd1776a178b0b2e0a113130569ee151d041,augmentation of SS-HOR-0619,CC-BY-4.0
SS-HOR-0622-A1,augmented/vehicle_horn/SS-HOR-0622-A1.wav,Vehicle Horn,SS-HOR-0622,train,augmented,volume,1743953359,2.98,16000,1,20a0f25777e6f2623c195e25cad917602071e2640483911bd59bf2f909f5433d,augmentation of SS-HOR-0622,CC-BY-4.0
SS-HOR-0622-A2,augmented/vehicle_horn/SS-HOR-0622-A2.wav,Vehicle Horn,SS-HOR-0622,train,augmented,volume,4115484359,2.98,16000,1,d353c97f5abc1819ff923d42e81a8de428a365ad3c23c459c04117e3fe542ec6,augmentation of SS-HOR-0622,CC-BY-4.0
SS-HOR-0623-A1,augmented/vehicle_horn/SS-HOR-0623-A1.wav,Vehicle Horn,SS-HOR-0623,train,augmented,shift,470534757,1.81,16000,1,87bad00b5d95e883d4117e290c8942fa003f7ea52cf111940c498c003b459293,augmentation of SS-HOR-0623,CC-BY-4.0
SS-HOR-0623-A2,augmented/vehicle_horn/SS-HOR-0623-A2.wav,Vehicle Horn,SS-HOR-0623,train,augmented,noise,3857672498,1.81,16000,1,87bff043183da671f1c6038513418124d5443f4d4ef0217988c4d2882a276c35,augmentation of SS-HOR-0623,CC-BY-4.0
SS-HOR-0625-A1,augmented/vehicle_horn/SS-HOR-0625-A1.wav,Vehicle Horn,SS-HOR-0625,train,augmented,stretch,3343007710,0.782,16000,1,5a43509d20df5b3daa08f405ad45e5ab293b330b9e34e2d2edc47450db289d15,augmentation of SS-HOR-0625,CC-BY-4.0
SS-HOR-0625-A2,augmented/vehicle_horn/SS-HOR-0625-A2.wav,Vehicle Horn,SS-HOR-0625,train,augmented,stretch,1223674382,0.818,16000,1,18e719e5a9f82b7b60c28917a7f3fa176395c4bdda45cdff0714e11bcb131bfa,augmentation of SS-HOR-0625,CC-BY-4.0
SS-HOR-0626-A1,augmented/vehicle_horn/SS-HOR-0626-A1.wav,Vehicle Horn,SS-HOR-0626,train,augmented,noise,2759466106,0.89,16000,1,93e0dc91972f620c9bdb5edfb731083961fd60cd46942f3725b8a96d951c4320,augmentation of SS-HOR-0626,CC-BY-4.0
SS-HOR-0626-A2,augmented/vehicle_horn/SS-HOR-0626-A2.wav,Vehicle Horn,SS-HOR-0626,train,augmented,shift,2603456485,0.89,16000,1,530e28c2328585b7d7e82ea16816b460c3aacc43e676f9eed4a90a0703718342,augmentation of SS-HOR-0626,CC-BY-4.0
SS-HOR-0627-A1,augmented/vehicle_horn/SS-HOR-0627-A1.wav,Vehicle Horn,SS-HOR-0627,train,augmented,reverb,2037435820,0.738,16000,1,bd8179670748367a5c53aa41a0a1ab1b718c30275989ff042415c0b0ae570dd1,augmentation of SS-HOR-0627,CC-BY-4.0
SS-HOR-0627-A2,augmented/vehicle_horn/SS-HOR-0627-A2.wav,Vehicle Horn,SS-HOR-0627,train,augmented,volume,3743588975,0.738,16000,1,ca645b254b07bd6a592d5c425d07dfb8543b0bdd9c174076c689c189186f621b,augmentation of SS-HOR-0627,CC-BY-4.0
SS-HOR-0628-A1,augmented/vehicle_horn/SS-HOR-0628-A1.wav,Vehicle Horn,SS-HOR-0628,train,augmented,reverb,4053986068,1.49,16000,1,b376eccbb79efc5807be16509338a2cd3933845be48c2d4e0d08a5817341b5a8,augmentation of SS-HOR-0628,CC-BY-4.0
SS-HOR-0628-A2,augmented/vehicle_horn/SS-HOR-0628-A2.wav,Vehicle Horn,SS-HOR-0628,train,augmented,distance,2859298641,1.49,16000,1,b1d490e8b4494b987bcf59c560f7f076c473d8ee5ac902a3fe09045ab4c6c5b2,augmentation of SS-HOR-0628,CC-BY-4.0
SS-HOR-0629-A1,augmented/vehicle_horn/SS-HOR-0629-A1.wav,Vehicle Horn,SS-HOR-0629,train,augmented,shift,3814123205,0.817,16000,1,94b535da87b9ce2fe9e90eabc5f702b4b57175fa7ec313f4ff2bf7edb75c9fd8,augmentation of SS-HOR-0629,CC-BY-4.0
SS-HOR-0629-A2,augmented/vehicle_horn/SS-HOR-0629-A2.wav,Vehicle Horn,SS-HOR-0629,train,augmented,reverb,1931232868,0.817,16000,1,0fc7e7199f4e22668056d21f2899b983d0a3dfcf2cee96cddc9ab670f158cf7b,augmentation of SS-HOR-0629,CC-BY-4.0
SS-HOR-0630-A1,augmented/vehicle_horn/SS-HOR-0630-A1.wav,Vehicle Horn,SS-HOR-0630,train,augmented,distance,1040114793,0.538,16000,1,3ef6d61e7929331362be8c0f241167a929b5cc54f796e8359c1638758b091fb9,augmentation of SS-HOR-0630,CC-BY-4.0
SS-HOR-0630-A2,augmented/vehicle_horn/SS-HOR-0630-A2.wav,Vehicle Horn,SS-HOR-0630,train,augmented,volume,53721527,0.538,16000,1,8e2f9c3eb899b5d3863535c5e43028b950290d06c5316244ecc37c3a6343c4fd,augmentation of SS-HOR-0630,CC-BY-4.0
SS-HOR-0632-A1,augmented/vehicle_horn/SS-HOR-0632-A1.wav,Vehicle Horn,SS-HOR-0632,train,augmented,shift,3804826429,1.74,16000,1,85542125ec5a694d95fbf08de5691dbb31cc5fd866a2262b7172654f3e5e9b04,augmentation of SS-HOR-0632,CC-BY-4.0
SS-HOR-0632-A2,augmented/vehicle_horn/SS-HOR-0632-A2.wav,Vehicle Horn,SS-HOR-0632,train,augmented,shift,2339471653,1.74,16000,1,526f7aad3008d48dbf7b0103b122677f45651b923bc31d7dd32bf2a993adb4e8,augmentation of SS-HOR-0632,CC-BY-4.0
SS-HOR-0633-A1,augmented/vehicle_horn/SS-HOR-0633-A1.wav,Vehicle Horn,SS-HOR-0633,train,augmented,device,1324516224,1.44,16000,1,cd651a5375d13f8f13d01fddb0a1642fe94fe6434ee94f1a5c67a2de12917fb7,augmentation of SS-HOR-0633,CC-BY-4.0
SS-HOR-0633-A2,augmented/vehicle_horn/SS-HOR-0633-A2.wav,Vehicle Horn,SS-HOR-0633,train,augmented,device,1392850272,1.44,16000,1,ee6d89a189ac47291d11bcb3315667727321523e5bc062aa9d6add4eff1624c5,augmentation of SS-HOR-0633,CC-BY-4.0
SS-HOR-0636-A1,augmented/vehicle_horn/SS-HOR-0636-A1.wav,Vehicle Horn,SS-HOR-0636,train,augmented,stretch,3020040006,0.756,16000,1,9225db4d17676cc424a3964bf6525676535d0c5e8ee3e08daa8f875ad361e3dc,augmentation of SS-HOR-0636,CC-BY-4.0
SS-HOR-0636-A2,augmented/vehicle_horn/SS-HOR-0636-A2.wav,Vehicle Horn,SS-HOR-0636,train,augmented,noise,3985262986,0.69,16000,1,2be3a44c66afa4bfaa724ad73a7f8e8336368aac4d7fae83d9ea9981af8bf54c,augmentation of SS-HOR-0636,CC-BY-4.0
SS-HOR-0637-A1,augmented/vehicle_horn/SS-HOR-0637-A1.wav,Vehicle Horn,SS-HOR-0637,train,augmented,shift,2369682485,0.548,16000,1,f5b9b2f009ea8f6417d9a318a2dbcdc314b60d64727b1dcd622b6b1ef34d110b,augmentation of SS-HOR-0637,CC-BY-4.0
SS-HOR-0637-A2,augmented/vehicle_horn/SS-HOR-0637-A2.wav,Vehicle Horn,SS-HOR-0637,train,augmented,pitch,604950507,0.548,16000,1,c6157ef7d77ee7c32ac322c6b7b973e03229a3aa05a66ed9f9b24877c8ad1f7c,augmentation of SS-HOR-0637,CC-BY-4.0
SS-HOR-0640-A1,augmented/vehicle_horn/SS-HOR-0640-A1.wav,Vehicle Horn,SS-HOR-0640,train,augmented,volume,1356198863,1.125,16000,1,07b693bacb8a41d18c70b1acd232bebbc610c3ccb679223966ceb75a13492b2f,augmentation of SS-HOR-0640,CC-BY-4.0
SS-HOR-0640-A2,augmented/vehicle_horn/SS-HOR-0640-A2.wav,Vehicle Horn,SS-HOR-0640,train,augmented,pitch,1127044603,1.125,16000,1,0971052f7bad1c43eb76031242511341f55307b5232994f2d85006802adcbe54,augmentation of SS-HOR-0640,CC-BY-4.0
SS-HOR-0641-A1,augmented/vehicle_horn/SS-HOR-0641-A1.wav,Vehicle Horn,SS-HOR-0641,train,augmented,noise,1675033498,1.12,16000,1,26b3965f02b787a7735117d760098c77d838079e8d8393db334cf192e45fa229,augmentation of SS-HOR-0641,CC-BY-4.0
SS-HOR-0641-A2,augmented/vehicle_horn/SS-HOR-0641-A2.wav,Vehicle Horn,SS-HOR-0641,train,augmented,volume,671877863,1.12,16000,1,a222a213d94f0f81441b043c75a119a89f1d879e13853bd90a509e79da18d9d6,augmentation of SS-HOR-0641,CC-BY-4.0
SS-HOR-0644-A1,augmented/vehicle_horn/SS-HOR-0644-A1.wav,Vehicle Horn,SS-HOR-0644,train,augmented,noise,4146011818,0.549,16000,1,a5001e24634bf6206e271d138f23d10297a5602d21d1be3ec11aa35e8a4fcebd,augmentation of SS-HOR-0644,CC-BY-4.0
SS-HOR-0644-A2,augmented/vehicle_horn/SS-HOR-0644-A2.wav,Vehicle Horn,SS-HOR-0644,train,augmented,pitch,303810043,0.549,16000,1,55700b43c546c21cd2b5252f7d08f909c844bba6e33c37368d8611bbcbfd4c5d,augmentation of SS-HOR-0644,CC-BY-4.0
SS-HOR-0645-A1,augmented/vehicle_horn/SS-HOR-0645-A1.wav,Vehicle Horn,SS-HOR-0645,train,augmented,volume,2596640071,0.796,16000,1,b7df208e122242942f16516cf10490ede76414822e2490ffd26498210667e476,augmentation of SS-HOR-0645,CC-BY-4.0
SS-HOR-0645-A2,augmented/vehicle_horn/SS-HOR-0645-A2.wav,Vehicle Horn,SS-HOR-0645,train,augmented,pitch,3051414435,0.796,16000,1,3d0a9cdadbb0eec22631cb24f77da4c0be55198898c9a383d283829271a9b178,augmentation of SS-HOR-0645,CC-BY-4.0
SS-HOR-0647-A1,augmented/vehicle_horn/SS-HOR-0647-A1.wav,Vehicle Horn,SS-HOR-0647,train,augmented,shift,3424726821,2.045,16000,1,c823ba292f6ee3805d8dbc1d2df363999c297efb5ebe2627930eef24a34fcd5a,augmentation of SS-HOR-0647,CC-BY-4.0
SS-HOR-0647-A2,augmented/vehicle_horn/SS-HOR-0647-A2.wav,Vehicle Horn,SS-HOR-0647,train,augmented,device,1053917040,2.045,16000,1,73b0d374450458df4677442d45852cbddc9fde11157e1f3c90f97558e048be9b,augmentation of SS-HOR-0647,CC-BY-4.0
SS-HOR-0650-A1,augmented/vehicle_horn/SS-HOR-0650-A1.wav,Vehicle Horn,SS-HOR-0650,train,augmented,volume,3195481943,0.53,16000,1,c0176c8e176da746e77f9c31a4eb6da17a764e8bdb05bd33411026500eeb754c,augmentation of SS-HOR-0650,CC-BY-4.0
SS-HOR-0650-A2,augmented/vehicle_horn/SS-HOR-0650-A2.wav,Vehicle Horn,SS-HOR-0650,train,augmented,volume,2532710343,0.53,16000,1,168a7863f3fecc115bb6cf402dff1338e929b8bf49ae86561bbcddac1b34ccf4,augmentation of SS-HOR-0650,CC-BY-4.0
SS-HOR-0652-A1,augmented/vehicle_horn/SS-HOR-0652-A1.wav,Vehicle Horn,SS-HOR-0652,train,augmented,stretch,3185281606,0.745,16000,1,c1b17274270436287c44d0e647327ba62380ce842bd25bf807d4e619f2c11633,augmentation of SS-HOR-0652,CC-BY-4.0
SS-HOR-0652-A2,augmented/vehicle_horn/SS-HOR-0652-A2.wav,Vehicle Horn,SS-HOR-0652,train,augmented,shift,1669652053,0.756,16000,1,60eb6003adaa7551d085c8bb9aa3f1f1516fc296aadd5dd75f2c93841cd0889b,augmentation of SS-HOR-0652,CC-BY-4.0
SS-HOR-0656-A1,augmented/vehicle_horn/SS-HOR-0656-A1.wav,Vehicle Horn,SS-HOR-0656,train,augmented,device,1432550000,0.715,16000,1,7e2b023f42ddd774f20147fac8f9b0418a8e36185559f59115b125df0383d87e,augmentation of SS-HOR-0656,CC-BY-4.0
SS-HOR-0656-A2,augmented/vehicle_horn/SS-HOR-0656-A2.wav,Vehicle Horn,SS-HOR-0656,train,augmented,volume,1815030983,0.715,16000,1,eae0dece8bf5549ef6ada1161ede6164e758721f9a08656769fc3a8d69922207,augmentation of SS-HOR-0656,CC-BY-4.0
SS-HOR-0658-A1,augmented/vehicle_horn/SS-HOR-0658-A1.wav,Vehicle Horn,SS-HOR-0658,train,augmented,stretch,2514010758,2.464,16000,1,30faa2fbc26a4d4e810c71993648f73e3aa98b6ec66c1ee5fad165e8203a26ff,augmentation of SS-HOR-0658,CC-BY-4.0
SS-HOR-0658-A2,augmented/vehicle_horn/SS-HOR-0658-A2.wav,Vehicle Horn,SS-HOR-0658,train,augmented,distance,3077428593,2.15,16000,1,3980e14573eee20d91785d775daf4d27b2a0221b6f1aaf4c37ae8390565db83d,augmentation of SS-HOR-0658,CC-BY-4.0
SS-HOR-0671-A1,augmented/vehicle_horn/SS-HOR-0671-A1.wav,Vehicle Horn,SS-HOR-0671,train,augmented,device,379786072,1.34,16000,1,4928e07c5bea67996d9c4d71b18991895acf1caa20d10fd80fbb1d49e0dcc07b,augmentation of SS-HOR-0671,CC-BY-4.0
SS-HOR-0671-A2,augmented/vehicle_horn/SS-HOR-0671-A2.wav,Vehicle Horn,SS-HOR-0671,train,augmented,device,2709617160,1.34,16000,1,64cd79e1671bb8df969e01399d41c2baf4fd97311b036ae734201b24d781ae50,augmentation of SS-HOR-0671,CC-BY-4.0
SS-HOR-0672-A1,augmented/vehicle_horn/SS-HOR-0672-A1.wav,Vehicle Horn,SS-HOR-0672,train,augmented,distance,2910547153,0.87,16000,1,d5e1321b0e8859c6d572ba87c82df5b3b9c688d4e5b2405339c76fbea7b1fcdb,augmentation of SS-HOR-0672,CC-BY-4.0
SS-HOR-0672-A2,augmented/vehicle_horn/SS-HOR-0672-A2.wav,Vehicle Horn,SS-HOR-0672,train,augmented,pitch,2705757547,0.87,16000,1,6fc39e6b7623e086b06ef4e98872fe0afdba2fbb79d935170465139332323fb3,augmentation of SS-HOR-0672,CC-BY-4.0
SS-HOR-0673-A1,augmented/vehicle_horn/SS-HOR-0673-A1.wav,Vehicle Horn,SS-HOR-0673,train,augmented,volume,2512031607,1.16,16000,1,319c71311f2f155ee8f3fd39b483b4367181b6deb11582864e5dbadabc4af171,augmentation of SS-HOR-0673,CC-BY-4.0
SS-HOR-0673-A2,augmented/vehicle_horn/SS-HOR-0673-A2.wav,Vehicle Horn,SS-HOR-0673,train,augmented,shift,854623141,1.16,16000,1,1ab8ecbf931871b03af8033341f8eeacd42fa456697c07a28710c6b1c285dd8c,augmentation of SS-HOR-0673,CC-BY-4.0
SS-HOR-0674-A1,augmented/vehicle_horn/SS-HOR-0674-A1.wav,Vehicle Horn,SS-HOR-0674,train,augmented,noise,3028665090,2.69,16000,1,541a944175d3ca5cc04e10c7f3254ee1f19389265e9a71b10de5ca9c47a79778,augmentation of SS-HOR-0674,CC-BY-4.0
SS-HOR-0674-A2,augmented/vehicle_horn/SS-HOR-0674-A2.wav,Vehicle Horn,SS-HOR-0674,train,augmented,volume,416805887,2.69,16000,1,89a3effc481d390e7c6724045b716057a03f19195a53acb7702a165da33ec70c,augmentation of SS-HOR-0674,CC-BY-4.0
SS-HOR-0675-A1,augmented/vehicle_horn/SS-HOR-0675-A1.wav,Vehicle Horn,SS-HOR-0675,train,augmented,reverb,3783942412,1.09,16000,1,f56c962e53e280fe33ce3408dc479d6147168d4010159821999dbbbb4d34c95f,augmentation of SS-HOR-0675,CC-BY-4.0
SS-HOR-0675-A2,augmented/vehicle_horn/SS-HOR-0675-A2.wav,Vehicle Horn,SS-HOR-0675,train,augmented,stretch,3841595838,1.12,16000,1,a156575f79e5a82e39d207d15990ead27ecc0420e95fd2df8f59cb69549a19ae,augmentation of SS-HOR-0675,CC-BY-4.0
SS-HOR-0676-A1,augmented/vehicle_horn/SS-HOR-0676-A1.wav,Vehicle Horn,SS-HOR-0676,train,augmented,shift,2034570013,1.67,16000,1,d26b8e5fa2e1ec87d710268c6aebe189db1b58e0be303919d7f8ff0cbca1c2f8,augmentation of SS-HOR-0676,CC-BY-4.0
SS-HOR-0676-A2,augmented/vehicle_horn/SS-HOR-0676-A2.wav,Vehicle Horn,SS-HOR-0676,train,augmented,device,3341724928,1.67,16000,1,5c328cb9c903182ad8fdeb213e934844caf35f52c336e6c4782b5f7bec7b46b8,augmentation of SS-HOR-0676,CC-BY-4.0
SS-HOR-0677-A1,augmented/vehicle_horn/SS-HOR-0677-A1.wav,Vehicle Horn,SS-HOR-0677,train,augmented,volume,1946196199,0.66,16000,1,3a4cdcd166198dde6d25951ddfd204ee8dc41faf596fc3a5db585633bcdae693,augmentation of SS-HOR-0677,CC-BY-4.0
SS-HOR-0677-A2,augmented/vehicle_horn/SS-HOR-0677-A2.wav,Vehicle Horn,SS-HOR-0677,train,augmented,reverb,1343874948,0.66,16000,1,68a893f2fe11a75f4da857430179c4ac2da306136be65e457316ea9f7ba59a0d,augmentation of SS-HOR-0677,CC-BY-4.0
SS-HOR-0678-A1,augmented/vehicle_horn/SS-HOR-0678-A1.wav,Vehicle Horn,SS-HOR-0678,train,augmented,shift,1174014965,1.416,16000,1,18065c83ba8ce7e0f97be5056b49812b86676b4630a5f3040c4b15c6ef29efb9,augmentation of SS-HOR-0678,CC-BY-4.0
SS-HOR-0678-A2,augmented/vehicle_horn/SS-HOR-0678-A2.wav,Vehicle Horn,SS-HOR-0678,train,augmented,noise,3881075186,1.416,16000,1,9ed19395dae4cf9f3179daf00d0f102be7e3dcb97e10350701946523c3465548,augmentation of SS-HOR-0678,CC-BY-4.0
SS-HOR-0679-A1,augmented/vehicle_horn/SS-HOR-0679-A1.wav,Vehicle Horn,SS-HOR-0679,train,augmented,noise,890084818,0.99,16000,1,70edb20a717b8cf7bfea229239523604bc3e7f307bbdd334ef103b7ebf90b28e,augmentation of SS-HOR-0679,CC-BY-4.0
SS-HOR-0679-A2,augmented/vehicle_horn/SS-HOR-0679-A2.wav,Vehicle Horn,SS-HOR-0679,train,augmented,noise,801056594,0.99,16000,1,57058785ee437baa9bb9768a0443b5563397e402e21d0b1582a1a0d6d1e5fc09,augmentation of SS-HOR-0679,CC-BY-4.0
SS-HOR-0680-A1,augmented/vehicle_horn/SS-HOR-0680-A1.wav,Vehicle Horn,SS-HOR-0680,train,augmented,reverb,3732711492,2.548,16000,1,7e9cae2587cdcf9294c716f547aa76acfc8d28f3258a6b3b51b25e106dabc3a0,augmentation of SS-HOR-0680,CC-BY-4.0
SS-HOR-0680-A2,augmented/vehicle_horn/SS-HOR-0680-A2.wav,Vehicle Horn,SS-HOR-0680,train,augmented,volume,249771127,2.548,16000,1,b5eb262f822300223251effb208116bb8fe4bea6452f433faf30a4b58cd1a198,augmentation of SS-HOR-0680,CC-BY-4.0
SS-HOR-0681-A1,augmented/vehicle_horn/SS-HOR-0681-A1.wav,Vehicle Horn,SS-HOR-0681,train,augmented,pitch,2808805003,2.69,16000,1,3dd2e527a9f4d53c1002bfa2243d6a81a0c8451adaac52875321c2b4416e567c,augmentation of SS-HOR-0681,CC-BY-4.0
SS-HOR-0681-A2,augmented/vehicle_horn/SS-HOR-0681-A2.wav,Vehicle Horn,SS-HOR-0681,train,augmented,volume,2215985319,2.69,16000,1,34d0923528f921d2a7b2bf2e6ea64487898497765a26c7d362f03908bf4319a7,augmentation of SS-HOR-0681,CC-BY-4.0
SS-HOR-0682-A1,augmented/vehicle_horn/SS-HOR-0682-A1.wav,Vehicle Horn,SS-HOR-0682,train,augmented,device,1998686128,3.82,16000,1,d757eed7c21a5c58c2ccb92e063ba62c2fcc766ad96e15f88ff8f5c1492f8848,augmentation of SS-HOR-0682,CC-BY-4.0
SS-HOR-0682-A2,augmented/vehicle_horn/SS-HOR-0682-A2.wav,Vehicle Horn,SS-HOR-0682,train,augmented,stretch,694300910,3.582,16000,1,fe7848221b870160a4d58de8e8d90ede37ff1cb895bab037f137d04c7a67fc06,augmentation of SS-HOR-0682,CC-BY-4.0
SS-HOR-0683-A1,augmented/vehicle_horn/SS-HOR-0683-A1.wav,Vehicle Horn,SS-HOR-0683,train,augmented,device,2685678432,1.416,16000,1,ad4051dcb8b2e668ede83a0021a79a4a5cb4475785379378b4ce71230c833306,augmentation of SS-HOR-0683,CC-BY-4.0
SS-HOR-0683-A2,augmented/vehicle_horn/SS-HOR-0683-A2.wav,Vehicle Horn,SS-HOR-0683,train,augmented,noise,1177997394,1.416,16000,1,ba30e14aa8aefda131fb01312ff90454d6fde3e5132b4051d8986b00bb91066d,augmentation of SS-HOR-0683,CC-BY-4.0
SS-HOR-0684-A1,augmented/vehicle_horn/SS-HOR-0684-A1.wav,Vehicle Horn,SS-HOR-0684,train,augmented,shift,3936994053,2.97,16000,1,0d456c8ad4182eeb4c983af35412326fdf7b3309da534bcb0de38731045901dc,augmentation of SS-HOR-0684,CC-BY-4.0
SS-HOR-0684-A2,augmented/vehicle_horn/SS-HOR-0684-A2.wav,Vehicle Horn,SS-HOR-0684,train,augmented,device,616869264,2.97,16000,1,07fe84e0811741854998c43801130db45f9ea7672e3ce1c0643c3c4a977e50c2,augmentation of SS-HOR-0684,CC-BY-4.0
SS-HOR-0685-A1,augmented/vehicle_horn/SS-HOR-0685-A1.wav,Vehicle Horn,SS-HOR-0685,train,augmented,distance,2507145801,1.27,16000,1,40c13805a7ffc3a797b11b80db01fce6134665486b949532beb52ce4b907eb65,augmentation of SS-HOR-0685,CC-BY-4.0
SS-HOR-0685-A2,augmented/vehicle_horn/SS-HOR-0685-A2.wav,Vehicle Horn,SS-HOR-0685,train,augmented,volume,3420859559,1.27,16000,1,719132765415f5ab6bad5fe84333cffee7790a2edd7901e2889961b8f2b159e3,augmentation of SS-HOR-0685,CC-BY-4.0
SS-HOR-0686-A1,augmented/vehicle_horn/SS-HOR-0686-A1.wav,Vehicle Horn,SS-HOR-0686,train,augmented,stretch,2706046222,0.567,16000,1,2acb8858a2f121dc1530523c30ec8f4e79b37f50946b18509637eb454976c0b8,augmentation of SS-HOR-0686,CC-BY-4.0
SS-HOR-0686-A2,augmented/vehicle_horn/SS-HOR-0686-A2.wav,Vehicle Horn,SS-HOR-0686,train,augmented,reverb,391165748,0.63,16000,1,878db0535c9f38531aee8f18df946f08d51991af46fd0c6f1a60c290de98db21,augmentation of SS-HOR-0686,CC-BY-4.0
SS-HOR-0687-A1,augmented/vehicle_horn/SS-HOR-0687-A1.wav,Vehicle Horn,SS-HOR-0687,train,augmented,noise,277448658,1.286,16000,1,367a1c35e1fd8928a35ddc80da9e2ca204893c257cfd21cd8e68f9288d71285f,augmentation of SS-HOR-0687,CC-BY-4.0
SS-HOR-0687-A2,augmented/vehicle_horn/SS-HOR-0687-A2.wav,Vehicle Horn,SS-HOR-0687,train,augmented,shift,3876140581,1.286,16000,1,9f1e40d6b0071c9e3646dd51558bc643831cf45be9ee493a343d16e388da7581,augmentation of SS-HOR-0687,CC-BY-4.0
SS-HOR-0688-A1,augmented/vehicle_horn/SS-HOR-0688-A1.wav,Vehicle Horn,SS-HOR-0688,train,augmented,volume,714388631,4.0,16000,1,8d42d30bef68b305fa70af0651b9e37c6fa5d8d390e9f5e538dfec0ed0b40ff1,augmentation of SS-HOR-0688,CC-BY-4.0
SS-HOR-0688-A2,augmented/vehicle_horn/SS-HOR-0688-A2.wav,Vehicle Horn,SS-HOR-0688,train,augmented,device,2401432712,4.0,16000,1,0b9712aa93ab5f4f708561ead84c3b8aa722fce3d5714aaafb7700a49e5851ef,augmentation of SS-HOR-0688,CC-BY-4.0
SS-HOR-0689-A1,augmented/vehicle_horn/SS-HOR-0689-A1.wav,Vehicle Horn,SS-HOR-0689,train,augmented,pitch,1334245539,3.49,16000,1,8483dc47212ae4b445b8c30c878651f53cf53acb9bd2b42ef85174bd3a59cb1b,augmentation of SS-HOR-0689,CC-BY-4.0
SS-HOR-0689-A2,augmented/vehicle_horn/SS-HOR-0689-A2.wav,Vehicle Horn,SS-HOR-0689,train,augmented,pitch,849197227,3.49,16000,1,69a33eb68f67c61272c38a40e5a348f249b3295a7ace7123e0fd53e1ea56886d,augmentation of SS-HOR-0689,CC-BY-4.0
SS-HOR-0690-A1,augmented/vehicle_horn/SS-HOR-0690-A1.wav,Vehicle Horn,SS-HOR-0690,train,augmented,distance,689623105,4.0,16000,1,dac317bdac2c651e3d7b59f886acf6622c1b49855fe94f3b2a575e26010d955b,augmentation of SS-HOR-0690,CC-BY-4.0
SS-HOR-0690-A2,augmented/vehicle_horn/SS-HOR-0690-A2.wav,Vehicle Horn,SS-HOR-0690,train,augmented,stretch,2254179934,4.111,16000,1,33780c49bbf10577100239f02e3adffaf1fc0173cee5395700fdd9af85d02f9b,augmentation of SS-HOR-0690,CC-BY-4.0
SS-HOR-0691-A1,augmented/vehicle_horn/SS-HOR-0691-A1.wav,Vehicle Horn,SS-HOR-0691,train,augmented,distance,778161353,2.618,16000,1,7c99c9a036e2bd9d28826778808105c9e5d2948b22e24477340b7048ca7cb827,augmentation of SS-HOR-0691,CC-BY-4.0
SS-HOR-0691-A2,augmented/vehicle_horn/SS-HOR-0691-A2.wav,Vehicle Horn,SS-HOR-0691,train,augmented,reverb,2753324876,2.618,16000,1,3ebf0051912b61caf48f5680d8ee2bbfda44b86ef635643baf6f872a16f0f2e4,augmentation of SS-HOR-0691,CC-BY-4.0
SS-HOR-0692-A1,augmented/vehicle_horn/SS-HOR-0692-A1.wav,Vehicle Horn,SS-HOR-0692,train,augmented,distance,4069765809,1.699,16000,1,34d5dab8ca0e4f98be6baf31d768bc062e2d377aba9a2426b2f94155000c21be,augmentation of SS-HOR-0692,CC-BY-4.0
SS-HOR-0692-A2,augmented/vehicle_horn/SS-HOR-0692-A2.wav,Vehicle Horn,SS-HOR-0692,train,augmented,shift,3902279373,1.699,16000,1,a1585603eaaa9a21be49e14620631d4de412cf39262d41e8bbcdcacd9a1f9072,augmentation of SS-HOR-0692,CC-BY-4.0
SS-HOR-0693-A1,augmented/vehicle_horn/SS-HOR-0693-A1.wav,Vehicle Horn,SS-HOR-0693,train,augmented,noise,2068921370,1.038,16000,1,64c75f9fcf670efa784ccf099aeef70c27c98b35a04a0ca08619700116d53fa4,augmentation of SS-HOR-0693,CC-BY-4.0
SS-HOR-0693-A2,augmented/vehicle_horn/SS-HOR-0693-A2.wav,Vehicle Horn,SS-HOR-0693,train,augmented,distance,1258551633,1.038,16000,1,86b936b262c3f608d2966c4081665f0f97487091abaecad17b127e907acb0953,augmentation of SS-HOR-0693,CC-BY-4.0
SS-HOR-0694-A1,augmented/vehicle_horn/SS-HOR-0694-A1.wav,Vehicle Horn,SS-HOR-0694,train,augmented,noise,2149015970,4.0,16000,1,985ccc9663e9f606388cffac3e35ff33abe1d4d8759fd5c4dc0e5908acb50493,augmentation of SS-HOR-0694,CC-BY-4.0
SS-HOR-0694-A2,augmented/vehicle_horn/SS-HOR-0694-A2.wav,Vehicle Horn,SS-HOR-0694,train,augmented,volume,1271746983,4.0,16000,1,0ed42ab5d269eece14153b54c0257e280377455c564895c380d728654bd864af,augmentation of SS-HOR-0694,CC-BY-4.0
SS-HOR-0695-A1,augmented/vehicle_horn/SS-HOR-0695-A1.wav,Vehicle Horn,SS-HOR-0695,train,augmented,stretch,1836772118,3.904,16000,1,670404201195f53bdd170b0820f1d31a06e97f549d5232a19f7d6bffc151fd38,augmentation of SS-HOR-0695,CC-BY-4.0
SS-HOR-0695-A2,augmented/vehicle_horn/SS-HOR-0695-A2.wav,Vehicle Horn,SS-HOR-0695,train,augmented,stretch,1973915318,3.56,16000,1,965a0584070f771252b71626c698fde25f34642c615060c601b82d6c7b3aa893,augmentation of SS-HOR-0695,CC-BY-4.0
SS-HOR-0696-A1,augmented/vehicle_horn/SS-HOR-0696-A1.wav,Vehicle Horn,SS-HOR-0696,train,augmented,stretch,197224174,3.971,16000,1,f4cb1d0af3f4b67d7a9aa338e3a1fadcc0fe7de0ee5255c4e27532b9a8a47437,augmentation of SS-HOR-0696,CC-BY-4.0
SS-HOR-0696-A2,augmented/vehicle_horn/SS-HOR-0696-A2.wav,Vehicle Horn,SS-HOR-0696,train,augmented,shift,311947789,4.0,16000,1,cfb2641c6a2f4ceb2a6690483a74a8cc13e81d2915676ded99791802346af480,augmentation of SS-HOR-0696,CC-BY-4.0
SS-HOR-0697-A1,augmented/vehicle_horn/SS-HOR-0697-A1.wav,Vehicle Horn,SS-HOR-0697,train,augmented,distance,3344930113,4.0,16000,1,10860067b447b8cf79a358689968d3b38a5b72236c3c49ebbaa7b9c168d2cd4d,augmentation of SS-HOR-0697,CC-BY-4.0
SS-HOR-0697-A2,augmented/vehicle_horn/SS-HOR-0697-A2.wav,Vehicle Horn,SS-HOR-0697,train,augmented,volume,426327087,4.0,16000,1,48256670f29317456e2ee86af75f107b08a7f0d93adbb4a136b71f252420063f,augmentation of SS-HOR-0697,CC-BY-4.0
SS-HOR-0698-A1,augmented/vehicle_horn/SS-HOR-0698-A1.wav,Vehicle Horn,SS-HOR-0698,train,augmented,volume,3077068775,4.0,16000,1,6bcfad54bd532c569dde24de3560f7767f12ce073e2d72bfb8a740536532cc8e,augmentation of SS-HOR-0698,CC-BY-4.0
SS-HOR-0698-A2,augmented/vehicle_horn/SS-HOR-0698-A2.wav,Vehicle Horn,SS-HOR-0698,train,augmented,pitch,3753128203,4.0,16000,1,a32683a5096b47409142072f3954cfab96aeb500ff5aead4aaec4b1a36870b4f,augmentation of SS-HOR-0698,CC-BY-4.0
SS-HOR-0699-A1,augmented/vehicle_horn/SS-HOR-0699-A1.wav,Vehicle Horn,SS-HOR-0699,train,augmented,device,3950974352,4.0,16000,1,7c73baf63569305070d0136a57f7f915360f7a6b69ea5c18efc153e1ac2e90c4,augmentation of SS-HOR-0699,CC-BY-4.0
SS-HOR-0699-A2,augmented/vehicle_horn/SS-HOR-0699-A2.wav,Vehicle Horn,SS-HOR-0699,train,augmented,distance,2060629321,4.0,16000,1,474abc5a8db5c7b298626482b482e011fe3a1600a96b9a6820995fd3a0ee6d34,augmentation of SS-HOR-0699,CC-BY-4.0
SS-HOR-0700-A1,augmented/vehicle_horn/SS-HOR-0700-A1.wav,Vehicle Horn,SS-HOR-0700,train,augmented,distance,2118462017,4.0,16000,1,59c9470267cd017fff57f80a8de68578e7161067f27d76890214d755b8107161,augmentation of SS-HOR-0700,CC-BY-4.0
SS-HOR-0700-A2,augmented/vehicle_horn/SS-HOR-0700-A2.wav,Vehicle Horn,SS-HOR-0700,train,augmented,stretch,2191096926,4.118,16000,1,7331c94d084cd6de1b54b0d88207ed2fd50b8b17a9c386b1d5bb9d186d276183,augmentation of SS-HOR-0700,CC-BY-4.0
SS-HOR-0701-A1,augmented/vehicle_horn/SS-HOR-0701-A1.wav,Vehicle Horn,SS-HOR-0701,train,augmented,stretch,3271733718,4.424,16000,1,66799f042903b65e0aa4248a1c742850627623ea850612904df37145629b39cd,augmentation of SS-HOR-0701,CC-BY-4.0
SS-HOR-0701-A2,augmented/vehicle_horn/SS-HOR-0701-A2.wav,Vehicle Horn,SS-HOR-0701,train,augmented,distance,2873526465,4.0,16000,1,c4756283a972722ed002c6839d6dec3bc428bf80e491a23641e9cd14c51c656b,augmentation of SS-HOR-0701,CC-BY-4.0
SS-HOR-0702-A1,augmented/vehicle_horn/SS-HOR-0702-A1.wav,Vehicle Horn,SS-HOR-0702,train,augmented,noise,4067103114,4.0,16000,1,692768ac3b2d57fbdf497256af04299e77edf14bfd8734b79a8838ca2541855c,augmentation of SS-HOR-0702,CC-BY-4.0
SS-HOR-0702-A2,augmented/vehicle_horn/SS-HOR-0702-A2.wav,Vehicle Horn,SS-HOR-0702,train,augmented,volume,641079743,4.0,16000,1,2a4895f3e164e168128ce75b06be26c544cac7192369e10d3c62ca3a72c96469,augmentation of SS-HOR-0702,CC-BY-4.0
SS-HOR-0703-A1,augmented/vehicle_horn/SS-HOR-0703-A1.wav,Vehicle Horn,SS-HOR-0703,train,augmented,reverb,2807357348,4.0,16000,1,cdcaea41bc5a5c9deac5ad4fd5917f3a41a18810cbece5878ba585bb91b1b16e,augmentation of SS-HOR-0703,CC-BY-4.0
SS-HOR-0703-A2,augmented/vehicle_horn/SS-HOR-0703-A2.wav,Vehicle Horn,SS-HOR-0703,train,augmented,stretch,790328766,4.251,16000,1,19b8bcd918423357ca3548245c01183c65f4ef15f950ee555766ab171b8282e6,augmentation of SS-HOR-0703,CC-BY-4.0
SS-HOR-0704-A1,augmented/vehicle_horn/SS-HOR-0704-A1.wav,Vehicle Horn,SS-HOR-0704,train,augmented,volume,4124111327,4.0,16000,1,ce20533d66106b34e95bc77d0b8647504a32ea1c664a3b7138125fcd715065e2,augmentation of SS-HOR-0704,CC-BY-4.0
SS-HOR-0704-A2,augmented/vehicle_horn/SS-HOR-0704-A2.wav,Vehicle Horn,SS-HOR-0704,train,augmented,volume,2411766575,4.0,16000,1,9932edd14604aacd9631d161403b71244ff6fe56a3d1e85218c3a8e7229bd18f,augmentation of SS-HOR-0704,CC-BY-4.0
SS-HOR-0705-A1,augmented/vehicle_horn/SS-HOR-0705-A1.wav,Vehicle Horn,SS-HOR-0705,train,augmented,volume,1902452583,4.0,16000,1,4af250c6b3e244ad1e5ca5f4a84df6499a4b1fee9dcb7dc64409a776a70b2211,augmentation of SS-HOR-0705,CC-BY-4.0
SS-HOR-0705-A2,augmented/vehicle_horn/SS-HOR-0705-A2.wav,Vehicle Horn,SS-HOR-0705,train,augmented,shift,3906502493,4.0,16000,1,b7c18abca69a8f251a239a3798dac27a245eca286879a55645db57ebb9c46e73,augmentation of SS-HOR-0705,CC-BY-4.0
SS-HOR-0706-A1,augmented/vehicle_horn/SS-HOR-0706-A1.wav,Vehicle Horn,SS-HOR-0706,train,augmented,pitch,3591877275,4.0,16000,1,1c02d2263d0f3b1c4c8aa0f3f81980e9f5d5ac87277f825ccd9372968cf9d781,augmentation of SS-HOR-0706,CC-BY-4.0
SS-HOR-0706-A2,augmented/vehicle_horn/SS-HOR-0706-A2.wav,Vehicle Horn,SS-HOR-0706,train,augmented,stretch,3331605798,3.581,16000,1,660643d15b5dabb68e3dd386b446e1bae0d5882463013af0a8621a44faa58af1,augmentation of SS-HOR-0706,CC-BY-4.0
SS-HOR-0707-A1,augmented/vehicle_horn/SS-HOR-0707-A1.wav,Vehicle Horn,SS-HOR-0707,train,augmented,stretch,259977438,3.813,16000,1,17ddecd890703010c0061d46583047deb0d17430cb23847789b347a5c8a3b4ca,augmentation of SS-HOR-0707,CC-BY-4.0
SS-HOR-0707-A2,augmented/vehicle_horn/SS-HOR-0707-A2.wav,Vehicle Horn,SS-HOR-0707,train,augmented,shift,1857642621,4.0,16000,1,cc6002a5a298573079766c48b5ddd8e388b6217153588f4f76cfde719a5af587,augmentation of SS-HOR-0707,CC-BY-4.0
SS-HOR-0708-A1,augmented/vehicle_horn/SS-HOR-0708-A1.wav,Vehicle Horn,SS-HOR-0708,train,augmented,volume,3490546775,4.0,16000,1,7233956fcd59072b936c0647a6b3169bc6c297e97b6ab0431d4e1049ca9365b3,augmentation of SS-HOR-0708,CC-BY-4.0
SS-HOR-0708-A2,augmented/vehicle_horn/SS-HOR-0708-A2.wav,Vehicle Horn,SS-HOR-0708,train,augmented,noise,2645066194,4.0,16000,1,f709f647127534384ad1d50eb4fb14fc1c4522f72ea06b1cda42d4f28124adb9,augmentation of SS-HOR-0708,CC-BY-4.0
SS-HOR-0709-A1,augmented/vehicle_horn/SS-HOR-0709-A1.wav,Vehicle Horn,SS-HOR-0709,train,augmented,distance,2999098729,4.0,16000,1,26d98d6e3420ab97dd230d35bd1ab98e912d2632a4e9ec81e4ca3bd760401333,augmentation of SS-HOR-0709,CC-BY-4.0
SS-HOR-0709-A2,augmented/vehicle_horn/SS-HOR-0709-A2.wav,Vehicle Horn,SS-HOR-0709,train,augmented,volume,2349991039,4.0,16000,1,496c99c536dd53ce0e59aa2fb680db0285d6e695375f5f1409ea9d373f9b4b71,augmentation of SS-HOR-0709,CC-BY-4.0
SS-HOR-0710-A1,augmented/vehicle_horn/SS-HOR-0710-A1.wav,Vehicle Horn,SS-HOR-0710,train,augmented,reverb,1707117668,4.0,16000,1,607dc938479aa9932676602e5db0f6cfce6cbf9365b7627e06fe1df8f5f0948c,augmentation of SS-HOR-0710,CC-BY-4.0
SS-HOR-0710-A2,augmented/vehicle_horn/SS-HOR-0710-A2.wav,Vehicle Horn,SS-HOR-0710,train,augmented,volume,3196800999,4.0,16000,1,4734aa8b032ff8aeb7c6ca2efd31b66180cca7ec9774d1336dd18190c237ab58,augmentation of SS-HOR-0710,CC-BY-4.0
SS-HOR-0711-A1,augmented/vehicle_horn/SS-HOR-0711-A1.wav,Vehicle Horn,SS-HOR-0711,train,augmented,distance,1617774009,4.0,16000,1,e94e38f2dfa241233cb10ccb6679783940e40f81a5bbb4074d75bcdf7131cbc3,augmentation of SS-HOR-0711,CC-BY-4.0
SS-HOR-0711-A2,augmented/vehicle_horn/SS-HOR-0711-A2.wav,Vehicle Horn,SS-HOR-0711,train,augmented,stretch,3698912766,4.594,16000,1,413c83c18c00c753ff42fdea09a93d65fdb5e5a26d7d83c74360dbf126480a91,augmentation of SS-HOR-0711,CC-BY-4.0
SS-HOR-0712-A1,augmented/vehicle_horn/SS-HOR-0712-A1.wav,Vehicle Horn,SS-HOR-0712,train,augmented,distance,1677579353,4.0,16000,1,5a6076a0d76680d5972001c54b0e87ba9ba4cb9878fbfbec82a2b3c1b8c2ee73,augmentation of SS-HOR-0712,CC-BY-4.0
SS-HOR-0712-A2,augmented/vehicle_horn/SS-HOR-0712-A2.wav,Vehicle Horn,SS-HOR-0712,train,augmented,pitch,1492003763,4.0,16000,1,1a8c9a00fb4a6417ad9b655eb261a9d517796e255df5fbfdbe295045d7815503,augmentation of SS-HOR-0712,CC-BY-4.0
SS-HOR-0713-A1,augmented/vehicle_horn/SS-HOR-0713-A1.wav,Vehicle Horn,SS-HOR-0713,train,augmented,distance,4028562689,1.336,16000,1,3362fe25379f466ab174a22bb210c00f6b1cb91db52cf588d82779c6623ff2be,augmentation of SS-HOR-0713,CC-BY-4.0
SS-HOR-0713-A2,augmented/vehicle_horn/SS-HOR-0713-A2.wav,Vehicle Horn,SS-HOR-0713,train,augmented,distance,1788721721,1.336,16000,1,d62c21877a641e95f43d1865bbc6a1268cfcba40c04952b7f7cc6b8c163a8693,augmentation of SS-HOR-0713,CC-BY-4.0
SS-HOR-0715-A1,augmented/vehicle_horn/SS-HOR-0715-A1.wav,Vehicle Horn,SS-HOR-0715,train,augmented,distance,1974609025,4.0,16000,1,c3710e5efa2c4556ed7e97c4606c33fe37cce1429d2a53a7f4d5e24379f20f82,augmentation of SS-HOR-0715,CC-BY-4.0
SS-HOR-0715-A2,augmented/vehicle_horn/SS-HOR-0715-A2.wav,Vehicle Horn,SS-HOR-0715,train,augmented,stretch,3410981974,3.972,16000,1,2b63b9e2548a5420ebb6d064469c4b31b06d54e977e08396a81024b8a344abd9,augmentation of SS-HOR-0715,CC-BY-4.0
SS-HOR-0716-A1,augmented/vehicle_horn/SS-HOR-0716-A1.wav,Vehicle Horn,SS-HOR-0716,train,augmented,volume,2785314295,4.0,16000,1,96ac1ee30f2a0df11f59118a12007aa91efe2f592f257ea50fd750314645fd3c,augmentation of SS-HOR-0716,CC-BY-4.0
SS-HOR-0716-A2,augmented/vehicle_horn/SS-HOR-0716-A2.wav,Vehicle Horn,SS-HOR-0716,train,augmented,reverb,1475660260,4.0,16000,1,413f80bad64e647fe27f34045c67de741c308bfd950f3c446d9eaddebddda1f9,augmentation of SS-HOR-0716,CC-BY-4.0
SS-HOR-0717-A1,augmented/vehicle_horn/SS-HOR-0717-A1.wav,Vehicle Horn,SS-HOR-0717,train,augmented,noise,3751713274,4.0,16000,1,33b59746265cc4c7b24da994a9805a25efaa006db058f06db1a43f0288252474,augmentation of SS-HOR-0717,CC-BY-4.0
SS-HOR-0717-A2,augmented/vehicle_horn/SS-HOR-0717-A2.wav,Vehicle Horn,SS-HOR-0717,train,augmented,reverb,1605161244,4.0,16000,1,a0040483296285dd5ac557adee1471b9cd93f1a557e2a1bcf9a698dfd9a48b4d,augmentation of SS-HOR-0717,CC-BY-4.0
SS-HOR-0718-A1,augmented/vehicle_horn/SS-HOR-0718-A1.wav,Vehicle Horn,SS-HOR-0718,train,augmented,shift,2961331213,4.0,16000,1,08422598314951c0da68332513b4f990312f83d95cc8e5c92667d67dff989d26,augmentation of SS-HOR-0718,CC-BY-4.0
SS-HOR-0718-A2,augmented/vehicle_horn/SS-HOR-0718-A2.wav,Vehicle Horn,SS-HOR-0718,train,augmented,noise,1004085434,4.0,16000,1,18f712445aadbf125c16ec059db09fdcfeca442d31d1c28ee7601b4ceaaf37d6,augmentation of SS-HOR-0718,CC-BY-4.0
SS-HOR-0719-A1,augmented/vehicle_horn/SS-HOR-0719-A1.wav,Vehicle Horn,SS-HOR-0719,train,augmented,volume,3612347663,4.0,16000,1,de10030a6de6ac64728f7e20508a94fde3e77c7c6dec7d8fc4a23b7551e61fd8,augmentation of SS-HOR-0719,CC-BY-4.0
SS-HOR-0719-A2,augmented/vehicle_horn/SS-HOR-0719-A2.wav,Vehicle Horn,SS-HOR-0719,train,augmented,distance,1540527297,4.0,16000,1,f0bb84f2f11a2753d6d386f2ea18a33168e934daf86bc7070b0da216f7829d45,augmentation of SS-HOR-0719,CC-BY-4.0
SS-HOR-0720-A1,augmented/vehicle_horn/SS-HOR-0720-A1.wav,Vehicle Horn,SS-HOR-0720,train,augmented,device,41876320,4.0,16000,1,74e6c0fbac30c7df797d6146f8b405ee19d21d1aba5f435a60f3f4e5f1c767fc,augmentation of SS-HOR-0720,CC-BY-4.0
SS-HOR-0720-A2,augmented/vehicle_horn/SS-HOR-0720-A2.wav,Vehicle Horn,SS-HOR-0720,train,augmented,volume,3959515039,4.0,16000,1,7f29d29927e35c2cc4c02f91483225498e2295bffe9fdf2d0be78042a240ecd9,augmentation of SS-HOR-0720,CC-BY-4.0
SS-MAC-0001-A1,augmented/machinery_fault/SS-MAC-0001-A1.wav,Machinery Fault,SS-MAC-0001,train,augmented,noise,3347828522,22.677,16000,1,c40cbcd95d0c3a53d187cdd83f023cf1a3a1f7b0150d1196c00c5e0229e505d6,augmentation of SS-MAC-0001,CC0-1.0
SS-MAC-0001-A2,augmented/machinery_fault/SS-MAC-0001-A2.wav,Machinery Fault,SS-MAC-0001,train,augmented,reverb,2382811644,22.677,16000,1,8999ceb30fe22cd732aeeb439e7445279fc4b5640af9bc7cc7614b000ac2db22,augmentation of SS-MAC-0001,CC0-1.0
SS-MAC-0003-A1,augmented/machinery_fault/SS-MAC-0003-A1.wav,Machinery Fault,SS-MAC-0003,train,augmented,distance,2367129457,16.476,16000,1,a50554ed5a95aa62b8ff2d3bc3d92e2a48f71094152706592afa48c34ad4bb4d,augmentation of SS-MAC-0003,CC0-1.0
SS-MAC-0003-A2,augmented/machinery_fault/SS-MAC-0003-A2.wav,Machinery Fault,SS-MAC-0003,train,augmented,noise,239878986,16.476,16000,1,ca676ab104ff063c494eed4c80f2753d740e61fef5383f826ac42192bd930fe5,augmentation of SS-MAC-0003,CC0-1.0
SS-MAC-0006-A1,augmented/machinery_fault/SS-MAC-0006-A1.wav,Machinery Fault,SS-MAC-0006,train,augmented,reverb,3201555548,13.24,16000,1,93a1a211332207584df61494596b5f8890b43d4ebadcdd5865145aab95bee145,augmentation of SS-MAC-0006,CC0-1.0
SS-MAC-0006-A2,augmented/machinery_fault/SS-MAC-0006-A2.wav,Machinery Fault,SS-MAC-0006,train,augmented,distance,4216872913,13.24,16000,1,d4f261682cd939099c1ece0f4ec71c7b5faf1d665150f4a9009190650996239d,augmentation of SS-MAC-0006,CC0-1.0
SS-MAC-0008-A1,augmented/machinery_fault/SS-MAC-0008-A1.wav,Machinery Fault,SS-MAC-0008,train,augmented,stretch,156441974,25.116,16000,1,29813210b62c76519e02b72ded2d00452c8a4548bde273870fefa7d54c4c032d,augmentation of SS-MAC-0008,CC0-1.0
SS-MAC-0008-A2,augmented/machinery_fault/SS-MAC-0008-A2.wav,Machinery Fault,SS-MAC-0008,train,augmented,shift,2909798909,27.881,16000,1,5c57dcfbda985b27248ac7eae61afbd474898584a835aa48da3f487da984a636,augmentation of SS-MAC-0008,CC0-1.0
SS-MAC-0009-A1,augmented/machinery_fault/SS-MAC-0009-A1.wav,Machinery Fault,SS-MAC-0009,train,augmented,stretch,2995987446,9.872,16000,1,5c89202fcefd3b7eacff82110a4e5f82dd1913b601bb220cae3bf180dd679703,augmentation of SS-MAC-0009,CC0-1.0
SS-MAC-0009-A2,augmented/machinery_fault/SS-MAC-0009-A2.wav,Machinery Fault,SS-MAC-0009,train,augmented,volume,3788505015,10.511,16000,1,cdbf24099853afc0d42749a0bdd10519966934641f071b3c912788114111ba17,augmentation of SS-MAC-0009,CC0-1.0
SS-MAC-0010-A1,augmented/machinery_fault/SS-MAC-0010-A1.wav,Machinery Fault,SS-MAC-0010,train,augmented,device,3847605192,11.153,16000,1,dbb68753def95f611c3b9a0c177afc3fc4d0e16ac71644ee4dcdc2c4f40c3797,augmentation of SS-MAC-0010,CC-BY-3.0
SS-MAC-0010-A2,augmented/machinery_fault/SS-MAC-0010-A2.wav,Machinery Fault,SS-MAC-0010,train,augmented,noise,1849556130,11.153,16000,1,91a7135c69254774a694576fa81e15e14a6388e0f775fffd382378d7bdc4942c,augmentation of SS-MAC-0010,CC-BY-3.0
SS-MAC-0011-A1,augmented/machinery_fault/SS-MAC-0011-A1.wav,Machinery Fault,SS-MAC-0011,train,augmented,shift,3015553421,0.528,16000,1,49ed3726a7915d0baac400f51839a43c121f8a92e3d418dc5c28930bbba9c5cd,augmentation of SS-MAC-0011,CC-BY-3.0
SS-MAC-0011-A2,augmented/machinery_fault/SS-MAC-0011-A2.wav,Machinery Fault,SS-MAC-0011,train,augmented,distance,2357011849,0.528,16000,1,82b937ca7437d02f043db5f90d26adaab3dcb30a078a45e3807c9740a779e057,augmentation of SS-MAC-0011,CC-BY-3.0
SS-MAC-0012-A1,augmented/machinery_fault/SS-MAC-0012-A1.wav,Machinery Fault,SS-MAC-0012,train,augmented,distance,1188001625,17.842,16000,1,0a019f468a8690bc4a7add87f193d1426e860e6286ae41dc9e729080e8444803,augmentation of SS-MAC-0012,CC-BY-3.0
SS-MAC-0012-A2,augmented/machinery_fault/SS-MAC-0012-A2.wav,Machinery Fault,SS-MAC-0012,train,augmented,pitch,4108534651,17.842,16000,1,20b1890d8da1e586679276397317379e598baa66600d5805ff047213d5025dd6,augmentation of SS-MAC-0012,CC-BY-3.0
SS-MAC-0013-A1,augmented/machinery_fault/SS-MAC-0013-A1.wav,Machinery Fault,SS-MAC-0013,train,augmented,volume,3556691927,4.265,16000,1,6a5a3bb1ffd26099f840279f8a66255db8062f4c95fcdbe5114db1403d4cb51a,augmentation of SS-MAC-0013,CC0-1.0
SS-MAC-0013-A2,augmented/machinery_fault/SS-MAC-0013-A2.wav,Machinery Fault,SS-MAC-0013,train,augmented,reverb,3587318004,4.265,16000,1,3a81b6f6b296d93b53742214eece405cfbe6adac2345f88d6af34bc19e0c221e,augmentation of SS-MAC-0013,CC0-1.0
SS-MAC-0014-A1,augmented/machinery_fault/SS-MAC-0014-A1.wav,Machinery Fault,SS-MAC-0014,train,augmented,device,2867954232,18.492,16000,1,4e258ef6af5c7a6d6ac7dd7beab0d3a70f203d5af1a7b7176b2a20d74ee56e74,augmentation of SS-MAC-0014,CC-BY-3.0
SS-MAC-0014-A2,augmented/machinery_fault/SS-MAC-0014-A2.wav,Machinery Fault,SS-MAC-0014,train,augmented,stretch,1421793582,18.815,16000,1,2b012ee58d0f1adb45f0d73a1e902ea4872d69bf1fc65b0a57b51a8fc2b1fada,augmentation of SS-MAC-0014,CC-BY-3.0
SS-MAC-0015-A1,augmented/machinery_fault/SS-MAC-0015-A1.wav,Machinery Fault,SS-MAC-0015,train,augmented,device,53087808,23.535,16000,1,445382b93fb1ae2efea00700d84c8a33074db5c4d7b07670b71642c2f212fccd,augmentation of SS-MAC-0015,CC-BY-3.0
SS-MAC-0015-A2,augmented/machinery_fault/SS-MAC-0015-A2.wav,Machinery Fault,SS-MAC-0015,train,augmented,device,837146280,23.535,16000,1,61350d715dd25a04889d107bedf9901219d1e9236241eb15e05e189a0765211c,augmentation of SS-MAC-0015,CC-BY-3.0
SS-MAC-0018-A1,augmented/machinery_fault/SS-MAC-0018-A1.wav,Machinery Fault,SS-MAC-0018,train,augmented,pitch,1949133939,6.469,16000,1,d744718cd6ca58bf64028ee0809837e3fab41ecedfcdb18dd6debafc057ec326,augmentation of SS-MAC-0018,CC-BY-3.0
SS-MAC-0018-A2,augmented/machinery_fault/SS-MAC-0018-A2.wav,Machinery Fault,SS-MAC-0018,train,augmented,shift,1274084237,6.469,16000,1,3e7b1327107e71bc2fdd32f118626b5b590e141d44c0f1a39a22d95937aa4b39,augmentation of SS-MAC-0018,CC-BY-3.0
SS-MAC-0020-A1,augmented/machinery_fault/SS-MAC-0020-A1.wav,Machinery Fault,SS-MAC-0020,train,augmented,shift,3248325221,1.217,16000,1,4f64a30549e0c83516110b04dd715db52db880961bff04646dfbf7afda7b7ad8,augmentation of SS-MAC-0020,CC0-1.0
SS-MAC-0020-A2,augmented/machinery_fault/SS-MAC-0020-A2.wav,Machinery Fault,SS-MAC-0020,train,augmented,distance,3921449833,1.217,16000,1,00ec5392f1141780285a195279627b5d8b3b2251b3e17c3011df5b48011a7b7c,augmentation of SS-MAC-0020,CC0-1.0
SS-MAC-0022-A1,augmented/machinery_fault/SS-MAC-0022-A1.wav,Machinery Fault,SS-MAC-0022,train,augmented,device,2733068560,8.751,16000,1,25692729bab10f65cfa0c578065f348f534a773f90bc6848a2bb8da78cfc7714,augmentation of SS-MAC-0022,CC-BY-3.0
SS-MAC-0022-A2,augmented/machinery_fault/SS-MAC-0022-A2.wav,Machinery Fault,SS-MAC-0022,train,augmented,distance,2394801329,8.751,16000,1,7130dce89c9ec70f9243276512b6b53d4f3be25e274e0657d8cd8b8fea6c95f0,augmentation of SS-MAC-0022,CC-BY-3.0
SS-MAC-0023-A1,augmented/machinery_fault/SS-MAC-0023-A1.wav,Machinery Fault,SS-MAC-0023,train,augmented,device,3709408032,18.879,16000,1,762e8eb483cf7a1814c0cab1dc2e51c005dff3eebe082b88ea56af2adecef5fe,augmentation of SS-MAC-0023,CC0-1.0
SS-MAC-0023-A2,augmented/machinery_fault/SS-MAC-0023-A2.wav,Machinery Fault,SS-MAC-0023,train,augmented,volume,3264631855,18.879,16000,1,b3c22e2658024a220085cd9e620e851dd3ebf05f836382426b89794ea3f8f7bf,augmentation of SS-MAC-0023,CC0-1.0
SS-MAC-0024-A1,augmented/machinery_fault/SS-MAC-0024-A1.wav,Machinery Fault,SS-MAC-0024,train,augmented,noise,2682783698,4.911,16000,1,1e56db010e474b1c6542c1a828cd8544a5f8b95a00bc22562d17626eac597258,augmentation of SS-MAC-0024,CC-BY-3.0
SS-MAC-0024-A2,augmented/machinery_fault/SS-MAC-0024-A2.wav,Machinery Fault,SS-MAC-0024,train,augmented,shift,1085074309,4.911,16000,1,9a944085cd86f32952a981665bdb3ceceb0d6d7e429e46d484974de79811bcc3,augmentation of SS-MAC-0024,CC-BY-3.0
SS-MAC-0028-A1,augmented/machinery_fault/SS-MAC-0028-A1.wav,Machinery Fault,SS-MAC-0028,train,augmented,device,2366003776,1.593,16000,1,88d7e417c4ef111f8765c60a52bffd2b06f6fe49529ed56f139bc3884c1be1d6,augmentation of SS-MAC-0028,CC0-1.0
SS-MAC-0028-A2,augmented/machinery_fault/SS-MAC-0028-A2.wav,Machinery Fault,SS-MAC-0028,train,augmented,distance,1362445833,1.593,16000,1,5504bb58e097c8c9805a22db5774bc957f9a841a37f7005390d305623cb0f468,augmentation of SS-MAC-0028,CC0-1.0
SS-MAC-0029-A1,augmented/machinery_fault/SS-MAC-0029-A1.wav,Machinery Fault,SS-MAC-0029,train,augmented,volume,591522503,29.325,16000,1,406d8fc1408aba4a34a0ee54306053339f9fdbae49235ea2dcb8e34f1287c89b,augmentation of SS-MAC-0029,CC-BY-3.0
SS-MAC-0029-A2,augmented/machinery_fault/SS-MAC-0029-A2.wav,Machinery Fault,SS-MAC-0029,train,augmented,noise,2598591978,29.325,16000,1,ca0ae48e1fc86fd13847a3ef648690905336518bde408d532adb7fc96c2faa9b,augmentation of SS-MAC-0029,CC-BY-3.0
SS-MAC-0030-A1,augmented/machinery_fault/SS-MAC-0030-A1.wav,Machinery Fault,SS-MAC-0030,train,augmented,noise,3041817098,16.222,16000,1,916ef3bee74831da6d58c8696a797a2b49d9ebf83343fdd60947ea6cb3d6637b,augmentation of SS-MAC-0030,CC-BY-3.0
SS-MAC-0030-A2,augmented/machinery_fault/SS-MAC-0030-A2.wav,Machinery Fault,SS-MAC-0030,train,augmented,device,626960176,16.222,16000,1,50d37c94321fb902860fb0c25f06f9dd17b8db53f3d056acc5c3b0a3ddccb35c,augmentation of SS-MAC-0030,CC-BY-3.0
SS-MAC-0031-A1,augmented/machinery_fault/SS-MAC-0031-A1.wav,Machinery Fault,SS-MAC-0031,train,augmented,stretch,3595504662,6.77,16000,1,6c91d1a836b245bfda59ea934b2ffbbf007908f310d1bea13a4973152a75aa25,augmentation of SS-MAC-0031,CC-BY-3.0
SS-MAC-0031-A2,augmented/machinery_fault/SS-MAC-0031-A2.wav,Machinery Fault,SS-MAC-0031,train,augmented,reverb,1965070812,6.441,16000,1,cc3cc68956275a0149d59681c493af90b4f029b703ef17cc5f4223591cc360fc,augmentation of SS-MAC-0031,CC-BY-3.0
SS-MAC-0032-A1,augmented/machinery_fault/SS-MAC-0032-A1.wav,Machinery Fault,SS-MAC-0032,train,augmented,reverb,3192971684,20.365,16000,1,d2a096db0532b13036643611ab36ef03b9d8bbdb57b4573dcff814826688c88e,augmentation of SS-MAC-0032,CC0-1.0
SS-MAC-0032-A2,augmented/machinery_fault/SS-MAC-0032-A2.wav,Machinery Fault,SS-MAC-0032,train,augmented,reverb,647738612,20.365,16000,1,24e1e2c5ccaa6a1e09590e77c94da3f3c35038cdcb8b9bee438531338f618985,augmentation of SS-MAC-0032,CC0-1.0
SS-MAC-0033-A1,augmented/machinery_fault/SS-MAC-0033-A1.wav,Machinery Fault,SS-MAC-0033,train,augmented,reverb,459722836,10.998,16000,1,23384956c457ab51f80ccb2c00429e4fc794a7e007ba2d9ca734607b240d904b,augmentation of SS-MAC-0033,CC-BY-3.0
SS-MAC-0033-A2,augmented/machinery_fault/SS-MAC-0033-A2.wav,Machinery Fault,SS-MAC-0033,train,augmented,distance,3923234113,10.998,16000,1,54105e8a1623913f91e891c604378b4b3381cf6b031b04cd85a6b8324d7d1be5,augmentation of SS-MAC-0033,CC-BY-3.0
SS-MAC-0034-A1,augmented/machinery_fault/SS-MAC-0034-A1.wav,Machinery Fault,SS-MAC-0034,train,augmented,noise,59347570,18.404,16000,1,8fee44b136772123f086bf23a2f7a61fc53218cefa806f04e427ff964c6ef989,augmentation of SS-MAC-0034,CC0-1.0
SS-MAC-0034-A2,augmented/machinery_fault/SS-MAC-0034-A2.wav,Machinery Fault,SS-MAC-0034,train,augmented,volume,2856540039,18.404,16000,1,55da036b89a1b0105968040a84bfdaf8c4b65afb33ea7c781427450c456f7d0a,augmentation of SS-MAC-0034,CC0-1.0
SS-MAC-0035-A1,augmented/machinery_fault/SS-MAC-0035-A1.wav,Machinery Fault,SS-MAC-0035,train,augmented,shift,3571721677,1.695,16000,1,5216bb0e5aaa1bce957641720f848a0ce4e61c41dff6e056b7c050d8c07e6dda,augmentation of SS-MAC-0035,CC-BY-3.0
SS-MAC-0035-A2,augmented/machinery_fault/SS-MAC-0035-A2.wav,Machinery Fault,SS-MAC-0035,train,augmented,device,1515321200,1.695,16000,1,181ae0265b9af412ff6d940cfb7c21e03cc18fabcc64c491ba25af01f563027c,augmentation of SS-MAC-0035,CC-BY-3.0
SS-MAC-0036-A1,augmented/machinery_fault/SS-MAC-0036-A1.wav,Machinery Fault,SS-MAC-0036,train,augmented,device,4156040144,8.0,16000,1,8dae436b953f3dc6b1bd6fd8c7b90d1122bc2b30485916eac4cf6913efaa89aa,augmentation of SS-MAC-0036,CC0-1.0
SS-MAC-0036-A2,augmented/machinery_fault/SS-MAC-0036-A2.wav,Machinery Fault,SS-MAC-0036,train,augmented,shift,1328915413,8.0,16000,1,f247d9a201bd0ff6400f20e12ce6f2c1f2269681ea6e45385322d0d58988a39b,augmentation of SS-MAC-0036,CC0-1.0
SS-MAC-0037-A1,augmented/machinery_fault/SS-MAC-0037-A1.wav,Machinery Fault,SS-MAC-0037,train,augmented,stretch,3284863942,23.574,16000,1,42858f720034570fedd01da013e9e0bbcc5db70638a45b902bd659c095d517ed,augmentation of SS-MAC-0037,CC-BY-3.0
SS-MAC-0037-A2,augmented/machinery_fault/SS-MAC-0037-A2.wav,Machinery Fault,SS-MAC-0037,train,augmented,volume,3649169615,22.338,16000,1,9cb91d0ad9f37b898ee47a1b3ab386b67dd98c2ccfd380033d9e7c34d36b6661,augmentation of SS-MAC-0037,CC-BY-3.0
SS-MAC-0040-A1,augmented/machinery_fault/SS-MAC-0040-A1.wav,Machinery Fault,SS-MAC-0040,train,augmented,distance,4053311273,6.067,16000,1,36d4fc8a997aef1c866c61843a70b0d06c84db2df2c993a1f93084723c20631c,augmentation of SS-MAC-0040,CC0-1.0
SS-MAC-0040-A2,augmented/machinery_fault/SS-MAC-0040-A2.wav,Machinery Fault,SS-MAC-0040,train,augmented,pitch,2154022379,6.067,16000,1,dd91479f8dd09fe28c11e0a176f89ab6ebdb760d88bdbb48b3cc94a472827e5e,augmentation of SS-MAC-0040,CC0-1.0
SS-MAC-0042-A1,augmented/machinery_fault/SS-MAC-0042-A1.wav,Machinery Fault,SS-MAC-0042,train,augmented,device,1970448552,27.0,16000,1,c39427c8f3b299baa53dfcaa0bee00562b87b16d84d04ec7ecc91ca74c5aedfd,augmentation of SS-MAC-0042,CC0-1.0
SS-MAC-0042-A2,augmented/machinery_fault/SS-MAC-0042-A2.wav,Machinery Fault,SS-MAC-0042,train,augmented,reverb,334646284,27.0,16000,1,a9e784ab6dd6374fc870b48e413f3161b22b531c90f0524371a3eccd7bc6af65,augmentation of SS-MAC-0042,CC0-1.0
SS-MAC-0045-A1,augmented/machinery_fault/SS-MAC-0045-A1.wav,Machinery Fault,SS-MAC-0045,train,augmented,stretch,2751964326,4.87,16000,1,b4571bd36a0336b5846c0b7ed5731738be153834a8202034c134d1403a37daaa,augmentation of SS-MAC-0045,Sampling+-1.0
SS-MAC-0045-A2,augmented/machinery_fault/SS-MAC-0045-A2.wav,Machinery Fault,SS-MAC-0045,train,augmented,noise,1277750402,5.273,16000,1,154614d9bf4311a303fb6d152f78ad2665d8640cb13b1c433e7a0fb1e3d371ad,augmentation of SS-MAC-0045,Sampling+-1.0
SS-MAC-0046-A1,augmented/machinery_fault/SS-MAC-0046-A1.wav,Machinery Fault,SS-MAC-0046,train,augmented,device,564166224,13.05,16000,1,0374ebf24c818a9e3f156b6ac98c191f3b107cc9aa0d7f46ac79aeee77cbbec7,augmentation of SS-MAC-0046,CC-BY-3.0
SS-MAC-0046-A2,augmented/machinery_fault/SS-MAC-0046-A2.wav,Machinery Fault,SS-MAC-0046,train,augmented,volume,3682206319,13.05,16000,1,d89ca80f010f0a6a60205d2aae729e36aac77b8af102b1935d9a6aef68351da3,augmentation of SS-MAC-0046,CC-BY-3.0
SS-MAC-0048-A1,augmented/machinery_fault/SS-MAC-0048-A1.wav,Machinery Fault,SS-MAC-0048,train,augmented,distance,1002724785,10.397,16000,1,2297462812b3fa9796c8d4a467c919bd12fc73ab3260a15833d57c00b7077a1b,augmentation of SS-MAC-0048,CC0-1.0
SS-MAC-0048-A2,augmented/machinery_fault/SS-MAC-0048-A2.wav,Machinery Fault,SS-MAC-0048,train,augmented,shift,1751068221,10.397,16000,1,6b61f2f18bc4d42192f7216c3ee066c6a360a52410820e4cea109b0bf722ad0f,augmentation of SS-MAC-0048,CC0-1.0
SS-MAC-0050-A1,augmented/machinery_fault/SS-MAC-0050-A1.wav,Machinery Fault,SS-MAC-0050,train,augmented,reverb,2574645620,21.354,16000,1,87ad27be3dce62536762ea5dacb55377c1c75b7e5fa03849cd069444cb8c8503,augmentation of SS-MAC-0050,CC-BY-3.0
SS-MAC-0050-A2,augmented/machinery_fault/SS-MAC-0050-A2.wav,Machinery Fault,SS-MAC-0050,train,augmented,volume,1843034559,21.354,16000,1,954bf3eeca3dce528bb13d8c20f2673ba755c9f164863e5ab392cc3dd0ea77e1,augmentation of SS-MAC-0050,CC-BY-3.0
SS-MAC-0051-A1,augmented/machinery_fault/SS-MAC-0051-A1.wav,Machinery Fault,SS-MAC-0051,train,augmented,device,2213275912,4.875,16000,1,2aef3827cd2c8933d196338e94cd93bff637b1cfc9c2a904d00254e47d1390a8,augmentation of SS-MAC-0051,CC0-1.0
SS-MAC-0051-A2,augmented/machinery_fault/SS-MAC-0051-A2.wav,Machinery Fault,SS-MAC-0051,train,augmented,distance,3709513385,4.875,16000,1,5a3de1e658c0c6b7425c2c75a1573b72fe508e26e74b7628e76863054200b3f2,augmentation of SS-MAC-0051,CC0-1.0
SS-MAC-0052-A1,augmented/machinery_fault/SS-MAC-0052-A1.wav,Machinery Fault,SS-MAC-0052,train,augmented,shift,2632463661,7.571,16000,1,ecfb4490c021e62f33bb317e34d1613956c1c02d08a59ba60ecd7fa37949a3c9,augmentation of SS-MAC-0052,CC-BY-3.0
SS-MAC-0052-A2,augmented/machinery_fault/SS-MAC-0052-A2.wav,Machinery Fault,SS-MAC-0052,train,augmented,stretch,99167478,6.635,16000,1,ef26b6d58753dedf149a9e94e891b1fc5cb2dbf86c2ec5ffbdae9dc4c2249b5b,augmentation of SS-MAC-0052,CC-BY-3.0
SS-MAC-0054-A1,augmented/machinery_fault/SS-MAC-0054-A1.wav,Machinery Fault,SS-MAC-0054,train,augmented,device,2568912480,12.136,16000,1,4d487cf15069518d7e4e67752b6e8d89fa6142d88ced9b20bbc2718e77c4b0c8,augmentation of SS-MAC-0054,CC0-1.0
SS-MAC-0054-A2,augmented/machinery_fault/SS-MAC-0054-A2.wav,Machinery Fault,SS-MAC-0054,train,augmented,device,2075416672,12.136,16000,1,4dfb4988451510c602c6960552fefa54b45d2b66b15afd9febb499814fa6906d,augmentation of SS-MAC-0054,CC0-1.0
SS-MAC-0056-A1,augmented/machinery_fault/SS-MAC-0056-A1.wav,Machinery Fault,SS-MAC-0056,train,augmented,stretch,4223373070,23.337,16000,1,b067b755a5699582b99629d980d927106cf19eb6301e5a550e54a58b65292853,augmentation of SS-MAC-0056,CC-BY-3.0
SS-MAC-0056-A2,augmented/machinery_fault/SS-MAC-0056-A2.wav,Machinery Fault,SS-MAC-0056,train,augmented,reverb,773930564,23.315,16000,1,70df51ee0400ef85149a00bc2a8019104c2ddaf35580182e909595e4c69d3d1f,augmentation of SS-MAC-0056,CC-BY-3.0
SS-MAC-0058-A1,augmented/machinery_fault/SS-MAC-0058-A1.wav,Machinery Fault,SS-MAC-0058,train,augmented,noise,2547212682,7.7,16000,1,64ca11be9cb9278259023be50ff650363b854e6254de123ac61b968e859d5a78,augmentation of SS-MAC-0058,CC0-1.0
SS-MAC-0058-A2,augmented/machinery_fault/SS-MAC-0058-A2.wav,Machinery Fault,SS-MAC-0058,train,augmented,stretch,2492042222,8.256,16000,1,ed6a9c3770fc42a6b19a409193fdae014f389e7d510d7d836154248fcefac526,augmentation of SS-MAC-0058,CC0-1.0
SS-MAC-0059-A1,augmented/machinery_fault/SS-MAC-0059-A1.wav,Machinery Fault,SS-MAC-0059,train,augmented,stretch,3808935758,7.583,16000,1,6847791a0ce085f31b0804639e340530628392bae5d75f9f5a7ff34634e9c071,augmentation of SS-MAC-0059,CC0-1.0
SS-MAC-0059-A2,augmented/machinery_fault/SS-MAC-0059-A2.wav,Machinery Fault,SS-MAC-0059,train,augmented,device,2941725960,6.5,16000,1,bd2d41ff7b98115bac860586344963c8632d4b52f51c0bd00ec8c9bf8017afde,augmentation of SS-MAC-0059,CC0-1.0
SS-MAC-0060-A1,augmented/machinery_fault/SS-MAC-0060-A1.wav,Machinery Fault,SS-MAC-0060,train,augmented,reverb,1842696380,16.15,16000,1,edc4bbb928a328c8028ebd8f8f2020ae2f7af2ff0ef0e3b671b97f37775005ae,augmentation of SS-MAC-0060,CC-BY-3.0
SS-MAC-0060-A2,augmented/machinery_fault/SS-MAC-0060-A2.wav,Machinery Fault,SS-MAC-0060,train,augmented,volume,239048775,16.15,16000,1,d31d5b2c90939e1c1c2412c8eee8c2f3eead0e6b81034d934370447e3166e66c,augmentation of SS-MAC-0060,CC-BY-3.0
SS-MAC-0062-A1,augmented/machinery_fault/SS-MAC-0062-A1.wav,Machinery Fault,SS-MAC-0062,train,augmented,device,2577799240,1.324,16000,1,be7ea005af00757f02b429e1ad80585e07330e7ade83142fe695cbf7263a556a,augmentation of SS-MAC-0062,CC-BY-3.0
SS-MAC-0062-A2,augmented/machinery_fault/SS-MAC-0062-A2.wav,Machinery Fault,SS-MAC-0062,train,augmented,device,1510568864,1.324,16000,1,a92acb57f7b10976de6044639b6c711c791e1e75a4343bc839dfceffc779a3d8,augmentation of SS-MAC-0062,CC-BY-3.0
SS-MAC-0063-A1,augmented/machinery_fault/SS-MAC-0063-A1.wav,Machinery Fault,SS-MAC-0063,train,augmented,pitch,1649482083,16.07,16000,1,c34830aad2248052c3bbd41118a4b80278b5cf3c99c37633a465cd488fc205d6,augmentation of SS-MAC-0063,CC0-1.0
SS-MAC-0063-A2,augmented/machinery_fault/SS-MAC-0063-A2.wav,Machinery Fault,SS-MAC-0063,train,augmented,reverb,2871355892,16.07,16000,1,cc4ebeb89438b9d7f24e3026a48c50459539b5e287337eda13f7f97227675e14,augmentation of SS-MAC-0063,CC0-1.0
SS-MAC-0064-A1,augmented/machinery_fault/SS-MAC-0064-A1.wav,Machinery Fault,SS-MAC-0064,train,augmented,pitch,4294285195,20.1,16000,1,c78217ff01c3f905d3550cc2221901678e3c8f07b7c3ae3bfd031077fae514d4,augmentation of SS-MAC-0064,CC-BY-3.0
SS-MAC-0064-A2,augmented/machinery_fault/SS-MAC-0064-A2.wav,Machinery Fault,SS-MAC-0064,train,augmented,reverb,2714092812,20.1,16000,1,c03eeb3ed1aecdbf7f40503bd5a457e6d73ae8d3c156b653342593df2051132e,augmentation of SS-MAC-0064,CC-BY-3.0
SS-MAC-0065-A1,augmented/machinery_fault/SS-MAC-0065-A1.wav,Machinery Fault,SS-MAC-0065,train,augmented,pitch,3710440539,2.379,16000,1,e747a0b1c478579549e5fe18ff11c506ed00bcaf8945ecb5089ad0ca00bbcfe3,augmentation of SS-MAC-0065,CC-BY-3.0
SS-MAC-0065-A2,augmented/machinery_fault/SS-MAC-0065-A2.wav,Machinery Fault,SS-MAC-0065,train,augmented,shift,4211056413,2.379,16000,1,8ce301697d8739fba0666254c41c76b5394e5402b6d310b336bc5af78884fc8b,augmentation of SS-MAC-0065,CC-BY-3.0
SS-MAC-0066-A1,augmented/machinery_fault/SS-MAC-0066-A1.wav,Machinery Fault,SS-MAC-0066,train,augmented,shift,880762509,27.422,16000,1,fa022de2ce00e7f5437dfed823c71323b5fe2c3dfbdc5610b322c25f296cc6d9,augmentation of SS-MAC-0066,CC-BY-3.0
SS-MAC-0066-A2,augmented/machinery_fault/SS-MAC-0066-A2.wav,Machinery Fault,SS-MAC-0066,train,augmented,shift,2590421133,27.422,16000,1,7a23bb0fcc264e6864f4d3d830f2f573d3395268cb0ea63bb9fdcd3cdbbcee16,augmentation of SS-MAC-0066,CC-BY-3.0
SS-MAC-0067-A1,augmented/machinery_fault/SS-MAC-0067-A1.wav,Machinery Fault,SS-MAC-0067,train,augmented,volume,560893815,0.899,16000,1,674b338ca68f6251f5c19fad1244950842a9906bdb66945336688109f8036435,augmentation of SS-MAC-0067,CC0-1.0
SS-MAC-0067-A2,augmented/machinery_fault/SS-MAC-0067-A2.wav,Machinery Fault,SS-MAC-0067,train,augmented,pitch,1112152243,0.899,16000,1,c4f991e17d0e6bfe1e461e40c786e55d20a5bfb789b1573f690d81f376c0f786,augmentation of SS-MAC-0067,CC0-1.0
SS-MAC-0068-A1,augmented/machinery_fault/SS-MAC-0068-A1.wav,Machinery Fault,SS-MAC-0068,train,augmented,stretch,4127200590,3.142,16000,1,81dd9d31d1b96137429dd2d74b9cc1a739ee8ce32e9fefe38eca8f71c7dfabb4,augmentation of SS-MAC-0068,CC-BY-3.0
SS-MAC-0068-A2,augmented/machinery_fault/SS-MAC-0068-A2.wav,Machinery Fault,SS-MAC-0068,train,augmented,device,1077216160,3.462,16000,1,4fcc761c932716d1fb5c3c46dfd2f5334e26090310957b60e79bd3f9bb6836de,augmentation of SS-MAC-0068,CC-BY-3.0
SS-MAC-0070-A1,augmented/machinery_fault/SS-MAC-0070-A1.wav,Machinery Fault,SS-MAC-0070,train,augmented,stretch,2141329654,16.827,16000,1,439be2c2d9a36003ca5c2dee18e6921b9fe1871c1f3b71b0f1d04dd8e1ca852f,augmentation of SS-MAC-0070,CC-BY-3.0
SS-MAC-0070-A2,augmented/machinery_fault/SS-MAC-0070-A2.wav,Machinery Fault,SS-MAC-0070,train,augmented,distance,952801473,15.856,16000,1,7492b619473f8ae034e3cdd51af6ca901a0181a39c0370820d73265b262a74e0,augmentation of SS-MAC-0070,CC-BY-3.0
SS-MAC-0071-A1,augmented/machinery_fault/SS-MAC-0071-A1.wav,Machinery Fault,SS-MAC-0071,train,augmented,reverb,2115416836,16.633,16000,1,79ee445c677f1a9927c1bf599f2a94fac656dc3ea44f847620099d23c7a8708e,augmentation of SS-MAC-0071,CC-BY-3.0
SS-MAC-0071-A2,augmented/machinery_fault/SS-MAC-0071-A2.wav,Machinery Fault,SS-MAC-0071,train,augmented,distance,3432123761,16.633,16000,1,af2e456b1bf5d51463b9812adfb69d6ed96a7c1d519b0a28b0d0b7b45990c4ca,augmentation of SS-MAC-0071,CC-BY-3.0
SS-MAC-0072-A1,augmented/machinery_fault/SS-MAC-0072-A1.wav,Machinery Fault,SS-MAC-0072,train,augmented,distance,3899048273,9.528,16000,1,c95ccbdd9c98fce570c65f075d430d4ce753b628f75616a1a61b0934173a17e8,augmentation of SS-MAC-0072,CC0-1.0
SS-MAC-0072-A2,augmented/machinery_fault/SS-MAC-0072-A2.wav,Machinery Fault,SS-MAC-0072,train,augmented,device,665286088,9.528,16000,1,7eb489506f9d5f41685c7bf178ff596c001081a504a63e2a5ea521510733a1fc,augmentation of SS-MAC-0072,CC0-1.0
SS-MAC-0073-A1,augmented/machinery_fault/SS-MAC-0073-A1.wav,Machinery Fault,SS-MAC-0073,train,augmented,shift,1465271029,8.479,16000,1,c1cf54ae84814151498be7a03f38d780e9bf55c2b8f971bb37354e7294ca3306,augmentation of SS-MAC-0073,CC0-1.0
SS-MAC-0073-A2,augmented/machinery_fault/SS-MAC-0073-A2.wav,Machinery Fault,SS-MAC-0073,train,augmented,shift,1120740885,8.479,16000,1,0995299abca9f402a0b17e6d966b1e101d692e0beb613350a5cbc738dbf74e87,augmentation of SS-MAC-0073,CC0-1.0
SS-MAC-0074-A1,augmented/machinery_fault/SS-MAC-0074-A1.wav,Machinery Fault,SS-MAC-0074,train,augmented,volume,3386761351,14.619,16000,1,9a05d582c9c69d15a585e1bdb53f16e681974961a17f6792f70457cc5cde9dd1,augmentation of SS-MAC-0074,CC0-1.0
SS-MAC-0074-A2,augmented/machinery_fault/SS-MAC-0074-A2.wav,Machinery Fault,SS-MAC-0074,train,augmented,pitch,227962147,14.619,16000,1,6647a21bf8a22e24d46e12c92235c2e2567ae5b587cbc4421f580cc401a92636,augmentation of SS-MAC-0074,CC0-1.0
SS-MAC-0076-A1,augmented/machinery_fault/SS-MAC-0076-A1.wav,Machinery Fault,SS-MAC-0076,train,augmented,reverb,1884481188,2.168,16000,1,b4af71bd4485c6ed9593aea0cd57e955ebce34173caca0220f57441bbb0d29a5,augmentation of SS-MAC-0076,CC-BY-3.0
SS-MAC-0076-A2,augmented/machinery_fault/SS-MAC-0076-A2.wav,Machinery Fault,SS-MAC-0076,train,augmented,stretch,3983063030,2.374,16000,1,358c4da48c72dec960fe0d655637c9c83ed8ec2bb403d049aa3d7737c7819f9e,augmentation of SS-MAC-0076,CC-BY-3.0
SS-MAC-0077-A1,augmented/machinery_fault/SS-MAC-0077-A1.wav,Machinery Fault,SS-MAC-0077,train,augmented,reverb,1925481396,29.321,16000,1,16758be92d4ce2610baffe683f43f9e5a2828b9f3ca60c25b38491b391f37a43,augmentation of SS-MAC-0077,CC0-1.0
SS-MAC-0077-A2,augmented/machinery_fault/SS-MAC-0077-A2.wav,Machinery Fault,SS-MAC-0077,train,augmented,shift,47598309,29.321,16000,1,667d4aeb5c95d5bf30402636f9164d4874e241d7eb81da8fb4f0d8e11e2d882d,augmentation of SS-MAC-0077,CC0-1.0
SS-MAC-0079-A1,augmented/machinery_fault/SS-MAC-0079-A1.wav,Machinery Fault,SS-MAC-0079,train,augmented,distance,998746321,6.5,16000,1,3d02b84f046b7134f53009bee7beeb38fdd915b4fbd30231ff64b7df8e99d225,augmentation of SS-MAC-0079,CC-BY-3.0
SS-MAC-0079-A2,augmented/machinery_fault/SS-MAC-0079-A2.wav,Machinery Fault,SS-MAC-0079,train,augmented,shift,1622232109,6.5,16000,1,6e8141e6423ef61d2dfb7b713bbb38e88faec805b856e671b9fb9d1387b2897c,augmentation of SS-MAC-0079,CC-BY-3.0
SS-MAC-0081-A1,augmented/machinery_fault/SS-MAC-0081-A1.wav,Machinery Fault,SS-MAC-0081,train,augmented,shift,194484381,0.53,16000,1,6f2fc984c050d637cef4251f9c08a8e78a6001a4552464744129a66da1e04d4d,augmentation of SS-MAC-0081,CC-BY-3.0
SS-MAC-0081-A2,augmented/machinery_fault/SS-MAC-0081-A2.wav,Machinery Fault,SS-MAC-0081,train,augmented,reverb,1371213844,0.53,16000,1,8c38f074a3b8c4aeaf3be2ec5509416067d7ceea7a8f72bc14aece0656af09bf,augmentation of SS-MAC-0081,CC-BY-3.0
SS-MAC-0082-A1,augmented/machinery_fault/SS-MAC-0082-A1.wav,Machinery Fault,SS-MAC-0082,train,augmented,reverb,2581887380,29.716,16000,1,633f3c1af9563c8e902257c4c879bb59f7fedacc9ed7dee026c386be77b62ee1,augmentation of SS-MAC-0082,CC-BY-3.0
SS-MAC-0082-A2,augmented/machinery_fault/SS-MAC-0082-A2.wav,Machinery Fault,SS-MAC-0082,train,augmented,device,3618603016,29.716,16000,1,1d0964c6790ff7e1ba17b50a43a24a28fb15dcdb1a34d1f279b74b52a390cdc0,augmentation of SS-MAC-0082,CC-BY-3.0
SS-MAC-0083-A1,augmented/machinery_fault/SS-MAC-0083-A1.wav,Machinery Fault,SS-MAC-0083,train,augmented,shift,1086667341,12.019,16000,1,0b501b8bd4d9932653765268766bb14a3e65251b6b2f92f4756ce04d7862e69f,augmentation of SS-MAC-0083,CC-BY-3.0
SS-MAC-0083-A2,augmented/machinery_fault/SS-MAC-0083-A2.wav,Machinery Fault,SS-MAC-0083,train,augmented,device,2670752816,12.019,16000,1,0747d4216984546daa782e4d4c1267f01e516a157660b3fe128b0cbcb5cb5ba5,augmentation of SS-MAC-0083,CC-BY-3.0
SS-MAC-0084-A1,augmented/machinery_fault/SS-MAC-0084-A1.wav,Machinery Fault,SS-MAC-0084,train,augmented,distance,870686849,22.647,16000,1,03b50424807fbd1f2419d3ba3cd1911fd1b2b1a510bb46d5c4dfa34f873c6d05,augmentation of SS-MAC-0084,CC0-1.0
SS-MAC-0084-A2,augmented/machinery_fault/SS-MAC-0084-A2.wav,Machinery Fault,SS-MAC-0084,train,augmented,distance,1419973337,22.647,16000,1,46cc3192d0f2be7eeaa41bd6212c696b2e630f6cf149e0d4b5a4bb6c760465c3,augmentation of SS-MAC-0084,CC0-1.0
SS-MAC-0087-A1,augmented/machinery_fault/SS-MAC-0087-A1.wav,Machinery Fault,SS-MAC-0087,train,augmented,volume,2998999591,9.837,16000,1,dcddd0ca8687ec360bc1c862ecf5aaac7dbb28f59cdd94c4dd862108779b6198,augmentation of SS-MAC-0087,CC0-1.0
SS-MAC-0087-A2,augmented/machinery_fault/SS-MAC-0087-A2.wav,Machinery Fault,SS-MAC-0087,train,augmented,volume,1064984879,9.837,16000,1,f55a6bb891e24f9ef4dab478c9c4fe9931dc13f15c90bc24946c1377bd79575a,augmentation of SS-MAC-0087,CC0-1.0
SS-MAC-0088-A1,augmented/machinery_fault/SS-MAC-0088-A1.wav,Machinery Fault,SS-MAC-0088,train,augmented,device,1533139880,9.674,16000,1,aef842265689c5892a34ae21d1204748d112907c91d9538db184a995295e18b8,augmentation of SS-MAC-0088,CC0-1.0
SS-MAC-0088-A2,augmented/machinery_fault/SS-MAC-0088-A2.wav,Machinery Fault,SS-MAC-0088,train,augmented,reverb,1916251268,9.674,16000,1,a35e0121009c77ab5eefdeb9ecf8877636a05c541335e0b14d43f160bea8876c,augmentation of SS-MAC-0088,CC0-1.0
SS-MAC-0089-A1,augmented/machinery_fault/SS-MAC-0089-A1.wav,Machinery Fault,SS-MAC-0089,train,augmented,reverb,3815022836,24.371,16000,1,af518f484319c84b5090917d393514fa7da672ec0fb9fc170e98aa1e8c5b6f00,augmentation of SS-MAC-0089,CC-BY-3.0
SS-MAC-0089-A2,augmented/machinery_fault/SS-MAC-0089-A2.wav,Machinery Fault,SS-MAC-0089,train,augmented,pitch,3339585323,24.371,16000,1,5a9f07ef4e811df08ef162920625fbae569a2bd6b20adde5140ae2a7a880c78d,augmentation of SS-MAC-0089,CC-BY-3.0
SS-MAC-0091-A1,augmented/machinery_fault/SS-MAC-0091-A1.wav,Machinery Fault,SS-MAC-0091,train,augmented,pitch,304096235,16.344,16000,1,237f1f352bd2771c6f4faeb14c86c337e20893b23022427902ae33f9d1ad585c,augmentation of SS-MAC-0091,CC-BY-3.0
SS-MAC-0091-A2,augmented/machinery_fault/SS-MAC-0091-A2.wav,Machinery Fault,SS-MAC-0091,train,augmented,reverb,1045381836,16.344,16000,1,bdc812c6e9738a5ca04829a9a89f6f046240cef3f7b2a3a10efbcc447284f398,augmentation of SS-MAC-0091,CC-BY-3.0
SS-MAC-0092-A1,augmented/machinery_fault/SS-MAC-0092-A1.wav,Machinery Fault,SS-MAC-0092,train,augmented,shift,2170391773,10.031,16000,1,4981f2c3ebf8ca854495e9f48d9f31e1c0ff3747e200cdf5d5ad0a865ce94f29,augmentation of SS-MAC-0092,CC0-1.0
SS-MAC-0092-A2,augmented/machinery_fault/SS-MAC-0092-A2.wav,Machinery Fault,SS-MAC-0092,train,augmented,noise,2865741114,10.031,16000,1,951bfd419e72ca65e6978f8a3d1322d3b383f5e757d603f48d2cd960fae6ab9e,augmentation of SS-MAC-0092,CC0-1.0
SS-MAC-0093-A1,augmented/machinery_fault/SS-MAC-0093-A1.wav,Machinery Fault,SS-MAC-0093,train,augmented,pitch,3849258307,3.161,16000,1,1e23431942c97fd4a4bfbf0165b89768600faee5c8a07178eeae76ee9d2db310,augmentation of SS-MAC-0093,CC-BY-3.0
SS-MAC-0093-A2,augmented/machinery_fault/SS-MAC-0093-A2.wav,Machinery Fault,SS-MAC-0093,train,augmented,noise,2509121434,3.161,16000,1,c58af37fad0419c3562197554c3f0eacf8c455474780116e1e39495c56070173,augmentation of SS-MAC-0093,CC-BY-3.0
SS-MAC-0095-A1,augmented/machinery_fault/SS-MAC-0095-A1.wav,Machinery Fault,SS-MAC-0095,train,augmented,device,4143455592,11.586,16000,1,db68f00dd81ef38ce1c93b2cb86e511bd15924296e185e5fb99840bafd65de26,augmentation of SS-MAC-0095,CC-BY-3.0
SS-MAC-0095-A2,augmented/machinery_fault/SS-MAC-0095-A2.wav,Machinery Fault,SS-MAC-0095,train,augmented,distance,3236480297,11.586,16000,1,5560c9966c64b5cc163ed52632928c90147acb80dac3c89d3bd3c4b4b35f1c9a,augmentation of SS-MAC-0095,CC-BY-3.0
SS-MAC-0096-A1,augmented/machinery_fault/SS-MAC-0096-A1.wav,Machinery Fault,SS-MAC-0096,train,augmented,device,2597030080,16.274,16000,1,bc6bdc4d35551c63e6066c3dbbba14f8d081ed4d2b9d92cb7bd3a86c3a189861,augmentation of SS-MAC-0096,CC0-1.0
SS-MAC-0096-A2,augmented/machinery_fault/SS-MAC-0096-A2.wav,Machinery Fault,SS-MAC-0096,train,augmented,reverb,2659330124,16.274,16000,1,592906b668a155cde4de412a0a49e4bc24aa2e937d0fbbf6349bad9df6e7bf70,augmentation of SS-MAC-0096,CC0-1.0
SS-MAC-0097-A1,augmented/machinery_fault/SS-MAC-0097-A1.wav,Machinery Fault,SS-MAC-0097,train,augmented,pitch,3526450051,2.206,16000,1,4ed75684b310c3d5f2cf6549ba28da7c3002661e9784b8870041f42bdf194de9,augmentation of SS-MAC-0097,CC0-1.0
SS-MAC-0097-A2,augmented/machinery_fault/SS-MAC-0097-A2.wav,Machinery Fault,SS-MAC-0097,train,augmented,pitch,2430373627,2.206,16000,1,6374581b9cf70b2a86b93e168270276d1140fd5eafc054716d2d74306670e49f,augmentation of SS-MAC-0097,CC0-1.0
SS-MAC-0099-A1,augmented/machinery_fault/SS-MAC-0099-A1.wav,Machinery Fault,SS-MAC-0099,train,augmented,reverb,2519902508,22.763,16000,1,c0b797eae6b9ddc92686655f09e380042e2c3f309a3c08fb83992bcafc135f32,augmentation of SS-MAC-0099,CC0-1.0
SS-MAC-0099-A2,augmented/machinery_fault/SS-MAC-0099-A2.wav,Machinery Fault,SS-MAC-0099,train,augmented,noise,3316012450,22.763,16000,1,14eeb658a42f2426ba8379abd02aa6edbe0e5a157e5cdf05cb07c7b6e9e20e50,augmentation of SS-MAC-0099,CC0-1.0
SS-MAC-0100-A1,augmented/machinery_fault/SS-MAC-0100-A1.wav,Machinery Fault,SS-MAC-0100,train,augmented,stretch,4028607366,9.014,16000,1,62f0088ecc735707d4ad23b837257930e3ebf35d45ce27c1ebe09fafeb5273bf,augmentation of SS-MAC-0100,CC-BY-3.0
SS-MAC-0100-A2,augmented/machinery_fault/SS-MAC-0100-A2.wav,Machinery Fault,SS-MAC-0100,train,augmented,distance,3472565233,9.012,16000,1,70e84ec054ed8c67dc6e6931e8db1ae80440748c4b9e0811f359b784eff52108,augmentation of SS-MAC-0100,CC-BY-3.0
SS-MAC-0102-A1,augmented/machinery_fault/SS-MAC-0102-A1.wav,Machinery Fault,SS-MAC-0102,train,augmented,device,1241401432,0.522,16000,1,ac21b6a3a1e8db81b66214e13081d4547e8ddd07e833e7033d6b66136e53443a,augmentation of SS-MAC-0102,CC-BY-3.0
SS-MAC-0102-A2,augmented/machinery_fault/SS-MAC-0102-A2.wav,Machinery Fault,SS-MAC-0102,train,augmented,stretch,2629104822,0.556,16000,1,edd77dbb9368aae3eccb0019040467cd047730c0f205376211794e13bcea9024,augmentation of SS-MAC-0102,CC-BY-3.0
SS-MAC-0103-A1,augmented/machinery_fault/SS-MAC-0103-A1.wav,Machinery Fault,SS-MAC-0103,train,augmented,noise,3512001922,12.708,16000,1,616dbd0fe8a41221071cb8ceed7a12b89f585513e4fd2131158b8110bfeca6fd,augmentation of SS-MAC-0103,CC-BY-3.0
SS-MAC-0103-A2,augmented/machinery_fault/SS-MAC-0103-A2.wav,Machinery Fault,SS-MAC-0103,train,augmented,noise,2118934554,12.708,16000,1,57e007a53d574d1f318ba757d84388bc1b11a98feea73dcab775bab1423b9154,augmentation of SS-MAC-0103,CC-BY-3.0
SS-MAC-0104-A1,augmented/machinery_fault/SS-MAC-0104-A1.wav,Machinery Fault,SS-MAC-0104,train,augmented,distance,4264572297,3.161,16000,1,ac95eae6da05275d314ad5e4b4a95c3f1efc4de8f0c5e1015af71c21b296b174,augmentation of SS-MAC-0104,CC0-1.0
SS-MAC-0104-A2,augmented/machinery_fault/SS-MAC-0104-A2.wav,Machinery Fault,SS-MAC-0104,train,augmented,pitch,4273591555,3.161,16000,1,757c85c82d41f826f1b09b56b47c99d71159426f9496e1602efead67cdc6858b,augmentation of SS-MAC-0104,CC0-1.0
SS-MAC-0105-A1,augmented/machinery_fault/SS-MAC-0105-A1.wav,Machinery Fault,SS-MAC-0105,train,augmented,reverb,2012838836,5.12,16000,1,36fb91050867e79b0bad8165079024d15d6cf2d2eed1bd5d5f0970bc4130f5a6,augmentation of SS-MAC-0105,CC0-1.0
SS-MAC-0105-A2,augmented/machinery_fault/SS-MAC-0105-A2.wav,Machinery Fault,SS-MAC-0105,train,augmented,distance,2052185169,5.12,16000,1,c8a371d496638c9422778abecfd34b579cb848f3b6f4e96afe18f72d030841de,augmentation of SS-MAC-0105,CC0-1.0
SS-MAC-0106-A1,augmented/machinery_fault/SS-MAC-0106-A1.wav,Machinery Fault,SS-MAC-0106,train,augmented,distance,2476545137,3.872,16000,1,83ebf6f9fc58474ff6895265915229d5ab8c3e0ceff84a38636aa41fe7053e25,augmentation of SS-MAC-0106,CC-BY-3.0
SS-MAC-0106-A2,augmented/machinery_fault/SS-MAC-0106-A2.wav,Machinery Fault,SS-MAC-0106,train,augmented,distance,2009730065,3.872,16000,1,9a7fa07575b6d36789cd9c8dffef5bb8783e9077d9898d15ada06fadc9140541,augmentation of SS-MAC-0106,CC-BY-3.0
SS-MAC-0107-A1,augmented/machinery_fault/SS-MAC-0107-A1.wav,Machinery Fault,SS-MAC-0107,train,augmented,stretch,3788348686,18.456,16000,1,5abc71e23ab1b2375623d53d5019ed486013494c9714bab46d82ac1863921a6a,augmentation of SS-MAC-0107,CC0-1.0
SS-MAC-0107-A2,augmented/machinery_fault/SS-MAC-0107-A2.wav,Machinery Fault,SS-MAC-0107,train,augmented,shift,1880820597,17.588,16000,1,b7a2f62737f7ba583b31518daded8844b5e18bf3644e3eb8b67cbc52af28fd35,augmentation of SS-MAC-0107,CC0-1.0
SS-MAC-0108-A1,augmented/machinery_fault/SS-MAC-0108-A1.wav,Machinery Fault,SS-MAC-0108,train,augmented,distance,1472992345,7.358,16000,1,3e85f49f36cbd0e5490fa8d1fd1099228297cbe501add48d9e7b12f941a3fd9b,augmentation of SS-MAC-0108,CC0-1.0
SS-MAC-0108-A2,augmented/machinery_fault/SS-MAC-0108-A2.wav,Machinery Fault,SS-MAC-0108,train,augmented,volume,747177751,7.358,16000,1,46a88d59b7da204a463626bfd3adca391a2f571ab01dd441a51a742b5476d998,augmentation of SS-MAC-0108,CC0-1.0
SS-MAC-0109-A1,augmented/machinery_fault/SS-MAC-0109-A1.wav,Machinery Fault,SS-MAC-0109,train,augmented,pitch,424680363,8.568,16000,1,07de54d722f86ea13bd3a1cae77939e7a260c0fccfc8dd4fbf4540eabbef25c8,augmentation of SS-MAC-0109,CC-BY-3.0
SS-MAC-0109-A2,augmented/machinery_fault/SS-MAC-0109-A2.wav,Machinery Fault,SS-MAC-0109,train,augmented,reverb,3364242020,8.568,16000,1,64073f0973437bcd41be5ade9614e6979a20fbec17e40afcac73285ae080b557,augmentation of SS-MAC-0109,CC-BY-3.0
SS-MAC-0110-A1,augmented/machinery_fault/SS-MAC-0110-A1.wav,Machinery Fault,SS-MAC-0110,train,augmented,stretch,4231242926,8.312,16000,1,0442e5462bf0d18f5aa8414e8c9bc9898382891fb25a39ef25906af7510bcd94,augmentation of SS-MAC-0110,CC-BY-3.0
SS-MAC-0110-A2,augmented/machinery_fault/SS-MAC-0110-A2.wav,Machinery Fault,SS-MAC-0110,train,augmented,reverb,663685244,7.8,16000,1,2bfd1a03d77697be69fa3c0f250e15fa97e3ca693e50f5dc7fd3a25906060a9a,augmentation of SS-MAC-0110,CC-BY-3.0
SS-MAC-0114-A1,augmented/machinery_fault/SS-MAC-0114-A1.wav,Machinery Fault,SS-MAC-0114,train,augmented,volume,3824919287,4.0,16000,1,8788116769b916b183a9a04f67dbe0623dc3dd371e89a575d3b4b50443e1b415,augmentation of SS-MAC-0114,CC0-1.0
SS-MAC-0114-A2,augmented/machinery_fault/SS-MAC-0114-A2.wav,Machinery Fault,SS-MAC-0114,train,augmented,stretch,3498313782,3.569,16000,1,d37be2033151c8cba9f6a6e5dd7fd6e17f0c46a385bdbda2df98dc85e3283018,augmentation of SS-MAC-0114,CC0-1.0
SS-MAC-0115-A1,augmented/machinery_fault/SS-MAC-0115-A1.wav,Machinery Fault,SS-MAC-0115,train,augmented,reverb,3277300636,9.137,16000,1,88a7c879708d2697c8a16c7092b689a473ca0f3ba4c885553e991d5156c57226,augmentation of SS-MAC-0115,CC0-1.0
SS-MAC-0115-A2,augmented/machinery_fault/SS-MAC-0115-A2.wav,Machinery Fault,SS-MAC-0115,train,augmented,stretch,29427694,9.994,16000,1,c521890ad9f5476bcdc33bae0fbb9498d874c55ab5cbba788d126fb9b46aeb00,augmentation of SS-MAC-0115,CC0-1.0
SS-MAC-0116-A1,augmented/machinery_fault/SS-MAC-0116-A1.wav,Machinery Fault,SS-MAC-0116,train,augmented,distance,98468329,29.518,16000,1,c1b503f286c0403448898735532a21c0eb1707c8527804cbfbca54d05704865d,augmentation of SS-MAC-0116,CC-BY-3.0
SS-MAC-0116-A2,augmented/machinery_fault/SS-MAC-0116-A2.wav,Machinery Fault,SS-MAC-0116,train,augmented,distance,2748073841,29.518,16000,1,b1e6fc95aa9292955a7652d76b1ba1caead6115877effe55d4fd1c409695de04,augmentation of SS-MAC-0116,CC-BY-3.0
SS-MAC-0117-A1,augmented/machinery_fault/SS-MAC-0117-A1.wav,Machinery Fault,SS-MAC-0117,train,augmented,stretch,3544856710,7.391,16000,1,fed6428410b953f5147522378656a2a55625721e7747651fb99ca50626d28d9c,augmentation of SS-MAC-0117,CC0-1.0
SS-MAC-0117-A2,augmented/machinery_fault/SS-MAC-0117-A2.wav,Machinery Fault,SS-MAC-0117,train,augmented,device,1342842536,7.105,16000,1,fba43c8ebc1de14d36a69637d2dffce85062bad68b995cd55cca7c9d41ccf06f,augmentation of SS-MAC-0117,CC0-1.0
SS-MAC-0118-A1,augmented/machinery_fault/SS-MAC-0118-A1.wav,Machinery Fault,SS-MAC-0118,train,augmented,noise,2626029186,2.604,16000,1,1acf4bf6f1b1140e475718fb60f1fc8333c0244dcc8feff9909256952f465de7,augmentation of SS-MAC-0118,CC-BY-3.0
SS-MAC-0118-A2,augmented/machinery_fault/SS-MAC-0118-A2.wav,Machinery Fault,SS-MAC-0118,train,augmented,pitch,2064675659,2.604,16000,1,2bdaf99272c0c881993ad7b03cfc9e99353637ac786c084d54de40e709ab5b97,augmentation of SS-MAC-0118,CC-BY-3.0
SS-MAC-0119-A1,augmented/machinery_fault/SS-MAC-0119-A1.wav,Machinery Fault,SS-MAC-0119,train,augmented,pitch,2424026915,13.528,16000,1,e9d55727c36dd473239f6dbd31ef9531b84c9abb5c3121d011079f4e011db8e9,augmentation of SS-MAC-0119,CC0-1.0
SS-MAC-0119-A2,augmented/machinery_fault/SS-MAC-0119-A2.wav,Machinery Fault,SS-MAC-0119,train,augmented,stretch,498706278,12.822,16000,1,ab1a8c5dce9da2d3050082593dc48d65b13a7f4bbc3767c62ce8cd96a6ae1299,augmentation of SS-MAC-0119,CC0-1.0
SS-MAC-0120-A1,augmented/machinery_fault/SS-MAC-0120-A1.wav,Machinery Fault,SS-MAC-0120,train,augmented,distance,3986674329,9.667,16000,1,35312caef6339ff41a1070834525a750ec7579754bb07718f2698a6e140b4b4e,augmentation of SS-MAC-0120,CC0-1.0
SS-MAC-0120-A2,augmented/machinery_fault/SS-MAC-0120-A2.wav,Machinery Fault,SS-MAC-0120,train,augmented,reverb,3479686940,9.667,16000,1,00bbaca3a88cab71524716e6114dd5d412bd10af2b99efaefef3bd5a4beb661f,augmentation of SS-MAC-0120,CC0-1.0
SS-MAC-0501-A1,augmented/machinery_fault/SS-MAC-0501-A1.wav,Machinery Fault,SS-MAC-0501,train,augmented,reverb,1001070796,5.0,16000,1,de8596fa92a507af6afaefc6b77ff34208e634796b8196281a39e04d78c9d6cf,augmentation of SS-MAC-0501,CC-BY-4.0
SS-MAC-0501-A2,augmented/machinery_fault/SS-MAC-0501-A2.wav,Machinery Fault,SS-MAC-0501,train,augmented,reverb,3957482076,5.0,16000,1,352869f0da737cf170dd6f99cfcc44d199aac8d3f7568d7047412f53935a4760,augmentation of SS-MAC-0501,CC-BY-4.0
SS-MAC-0502-A1,augmented/machinery_fault/SS-MAC-0502-A1.wav,Machinery Fault,SS-MAC-0502,train,augmented,distance,3863822929,5.0,16000,1,5aee155932cb950f624ec7bce88ba96563b29deca7bc8c5c4fd4865d8c662799,augmentation of SS-MAC-0502,CC-BY-4.0
SS-MAC-0502-A2,augmented/machinery_fault/SS-MAC-0502-A2.wav,Machinery Fault,SS-MAC-0502,train,augmented,reverb,3786639436,5.0,16000,1,a90464e80c70099008673d3901945574c44b1acd4b53512581a1bb31ba89272f,augmentation of SS-MAC-0502,CC-BY-4.0
SS-MAC-0503-A1,augmented/machinery_fault/SS-MAC-0503-A1.wav,Machinery Fault,SS-MAC-0503,train,augmented,pitch,203551851,5.0,16000,1,18bd997954ed12a7070200964a518ee6a4fd0dd4b3f2e21dd39c9375c394b6bc,augmentation of SS-MAC-0503,CC-BY-4.0
SS-MAC-0503-A2,augmented/machinery_fault/SS-MAC-0503-A2.wav,Machinery Fault,SS-MAC-0503,train,augmented,pitch,630322851,5.0,16000,1,6a69058d299441727cd38dbe3bf1c1e76d562e3baa588cb35bea27bbc8b65c0e,augmentation of SS-MAC-0503,CC-BY-4.0
SS-MAC-0504-A1,augmented/machinery_fault/SS-MAC-0504-A1.wav,Machinery Fault,SS-MAC-0504,train,augmented,distance,839970329,5.0,16000,1,c24129ae5850e7841fa5fa4c0aca7d581d7b80f714ad5b8e07d88d02af49dd4c,augmentation of SS-MAC-0504,CC-BY-4.0
SS-MAC-0504-A2,augmented/machinery_fault/SS-MAC-0504-A2.wav,Machinery Fault,SS-MAC-0504,train,augmented,reverb,1249638532,5.0,16000,1,42334e55068fca9ba5fea1da88738fe68273d351bb5bb97a57657c2ccaca3b09,augmentation of SS-MAC-0504,CC-BY-4.0
SS-MAC-0505-A1,augmented/machinery_fault/SS-MAC-0505-A1.wav,Machinery Fault,SS-MAC-0505,train,augmented,volume,4056493407,5.0,16000,1,efc42f26f5e55b0fec21f7390558f9df6d4d3e0acf3586a84c78174bb7d72caa,augmentation of SS-MAC-0505,CC-BY-4.0
SS-MAC-0505-A2,augmented/machinery_fault/SS-MAC-0505-A2.wav,Machinery Fault,SS-MAC-0505,train,augmented,noise,3637233658,5.0,16000,1,cc0785fc6958d1a6b122dc9915d406cfa4ce598f34f136c6a91562f2e896d23f,augmentation of SS-MAC-0505,CC-BY-4.0
SS-MAC-0506-A1,augmented/machinery_fault/SS-MAC-0506-A1.wav,Machinery Fault,SS-MAC-0506,train,augmented,volume,1167586927,5.0,16000,1,8185dcb6ed175222d8575bc4a7c9d83d3142e05992707318d1b2451855431531,augmentation of SS-MAC-0506,CC-BY-4.0
SS-MAC-0506-A2,augmented/machinery_fault/SS-MAC-0506-A2.wav,Machinery Fault,SS-MAC-0506,train,augmented,distance,1572562441,5.0,16000,1,6546a70ce7d03e6169b59cdde83dd1bf515271054803b6af1cfd08293c5cb6e8,augmentation of SS-MAC-0506,CC-BY-4.0
SS-MAC-0507-A1,augmented/machinery_fault/SS-MAC-0507-A1.wav,Machinery Fault,SS-MAC-0507,train,augmented,reverb,4185005076,5.0,16000,1,8f9ab909e816dbe79800a05dea210a9793765e7e06022a66ed7f702b2d2c4ec2,augmentation of SS-MAC-0507,CC-BY-4.0
SS-MAC-0507-A2,augmented/machinery_fault/SS-MAC-0507-A2.wav,Machinery Fault,SS-MAC-0507,train,augmented,stretch,310525758,5.404,16000,1,87515a15564b9ed455b4f6cf5d47d0ea4201bcba09e226ed38d8a105bec2788e,augmentation of SS-MAC-0507,CC-BY-4.0
SS-MAC-0508-A1,augmented/machinery_fault/SS-MAC-0508-A1.wav,Machinery Fault,SS-MAC-0508,train,augmented,pitch,415208443,5.0,16000,1,cddac99ec66ab0c6f7ab180a700289043d8bc3a9940f93607bae9c244ae5be43,augmentation of SS-MAC-0508,CC-BY-4.0
SS-MAC-0508-A2,augmented/machinery_fault/SS-MAC-0508-A2.wav,Machinery Fault,SS-MAC-0508,train,augmented,shift,1584687989,5.0,16000,1,2424d1636fa517b689bee7a46c7b1e272af76ef6a4d55a6dee8422e537b05ae5,augmentation of SS-MAC-0508,CC-BY-4.0
SS-MAC-0509-A1,augmented/machinery_fault/SS-MAC-0509-A1.wav,Machinery Fault,SS-MAC-0509,train,augmented,distance,401352041,5.0,16000,1,46fb929f057f09b1864b395e3fa760a646d3ed979801009bbe848dcce1a06c25,augmentation of SS-MAC-0509,CC-BY-4.0
SS-MAC-0509-A2,augmented/machinery_fault/SS-MAC-0509-A2.wav,Machinery Fault,SS-MAC-0509,train,augmented,volume,2139447663,5.0,16000,1,ac8c3140a5aeb9e36bd2d296fadcfbfc6604986b2f108a87e46a57651f4a19df,augmentation of SS-MAC-0509,CC-BY-4.0
SS-MAC-0510-A1,augmented/machinery_fault/SS-MAC-0510-A1.wav,Machinery Fault,SS-MAC-0510,train,augmented,device,2287891744,5.0,16000,1,229725398cacf77a5bbf54ceb9f75bb4b62c1845fb4e5bde3109130eda1e7ef7,augmentation of SS-MAC-0510,CC-BY-4.0
SS-MAC-0510-A2,augmented/machinery_fault/SS-MAC-0510-A2.wav,Machinery Fault,SS-MAC-0510,train,augmented,pitch,1722853819,5.0,16000,1,c2aef8c30fa38fa1c335637c54ae60a403ca113df63dd06247d05b8cdbdf00cc,augmentation of SS-MAC-0510,CC-BY-4.0
SS-MAC-0511-A1,augmented/machinery_fault/SS-MAC-0511-A1.wav,Machinery Fault,SS-MAC-0511,train,augmented,reverb,229499572,5.0,16000,1,c4b3b8e18a0cdae00495c31c0c50153130bd540b7eee6ec68cffbd1c967c857b,augmentation of SS-MAC-0511,CC-BY-4.0
SS-MAC-0511-A2,augmented/machinery_fault/SS-MAC-0511-A2.wav,Machinery Fault,SS-MAC-0511,train,augmented,volume,4280558767,5.0,16000,1,d2db5d5d9bdd94de763512273b752bdec2e75f6851f1e3f85dc928869323f369,augmentation of SS-MAC-0511,CC-BY-4.0
SS-MAC-0514-A1,augmented/machinery_fault/SS-MAC-0514-A1.wav,Machinery Fault,SS-MAC-0514,train,augmented,stretch,2591477886,5.257,16000,1,71b8cad3090e1d0c73de88aa52bd761b81cde7c62c2cbf99b99e0f4438565cb3,augmentation of SS-MAC-0514,CC-BY-4.0
SS-MAC-0514-A2,augmented/machinery_fault/SS-MAC-0514-A2.wav,Machinery Fault,SS-MAC-0514,train,augmented,shift,596862021,5.0,16000,1,3ca852b31304b2d6e8197a51fda0535a5ca5336cda76d36153f24041a2ba3f74,augmentation of SS-MAC-0514,CC-BY-4.0
SS-MAC-0515-A1,augmented/machinery_fault/SS-MAC-0515-A1.wav,Machinery Fault,SS-MAC-0515,train,augmented,volume,844386247,5.0,16000,1,01f91d50eeb79800cddcb9caf715cd7847edc0f60cb2179cdbf3d7f64f732cb5,augmentation of SS-MAC-0515,CC-BY-4.0
SS-MAC-0515-A2,augmented/machinery_fault/SS-MAC-0515-A2.wav,Machinery Fault,SS-MAC-0515,train,augmented,device,2868482912,5.0,16000,1,e5c999031829727be8b46018429429a989cb46033b6d1ae68e16963dfc510873,augmentation of SS-MAC-0515,CC-BY-4.0
SS-MAC-0516-A1,augmented/machinery_fault/SS-MAC-0516-A1.wav,Machinery Fault,SS-MAC-0516,train,augmented,distance,3456637321,5.0,16000,1,7bb673dd81fb9563185fd885da7727a26b5f1686fc7b6bdbcc3e90681da9bdff,augmentation of SS-MAC-0516,CC-BY-4.0
SS-MAC-0516-A2,augmented/machinery_fault/SS-MAC-0516-A2.wav,Machinery Fault,SS-MAC-0516,train,augmented,reverb,212174340,5.0,16000,1,a79109f58f3564e2d9675d9cba472cd44a9753f4ebbec886d345aadd3fa5475c,augmentation of SS-MAC-0516,CC-BY-4.0
SS-MAC-0517-A1,augmented/machinery_fault/SS-MAC-0517-A1.wav,Machinery Fault,SS-MAC-0517,train,augmented,stretch,1613931622,4.397,16000,1,10073a573e748b265af318d180b29ed8f7039ae61258cc6b5117a64268efcb60,augmentation of SS-MAC-0517,CC-BY-4.0
SS-MAC-0517-A2,augmented/machinery_fault/SS-MAC-0517-A2.wav,Machinery Fault,SS-MAC-0517,train,augmented,stretch,2504195062,5.395,16000,1,5618d72802a4438509c66a84d05fb8ffe5444598eb9152564be95feb410ba46b,augmentation of SS-MAC-0517,CC-BY-4.0
SS-MAC-0518-A1,augmented/machinery_fault/SS-MAC-0518-A1.wav,Machinery Fault,SS-MAC-0518,train,augmented,device,949316008,5.0,16000,1,32de743d19214ef049d7fed3769620f25a7d7ab4940171c2001f306407695a03,augmentation of SS-MAC-0518,CC-BY-4.0
SS-MAC-0518-A2,augmented/machinery_fault/SS-MAC-0518-A2.wav,Machinery Fault,SS-MAC-0518,train,augmented,shift,2953425941,5.0,16000,1,937e2e337917b22ad5e04b3cdad7d397a4c9140d23adddd0412630641e8375ba,augmentation of SS-MAC-0518,CC-BY-4.0
SS-MAC-0519-A1,augmented/machinery_fault/SS-MAC-0519-A1.wav,Machinery Fault,SS-MAC-0519,train,augmented,distance,1067898457,5.0,16000,1,a18cd77ffb160bc257c1d9bdc2ce37fcccca66b30cd05d255fd843e17d96fb42,augmentation of SS-MAC-0519,CC-BY-4.0
SS-MAC-0519-A2,augmented/machinery_fault/SS-MAC-0519-A2.wav,Machinery Fault,SS-MAC-0519,train,augmented,noise,151548394,5.0,16000,1,7e32432002846f74e470a76c99599269c76c9e0d933fcf27f0051b4b0e9f672f,augmentation of SS-MAC-0519,CC-BY-4.0
SS-MAC-0520-A1,augmented/machinery_fault/SS-MAC-0520-A1.wav,Machinery Fault,SS-MAC-0520,train,augmented,device,1856163240,5.0,16000,1,0fc3dc46f2cfab6aa48e42480ba84a8e17dc8efa6593ebd13a3efc47081e38a1,augmentation of SS-MAC-0520,CC-BY-4.0
SS-MAC-0520-A2,augmented/machinery_fault/SS-MAC-0520-A2.wav,Machinery Fault,SS-MAC-0520,train,augmented,shift,2870864741,5.0,16000,1,b47a078cb26b5adb726bdd093b4be7de6417f382b639e3d3b8374d42664b3b3c,augmentation of SS-MAC-0520,CC-BY-4.0
SS-MAC-0521-A1,augmented/machinery_fault/SS-MAC-0521-A1.wav,Machinery Fault,SS-MAC-0521,train,augmented,reverb,3961575140,5.0,16000,1,933a6c9ee883cc1558cfc820210ddadfb71c10c6d87c08439213f152a99ea750,augmentation of SS-MAC-0521,CC-BY-4.0
SS-MAC-0521-A2,augmented/machinery_fault/SS-MAC-0521-A2.wav,Machinery Fault,SS-MAC-0521,train,augmented,noise,578370042,5.0,16000,1,626d1966af25dd377de3c3363527a9b9afba5fcd5d9eebd54865c8dc7416b8cc,augmentation of SS-MAC-0521,CC-BY-4.0
SS-MAC-0522-A1,augmented/machinery_fault/SS-MAC-0522-A1.wav,Machinery Fault,SS-MAC-0522,train,augmented,reverb,2027534964,5.0,16000,1,6016dbaf6b992f21d4221c6cb657a9d1094e54b1f58a9803b5589d359ec3e1a7,augmentation of SS-MAC-0522,CC-BY-4.0
SS-MAC-0522-A2,augmented/machinery_fault/SS-MAC-0522-A2.wav,Machinery Fault,SS-MAC-0522,train,augmented,noise,2891146578,5.0,16000,1,f34a9b9a1657e1d7f1a40d135c277a185698df3bb38cba5c117a23df4cad44e6,augmentation of SS-MAC-0522,CC-BY-4.0
SS-MAC-0523-A1,augmented/machinery_fault/SS-MAC-0523-A1.wav,Machinery Fault,SS-MAC-0523,train,augmented,stretch,3738919694,4.646,16000,1,474599e0fc8191f5471b13cab9e6dd8031e0a58d1ad7d758c4d5455a868e7b0b,augmentation of SS-MAC-0523,CC-BY-4.0
SS-MAC-0523-A2,augmented/machinery_fault/SS-MAC-0523-A2.wav,Machinery Fault,SS-MAC-0523,train,augmented,distance,2546170545,5.0,16000,1,51776df0b6d6a0952957d22f1cf27f00096be03df6ec5b31ef8cf0f58276c635,augmentation of SS-MAC-0523,CC-BY-4.0
SS-MAC-0524-A1,augmented/machinery_fault/SS-MAC-0524-A1.wav,Machinery Fault,SS-MAC-0524,train,augmented,device,677309696,5.0,16000,1,e06e47695bdf79237d12a9da1755d1b107328d2b41f12ce4c840baee52d1327c,augmentation of SS-MAC-0524,CC-BY-4.0
SS-MAC-0524-A2,augmented/machinery_fault/SS-MAC-0524-A2.wav,Machinery Fault,SS-MAC-0524,train,augmented,shift,782146285,5.0,16000,1,1321c3d74713ea58a683d11247ea3a52a3e49b37c444050122a5b29f42a0d335,augmentation of SS-MAC-0524,CC-BY-4.0
SS-MAC-0525-A1,augmented/machinery_fault/SS-MAC-0525-A1.wav,Machinery Fault,SS-MAC-0525,train,augmented,device,2261267216,5.0,16000,1,5249b3b2346bda7e0ca37e905174ee9824d2a7ed487c1ef51c2910cdeffb28f1,augmentation of SS-MAC-0525,CC-BY-4.0
SS-MAC-0525-A2,augmented/machinery_fault/SS-MAC-0525-A2.wav,Machinery Fault,SS-MAC-0525,train,augmented,pitch,2087140451,5.0,16000,1,645f82fbd1ed1a8cd0b2c8d6d7b8ccfc483c5ca5de5c8546d1e2fa928cb06cf4,augmentation of SS-MAC-0525,CC-BY-4.0
SS-MAC-0527-A1,augmented/machinery_fault/SS-MAC-0527-A1.wav,Machinery Fault,SS-MAC-0527,train,augmented,volume,811944943,5.0,16000,1,ecc9cd741235768ace36cce9f0d21355763e04a172e629282f9416963169a8e4,augmentation of SS-MAC-0527,CC-BY-4.0
SS-MAC-0527-A2,augmented/machinery_fault/SS-MAC-0527-A2.wav,Machinery Fault,SS-MAC-0527,train,augmented,volume,2492213671,5.0,16000,1,99423b1ff880d7d2be8a88de4b2eb2260b730d84ddf8531342da8ac390625007,augmentation of SS-MAC-0527,CC-BY-4.0
SS-MAC-0528-A1,augmented/machinery_fault/SS-MAC-0528-A1.wav,Machinery Fault,SS-MAC-0528,train,augmented,device,2132530696,5.0,16000,1,d6d9b99e6a3d92c99e73138443ae80bd879c1fa256c038411f7824e803b90981,augmentation of SS-MAC-0528,CC-BY-4.0
SS-MAC-0528-A2,augmented/machinery_fault/SS-MAC-0528-A2.wav,Machinery Fault,SS-MAC-0528,train,augmented,noise,1149440594,5.0,16000,1,b7a27d854472b1c9a0b7fc58580796929b6067a4f8652d02b54e3a3fc9a6bb65,augmentation of SS-MAC-0528,CC-BY-4.0
SS-MAC-0529-A1,augmented/machinery_fault/SS-MAC-0529-A1.wav,Machinery Fault,SS-MAC-0529,train,augmented,device,169669968,5.0,16000,1,4ca440346136ba6a3f0420bb2fde9f071f26340e94b78637df4ae41e84adc4f8,augmentation of SS-MAC-0529,CC-BY-4.0
SS-MAC-0529-A2,augmented/machinery_fault/SS-MAC-0529-A2.wav,Machinery Fault,SS-MAC-0529,train,augmented,reverb,1311653132,5.0,16000,1,8aa90a61184981fb0885dc8cd3e26e4c12898c490d2b144f991b6b2f9fdd1485,augmentation of SS-MAC-0529,CC-BY-4.0
SS-MAC-0530-A1,augmented/machinery_fault/SS-MAC-0530-A1.wav,Machinery Fault,SS-MAC-0530,train,augmented,volume,1931868063,5.0,16000,1,7f25c011f465b34da184c0838c524df5f2e7f08d806fbc9f9a2a671c06349352,augmentation of SS-MAC-0530,CC-BY-4.0
SS-MAC-0530-A2,augmented/machinery_fault/SS-MAC-0530-A2.wav,Machinery Fault,SS-MAC-0530,train,augmented,pitch,3560409083,5.0,16000,1,43c5ee11673dd2fe88c5160942e2b29f44b4a6647a7ba683eb8d69509836695b,augmentation of SS-MAC-0530,CC-BY-4.0
SS-MAC-0532-A1,augmented/machinery_fault/SS-MAC-0532-A1.wav,Machinery Fault,SS-MAC-0532,train,augmented,pitch,2120970123,5.0,16000,1,536c5b953aca1fe503cac2e5242f045d8420c3133a2652bd4e569d7392aaf6ac,augmentation of SS-MAC-0532,CC-BY-4.0
SS-MAC-0532-A2,augmented/machinery_fault/SS-MAC-0532-A2.wav,Machinery Fault,SS-MAC-0532,train,augmented,shift,3005115653,5.0,16000,1,fd33ee1edbdf8e089aabdf8d6b970167452261697e4953fd9345de8c3bc756b0,augmentation of SS-MAC-0532,CC-BY-4.0
SS-MAC-0533-A1,augmented/machinery_fault/SS-MAC-0533-A1.wav,Machinery Fault,SS-MAC-0533,train,augmented,pitch,2900419315,5.0,16000,1,367566f35c28862d07138f009d1e698d5159144ea159f684541264ddfb25b528,augmentation of SS-MAC-0533,CC-BY-4.0
SS-MAC-0533-A2,augmented/machinery_fault/SS-MAC-0533-A2.wav,Machinery Fault,SS-MAC-0533,train,augmented,stretch,4207897678,4.922,16000,1,6fb6a2b5fc2150cc37d24f53ab5aa6a1cc14f769097eaafd9519963ad2dc9b92,augmentation of SS-MAC-0533,CC-BY-4.0
SS-MAC-0534-A1,augmented/machinery_fault/SS-MAC-0534-A1.wav,Machinery Fault,SS-MAC-0534,train,augmented,shift,2173679957,5.0,16000,1,84ced1f8a21fcc4ed389ac863bc7ab968d3f15bcef48d77ddabf486f5d323fd1,augmentation of SS-MAC-0534,CC-BY-4.0
SS-MAC-0534-A2,augmented/machinery_fault/SS-MAC-0534-A2.wav,Machinery Fault,SS-MAC-0534,train,augmented,stretch,3474954654,4.504,16000,1,8c88e59e21648d78e06522b37d140e38a8086c347ab8db6b610c2f62c0edcd57,augmentation of SS-MAC-0534,CC-BY-4.0
SS-MAC-0536-A1,augmented/machinery_fault/SS-MAC-0536-A1.wav,Machinery Fault,SS-MAC-0536,train,augmented,noise,2604392514,5.0,16000,1,ce2843a1c9aa122df9bacb98ae951c6af4d90b0258ab6d5fefef261139489bbe,augmentation of SS-MAC-0536,CC-BY-4.0
SS-MAC-0536-A2,augmented/machinery_fault/SS-MAC-0536-A2.wav,Machinery Fault,SS-MAC-0536,train,augmented,distance,3299394585,5.0,16000,1,a4ca522f5fd8fbc03ca2ce5ab451f112afdbe7d63f5da2008747547d4614c1cd,augmentation of SS-MAC-0536,CC-BY-4.0
SS-MAC-0539-A1,augmented/machinery_fault/SS-MAC-0539-A1.wav,Machinery Fault,SS-MAC-0539,train,augmented,reverb,2980368924,5.0,16000,1,e708920a3d036bbfcc6d5fb32dd892022d82ee39d136aed273bd8f9745c85220,augmentation of SS-MAC-0539,CC-BY-4.0
SS-MAC-0539-A2,augmented/machinery_fault/SS-MAC-0539-A2.wav,Machinery Fault,SS-MAC-0539,train,augmented,shift,4227831197,5.0,16000,1,798e7105966595be43be081ea57fbaddd245f7e0d33172273f996059be1c79ba,augmentation of SS-MAC-0539,CC-BY-4.0
SS-MAC-0540-A1,augmented/machinery_fault/SS-MAC-0540-A1.wav,Machinery Fault,SS-MAC-0540,train,augmented,pitch,4127848579,5.0,16000,1,fcd4fc34606dd8db52bf4b127b8873f790ba011d52433ff52e7ba63165bbae54,augmentation of SS-MAC-0540,CC-BY-4.0
SS-MAC-0540-A2,augmented/machinery_fault/SS-MAC-0540-A2.wav,Machinery Fault,SS-MAC-0540,train,augmented,distance,4217321801,5.0,16000,1,bf3c9cf632536fe49eb402b17ea65c49b3c10cc3ab7b51a82890c829bf99eb67,augmentation of SS-MAC-0540,CC-BY-4.0
SS-MAC-0543-A1,augmented/machinery_fault/SS-MAC-0543-A1.wav,Machinery Fault,SS-MAC-0543,train,augmented,distance,1483329561,5.0,16000,1,826d97fe9eddf7da778d546a4d81d5081612ee5f9336f1d9d317fc93aaa2f6d9,augmentation of SS-MAC-0543,CC-BY-4.0
SS-MAC-0543-A2,augmented/machinery_fault/SS-MAC-0543-A2.wav,Machinery Fault,SS-MAC-0543,train,augmented,reverb,3271793036,5.0,16000,1,bb300443f56310478ae4d5d9c1c4908608207c355db661bd6722071b515f7527,augmentation of SS-MAC-0543,CC-BY-4.0
SS-MAC-0546-A1,augmented/machinery_fault/SS-MAC-0546-A1.wav,Machinery Fault,SS-MAC-0546,train,augmented,distance,2435442713,5.0,16000,1,fda0089c6d9ffe186bf3dd470ff17a96ed7930a0d92837de535ee11e1a13967b,augmentation of SS-MAC-0546,CC-BY-4.0
SS-MAC-0546-A2,augmented/machinery_fault/SS-MAC-0546-A2.wav,Machinery Fault,SS-MAC-0546,train,augmented,pitch,1568578427,5.0,16000,1,14e1c57d72f69a39251dda6eaf1d7e564e210ea48e6d1b0ec08aa2058f605128,augmentation of SS-MAC-0546,CC-BY-4.0
SS-MAC-0547-A1,augmented/machinery_fault/SS-MAC-0547-A1.wav,Machinery Fault,SS-MAC-0547,train,augmented,stretch,1589418966,4.769,16000,1,d8ef9a04f77aca97ea2571990b8893c2fa18d62c71cab0f66b18ea8abe1f1523,augmentation of SS-MAC-0547,CC-BY-4.0
SS-MAC-0547-A2,augmented/machinery_fault/SS-MAC-0547-A2.wav,Machinery Fault,SS-MAC-0547,train,augmented,reverb,4084348796,5.0,16000,1,d3f6bcfba14eafb408401826ac2178bad9b9b7a62b480ffebf91b14f7f2b25c3,augmentation of SS-MAC-0547,CC-BY-4.0
SS-MAC-0548-A1,augmented/machinery_fault/SS-MAC-0548-A1.wav,Machinery Fault,SS-MAC-0548,train,augmented,distance,2885479049,5.0,16000,1,fed98a713e0e8cf48c342c51de5d200c856c77726f0fe436681265664c5bf0da,augmentation of SS-MAC-0548,CC-BY-4.0
SS-MAC-0548-A2,augmented/machinery_fault/SS-MAC-0548-A2.wav,Machinery Fault,SS-MAC-0548,train,augmented,reverb,3848528084,5.0,16000,1,25e8f113870fbf0ec61347a699c8f92c51f253a8d8dbb0f809612622b40ed0c9,augmentation of SS-MAC-0548,CC-BY-4.0
SS-MAC-0553-A1,augmented/machinery_fault/SS-MAC-0553-A1.wav,Machinery Fault,SS-MAC-0553,train,augmented,volume,3282459639,5.0,16000,1,1d601e36d381ccd9a04b3e46c80d8d9fef76161349aa1cb9fae044e0c688f8c1,augmentation of SS-MAC-0553,CC-BY-4.0
SS-MAC-0553-A2,augmented/machinery_fault/SS-MAC-0553-A2.wav,Machinery Fault,SS-MAC-0553,train,augmented,volume,2981109159,5.0,16000,1,93bc9955fa3784614ed0b8ea74794a53a85cb7566693d7b45136be6d8f545ee2,augmentation of SS-MAC-0553,CC-BY-4.0
SS-MAC-0554-A1,augmented/machinery_fault/SS-MAC-0554-A1.wav,Machinery Fault,SS-MAC-0554,train,augmented,reverb,2419627796,5.0,16000,1,09c7cf4ca684dd686b8276a3490a0e525227f8f5f84266c07f3db58810900036,augmentation of SS-MAC-0554,CC-BY-4.0
SS-MAC-0554-A2,augmented/machinery_fault/SS-MAC-0554-A2.wav,Machinery Fault,SS-MAC-0554,train,augmented,distance,1794128297,5.0,16000,1,ec4dfd8d8344ebd8886488cdc10aeb24153ca958f6f464eee85bd99237f64238,augmentation of SS-MAC-0554,CC-BY-4.0
SS-MAC-0557-A1,augmented/machinery_fault/SS-MAC-0557-A1.wav,Machinery Fault,SS-MAC-0557,train,augmented,pitch,3885457531,5.0,16000,1,a6974c861b741ca74f52c7116786341a7442c2d42c11428ac9e4b794531c64ab,augmentation of SS-MAC-0557,CC-BY-4.0
SS-MAC-0557-A2,augmented/machinery_fault/SS-MAC-0557-A2.wav,Machinery Fault,SS-MAC-0557,train,augmented,volume,2494452463,5.0,16000,1,32e75810a44abc62b978895429f4313c6e73dbde8ad354b4b0ae3e33703f9eb3,augmentation of SS-MAC-0557,CC-BY-4.0
SS-MAC-0558-A1,augmented/machinery_fault/SS-MAC-0558-A1.wav,Machinery Fault,SS-MAC-0558,train,augmented,device,3623285600,5.0,16000,1,832a6eccfb964c8ae081af670c7715443a0a15b87673b99390cd447316b0e171,augmentation of SS-MAC-0558,CC-BY-4.0
SS-MAC-0558-A2,augmented/machinery_fault/SS-MAC-0558-A2.wav,Machinery Fault,SS-MAC-0558,train,augmented,pitch,260255051,5.0,16000,1,1c12328af4150b57036b41af9100440fad764b484f9b05c2ff0b14df7d069357,augmentation of SS-MAC-0558,CC-BY-4.0
SS-MAC-0560-A1,augmented/machinery_fault/SS-MAC-0560-A1.wav,Machinery Fault,SS-MAC-0560,train,augmented,stretch,1994475310,4.656,16000,1,67d31298edfab2ae0171374aba35760a21b5839ae146a646233c3129a41991c2,augmentation of SS-MAC-0560,CC-BY-4.0
SS-MAC-0560-A2,augmented/machinery_fault/SS-MAC-0560-A2.wav,Machinery Fault,SS-MAC-0560,train,augmented,stretch,49498894,4.409,16000,1,21e5ae7e6af7f07aeca0ff5ffe09320e4ac67314f761b85eeb6323a7c3e6494d,augmentation of SS-MAC-0560,CC-BY-4.0
SS-MAC-0561-A1,augmented/machinery_fault/SS-MAC-0561-A1.wav,Machinery Fault,SS-MAC-0561,train,augmented,distance,3040104017,5.0,16000,1,dc29686329cd325fb067671658b5a052e94e646eda88505990b823bf2a285915,augmentation of SS-MAC-0561,CC-BY-4.0
SS-MAC-0561-A2,augmented/machinery_fault/SS-MAC-0561-A2.wav,Machinery Fault,SS-MAC-0561,train,augmented,volume,542637735,5.0,16000,1,483015ddd5726f3f0a09addd7f2fa712350e65ac490778af079edc2f6c52dcf2,augmentation of SS-MAC-0561,CC-BY-4.0
SS-MAC-0562-A1,augmented/machinery_fault/SS-MAC-0562-A1.wav,Machinery Fault,SS-MAC-0562,train,augmented,volume,1754064863,5.0,16000,1,1303acdb9d44ff08d1ed98aa78a16d3f0819a2fc0812d48480ed2decd3eb0e89,augmentation of SS-MAC-0562,CC-BY-4.0
SS-MAC-0562-A2,augmented/machinery_fault/SS-MAC-0562-A2.wav,Machinery Fault,SS-MAC-0562,train,augmented,distance,3936438065,5.0,16000,1,284a5ae8d3071c1d0d5bf7bdec96d72e60bed03633e28eb915dbd630272bb11f,augmentation of SS-MAC-0562,CC-BY-4.0
SS-MAC-0564-A1,augmented/machinery_fault/SS-MAC-0564-A1.wav,Machinery Fault,SS-MAC-0564,train,augmented,stretch,3811861158,5.83,16000,1,ea8c3abb315cd12ecf0f322b157a18ad510cf4eeda1cd4fc12a2ce91a5439b2a,augmentation of SS-MAC-0564,CC-BY-4.0
SS-MAC-0564-A2,augmented/machinery_fault/SS-MAC-0564-A2.wav,Machinery Fault,SS-MAC-0564,train,augmented,device,3938046656,5.0,16000,1,6885a78512ff78970b6e3e712016528618c9d35159b7be025b736e6bed707e3b,augmentation of SS-MAC-0564,CC-BY-4.0
SS-MAC-0565-A1,augmented/machinery_fault/SS-MAC-0565-A1.wav,Machinery Fault,SS-MAC-0565,train,augmented,device,1237320224,5.0,16000,1,256fb73a1de9757670870e62e132d2d4f0dc477a7d042c6f263c03baaf912ddd,augmentation of SS-MAC-0565,CC-BY-4.0
SS-MAC-0565-A2,augmented/machinery_fault/SS-MAC-0565-A2.wav,Machinery Fault,SS-MAC-0565,train,augmented,pitch,869998099,5.0,16000,1,783540e57fbe10015b2463bfc66ea5114b560678fd313eaf519b4cc53f04960c,augmentation of SS-MAC-0565,CC-BY-4.0
SS-MAC-0566-A1,augmented/machinery_fault/SS-MAC-0566-A1.wav,Machinery Fault,SS-MAC-0566,train,augmented,noise,1725453618,5.0,16000,1,f049fc0a1abbf2330fc8c0253f77ce450b9d2ec5f0db66aad420ccc3455607fb,augmentation of SS-MAC-0566,CC-BY-4.0
SS-MAC-0566-A2,augmented/machinery_fault/SS-MAC-0566-A2.wav,Machinery Fault,SS-MAC-0566,train,augmented,stretch,547750806,5.783,16000,1,9784e48ebed1cf36135074cc24e589fbef6b8f04d8a0e3d3faa7453b669754c0,augmentation of SS-MAC-0566,CC-BY-4.0
SS-MAC-0569-A1,augmented/machinery_fault/SS-MAC-0569-A1.wav,Machinery Fault,SS-MAC-0569,train,augmented,reverb,872280916,5.0,16000,1,b727ae4b86d42a36e50ef7d0ec6216d6bd28b8ebd3b2a33cf1fa791b2bbfaf2a,augmentation of SS-MAC-0569,CC-BY-4.0
SS-MAC-0569-A2,augmented/machinery_fault/SS-MAC-0569-A2.wav,Machinery Fault,SS-MAC-0569,train,augmented,device,2278861208,5.0,16000,1,f98aef06499db098fe7b53b0170b246340bcf4b2bcdc3c40f071cf2b9f582c8a,augmentation of SS-MAC-0569,CC-BY-4.0
SS-MAC-0570-A1,augmented/machinery_fault/SS-MAC-0570-A1.wav,Machinery Fault,SS-MAC-0570,train,augmented,pitch,3540767611,5.0,16000,1,28059137f54bfc359f364518b1b4be468e8ce3d6562a83884dc464376d366b2a,augmentation of SS-MAC-0570,CC-BY-4.0
SS-MAC-0570-A2,augmented/machinery_fault/SS-MAC-0570-A2.wav,Machinery Fault,SS-MAC-0570,train,augmented,pitch,3006012435,5.0,16000,1,b1c8cc0fd55f9a797588077be8ed2a3eac8ee1aa35bbabed6d74aca3560e750c,augmentation of SS-MAC-0570,CC-BY-4.0
SS-MAC-0576-A1,augmented/machinery_fault/SS-MAC-0576-A1.wav,Machinery Fault,SS-MAC-0576,train,augmented,stretch,3793591982,4.437,16000,1,8646d2be282c99632ebb76324ac610efae83fb990bc21fdf42f36de1c09f8ffe,augmentation of SS-MAC-0576,CC-BY-4.0
SS-MAC-0576-A2,augmented/machinery_fault/SS-MAC-0576-A2.wav,Machinery Fault,SS-MAC-0576,train,augmented,noise,3282852994,5.0,16000,1,fa27cc3c0336bb21932e5e0f6a7c8f985aa4f0555ce5178883b5e35687299bb2,augmentation of SS-MAC-0576,CC-BY-4.0
SS-MAC-0577-A1,augmented/machinery_fault/SS-MAC-0577-A1.wav,Machinery Fault,SS-MAC-0577,train,augmented,distance,227769313,5.0,16000,1,94a7da1eb1742b965f70cfc5522d4a622b51a7299b0ba7ce774e477921920b7d,augmentation of SS-MAC-0577,CC-BY-4.0
SS-MAC-0577-A2,augmented/machinery_fault/SS-MAC-0577-A2.wav,Machinery Fault,SS-MAC-0577,train,augmented,device,472985856,5.0,16000,1,e3acfa91ab8618cf374c17a16434fc4b8ec8a4825ce6cb534d7a46132fd601aa,augmentation of SS-MAC-0577,CC-BY-4.0
SS-MAC-0578-A1,augmented/machinery_fault/SS-MAC-0578-A1.wav,Machinery Fault,SS-MAC-0578,train,augmented,device,1710520064,5.0,16000,1,ae5946579c6b588314ae35a81dc7db2a952df4fe1acb5d3713737ab2ec94a10f,augmentation of SS-MAC-0578,CC-BY-4.0
SS-MAC-0578-A2,augmented/machinery_fault/SS-MAC-0578-A2.wav,Machinery Fault,SS-MAC-0578,train,augmented,stretch,2398243430,4.418,16000,1,1bb49a04fdb2c7431003f2b0a86966ea8d7eb40a2b411377382235fa39a19f2f,augmentation of SS-MAC-0578,CC-BY-4.0
SS-MAC-0579-A1,augmented/machinery_fault/SS-MAC-0579-A1.wav,Machinery Fault,SS-MAC-0579,train,augmented,shift,4141451893,5.0,16000,1,49eb3cb2fa3bdb4a31a6cb97d64a33a824789971bf69edbd33d2cfce7549f85e,augmentation of SS-MAC-0579,CC-BY-4.0
SS-MAC-0579-A2,augmented/machinery_fault/SS-MAC-0579-A2.wav,Machinery Fault,SS-MAC-0579,train,augmented,device,541017928,5.0,16000,1,19388bdfdf57bda08fce2f4fb480f59d447f3f6d04ce323ed83ca4a792019fd1,augmentation of SS-MAC-0579,CC-BY-4.0
SS-MAC-0582-A1,augmented/machinery_fault/SS-MAC-0582-A1.wav,Machinery Fault,SS-MAC-0582,train,augmented,reverb,3746328220,5.0,16000,1,91f309b491b326e44e3c89b42ab764aa958f08725ff50c20f150b6921fa559f6,augmentation of SS-MAC-0582,CC-BY-4.0
SS-MAC-0582-A2,augmented/machinery_fault/SS-MAC-0582-A2.wav,Machinery Fault,SS-MAC-0582,train,augmented,reverb,2290163572,5.0,16000,1,7126d3790af7f5a21b3e81cbd9565131f955eff81042619249c6ae29bb92e595,augmentation of SS-MAC-0582,CC-BY-4.0
SS-MAC-0583-A1,augmented/machinery_fault/SS-MAC-0583-A1.wav,Machinery Fault,SS-MAC-0583,train,augmented,shift,2313581733,5.0,16000,1,e96b730bb2e3f16a4b1c5d06e6f787dfb9cf50775358ac87e30f5d434c2f5016,augmentation of SS-MAC-0583,CC-BY-4.0
SS-MAC-0583-A2,augmented/machinery_fault/SS-MAC-0583-A2.wav,Machinery Fault,SS-MAC-0583,train,augmented,noise,2123172602,5.0,16000,1,5b8c9f035979fbeba849265c4850e22c23471c9b3ef690e210f90c3e14f993c4,augmentation of SS-MAC-0583,CC-BY-4.0
SS-MAC-0585-A1,augmented/machinery_fault/SS-MAC-0585-A1.wav,Machinery Fault,SS-MAC-0585,train,augmented,volume,3552654863,5.0,16000,1,5f332e0bfb9faedb503eb079667e5c0e676b24331a9b14b254088c38d4f1cb22,augmentation of SS-MAC-0585,CC-BY-4.0
SS-MAC-0585-A2,augmented/machinery_fault/SS-MAC-0585-A2.wav,Machinery Fault,SS-MAC-0585,train,augmented,reverb,8379540,5.0,16000,1,292ed53c30929855a16677da1b3c5ec2f8c12ffdb17d61d4ae3513ee0507f055,augmentation of SS-MAC-0585,CC-BY-4.0
SS-MAC-0586-A1,augmented/machinery_fault/SS-MAC-0586-A1.wav,Machinery Fault,SS-MAC-0586,train,augmented,volume,2360445583,5.0,16000,1,532ccf53946e42566c0b802784691548b918d20d7b39e4638b84b79dd2b912f3,augmentation of SS-MAC-0586,CC-BY-4.0
SS-MAC-0586-A2,augmented/machinery_fault/SS-MAC-0586-A2.wav,Machinery Fault,SS-MAC-0586,train,augmented,noise,4065383082,5.0,16000,1,82c4c5b7b9358cbc8119da7f330f16efb7f1a6c6c58902ded8963874b1786be8,augmentation of SS-MAC-0586,CC-BY-4.0
SS-MAC-0588-A1,augmented/machinery_fault/SS-MAC-0588-A1.wav,Machinery Fault,SS-MAC-0588,train,augmented,device,702424528,5.0,16000,1,8b14a3f8980a8910782829198c884f05af3d9105c9ca69220ea55373790d1477,augmentation of SS-MAC-0588,CC-BY-4.0
SS-MAC-0588-A2,augmented/machinery_fault/SS-MAC-0588-A2.wav,Machinery Fault,SS-MAC-0588,train,augmented,device,1032811040,5.0,16000,1,6968545ad1dc6e2aa9e3831fb56135ff1ab687f67eab4482959648be0889be1f,augmentation of SS-MAC-0588,CC-BY-4.0
SS-MAC-0589-A1,augmented/machinery_fault/SS-MAC-0589-A1.wav,Machinery Fault,SS-MAC-0589,train,augmented,volume,4217074087,5.0,16000,1,fb8a9128769756414e35b3d11e8f2ac96d98a455b8965b335c71e7a647421306,augmentation of SS-MAC-0589,CC-BY-4.0
SS-MAC-0589-A2,augmented/machinery_fault/SS-MAC-0589-A2.wav,Machinery Fault,SS-MAC-0589,train,augmented,volume,227249047,5.0,16000,1,0fce67af368b7bc6ce8ff858a3425960f4f355239ccbb3174a6b1bfd75a8ed2d,augmentation of SS-MAC-0589,CC-BY-4.0
SS-MAC-0590-A1,augmented/machinery_fault/SS-MAC-0590-A1.wav,Machinery Fault,SS-MAC-0590,train,augmented,device,2505574408,5.0,16000,1,c5a2ccb04549c024403a0753d995582c7df4eeb26ce51a9de655b4a85560a719,augmentation of SS-MAC-0590,CC-BY-4.0
SS-MAC-0590-A2,augmented/machinery_fault/SS-MAC-0590-A2.wav,Machinery Fault,SS-MAC-0590,train,augmented,pitch,326350787,5.0,16000,1,9ca0b219153f5bbb40f415e5db6056d7b983abaa4b80154ff730a7cf97ea10c5,augmentation of SS-MAC-0590,CC-BY-4.0
SS-MAC-0593-A1,augmented/machinery_fault/SS-MAC-0593-A1.wav,Machinery Fault,SS-MAC-0593,train,augmented,volume,4084077367,5.0,16000,1,5c73d46753ed7d6448f01c01132dfbc9bfbda247325a384828d92f2ca37e78e7,augmentation of SS-MAC-0593,CC-BY-4.0
SS-MAC-0593-A2,augmented/machinery_fault/SS-MAC-0593-A2.wav,Machinery Fault,SS-MAC-0593,train,augmented,distance,2372809033,5.0,16000,1,85c15011eca8d4ec74b90d11b87f3a9afb8a30f47cf05bceb98aa105ae86a030,augmentation of SS-MAC-0593,CC-BY-4.0
SS-MAC-0594-A1,augmented/machinery_fault/SS-MAC-0594-A1.wav,Machinery Fault,SS-MAC-0594,train,augmented,noise,549377898,5.0,16000,1,a05b167866c45752c640fadd674b59acff1e5c20319e98a0413bfa5824016995,augmentation of SS-MAC-0594,CC-BY-4.0
SS-MAC-0594-A2,augmented/machinery_fault/SS-MAC-0594-A2.wav,Machinery Fault,SS-MAC-0594,train,augmented,device,33598136,5.0,16000,1,0ac69572126acfc4775c3fcea8a3e3ccdaa41d79850540b1502fc3ab536493c0,augmentation of SS-MAC-0594,CC-BY-4.0
SS-MAC-0595-A1,augmented/machinery_fault/SS-MAC-0595-A1.wav,Machinery Fault,SS-MAC-0595,train,augmented,volume,108025447,5.0,16000,1,bf39427fac2c5e1d6a421527c60e7c154bdbb6275668daf5ed30c562a74aeda0,augmentation of SS-MAC-0595,CC-BY-4.0
SS-MAC-0595-A2,augmented/machinery_fault/SS-MAC-0595-A2.wav,Machinery Fault,SS-MAC-0595,train,augmented,noise,49984178,5.0,16000,1,84e8e60b08068fcf52e40ec4051aeb8c484e72ea3e77120b636342960d2e2707,augmentation of SS-MAC-0595,CC-BY-4.0
SS-MAC-0596-A1,augmented/machinery_fault/SS-MAC-0596-A1.wav,Machinery Fault,SS-MAC-0596,train,augmented,volume,2195645135,5.0,16000,1,1eff52d50804d8c6d4c80c7b0ae66f999adf9edb749aeee1a2b1db9aaa33cfed,augmentation of SS-MAC-0596,CC-BY-4.0
SS-MAC-0596-A2,augmented/machinery_fault/SS-MAC-0596-A2.wav,Machinery Fault,SS-MAC-0596,train,augmented,pitch,3787374891,5.0,16000,1,9b0c73d6d32c234f3a5fc26345aac9d21d2fc2b655d870f3e941b93aa0b0cf33,augmentation of SS-MAC-0596,CC-BY-4.0
SS-MAC-0597-A1,augmented/machinery_fault/SS-MAC-0597-A1.wav,Machinery Fault,SS-MAC-0597,train,augmented,shift,237244173,5.0,16000,1,3d341ce71686b8b21435d2117ae1386364aef789df8c268fd3e3c7cfbb06956e,augmentation of SS-MAC-0597,CC-BY-4.0
SS-MAC-0597-A2,augmented/machinery_fault/SS-MAC-0597-A2.wav,Machinery Fault,SS-MAC-0597,train,augmented,reverb,3061168772,5.0,16000,1,a2c0508794241b57279dd9e2a810a675ee3927e4645a2d318fe58ce7ad88a832,augmentation of SS-MAC-0597,CC-BY-4.0
SS-MAC-0598-A1,augmented/machinery_fault/SS-MAC-0598-A1.wav,Machinery Fault,SS-MAC-0598,train,augmented,reverb,3637250764,5.0,16000,1,0446429aa77174bc3c33c815d54aadfad63f641fa0c2de3446928a88e883b30f,augmentation of SS-MAC-0598,CC-BY-4.0
SS-MAC-0598-A2,augmented/machinery_fault/SS-MAC-0598-A2.wav,Machinery Fault,SS-MAC-0598,train,augmented,pitch,133039595,5.0,16000,1,d5fa8a9160260f72344498f9755c7b047cc06f41b2a73d830bc5214c36fbf048,augmentation of SS-MAC-0598,CC-BY-4.0
SS-MAC-0599-A1,augmented/machinery_fault/SS-MAC-0599-A1.wav,Machinery Fault,SS-MAC-0599,train,augmented,noise,3789020026,5.0,16000,1,dbc8d5154d2ac56550969f0dd7869cd530f462e1cc2315fca289771bfd3376aa,augmentation of SS-MAC-0599,CC-BY-4.0
SS-MAC-0599-A2,augmented/machinery_fault/SS-MAC-0599-A2.wav,Machinery Fault,SS-MAC-0599,train,augmented,pitch,1735342091,5.0,16000,1,c3db66cd930a54a3508f18ad4afe225993829a5e306772cc3243c78e9cf3e489,augmentation of SS-MAC-0599,CC-BY-4.0
SS-MAC-0600-A1,augmented/machinery_fault/SS-MAC-0600-A1.wav,Machinery Fault,SS-MAC-0600,train,augmented,reverb,1705292500,5.0,16000,1,37dc982760698d7e9c57a1c5c0e234dcf6ebb95532cd0408918f4e6d8e8e42ac,augmentation of SS-MAC-0600,CC-BY-4.0
SS-MAC-0600-A2,augmented/machinery_fault/SS-MAC-0600-A2.wav,Machinery Fault,SS-MAC-0600,train,augmented,reverb,3875168156,5.0,16000,1,e2aae7ab0982eb21d4ed5d4d4f1e34d9e698adf1330e65584cc57a415741ddb8,augmentation of SS-MAC-0600,CC-BY-4.0
SS-MAC-0602-A1,augmented/machinery_fault/SS-MAC-0602-A1.wav,Machinery Fault,SS-MAC-0602,train,augmented,noise,769655770,5.0,16000,1,b1c08c4deeb1555926f6b80a3e8edd0d1786425c657412cb4e9847a8df9f33fb,augmentation of SS-MAC-0602,CC-BY-4.0
SS-MAC-0602-A2,augmented/machinery_fault/SS-MAC-0602-A2.wav,Machinery Fault,SS-MAC-0602,train,augmented,shift,4093395741,5.0,16000,1,623c8ee4a3058f3393b676ae6129991bf35c8a66b9cb516b860cd0424ae4a666,augmentation of SS-MAC-0602,CC-BY-4.0
SS-MAC-0603-A1,augmented/machinery_fault/SS-MAC-0603-A1.wav,Machinery Fault,SS-MAC-0603,train,augmented,distance,3815379481,5.0,16000,1,a42ebce2c8526bd7c3463544e837b244259706b68a2e110df86431d0b8352a2d,augmentation of SS-MAC-0603,CC-BY-4.0
SS-MAC-0603-A2,augmented/machinery_fault/SS-MAC-0603-A2.wav,Machinery Fault,SS-MAC-0603,train,augmented,stretch,1567751046,5.078,16000,1,4be33f0a6846c390d6fa395903ad14a2a3697568907d7b7360d44fd80bdbed55,augmentation of SS-MAC-0603,CC-BY-4.0
SS-MAC-0604-A1,augmented/machinery_fault/SS-MAC-0604-A1.wav,Machinery Fault,SS-MAC-0604,train,augmented,distance,2666702633,5.0,16000,1,17846c1ea345ceecbb81d9ace3df053c1f3d80b4778f66ceb509d798c4200851,augmentation of SS-MAC-0604,CC-BY-4.0
SS-MAC-0604-A2,augmented/machinery_fault/SS-MAC-0604-A2.wav,Machinery Fault,SS-MAC-0604,train,augmented,distance,1467294865,5.0,16000,1,b171ec6f5a2a75c87f0413add297206dccb8f0c3e5e50c6986cbe3455e74bf36,augmentation of SS-MAC-0604,CC-BY-4.0
SS-MAC-0605-A1,augmented/machinery_fault/SS-MAC-0605-A1.wav,Machinery Fault,SS-MAC-0605,train,augmented,distance,2346037593,5.0,16000,1,13515aae69ff08fd4976425944059a10c0487f123d792b327af1f8917afd6170,augmentation of SS-MAC-0605,CC-BY-4.0
SS-MAC-0605-A2,augmented/machinery_fault/SS-MAC-0605-A2.wav,Machinery Fault,SS-MAC-0605,train,augmented,volume,1000192631,5.0,16000,1,8325788c7716cc07a62014ad9d38ca02c08a173dd29b0e3b984ff76b2b7975c6,augmentation of SS-MAC-0605,CC-BY-4.0
SS-MAC-0608-A1,augmented/machinery_fault/SS-MAC-0608-A1.wav,Machinery Fault,SS-MAC-0608,train,augmented,device,804815408,5.0,16000,1,15bc31ce09c3f5de4fa0918f10a853fa41c8e4795d9b5e1c225f493b63b815ec,augmentation of SS-MAC-0608,CC-BY-4.0
SS-MAC-0608-A2,augmented/machinery_fault/SS-MAC-0608-A2.wav,Machinery Fault,SS-MAC-0608,train,augmented,volume,1535045535,5.0,16000,1,90488a16543b20914aa62c98c45bef5253fbc2e71ce72545b15f2eb76cf98da7,augmentation of SS-MAC-0608,CC-BY-4.0
SS-MAC-0609-A1,augmented/machinery_fault/SS-MAC-0609-A1.wav,Machinery Fault,SS-MAC-0609,train,augmented,pitch,228240195,5.0,16000,1,429bfeef1bbb38c7b961106d8d176bdf57a65e454a990b939ec41b4953f48639,augmentation of SS-MAC-0609,CC-BY-4.0
SS-MAC-0609-A2,augmented/machinery_fault/SS-MAC-0609-A2.wav,Machinery Fault,SS-MAC-0609,train,augmented,reverb,3159027004,5.0,16000,1,547e7b7de999e90784bd53e210fd805a03dec152c90780b3b12058506a329500,augmentation of SS-MAC-0609,CC-BY-4.0
SS-MAC-0610-A1,augmented/machinery_fault/SS-MAC-0610-A1.wav,Machinery Fault,SS-MAC-0610,train,augmented,noise,1885575882,5.0,16000,1,39b755eae968e5d2a26fc803315448ae3e8b384a7abb050c329c3c1e83d9233d,augmentation of SS-MAC-0610,CC-BY-4.0
SS-MAC-0610-A2,augmented/machinery_fault/SS-MAC-0610-A2.wav,Machinery Fault,SS-MAC-0610,train,augmented,reverb,3981676660,5.0,16000,1,0ce719512dd64600b28720be98dc4eaa5203722acae08027b46b2b9cb7d19f25,augmentation of SS-MAC-0610,CC-BY-4.0
SS-MAC-0618-A1,augmented/machinery_fault/SS-MAC-0618-A1.wav,Machinery Fault,SS-MAC-0618,train,augmented,volume,903903503,5.0,16000,1,95cd3944eff7e92e0d07554975095a2dbd6c10ef601de0f3a6685a84bce2c144,augmentation of SS-MAC-0618,CC-BY-4.0
SS-MAC-0618-A2,augmented/machinery_fault/SS-MAC-0618-A2.wav,Machinery Fault,SS-MAC-0618,train,augmented,stretch,859817630,4.68,16000,1,8eed3371ee52d08b0e7d3e33659fb03ada8de677f36091c24f3327f768e70830,augmentation of SS-MAC-0618,CC-BY-4.0
SS-MAC-0619-A1,augmented/machinery_fault/SS-MAC-0619-A1.wav,Machinery Fault,SS-MAC-0619,train,augmented,device,1994437472,5.0,16000,1,a899fe13b98884830f9175ac990abfdcb1ea71df891636b9ee0b0e64f32f5c6f,augmentation of SS-MAC-0619,CC-BY-4.0
SS-MAC-0619-A2,augmented/machinery_fault/SS-MAC-0619-A2.wav,Machinery Fault,SS-MAC-0619,train,augmented,volume,1028711215,5.0,16000,1,cba877f41519632bd2e91a7b714fb68ffa9ed0fd015e308328d3897788eabc39,augmentation of SS-MAC-0619,CC-BY-4.0
SS-MAC-0620-A1,augmented/machinery_fault/SS-MAC-0620-A1.wav,Machinery Fault,SS-MAC-0620,train,augmented,distance,3235297745,5.0,16000,1,93bc0e56db35707f97e5db9ccaeab293a8c9eda908a2cbbe1b32f36c338eabf4,augmentation of SS-MAC-0620,CC-BY-4.0
SS-MAC-0620-A2,augmented/machinery_fault/SS-MAC-0620-A2.wav,Machinery Fault,SS-MAC-0620,train,augmented,distance,1669864225,5.0,16000,1,f25d024a309a3d16efa9d343820e040508d68bb53320dad24aabdb6db9e610d0,augmentation of SS-MAC-0620,CC-BY-4.0
SS-MAC-0621-A1,augmented/machinery_fault/SS-MAC-0621-A1.wav,Machinery Fault,SS-MAC-0621,train,augmented,shift,2673507581,5.0,16000,1,3dc79b46007474cbe1127ad016a23a2157c6c512789568d35c95435e99b0a42d,augmentation of SS-MAC-0621,CC-BY-4.0
SS-MAC-0621-A2,augmented/machinery_fault/SS-MAC-0621-A2.wav,Machinery Fault,SS-MAC-0621,train,augmented,distance,1992456609,5.0,16000,1,4ca9417b4a8f9a63e8c4b490243bcd902772dd7cacbbd178f0205a0eaed8605c,augmentation of SS-MAC-0621,CC-BY-4.0
SS-MAC-0622-A1,augmented/machinery_fault/SS-MAC-0622-A1.wav,Machinery Fault,SS-MAC-0622,train,augmented,reverb,3257008700,5.0,16000,1,c10e69c6e0e9e2242d725f5cc44078c97bcb3310905d3731e0ad07d1b6e42aff,augmentation of SS-MAC-0622,CC-BY-4.0
SS-MAC-0622-A2,augmented/machinery_fault/SS-MAC-0622-A2.wav,Machinery Fault,SS-MAC-0622,train,augmented,stretch,3079924406,4.909,16000,1,d5ba7145594e078760ab6af30efbbe6d0981e420187c8aec963528d2a9be7069,augmentation of SS-MAC-0622,CC-BY-4.0
SS-MAC-0623-A1,augmented/machinery_fault/SS-MAC-0623-A1.wav,Machinery Fault,SS-MAC-0623,train,augmented,shift,2214985333,5.0,16000,1,95a442649239669288bcc041c6d5371ad7bfa746986ef47fa51273bcff94f1f3,augmentation of SS-MAC-0623,CC-BY-4.0
SS-MAC-0623-A2,augmented/machinery_fault/SS-MAC-0623-A2.wav,Machinery Fault,SS-MAC-0623,train,augmented,stretch,3522946158,5.151,16000,1,8a7515c3a68d8152e8c419f9feb40eda278d06772dedd637f6e51a9933155915,augmentation of SS-MAC-0623,CC-BY-4.0
SS-MAC-0624-A1,augmented/machinery_fault/SS-MAC-0624-A1.wav,Machinery Fault,SS-MAC-0624,train,augmented,volume,1995147199,5.0,16000,1,5e5d8c84b04ee86af9a68011cc3e9bbf114caf6fc5ceb7d9dc603a51ebb98e63,augmentation of SS-MAC-0624,CC-BY-4.0
SS-MAC-0624-A2,augmented/machinery_fault/SS-MAC-0624-A2.wav,Machinery Fault,SS-MAC-0624,train,augmented,volume,3665354319,5.0,16000,1,99c49bda08ee55148d38dbc1b2d2081ee17280a774318bfff9ad76c97b69d661,augmentation of SS-MAC-0624,CC-BY-4.0
SS-MAC-0626-A1,augmented/machinery_fault/SS-MAC-0626-A1.wav,Machinery Fault,SS-MAC-0626,train,augmented,distance,2500728121,5.0,16000,1,f95b958cb1e7f29ef01bd8c1f0e2b44e92df28cbf74a7d19fc73cd495074dad6,augmentation of SS-MAC-0626,CC-BY-4.0
SS-MAC-0626-A2,augmented/machinery_fault/SS-MAC-0626-A2.wav,Machinery Fault,SS-MAC-0626,train,augmented,pitch,2373138499,5.0,16000,1,dea88dd09420cf39aa87cc3d6ef61b704552d1075fff613ccf2caba5edb7aa92,augmentation of SS-MAC-0626,CC-BY-4.0
SS-MAC-0627-A1,augmented/machinery_fault/SS-MAC-0627-A1.wav,Machinery Fault,SS-MAC-0627,train,augmented,reverb,4208366652,5.0,16000,1,319e11daef7ff4d6fec22302bc9b7a09b65f5a317e5f9b27ce121f0916d2c058,augmentation of SS-MAC-0627,CC-BY-4.0
SS-MAC-0627-A2,augmented/machinery_fault/SS-MAC-0627-A2.wav,Machinery Fault,SS-MAC-0627,train,augmented,volume,3307356647,5.0,16000,1,38d6d0de5a45704f1b2e05165ebd66d24a0b7112a16a17fd51b17585bb4d4fdc,augmentation of SS-MAC-0627,CC-BY-4.0
SS-MAC-0628-A1,augmented/machinery_fault/SS-MAC-0628-A1.wav,Machinery Fault,SS-MAC-0628,train,augmented,shift,3724799589,5.0,16000,1,0b206559ccf281f08c2695ce92d0d4f69f9585a58be8dc23d7cb955c981caad0,augmentation of SS-MAC-0628,CC-BY-4.0
SS-MAC-0628-A2,augmented/machinery_fault/SS-MAC-0628-A2.wav,Machinery Fault,SS-MAC-0628,train,augmented,pitch,4019899779,5.0,16000,1,ce8c16b17edf93261705cc0e9a46c661cde83bf339699f01e56ae4da0665bbb0,augmentation of SS-MAC-0628,CC-BY-4.0
SS-MAC-0629-A1,augmented/machinery_fault/SS-MAC-0629-A1.wav,Machinery Fault,SS-MAC-0629,train,augmented,distance,2369087321,5.0,16000,1,17a977d52d07c49360a51836c58776ec1f22cc40a1ca42a0cb0ff39a3fa05c31,augmentation of SS-MAC-0629,CC-BY-4.0
SS-MAC-0629-A2,augmented/machinery_fault/SS-MAC-0629-A2.wav,Machinery Fault,SS-MAC-0629,train,augmented,device,780815544,5.0,16000,1,dc96e4a238afae0f794bdeb6dc70d6633fee5ba087049124c8142d34d92f56c0,augmentation of SS-MAC-0629,CC-BY-4.0
SS-MAC-0630-A1,augmented/machinery_fault/SS-MAC-0630-A1.wav,Machinery Fault,SS-MAC-0630,train,augmented,reverb,271042188,5.0,16000,1,225274b067aebbb5179b319df7cd05db61f83c544f2c9567785cfffe31cc7631,augmentation of SS-MAC-0630,CC-BY-4.0
SS-MAC-0630-A2,augmented/machinery_fault/SS-MAC-0630-A2.wav,Machinery Fault,SS-MAC-0630,train,augmented,reverb,377698684,5.0,16000,1,23f41a5d125fd0a0e52ac2e5bcc6a91cfec2cb7a4618675af426a0c110b7084d,augmentation of SS-MAC-0630,CC-BY-4.0
SS-MAC-0631-A1,augmented/machinery_fault/SS-MAC-0631-A1.wav,Machinery Fault,SS-MAC-0631,train,augmented,device,656320344,5.0,16000,1,fa5eb7a55b3718a8d3e43e0383d346dd5ce302cd37f585363cc40cd2a120ac07,augmentation of SS-MAC-0631,CC-BY-4.0
SS-MAC-0631-A2,augmented/machinery_fault/SS-MAC-0631-A2.wav,Machinery Fault,SS-MAC-0631,train,augmented,shift,3397374613,5.0,16000,1,6f4b75f008a8c90999ece272b0f97875bdfa38cffa6c3fc87cc37de8ebed460e,augmentation of SS-MAC-0631,CC-BY-4.0
SS-MAC-0632-A1,augmented/machinery_fault/SS-MAC-0632-A1.wav,Machinery Fault,SS-MAC-0632,train,augmented,stretch,292479310,5.702,16000,1,e1ac4e7fe14f285cd6639ddd2a25f0c01a6d7d7e0620f2762721631a888c632b,augmentation of SS-MAC-0632,CC-BY-4.0
SS-MAC-0632-A2,augmented/machinery_fault/SS-MAC-0632-A2.wav,Machinery Fault,SS-MAC-0632,train,augmented,pitch,1418235491,5.0,16000,1,5760975ffa3ab874421c9509aa0bd564905a3a6e250e612869fad22f6d2f9ee2,augmentation of SS-MAC-0632,CC-BY-4.0
SS-MAC-0633-A1,augmented/machinery_fault/SS-MAC-0633-A1.wav,Machinery Fault,SS-MAC-0633,train,augmented,device,4102509320,5.0,16000,1,75ac5e2fa619a6ec92be5c65486fc376bbe538e6f0b3f426fdc1bf100a2b76b9,augmentation of SS-MAC-0633,CC-BY-4.0
SS-MAC-0633-A2,augmented/machinery_fault/SS-MAC-0633-A2.wav,Machinery Fault,SS-MAC-0633,train,augmented,reverb,260303884,5.0,16000,1,03bd37bb75401d531144fbdeeb575fb6122be6be8fbdaca7506c402f524370d2,augmentation of SS-MAC-0633,CC-BY-4.0
SS-MAC-0634-A1,augmented/machinery_fault/SS-MAC-0634-A1.wav,Machinery Fault,SS-MAC-0634,train,augmented,volume,4002746879,5.0,16000,1,300a775fb11163ea67003992df7ab085d0f34c53e39177f0bdff4a9c912b21c8,augmentation of SS-MAC-0634,CC-BY-4.0
SS-MAC-0634-A2,augmented/machinery_fault/SS-MAC-0634-A2.wav,Machinery Fault,SS-MAC-0634,train,augmented,device,1304126848,5.0,16000,1,fd8ff28cdd216eca63d8287f8e1531707d669f52e6764809f8e96e5930f93fae,augmentation of SS-MAC-0634,CC-BY-4.0
SS-MAC-0635-A1,augmented/machinery_fault/SS-MAC-0635-A1.wav,Machinery Fault,SS-MAC-0635,train,augmented,shift,4053207557,5.0,16000,1,324ae5235a4a51b82f62719a217796552fdaf186f576bfe5717878d30836fe00,augmentation of SS-MAC-0635,CC-BY-4.0
SS-MAC-0635-A2,augmented/machinery_fault/SS-MAC-0635-A2.wav,Machinery Fault,SS-MAC-0635,train,augmented,pitch,174103315,5.0,16000,1,8780aa1b009c04c93be1ef5550d418a7af459e75380da49a97fcabe084f51741,augmentation of SS-MAC-0635,CC-BY-4.0
SS-MAC-0641-A1,augmented/machinery_fault/SS-MAC-0641-A1.wav,Machinery Fault,SS-MAC-0641,train,augmented,volume,1396554127,5.0,16000,1,653110fda73c9918d1e99cf49ce05123d1351e5d3677147a076da7ce51db7d0f,augmentation of SS-MAC-0641,CC-BY-4.0
SS-MAC-0641-A2,augmented/machinery_fault/SS-MAC-0641-A2.wav,Machinery Fault,SS-MAC-0641,train,augmented,distance,3356798425,5.0,16000,1,e9fdc5949514a0e27d37e6a6f012c9907ffdca36b781e694ca5ddc6cc1c98f89,augmentation of SS-MAC-0641,CC-BY-4.0
SS-MAC-0642-A1,augmented/machinery_fault/SS-MAC-0642-A1.wav,Machinery Fault,SS-MAC-0642,train,augmented,pitch,3332716323,5.0,16000,1,c8424a2976143a52f931cb06035785a7b7100624b322570cb3eac053f82afa4b,augmentation of SS-MAC-0642,CC-BY-4.0
SS-MAC-0642-A2,augmented/machinery_fault/SS-MAC-0642-A2.wav,Machinery Fault,SS-MAC-0642,train,augmented,distance,615890161,5.0,16000,1,27cf00d4c50cafbc3f54a64fde72c0f7d926466ac3d16e33e1fcf7cb3e0d8345,augmentation of SS-MAC-0642,CC-BY-4.0
SS-MAC-0643-A1,augmented/machinery_fault/SS-MAC-0643-A1.wav,Machinery Fault,SS-MAC-0643,train,augmented,device,3456575080,5.0,16000,1,99c26b77bfe070d8397565ba8df1762bb754d73ca568aed6cc8f704731c431fa,augmentation of SS-MAC-0643,CC-BY-4.0
SS-MAC-0643-A2,augmented/machinery_fault/SS-MAC-0643-A2.wav,Machinery Fault,SS-MAC-0643,train,augmented,stretch,2487220390,4.558,16000,1,2b6673c743bddda061768c4c3c7fa3b0d0c2948e82fab5c28f88ae8052e6b0ae,augmentation of SS-MAC-0643,CC-BY-4.0
SS-MAC-0644-A1,augmented/machinery_fault/SS-MAC-0644-A1.wav,Machinery Fault,SS-MAC-0644,train,augmented,distance,2769168337,5.0,16000,1,676b1fbac75c640ed1b7978a9323790d5ebf991315e805965fa3deac77b868d0,augmentation of SS-MAC-0644,CC-BY-4.0
SS-MAC-0644-A2,augmented/machinery_fault/SS-MAC-0644-A2.wav,Machinery Fault,SS-MAC-0644,train,augmented,stretch,3383795398,4.649,16000,1,6fb0bd4e05c59395ef99305df53351bc6039adbb15df0d0669e5987403f4e0ec,augmentation of SS-MAC-0644,CC-BY-4.0
SS-MAC-0645-A1,augmented/machinery_fault/SS-MAC-0645-A1.wav,Machinery Fault,SS-MAC-0645,train,augmented,device,2727337048,5.0,16000,1,9561fb6631813f59a4b85cd329c9f638644bcbce84bc15823d2138726535ab2e,augmentation of SS-MAC-0645,CC-BY-4.0
SS-MAC-0645-A2,augmented/machinery_fault/SS-MAC-0645-A2.wav,Machinery Fault,SS-MAC-0645,train,augmented,stretch,1564692958,5.721,16000,1,b99f696bfec9961c039f7415f47188fad25860df1ded3235ea1ce564c8c7f4fa,augmentation of SS-MAC-0645,CC-BY-4.0
SS-MAC-0646-A1,augmented/machinery_fault/SS-MAC-0646-A1.wav,Machinery Fault,SS-MAC-0646,train,augmented,noise,2960253050,5.0,16000,1,25e96ba8f4257c480bb06995eaf38fab4e1ee9a86510ed713df8912a6c045bb0,augmentation of SS-MAC-0646,CC-BY-4.0
SS-MAC-0646-A2,augmented/machinery_fault/SS-MAC-0646-A2.wav,Machinery Fault,SS-MAC-0646,train,augmented,device,2845034368,5.0,16000,1,7b9e9bf7568e466a156cc43f48e146bc369ad23363f353ff8349df825901c068,augmentation of SS-MAC-0646,CC-BY-4.0
SS-MAC-0647-A1,augmented/machinery_fault/SS-MAC-0647-A1.wav,Machinery Fault,SS-MAC-0647,train,augmented,noise,4289001146,5.0,16000,1,e9dda41b70a1bf771dd1ca2fb6d1b715a0bd4cf4fed816ff090982f56175651f,augmentation of SS-MAC-0647,CC-BY-4.0
SS-MAC-0647-A2,augmented/machinery_fault/SS-MAC-0647-A2.wav,Machinery Fault,SS-MAC-0647,train,augmented,volume,1943595079,5.0,16000,1,0d040a7f429060d3926ad306902ac87875533950c450013f77570823a711059f,augmentation of SS-MAC-0647,CC-BY-4.0
SS-MAC-0648-A1,augmented/machinery_fault/SS-MAC-0648-A1.wav,Machinery Fault,SS-MAC-0648,train,augmented,stretch,415708670,5.27,16000,1,53e1da0a1d51d0a2895642e3a1caaa35abad7b8090e9b12dd3013b6b17485cf5,augmentation of SS-MAC-0648,CC-BY-4.0
SS-MAC-0648-A2,augmented/machinery_fault/SS-MAC-0648-A2.wav,Machinery Fault,SS-MAC-0648,train,augmented,distance,2007087817,5.0,16000,1,5bd05947ccab5c1ce7ecdbe31c273f3f4757e6774517aa1a7f5e56bf8a91c638,augmentation of SS-MAC-0648,CC-BY-4.0
SS-MAC-0649-A1,augmented/machinery_fault/SS-MAC-0649-A1.wav,Machinery Fault,SS-MAC-0649,train,augmented,reverb,1199356268,5.0,16000,1,b8f84282a9496c49e73f68e2505dc74666fafe9c7e0c631bdad58b054c101e05,augmentation of SS-MAC-0649,CC-BY-4.0
SS-MAC-0649-A2,augmented/machinery_fault/SS-MAC-0649-A2.wav,Machinery Fault,SS-MAC-0649,train,augmented,reverb,2972016588,5.0,16000,1,3f030942d1d90447537c6c349e0a618bd2d126d7e0c88c4a97fdad4001aa38b0,augmentation of SS-MAC-0649,CC-BY-4.0
SS-MAC-0652-A1,augmented/machinery_fault/SS-MAC-0652-A1.wav,Machinery Fault,SS-MAC-0652,train,augmented,distance,4266593137,5.0,16000,1,7f5c66580bce17e7337b303a60fe280a22abee9f8ee4c468e3dcc624da1e8226,augmentation of SS-MAC-0652,CC-BY-4.0
SS-MAC-0652-A2,augmented/machinery_fault/SS-MAC-0652-A2.wav,Machinery Fault,SS-MAC-0652,train,augmented,stretch,1900154846,5.395,16000,1,6f56989c4baf5501c13623dc5ee7c667b0cfda5c3a7443d63c984ed82a391245,augmentation of SS-MAC-0652,CC-BY-4.0
SS-MAC-0653-A1,augmented/machinery_fault/SS-MAC-0653-A1.wav,Machinery Fault,SS-MAC-0653,train,augmented,volume,1621892159,5.0,16000,1,5ce1ffd8e3ac17acdd701b6637ab808a5ee812a4fc3775818a719e6fe37f4d05,augmentation of SS-MAC-0653,CC-BY-4.0
SS-MAC-0653-A2,augmented/machinery_fault/SS-MAC-0653-A2.wav,Machinery Fault,SS-MAC-0653,train,augmented,distance,2949889737,5.0,16000,1,ac2d7cb10b2fc799d477934990fc8c46c54c705ca67746e23d621f7111bacd51,augmentation of SS-MAC-0653,CC-BY-4.0
SS-MAC-0654-A1,augmented/machinery_fault/SS-MAC-0654-A1.wav,Machinery Fault,SS-MAC-0654,train,augmented,reverb,847100628,5.0,16000,1,b45ea25c191e92881dbc88d7f67d319b33467796b6f61838c8cf187e62897429,augmentation of SS-MAC-0654,CC-BY-4.0
SS-MAC-0654-A2,augmented/machinery_fault/SS-MAC-0654-A2.wav,Machinery Fault,SS-MAC-0654,train,augmented,distance,2982621985,5.0,16000,1,c2cc1fd6357cbafd9764ec6d1188419bb1315de0da9b32781c7d7388b9c66677,augmentation of SS-MAC-0654,CC-BY-4.0
SS-MAC-0655-A1,augmented/machinery_fault/SS-MAC-0655-A1.wav,Machinery Fault,SS-MAC-0655,train,augmented,noise,3080876690,5.0,16000,1,1a7e6fc49557bf48b37e2968a02f2376ab9c6cb0d141b0838e2a519d70f5c0d6,augmentation of SS-MAC-0655,CC-BY-4.0
SS-MAC-0655-A2,augmented/machinery_fault/SS-MAC-0655-A2.wav,Machinery Fault,SS-MAC-0655,train,augmented,shift,1274017213,5.0,16000,1,af9104a761233bd5e240742db9a5c57cad5cfd691c75dfdf917435412c2f8003,augmentation of SS-MAC-0655,CC-BY-4.0
SS-MAC-0656-A1,augmented/machinery_fault/SS-MAC-0656-A1.wav,Machinery Fault,SS-MAC-0656,train,augmented,reverb,1304555108,5.0,16000,1,b4671d1ac75817134e848eb5fce7ed3318510964cec04bf4f68e6ad83aa607f9,augmentation of SS-MAC-0656,CC-BY-4.0
SS-MAC-0656-A2,augmented/machinery_fault/SS-MAC-0656-A2.wav,Machinery Fault,SS-MAC-0656,train,augmented,volume,4076921423,5.0,16000,1,34773bb8f1c9234d6d17cc4d867a4e5f66fa997bea9b9b3bcd84a2172fd9f1d7,augmentation of SS-MAC-0656,CC-BY-4.0
SS-MAC-0657-A1,augmented/machinery_fault/SS-MAC-0657-A1.wav,Machinery Fault,SS-MAC-0657,train,augmented,stretch,1141395574,5.226,16000,1,4059b47369507a996f80ad3bb00236e2cce9efbdd7547be1d4dd295002f043f4,augmentation of SS-MAC-0657,CC-BY-4.0
SS-MAC-0657-A2,augmented/machinery_fault/SS-MAC-0657-A2.wav,Machinery Fault,SS-MAC-0657,train,augmented,device,3536833488,5.0,16000,1,23fe42be5c29746a1c86b068d179bdf28eacf65849b670e66eeaacf839f97fda,augmentation of SS-MAC-0657,CC-BY-4.0
SS-MAC-0660-A1,augmented/machinery_fault/SS-MAC-0660-A1.wav,Machinery Fault,SS-MAC-0660,train,augmented,volume,4033776383,5.0,16000,1,7468101b5bd090bae8b2b1b4c49110917a70043ed9333191b33dce088e0389e3,augmentation of SS-MAC-0660,CC-BY-4.0
SS-MAC-0660-A2,augmented/machinery_fault/SS-MAC-0660-A2.wav,Machinery Fault,SS-MAC-0660,train,augmented,reverb,1203251204,5.0,16000,1,4b815729d93853a56c56bc07a102d4243f2fdd212d975199cde240f9b7b987c8,augmentation of SS-MAC-0660,CC-BY-4.0
SS-MAC-0661-A1,augmented/machinery_fault/SS-MAC-0661-A1.wav,Machinery Fault,SS-MAC-0661,train,augmented,distance,1042759985,5.0,16000,1,fcb63d7463bc44fa18ff724b8d6b5c84eb2337e663675293cad53e637eb142a7,augmentation of SS-MAC-0661,CC-BY-4.0
SS-MAC-0661-A2,augmented/machinery_fault/SS-MAC-0661-A2.wav,Machinery Fault,SS-MAC-0661,train,augmented,stretch,1131321742,4.88,16000,1,07d65bab144162cbc09b2d9eff734ea659e346bc1fbfa5f1a08a56c0940d971d,augmentation of SS-MAC-0661,CC-BY-4.0
SS-MAC-0662-A1,augmented/machinery_fault/SS-MAC-0662-A1.wav,Machinery Fault,SS-MAC-0662,train,augmented,noise,1249156386,5.0,16000,1,ee0242eb9ddf72643dac63a9e5c1d09cdd3e3ecdad8322f8adf0d8957096e8d3,augmentation of SS-MAC-0662,CC-BY-4.0
SS-MAC-0662-A2,augmented/machinery_fault/SS-MAC-0662-A2.wav,Machinery Fault,SS-MAC-0662,train,augmented,stretch,1293521502,5.162,16000,1,a51808aed3bd84dd32e16b8554d6e9806a07913fc6873787206255f2a83e0423,augmentation of SS-MAC-0662,CC-BY-4.0
SS-MAC-0663-A1,augmented/machinery_fault/SS-MAC-0663-A1.wav,Machinery Fault,SS-MAC-0663,train,augmented,distance,731669809,5.0,16000,1,68cf4ccedfa59a256918424def2b9ddc8e729307621e9f7c8d133a02bfb2bf53,augmentation of SS-MAC-0663,CC-BY-4.0
SS-MAC-0663-A2,augmented/machinery_fault/SS-MAC-0663-A2.wav,Machinery Fault,SS-MAC-0663,train,augmented,reverb,65385404,5.0,16000,1,847957c0372925766ad92a4842a2fd0a6ad03cf9ad4b7fae6a4dc26c51be86c1,augmentation of SS-MAC-0663,CC-BY-4.0
SS-MAC-0666-A1,augmented/machinery_fault/SS-MAC-0666-A1.wav,Machinery Fault,SS-MAC-0666,train,augmented,stretch,436403350,5.241,16000,1,83e1f5f7a307f5143d4a6ee23c8c3420e598dcee101de21d450474cd2e0b2bb9,augmentation of SS-MAC-0666,CC-BY-4.0
SS-MAC-0666-A2,augmented/machinery_fault/SS-MAC-0666-A2.wav,Machinery Fault,SS-MAC-0666,train,augmented,volume,2587553487,5.0,16000,1,0e4857d82f85ac18dafeec9cb0f6e5ce7715f29497bf2d06948e9a40b83e27c1,augmentation of SS-MAC-0666,CC-BY-4.0
SS-MAC-0667-A1,augmented/machinery_fault/SS-MAC-0667-A1.wav,Machinery Fault,SS-MAC-0667,train,augmented,reverb,693569340,5.0,16000,1,7c4a6e3ec099d8b92e90e6d123c98a36f5800494fded280cbeafea65982b6c89,augmentation of SS-MAC-0667,CC-BY-4.0
SS-MAC-0667-A2,augmented/machinery_fault/SS-MAC-0667-A2.wav,Machinery Fault,SS-MAC-0667,train,augmented,stretch,1648199678,5.009,16000,1,a9526ba0c91fe908e80e1ab1f78c438928d04bf15edf37ad0c7c1e22a7722e76,augmentation of SS-MAC-0667,CC-BY-4.0
SS-MAC-0668-A1,augmented/machinery_fault/SS-MAC-0668-A1.wav,Machinery Fault,SS-MAC-0668,train,augmented,shift,3365272197,5.0,16000,1,22310a3b99233ed33ca156b4d47258182cf8ddebab9936bc1104b4764bf61674,augmentation of SS-MAC-0668,CC-BY-4.0
SS-MAC-0668-A2,augmented/machinery_fault/SS-MAC-0668-A2.wav,Machinery Fault,SS-MAC-0668,train,augmented,distance,1001068401,5.0,16000,1,f9472eea26235025641ac9b6104838417d24c53ad5ef9d553d90d3e80b07c3ac,augmentation of SS-MAC-0668,CC-BY-4.0
SS-MAC-0669-A1,augmented/machinery_fault/SS-MAC-0669-A1.wav,Machinery Fault,SS-MAC-0669,train,augmented,stretch,3965701918,4.612,16000,1,89a73d46990602d4f52eb8b0382349fb6ce96aa2a399e7ec44751668bfc664b1,augmentation of SS-MAC-0669,CC-BY-4.0
SS-MAC-0669-A2,augmented/machinery_fault/SS-MAC-0669-A2.wav,Machinery Fault,SS-MAC-0669,train,augmented,reverb,2533279884,5.0,16000,1,1b84b5bd54dfd4a74ab66efaef00809507fb64f94d412721b4a682fa9c0a3b9d,augmentation of SS-MAC-0669,CC-BY-4.0
SS-MAC-0670-A1,augmented/machinery_fault/SS-MAC-0670-A1.wav,Machinery Fault,SS-MAC-0670,train,augmented,device,2257268504,5.0,16000,1,ffafa1daea8dd66d98af94a5cbd1f564c9a82295dcfc660a5fe3520a40d52c54,augmentation of SS-MAC-0670,CC-BY-4.0
SS-MAC-0670-A2,augmented/machinery_fault/SS-MAC-0670-A2.wav,Machinery Fault,SS-MAC-0670,train,augmented,noise,3243604362,5.0,16000,1,285d5316d5e4ff09c94196572e607a2ea38c8d0263df8c7016d552a49ed2a087,augmentation of SS-MAC-0670,CC-BY-4.0
SS-MAC-0672-A1,augmented/machinery_fault/SS-MAC-0672-A1.wav,Machinery Fault,SS-MAC-0672,train,augmented,pitch,1526947187,5.0,16000,1,1d1ca498c88192f0fc619ffaa91a9e03f4dffed6de4a9d3e26336659fbe7078f,augmentation of SS-MAC-0672,CC-BY-4.0
SS-MAC-0672-A2,augmented/machinery_fault/SS-MAC-0672-A2.wav,Machinery Fault,SS-MAC-0672,train,augmented,distance,1928314633,5.0,16000,1,415502f5b7ef0cbab5821cf3c2a9857ccb0ff9f9f1fd68c77271c61c07c8827e,augmentation of SS-MAC-0672,CC-BY-4.0
SS-MAC-0674-A1,augmented/machinery_fault/SS-MAC-0674-A1.wav,Machinery Fault,SS-MAC-0674,train,augmented,device,3298847672,5.0,16000,1,e6a5910f0d259061dffd47921a1838eaf4b5452c903acf351ec4a00266c52cf4,augmentation of SS-MAC-0674,CC-BY-4.0
SS-MAC-0674-A2,augmented/machinery_fault/SS-MAC-0674-A2.wav,Machinery Fault,SS-MAC-0674,train,augmented,reverb,997698628,5.0,16000,1,95bf8378a58cfa56302ea5fe9c31223d44b1f761e328993e6368ca1524dfdac6,augmentation of SS-MAC-0674,CC-BY-4.0
SS-MAC-0675-A1,augmented/machinery_fault/SS-MAC-0675-A1.wav,Machinery Fault,SS-MAC-0675,train,augmented,reverb,2919547748,5.0,16000,1,3379bfdc33826543c4ba6908587a67d3f314420172546869714f3e9afdd7a69c,augmentation of SS-MAC-0675,CC-BY-4.0
SS-MAC-0675-A2,augmented/machinery_fault/SS-MAC-0675-A2.wav,Machinery Fault,SS-MAC-0675,train,augmented,pitch,4012559035,5.0,16000,1,a60686ca61baadaab4a7ed60b8323dff1beaa1af160e0556f1e43831e0201548,augmentation of SS-MAC-0675,CC-BY-4.0
SS-MAC-0676-A1,augmented/machinery_fault/SS-MAC-0676-A1.wav,Machinery Fault,SS-MAC-0676,train,augmented,noise,1943193794,5.0,16000,1,91d30b1475aa6755bb763a54135368cddeb85afb2d281cd0a238814ebddac705,augmentation of SS-MAC-0676,CC-BY-4.0
SS-MAC-0676-A2,augmented/machinery_fault/SS-MAC-0676-A2.wav,Machinery Fault,SS-MAC-0676,train,augmented,volume,3954838983,5.0,16000,1,58d1574d08b3aead71a517fee7e5097888cd253d62b6b8caf9868e37bcf98b6e,augmentation of SS-MAC-0676,CC-BY-4.0
SS-MAC-0677-A1,augmented/machinery_fault/SS-MAC-0677-A1.wav,Machinery Fault,SS-MAC-0677,train,augmented,device,2160090768,5.0,16000,1,3fc2d67f1795233403b08140bdb80d6f49c8782bc8e9255538ab98818745e4b2,augmentation of SS-MAC-0677,CC-BY-4.0
SS-MAC-0677-A2,augmented/machinery_fault/SS-MAC-0677-A2.wav,Machinery Fault,SS-MAC-0677,train,augmented,distance,3008332593,5.0,16000,1,a28751649b8075907e38cb0b2e54aff673efdf12c958e5df1b0472c03b2a4622,augmentation of SS-MAC-0677,CC-BY-4.0
SS-MAC-0679-A1,augmented/machinery_fault/SS-MAC-0679-A1.wav,Machinery Fault,SS-MAC-0679,train,augmented,device,666807608,5.0,16000,1,ecac1885a20b792c954f95003b7b6a46dbd8d9fbbbc66d38aa48359b120545c5,augmentation of SS-MAC-0679,CC-BY-4.0
SS-MAC-0679-A2,augmented/machinery_fault/SS-MAC-0679-A2.wav,Machinery Fault,SS-MAC-0679,train,augmented,noise,766806794,5.0,16000,1,61305694c001418c0882d092cf2350666da93185789c1abec2d9b6785c7815ac,augmentation of SS-MAC-0679,CC-BY-4.0
SS-MAC-0680-A1,augmented/machinery_fault/SS-MAC-0680-A1.wav,Machinery Fault,SS-MAC-0680,train,augmented,noise,206694962,5.0,16000,1,cc34cf120dcc185bc66bc2095a4d1a9aaf42a3b2254fdc397fcf1085388ea82f,augmentation of SS-MAC-0680,CC-BY-4.0
SS-MAC-0680-A2,augmented/machinery_fault/SS-MAC-0680-A2.wav,Machinery Fault,SS-MAC-0680,train,augmented,stretch,3223002518,4.685,16000,1,644e4549a694ca50a144ed959b656073981ea50bef09e7b436865d2066ff7565,augmentation of SS-MAC-0680,CC-BY-4.0
SS-MAC-0681-A1,augmented/machinery_fault/SS-MAC-0681-A1.wav,Machinery Fault,SS-MAC-0681,train,augmented,noise,559725466,5.0,16000,1,ee852a47f2fadb5e089be1fca1649962c15d9bd0734adcbe3db56ed004e30ec0,augmentation of SS-MAC-0681,CC-BY-4.0
SS-MAC-0681-A2,augmented/machinery_fault/SS-MAC-0681-A2.wav,Machinery Fault,SS-MAC-0681,train,augmented,stretch,3572223630,5.41,16000,1,376df4a9a49c1840e00f3b3c300d2d4c42c8d2dc6c7cff797c76a87c6133a0ce,augmentation of SS-MAC-0681,CC-BY-4.0
SS-MAC-0682-A1,augmented/machinery_fault/SS-MAC-0682-A1.wav,Machinery Fault,SS-MAC-0682,train,augmented,reverb,645639980,5.0,16000,1,3472885445745bd0b4ba47e9ace94e198d6403d6da7a9f43568eb2342eccc185,augmentation of SS-MAC-0682,CC-BY-4.0
SS-MAC-0682-A2,augmented/machinery_fault/SS-MAC-0682-A2.wav,Machinery Fault,SS-MAC-0682,train,augmented,shift,3746819621,5.0,16000,1,95b1ca79a2e65177efccacb4c4b61e6a0db382e8b898eac2bc27c95362faec85,augmentation of SS-MAC-0682,CC-BY-4.0
SS-SCR-0001-A1,augmented/panic_scream/SS-SCR-0001-A1.wav,Panic Scream,SS-SCR-0001,train,augmented,noise,78239386,17.755,16000,1,260dd665a1eda524237985967e814fe727b64e134502b3fba41726cb052dd05e,augmentation of SS-SCR-0001,CC-BY-3.0
SS-SCR-0001-A2,augmented/panic_scream/SS-SCR-0001-A2.wav,Panic Scream,SS-SCR-0001,train,augmented,volume,1732763135,17.755,16000,1,0ad3f444ddf9e294bc7a28ef57bdc7ecf5d64aab009e132bc1aab8b16639509a,augmentation of SS-SCR-0001,CC-BY-3.0
SS-SCR-0002-A1,augmented/panic_scream/SS-SCR-0002-A1.wav,Panic Scream,SS-SCR-0002,train,augmented,stretch,589295782,3.842,16000,1,4eeb5449669656eef411fd4d5d544b5d79d6330cbdcf5f110dba3064a09b5ecf,augmentation of SS-SCR-0002,CC0-1.0
SS-SCR-0002-A2,augmented/panic_scream/SS-SCR-0002-A2.wav,Panic Scream,SS-SCR-0002,train,augmented,distance,4168938209,3.561,16000,1,bf8504c00b8955aa025b3c074bf7e017736b5c0263ebe0478e4e238f55729e52,augmentation of SS-SCR-0002,CC0-1.0
SS-SCR-0003-A1,augmented/panic_scream/SS-SCR-0003-A1.wav,Panic Scream,SS-SCR-0003,train,augmented,noise,2957304546,9.52,16000,1,0a3815e30a243f5f155a09d895b5da17e5d4408ff01e69c8fcef40d9b7098856,augmentation of SS-SCR-0003,CC-BY-3.0
SS-SCR-0003-A2,augmented/panic_scream/SS-SCR-0003-A2.wav,Panic Scream,SS-SCR-0003,train,augmented,distance,3512795745,9.52,16000,1,b6f97a9c29e98bfd8f9085c2384c6ce48e8441902ff503722e5cbe01135663fd,augmentation of SS-SCR-0003,CC-BY-3.0
SS-SCR-0004-A1,augmented/panic_scream/SS-SCR-0004-A1.wav,Panic Scream,SS-SCR-0004,train,augmented,reverb,1835100300,1.739,16000,1,e52c26c61102869630337c11c2912a6cc920541a1e656b1320aca57f050b7909,augmentation of SS-SCR-0004,CC-BY-3.0
SS-SCR-0004-A2,augmented/panic_scream/SS-SCR-0004-A2.wav,Panic Scream,SS-SCR-0004,train,augmented,device,3373936080,1.739,16000,1,7fa5c92c502bb2569fe1715d6534301e1772ea702ac43942ab65858da27e5366,augmentation of SS-SCR-0004,CC-BY-3.0
SS-SCR-0005-A1,augmented/panic_scream/SS-SCR-0005-A1.wav,Panic Scream,SS-SCR-0005,train,augmented,stretch,1609086574,1.211,16000,1,43065798719c81eb4508c1887cd44516ab2ce7de76086199f66f6eb6e7e0f04d,augmentation of SS-SCR-0005,CC-BY-3.0
SS-SCR-0005-A2,augmented/panic_scream/SS-SCR-0005-A2.wav,Panic Scream,SS-SCR-0005,train,augmented,noise,2345699842,1.306,16000,1,cc5bf794a52afb2ada04d1a0b18a3b617aa72f4fed5a0538fe4ff79e5ad2e6e3,augmentation of SS-SCR-0005,CC-BY-3.0
SS-SCR-0006-A1,augmented/panic_scream/SS-SCR-0006-A1.wav,Panic Scream,SS-SCR-0006,train,augmented,reverb,188455444,1.184,16000,1,32dd0dfd19f69dc534b75325c03f365e28cae625547304c953e7da19623e1336,augmentation of SS-SCR-0006,CC0-1.0
SS-SCR-0006-A2,augmented/panic_scream/SS-SCR-0006-A2.wav,Panic Scream,SS-SCR-0006,train,augmented,reverb,3615128148,1.184,16000,1,7f44a7fb113513f79b414287cb7968dbfc7a54d4a735e3fd01549b07bd0729d5,augmentation of SS-SCR-0006,CC0-1.0
SS-SCR-0007-A1,augmented/panic_scream/SS-SCR-0007-A1.wav,Panic Scream,SS-SCR-0007,train,augmented,noise,374372482,7.839,16000,1,ad863725ec87bc5d305f87613285c3dbb9b0a4c3da1b780e4c115b3eaeb1f7b7,augmentation of SS-SCR-0007,CC-BY-3.0
SS-SCR-0007-A2,augmented/panic_scream/SS-SCR-0007-A2.wav,Panic Scream,SS-SCR-0007,train,augmented,noise,3660322410,7.839,16000,1,ec9a6f2a3cd40705e37d19ab657d4ad9717e46a8b25ab92435dea7ac96e23373,augmentation of SS-SCR-0007,CC-BY-3.0
SS-SCR-0008-A1,augmented/panic_scream/SS-SCR-0008-A1.wav,Panic Scream,SS-SCR-0008,train,augmented,distance,3511034513,6.616,16000,1,aea018f28b62b49c8ec3874facf41c4a98e0ed4f4bbb58b26958f6da4d76c609,augmentation of SS-SCR-0008,CC0-1.0
SS-SCR-0008-A2,augmented/panic_scream/SS-SCR-0008-A2.wav,Panic Scream,SS-SCR-0008,train,augmented,noise,1134018866,6.616,16000,1,6376a217c9f97e9e1c3f511f4c0066b6e22260561fd81807a9b7deae0a6eb886,augmentation of SS-SCR-0008,CC0-1.0
SS-SCR-0010-A1,augmented/panic_scream/SS-SCR-0010-A1.wav,Panic Scream,SS-SCR-0010,train,augmented,reverb,511608332,7.149,16000,1,d0027ced64a8b86390dd82dda079670f02f1aab817ce6ace834004a6f4111fb9,augmentation of SS-SCR-0010,CC0-1.0
SS-SCR-0010-A2,augmented/panic_scream/SS-SCR-0010-A2.wav,Panic Scream,SS-SCR-0010,train,augmented,distance,1700685569,7.149,16000,1,3bc2c03730fad69f270ba72c5d74f05fcaea41fe8d194fffc45f04c0f78349bc,augmentation of SS-SCR-0010,CC0-1.0
SS-SCR-0011-A1,augmented/panic_scream/SS-SCR-0011-A1.wav,Panic Scream,SS-SCR-0011,train,augmented,noise,1771564594,9.822,16000,1,613a8793cd8908f46738f05dba00327e26b14968dcf9a81a50177a25a2605daf,augmentation of SS-SCR-0011,CC-BY-3.0
SS-SCR-0011-A2,augmented/panic_scream/SS-SCR-0011-A2.wav,Panic Scream,SS-SCR-0011,train,augmented,pitch,3372303395,9.822,16000,1,6e8406539e471fe3d9768722ec58b10fa843e2d0890415d32c40eb923adf0514,augmentation of SS-SCR-0011,CC-BY-3.0
SS-SCR-0012-A1,augmented/panic_scream/SS-SCR-0012-A1.wav,Panic Scream,SS-SCR-0012,train,augmented,volume,422278487,3.158,16000,1,c5102c638b1c299c655b024c0c492b4a71046b8ecc2dc17b4be4e26fa4a3a31c,augmentation of SS-SCR-0012,CC0-1.0
SS-SCR-0012-A2,augmented/panic_scream/SS-SCR-0012-A2.wav,Panic Scream,SS-SCR-0012,train,augmented,volume,2032218663,3.158,16000,1,7ba22d4cec5c4c1df1864f47fe08a424b6322940a4098252d79845afcdb751ee,augmentation of SS-SCR-0012,CC0-1.0
SS-SCR-0014-A1,augmented/panic_scream/SS-SCR-0014-A1.wav,Panic Scream,SS-SCR-0014,train,augmented,shift,605992005,3.868,16000,1,ee095983626ec1b437dba70057ad8b99c2970737a69adad37d8e3124f055165c,augmentation of SS-SCR-0014,CC-BY-3.0
SS-SCR-0014-A2,augmented/panic_scream/SS-SCR-0014-A2.wav,Panic Scream,SS-SCR-0014,train,augmented,volume,3571960111,3.868,16000,1,f82e9aa7df4c5440aeb26fc591cf8b237295c91e6ba6f9fcd4e3c248dfec0f45,augmentation of SS-SCR-0014,CC-BY-3.0
SS-SCR-0015-A1,augmented/panic_scream/SS-SCR-0015-A1.wav,Panic Scream,SS-SCR-0015,train,augmented,reverb,666181580,2.688,16000,1,dc3f201613debb004df48653fb50f67a3e5428193797adfea7b21ba95c7187f4,augmentation of SS-SCR-0015,CC0-1.0
SS-SCR-0015-A2,augmented/panic_scream/SS-SCR-0015-A2.wav,Panic Scream,SS-SCR-0015,train,augmented,volume,2567727575,2.688,16000,1,42986c1c576752553b776967117230247524d839254f12898004b8069ee00c1e,augmentation of SS-SCR-0015,CC0-1.0
SS-SCR-0016-A1,augmented/panic_scream/SS-SCR-0016-A1.wav,Panic Scream,SS-SCR-0016,train,augmented,distance,4215599041,6.6,16000,1,1114db6b2dee2a9de86df91d0794aff66db4cead524062664c81ae0b32bea3e0,augmentation of SS-SCR-0016,CC0-1.0
SS-SCR-0016-A2,augmented/panic_scream/SS-SCR-0016-A2.wav,Panic Scream,SS-SCR-0016,train,augmented,shift,1441970157,6.6,16000,1,720b30492339356fa9dc372b73af9e66b1a3d2d1243236d4fc556caf90802115,augmentation of SS-SCR-0016,CC0-1.0
SS-SCR-0018-A1,augmented/panic_scream/SS-SCR-0018-A1.wav,Panic Scream,SS-SCR-0018,train,augmented,pitch,2717355771,3.402,16000,1,6f105d0341a30a738051879f1c00000849ffe01b3c978bb943bff419a45ea37b,augmentation of SS-SCR-0018,CC0-1.0
SS-SCR-0018-A2,augmented/panic_scream/SS-SCR-0018-A2.wav,Panic Scream,SS-SCR-0018,train,augmented,distance,777624729,3.402,16000,1,bb0be96bbf997894b530946623d91fd1c4fa05a47ee8d1791010324c6d51cf9d,augmentation of SS-SCR-0018,CC0-1.0
SS-SCR-0019-A1,augmented/panic_scream/SS-SCR-0019-A1.wav,Panic Scream,SS-SCR-0019,train,augmented,stretch,2383396550,0.907,16000,1,a487f89c3266408e2d427aa0dfdaa3d28ae4843700e0909d4ddfeb98a21a1ff5,augmentation of SS-SCR-0019,CC0-1.0
SS-SCR-0019-A2,augmented/panic_scream/SS-SCR-0019-A2.wav,Panic Scream,SS-SCR-0019,train,augmented,device,1226154120,0.874,16000,1,e12883c6d188fbb9275dfdd2e3924c5a6674ec744ccd014e061ef0f15d67d044,augmentation of SS-SCR-0019,CC0-1.0
SS-SCR-0020-A1,augmented/panic_scream/SS-SCR-0020-A1.wav,Panic Scream,SS-SCR-0020,train,augmented,stretch,194393518,2.313,16000,1,f9d128f45dce256587b3f87e48dc12381cb849e72fac61a1c0f6128012bfc008,augmentation of SS-SCR-0020,CC0-1.0
SS-SCR-0020-A2,augmented/panic_scream/SS-SCR-0020-A2.wav,Panic Scream,SS-SCR-0020,train,augmented,volume,1894666407,2.287,16000,1,92e517f338e2a39a23b8af6cc34aae624581efff5d8e567516c833bacaa38097,augmentation of SS-SCR-0020,CC0-1.0
SS-SCR-0021-A1,augmented/panic_scream/SS-SCR-0021-A1.wav,Panic Scream,SS-SCR-0021,train,augmented,reverb,325985324,0.86,16000,1,3da6b4a1f423454a17f5ff319d3624a07cf7e077785d37a22dc9d1a23370ab1e,augmentation of SS-SCR-0021,CC0-1.0
SS-SCR-0021-A2,augmented/panic_scream/SS-SCR-0021-A2.wav,Panic Scream,SS-SCR-0021,train,augmented,device,4148203600,0.86,16000,1,b784db641c5f34372c44c9a1ae5d2b1a412c9a0a556ca74b4929fc0d79cbf699,augmentation of SS-SCR-0021,CC0-1.0
SS-SCR-0022-A1,augmented/panic_scream/SS-SCR-0022-A1.wav,Panic Scream,SS-SCR-0022,train,augmented,device,906270360,5.731,16000,1,30ffcbeda5842381c0f1a0d30cf7c325156f5d12e63ace00d5173ed476a6ea60,augmentation of SS-SCR-0022,CC-BY-3.0
SS-SCR-0022-A2,augmented/panic_scream/SS-SCR-0022-A2.wav,Panic Scream,SS-SCR-0022,train,augmented,shift,971586725,5.731,16000,1,686f29f84dd59ff5b75149512fd219617ee20495883724e2453fa31552f17452,augmentation of SS-SCR-0022,CC-BY-3.0
SS-SCR-0023-A1,augmented/panic_scream/SS-SCR-0023-A1.wav,Panic Scream,SS-SCR-0023,train,augmented,shift,3591300373,6.042,16000,1,04f75dc20674bb434dddb47083d42da174ddc53db8cee6b894a0f95ff08e5f98,augmentation of SS-SCR-0023,CC-BY-3.0
SS-SCR-0023-A2,augmented/panic_scream/SS-SCR-0023-A2.wav,Panic Scream,SS-SCR-0023,train,augmented,stretch,4131290614,6.763,16000,1,6ed1fdbadb4b621f4f1c9bb37053957f2e7bff935de242bfd3ce52e201e856ab,augmentation of SS-SCR-0023,CC-BY-3.0
SS-SCR-0025-A1,augmented/panic_scream/SS-SCR-0025-A1.wav,Panic Scream,SS-SCR-0025,train,augmented,volume,422250567,3.408,16000,1,d81808085b34f74256e2c46a4ca06ebf07091587f8ab50659d28fbee1acc5948,augmentation of SS-SCR-0025,CC0-1.0
SS-SCR-0025-A2,augmented/panic_scream/SS-SCR-0025-A2.wav,Panic Scream,SS-SCR-0025,train,augmented,volume,1726897311,3.408,16000,1,96bdb29b514827a15f641eef9215df08792785f358caf7ba91055f00bf92f766,augmentation of SS-SCR-0025,CC0-1.0
SS-SCR-0026-A1,augmented/panic_scream/SS-SCR-0026-A1.wav,Panic Scream,SS-SCR-0026,train,augmented,distance,2385328945,2.803,16000,1,f65abd88413a71cc9596f19e532c6d800726c7549761b332938b6c5aa613bbbf,augmentation of SS-SCR-0026,CC0-1.0
SS-SCR-0026-A2,augmented/panic_scream/SS-SCR-0026-A2.wav,Panic Scream,SS-SCR-0026,train,augmented,stretch,554068886,2.861,16000,1,5fefeb6bc830b10b534e1b29dad253732c5076c2bbafe653a73db8e7abea68f9,augmentation of SS-SCR-0026,CC0-1.0
SS-SCR-0027-A1,augmented/panic_scream/SS-SCR-0027-A1.wav,Panic Scream,SS-SCR-0027,train,augmented,volume,793686535,101.808,16000,1,1212dfc06791c238bb487c35e2da39716240f88c30871b6f259e483ba792fd5a,augmentation of SS-SCR-0027,CC-BY-3.0
SS-SCR-0027-A2,augmented/panic_scream/SS-SCR-0027-A2.wav,Panic Scream,SS-SCR-0027,train,augmented,reverb,647768036,101.808,16000,1,de1f66c22b250a04551e04bb7078981ea135f663e26338e2b1f237fdad57c970,augmentation of SS-SCR-0027,CC-BY-3.0
SS-SCR-0032-A1,augmented/panic_scream/SS-SCR-0032-A1.wav,Panic Scream,SS-SCR-0032,train,augmented,device,2906480528,24.583,16000,1,4b17634af51471a71e530d3fa778403b4a0cd2127e01f85a90f83f5726c9abd6,augmentation of SS-SCR-0032,CC0-1.0
SS-SCR-0032-A2,augmented/panic_scream/SS-SCR-0032-A2.wav,Panic Scream,SS-SCR-0032,train,augmented,reverb,2828251700,24.583,16000,1,bc5df3123e3a8b8c09c7e0f3bf43c09a2e61054e020e2e96633810c0141e6a3a,augmentation of SS-SCR-0032,CC0-1.0
SS-SCR-0033-A1,augmented/panic_scream/SS-SCR-0033-A1.wav,Panic Scream,SS-SCR-0033,train,augmented,stretch,1526854822,2.538,16000,1,8c6c5e26e7e3f0f5ecb4b8d755a1a0093974bd46769ae9b79f897dbf6225cdec,augmentation of SS-SCR-0033,CC-BY-3.0
SS-SCR-0033-A2,augmented/panic_scream/SS-SCR-0033-A2.wav,Panic Scream,SS-SCR-0033,train,augmented,stretch,4249342398,3.01,16000,1,88456c7253eac1da776020fed212a99a2cf4a210ae8ced778640e634afe5fc80,augmentation of SS-SCR-0033,CC-BY-3.0
SS-SCR-0035-A1,augmented/panic_scream/SS-SCR-0035-A1.wav,Panic Scream,SS-SCR-0035,train,augmented,reverb,161052572,7.822,16000,1,76d8cce382e027b236cce6b48232c758aa37ea69a713889d81f5f1c91450318a,augmentation of SS-SCR-0035,CC-BY-3.0
SS-SCR-0035-A2,augmented/panic_scream/SS-SCR-0035-A2.wav,Panic Scream,SS-SCR-0035,train,augmented,stretch,4119599806,8.67,16000,1,88431c966a0cb044fe1db79e03222a5028968bd0406cd6f971d3b2ae996571da,augmentation of SS-SCR-0035,CC-BY-3.0
SS-SCR-0036-A1,augmented/panic_scream/SS-SCR-0036-A1.wav,Panic Scream,SS-SCR-0036,train,augmented,shift,2036741429,0.677,16000,1,3cb81a30462bb63fc3c269b28d3c8f478263b0010bbc459e30387c4bab4933b9,augmentation of SS-SCR-0036,CC-BY-3.0
SS-SCR-0036-A2,augmented/panic_scream/SS-SCR-0036-A2.wav,Panic Scream,SS-SCR-0036,train,augmented,reverb,87197388,0.677,16000,1,f50526944303aaa4d3a1557b3b18609b6c7c2f86acd33769cc527ef8a3e9a708,augmentation of SS-SCR-0036,CC-BY-3.0
SS-SCR-0037-A1,augmented/panic_scream/SS-SCR-0037-A1.wav,Panic Scream,SS-SCR-0037,train,augmented,distance,667483673,1.84,16000,1,e732eaccb97283858e3883e56e61c03aa4cda4f9d4cfffe7162a754100f2f2f7,augmentation of SS-SCR-0037,CC-BY-3.0
SS-SCR-0037-A2,augmented/panic_scream/SS-SCR-0037-A2.wav,Panic Scream,SS-SCR-0037,train,augmented,shift,2477064877,1.84,16000,1,c4a84b5a7bf32048faf0a73866ab26d5599239af522e3e241b5116b87f424f39,augmentation of SS-SCR-0037,CC-BY-3.0
SS-SCR-0039-A1,augmented/panic_scream/SS-SCR-0039-A1.wav,Panic Scream,SS-SCR-0039,train,augmented,noise,3487049650,3.408,16000,1,feb4f1af3c974a8e4b33dcca50260cf27adc7da2f567e0296c32f4fdb66cec3f,augmentation of SS-SCR-0039,CC0-1.0
SS-SCR-0039-A2,augmented/panic_scream/SS-SCR-0039-A2.wav,Panic Scream,SS-SCR-0039,train,augmented,volume,769913655,3.408,16000,1,0b9eb5927437317d227e74ac980a2be877f86d2a0d90c8d0c25391a6a77eda71,augmentation of SS-SCR-0039,CC0-1.0
SS-SCR-0040-A1,augmented/panic_scream/SS-SCR-0040-A1.wav,Panic Scream,SS-SCR-0040,train,augmented,pitch,1817332499,1.248,16000,1,1bb5e40cc7080fa8db7f7689a0f23375cec886a0c38819887c9984c07e713769,augmentation of SS-SCR-0040,CC0-1.0
SS-SCR-0040-A2,augmented/panic_scream/SS-SCR-0040-A2.wav,Panic Scream,SS-SCR-0040,train,augmented,shift,3128112493,1.248,16000,1,b7490e500751c33446ee7c9a0b8e9b6d304a7aa3cd84486099e218b3e50bb7dc,augmentation of SS-SCR-0040,CC0-1.0
SS-SCR-0042-A1,augmented/panic_scream/SS-SCR-0042-A1.wav,Panic Scream,SS-SCR-0042,train,augmented,shift,2242246181,1.814,16000,1,1b997585b85db3f0677e13abb428767b99406c3718325244bb452346aa8cb64d,augmentation of SS-SCR-0042,CC-BY-3.0
SS-SCR-0042-A2,augmented/panic_scream/SS-SCR-0042-A2.wav,Panic Scream,SS-SCR-0042,train,augmented,device,3999039656,1.814,16000,1,b9546f8cf564ce0a67eb7651adff867ea04e92fa8ae5e390a7eb55467617e04f,augmentation of SS-SCR-0042,CC-BY-3.0
SS-SCR-0044-A1,augmented/panic_scream/SS-SCR-0044-A1.wav,Panic Scream,SS-SCR-0044,train,augmented,pitch,4201405443,1.782,16000,1,ce620d9c963ccd7c9194b18839a042b35485f9306debbc6a3f6854d99e6f7934,augmentation of SS-SCR-0044,CC-BY-3.0
SS-SCR-0044-A2,augmented/panic_scream/SS-SCR-0044-A2.wav,Panic Scream,SS-SCR-0044,train,augmented,reverb,1815697892,1.782,16000,1,661e6170c49a7ae4f73a156ae8cc31ff62ed0cf65b58a9f24312c7aa763663a4,augmentation of SS-SCR-0044,CC-BY-3.0
SS-SCR-0045-A1,augmented/panic_scream/SS-SCR-0045-A1.wav,Panic Scream,SS-SCR-0045,train,augmented,volume,661128223,4.538,16000,1,3d267b0e87ce57dbd20aac2b62427ca053c3a346ab8bff46ecd05a8a33c2ba95,augmentation of SS-SCR-0045,CC-BY-3.0
SS-SCR-0045-A2,augmented/panic_scream/SS-SCR-0045-A2.wav,Panic Scream,SS-SCR-0045,train,augmented,shift,3717222693,4.538,16000,1,da9a4eafc298dd9d68add0bc7372cf84d2c8ae220848aa92a01bda1dd5c68336,augmentation of SS-SCR-0045,CC-BY-3.0
SS-SCR-0046-A1,augmented/panic_scream/SS-SCR-0046-A1.wav,Panic Scream,SS-SCR-0046,train,augmented,distance,1638887417,1.687,16000,1,b73bfb7cba8c27f98ecc47bb5658776673cc4104d3fa189a3efb53ee418ba603,augmentation of SS-SCR-0046,CC0-1.0
SS-SCR-0046-A2,augmented/panic_scream/SS-SCR-0046-A2.wav,Panic Scream,SS-SCR-0046,train,augmented,shift,433392325,1.687,16000,1,8bb74d422ea75ddbe6ce6df4fcbb6e45357147c71538403fe7f4ad923c6be756,augmentation of SS-SCR-0046,CC0-1.0
SS-SCR-0047-A1,augmented/panic_scream/SS-SCR-0047-A1.wav,Panic Scream,SS-SCR-0047,train,augmented,device,2385275192,0.732,16000,1,456e9984a84800530451bb98b0263fad9c4b743bc9717262cfc7c885c2a84690,augmentation of SS-SCR-0047,CC0-1.0
SS-SCR-0047-A2,augmented/panic_scream/SS-SCR-0047-A2.wav,Panic Scream,SS-SCR-0047,train,augmented,reverb,4292865612,0.732,16000,1,07b8b5dee5f67c531ba041042c2d7fc47079ca870b03edbb4d5702e7c3d96ae1,augmentation of SS-SCR-0047,CC0-1.0
SS-SCR-0048-A1,augmented/panic_scream/SS-SCR-0048-A1.wav,Panic Scream,SS-SCR-0048,train,augmented,shift,711229853,3.0,16000,1,7b4290d24d879a0e0153c3f2a5ef02d010af841dc9f026c5b65dc6320ebedad4,augmentation of SS-SCR-0048,CC0-1.0
SS-SCR-0048-A2,augmented/panic_scream/SS-SCR-0048-A2.wav,Panic Scream,SS-SCR-0048,train,augmented,shift,772059277,3.0,16000,1,f3a6db1692f81294292ef670ec3e942d0fc987068c59c965a3294e9d4cdef95a,augmentation of SS-SCR-0048,CC0-1.0
SS-SCR-0049-A1,augmented/panic_scream/SS-SCR-0049-A1.wav,Panic Scream,SS-SCR-0049,train,augmented,shift,2167310757,1.425,16000,1,100e777c269b6eff468d80a9698d54cb22341dc42865869bb42f336025a5f87d,augmentation of SS-SCR-0049,CC0-1.0
SS-SCR-0049-A2,augmented/panic_scream/SS-SCR-0049-A2.wav,Panic Scream,SS-SCR-0049,train,augmented,pitch,217516435,1.425,16000,1,2ae836f0805171bc1c659d42310716929c078c180266de3031fb4a804af997dc,augmentation of SS-SCR-0049,CC0-1.0
SS-SCR-0050-A1,augmented/panic_scream/SS-SCR-0050-A1.wav,Panic Scream,SS-SCR-0050,train,augmented,noise,4159735490,3.839,16000,1,39839f21b1f4860eca295098e62258505231bec8dd4f2755a4e7cda34c61a657,augmentation of SS-SCR-0050,CC0-1.0
SS-SCR-0050-A2,augmented/panic_scream/SS-SCR-0050-A2.wav,Panic Scream,SS-SCR-0050,train,augmented,volume,961170895,3.839,16000,1,70c1c41d8da0c8e516385b2d46f670bffe2ac40644e57ea4c024ea74e1ed2d18,augmentation of SS-SCR-0050,CC0-1.0
SS-SCR-0051-A1,augmented/panic_scream/SS-SCR-0051-A1.wav,Panic Scream,SS-SCR-0051,train,augmented,distance,2732810297,5.678,16000,1,40fdf609c86f8c051eeb52754cc41803501e5c1cf7dbfccd566569eb3fed2e1b,augmentation of SS-SCR-0051,CC-BY-3.0
SS-SCR-0051-A2,augmented/panic_scream/SS-SCR-0051-A2.wav,Panic Scream,SS-SCR-0051,train,augmented,shift,1074019469,5.678,16000,1,afac913f34fa0e3e73651e4cf243811373f93bba7be95902dff1048dc445900b,augmentation of SS-SCR-0051,CC-BY-3.0
SS-SCR-0052-A1,augmented/panic_scream/SS-SCR-0052-A1.wav,Panic Scream,SS-SCR-0052,train,augmented,reverb,2386223428,27.173,16000,1,38590cfe00f28cb9e2bb17e586d1f8a470404974689ade43872c9b5d4cff6865,augmentation of SS-SCR-0052,CC0-1.0
SS-SCR-0052-A2,augmented/panic_scream/SS-SCR-0052-A2.wav,Panic Scream,SS-SCR-0052,train,augmented,stretch,3479509662,23.956,16000,1,59bd8f32de9e25f5399000cb5d859c94d3797c448adf6f84d1b308306f74c6b7,augmentation of SS-SCR-0052,CC0-1.0
SS-SCR-0054-A1,augmented/panic_scream/SS-SCR-0054-A1.wav,Panic Scream,SS-SCR-0054,train,augmented,noise,1460164490,3.12,16000,1,59ca07d4670d796ac97a1bd9e25a71030f38f9ad41e0230a3d8eb3ae00ac3cd1,augmentation of SS-SCR-0054,CC0-1.0
SS-SCR-0054-A2,augmented/panic_scream/SS-SCR-0054-A2.wav,Panic Scream,SS-SCR-0054,train,augmented,pitch,3309193411,3.12,16000,1,ccfdff3bcaea415bcd8e027bdccc448cacc2dc77077d8f4afc86ea11ecb69902,augmentation of SS-SCR-0054,CC0-1.0
SS-SCR-0055-A1,augmented/panic_scream/SS-SCR-0055-A1.wav,Panic Scream,SS-SCR-0055,train,augmented,shift,2370121997,1.091,16000,1,519f565d75e07cfae62553004a78b2f3240233ed47edbcbf716bf2db69fc8c13,augmentation of SS-SCR-0055,CC-BY-3.0
SS-SCR-0055-A2,augmented/panic_scream/SS-SCR-0055-A2.wav,Panic Scream,SS-SCR-0055,train,augmented,volume,3634884967,1.091,16000,1,a5576f1e02fe39ee6588b4cdf4a13b9464b0f8dcb1764f81b1b23c208b8246cb,augmentation of SS-SCR-0055,CC-BY-3.0
SS-SCR-0056-A1,augmented/panic_scream/SS-SCR-0056-A1.wav,Panic Scream,SS-SCR-0056,train,augmented,stretch,2978498614,1.763,16000,1,7674182e72111e5c9398920a2b3ab570410fe2c97c5c5df5868f492e4808bc4d,augmentation of SS-SCR-0056,CC0-1.0
SS-SCR-0056-A2,augmented/panic_scream/SS-SCR-0056-A2.wav,Panic Scream,SS-SCR-0056,train,augmented,reverb,2049476068,1.602,16000,1,2446e114346240c57644400dea6fd050ae2f5f4468afa13da58c4cd11d6286b4,augmentation of SS-SCR-0056,CC0-1.0
SS-SCR-0057-A1,augmented/panic_scream/SS-SCR-0057-A1.wav,Panic Scream,SS-SCR-0057,train,augmented,device,4160533360,4.807,16000,1,3ccc255d25dd6ed465bbbab20ee3b9965e5ff586de296f5a47628362a12c59c9,augmentation of SS-SCR-0057,CC0-1.0
SS-SCR-0057-A2,augmented/panic_scream/SS-SCR-0057-A2.wav,Panic Scream,SS-SCR-0057,train,augmented,noise,1475145738,4.807,16000,1,2b2b2041ef1281482a8036336c394868348e6773f86b1f03115539238250b830,augmentation of SS-SCR-0057,CC0-1.0
SS-SCR-0058-A1,augmented/panic_scream/SS-SCR-0058-A1.wav,Panic Scream,SS-SCR-0058,train,augmented,shift,608429013,29.751,16000,1,9c88607ec2b93e8d7f6bfd78f29face11aac105fb5aec1b9334302cbd082a4b3,augmentation of SS-SCR-0058,CC-BY-3.0
SS-SCR-0058-A2,augmented/panic_scream/SS-SCR-0058-A2.wav,Panic Scream,SS-SCR-0058,train,augmented,stretch,3385042718,26.042,16000,1,445a3d2d0a2ed908b39b8ba62fb494c5421992d4999bcad17e4e6034192e1391,augmentation of SS-SCR-0058,CC-BY-3.0
SS-SCR-0059-A1,augmented/panic_scream/SS-SCR-0059-A1.wav,Panic Scream,SS-SCR-0059,train,augmented,device,679509216,1.884,16000,1,60ebed38ce7458b32de1e91236fdbe724ccd58d6284016b4d7c234b0768d457e,augmentation of SS-SCR-0059,CC0-1.0
SS-SCR-0059-A2,augmented/panic_scream/SS-SCR-0059-A2.wav,Panic Scream,SS-SCR-0059,train,augmented,reverb,2062810292,1.884,16000,1,d1b968032b30ddfb5b2df2648ed2702df549743599fc8402a7c31e85ba3e6a3b,augmentation of SS-SCR-0059,CC0-1.0
SS-SCR-0060-A1,augmented/panic_scream/SS-SCR-0060-A1.wav,Panic Scream,SS-SCR-0060,train,augmented,shift,1150205853,3.499,16000,1,d348dab547cbdcecf693d2465085a109eb447e22b7d1f52f5c113a509a91cc74,augmentation of SS-SCR-0060,CC-BY-3.0
SS-SCR-0060-A2,augmented/panic_scream/SS-SCR-0060-A2.wav,Panic Scream,SS-SCR-0060,train,augmented,noise,245634322,3.499,16000,1,005581b253a10bffd969a8d82f52609e13bbf22e88dc4b7e8b9f5ab7590d7059,augmentation of SS-SCR-0060,CC-BY-3.0
SS-SCR-0062-A1,augmented/panic_scream/SS-SCR-0062-A1.wav,Panic Scream,SS-SCR-0062,train,augmented,noise,2528882994,12.347,16000,1,a7a452a1cf4a038546e858d0e70f9c984a1e501a84fa1ceb6a0bc92e8e829ca8,augmentation of SS-SCR-0062,CC0-1.0
SS-SCR-0062-A2,augmented/panic_scream/SS-SCR-0062-A2.wav,Panic Scream,SS-SCR-0062,train,augmented,device,2812203064,12.347,16000,1,27860c5e891260a5f8cdc5aa16f170f0bf8d139be3855fc85a073cf720dd3126,augmentation of SS-SCR-0062,CC0-1.0
SS-SCR-0067-A1,augmented/panic_scream/SS-SCR-0067-A1.wav,Panic Scream,SS-SCR-0067,train,augmented,stretch,3247628710,2.811,16000,1,64785950870b1b179a58931ef61ac9f77859938f1cda44611351fa8d2e426964,augmentation of SS-SCR-0067,CC0-1.0
SS-SCR-0067-A2,augmented/panic_scream/SS-SCR-0067-A2.wav,Panic Scream,SS-SCR-0067,train,augmented,shift,3604363229,2.754,16000,1,45b34ac20b9151d831d0fd066f75c43f85f29dbbcfdb2fb8aca6019381829da2,augmentation of SS-SCR-0067,CC0-1.0
SS-SCR-0068-A1,augmented/panic_scream/SS-SCR-0068-A1.wav,Panic Scream,SS-SCR-0068,train,augmented,volume,4276329671,24.156,16000,1,c208f8595f8cbbb5a8502770629345057a48cf6ad6427d5aa6eea0f5b62ef3af,augmentation of SS-SCR-0068,CC0-1.0
SS-SCR-0068-A2,augmented/panic_scream/SS-SCR-0068-A2.wav,Panic Scream,SS-SCR-0068,train,augmented,noise,1233759066,24.156,16000,1,e20bf0b1d43b7ea2330b34f25d71e83f924fc48984c1810a4ed3756602a2a281,augmentation of SS-SCR-0068,CC0-1.0
SS-SCR-0069-A1,augmented/panic_scream/SS-SCR-0069-A1.wav,Panic Scream,SS-SCR-0069,train,augmented,pitch,1682950483,3.837,16000,1,6e037bcbcd23e67ee4f418e256240112df263dd35f3426f2445098cd92c5d637,augmentation of SS-SCR-0069,CC0-1.0
SS-SCR-0069-A2,augmented/panic_scream/SS-SCR-0069-A2.wav,Panic Scream,SS-SCR-0069,train,augmented,stretch,2786944478,3.378,16000,1,8e0555af907f7bbec390044575c8ec44b06305c8d7e4ce2259fc955498743317,augmentation of SS-SCR-0069,CC0-1.0
SS-SCR-0070-A1,augmented/panic_scream/SS-SCR-0070-A1.wav,Panic Scream,SS-SCR-0070,train,augmented,reverb,100006124,1.59,16000,1,6b86cfdab98f98f63e760bbbdfdb76109aa6943c776b29782e5bcd8c64a8ea7c,augmentation of SS-SCR-0070,CC0-1.0
SS-SCR-0070-A2,augmented/panic_scream/SS-SCR-0070-A2.wav,Panic Scream,SS-SCR-0070,train,augmented,shift,3899239725,1.59,16000,1,74039106acb3a9164760a3c254b9d36b5e3a649d3fd37878a225306ac40781ea,augmentation of SS-SCR-0070,CC0-1.0
SS-SCR-0071-A1,augmented/panic_scream/SS-SCR-0071-A1.wav,Panic Scream,SS-SCR-0071,train,augmented,noise,1861436538,1.442,16000,1,aab4aea62b6a5ac638ec1575eea70b130e5f67556624f1d53fefac45228c1182,augmentation of SS-SCR-0071,CC0-1.0
SS-SCR-0071-A2,augmented/panic_scream/SS-SCR-0071-A2.wav,Panic Scream,SS-SCR-0071,train,augmented,reverb,407895212,1.442,16000,1,f1cab409a85a9af95e9612e3ff1a797621397eaac2c20ba31af789f31632c80c,augmentation of SS-SCR-0071,CC0-1.0
SS-SCR-0072-A1,augmented/panic_scream/SS-SCR-0072-A1.wav,Panic Scream,SS-SCR-0072,train,augmented,distance,1621815433,1.0,16000,1,829f5a21e264e71cfd468725cf0290ee15e361206e1f232b1fb96a5e4118240b,augmentation of SS-SCR-0072,CC-BY-3.0
SS-SCR-0072-A2,augmented/panic_scream/SS-SCR-0072-A2.wav,Panic Scream,SS-SCR-0072,train,augmented,device,2811965040,1.0,16000,1,cdc3877a1fb1d58256343e7eaa7dc407c71a6d0c1c876ef2bab8b818dac431c3,augmentation of SS-SCR-0072,CC-BY-3.0
SS-SCR-0074-A1,augmented/panic_scream/SS-SCR-0074-A1.wav,Panic Scream,SS-SCR-0074,train,augmented,device,618653336,3.653,16000,1,e1c46f7773a636e033f311c19114fc02851983c9c1da80bcf79eb1c561504ef9,augmentation of SS-SCR-0074,CC-BY-3.0
SS-SCR-0074-A2,augmented/panic_scream/SS-SCR-0074-A2.wav,Panic Scream,SS-SCR-0074,train,augmented,volume,2132240167,3.653,16000,1,04d41c9ce1f58a6ca29d8ffdbd5a88969b5d817fb81cae579df00992cc6153b3,augmentation of SS-SCR-0074,CC-BY-3.0
SS-SCR-0075-A1,augmented/panic_scream/SS-SCR-0075-A1.wav,Panic Scream,SS-SCR-0075,train,augmented,volume,1630043039,0.511,16000,1,7242f4d6333d21080d52b4ab0255e9e514f15ce06a71ae5f62c67b4d381e3146,augmentation of SS-SCR-0075,CC0-1.0
SS-SCR-0075-A2,augmented/panic_scream/SS-SCR-0075-A2.wav,Panic Scream,SS-SCR-0075,train,augmented,stretch,3703825742,0.532,16000,1,0226daa09031482e5382d1cd44d65aff0ebef286c39b2e50327d141312ba97dd,augmentation of SS-SCR-0075,CC0-1.0
SS-SCR-0076-A1,augmented/panic_scream/SS-SCR-0076-A1.wav,Panic Scream,SS-SCR-0076,train,augmented,reverb,3058992292,0.731,16000,1,d5cb9e089903735ec37e7dc0931686ac62d2460b356c051c0f85653f469dd630,augmentation of SS-SCR-0076,CC-BY-3.0
SS-SCR-0076-A2,augmented/panic_scream/SS-SCR-0076-A2.wav,Panic Scream,SS-SCR-0076,train,augmented,volume,406315087,0.731,16000,1,4388fb13d45ce2558c9f4da3bf6fff57cb6d95dc4276e951f5019a2fce186093,augmentation of SS-SCR-0076,CC-BY-3.0
SS-SCR-0077-A1,augmented/panic_scream/SS-SCR-0077-A1.wav,Panic Scream,SS-SCR-0077,train,augmented,stretch,216660086,1.48,16000,1,95a57a33c81a268f43c103b812ac002c0736470001e706afcc6aa6b3deb60913,augmentation of SS-SCR-0077,CC-BY-3.0
SS-SCR-0077-A2,augmented/panic_scream/SS-SCR-0077-A2.wav,Panic Scream,SS-SCR-0077,train,augmented,stretch,3089015294,1.241,16000,1,bac1c9ae32af48d87998772edff6668e5c55652ddb2ee9378074770c620c422b,augmentation of SS-SCR-0077,CC-BY-3.0
SS-SCR-0078-A1,augmented/panic_scream/SS-SCR-0078-A1.wav,Panic Scream,SS-SCR-0078,train,augmented,stretch,2388117870,1.86,16000,1,fd31414cb1efd694b95ce77907a2c3cd34b1dca99520268896306bb04d51f8bf,augmentation of SS-SCR-0078,CC0-1.0
SS-SCR-0078-A2,augmented/panic_scream/SS-SCR-0078-A2.wav,Panic Scream,SS-SCR-0078,train,augmented,stretch,3153478686,1.942,16000,1,510a7ab0ba0c4d8ee2d2ab270009d394aae49b3a4a0b8889843457b86ba2d725,augmentation of SS-SCR-0078,CC0-1.0
SS-SCR-0079-A1,augmented/panic_scream/SS-SCR-0079-A1.wav,Panic Scream,SS-SCR-0079,train,augmented,pitch,2839171275,1.324,16000,1,fc04cf3b25564dfdf9acb3c4eaf404195db9db1e0af8821f3a10e39080a4db01,augmentation of SS-SCR-0079,CC-BY-3.0
SS-SCR-0079-A2,augmented/panic_scream/SS-SCR-0079-A2.wav,Panic Scream,SS-SCR-0079,train,augmented,reverb,360169060,1.324,16000,1,4610010ee52d42ae1f035044d77d2240620eb25016e3e972e4caa3b8f7a8552b,augmentation of SS-SCR-0079,CC-BY-3.0
SS-SCR-0080-A1,augmented/panic_scream/SS-SCR-0080-A1.wav,Panic Scream,SS-SCR-0080,train,augmented,stretch,1249239310,2.791,16000,1,880fa3a6373cfcec422efb4539ac8b4b9c3bbcced2f65417100fe3a874da2bcd,augmentation of SS-SCR-0080,CC-BY-3.0
SS-SCR-0080-A2,augmented/panic_scream/SS-SCR-0080-A2.wav,Panic Scream,SS-SCR-0080,train,augmented,reverb,647266884,2.847,16000,1,f62bfc7ae02f581158bedc94ff3404f4544681b13de2e863ee8b8deb96ccfebb,augmentation of SS-SCR-0080,CC-BY-3.0
SS-SCR-0081-A1,augmented/panic_scream/SS-SCR-0081-A1.wav,Panic Scream,SS-SCR-0081,train,augmented,volume,3096624623,5.76,16000,1,d2c56a200529848f83c960a4ee1af53264103973f50d3352651452a5a3f406ba,augmentation of SS-SCR-0081,CC0-1.0
SS-SCR-0081-A2,augmented/panic_scream/SS-SCR-0081-A2.wav,Panic Scream,SS-SCR-0081,train,augmented,shift,2462627621,5.76,16000,1,9670f85b2a21bf9c2f2852213a9b7f343610eff2414bf35f418f128839d0ae58,augmentation of SS-SCR-0081,CC0-1.0
SS-SCR-0082-A1,augmented/panic_scream/SS-SCR-0082-A1.wav,Panic Scream,SS-SCR-0082,train,augmented,volume,543735143,7.069,16000,1,a1ac6a6b82409820cac7e8559b144fd81ba0e36c16e43d18792a1e19256585de,augmentation of SS-SCR-0082,CC0-1.0
SS-SCR-0082-A2,augmented/panic_scream/SS-SCR-0082-A2.wav,Panic Scream,SS-SCR-0082,train,augmented,reverb,3724153100,7.069,16000,1,e374a4edf49c6c26a838fa4df9833b883e67c05f22ebd8163501db2a5576acf0,augmentation of SS-SCR-0082,CC0-1.0
SS-SCR-0084-A1,augmented/panic_scream/SS-SCR-0084-A1.wav,Panic Scream,SS-SCR-0084,train,augmented,device,540692384,0.698,16000,1,9c32daec0ec1f2efe093ea22050efd2e9d8be6ccfcd8cb63f83947b7a8152e75,augmentation of SS-SCR-0084,CC0-1.0
SS-SCR-0084-A2,augmented/panic_scream/SS-SCR-0084-A2.wav,Panic Scream,SS-SCR-0084,train,augmented,pitch,1300435771,0.698,16000,1,707dd20ccc544d9b1eda47e1d875f0df027bf00e612de4a699f2b751cbf8142a,augmentation of SS-SCR-0084,CC0-1.0
SS-SCR-0085-A1,augmented/panic_scream/SS-SCR-0085-A1.wav,Panic Scream,SS-SCR-0085,train,augmented,device,4237322264,1.858,16000,1,ea0b5212439d0bc977d097c6b10d3134e0f96dea2b1cb4313be64815df139eec,augmentation of SS-SCR-0085,CC-BY-3.0
SS-SCR-0085-A2,augmented/panic_scream/SS-SCR-0085-A2.wav,Panic Scream,SS-SCR-0085,train,augmented,volume,3175735807,1.858,16000,1,274b161b574bc0e3339b9a99a7deb7b63df815fdbb7c2322e011d7380220309c,augmentation of SS-SCR-0085,CC-BY-3.0
SS-SCR-0088-A1,augmented/panic_scream/SS-SCR-0088-A1.wav,Panic Scream,SS-SCR-0088,train,augmented,device,4115114696,3.162,16000,1,1d12cba0f0f415ee7b5e9c044512666f0131fff4973c9a34f194db4b8d76819b,augmentation of SS-SCR-0088,CC0-1.0
SS-SCR-0088-A2,augmented/panic_scream/SS-SCR-0088-A2.wav,Panic Scream,SS-SCR-0088,train,augmented,noise,1663900650,3.162,16000,1,ce1f902b3542f654ddb1011be38937c243a9ccf4d25586f23e4f7591b894f798,augmentation of SS-SCR-0088,CC0-1.0
SS-SCR-0090-A1,augmented/panic_scream/SS-SCR-0090-A1.wav,Panic Scream,SS-SCR-0090,train,augmented,stretch,3337150550,2.861,16000,1,29c9480d2a64b0feec977f7d511a3ea8bcfbc6d1158d14ae664afe9e70f0de6d,augmentation of SS-SCR-0090,CC0-1.0
SS-SCR-0090-A2,augmented/panic_scream/SS-SCR-0090-A2.wav,Panic Scream,SS-SCR-0090,train,augmented,distance,226136625,2.67,16000,1,c9e86164a46fdeab2343020de9cc292e453c8a94313286fd9fe7c8d2ea28b281,augmentation of SS-SCR-0090,CC0-1.0
SS-SCR-0091-A1,augmented/panic_scream/SS-SCR-0091-A1.wav,Panic Scream,SS-SCR-0091,train,augmented,device,1174595152,1.83,16000,1,2baf1dfdb06c2a0d3f8832acca5a4dc771f6f7508e29618fde09c83e47209a67,augmentation of SS-SCR-0091,CC0-1.0
SS-SCR-0091-A2,augmented/panic_scream/SS-SCR-0091-A2.wav,Panic Scream,SS-SCR-0091,train,augmented,reverb,1384248588,1.83,16000,1,e478eaaaac59615af05a0fc5464e8cd0f9acd821714cbeac1629675bc75dc614,augmentation of SS-SCR-0091,CC0-1.0
SS-SCR-0092-A1,augmented/panic_scream/SS-SCR-0092-A1.wav,Panic Scream,SS-SCR-0092,train,augmented,pitch,634809555,7.688,16000,1,772676b96d5662cf52209725a6bd1c6c94ea86884b6eb5ffa09d9d488734ec9d,augmentation of SS-SCR-0092,CC-BY-3.0
SS-SCR-0092-A2,augmented/panic_scream/SS-SCR-0092-A2.wav,Panic Scream,SS-SCR-0092,train,augmented,shift,1667047325,7.688,16000,1,fbb33ea9bfaf22f44ba7aaec6d7c6122511f11256f66c73f18d5a8f5319336eb,augmentation of SS-SCR-0092,CC-BY-3.0
SS-SCR-0093-A1,augmented/panic_scream/SS-SCR-0093-A1.wav,Panic Scream,SS-SCR-0093,train,augmented,volume,2614422815,3.37,16000,1,dfd0eef6c194b3fe85e888392783b80c43f6e7fce1401cd80de2adb0f707e393,augmentation of SS-SCR-0093,CC0-1.0
SS-SCR-0093-A2,augmented/panic_scream/SS-SCR-0093-A2.wav,Panic Scream,SS-SCR-0093,train,augmented,shift,2107291301,3.37,16000,1,82316250cfe53612b4364b3a5dac7b898940d0a485b6b707092edbeaf08a63a1,augmentation of SS-SCR-0093,CC0-1.0
SS-SCR-0094-A1,augmented/panic_scream/SS-SCR-0094-A1.wav,Panic Scream,SS-SCR-0094,train,augmented,reverb,3417117892,2.875,16000,1,fdbb590cbb7197ed6404812fe89a88b04597b690cf938bf6c952da6d2c3cf8ce,augmentation of SS-SCR-0094,CC-BY-3.0
SS-SCR-0094-A2,augmented/panic_scream/SS-SCR-0094-A2.wav,Panic Scream,SS-SCR-0094,train,augmented,device,2866287776,2.875,16000,1,fe435090fbeed390eaf5dcc60216d154399367675c1a4a587974ecee115fd612,augmentation of SS-SCR-0094,CC-BY-3.0
SS-SCR-0095-A1,augmented/panic_scream/SS-SCR-0095-A1.wav,Panic Scream,SS-SCR-0095,train,augmented,device,1672361904,2.201,16000,1,e7459772268d7e846636e1db326a5877e0d47eaaec9967fb3fdd49034a0e01f0,augmentation of SS-SCR-0095,CC0-1.0
SS-SCR-0095-A2,augmented/panic_scream/SS-SCR-0095-A2.wav,Panic Scream,SS-SCR-0095,train,augmented,stretch,143651174,2.308,16000,1,b73ccffe46ad1d9259e8e201091d952c90b9678baad1a0d46adc21696ac03007,augmentation of SS-SCR-0095,CC0-1.0
SS-SCR-0096-A1,augmented/panic_scream/SS-SCR-0096-A1.wav,Panic Scream,SS-SCR-0096,train,augmented,reverb,3853872516,1.921,16000,1,627a8441d3e4c003b50e35e67cb18254a38bc0fc938c256f7dd6b032cf5673f8,augmentation of SS-SCR-0096,CC-BY-3.0
SS-SCR-0096-A2,augmented/panic_scream/SS-SCR-0096-A2.wav,Panic Scream,SS-SCR-0096,train,augmented,device,3833373640,1.921,16000,1,75d670d079d94151e215ccf00145d83cac1c756cd7e141b6ed32f5a2bcb7e07b,augmentation of SS-SCR-0096,CC-BY-3.0
SS-SCR-0099-A1,augmented/panic_scream/SS-SCR-0099-A1.wav,Panic Scream,SS-SCR-0099,train,augmented,stretch,2733551254,4.626,16000,1,e9d9781a212523380759b1793fcdf3ebe3419f86c99899cfa48eba1a699a7d80,augmentation of SS-SCR-0099,CC0-1.0
SS-SCR-0099-A2,augmented/panic_scream/SS-SCR-0099-A2.wav,Panic Scream,SS-SCR-0099,train,augmented,volume,1359512943,5.074,16000,1,03b3ed7216fdda2d8c594208f7674091fd1bfd136a5cd7991136fa99640be43c,augmentation of SS-SCR-0099,CC0-1.0
SS-SCR-0100-A1,augmented/panic_scream/SS-SCR-0100-A1.wav,Panic Scream,SS-SCR-0100,train,augmented,device,2381376208,8.617,16000,1,2ed2538c614a2576fa9755faabb3b5be10b5771107db23646a202d189c1bd302,augmentation of SS-SCR-0100,CC-BY-3.0
SS-SCR-0100-A2,augmented/panic_scream/SS-SCR-0100-A2.wav,Panic Scream,SS-SCR-0100,train,augmented,stretch,2835469230,9.0,16000,1,62963959c3289311690bfb5099772b1b392ad0811e93020af630ae30b3a309b9,augmentation of SS-SCR-0100,CC-BY-3.0
SS-SCR-0501-A1,augmented/panic_scream/SS-SCR-0501-A1.wav,Panic Scream,SS-SCR-0501,train,augmented,volume,567028431,2.577,16000,1,4225da7cdbf7f09fcf731baf8c2c8fa79282f3882cb20342bfb43c16ccdda0ba,augmentation of SS-SCR-0501,CC-BY-4.0
SS-SCR-0501-A2,augmented/panic_scream/SS-SCR-0501-A2.wav,Panic Scream,SS-SCR-0501,train,augmented,pitch,2779709219,2.577,16000,1,e08a982815d5d1c5a9df169457ef0e293d51e342f3d3f7e255e439333fb09ce4,augmentation of SS-SCR-0501,CC-BY-4.0
SS-SCR-0502-A1,augmented/panic_scream/SS-SCR-0502-A1.wav,Panic Scream,SS-SCR-0502,train,augmented,volume,2507190799,1.2,16000,1,319422950c85c6d31ab0691b93f34cfb7b66956e54338715291eca7e95de86e6,augmentation of SS-SCR-0502,CC-BY-4.0
SS-SCR-0502-A2,augmented/panic_scream/SS-SCR-0502-A2.wav,Panic Scream,SS-SCR-0502,train,augmented,stretch,711106518,1.371,16000,1,16d2c8750fb701981c58343f2df2bd9a0e208f5d47abe2de0194c5f8e3c5557f,augmentation of SS-SCR-0502,CC-BY-4.0
SS-SCR-0505-A1,augmented/panic_scream/SS-SCR-0505-A1.wav,Panic Scream,SS-SCR-0505,train,augmented,noise,1419723290,8.885,16000,1,4e0dae3c8f214d6d98a60bd7de663b7854be74a102413b0aeafaaa91fe4431b9,augmentation of SS-SCR-0505,CC-BY-4.0
SS-SCR-0505-A2,augmented/panic_scream/SS-SCR-0505-A2.wav,Panic Scream,SS-SCR-0505,train,augmented,device,2871562528,8.885,16000,1,efa7cef071ff623a5d355e0db6149efa5923c638ca8124bc7d6b6f9a3add3abc,augmentation of SS-SCR-0505,CC-BY-4.0
SS-SCR-0506-A1,augmented/panic_scream/SS-SCR-0506-A1.wav,Panic Scream,SS-SCR-0506,train,augmented,distance,1727155257,6.399,16000,1,1c61d0417c74671cb3cdf3f82127d4b7bcd9047a58bdc0ae7efdd8d219d47f47,augmentation of SS-SCR-0506,CC-BY-4.0
SS-SCR-0506-A2,augmented/panic_scream/SS-SCR-0506-A2.wav,Panic Scream,SS-SCR-0506,train,augmented,distance,265969985,6.399,16000,1,167fd1af4f347b288399557fb401838c3b8d1e89e62fddfdf10daeec403561fd,augmentation of SS-SCR-0506,CC-BY-4.0
SS-SCR-0507-A1,augmented/panic_scream/SS-SCR-0507-A1.wav,Panic Scream,SS-SCR-0507,train,augmented,shift,1443051101,6.932,16000,1,079cc11404aa8c628c3d40f063105cf29326dabe0dc95fdbbe0706ac402333e9,augmentation of SS-SCR-0507,CC-BY-4.0
SS-SCR-0507-A2,augmented/panic_scream/SS-SCR-0507-A2.wav,Panic Scream,SS-SCR-0507,train,augmented,reverb,2812051500,6.932,16000,1,862d4c7bcb18a2f2478e6ef88f662f3aaa6849cb5d618e4cca233e4344fe0830,augmentation of SS-SCR-0507,CC-BY-4.0
SS-SCR-0509-A1,augmented/panic_scream/SS-SCR-0509-A1.wav,Panic Scream,SS-SCR-0509,train,augmented,stretch,1496722214,4.554,16000,1,e4296387217e3e7f262d2de750273c8ac2ddfad99b049f6ad915e3719206e229,augmentation of SS-SCR-0509,CC-BY-4.0
SS-SCR-0509-A2,augmented/panic_scream/SS-SCR-0509-A2.wav,Panic Scream,SS-SCR-0509,train,augmented,volume,3908317559,4.227,16000,1,c4cc108a3c8d1625b53bfe907fdf3059c4dc0404179a8d0ada281b348cd00b4e,augmentation of SS-SCR-0509,CC-BY-4.0
SS-SCR-0510-A1,augmented/panic_scream/SS-SCR-0510-A1.wav,Panic Scream,SS-SCR-0510,train,augmented,stretch,1509285814,9.673,16000,1,6f12bd7df2f253ae6a9fd0148cb9844946126dd8ea35b3532d2ae412bac57a69,augmentation of SS-SCR-0510,CC-BY-4.0
SS-SCR-0510-A2,augmented/panic_scream/SS-SCR-0510-A2.wav,Panic Scream,SS-SCR-0510,train,augmented,noise,2204483306,8.371,16000,1,ce77f9b49fa3bf48d51a548cc8fbb912a33a1fe3300fae7016663cff6cc9a066,augmentation of SS-SCR-0510,CC-BY-4.0
SS-SCR-0511-A1,augmented/panic_scream/SS-SCR-0511-A1.wav,Panic Scream,SS-SCR-0511,train,augmented,stretch,1879675102,4.044,16000,1,62f4221d1210d290618cb8283d3834516ef5fa9a3f6d6236fc985bf03a4d6171,augmentation of SS-SCR-0511,CC-BY-4.0
SS-SCR-0511-A2,augmented/panic_scream/SS-SCR-0511-A2.wav,Panic Scream,SS-SCR-0511,train,augmented,shift,2673305525,4.0,16000,1,a6353b97ae5e94fdfae81b7eff29107ce84a95dfc91fa955495efc739fdacda9,augmentation of SS-SCR-0511,CC-BY-4.0
SS-SCR-0512-A1,augmented/panic_scream/SS-SCR-0512-A1.wav,Panic Scream,SS-SCR-0512,train,augmented,pitch,2264988027,1.846,16000,1,8a4684ab427d771e4758f08ca8c1a977b13d1eaa3a8c6b8165fb939be8af1d91,augmentation of SS-SCR-0512,CC-BY-4.0
SS-SCR-0512-A2,augmented/panic_scream/SS-SCR-0512-A2.wav,Panic Scream,SS-SCR-0512,train,augmented,noise,469564450,1.846,16000,1,a9bc1ce5e8ec6503e35f2cb2b9c45e040d81cef72aac382510a9a8efe25bf226,augmentation of SS-SCR-0512,CC-BY-4.0
SS-SCR-0513-A1,augmented/panic_scream/SS-SCR-0513-A1.wav,Panic Scream,SS-SCR-0513,train,augmented,reverb,2311288884,1.846,16000,1,da86ec3c5e5cf899fa2a66a9756b50c877eefe02fd0650e270eaae56c8b775bc,augmentation of SS-SCR-0513,CC-BY-4.0
SS-SCR-0513-A2,augmented/panic_scream/SS-SCR-0513-A2.wav,Panic Scream,SS-SCR-0513,train,augmented,volume,414223583,1.846,16000,1,02cb2798f4903a3bb84727fea8dffc3d2735cfa3aaab770e817434cdb7030eb3,augmentation of SS-SCR-0513,CC-BY-4.0
SS-SCR-0514-A1,augmented/panic_scream/SS-SCR-0514-A1.wav,Panic Scream,SS-SCR-0514,train,augmented,volume,1611822239,8.133,16000,1,8ba1da51dbaee93f225a5f01960aaff3f6eeb86ea0d9503b77026ba68c15c80a,augmentation of SS-SCR-0514,CC-BY-4.0
SS-SCR-0514-A2,augmented/panic_scream/SS-SCR-0514-A2.wav,Panic Scream,SS-SCR-0514,train,augmented,noise,1548671610,8.133,16000,1,5c89de2d3a31f6dd6d77228627fffa259a53b1c73d62d66d41784677f193bd6f,augmentation of SS-SCR-0514,CC-BY-4.0
SS-SCR-0515-A1,augmented/panic_scream/SS-SCR-0515-A1.wav,Panic Scream,SS-SCR-0515,train,augmented,device,120049488,7.586,16000,1,8104d429c11ca4e14587d34e21ce583d154c233cefa1c234a0b195e9640c3c5d,augmentation of SS-SCR-0515,CC-BY-4.0
SS-SCR-0515-A2,augmented/panic_scream/SS-SCR-0515-A2.wav,Panic Scream,SS-SCR-0515,train,augmented,noise,230217882,7.586,16000,1,f57d1e165e5669de840d1ef4a8a13968bc48e967e2f1a37f24c6e492632104c9,augmentation of SS-SCR-0515,CC-BY-4.0
SS-SCR-0517-A1,augmented/panic_scream/SS-SCR-0517-A1.wav,Panic Scream,SS-SCR-0517,train,augmented,distance,4277315553,6.087,16000,1,a50482a153ef09ee9e74a872e83ad800ed136591e0f73112fb9171314f5206a5,augmentation of SS-SCR-0517,CC-BY-4.0
SS-SCR-0517-A2,augmented/panic_scream/SS-SCR-0517-A2.wav,Panic Scream,SS-SCR-0517,train,augmented,volume,3136088791,6.087,16000,1,46b3c9baac3666c80fbea209cf3f91e6ad8f3d4a1471994ed2f9666a3665a804,augmentation of SS-SCR-0517,CC-BY-4.0
SS-SCR-0519-A1,augmented/panic_scream/SS-SCR-0519-A1.wav,Panic Scream,SS-SCR-0519,train,augmented,shift,799417277,3.495,16000,1,874f8ed7dae23894ce9a8961331e7a4c21211622b870d6c30c0b8f3bd394a28a,augmentation of SS-SCR-0519,CC-BY-4.0
SS-SCR-0519-A2,augmented/panic_scream/SS-SCR-0519-A2.wav,Panic Scream,SS-SCR-0519,train,augmented,stretch,2582564150,3.627,16000,1,add53526a9b0adf7524a72a7508ad52d468f83b6202920c67aa2a5f1569b4073,augmentation of SS-SCR-0519,CC-BY-4.0
SS-SCR-0521-A1,augmented/panic_scream/SS-SCR-0521-A1.wav,Panic Scream,SS-SCR-0521,train,augmented,reverb,3053027068,0.81,16000,1,486176cf2fed22ec5c5cb8ad57bef0be4f26a7bd2044305fa497a09920eeb8dd,augmentation of SS-SCR-0521,CC-BY-4.0
SS-SCR-0521-A2,augmented/panic_scream/SS-SCR-0521-A2.wav,Panic Scream,SS-SCR-0521,train,augmented,distance,203616425,0.81,16000,1,181e3cfc9916ee195bd8d14e5a6ecd2f5f74300992a2fe4788f93fa7c79dda7a,augmentation of SS-SCR-0521,CC-BY-4.0
SS-SCR-0523-A1,augmented/panic_scream/SS-SCR-0523-A1.wav,Panic Scream,SS-SCR-0523,train,augmented,shift,1609387589,6.36,16000,1,cd76affe4ddddbd1495567a5a03437f4773eb458d2930e5ab2819a145a003af6,augmentation of SS-SCR-0523,CC-BY-4.0
SS-SCR-0523-A2,augmented/panic_scream/SS-SCR-0523-A2.wav,Panic Scream,SS-SCR-0523,train,augmented,device,2073393312,6.36,16000,1,80ac576211c1a6bec22d9f1c8f8db28290054988fb6568c23efd83f9771e4540,augmentation of SS-SCR-0523,CC-BY-4.0
SS-SCR-0524-A1,augmented/panic_scream/SS-SCR-0524-A1.wav,Panic Scream,SS-SCR-0524,train,augmented,device,1419723496,4.367,16000,1,f997825ea3e646a3555dc3e33382261fd3d89aa32babe399ca1d40582f18a036,augmentation of SS-SCR-0524,CC-BY-4.0
SS-SCR-0524-A2,augmented/panic_scream/SS-SCR-0524-A2.wav,Panic Scream,SS-SCR-0524,train,augmented,volume,4099286719,4.367,16000,1,607434607422449fc0fa6187ae2a1831d5d2b3e24bfd4dccd013951e47c4e426,augmentation of SS-SCR-0524,CC-BY-4.0
SS-SCR-0527-A1,augmented/panic_scream/SS-SCR-0527-A1.wav,Panic Scream,SS-SCR-0527,train,augmented,pitch,2504017547,1.405,16000,1,51c71ca19c44f12ff3ba4b999a207dca4182cd7f30c2483dc6284e6be2c4548b,augmentation of SS-SCR-0527,CC-BY-4.0
SS-SCR-0527-A2,augmented/panic_scream/SS-SCR-0527-A2.wav,Panic Scream,SS-SCR-0527,train,augmented,device,781030472,1.405,16000,1,6cea288823b75216663d35f384c7be73cb69b79df1a528590156e86ca267bebe,augmentation of SS-SCR-0527,CC-BY-4.0
SS-SCR-0531-A1,augmented/panic_scream/SS-SCR-0531-A1.wav,Panic Scream,SS-SCR-0531,train,augmented,noise,2278236986,5.347,16000,1,988f94a67d21245e665bfda5871dadc1ccbd56c0fb95ea6e00aafc0b19c32e19,augmentation of SS-SCR-0531,CC-BY-4.0
SS-SCR-0531-A2,augmented/panic_scream/SS-SCR-0531-A2.wav,Panic Scream,SS-SCR-0531,train,augmented,device,472438968,5.347,16000,1,46cd59f7ac3588b79bea742a51e673de99b2bea5b800140020466c1f3e378302,augmentation of SS-SCR-0531,CC-BY-4.0
SS-SCR-0532-A1,augmented/panic_scream/SS-SCR-0532-A1.wav,Panic Scream,SS-SCR-0532,train,augmented,reverb,3929333364,3.199,16000,1,a61c291fbb1e165db4f8d472a674e5328c4b3d2cd33ee8fedc6125e05c8cc7c0,augmentation of SS-SCR-0532,CC-BY-4.0
SS-SCR-0532-A2,augmented/panic_scream/SS-SCR-0532-A2.wav,Panic Scream,SS-SCR-0532,train,augmented,distance,2911969473,3.199,16000,1,a43cd7ad59ef8e0c3c22b093b823f3aec88d1bf4bf48023796759dcadcc00fd5,augmentation of SS-SCR-0532,CC-BY-4.0
SS-SCR-0533-A1,augmented/panic_scream/SS-SCR-0533-A1.wav,Panic Scream,SS-SCR-0533,train,augmented,pitch,933155731,7.662,16000,1,74c7ec3582d4f06e0efb28e8da98ba519db66ad2941c58cdf8d287d4a3e7da6b,augmentation of SS-SCR-0533,CC-BY-4.0
SS-SCR-0533-A2,augmented/panic_scream/SS-SCR-0533-A2.wav,Panic Scream,SS-SCR-0533,train,augmented,reverb,3350121532,7.662,16000,1,82753f5c064f3e5d90853ac50e3b3340bd8751ecfd27db2f42ae138012817e30,augmentation of SS-SCR-0533,CC-BY-4.0
SS-SCR-0534-A1,augmented/panic_scream/SS-SCR-0534-A1.wav,Panic Scream,SS-SCR-0534,train,augmented,device,567377200,4.35,16000,1,97d82cf5bcb47b99d88a8b689eeb44d93d033589a84782b5b30ea21ed02090b2,augmentation of SS-SCR-0534,CC-BY-4.0
SS-SCR-0534-A2,augmented/panic_scream/SS-SCR-0534-A2.wav,Panic Scream,SS-SCR-0534,train,augmented,device,3052843896,4.35,16000,1,3e8da11aea2a8221065672c2663195de75d77f32460cbe44c9534f5d6f8ca5b4,augmentation of SS-SCR-0534,CC-BY-4.0
SS-SCR-0536-A1,augmented/panic_scream/SS-SCR-0536-A1.wav,Panic Scream,SS-SCR-0536,train,augmented,shift,1584054885,5.051,16000,1,b344345e3d025df7856f71db44ca8a7b31a8702a00022c82edd2c046ba1df4a7,augmentation of SS-SCR-0536,CC-BY-4.0
SS-SCR-0536-A2,augmented/panic_scream/SS-SCR-0536-A2.wav,Panic Scream,SS-SCR-0536,train,augmented,pitch,1306624259,5.051,16000,1,6ae6e93f2c294e359f3ad467b2231b117ee71956d0b754edbbecc6eb0d972883,augmentation of SS-SCR-0536,CC-BY-4.0
SS-SCR-0537-A1,augmented/panic_scream/SS-SCR-0537-A1.wav,Panic Scream,SS-SCR-0537,train,augmented,shift,1867026429,3.914,16000,1,4cb1f179b0279f8d3cbf310423894ea5783ee65a3130f9b2591f85d67e037314,augmentation of SS-SCR-0537,CC-BY-4.0
SS-SCR-0537-A2,augmented/panic_scream/SS-SCR-0537-A2.wav,Panic Scream,SS-SCR-0537,train,augmented,distance,815420393,3.914,16000,1,988677961eb964e211c6ff8eac7a4b310b6ad2c79bc87ef92f1edfda476017d0,augmentation of SS-SCR-0537,CC-BY-4.0
SS-SCR-0538-A1,augmented/panic_scream/SS-SCR-0538-A1.wav,Panic Scream,SS-SCR-0538,train,augmented,device,4179925488,5.703,16000,1,06b8da418d617074e36437b124ed6389c5c103f1c4719be6ee91ac0b4e54cdbb,augmentation of SS-SCR-0538,CC-BY-4.0
SS-SCR-0538-A2,augmented/panic_scream/SS-SCR-0538-A2.wav,Panic Scream,SS-SCR-0538,train,augmented,device,1695166144,5.703,16000,1,89540161aa530070910ff13a42a3535b476453eb8f089c10fc01a4817f0992c5,augmentation of SS-SCR-0538,CC-BY-4.0
SS-SCR-0539-A1,augmented/panic_scream/SS-SCR-0539-A1.wav,Panic Scream,SS-SCR-0539,train,augmented,shift,3728154573,4.222,16000,1,fec677f532d62f279ec3c1fe906d29a16a830102ba8f00dd89e237786a256657,augmentation of SS-SCR-0539,CC-BY-4.0
SS-SCR-0539-A2,augmented/panic_scream/SS-SCR-0539-A2.wav,Panic Scream,SS-SCR-0539,train,augmented,device,3376186888,4.222,16000,1,47e86eb5b140fde8600146cc82fc13c163c6b0c073774d82a4fde5426d02ceb3,augmentation of SS-SCR-0539,CC-BY-4.0
SS-SCR-0542-A1,augmented/panic_scream/SS-SCR-0542-A1.wav,Panic Scream,SS-SCR-0542,train,augmented,distance,3083084553,2.888,16000,1,536f27aebbf8a0f96620184396932f9123d28f5813f46d7c4219e9994e39afd4,augmentation of SS-SCR-0542,CC-BY-4.0
SS-SCR-0542-A2,augmented/panic_scream/SS-SCR-0542-A2.wav,Panic Scream,SS-SCR-0542,train,augmented,stretch,3308172334,2.907,16000,1,ea869c0448cea65011e45ea96e123753df3229f4b575d88f8e153c3fadf023e3,augmentation of SS-SCR-0542,CC-BY-4.0
SS-SCR-0543-A1,augmented/panic_scream/SS-SCR-0543-A1.wav,Panic Scream,SS-SCR-0543,train,augmented,stretch,1211914790,1.766,16000,1,2605ae44865be0f55294349b26cc9844b92882aba1dc92d9363791a3456d4896,augmentation of SS-SCR-0543,CC-BY-4.0
SS-SCR-0543-A2,augmented/panic_scream/SS-SCR-0543-A2.wav,Panic Scream,SS-SCR-0543,train,augmented,device,303537504,1.986,16000,1,cc6fb14a40fa02c0042c84bde4e96c94461a682d723f5612a85842a0c361681d,augmentation of SS-SCR-0543,CC-BY-4.0
SS-SCR-0544-A1,augmented/panic_scream/SS-SCR-0544-A1.wav,Panic Scream,SS-SCR-0544,train,augmented,device,3437815688,4.208,16000,1,99129cbb27155702c70f7eea7866fe4d17a0753529f8c74eb85c67c46c6a1cee,augmentation of SS-SCR-0544,CC-BY-4.0
SS-SCR-0544-A2,augmented/panic_scream/SS-SCR-0544-A2.wav,Panic Scream,SS-SCR-0544,train,augmented,noise,2509319898,4.208,16000,1,4f070cf57bb4b2404b1c6e5c4f17ca9cd3f19d3d7eb7664aa62c5bd9d3ce9314,augmentation of SS-SCR-0544,CC-BY-4.0
SS-SCR-0545-A1,augmented/panic_scream/SS-SCR-0545-A1.wav,Panic Scream,SS-SCR-0545,train,augmented,distance,1428935697,4.311,16000,1,c12eb0cb349caf9a1c583c514a960b8307de635f358aeec03128d67a1015fa0f,augmentation of SS-SCR-0545,CC-BY-4.0
SS-SCR-0545-A2,augmented/panic_scream/SS-SCR-0545-A2.wav,Panic Scream,SS-SCR-0545,train,augmented,stretch,2910577558,4.541,16000,1,b0e0b749f9ffd81cfe1a5d2744c9a59262c59a24f7e931b2e2cba498cf50a026,augmentation of SS-SCR-0545,CC-BY-4.0
SS-SCR-0546-A1,augmented/panic_scream/SS-SCR-0546-A1.wav,Panic Scream,SS-SCR-0546,train,augmented,pitch,3245748563,1.046,16000,1,3b265307a0150ee41422a8e20c4d22f8e9265af1950be61dfd77d9170a3b28ae,augmentation of SS-SCR-0546,CC-BY-4.0
SS-SCR-0546-A2,augmented/panic_scream/SS-SCR-0546-A2.wav,Panic Scream,SS-SCR-0546,train,augmented,volume,2661982751,1.046,16000,1,fd57c7a9bdf71734549af71dc6b58fa5bb3dcb34e6292401956db1ec2f5fd11b,augmentation of SS-SCR-0546,CC-BY-4.0
SS-SCR-0549-A1,augmented/panic_scream/SS-SCR-0549-A1.wav,Panic Scream,SS-SCR-0549,train,augmented,device,2292898328,1.466,16000,1,7ba19411719ae96c3a2e898427dd29a3323fad7e372f4bb6450d7f97fec2ca92,augmentation of SS-SCR-0549,CC-BY-4.0
SS-SCR-0549-A2,augmented/panic_scream/SS-SCR-0549-A2.wav,Panic Scream,SS-SCR-0549,train,augmented,stretch,2115699366,1.579,16000,1,57c4ccd2024ece45e5637bd569df82dfcce4939cc8835d7cf9ba89826cfd5d5d,augmentation of SS-SCR-0549,CC-BY-4.0
SS-SCR-0550-A1,augmented/panic_scream/SS-SCR-0550-A1.wav,Panic Scream,SS-SCR-0550,train,augmented,shift,3560738957,2.325,16000,1,7d04224d4aaba8c469a4e3ee039bf21fed1b426d9d8f114619fa1e77e2cb16e4,augmentation of SS-SCR-0550,CC-BY-4.0
SS-SCR-0550-A2,augmented/panic_scream/SS-SCR-0550-A2.wav,Panic Scream,SS-SCR-0550,train,augmented,device,2796502040,2.325,16000,1,f5b4b3b538095b682dd04a7e9d04131f99b5bf3a5186c37c2a6f3c9f83bf9cf0,augmentation of SS-SCR-0550,CC-BY-4.0
SS-SCR-0551-A1,augmented/panic_scream/SS-SCR-0551-A1.wav,Panic Scream,SS-SCR-0551,train,augmented,volume,3928202351,6.988,16000,1,b4a01bb3ed345804ece4a2f13ab58f03c4ca1090a3b366ab4ff9349059a4dfda,augmentation of SS-SCR-0551,CC-BY-4.0
SS-SCR-0551-A2,augmented/panic_scream/SS-SCR-0551-A2.wav,Panic Scream,SS-SCR-0551,train,augmented,distance,4147598777,6.988,16000,1,b2229a0e5f0f0a4161a4b81598859ac15b570e3af7e17c532ed7cbfa7bc3b145,augmentation of SS-SCR-0551,CC-BY-4.0
SS-SCR-0552-A1,augmented/panic_scream/SS-SCR-0552-A1.wav,Panic Scream,SS-SCR-0552,train,augmented,shift,604515045,7.476,16000,1,2fa5461e5fd45fb8968cf4b9865b99738bfe7e9ecdc7a82904c3091f6762d50e,augmentation of SS-SCR-0552,CC-BY-4.0
SS-SCR-0552-A2,augmented/panic_scream/SS-SCR-0552-A2.wav,Panic Scream,SS-SCR-0552,train,augmented,stretch,3716224750,8.117,16000,1,91183e1f80c0185e1130c9ed24a0ae05947d3551aca27a9e6cc2baae2e4d9dfc,augmentation of SS-SCR-0552,CC-BY-4.0
SS-SCR-0554-A1,augmented/panic_scream/SS-SCR-0554-A1.wav,Panic Scream,SS-SCR-0554,train,augmented,pitch,3278123419,3.373,16000,1,532572c29ab76a07c26c8ed8905856c7ca4fac48da6e75e96818545f24c3afab,augmentation of SS-SCR-0554,CC-BY-4.0
SS-SCR-0554-A2,augmented/panic_scream/SS-SCR-0554-A2.wav,Panic Scream,SS-SCR-0554,train,augmented,shift,3325627261,3.373,16000,1,5c42598b9f139c80908eb97e14cb394309021f1209b15b9adb8999e4261039b9,augmentation of SS-SCR-0554,CC-BY-4.0
SS-SCR-0555-A1,augmented/panic_scream/SS-SCR-0555-A1.wav,Panic Scream,SS-SCR-0555,train,augmented,reverb,2675156452,0.939,16000,1,a4f8dfe28b8431fcdaf972ebfcc71fd92ecd9eaf4a0e8be6226a0b01e39ee8f0,augmentation of SS-SCR-0555,CC-BY-4.0
SS-SCR-0555-A2,augmented/panic_scream/SS-SCR-0555-A2.wav,Panic Scream,SS-SCR-0555,train,augmented,stretch,4051212630,1.013,16000,1,07d473fb8f82453a70e61bc5423b6f85bd51116718c825fa5d70a5c096a675c8,augmentation of SS-SCR-0555,CC-BY-4.0
SS-SCR-0556-A1,augmented/panic_scream/SS-SCR-0556-A1.wav,Panic Scream,SS-SCR-0556,train,augmented,stretch,1720494462,1.625,16000,1,14ddfa9dec180679ad3ea6ee62eb96942c0e85382debaba2892aad2f7423d028,augmentation of SS-SCR-0556,CC-BY-4.0
SS-SCR-0556-A2,augmented/panic_scream/SS-SCR-0556-A2.wav,Panic Scream,SS-SCR-0556,train,augmented,pitch,4199202171,1.602,16000,1,97df9d10d14847bb9c07b50f8da75c897d54dfa7ba639989cf6a668ec24190c5,augmentation of SS-SCR-0556,CC-BY-4.0
SS-SCR-0558-A1,augmented/panic_scream/SS-SCR-0558-A1.wav,Panic Scream,SS-SCR-0558,train,augmented,distance,3854162081,4.086,16000,1,b71014e67bd9651848c1bd5d58c8a3c79065d6d5002aa93643d04f726c057e2c,augmentation of SS-SCR-0558,CC-BY-4.0
SS-SCR-0558-A2,augmented/panic_scream/SS-SCR-0558-A2.wav,Panic Scream,SS-SCR-0558,train,augmented,volume,1219382215,4.086,16000,1,b9e3094ab1672ed0f1e919ea14b165da71f0ebbe6f9ebee936d0e5e0e07c6e3c,augmentation of SS-SCR-0558,CC-BY-4.0
SS-SCR-0559-A1,augmented/panic_scream/SS-SCR-0559-A1.wav,Panic Scream,SS-SCR-0559,train,augmented,stretch,168963886,2.181,16000,1,30db67a161760fa64d7c080dc1bf13f611c0c5e1521679dc86637e8c0bc8b37a,augmentation of SS-SCR-0559,CC-BY-4.0
SS-SCR-0559-A2,augmented/panic_scream/SS-SCR-0559-A2.wav,Panic Scream,SS-SCR-0559,train,augmented,stretch,1717638598,2.455,16000,1,e31c9ced2c1c8a6351f973c1546a1d378a2854f73a54c51c633df5957a32564f,augmentation of SS-SCR-0559,CC-BY-4.0
SS-SCR-0560-A1,augmented/panic_scream/SS-SCR-0560-A1.wav,Panic Scream,SS-SCR-0560,train,augmented,distance,3202280865,2.508,16000,1,8813c7f7380afa9dccaca7eb626bd04c3971cf7bb2afbb3fff6b1b26cf4b1d50,augmentation of SS-SCR-0560,CC-BY-4.0
SS-SCR-0560-A2,augmented/panic_scream/SS-SCR-0560-A2.wav,Panic Scream,SS-SCR-0560,train,augmented,distance,199534889,2.508,16000,1,07007884c9a295f7ad606a8915eb91703a188c40d23bbbd32e7d00919a2ec521,augmentation of SS-SCR-0560,CC-BY-4.0
SS-SCR-0561-A1,augmented/panic_scream/SS-SCR-0561-A1.wav,Panic Scream,SS-SCR-0561,train,augmented,stretch,2523914422,1.78,16000,1,5066c2e54a7188510d5875959835b72a90c7cde1def27b987bf4a0dc3f886dfb,augmentation of SS-SCR-0561,CC-BY-4.0
SS-SCR-0561-A2,augmented/panic_scream/SS-SCR-0561-A2.wav,Panic Scream,SS-SCR-0561,train,augmented,device,4034028840,1.99,16000,1,98d1afd0409ec96c16ae972da428c77147a85bf553124f97eaa734f88f96516e,augmentation of SS-SCR-0561,CC-BY-4.0
SS-SCR-0562-A1,augmented/panic_scream/SS-SCR-0562-A1.wav,Panic Scream,SS-SCR-0562,train,augmented,noise,3124544370,3.03,16000,1,514612664e90cb349f9e1c57f0ccbd71eb77cd6bd88914b5ec1f06d146e2e36e,augmentation of SS-SCR-0562,CC-BY-4.0
SS-SCR-0562-A2,augmented/panic_scream/SS-SCR-0562-A2.wav,Panic Scream,SS-SCR-0562,train,augmented,noise,927673786,3.03,16000,1,fe28625ce8df3128ccb6435b650bba4e86edf3e98213ac8d208c38db1f2603b9,augmentation of SS-SCR-0562,CC-BY-4.0
SS-SCR-0565-A1,augmented/panic_scream/SS-SCR-0565-A1.wav,Panic Scream,SS-SCR-0565,train,augmented,pitch,2169723451,1.785,16000,1,fef0457445d5ee976b1ae89381d725cc1b418f1c318b97ce2f7bee2466f2781b,augmentation of SS-SCR-0565,CC-BY-4.0
SS-SCR-0565-A2,augmented/panic_scream/SS-SCR-0565-A2.wav,Panic Scream,SS-SCR-0565,train,augmented,noise,3255224506,1.785,16000,1,0f4dff55f345911b8d5694bd05acebec31bbf2a4f81cabc4db3b3ad05adb5d34,augmentation of SS-SCR-0565,CC-BY-4.0
SS-SCR-0567-A1,augmented/panic_scream/SS-SCR-0567-A1.wav,Panic Scream,SS-SCR-0567,train,augmented,stretch,1786153782,0.836,16000,1,f0e11b9fe5c6fecbf6218d7e1241c828699569ce77e069f4cb2d10b03c3fded1,augmentation of SS-SCR-0567,CC-BY-4.0
SS-SCR-0567-A2,augmented/panic_scream/SS-SCR-0567-A2.wav,Panic Scream,SS-SCR-0567,train,augmented,noise,3305556986,0.922,16000,1,c43e5369d305767041f7980c5537c1fa34a208fb4cd8198610aa5a04fcdb756c,augmentation of SS-SCR-0567,CC-BY-4.0
SS-SCR-0569-A1,augmented/panic_scream/SS-SCR-0569-A1.wav,Panic Scream,SS-SCR-0569,train,augmented,noise,545665546,1.202,16000,1,fa9e4ca9c37686176a0fd1e8603f2816b74ae8c2b645eab76e0118472eff2986,augmentation of SS-SCR-0569,CC-BY-4.0
SS-SCR-0569-A2,augmented/panic_scream/SS-SCR-0569-A2.wav,Panic Scream,SS-SCR-0569,train,augmented,pitch,2143794091,1.202,16000,1,e334cddee2cbf8ea5d3a16a4a8681ad9ffb241815dcb1f4bf4a10046a89498d4,augmentation of SS-SCR-0569,CC-BY-4.0
SS-SCR-0573-A1,augmented/panic_scream/SS-SCR-0573-A1.wav,Panic Scream,SS-SCR-0573,train,augmented,device,3797258752,1.544,16000,1,d2c0739fc69b8468ce46471c991ac5c5bab355ada248dc6759fb5dce2b9d3bf9,augmentation of SS-SCR-0573,CC-BY-4.0
SS-SCR-0573-A2,augmented/panic_scream/SS-SCR-0573-A2.wav,Panic Scream,SS-SCR-0573,train,augmented,reverb,283562572,1.544,16000,1,ccc01b88d71491c7acd45430fd4afb4b65d057f41e7318208b4ba5970ade12c3,augmentation of SS-SCR-0573,CC-BY-4.0
SS-SCR-0574-A1,augmented/panic_scream/SS-SCR-0574-A1.wav,Panic Scream,SS-SCR-0574,train,augmented,device,2135130160,0.732,16000,1,89e8d6bcb97acc4f2c19587e83a92740146264647782cf6c527be35668afd176,augmentation of SS-SCR-0574,CC-BY-4.0
SS-SCR-0574-A2,augmented/panic_scream/SS-SCR-0574-A2.wav,Panic Scream,SS-SCR-0574,train,augmented,distance,4042527105,0.732,16000,1,5faa413949adc379c334cb30be42588a20d5c3d13ebb8cb251ee3c5eb45d2774,augmentation of SS-SCR-0574,CC-BY-4.0
SS-SCR-0575-A1,augmented/panic_scream/SS-SCR-0575-A1.wav,Panic Scream,SS-SCR-0575,train,augmented,stretch,1241442150,0.879,16000,1,89b38cb9c0a151ef3cd462410c82b9e810b99e3cf00827f4c33643cb6d52d772,augmentation of SS-SCR-0575,CC-BY-4.0
SS-SCR-0575-A2,augmented/panic_scream/SS-SCR-0575-A2.wav,Panic Scream,SS-SCR-0575,train,augmented,pitch,1815746947,0.871,16000,1,10ab115dad4f0fd440b9bb614db25a1aa576ffb190b76fc7f0759a9b1b5bd58e,augmentation of SS-SCR-0575,CC-BY-4.0
SS-SCR-0577-A1,augmented/panic_scream/SS-SCR-0577-A1.wav,Panic Scream,SS-SCR-0577,train,augmented,reverb,2404927964,2.405,16000,1,bef7fb1ff547e8d6cb62847d7f6ca6163a385b3ee6519c92ea1a188600e9795a,augmentation of SS-SCR-0577,CC-BY-4.0
SS-SCR-0577-A2,augmented/panic_scream/SS-SCR-0577-A2.wav,Panic Scream,SS-SCR-0577,train,augmented,volume,2770525295,2.405,16000,1,491e4c6b7209c4ca9529599beff12faf2897a743df085c9b44e8e76344afd76f,augmentation of SS-SCR-0577,CC-BY-4.0
SS-SCR-0579-A1,augmented/panic_scream/SS-SCR-0579-A1.wav,Panic Scream,SS-SCR-0579,train,augmented,noise,3164551514,1.868,16000,1,a2525e938a609d2459da5c2ae15e282ead51643c2b103023e0ce83cda12f94c4,augmentation of SS-SCR-0579,CC-BY-4.0
SS-SCR-0579-A2,augmented/panic_scream/SS-SCR-0579-A2.wav,Panic Scream,SS-SCR-0579,train,augmented,pitch,3196421187,1.868,16000,1,77f321493a108265ecc4ef874e2530d78ba7d73183f3f64a9a3be5e9c9ef21e5,augmentation of SS-SCR-0579,CC-BY-4.0
SS-SCR-0580-A1,augmented/panic_scream/SS-SCR-0580-A1.wav,Panic Scream,SS-SCR-0580,train,augmented,stretch,611621654,0.793,16000,1,6dd78c6a1128d9e1abae36ef291f4332160091373816a10e21e04a299c6c7f24,augmentation of SS-SCR-0580,CC-BY-4.0
SS-SCR-0580-A2,augmented/panic_scream/SS-SCR-0580-A2.wav,Panic Scream,SS-SCR-0580,train,augmented,device,32351936,0.86,16000,1,e52722a623825c2359a3c20d9428ed12e3dd71d8557bccdf4de24a9f43cca9f4,augmentation of SS-SCR-0580,CC-BY-4.0
SS-SCR-0582-A1,augmented/panic_scream/SS-SCR-0582-A1.wav,Panic Scream,SS-SCR-0582,train,augmented,distance,765140873,0.704,16000,1,8404ee76919ed0cd07c9e5d96ed59d5c773213089d98aac9dfff59da1ca80828,augmentation of SS-SCR-0582,CC-BY-4.0
SS-SCR-0582-A2,augmented/panic_scream/SS-SCR-0582-A2.wav,Panic Scream,SS-SCR-0582,train,augmented,device,736552528,0.704,16000,1,8ac7ca1b445ecd1c066dbf044802cd366bb0ffa73a8fb0b04d07afcde003212b,augmentation of SS-SCR-0582,CC-BY-4.0
SS-SCR-0584-A1,augmented/panic_scream/SS-SCR-0584-A1.wav,Panic Scream,SS-SCR-0584,train,augmented,distance,2599768441,2.14,16000,1,f78ec59d4519401666dec7442b4c2b791c33eb3190a69931312b91a1eb51f862,augmentation of SS-SCR-0584,CC-BY-4.0
SS-SCR-0584-A2,augmented/panic_scream/SS-SCR-0584-A2.wav,Panic Scream,SS-SCR-0584,train,augmented,shift,288141141,2.14,16000,1,ba54c9c66ec5d04650fa8a6b1c67a6e2d86a24e87d6994933f989dff42924744,augmentation of SS-SCR-0584,CC-BY-4.0
SS-SCR-0585-A1,augmented/panic_scream/SS-SCR-0585-A1.wav,Panic Scream,SS-SCR-0585,train,augmented,noise,1051753562,1.628,16000,1,6428e798646a00699b4fbcdce3a75221adda9fa645b098e6262c012844577d37,augmentation of SS-SCR-0585,CC-BY-4.0
SS-SCR-0585-A2,augmented/panic_scream/SS-SCR-0585-A2.wav,Panic Scream,SS-SCR-0585,train,augmented,stretch,3540731198,1.522,16000,1,e345b70be0dc0b06fd5be09dc5da26d6006a960830095ce8df813fbd5c1dd331,augmentation of SS-SCR-0585,CC-BY-4.0
SS-SCR-0587-A1,augmented/panic_scream/SS-SCR-0587-A1.wav,Panic Scream,SS-SCR-0587,train,augmented,pitch,713059571,1.567,16000,1,a87d979faf166bd9a70e255243fd68c43fb8ab21c2ae6d529a625d1ccbe768f0,augmentation of SS-SCR-0587,CC-BY-4.0
SS-SCR-0587-A2,augmented/panic_scream/SS-SCR-0587-A2.wav,Panic Scream,SS-SCR-0587,train,augmented,volume,2132491223,1.567,16000,1,54236f6638c17c20310e308a4429b9e60f0f192d6845413c1f9bac67027799e1,augmentation of SS-SCR-0587,CC-BY-4.0
SS-SCR-0588-A1,augmented/panic_scream/SS-SCR-0588-A1.wav,Panic Scream,SS-SCR-0588,train,augmented,reverb,3326359060,1.306,16000,1,8ce56513aab413d29a389b1f98aac5b98eba736e0609c6627721fdd1f8f98c6e,augmentation of SS-SCR-0588,CC-BY-4.0
SS-SCR-0588-A2,augmented/panic_scream/SS-SCR-0588-A2.wav,Panic Scream,SS-SCR-0588,train,augmented,stretch,2940909070,1.504,16000,1,ef40ce8bdcabe6c558519f4cd3d76f41521c8cf056f8c512e734761ed07ff06b,augmentation of SS-SCR-0588,CC-BY-4.0
SS-SCR-0590-A1,augmented/panic_scream/SS-SCR-0590-A1.wav,Panic Scream,SS-SCR-0590,train,augmented,shift,4036861925,1.459,16000,1,18ed758529dca0164abb7db0cda8e5210d13ad0c7670f79dbe5c6a080f0de2f4,augmentation of SS-SCR-0590,CC-BY-4.0
SS-SCR-0590-A2,augmented/panic_scream/SS-SCR-0590-A2.wav,Panic Scream,SS-SCR-0590,train,augmented,stretch,1787947094,1.455,16000,1,3e73b10a255e99e1c58de4f851f2aeda5c8cd2279a68074720f31e76224a2402,augmentation of SS-SCR-0590,CC-BY-4.0
SS-SCR-0591-A1,augmented/panic_scream/SS-SCR-0591-A1.wav,Panic Scream,SS-SCR-0591,train,augmented,volume,674998735,4.37,16000,1,a9902e912c523a212f5321811aa68fa1abaf46962c9b4474a19e9cbee59847b7,augmentation of SS-SCR-0591,CC-BY-4.0
SS-SCR-0591-A2,augmented/panic_scream/SS-SCR-0591-A2.wav,Panic Scream,SS-SCR-0591,train,augmented,noise,3186439322,4.37,16000,1,24ec1331b7cb6ea2cd773e9d3fd837a39d185a3f2415076a7a01f3dc0571f7cc,augmentation of SS-SCR-0591,CC-BY-4.0
SS-SCR-0592-A1,augmented/panic_scream/SS-SCR-0592-A1.wav,Panic Scream,SS-SCR-0592,train,augmented,distance,3134242481,4.753,16000,1,8d3e8e368c6326c8cbe996232c7b5139522bbba7d4db1433b59a9647d3ab1f2e,augmentation of SS-SCR-0592,CC-BY-4.0
SS-SCR-0592-A2,augmented/panic_scream/SS-SCR-0592-A2.wav,Panic Scream,SS-SCR-0592,train,augmented,pitch,710465235,4.753,16000,1,6ee089c0965b8e172e2368d51384317cca3b74bd52a9bff343f1249737d99c2d,augmentation of SS-SCR-0592,CC-BY-4.0
SS-SCR-0593-A1,augmented/panic_scream/SS-SCR-0593-A1.wav,Panic Scream,SS-SCR-0593,train,augmented,noise,3480304194,1.676,16000,1,3881cfe55c97f003f82e7a9f8582a1bc3ff7c2b8ff838aae6024875a86c74e52,augmentation of SS-SCR-0593,CC-BY-4.0
SS-SCR-0593-A2,augmented/panic_scream/SS-SCR-0593-A2.wav,Panic Scream,SS-SCR-0593,train,augmented,distance,2589106241,1.676,16000,1,1c815a59eea8155d6d90b50144f910c0d78ebf37e01b1d30622006d250425dd0,augmentation of SS-SCR-0593,CC-BY-4.0
SS-SCR-0594-A1,augmented/panic_scream/SS-SCR-0594-A1.wav,Panic Scream,SS-SCR-0594,train,augmented,volume,4167482319,2.577,16000,1,08bce29aea9828d4c1d7e9d1f706b8895047d0f240793aa5a3adcd0675d8e7af,augmentation of SS-SCR-0594,CC-BY-4.0
SS-SCR-0594-A2,augmented/panic_scream/SS-SCR-0594-A2.wav,Panic Scream,SS-SCR-0594,train,augmented,device,3734543784,2.577,16000,1,00d1d93207b80f68dbcc4e6bed27c0e3b94d38c932d53f40ba35f17c49c7ab09,augmentation of SS-SCR-0594,CC-BY-4.0
SS-SCR-0595-A1,augmented/panic_scream/SS-SCR-0595-A1.wav,Panic Scream,SS-SCR-0595,train,augmented,shift,2241230077,2.113,16000,1,371cedba708126aab29b943c20377efa73ab3c0cc7467219c0e56799dd890997,augmentation of SS-SCR-0595,CC-BY-4.0
SS-SCR-0595-A2,augmented/panic_scream/SS-SCR-0595-A2.wav,Panic Scream,SS-SCR-0595,train,augmented,distance,2926472249,2.113,16000,1,75caff0739eda7d45d299ca804d8509a92f3f462da1ded908df091db0022b640,augmentation of SS-SCR-0595,CC-BY-4.0
SS-SCR-0596-A1,augmented/panic_scream/SS-SCR-0596-A1.wav,Panic Scream,SS-SCR-0596,train,augmented,pitch,3341223115,1.863,16000,1,35fe4b52d491d0377f6a9c6a2873520cfb1ffa1f0d9e0800ca807f601be6d55d,augmentation of SS-SCR-0596,CC-BY-4.0
SS-SCR-0596-A2,augmented/panic_scream/SS-SCR-0596-A2.wav,Panic Scream,SS-SCR-0596,train,augmented,noise,1972652322,1.863,16000,1,0f0b76a3399bb749ee972a57966638490f75fd2d7f4d0f37b43f4ccfbe60aa10,augmentation of SS-SCR-0596,CC-BY-4.0
SS-SCR-0597-A1,augmented/panic_scream/SS-SCR-0597-A1.wav,Panic Scream,SS-SCR-0597,train,augmented,device,3890765000,5.908,16000,1,5b0f0ab68074f9edbf36dac4e756ee3a45a29e248d3f307af86fcf20b2dc0d46,augmentation of SS-SCR-0597,CC-BY-4.0
SS-SCR-0597-A2,augmented/panic_scream/SS-SCR-0597-A2.wav,Panic Scream,SS-SCR-0597,train,augmented,shift,3255219485,5.908,16000,1,b2e1e341a9fe13413c1e9160e4d1b472f28c91ec1c8847d5ac9111579bc1ac5d,augmentation of SS-SCR-0597,CC-BY-4.0
SS-SCR-0598-A1,augmented/panic_scream/SS-SCR-0598-A1.wav,Panic Scream,SS-SCR-0598,train,augmented,pitch,3932017803,0.952,16000,1,07ab6b09c05e9f686f43519c782cc7e049b65c859823d102f8c204d1ecb46065,augmentation of SS-SCR-0598,CC-BY-4.0
SS-SCR-0598-A2,augmented/panic_scream/SS-SCR-0598-A2.wav,Panic Scream,SS-SCR-0598,train,augmented,shift,2469249077,0.952,16000,1,decd35da2705481274eedceeb365ebe59cac39198c8790e94774d166d4e060eb,augmentation of SS-SCR-0598,CC-BY-4.0
SS-SCR-0599-A1,augmented/panic_scream/SS-SCR-0599-A1.wav,Panic Scream,SS-SCR-0599,train,augmented,pitch,1421086059,0.813,16000,1,202f67740ab94cf4eb15fe0b537d48bc134b1d4004e1f7aee1bf969c8b0152ce,augmentation of SS-SCR-0599,CC-BY-4.0
SS-SCR-0599-A2,augmented/panic_scream/SS-SCR-0599-A2.wav,Panic Scream,SS-SCR-0599,train,augmented,shift,1326351773,0.813,16000,1,1ae543717bb05b9982f97952dfa0c37a89673bba7883ac2e7ea61f86dce3c776,augmentation of SS-SCR-0599,CC-BY-4.0
SS-SCR-0600-A1,augmented/panic_scream/SS-SCR-0600-A1.wav,Panic Scream,SS-SCR-0600,train,augmented,distance,1953808857,3.023,16000,1,bf1f0ebfcc25e7c811b099e644b31b5cc65f64e30bf38ed1d2748d33e034c826,augmentation of SS-SCR-0600,CC-BY-4.0
SS-SCR-0600-A2,augmented/panic_scream/SS-SCR-0600-A2.wav,Panic Scream,SS-SCR-0600,train,augmented,volume,2305854935,3.023,16000,1,553d5b222d49a357100a4c625453f06a9bd59c2458ef80fe752d44ccb427ebeb,augmentation of SS-SCR-0600,CC-BY-4.0
SS-SCR-0602-A1,augmented/panic_scream/SS-SCR-0602-A1.wav,Panic Scream,SS-SCR-0602,train,augmented,reverb,3414294604,1.5,16000,1,9e3a5c33703238fc8d65dd9297487e6b06b1425039ab23b83edc2dc8da30b82b,augmentation of SS-SCR-0602,CC-BY-4.0
SS-SCR-0602-A2,augmented/panic_scream/SS-SCR-0602-A2.wav,Panic Scream,SS-SCR-0602,train,augmented,stretch,4028501854,1.638,16000,1,7948c0beee82e2fc7cda94db3618949ef7d8615cf77d394fc5d7f98996c27a10,augmentation of SS-SCR-0602,CC-BY-4.0
SS-SCR-0603-A1,augmented/panic_scream/SS-SCR-0603-A1.wav,Panic Scream,SS-SCR-0603,train,augmented,distance,560309609,6.531,16000,1,9fd11295578cf0a6d6ab37e65744a66b8e19b4d9474b75acb84c4b8759535420,augmentation of SS-SCR-0603,CC-BY-4.0
SS-SCR-0603-A2,augmented/panic_scream/SS-SCR-0603-A2.wav,Panic Scream,SS-SCR-0603,train,augmented,stretch,3909458110,7.632,16000,1,1fc0210bf9bb2d93bc96a984fb438968822d58839b3a766b08dc8a7dc9d36f96,augmentation of SS-SCR-0603,CC-BY-4.0
SS-SCR-0604-A1,augmented/panic_scream/SS-SCR-0604-A1.wav,Panic Scream,SS-SCR-0604,train,augmented,noise,503438114,3.382,16000,1,4ed4581381fa57efbf3011a139ee9f15627794d2871cdcea86282a1b00aae813,augmentation of SS-SCR-0604,CC-BY-4.0
SS-SCR-0604-A2,augmented/panic_scream/SS-SCR-0604-A2.wav,Panic Scream,SS-SCR-0604,train,augmented,reverb,1370304788,3.382,16000,1,96f58bcc7d1b75c905f77d55a2e72afb76616cb6d75536904d297ddd397af277,augmentation of SS-SCR-0604,CC-BY-4.0
SS-SCR-0606-A1,augmented/panic_scream/SS-SCR-0606-A1.wav,Panic Scream,SS-SCR-0606,train,augmented,volume,2971723455,3.0,16000,1,4ddf8f4a5a87ec84d59d1bb87ad52f0b8a6c29050e938ee7bc0db99a566e47aa,augmentation of SS-SCR-0606,CC-BY-4.0
SS-SCR-0606-A2,augmented/panic_scream/SS-SCR-0606-A2.wav,Panic Scream,SS-SCR-0606,train,augmented,device,4015217216,3.0,16000,1,e51b86ad97c9e87d9f1d61b2a585e0212b3b3d804d9a37b3d0176b385aa955cd,augmentation of SS-SCR-0606,CC-BY-4.0
SS-SCR-0607-A1,augmented/panic_scream/SS-SCR-0607-A1.wav,Panic Scream,SS-SCR-0607,train,augmented,noise,2924119898,2.0,16000,1,c0e10919486fc8d77e345c5a55ee07f899d27a190aefa6dd197412443512fc6e,augmentation of SS-SCR-0607,CC-BY-4.0
SS-SCR-0607-A2,augmented/panic_scream/SS-SCR-0607-A2.wav,Panic Scream,SS-SCR-0607,train,augmented,noise,1700025378,2.0,16000,1,00fe2fc9fea6a39ea20efc49c405c9861e68057d72eafa6b670c00fc8ed1ffd5,augmentation of SS-SCR-0607,CC-BY-4.0
SS-SCR-0609-A1,augmented/panic_scream/SS-SCR-0609-A1.wav,Panic Scream,SS-SCR-0609,train,augmented,reverb,2752144604,1.901,16000,1,d6111377036451a4d15c96a6ad7f58aba44787c71359762195b050105d28c06c,augmentation of SS-SCR-0609,CC-BY-4.0
SS-SCR-0609-A2,augmented/panic_scream/SS-SCR-0609-A2.wav,Panic Scream,SS-SCR-0609,train,augmented,distance,1716949809,1.901,16000,1,4b8a7f96ea21ef6c2fe3bbd41a093d60c13ecb953713ff94008fe546b49121d0,augmentation of SS-SCR-0609,CC-BY-4.0
SS-SCR-0613-A1,augmented/panic_scream/SS-SCR-0613-A1.wav,Panic Scream,SS-SCR-0613,train,augmented,shift,180972741,1.875,16000,1,67476854736ae9f8a6ea6a0b936e5cf5b10e93c47edc1b22b46410ea4584b791,augmentation of SS-SCR-0613,CC-BY-4.0
SS-SCR-0613-A2,augmented/panic_scream/SS-SCR-0613-A2.wav,Panic Scream,SS-SCR-0613,train,augmented,shift,3064820525,1.875,16000,1,5c6b6134216be00845c2980e73ff506419eaf8bf138e84ea34e6752c21c3bca8,augmentation of SS-SCR-0613,CC-BY-4.0
SS-SCR-0614-A1,augmented/panic_scream/SS-SCR-0614-A1.wav,Panic Scream,SS-SCR-0614,train,augmented,distance,2662976761,1.817,16000,1,ac319c41c957778ecc74889284ee7378099ed36d9af4640a3bdf955726d92edc,augmentation of SS-SCR-0614,CC-BY-4.0
SS-SCR-0614-A2,augmented/panic_scream/SS-SCR-0614-A2.wav,Panic Scream,SS-SCR-0614,train,augmented,device,2474545536,1.817,16000,1,2868ac01aac23a8cf0214b615b1b820e5e3e80657a5502ad4c76b04eb6b6527f,augmentation of SS-SCR-0614,CC-BY-4.0
SS-SCR-0615-A1,augmented/panic_scream/SS-SCR-0615-A1.wav,Panic Scream,SS-SCR-0615,train,augmented,pitch,1017463043,2.845,16000,1,cfeb7fef254f4064fca7b7bf251a1353d8990620139b1a23b69c3288b2845cd1,augmentation of SS-SCR-0615,CC-BY-4.0
SS-SCR-0615-A2,augmented/panic_scream/SS-SCR-0615-A2.wav,Panic Scream,SS-SCR-0615,train,augmented,reverb,3365960292,2.845,16000,1,7212e7cf376629f1621dd3c9284dc5cd05fd4e367e47d7f0f6d846d157458c2b,augmentation of SS-SCR-0615,CC-BY-4.0
SS-SCR-0616-A1,augmented/panic_scream/SS-SCR-0616-A1.wav,Panic Scream,SS-SCR-0616,train,augmented,distance,4025442793,1.889,16000,1,9ed26797ab1313006545d1ab48487b2d365158d1a0ed864b0ccd5e3584415dcf,augmentation of SS-SCR-0616,CC-BY-4.0
SS-SCR-0616-A2,augmented/panic_scream/SS-SCR-0616-A2.wav,Panic Scream,SS-SCR-0616,train,augmented,pitch,1786900595,1.889,16000,1,db8966dc413f3b0068c6125cd40d0408f4f70f976f6df662424020c12a605598,augmentation of SS-SCR-0616,CC-BY-4.0
SS-SCR-0617-A1,augmented/panic_scream/SS-SCR-0617-A1.wav,Panic Scream,SS-SCR-0617,train,augmented,noise,3025330402,1.678,16000,1,f264c753eca3331ff08765429a10b5f5d71758c1807077829c30c92f8f35225c,augmentation of SS-SCR-0617,CC-BY-4.0
SS-SCR-0617-A2,augmented/panic_scream/SS-SCR-0617-A2.wav,Panic Scream,SS-SCR-0617,train,augmented,stretch,1450339854,1.68,16000,1,ee54535a1d9cc4734eaaf543898b29160b03a50d63bcf9c4ab51f61ad3fe917d,augmentation of SS-SCR-0617,CC-BY-4.0
SS-SCR-0618-A1,augmented/panic_scream/SS-SCR-0618-A1.wav,Panic Scream,SS-SCR-0618,train,augmented,pitch,2493177011,5.329,16000,1,ba00dd05b9e6ef8a51d1f45704eaaa15167894b498e9b93c1a028ae848bd309c,augmentation of SS-SCR-0618,CC-BY-4.0
SS-SCR-0618-A2,augmented/panic_scream/SS-SCR-0618-A2.wav,Panic Scream,SS-SCR-0618,train,augmented,device,4192661000,5.329,16000,1,403a70fd85994c7e0331258fcf9d079d2babc52258ff9236e85ef32bbe23f619,augmentation of SS-SCR-0618,CC-BY-4.0
SS-SCR-0619-A1,augmented/panic_scream/SS-SCR-0619-A1.wav,Panic Scream,SS-SCR-0619,train,augmented,noise,1862052090,6.661,16000,1,cafa8de6b17c1e47ae1ec3cbb7329e5df892699cbd6d2899ff4ad02c4d4aea52,augmentation of SS-SCR-0619,CC-BY-4.0
SS-SCR-0619-A2,augmented/panic_scream/SS-SCR-0619-A2.wav,Panic Scream,SS-SCR-0619,train,augmented,distance,1423881649,6.661,16000,1,c24ba55d83403c80b2003302398049eb60fb40158f92e48ac4a7f4ca0afef978,augmentation of SS-SCR-0619,CC-BY-4.0
SS-SCR-0620-A1,augmented/panic_scream/SS-SCR-0620-A1.wav,Panic Scream,SS-SCR-0620,train,augmented,device,2793984672,0.601,16000,1,b4a5db7f614892f8580a8a50eb6eb6879e7d9dfda798191b837660e4ffb74897,augmentation of SS-SCR-0620,CC-BY-4.0
SS-SCR-0620-A2,augmented/panic_scream/SS-SCR-0620-A2.wav,Panic Scream,SS-SCR-0620,train,augmented,reverb,2184175556,0.601,16000,1,e4cc93a1f029a822cf2ef30fe51214b28022cfdd7ba9b1c5e9eee8fedd9266b0,augmentation of SS-SCR-0620,CC-BY-4.0
SS-SCR-0621-A1,augmented/panic_scream/SS-SCR-0621-A1.wav,Panic Scream,SS-SCR-0621,train,augmented,pitch,1105553411,1.672,16000,1,89153b754534c1b7c7d0e30f817f853b98f16230a0b5a2f47a434fbe023d7162,augmentation of SS-SCR-0621,CC-BY-4.0
SS-SCR-0621-A2,augmented/panic_scream/SS-SCR-0621-A2.wav,Panic Scream,SS-SCR-0621,train,augmented,device,1532850664,1.672,16000,1,08402292c5b1f7e25e86e60b9336e9a0cd0bad8a34e27770eb4b370b847fa9ea,augmentation of SS-SCR-0621,CC-BY-4.0
SS-SCR-0623-A1,augmented/panic_scream/SS-SCR-0623-A1.wav,Panic Scream,SS-SCR-0623,train,augmented,distance,1397581833,0.836,16000,1,66ab3f4ed30f18aa88e424184acd10a158e88ed17b26d03a499b8548da759cac,augmentation of SS-SCR-0623,CC-BY-4.0
SS-SCR-0623-A2,augmented/panic_scream/SS-SCR-0623-A2.wav,Panic Scream,SS-SCR-0623,train,augmented,reverb,2219967724,0.836,16000,1,7fca1199e53eee978ee715133373479036189eda15e51c2e23b04ade22f24126,augmentation of SS-SCR-0623,CC-BY-4.0
SS-SCR-0624-A1,augmented/panic_scream/SS-SCR-0624-A1.wav,Panic Scream,SS-SCR-0624,train,augmented,volume,2200447095,8.429,16000,1,926ad2971555e849c5eaab6d94d43a7d270285008eb6e67eeb443350b9635923,augmentation of SS-SCR-0624,CC-BY-4.0
SS-SCR-0624-A2,augmented/panic_scream/SS-SCR-0624-A2.wav,Panic Scream,SS-SCR-0624,train,augmented,pitch,1028226715,8.429,16000,1,4237e0b05db255caa11ff71eba2b3ef01b08784bc8943e42141c7871653e6ee8,augmentation of SS-SCR-0624,CC-BY-4.0
SS-SCR-0625-A1,augmented/panic_scream/SS-SCR-0625-A1.wav,Panic Scream,SS-SCR-0625,train,augmented,noise,731856714,0.697,16000,1,1fed82bd0f96300ea6531d9528903ce441b67a75683d41772fce92dc289af878,augmentation of SS-SCR-0625,CC-BY-4.0
SS-SCR-0625-A2,augmented/panic_scream/SS-SCR-0625-A2.wav,Panic Scream,SS-SCR-0625,train,augmented,stretch,2811574814,0.613,16000,1,e251ff1da83635552ada4392536841556a168d4eeee8aa674cac1dcb98f8f37c,augmentation of SS-SCR-0625,CC-BY-4.0
SS-SCR-0626-A1,augmented/panic_scream/SS-SCR-0626-A1.wav,Panic Scream,SS-SCR-0626,train,augmented,noise,1082431354,0.607,16000,1,f2e95b6c9136da498cead011ebd84295093116de350ebbe8c614d19a90b5ffda,augmentation of SS-SCR-0626,CC-BY-4.0
SS-SCR-0626-A2,augmented/panic_scream/SS-SCR-0626-A2.wav,Panic Scream,SS-SCR-0626,train,augmented,pitch,2221459483,0.607,16000,1,e31484dbbb0080087a90426b2b37fac8b281a300accc5ad8a0822ffc32d56ab2,augmentation of SS-SCR-0626,CC-BY-4.0
SS-SCR-0630-A1,augmented/panic_scream/SS-SCR-0630-A1.wav,Panic Scream,SS-SCR-0630,train,augmented,shift,3659131797,0.952,16000,1,49b36938d2ebc0fbb8477563aaa139f7a9152675827a6adab575a1df49a39c83,augmentation of SS-SCR-0630,CC-BY-4.0
SS-SCR-0630-A2,augmented/panic_scream/SS-SCR-0630-A2.wav,Panic Scream,SS-SCR-0630,train,augmented,device,3158863072,0.952,16000,1,672dca07611591ad2a73eb0e106c12c88d950469fd644b493cf1ef3a894a2ab5,augmentation of SS-SCR-0630,CC-BY-4.0
SS-SCR-0631-A1,augmented/panic_scream/SS-SCR-0631-A1.wav,Panic Scream,SS-SCR-0631,train,augmented,volume,2912241327,0.65,16000,1,2803bd0de0cb48c1c6580062bdffa900cb273dd1cbdc34ea851c2721016541b6,augmentation of SS-SCR-0631,CC-BY-4.0
SS-SCR-0631-A2,augmented/panic_scream/SS-SCR-0631-A2.wav,Panic Scream,SS-SCR-0631,train,augmented,reverb,2025690684,0.65,16000,1,d90ec6ba51a0a7f1064d57120754763d738d81877997d2b8b51c4c33b423f26f,augmentation of SS-SCR-0631,CC-BY-4.0
SS-SCR-0632-A1,augmented/panic_scream/SS-SCR-0632-A1.wav,Panic Scream,SS-SCR-0632,train,augmented,distance,2408851961,0.848,16000,1,77a475be82610d03d94fcfde88da9eb136371049b4fb941949650a0a5dfa00db,augmentation of SS-SCR-0632,CC-BY-4.0
SS-SCR-0632-A2,augmented/panic_scream/SS-SCR-0632-A2.wav,Panic Scream,SS-SCR-0632,train,augmented,stretch,2127939790,0.813,16000,1,7fb7cf78e86a8a8b23a6b59527f9cba6c3ab499c4348ed18a0c4e0f937952207,augmentation of SS-SCR-0632,CC-BY-4.0
SS-SCR-0633-A1,augmented/panic_scream/SS-SCR-0633-A1.wav,Panic Scream,SS-SCR-0633,train,augmented,reverb,2086975500,1.028,16000,1,0c574d2407b65b471a430b75ad6b44319cb5abf549f7b846de83596467a559b4,augmentation of SS-SCR-0633,CC-BY-4.0
SS-SCR-0633-A2,augmented/panic_scream/SS-SCR-0633-A2.wav,Panic Scream,SS-SCR-0633,train,augmented,stretch,50078574,0.987,16000,1,56080504c027c3ce9fc29f67787310d8c2dcbf4dc78d1060b6a7c96a6c5fe36f,augmentation of SS-SCR-0633,CC-BY-4.0
SS-SCR-0634-A1,augmented/panic_scream/SS-SCR-0634-A1.wav,Panic Scream,SS-SCR-0634,train,augmented,pitch,3820083251,3.799,16000,1,6d4bc55f56a4cbab5ab966a63e4e7febf99e4aab4c0499b0afdfbfffe816b1d5,augmentation of SS-SCR-0634,CC-BY-4.0
SS-SCR-0634-A2,augmented/panic_scream/SS-SCR-0634-A2.wav,Panic Scream,SS-SCR-0634,train,augmented,volume,2546213639,3.799,16000,1,c9ea9cda4c166d61f9d126e1c52e318ca755373e6f7bdf086dfb2fb97d630d4c,augmentation of SS-SCR-0634,CC-BY-4.0
SS-SCR-0635-A1,augmented/panic_scream/SS-SCR-0635-A1.wav,Panic Scream,SS-SCR-0635,train,augmented,shift,3987647485,6.709,16000,1,904ecbbba42aedca30c2390c6f5ad5349692d0bb53e6c520ead50419b98ec175,augmentation of SS-SCR-0635,CC-BY-4.0
SS-SCR-0635-A2,augmented/panic_scream/SS-SCR-0635-A2.wav,Panic Scream,SS-SCR-0635,train,augmented,noise,68141858,6.709,16000,1,cc8548cc4223dde66ef6dbc0e9e9011b69a917b9ab111564a1ebeeb1c26c3d89,augmentation of SS-SCR-0635,CC-BY-4.0
SS-SCR-0636-A1,augmented/panic_scream/SS-SCR-0636-A1.wav,Panic Scream,SS-SCR-0636,train,augmented,device,895799648,9.974,16000,1,cd2f8ea213516a1a42670441e6d1c6af7a906dbfd9a6652b544530dcd1efe11d,augmentation of SS-SCR-0636,CC-BY-4.0
SS-SCR-0636-A2,augmented/panic_scream/SS-SCR-0636-A2.wav,Panic Scream,SS-SCR-0636,train,augmented,distance,2237904705,9.974,16000,1,fe8ece9c3304db462390de27743e3236a3d48c793a1dbad9eaa60f30727f31c7,augmentation of SS-SCR-0636,CC-BY-4.0
SS-SCR-0638-A1,augmented/panic_scream/SS-SCR-0638-A1.wav,Panic Scream,SS-SCR-0638,train,augmented,device,2996126672,1.621,16000,1,e7236566ea94de58b2a2d322a174779ac315ff950f1a1ab4c97615daee0fc851,augmentation of SS-SCR-0638,CC-BY-4.0
SS-SCR-0638-A2,augmented/panic_scream/SS-SCR-0638-A2.wav,Panic Scream,SS-SCR-0638,train,augmented,reverb,1571556452,1.621,16000,1,4a3d64b3c56ef8b5d86611ce400d59525319cf260b36cc4f757859b3da6a3fa7,augmentation of SS-SCR-0638,CC-BY-4.0
SS-SCR-0641-A1,augmented/panic_scream/SS-SCR-0641-A1.wav,Panic Scream,SS-SCR-0641,train,augmented,device,399377568,1.141,16000,1,5a4c5eb9c23cf8f89b66863c79e4dbc491c878628ca8f5d826a55de0e3817b16,augmentation of SS-SCR-0641,CC-BY-4.0
SS-SCR-0641-A2,augmented/panic_scream/SS-SCR-0641-A2.wav,Panic Scream,SS-SCR-0641,train,augmented,stretch,3214704822,1.056,16000,1,162d2684b0b8f2c3b09f641d0992d7e828159dd86ba1b841735b80f20bace4b6,augmentation of SS-SCR-0641,CC-BY-4.0
SS-SCR-0642-A1,augmented/panic_scream/SS-SCR-0642-A1.wav,Panic Scream,SS-SCR-0642,train,augmented,volume,1161726375,1.044,16000,1,2510b32f64f670c696abcbad98addcaa22b25488e58b8d4f0516390401355bee,augmentation of SS-SCR-0642,CC-BY-4.0
SS-SCR-0642-A2,augmented/panic_scream/SS-SCR-0642-A2.wav,Panic Scream,SS-SCR-0642,train,augmented,device,2719517304,1.044,16000,1,de59e59bce22a20fa62c5502605157447e922cf92b215b20487934aa09c5dd78,augmentation of SS-SCR-0642,CC-BY-4.0
SS-SCR-0643-A1,augmented/panic_scream/SS-SCR-0643-A1.wav,Panic Scream,SS-SCR-0643,train,augmented,shift,4269498957,2.515,16000,1,7c2641cdab04482aa76b06253414f84cb8784dc1993e8f88164d156056555177,augmentation of SS-SCR-0643,CC-BY-4.0
SS-SCR-0643-A2,augmented/panic_scream/SS-SCR-0643-A2.wav,Panic Scream,SS-SCR-0643,train,augmented,shift,3607845717,2.515,16000,1,a167c69ceaea9b30499fd5ce1b75c10429abc6f20f3622a6820d2394460dbf8a,augmentation of SS-SCR-0643,CC-BY-4.0
SS-SCR-0644-A1,augmented/panic_scream/SS-SCR-0644-A1.wav,Panic Scream,SS-SCR-0644,train,augmented,shift,2205453413,0.86,16000,1,2f62619fd10ae39e4aa7e58ab6b9c9cd1038352051ea0b671c648881d423e807,augmentation of SS-SCR-0644,CC-BY-4.0
SS-SCR-0644-A2,augmented/panic_scream/SS-SCR-0644-A2.wav,Panic Scream,SS-SCR-0644,train,augmented,noise,3389895514,0.86,16000,1,d8c97500b298a4518cd3a913d227d555b64951966a2bb60f824dc4a43deb90bc,augmentation of SS-SCR-0644,CC-BY-4.0
SS-SCR-0645-A1,augmented/panic_scream/SS-SCR-0645-A1.wav,Panic Scream,SS-SCR-0645,train,augmented,stretch,1687624854,0.525,16000,1,ddd37563b23cdb3be03a2e2b6c5100a9399b56bf1ca213af7a4f365cdd541aad,augmentation of SS-SCR-0645,CC-BY-4.0
SS-SCR-0645-A2,augmented/panic_scream/SS-SCR-0645-A2.wav,Panic Scream,SS-SCR-0645,train,augmented,stretch,2950280782,0.51,16000,1,af8fb3b6d6d5f198a163695e69b5c91cbd56836239c6f23559d378cccf119595,augmentation of SS-SCR-0645,CC-BY-4.0
SS-SCR-0646-A1,augmented/panic_scream/SS-SCR-0646-A1.wav,Panic Scream,SS-SCR-0646,train,augmented,device,1187966840,0.81,16000,1,c87eb50bedbe94663711bcc454d101b6fb88cfb1e1a12a4c2039b30e14f37cde,augmentation of SS-SCR-0646,CC-BY-4.0
SS-SCR-0646-A2,augmented/panic_scream/SS-SCR-0646-A2.wav,Panic Scream,SS-SCR-0646,train,augmented,reverb,1117922260,0.81,16000,1,82aa939db346efa67c267936519e81ddefe0eead4cb331d790a1b2c55f441e53,augmentation of SS-SCR-0646,CC-BY-4.0
SS-SCR-0648-A1,augmented/panic_scream/SS-SCR-0648-A1.wav,Panic Scream,SS-SCR-0648,train,augmented,device,2164098120,2.534,16000,1,c021acb7209e3518fee985acde63b6f151fd522feb7300a53d6c1f198f1d761b,augmentation of SS-SCR-0648,CC-BY-4.0
SS-SCR-0648-A2,augmented/panic_scream/SS-SCR-0648-A2.wav,Panic Scream,SS-SCR-0648,train,augmented,shift,56174221,2.534,16000,1,dba99b67efc4490f693d20fc89295d7f183b6df7731efc3163bb1384cc33c850,augmentation of SS-SCR-0648,CC-BY-4.0
SS-SCR-0649-A1,augmented/panic_scream/SS-SCR-0649-A1.wav,Panic Scream,SS-SCR-0649,train,augmented,stretch,3182845830,6.67,16000,1,16b2284b1cce996722a324dac673544864a068bcef13eb041f59ac36cd9bf689,augmentation of SS-SCR-0649,CC-BY-4.0
SS-SCR-0649-A2,augmented/panic_scream/SS-SCR-0649-A2.wav,Panic Scream,SS-SCR-0649,train,augmented,device,3540397768,5.851,16000,1,4e3f4dca10477b1613bc7c980bdbdeaa8f50a34a2a3e4d4f17d29618cb44f7fa,augmentation of SS-SCR-0649,CC-BY-4.0
SS-SCR-0650-A1,augmented/panic_scream/SS-SCR-0650-A1.wav,Panic Scream,SS-SCR-0650,train,augmented,stretch,2153982838,32.984,16000,1,00acaf397c22724d7b983176a3a24f9821b248a136db9a49ca109e73695108db,augmentation of SS-SCR-0650,CC-BY-4.0
SS-SCR-0650-A2,augmented/panic_scream/SS-SCR-0650-A2.wav,Panic Scream,SS-SCR-0650,train,augmented,distance,345080481,28.462,16000,1,543549b9d060a741ad9cbdba6cca6b3b2d1b201dee19920914dc00e8f40dc665,augmentation of SS-SCR-0650,CC-BY-4.0
SS-SCR-0651-A1,augmented/panic_scream/SS-SCR-0651-A1.wav,Panic Scream,SS-SCR-0651,train,augmented,noise,2533839778,4.041,16000,1,0a028bfef10b8438d83d722bfc336396f7f2dd88938476e5da0b502108458016,augmentation of SS-SCR-0651,CC-BY-4.0
SS-SCR-0651-A2,augmented/panic_scream/SS-SCR-0651-A2.wav,Panic Scream,SS-SCR-0651,train,augmented,distance,3572905321,4.041,16000,1,0fb4193ec7f36a768a5ca8f694f991bbb02ada64c9c18e5cf7884a719ef30090,augmentation of SS-SCR-0651,CC-BY-4.0
SS-SCR-0652-A1,augmented/panic_scream/SS-SCR-0652-A1.wav,Panic Scream,SS-SCR-0652,train,augmented,device,281144000,4.091,16000,1,8e748078b4aa8215faafaad60bf4e9f3654028aeb52384906a3263fde1c1dab4,augmentation of SS-SCR-0652,CC-BY-4.0
SS-SCR-0652-A2,augmented/panic_scream/SS-SCR-0652-A2.wav,Panic Scream,SS-SCR-0652,train,augmented,noise,429794818,4.091,16000,1,ad52cb18195f94f4b00cbb93582ac6065549c78015b00ecb118a11d736e77838,augmentation of SS-SCR-0652,CC-BY-4.0
SS-SCR-0653-A1,augmented/panic_scream/SS-SCR-0653-A1.wav,Panic Scream,SS-SCR-0653,train,augmented,shift,1807912781,2.054,16000,1,624d4c2bc6e8b72a262dd5a74e4815a9e7250169cdf188eec9f9c68bf93ac721,augmentation of SS-SCR-0653,CC-BY-4.0
SS-SCR-0653-A2,augmented/panic_scream/SS-SCR-0653-A2.wav,Panic Scream,SS-SCR-0653,train,augmented,device,3541598136,2.054,16000,1,e66d8f75e65ffa64579d5b69e13bea8bc97b0ebd261ae101e7d9b426398888ae,augmentation of SS-SCR-0653,CC-BY-4.0
SS-SCR-0659-A1,augmented/panic_scream/SS-SCR-0659-A1.wav,Panic Scream,SS-SCR-0659,train,augmented,stretch,405232518,0.577,16000,1,f4166989fbafb6ae2f633f147b26ff2280db025db33be978fb78de8ed37a3ea2,augmentation of SS-SCR-0659,CC-BY-4.0
SS-SCR-0659-A2,augmented/panic_scream/SS-SCR-0659-A2.wav,Panic Scream,SS-SCR-0659,train,augmented,device,2235238080,0.557,16000,1,9a6f08d8e50cc9ede28083783d1400dcfb0b77d97cebc205689daa86fb37294f,augmentation of SS-SCR-0659,CC-BY-4.0
SS-SCR-0660-A1,augmented/panic_scream/SS-SCR-0660-A1.wav,Panic Scream,SS-SCR-0660,train,augmented,shift,1229837157,4.811,16000,1,cfbcca86cbe3ee7157011ecbf921f23bb0032a5537761f9ec6f592e9d1ce6cbf,augmentation of SS-SCR-0660,CC-BY-4.0
SS-SCR-0660-A2,augmented/panic_scream/SS-SCR-0660-A2.wav,Panic Scream,SS-SCR-0660,train,augmented,shift,380396645,4.811,16000,1,9d1b1e439bfb729dd140cc2d1423bd7529f7c43bd698c265336042993fb6792b,augmentation of SS-SCR-0660,CC-BY-4.0
SS-SCR-0662-A1,augmented/panic_scream/SS-SCR-0662-A1.wav,Panic Scream,SS-SCR-0662,train,augmented,pitch,3793688467,0.67,16000,1,61b9a991d50ead1333c5e9a869d2adabd580277d9adb1de921e78b13aaff644c,augmentation of SS-SCR-0662,CC-BY-4.0
SS-SCR-0662-A2,augmented/panic_scream/SS-SCR-0662-A2.wav,Panic Scream,SS-SCR-0662,train,augmented,device,1501602440,0.67,16000,1,f1f74c9dac4ed36b234a7ae1b3a4cadac3d285d6e7f5fba4da1e0e561417d041,augmentation of SS-SCR-0662,CC-BY-4.0
SS-SCR-0663-A1,augmented/panic_scream/SS-SCR-0663-A1.wav,Panic Scream,SS-SCR-0663,train,augmented,reverb,2020161780,13.876,16000,1,bb2d46cb7a5b4317b995b252edecf80e8d41925ac855400481323e2c3896ce0c,augmentation of SS-SCR-0663,CC-BY-4.0
SS-SCR-0663-A2,augmented/panic_scream/SS-SCR-0663-A2.wav,Panic Scream,SS-SCR-0663,train,augmented,shift,641599077,13.876,16000,1,62831428929f5abad3680d50eab90576759966636b399affac0f3b1d2598c396,augmentation of SS-SCR-0663,CC-BY-4.0
SS-SCR-0665-A1,augmented/panic_scream/SS-SCR-0665-A1.wav,Panic Scream,SS-SCR-0665,train,augmented,noise,2654246650,2.455,16000,1,63effe8bb16d315f1ecd5cf350d4cf8c4233eb3987886eef3f7ceaf5ef5fb568,augmentation of SS-SCR-0665,CC-BY-4.0
SS-SCR-0665-A2,augmented/panic_scream/SS-SCR-0665-A2.wav,Panic Scream,SS-SCR-0665,train,augmented,stretch,383957446,2.349,16000,1,9ff6ef0edfff8faa96262bef91978bf3fd6d080211a751f012f2fd828c9fcdb6,augmentation of SS-SCR-0665,CC-BY-4.0
SS-SCR-0667-A1,augmented/panic_scream/SS-SCR-0667-A1.wav,Panic Scream,SS-SCR-0667,train,augmented,noise,2144729674,1.776,16000,1,ac5d73d729e3a53756691136f1a41ed74645f37c17d4ebc8a6fc93823a88d6f3,augmentation of SS-SCR-0667,CC-BY-4.0
SS-SCR-0667-A2,augmented/panic_scream/SS-SCR-0667-A2.wav,Panic Scream,SS-SCR-0667,train,augmented,distance,985452417,1.776,16000,1,821d3641be64992e76f28012d7de2a53d2442226cf4b1fb341522976ce22486e,augmentation of SS-SCR-0667,CC-BY-4.0
SS-SCR-0668-A1,augmented/panic_scream/SS-SCR-0668-A1.wav,Panic Scream,SS-SCR-0668,train,augmented,reverb,645522084,3.875,16000,1,4438bfb106dfa0bfc212dd7595db1a7ebd0dfd55045c00a23d9c685f01fea3db,augmentation of SS-SCR-0668,CC-BY-4.0
SS-SCR-0668-A2,augmented/panic_scream/SS-SCR-0668-A2.wav,Panic Scream,SS-SCR-0668,train,augmented,shift,1905718853,3.875,16000,1,0b01e5912f0b5aa3c1300bea3e8cc42b30f2bda7ee2fb8de98257ff73aa9c44b,augmentation of SS-SCR-0668,CC-BY-4.0
SS-SCR-0669-A1,augmented/panic_scream/SS-SCR-0669-A1.wav,Panic Scream,SS-SCR-0669,train,augmented,noise,321813330,2.375,16000,1,8dca6c57f9dd7a8267e8f9b155759f400178d410e8f683d81445b51d700be8de,augmentation of SS-SCR-0669,CC-BY-4.0
SS-SCR-0669-A2,augmented/panic_scream/SS-SCR-0669-A2.wav,Panic Scream,SS-SCR-0669,train,augmented,stretch,3349651326,2.539,16000,1,ef02fb422d4f2f1b9196a4031cd21b8cf76854a2a27fd9de4a5d5d2d6f262a5e,augmentation of SS-SCR-0669,CC-BY-4.0
SS-SCR-0670-A1,augmented/panic_scream/SS-SCR-0670-A1.wav,Panic Scream,SS-SCR-0670,train,augmented,device,858692096,8.125,16000,1,b5de0251aba81bb1f397874a7bd3efcc907df07139d09b53da6c1128ad27c928,augmentation of SS-SCR-0670,CC-BY-4.0
SS-SCR-0670-A2,augmented/panic_scream/SS-SCR-0670-A2.wav,Panic Scream,SS-SCR-0670,train,augmented,stretch,1763213302,8.174,16000,1,56ab5d4cb19195f2a1fa20d2e133b4139d2c5b00475c29664a1ecfb8623a6eb2,augmentation of SS-SCR-0670,CC-BY-4.0
SS-SCR-0671-A1,augmented/panic_scream/SS-SCR-0671-A1.wav,Panic Scream,SS-SCR-0671,train,augmented,pitch,82707939,0.734,16000,1,58b0dadbc3a4ecd8164835df01f4d3100436a321e7edd5ba52084daac0d98903,augmentation of SS-SCR-0671,CC-BY-4.0
SS-SCR-0671-A2,augmented/panic_scream/SS-SCR-0671-A2.wav,Panic Scream,SS-SCR-0671,train,augmented,noise,2068731378,0.734,16000,1,c26b120eaa6d69e36ff91a8733fbed0652445680846d3fa85e3d0d8c34bd0a37,augmentation of SS-SCR-0671,CC-BY-4.0
SS-SCR-0676-A1,augmented/panic_scream/SS-SCR-0676-A1.wav,Panic Scream,SS-SCR-0676,train,augmented,shift,1963338781,5.068,16000,1,4d507acc60d6aab1662a186454951c28b973cd7e22437cd7d78a0ddc7acba8d8,augmentation of SS-SCR-0676,CC-BY-4.0
SS-SCR-0676-A2,augmented/panic_scream/SS-SCR-0676-A2.wav,Panic Scream,SS-SCR-0676,train,augmented,noise,2899702866,5.068,16000,1,2899e7a0c788338be94685c9c9d3521b03a01adde940ce6ef14754a8081483fe,augmentation of SS-SCR-0676,CC-BY-4.0
SS-SCR-0677-A1,augmented/panic_scream/SS-SCR-0677-A1.wav,Panic Scream,SS-SCR-0677,train,augmented,volume,2587384735,5.0,16000,1,2f17337c62d4da62de550a5e17d004688c8215e140eb87c383f0c56e87cfc576,augmentation of SS-SCR-0677,CC-BY-4.0
SS-SCR-0677-A2,augmented/panic_scream/SS-SCR-0677-A2.wav,Panic Scream,SS-SCR-0677,train,augmented,distance,4244630673,5.0,16000,1,4be53803cbf31f084aa2f686d906ed080205ce80b436181b50765f78b6efc410,augmentation of SS-SCR-0677,CC-BY-4.0
SS-SCR-0678-A1,augmented/panic_scream/SS-SCR-0678-A1.wav,Panic Scream,SS-SCR-0678,train,augmented,device,1168878472,12.696,16000,1,bcc2b9542f176271c0bf8521894dbd60fe4e5155b50a127791047f93a24bca16,augmentation of SS-SCR-0678,CC-BY-4.0
SS-SCR-0678-A2,augmented/panic_scream/SS-SCR-0678-A2.wav,Panic Scream,SS-SCR-0678,train,augmented,pitch,3771856083,12.696,16000,1,c9495c6778417d69c9b8377ce07bf25d8b65c726f98d53358484d800424b0c2e,augmentation of SS-SCR-0678,CC-BY-4.0
SS-SCR-0679-A1,augmented/panic_scream/SS-SCR-0679-A1.wav,Panic Scream,SS-SCR-0679,train,augmented,stretch,228794478,5.482,16000,1,88f2c8745b441136b424f50d056fd82cf92281a70f89ca087c98e6bc83a7ca39,augmentation of SS-SCR-0679,CC-BY-4.0
SS-SCR-0679-A2,augmented/panic_scream/SS-SCR-0679-A2.wav,Panic Scream,SS-SCR-0679,train,augmented,noise,4012359538,5.25,16000,1,7426262df9aec7c768107bd9ecf6e877faeddce9d65b98b360e4b297ecb6f269,augmentation of SS-SCR-0679,CC-BY-4.0
SS-SCR-0680-A1,augmented/panic_scream/SS-SCR-0680-A1.wav,Panic Scream,SS-SCR-0680,train,augmented,stretch,2417829726,3.051,16000,1,c3198d017949e5099261772f6fa45b5af6d6b4cb9ce171f8ffe0f2ef99dd0ce2,augmentation of SS-SCR-0680,CC-BY-4.0
SS-SCR-0680-A2,augmented/panic_scream/SS-SCR-0680-A2.wav,Panic Scream,SS-SCR-0680,train,augmented,distance,392310921,3.325,16000,1,fcd3f9d377a7714411eb8fd1571b4e2c596fee215f4047de05a01cd3ac6a6c05,augmentation of SS-SCR-0680,CC-BY-4.0
SS-SCR-0681-A1,augmented/panic_scream/SS-SCR-0681-A1.wav,Panic Scream,SS-SCR-0681,train,augmented,distance,2267843433,8.531,16000,1,a6cdf8db37726f818c505ff908cca4e00a24943b92b39a3071baf8739da2dfaa,augmentation of SS-SCR-0681,CC-BY-4.0
SS-SCR-0681-A2,augmented/panic_scream/SS-SCR-0681-A2.wav,Panic Scream,SS-SCR-0681,train,augmented,reverb,402607028,8.531,16000,1,77a92fedb4eee8b129beb6db5bb3843c131612fbfbf08230609d14e0f61b2754,augmentation of SS-SCR-0681,CC-BY-4.0
SS-SCR-0700-A1,augmented/panic_scream/SS-SCR-0700-A1.wav,Panic Scream,SS-SCR-0700,train,augmented,noise,2309787602,4.884,16000,1,fc93407c7f39b5a196aad731f7c45a9ffb02e29b7c0e7f54b1a00940731c06da,augmentation of SS-SCR-0700,CC0-1.0
SS-SCR-0700-A2,augmented/panic_scream/SS-SCR-0700-A2.wav,Panic Scream,SS-SCR-0700,train,augmented,pitch,2174356987,4.884,16000,1,47c88a5863458abef7ef8224e7b501ee1ae7c4b8115c63d840a3129f845932da,augmentation of SS-SCR-0700,CC0-1.0
SS-SCR-0705-A1,augmented/panic_scream/SS-SCR-0705-A1.wav,Panic Scream,SS-SCR-0705,train,augmented,distance,1611493833,1.724,16000,1,2cfdc00147cc312b3d107a236aae0987c16772dfcf8918efd57963572ac10387,augmentation of SS-SCR-0705,CC0-1.0
SS-SCR-0705-A2,augmented/panic_scream/SS-SCR-0705-A2.wav,Panic Scream,SS-SCR-0705,train,augmented,pitch,2927370827,1.724,16000,1,8d219eb9111b0f2ab19e168071f6984a086c28a608d1493671cde29b5fc8458b,augmentation of SS-SCR-0705,CC0-1.0
SS-SCR-0706-A1,augmented/panic_scream/SS-SCR-0706-A1.wav,Panic Scream,SS-SCR-0706,train,augmented,volume,1723020799,5.57,16000,1,cafab406530632b4842f97abe8ae8d1394bcc9f4326e9eecd98bb8ade9868475,augmentation of SS-SCR-0706,CC0-1.0
SS-SCR-0706-A2,augmented/panic_scream/SS-SCR-0706-A2.wav,Panic Scream,SS-SCR-0706,train,augmented,reverb,2749909396,5.57,16000,1,604b70139c2c609c525f48629609f0ad9c01580531cc8a3de9629b8526dcc862,augmentation of SS-SCR-0706,CC0-1.0
SS-SCR-0707-A1,augmented/panic_scream/SS-SCR-0707-A1.wav,Panic Scream,SS-SCR-0707,train,augmented,noise,2713773570,1.928,16000,1,f671b6a2145d702e34ad4ed1828bebdc3a6ac849840aca3b49afbae8e62b6fdc,augmentation of SS-SCR-0707,CC0-1.0
SS-SCR-0707-A2,augmented/panic_scream/SS-SCR-0707-A2.wav,Panic Scream,SS-SCR-0707,train,augmented,reverb,179293572,1.928,16000,1,7de130041e723b8b680034c59370c06033c14bba532b195fe565d230e4180023,augmentation of SS-SCR-0707,CC0-1.0
SS-SCR-0709-A1,augmented/panic_scream/SS-SCR-0709-A1.wav,Panic Scream,SS-SCR-0709,train,augmented,volume,3606098999,5.223,16000,1,d25a47abcdaa95cf9d59a6732e68b4830bb40148e1bd42171dcc289952a2d0b7,augmentation of SS-SCR-0709,CC0-1.0
SS-SCR-0709-A2,augmented/panic_scream/SS-SCR-0709-A2.wav,Panic Scream,SS-SCR-0709,train,augmented,distance,1461752105,5.223,16000,1,4a3d49ccc13f6abf373d728ff86b0de398b2533f4c0769859d4c0be62cf9de60,augmentation of SS-SCR-0709,CC0-1.0
SS-SCR-0710-A1,augmented/panic_scream/SS-SCR-0710-A1.wav,Panic Scream,SS-SCR-0710,train,augmented,device,1608299360,3.973,16000,1,307c91de9021897c61094f8d85b710179a5496099849f5d13ae9076cf96b7c9f,augmentation of SS-SCR-0710,CC0-1.0
SS-SCR-0710-A2,augmented/panic_scream/SS-SCR-0710-A2.wav,Panic Scream,SS-SCR-0710,train,augmented,device,932373112,3.973,16000,1,3aaba973c7417ab74fb231215b4afaaa8c68c14889197c89e4273e73c62ce085,augmentation of SS-SCR-0710,CC0-1.0
SS-SCR-0713-A1,augmented/panic_scream/SS-SCR-0713-A1.wav,Panic Scream,SS-SCR-0713,train,augmented,shift,929474061,2.577,16000,1,704d87d9e39746673f471166b8e51e9454204d4d40e13975e711eec818cb900a,augmentation of SS-SCR-0713,CC0-1.0
SS-SCR-0713-A2,augmented/panic_scream/SS-SCR-0713-A2.wav,Panic Scream,SS-SCR-0713,train,augmented,pitch,3688066131,2.577,16000,1,0bd338ce14a840d10e1212b14f56d45365aa53637f230c4fcb7340ae25cb76de,augmentation of SS-SCR-0713,CC0-1.0
SS-SCR-0715-A1,augmented/panic_scream/SS-SCR-0715-A1.wav,Panic Scream,SS-SCR-0715,train,augmented,reverb,2190762228,3.779,16000,1,0f9b9ad31c6be6324f9603b1a1fa65f0e75690641646c59fb8c32c5f12b7411e,augmentation of SS-SCR-0715,CC0-1.0
SS-SCR-0715-A2,augmented/panic_scream/SS-SCR-0715-A2.wav,Panic Scream,SS-SCR-0715,train,augmented,shift,3502815765,3.779,16000,1,272a1098fa9820290a51e24ef95d803e6987bf703e3294f8001549ea22555bf1,augmentation of SS-SCR-0715,CC0-1.0
SS-SCR-0716-A1,augmented/panic_scream/SS-SCR-0716-A1.wav,Panic Scream,SS-SCR-0716,train,augmented,reverb,4243882244,2.242,16000,1,d693d7251d26166557cf5fc037e3d946a5dd6a0abd5cf0e06452ed21ef1d0086,augmentation of SS-SCR-0716,CC0-1.0
SS-SCR-0716-A2,augmented/panic_scream/SS-SCR-0716-A2.wav,Panic Scream,SS-SCR-0716,train,augmented,stretch,3403126334,2.05,16000,1,d8ab17bdea6ba4b95f93d733e8b0ad2198e065f67cd970bf5cf95730a6f6299c,augmentation of SS-SCR-0716,CC0-1.0
SS-SCR-0719-A1,augmented/panic_scream/SS-SCR-0719-A1.wav,Panic Scream,SS-SCR-0719,train,augmented,device,1728543448,1.863,16000,1,1b873640b83eabfece7e3cc17e331022206538dcbf4a031e9f438082b4e78e6f,augmentation of SS-SCR-0719,CC0-1.0
SS-SCR-0719-A2,augmented/panic_scream/SS-SCR-0719-A2.wav,Panic Scream,SS-SCR-0719,train,augmented,stretch,3063993750,2.158,16000,1,340212a2ce7bc8d709c716de065fc558cc2eca746e59f437e30f8ee0dbe24e0f,augmentation of SS-SCR-0719,CC0-1.0
SS-SCR-0721-A1,augmented/panic_scream/SS-SCR-0721-A1.wav,Panic Scream,SS-SCR-0721,train,augmented,reverb,1056090708,2.149,16000,1,ec813882824efd161eb9d083d63a3739dd7622d8410cdd21115218b09f9ecf1b,augmentation of SS-SCR-0721,CC0-1.0
SS-SCR-0721-A2,augmented/panic_scream/SS-SCR-0721-A2.wav,Panic Scream,SS-SCR-0721,train,augmented,shift,1893277677,2.149,16000,1,e5e8591f69216a6bbc02863693e2a793220133ad14e884a51c9f942128650bc6,augmentation of SS-SCR-0721,CC0-1.0
SS-SCR-0723-A1,augmented/panic_scream/SS-SCR-0723-A1.wav,Panic Scream,SS-SCR-0723,train,augmented,pitch,2829157275,5.327,16000,1,0fac476e385c3ea8040ab05b7ff6b615cfaf3263c47d3468a08720fc3e449b16,augmentation of SS-SCR-0723,CC0-1.0
SS-SCR-0723-A2,augmented/panic_scream/SS-SCR-0723-A2.wav,Panic Scream,SS-SCR-0723,train,augmented,stretch,2042297574,4.78,16000,1,85afeaf0b564791163918b29cefc02186d0d6158a6f37f551056d639821699ec,augmentation of SS-SCR-0723,CC0-1.0
