audio_id,filename,class_label,source,source_url,licence,author,date_fetched,duration_sec,sampling_rate,channels,recording_environment,recording_device,approximate_distance,original_or_augmented,parent_audio_id,segment_start_sec,segment_end_sec,sha256,dataset_split,gtm_batch,notes
SS-AGG-0621S1,gtm_samples/aggression/SS-AGG-0621S1.wav,Aggression,derived:TM window of SS-AGG-0621,https://zenodo.org/record/4060432,CC-BY-4.0,Eduardo Fonseca et al.,2026-09-26,1.000,44100,1,unspecified,,n/a,augmented,SS-AGG-0621,0.000,1.000,50bda11f6d44422b929050a0a43bbe047c92af72bdc46f567b7a7b0251d7593f,train,tm-v3,offsets are in the preprocessed (trimmed) signal; split inherited from the parent
SS-AGG-0749S1,gtm_samples/aggression/SS-AGG-0749S1.wav,Aggression,derived:TM window of SS-AGG-0749,,CC0-1.0,sonicsentinel procedural synthesis (data/generate_corpus.py),2026-09-26,1.000,44100,1,outdoor,smartphone_builtin,medium,augmented,SS-AGG-0749,0.500,1.500,115ed89aee6099b5a0b73e7bb3a2708d0a82a85d6e0301f6ccecb833c517bfa1,train,tm-v3,offsets are in the preprocessed (trimmed) signal; split inherited from the parent
SS-AGG-0642S1,gtm_samples/aggression/SS-AGG-0642S1.wav,Aggression,derived:TM window of SS-AGG-0642,https://zenodo.org/record/4060432,CC-BY-4.0,Eduardo Fonseca et al.,2026-09-26,1.000,44100,1,unspecified,,n/a,augmented,SS-AGG-0642,1.500,2.500,f8c60d23131b97b077ee2bd235d8079340919ae8e3de76f1807c0cb4e06bf53e,train,tm-v3,offsets are in the preprocessed (trimmed) signal; split inherited from the parent
SS-AGG-0543S1,gtm_samples/aggression/SS-AGG-0543S1.wav,Aggression,derived:TM window of SS-AGG-0543,https://zenodo.org/record/4060432,CC-BY-4.0,Eduardo Fonseca et al.,2026-09-26,1.000,44100,1,unspecified,,n/a,augmented,SS-AGG-0543,1.500,2.500,3aa8d03c4034ab13743cbba3072a4f803e56375beab1f86b61e9797df8dd5adc,train,tm-v3,offsets are in the preprocessed (trimmed) signal; split inherited from the parent
SS-AGG-0072S1,gtm_samples/aggression/SS-AGG-0072S1.wav,Aggression,derived:TM window of SS-AGG-0072,https://freesound.org/s/184689/,CC-BY-3.0,ingolyrio,2026-09-26,0.686,44100,1,unspecified,unspecified,n/a,augmented,SS-AGG-0072,0.000,1.000,00646d336c506eb7db20e26ddd5bff4bba81661daeca0be992ef2bc5919d93cb,train,tm-v3,offsets are in the preprocessed (trimmed) signal; split inherited from the parent
SS-AGG-0056S1,gtm_samples/aggression/SS-AGG-0056S1.wav,Aggression,derived:TM window of SS-AGG-0056,https://freesound.org/s/13853/,CC0-1.0,adcbicycle,2026-09-26,0.733,44100,1,unspecified,unspecified,n/a,augmented,SS-AGG-0056,0.000,1.000,8b34daac2d846333683c6fbff71d93ed159f38de3cba2ab6e90e74c7a2567716,train,tm-v3,offsets are in the preprocessed (trimmed) signal; split inherited from the parent
SS-AGG-0012S1,gtm_samples/aggression/SS-AGG-0012S1.wav,Aggression,derived:TM window of SS-AGG-0012,https://freesound.org/s/216872/,CC0-1.0,CastIronCarousel,2026-09-26,0.231,44100,1,studio,unspecified,n/a,augmented,SS-AGG-0012,0.000,1.000,b13f08be5e46388a61fa3bf052eb85a52839cb75a925dc3e183e5a70f0184b40,train,tm-v3,offsets are in the preprocessed (trimmed) signal; split inherited from the parent
SS-AGG-0570S1,gtm_samples/aggression/SS-AGG-0570S1.wav,Aggression,derived:TM window of SS-AGG-0570,https://zenodo.org/record/4060432,CC-BY-4.0,Eduardo Fonseca et al.,2026-09-26,1.000,44100,1,unspecified,,n/a,augmented,SS-AGG-0570,1.000,2.000,23eaebaf7da6004683050d1355a72a2ec1d2b18ee150e499cddc68bfc170a00b,train,tm-v3,offsets are in the preprocessed (trimmed) signal; split inherited from the parent
SS-AGG-0719S1,gtm_samples/aggression/SS-AGG-0719S1.wav,Aggression,derived:TM window of SS-AGG-0719,,CC0-1.0,sonicsentinel procedural synthesis (data/generate_corpus.py),2026-09-26,1.000,44100,1,indoor,field_recorder,far,augmented,SS-AGG-0719,0.500,1.500,62b6361cd3c2c0993596a52dca900d1d5611c12299eb92f565942ecfdc493588,train,tm-v3,offsets are in the preprocessed (trimmed) signal; split inherited from the parent
SS-AGG-0527S1,gtm_samples/aggression/SS-AGG-0527S1.wav,Aggression,derived:TM window of SS-AGG-0527,https://zenodo.org/record/4060432,CC-BY-4.0,Eduardo Fonseca et al.,2026-09-26,1.000,44100,1,unspecified,,n/a,augmented,SS-AGG-0527,2.000,3.000,233aed45c55dcc33992d692ef700a2052cae7618863cf6f32ddb21181f612732,train,tm-v3,offsets are in the preprocessed (trimmed) signal; split inherited from the parent
SS-AGG-0741S1,gtm_samples/aggression/SS-AGG-0741S1.wav,Aggression,derived:TM window of SS-AGG-0741,,CC0-1.0,sonicsentinel procedural synthesis (data/generate_corpus.py),2026-09-26,1.000,44100,1,indoor,usb_condenser_mic,medium,augmented,SS-AGG-0741,0.500,1.500,5dcc0093cbaadc133cdb8d9b4d482c899fb0ae868a03e9e3df1f38525510f206,train,tm-v3,offsets are in the preprocessed (trimmed) signal; split inherited from the parent
SS-AGG-0592S1,gtm_samples/aggression/SS-AGG-0592S1.wav,Aggression,derived:TM window of SS-AGG-0592,https://zenodo.org/record/4060432,CC-BY-4.0,Eduardo Fonseca et al.,2026-09-26,1.000,44100,1,unspecified,,n/a,augmented,SS-AGG-0592,0.000,1.000,53394df40a20833fbfb52685caed22dba3de798c8ad2336770adbcffcde002a0,train,tm-v3,offsets are in the preprocessed (trimmed) signal; split inherited from the parent
SS-AGG-0640S1,gtm_samples/aggression/SS-AGG-0640S1.wav,Aggression,derived:TM window of SS-AGG-0640,https://zenodo.org/record/4060432,CC-BY-4.0,Eduardo Fonseca et al.,2026-09-26,1.000,44100,1,unspecified,,n/a,augmented,SS-AGG-0640,3.500,4.500,d91392e07245c087fd9126fe5310973252c87e4b434e10aed7d2886f8e9d56f1,train,tm-v3,offsets are in the preprocessed (trimmed) signal; split inherited from the parent
SS-AGG-0023S1,gtm_samples/aggression/SS-AGG-0023S1.wav,Aggression,derived:TM window of SS-AGG-0023,https://freesound.org/s/336482/,CC0-1.0,Faulkin,2026-09-26,0.881,44100,1,unspecified,unspecified,n/a,augmented,SS-AGG-0023,0.000,1.000,7a623da57c0efa4abfccaa1329a32167bb9f2437e00b6754521a1895629702b2,train,tm-v3,offsets are in the preprocessed (trimmed) signal; split inherited from the parent
SS-AGG-0648S1,gtm_samples/aggression/SS-AGG-0648S1.wav,Aggression,derived:TM window of SS-AGG-0648,https://zenodo.org/record/4060432,CC-BY-4.0,Eduardo Fonseca et al.,2026-09-26,1.000,44100,1,unspecified,,n/a,augmented,SS-AGG-0648,3.500,4.500,7533673666c816570504de3c85ab9e108d9cb8c47171e100060b56c4aa505775,train,tm-v3,offsets are in the preprocessed (trimmed) signal; split inherited from the parent
SS-AGG-0514S1,gtm_samples/aggression/SS-AGG-0514S1.wav,Aggression,derived:TM window of SS-AGG-0514,https://zenodo.org/record/4060432,CC-BY-4.0,Eduardo Fonseca et al.,2026-09-26,1.000,44100,1,unspecified,,n/a,augmented,SS-AGG-0514,17.000,18.000,55e4375182de33188e915dcb1ba70c00c6da4ff819ea7273e97b4e72e57998b2,train,tm-v3,offsets are in the preprocessed (trimmed) signal; split inherited from the parent
SS-AGG-0572S1,gtm_samples/aggression/SS-AGG-0572S1.wav,Aggression,derived:TM window of SS-AGG-0572,https://zenodo.org/record/4060432,CC-BY-4.0,Eduardo Fonseca et al.,2026-09-26,1.000,44100,1,unspecified,,n/a,augmented,SS-AGG-0572,0.000,1.000,8757a75fffb0428c25a702480221f5d80978362b46dec154fe7f6db3d2bdd487,train,tm-v3,offsets are in the preprocessed (trimmed) signal; split inherited from the parent
SS-AGG-0743S1,gtm_samples/aggression/SS-AGG-0743S1.wav,Aggression,derived:TM window of SS-AGG-0743,,CC0-1.0,sonicsentinel procedural synthesis (data/generate_corpus.py),2026-09-26,1.000,44100,1,vehicle,smartphone_builtin,medium,augmented,SS-AGG-0743,0.000,1.000,f112704808d81051955241567fd30270e82b95bafcf015859ce550c45d89e09f,train,tm-v3,offsets are in the preprocessed (trimmed) signal; split inherited from the parent
SS-AGG-0516S1,gtm_samples/aggression/SS-AGG-0516S1.wav,Aggression,derived:TM window of SS-AGG-0516,https://zenodo.org/record/4060432,CC-BY-4.0,Eduardo Fonseca et al.,2026-09-26,1.000,44100,1,unspecified,,n/a,augmented,SS-AGG-0516,8.500,9.500,08c88ca1b92196e36066e8eb601888666d6ef7556b6b97a5c644ef42aead63c7,train,tm-v3,offsets are in the preprocessed (trimmed) signal; split inherited from the parent
SS-AGG-0639S1,gtm_samples/aggression/SS-AGG-0639S1.wav,Aggression,derived:TM window of SS-AGG-0639,https://zenodo.org/record/4060432,CC-BY-4.0,Eduardo Fonseca et al.,2026-09-26,1.000,44100,1,unspecified,,n/a,augmented,SS-AGG-0639,0.000,1.000,abf26a361f62b9ffaff94d35acbf398ac8f896dc93708171ff2342109503a1ad,train,tm-v3,offsets are in the preprocessed (trimmed) signal; split inherited from the parent
SS-AGG-0654S1,gtm_samples/aggression/SS-AGG-0654S1.wav,Aggression,derived:TM window of SS-AGG-0654,https://zenodo.org/record/4060432,CC-BY-4.0,Eduardo Fonseca et al.,2026-09-26,1.000,44100,1,unspecified,,n/a,augmented,SS-AGG-0654,1.000,2.000,a3d013ac71d5150984943c6911219b9e80c3ba01e78bc1f5397c77640159cc21,train,tm-v3,offsets are in the preprocessed (trimmed) signal; split inherited from the parent
SS-AGG-0576S1,gtm_samples/aggression/SS-AGG-0576S1.wav,Aggression,derived:TM window of SS-AGG-0576,https://zenodo.org/record/4060432,CC-BY-4.0,Eduardo Fonseca et al.,2026-09-26,1.000,44100,1,unspecified,,n/a,augmented,SS-AGG-0576,3.000,4.000,9a0aaf8c1e50e780d649c6d799669395998da5c18f52863c91f7bebb3a7c9f2a,train,tm-v3,offsets are in the preprocessed (trimmed) signal; split inherited from the parent
SS-AGG-0048S1,gtm_samples/aggression/SS-AGG-0048S1.wav,Aggression,derived:TM window of SS-AGG-0048,https://freesound.org/s/211910/,CC-BY-3.0,Taira Komori,2026-09-26,1.000,44100,1,unspecified,unspecified,n/a,augmented,SS-AGG-0048,1.500,2.500,ca174183a9d8f211a81a94bf6b8ae2e835a8b2ab0e89164aaab03b50317878a4,train,tm-v3,offsets are in the preprocessed (trimmed) signal; split inherited from the parent
SS-AGG-0714S1,gtm_samples/aggression/SS-AGG-0714S1.wav,Aggression,derived:TM window of SS-AGG-0714,,CC0-1.0,sonicsentinel procedural synthesis (data/generate_corpus.py),2026-09-26,1.000,44100,1,outdoor,cctv_mic,near,augmented,SS-AGG-0714,0.000,1.000,2c8e54ee1157fc1ad5271e70505b9b2f92db2586e942f3cfa542ee7fbbc6dc26,train,tm-v3,offsets are in the preprocessed (trimmed) signal; split inherited from the parent
SS-AGG-0010S1,gtm_samples/aggression/SS-AGG-0010S1.wav,Aggression,derived:TM window of SS-AGG-0010,https://freesound.org/s/93959/,CC-BY-3.0,CGEffex,2026-09-26,1.000,44100,1,unspecified,unspecified,n/a,augmented,SS-AGG-0010,9.000,10.000,8d753c281f0b3ba8db76aa3fc96b6d160d820a71e856b2e349238390aeabe914,train,tm-v3,offsets are in the preprocessed (trimmed) signal; split inherited from the parent
SS-AGG-0070S1,gtm_samples/aggression/SS-AGG-0070S1.wav,Aggression,derived:TM window of SS-AGG-0070,https://freesound.org/s/50178/,CC0-1.0,freesound,2026-09-26,1.000,44100,1,unspecified,unspecified,n/a,augmented,SS-AGG-0070,0.500,1.500,fdb21e448068cb3094c69b05eef4385490d3f3d0e2bc18256244d9aebe3ede8d,train,tm-v3,offsets are in the preprocessed (trimmed) signal; split inherited from the parent
SS-AGG-0620S1,gtm_samples/aggression/SS-AGG-0620S1.wav,Aggression,derived:TM window of SS-AGG-0620,https://zenodo.org/record/4060432,CC-BY-4.0,Eduardo Fonseca et al.,2026-09-26,1.000,44100,1,unspecified,,n/a,augmented,SS-AGG-0620,0.000,1.000,4521b69ba0d8d65ac6d753e54dc34215fc7e32114f6f42109501294cc6421302,train,tm-v3,offsets are in the preprocessed (trimmed) signal; split inherited from the parent
SS-AGG-0571S1,gtm_samples/aggression/SS-AGG-0571S1.wav,Aggression,derived:TM window of SS-AGG-0571,https://zenodo.org/record/4060432,CC-BY-4.0,Eduardo Fonseca et al.,2026-09-26,1.000,44100,1,unspecified,,n/a,augmented,SS-AGG-0571,19.000,20.000,2c3c2c88a6768ee5ba3fcaf4a3f2aa1ae0c3a5dcd02ba66f01d5a905c9842fc3,train,tm-v3,offsets are in the preprocessed (trimmed) signal; split inherited from the parent
SS-AGG-0097S1,gtm_samples/aggression/SS-AGG-0097S1.wav,Aggression,derived:TM window of SS-AGG-0097,https://freesound.org/s/166433/,CC-BY-3.0,ultradust,2026-09-26,1.000,44100,1,indoor,unspecified,n/a,augmented,SS-AGG-0097,1.000,2.000,fd5c0bf1cbe8e47983662d7a5f6743cdac0f1d0b49bf61e800b183f08018f3a8,train,tm-v3,offsets are in the preprocessed (trimmed) signal; split inherited from the parent
SS-AGG-0701S1,gtm_samples/aggression/SS-AGG-0701S1.wav,Aggression,derived:TM window of SS-AGG-0701,,CC0-1.0,sonicsentinel procedural synthesis (data/generate_corpus.py),2026-09-26,1.000,44100,1,indoor,cctv_mic,medium,augmented,SS-AGG-0701,0.000,1.000,5c9ceaf4a43938fe44b4f7ddbcf3f6fa8277b3cbdcb0682cadf3f1acd7c3e697,train,tm-v3,offsets are in the preprocessed (trimmed) signal; split inherited from the parent
SS-AGG-0025S1,gtm_samples/aggression/SS-AGG-0025S1.wav,Aggression,derived:TM window of SS-AGG-0025,https://freesound.org/s/372531/,CC0-1.0,Glitchedtones,2026-09-26,1.000,44100,1,unspecified,unspecified,n/a,augmented,SS-AGG-0025,0.000,1.000,0b21e09ec2fe9af7aa251c5b9a45bc75c4f692318d636c949479d685fc49ed38,train,tm-v3,offsets are in the preprocessed (trimmed) signal; split inherited from the parent
SS-AGG-0646S1,gtm_samples/aggression/SS-AGG-0646S1.wav,Aggression,derived:TM window of SS-AGG-0646,https://zenodo.org/record/4060432,CC-BY-4.0,Eduardo Fonseca et al.,2026-09-26,1.000,44100,1,unspecified,,n/a,augmented,SS-AGG-0646,0.000,1.000,a3bf640353b628f3bc2c453da4d7c55186d29b8d0dccd650d3262a2ac2ab93d0,train,tm-v3,offsets are in the preprocessed (trimmed) signal; split inherited from the parent
SS-AGG-0647S1,gtm_samples/aggression/SS-AGG-0647S1.wav,Aggression,derived:TM window of SS-AGG-0647,https://zenodo.org/record/4060432,CC-BY-4.0,Eduardo Fonseca et al.,2026-09-26,1.000,44100,1,unspecified,,n/a,augmented,SS-AGG-0647,3.000,4.000,7b49d69529bac290f60098a8af0398d4202deb54811231751528b4cc3aa99618,train,tm-v3,offsets are in the preprocessed (trimmed) signal; split inherited from the parent
SS-AGG-0510S1,gtm_samples/aggression/SS-AGG-0510S1.wav,Aggression,derived:TM window of SS-AGG-0510,https://zenodo.org/record/4060432,CC-BY-4.0,Eduardo Fonseca et al.,2026-09-26,1.000,44100,1,unspecified,,n/a,augmented,SS-AGG-0510,8.000,9.000,77455bcd527bc017c624ac3c9fac52ac38719231afb76548484f0fb55e9e4280,train,tm-v3,offsets are in the preprocessed (trimmed) signal; split inherited from the parent
SS-AGG-0520S1,gtm_samples/aggression/SS-AGG-0520S1.wav,Aggression,derived:TM window of SS-AGG-0520,https://zenodo.org/record/4060432,CC-BY-4.0,Eduardo Fonseca et al.,2026-09-26,0.430,44100,1,unspecified,,n/a,augmented,SS-AGG-0520,0.000,1.000,f3e4b34af321e78a0ecb941a6757b20052b8b3836682befe3fb73cb727fcfa57,train,tm-v3,offsets are in the preprocessed (trimmed) signal; split inherited from the parent
SS-AGG-0552S1,gtm_samples/aggression/SS-AGG-0552S1.wav,Aggression,derived:TM window of SS-AGG-0552,https://zenodo.org/record/4060432,CC-BY-4.0,Eduardo Fonseca et al.,2026-09-26,1.000,44100,1,unspecified,,n/a,augmented,SS-AGG-0552,0.000,1.000,6ced5d2920fe501286ec6899f39d59c60b5df0607bd87c8dd5a65ff1e9230944,train,tm-v3,offsets are in the preprocessed (trimmed) signal; split inherited from the parent
SS-AGG-0609S1,gtm_samples/aggression/SS-AGG-0609S1.wav,Aggression,derived:TM window of SS-AGG-0609,https://zenodo.org/record/4060432,CC-BY-4.0,Eduardo Fonseca et al.,2026-09-26,1.000,44100,1,unspecified,,n/a,augmented,SS-AGG-0609,8.000,9.000,090b11b9e65767949cd263902e88d412f13461a2a76b75e660a5f0cdb8f9031f,train,tm-v3,offsets are in the preprocessed (trimmed) signal; split inherited from the parent
SS-AGG-0589S1,gtm_samples/aggression/SS-AGG-0589S1.wav,Aggression,derived:TM window of SS-AGG-0589,https://zenodo.org/record/4060432,CC-BY-4.0,Eduardo Fonseca et al.,2026-09-26,1.000,44100,1,unspecified,,n/a,augmented,SS-AGG-0589,0.000,1.000,1ace2d69e60b1814ace7f26400bfd0119620023d5f653ecd88edf5b45e79b4a2,train,tm-v3,offsets are in the preprocessed (trimmed) signal; split inherited from the parent
SS-AGG-0722S1,gtm_samples/aggression/SS-AGG-0722S1.wav,Aggression,derived:TM window of SS-AGG-0722,,CC0-1.0,sonicsentinel procedural synthesis (data/generate_corpus.py),2026-09-26,1.000,44100,1,indoor,field_recorder,medium,augmented,SS-AGG-0722,0.000,1.000,c0cb2ea2e8f62e42f2e2b75a631a3947f8668df475d51246a649969e0520b448,train,tm-v3,offsets are in the preprocessed (trimmed) signal; split inherited from the parent
SS-AGG-0078S1,gtm_samples/aggression/SS-AGG-0078S1.wav,Aggression,derived:TM window of SS-AGG-0078,https://freesound.org/s/125426/,Sampling+-1.0,jspath1,2026-09-26,0.318,44100,1,unspecified,unspecified,n/a,augmented,SS-AGG-0078,0.000,1.000,7ed68d2027fc4e8404afabb7fde743fdd21c843895c5161db88ab8d8a989d4c7,train,tm-v3,offsets are in the preprocessed (trimmed) signal; split inherited from the parent
SS-AGG-0523S1,gtm_samples/aggression/SS-AGG-0523S1.wav,Aggression,derived:TM window of SS-AGG-0523,https://zenodo.org/record/4060432,CC-BY-4.0,Eduardo Fonseca et al.,2026-09-26,1.000,44100,1,unspecified,,n/a,augmented,SS-AGG-0523,0.500,1.500,d0f5a055208be8c293e9c41a7e3f6c4d46fa3a77c2fc00eab7e97d0c419732e6,train,tm-v3,offsets are in the preprocessed (trimmed) signal; split inherited from the parent
SS-AGG-0610S1,gtm_samples/aggression/SS-AGG-0610S1.wav,Aggression,derived:TM window of SS-AGG-0610,https://zenodo.org/record/4060432,CC-BY-4.0,Eduardo Fonseca et al.,2026-09-26,1.000,44100,1,unspecified,,n/a,augmented,SS-AGG-0610,17.000,18.000,43fcc9b6f21977d64543e28f5b3a0a890cb6883c200e0d12a053caff400aa900,train,tm-v3,offsets are in the preprocessed (trimmed) signal; split inherited from the parent
SS-AGG-0508S1,gtm_samples/aggression/SS-AGG-0508S1.wav,Aggression,derived:TM window of SS-AGG-0508,https://zenodo.org/record/4060432,CC-BY-4.0,Eduardo Fonseca et al.,2026-09-26,1.000,44100,1,unspecified,,n/a,augmented,SS-AGG-0508,7.000,8.000,f0e5eb610e3d0747c60e5315afb6e824e54d45d9ad7708e3d1332355a486c6be,train,tm-v3,offsets are in the preprocessed (trimmed) signal; split inherited from the parent
SS-AGG-0016S1,gtm_samples/aggression/SS-AGG-0016S1.wav,Aggression,derived:TM window of SS-AGG-0016,https://freesound.org/s/144204/,CC-BY-3.0,D W,2026-09-26,0.393,44100,1,unspecified,unspecified,n/a,augmented,SS-AGG-0016,0.000,1.000,47562b9bb2c80753e8341861b5d502ceb782fd784555ab1d8d424440a3c9d91b,train,tm-v3,offsets are in the preprocessed (trimmed) signal; split inherited from the parent
SS-AGG-0526S1,gtm_samples/aggression/SS-AGG-0526S1.wav,Aggression,derived:TM window of SS-AGG-0526,https://zenodo.org/record/4060432,CC-BY-4.0,Eduardo Fonseca et al.,2026-09-26,1.000,44100,1,unspecified,,n/a,augmented,SS-AGG-0526,1.000,2.000,744e9573666eaeda9e0398abf29edda98653279fe2b7521a7829f12165d410b7,train,tm-v3,offsets are in the preprocessed (trimmed) signal; split inherited from the parent
SS-AGG-0061S1,gtm_samples/aggression/SS-AGG-0061S1.wav,Aggression,derived:TM window of SS-AGG-0061,https://freesound.org/s/10380/,CC0-1.0,batchku,2026-09-26,1.000,44100,1,unspecified,unspecified,n/a,augmented,SS-AGG-0061,2.000,3.000,3a1aba84d2b61545efe41b245ea2a801ab174a3e2f4fb8cc5cbf07b02f5358ec,train,tm-v3,offsets are in the preprocessed (trimmed) signal; split inherited from the parent
SS-AGG-0064S1,gtm_samples/aggression/SS-AGG-0064S1.wav,Aggression,derived:TM window of SS-AGG-0064,https://freesound.org/s/397662/,CC-BY-3.0,cetsoundcrew,2026-09-26,0.494,44100,1,unspecified,unspecified,n/a,augmented,SS-AGG-0064,0.000,1.000,4c8e9d083d14276809de87f03562d8948dad740120799f3fc7c0ff439f19b65d,train,tm-v3,offsets are in the preprocessed (trimmed) signal; split inherited from the parent
SS-AGG-0643S1,gtm_samples/aggression/SS-AGG-0643S1.wav,Aggression,derived:TM window of SS-AGG-0643,https://zenodo.org/record/4060432,CC-BY-4.0,Eduardo Fonseca et al.,2026-09-26,1.000,44100,1,unspecified,,n/a,augmented,SS-AGG-0643,0.000,1.000,841408822c17937a4af60b8d4020f9b618fb152a32847e7f5248390b1e81f9d7,train,tm-v3,offsets are in the preprocessed (trimmed) signal; split inherited from the parent
SS-AGG-0584S1,gtm_samples/aggression/SS-AGG-0584S1.wav,Aggression,derived:TM window of SS-AGG-0584,https://zenodo.org/record/4060432,CC-BY-4.0,Eduardo Fonseca et al.,2026-09-26,1.000,44100,1,unspecified,,n/a,augmented,SS-AGG-0584,0.000,1.000,c6698944563f8cf4a745fce8388f4c380c8e7f0419d4b02beed2c4c7b091bbab,train,tm-v3,offsets are in the preprocessed (trimmed) signal; split inherited from the parent
SS-AGG-0547S1,gtm_samples/aggression/SS-AGG-0547S1.wav,Aggression,derived:TM window of SS-AGG-0547,https://zenodo.org/record/4060432,CC-BY-4.0,Eduardo Fonseca et al.,2026-09-26,1.000,44100,1,unspecified,,n/a,augmented,SS-AGG-0547,0.000,1.000,62c0782e9b741d7d1c13760ab78548ad049e9556f06516bf4778e22eaf080f29,train,tm-v3,offsets are in the preprocessed (trimmed) signal; split inherited from the parent
SS-AGG-0658S1,gtm_samples/aggression/SS-AGG-0658S1.wav,Aggression,derived:TM window of SS-AGG-0658,https://zenodo.org/record/4060432,CC-BY-4.0,Eduardo Fonseca et al.,2026-09-26,1.000,44100,1,unspecified,,n/a,augmented,SS-AGG-0658,2.000,3.000,4dba4ba0c9d770e523e63f4841d9e40ccfff018e03f0d122fedbf43d66efb012,train,tm-v3,offsets are in the preprocessed (trimmed) signal; split inherited from the parent
SS-AGG-0617S1,gtm_samples/aggression/SS-AGG-0617S1.wav,Aggression,derived:TM window of SS-AGG-0617,https://zenodo.org/record/4060432,CC-BY-4.0,Eduardo Fonseca et al.,2026-09-26,1.000,44100,1,unspecified,,n/a,augmented,SS-AGG-0617,3.000,4.000,b23e79505f9642bd5aece4a30e0e6165bf22d5cd14045d0b85e4040b98bee452,train,tm-v3,offsets are in the preprocessed (trimmed) signal; split inherited from the parent
SS-AGG-0059S1,gtm_samples/aggression/SS-AGG-0059S1.wav,Aggression,derived:TM window of SS-AGG-0059,https://freesound.org/s/233001/,CC-BY-3.0,amorralteixe,2026-09-26,1.000,44100,1,outdoor,unspecified,n/a,augmented,SS-AGG-0059,1.000,2.000,2d6a265f17afad2cb9d330712d46d66b42e754e545d8858a2f58c25a296b858f,train,tm-v3,offsets are in the preprocessed (trimmed) signal; split inherited from the parent
SS-AGG-0559S1,gtm_samples/aggression/SS-AGG-0559S1.wav,Aggression,derived:TM window of SS-AGG-0559,https://zenodo.org/record/4060432,CC-BY-4.0,Eduardo Fonseca et al.,2026-09-26,1.000,44100,1,unspecified,,n/a,augmented,SS-AGG-0559,0.500,1.500,58d8b43904668f55f7c3db070b6c440c7bb8d8ad1f2c97a7b804c1bcb24e0eda,train,tm-v3,offsets are in the preprocessed (trimmed) signal; split inherited from the parent
SS-AGG-0613S1,gtm_samples/aggression/SS-AGG-0613S1.wav,Aggression,derived:TM window of SS-AGG-0613,https://zenodo.org/record/4060432,CC-BY-4.0,Eduardo Fonseca et al.,2026-09-26,1.000,44100,1,unspecified,,n/a,augmented,SS-AGG-0613,6.000,7.000,0138ad45aa8a5ae3381c91a1e90fc86ba0d49fb4bc3cb67c013ef0e1328067a3,train,tm-v3,offsets are in the preprocessed (trimmed) signal; split inherited from the parent
SS-AGG-0035S1,gtm_samples/aggression/SS-AGG-0035S1.wav,Aggression,derived:TM window of SS-AGG-0035,https://freesound.org/s/320234/,CC0-1.0,Kukensius,2026-09-26,1.000,44100,1,outdoor,unspecified,n/a,augmented,SS-AGG-0035,13.000,14.000,7bc10606447aca5864087dde1dae6870c6aa36136f5ddbbeb7883c8eb3fb9dcd,train,tm-v3,offsets are in the preprocessed (trimmed) signal; split inherited from the parent
SS-AGG-0011S1,gtm_samples/aggression/SS-AGG-0011S1.wav,Aggression,derived:TM window of SS-AGG-0011,https://freesound.org/s/365478/,CC0-1.0,Caitlin_100,2026-09-26,1.000,44100,1,unspecified,unspecified,n/a,augmented,SS-AGG-0011,0.000,1.000,185328ca48c17880f4aa9c846534e6fd40e87acb5390d0596c77e0b43d8bec04,train,tm-v3,offsets are in the preprocessed (trimmed) signal; split inherited from the parent
SS-AGG-0003S1,gtm_samples/aggression/SS-AGG-0003S1.wav,Aggression,derived:TM window of SS-AGG-0003,https://freesound.org/s/78483/,CC0-1.0,1sticky8,2026-09-26,1.000,44100,1,indoor,unspecified,n/a,augmented,SS-AGG-0003,0.000,1.000,c18aed9bf27b972c768a728756455bf7ac016c24317fdb01b8dd349c64fa277a,train,tm-v3,offsets are in the preprocessed (trimmed) signal; split inherited from the parent
SS-AGG-0730S1,gtm_samples/aggression/SS-AGG-0730S1.wav,Aggression,derived:TM window of SS-AGG-0730,,CC0-1.0,sonicsentinel procedural synthesis (data/generate_corpus.py),2026-09-26,1.000,44100,1,outdoor,usb_condenser_mic,medium,augmented,SS-AGG-0730,0.000,1.000,477e4a88ac9acc41c7a7cc89ba3a7a03db3372952833cfcf538e88e315307882,train,tm-v3,offsets are in the preprocessed (trimmed) signal; split inherited from the parent
SS-AGG-0611S1,gtm_samples/aggression/SS-AGG-0611S1.wav,Aggression,derived:TM window of SS-AGG-0611,https://zenodo.org/record/4060432,CC-BY-4.0,Eduardo Fonseca et al.,2026-09-26,1.000,44100,1,unspecified,,n/a,augmented,SS-AGG-0611,8.500,9.500,71d5eaf67ad4ac837a3ec146bc04be1de909ac3db0b93b5fe1bab636a9dcfb6e,train,tm-v3,offsets are in the preprocessed (trimmed) signal; split inherited from the parent
SS-AGG-0597S1,gtm_samples/aggression/SS-AGG-0597S1.wav,Aggression,derived:TM window of SS-AGG-0597,https://zenodo.org/record/4060432,CC-BY-4.0,Eduardo Fonseca et al.,2026-09-26,0.656,44100,1,unspecified,,n/a,augmented,SS-AGG-0597,0.000,1.000,d941cf1362b095973e71d8456d9c910c71dbaba73aa6b6e215ccf416a5660055,train,tm-v3,offsets are in the preprocessed (trimmed) signal; split inherited from the parent
SS-AGG-0051S1,gtm_samples/aggression/SS-AGG-0051S1.wav,Aggression,derived:TM window of SS-AGG-0051,https://freesound.org/s/31000/,CC0-1.0,UncleSigmund,2026-09-26,1.000,44100,1,unspecified,unspecified,n/a,augmented,SS-AGG-0051,1.000,2.000,bb7c72b759956837e23832a839d2a1cc11a1a7c32624921c7c9cc0dfa5297da2,train,tm-v3,offsets are in the preprocessed (trimmed) signal; split inherited from the parent
SS-AGG-0089S1,gtm_samples/aggression/SS-AGG-0089S1.wav,Aggression,derived:TM window of SS-AGG-0089,https://freesound.org/s/388022/,CC0-1.0,saturdaysoundguy,2026-09-26,1.000,44100,1,indoor,unspecified,n/a,augmented,SS-AGG-0089,0.000,1.000,78325599540b9290d762a0117299bb6684667917a6d5ff602b4fa4618f81c9bc,train,tm-v3,offsets are in the preprocessed (trimmed) signal; split inherited from the parent
SS-AGG-0735S1,gtm_samples/aggression/SS-AGG-0735S1.wav,Aggression,derived:TM window of SS-AGG-0735,,CC0-1.0,sonicsentinel procedural synthesis (data/generate_corpus.py),2026-09-26,1.000,44100,1,indoor,lavalier_mic,near,augmented,SS-AGG-0735,0.000,1.000,4d72b97d86c0e7d3b8cf7d4341e55d02a47af2fea2aa0df086ce759d1f5d9569,train,tm-v3,offsets are in the preprocessed (trimmed) signal; split inherited from the parent
SS-AGG-0748S1,gtm_samples/aggression/SS-AGG-0748S1.wav,Aggression,derived:TM window of SS-AGG-0748,,CC0-1.0,sonicsentinel procedural synthesis (data/generate_corpus.py),2026-09-26,1.000,44100,1,outdoor,smartphone_builtin,medium,augmented,SS-AGG-0748,0.000,1.000,876d044f002bf346ac78506c6930ec431e0a3a1ac0bb3868c077727e541fc272,train,tm-v3,offsets are in the preprocessed (trimmed) signal; split inherited from the parent
SS-AGG-0524S1,gtm_samples/aggression/SS-AGG-0524S1.wav,Aggression,derived:TM window of SS-AGG-0524,https://zenodo.org/record/4060432,CC-BY-4.0,Eduardo Fonseca et al.,2026-09-26,1.000,44100,1,unspecified,,n/a,augmented,SS-AGG-0524,11.500,12.500,ddff86bd6d975f78da0066d80884a06349e98885ddda9e751a7a0be90414cedb,train,tm-v3,offsets are in the preprocessed (trimmed) signal; split inherited from the parent
SS-AGG-0539S1,gtm_samples/aggression/SS-AGG-0539S1.wav,Aggression,derived:TM window of SS-AGG-0539,https://zenodo.org/record/4060432,CC-BY-4.0,Eduardo Fonseca et al.,2026-09-26,1.000,44100,1,unspecified,,n/a,augmented,SS-AGG-0539,2.000,3.000,7cad87a9bfdc3fddaef6233db274d1a0507cd9629f851c4d6f2bd36cafac6d2a,train,tm-v3,offsets are in the preprocessed (trimmed) signal; split inherited from the parent
SS-AGG-0586S1,gtm_samples/aggression/SS-AGG-0586S1.wav,Aggression,derived:TM window of SS-AGG-0586,https://zenodo.org/record/4060432,CC-BY-4.0,Eduardo Fonseca et al.,2026-09-26,1.000,44100,1,unspecified,,n/a,augmented,SS-AGG-0586,0.000,1.000,c83d1c517846c23a1914f0751e9d32b0dd39f16a827fbfdb5fb07d2b5bb753ba,train,tm-v3,offsets are in the preprocessed (trimmed) signal; split inherited from the parent
SS-AGG-0530S1,gtm_samples/aggression/SS-AGG-0530S1.wav,Aggression,derived:TM window of SS-AGG-0530,https://zenodo.org/record/4060432,CC-BY-4.0,Eduardo Fonseca et al.,2026-09-26,1.000,44100,1,unspecified,,n/a,augmented,SS-AGG-0530,13.500,14.500,699e39f0a37423cc78ac34ca0b62b3717ac46747cbe5068a8e8d872c898da230,train,tm-v3,offsets are in the preprocessed (trimmed) signal; split inherited from the parent
SS-AGG-0037S1,gtm_samples/aggression/SS-AGG-0037S1.wav,Aggression,derived:TM window of SS-AGG-0037,https://freesound.org/s/73050/,CC-BY-3.0,LG,2026-09-26,1.000,44100,1,unspecified,unspecified,n/a,augmented,SS-AGG-0037,3.500,4.500,61db4ddc335830dc667ce9092f28b1381e8d3878d0a6c32714c6f393d638f756,train,tm-v3,offsets are in the preprocessed (trimmed) signal; split inherited from the parent
SS-AGG-0504S1,gtm_samples/aggression/SS-AGG-0504S1.wav,Aggression,derived:TM window of SS-AGG-0504,https://zenodo.org/record/4060432,CC-BY-4.0,Eduardo Fonseca et al.,2026-09-26,1.000,44100,1,unspecified,,n/a,augmented,SS-AGG-0504,2.500,3.500,4d29b34aeda219b3995ef62e1d49f62b1589099277ddeffe4399326704356fa1,train,tm-v3,offsets are in the preprocessed (trimmed) signal; split inherited from the parent
SS-AGG-0604S1,gtm_samples/aggression/SS-AGG-0604S1.wav,Aggression,derived:TM window of SS-AGG-0604,https://zenodo.org/record/4060432,CC-BY-4.0,Eduardo Fonseca et al.,2026-09-26,1.000,44100,1,unspecified,,n/a,augmented,SS-AGG-0604,0.000,1.000,0a0027d1e27be5a007ba06ecaacc54bf799f08b4ff6a3d498486b327656a19cb,train,tm-v3,offsets are in the preprocessed (trimmed) signal; split inherited from the parent
SS-AGG-0535S1,gtm_samples/aggression/SS-AGG-0535S1.wav,Aggression,derived:TM window of SS-AGG-0535,https://zenodo.org/record/4060432,CC-BY-4.0,Eduardo Fonseca et al.,2026-09-26,1.000,44100,1,unspecified,,n/a,augmented,SS-AGG-0535,0.000,1.000,5658383bf0a339863640d553ba474bb2dab5b3f372864b14170080b4a57dc711,train,tm-v3,offsets are in the preprocessed (trimmed) signal; split inherited from the parent
SS-AGG-0083S1,gtm_samples/aggression/SS-AGG-0083S1.wav,Aggression,derived:TM window of SS-AGG-0083,https://freesound.org/s/114509/,CC-BY-3.0,matucha,2026-09-26,1.000,44100,1,indoor,unspecified,n/a,augmented,SS-AGG-0083,1.000,2.000,940e185676cd738be6d630b85286320579cfd2052f0a249da0ca5e199f1d03bf,train,tm-v3,offsets are in the preprocessed (trimmed) signal; split inherited from the parent
SS-AGG-0554S1,gtm_samples/aggression/SS-AGG-0554S1.wav,Aggression,derived:TM window of SS-AGG-0554,https://zenodo.org/record/4060432,CC-BY-4.0,Eduardo Fonseca et al.,2026-09-26,1.000,44100,1,unspecified,,n/a,augmented,SS-AGG-0554,0.000,1.000,0f4d05ff1e2dfda45d8d1d46b149e13527ce56376a32118d16656b9b1ab22567,train,tm-v3,offsets are in the preprocessed (trimmed) signal; split inherited from the parent
SS-AGG-0522S1,gtm_samples/aggression/SS-AGG-0522S1.wav,Aggression,derived:TM window of SS-AGG-0522,https://zenodo.org/record/4060432,CC-BY-4.0,Eduardo Fonseca et al.,2026-09-26,1.000,44100,1,unspecified,,n/a,augmented,SS-AGG-0522,0.000,1.000,138ed3fd80c2bcd9fb5125afc20b3af251d6a6e360a0623b131afca624b62dd5,train,tm-v3,offsets are in the preprocessed (trimmed) signal; split inherited from the parent
SS-AGG-0619S1,gtm_samples/aggression/SS-AGG-0619S1.wav,Aggression,derived:TM window of SS-AGG-0619,https://zenodo.org/record/4060432,CC-BY-4.0,Eduardo Fonseca et al.,2026-09-26,1.000,44100,1,unspecified,,n/a,augmented,SS-AGG-0619,2.500,3.500,ad27fc0b098c580e0436e7773bf356d9866c3fc63f0fcdf0ea3f3134c286b6ef,train,tm-v3,offsets are in the preprocessed (trimmed) signal; split inherited from the parent
SS-AGG-0657S1,gtm_samples/aggression/SS-AGG-0657S1.wav,Aggression,derived:TM window of SS-AGG-0657,https://zenodo.org/record/4060432,CC-BY-4.0,Eduardo Fonseca et al.,2026-09-26,1.000,44100,1,unspecified,,n/a,augmented,SS-AGG-0657,2.500,3.500,0b517246c6b46ce68ed72797669db45281010d9638dec6eb6185ba65c274ad4e,train,tm-v3,offsets are in the preprocessed (trimmed) signal; split inherited from the parent
SS-AGG-0602S1,gtm_samples/aggression/SS-AGG-0602S1.wav,Aggression,derived:TM window of SS-AGG-0602,https://zenodo.org/record/4060432,CC-BY-4.0,Eduardo Fonseca et al.,2026-09-26,1.000,44100,1,unspecified,,n/a,augmented,SS-AGG-0602,0.000,1.000,bcc3dd184719422d14d2997bf1f60a07dc8335d3224d5ff645faece501b600cd,train,tm-v3,offsets are in the preprocessed (trimmed) signal; split inherited from the parent
SS-AGG-0080S1,gtm_samples/aggression/SS-AGG-0080S1.wav,Aggression,derived:TM window of SS-AGG-0080,https://freesound.org/s/34585/,CC0-1.0,klangfabrik,2026-09-26,0.392,44100,1,unspecified,unspecified,n/a,augmented,SS-AGG-0080,0.000,1.000,9c7bbd13b213663ec9e4556f54c99a70d43cc1b09f065bffec541cc6afb9b9d1,train,tm-v3,offsets are in the preprocessed (trimmed) signal; split inherited from the parent
SS-AGG-0509S1,gtm_samples/aggression/SS-AGG-0509S1.wav,Aggression,derived:TM window of SS-AGG-0509,https://zenodo.org/record/4060432,CC-BY-4.0,Eduardo Fonseca et al.,2026-09-26,1.000,44100,1,unspecified,,n/a,augmented,SS-AGG-0509,0.000,1.000,017752f7cf2b4a472f5d5cc1d895b946531bad0c33b1fcb9670ece1737ba3516,train,tm-v3,offsets are in the preprocessed (trimmed) signal; split inherited from the parent
SS-AGG-0711S1,gtm_samples/aggression/SS-AGG-0711S1.wav,Aggression,derived:TM window of SS-AGG-0711,,CC0-1.0,sonicsentinel procedural synthesis (data/generate_corpus.py),2026-09-26,1.000,44100,1,outdoor,usb_condenser_mic,near,augmented,SS-AGG-0711,0.500,1.500,9d1b200fc8c7052a645356b30a6d7c2cd5ae58837960e747063a01b88956fe93,train,tm-v3,offsets are in the preprocessed (trimmed) signal; split inherited from the parent
SS-AGG-0650S1,gtm_samples/aggression/SS-AGG-0650S1.wav,Aggression,derived:TM window of SS-AGG-0650,https://zenodo.org/record/4060432,CC-BY-4.0,Eduardo Fonseca et al.,2026-09-26,1.000,44100,1,unspecified,,n/a,augmented,SS-AGG-0650,3.000,4.000,67e3cc2212d06450098802fc4ba74bd6b12b402c8ec9f3029deb19a4b9364cb3,train,tm-v3,offsets are in the preprocessed (trimmed) signal; split inherited from the parent
SS-AGG-0606S1,gtm_samples/aggression/SS-AGG-0606S1.wav,Aggression,derived:TM window of SS-AGG-0606,https://zenodo.org/record/4060432,CC-BY-4.0,Eduardo Fonseca et al.,2026-09-26,1.000,44100,1,unspecified,,n/a,augmented,SS-AGG-0606,10.000,11.000,4c17ec815c519febc8ee4191b97de8a53c3e2029f0f956e805e1bf0b90850335,train,tm-v3,offsets are in the preprocessed (trimmed) signal; split inherited from the parent
SS-AGG-0558S1,gtm_samples/aggression/SS-AGG-0558S1.wav,Aggression,derived:TM window of SS-AGG-0558,https://zenodo.org/record/4060432,CC-BY-4.0,Eduardo Fonseca et al.,2026-09-26,1.000,44100,1,unspecified,,n/a,augmented,SS-AGG-0558,15.500,16.500,99c2aa13def11d7e2405fdf051c0ffbb15671eb5f5772218cc0bd4d11b86e90e,train,tm-v3,offsets are in the preprocessed (trimmed) signal; split inherited from the parent
SS-AGG-0624S1,gtm_samples/aggression/SS-AGG-0624S1.wav,Aggression,derived:TM window of SS-AGG-0624,https://zenodo.org/record/4060432,CC-BY-4.0,Eduardo Fonseca et al.,2026-09-26,1.000,44100,1,unspecified,,n/a,augmented,SS-AGG-0624,0.000,1.000,26af7b3687c36b0cc882e0ba69c54cea44b95da598cd1435f3a7950659781eba,train,tm-v3,offsets are in the preprocessed (trimmed) signal; split inherited from the parent
SS-AGG-0551S1,gtm_samples/aggression/SS-AGG-0551S1.wav,Aggression,derived:TM window of SS-AGG-0551,https://zenodo.org/record/4060432,CC-BY-4.0,Eduardo Fonseca et al.,2026-09-26,1.000,44100,1,unspecified,,n/a,augmented,SS-AGG-0551,0.000,1.000,6ead1fc21390293837b9a2e5d5a0243b123c2679db9edb0229c6d721291d7167,train,tm-v3,offsets are in the preprocessed (trimmed) signal; split inherited from the parent
SS-AGG-0731S1,gtm_samples/aggression/SS-AGG-0731S1.wav,Aggression,derived:TM window of SS-AGG-0731,,CC0-1.0,sonicsentinel procedural synthesis (data/generate_corpus.py),2026-09-26,1.000,44100,1,indoor,smartphone_builtin,medium,augmented,SS-AGG-0731,0.000,1.000,975c7d670e3f90c69f86cfa5ac80235a49f8df593f734af3b20994f18c89207f,train,tm-v3,offsets are in the preprocessed (trimmed) signal; split inherited from the parent
SS-AGG-0612S1,gtm_samples/aggression/SS-AGG-0612S1.wav,Aggression,derived:TM window of SS-AGG-0612,https://zenodo.org/record/4060432,CC-BY-4.0,Eduardo Fonseca et al.,2026-09-26,1.000,44100,1,unspecified,,n/a,augmented,SS-AGG-0612,1.500,2.500,a4a315b7e7521810293ca2e41a11435cb5f17af31f285f0528f048b561ddc31e,train,tm-v3,offsets are in the preprocessed (trimmed) signal; split inherited from the parent
SS-AGG-0033S1,gtm_samples/aggression/SS-AGG-0033S1.wav,Aggression,derived:TM window of SS-AGG-0033,https://freesound.org/s/426389/,CC0-1.0,Jbricker1997,2026-09-26,0.665,44100,1,unspecified,unspecified,n/a,augmented,SS-AGG-0033,0.000,1.000,9274e49216f569e7e0bfc3246b24beceb31041ddac6eb8cd0cf5f6b61af0d4c8,train,tm-v3,offsets are in the preprocessed (trimmed) signal; split inherited from the parent
SS-AGG-0512S1,gtm_samples/aggression/SS-AGG-0512S1.wav,Aggression,derived:TM window of SS-AGG-0512,https://zenodo.org/record/4060432,CC-BY-4.0,Eduardo Fonseca et al.,2026-09-26,1.000,44100,1,unspecified,,n/a,augmented,SS-AGG-0512,0.000,1.000,bf6751945d720b3770be7431ee8befd1b314a6a26c2a23e6648923f41573d41d,train,tm-v3,offsets are in the preprocessed (trimmed) signal; split inherited from the parent
SS-AGG-0721S1,gtm_samples/aggression/SS-AGG-0721S1.wav,Aggression,derived:TM window of SS-AGG-0721,,CC0-1.0,sonicsentinel procedural synthesis (data/generate_corpus.py),2026-09-26,1.000,44100,1,indoor,cctv_mic,medium,augmented,SS-AGG-0721,0.000,1.000,f297168d2a3fcc080aae70b80c5437bcda010df52e56189d5d08bd984cf69919,train,tm-v3,offsets are in the preprocessed (trimmed) signal; split inherited from the parent
SS-AGG-0518S1,gtm_samples/aggression/SS-AGG-0518S1.wav,Aggression,derived:TM window of SS-AGG-0518,https://zenodo.org/record/4060432,CC-BY-4.0,Eduardo Fonseca et al.,2026-09-26,0.591,44100,1,unspecified,,n/a,augmented,SS-AGG-0518,0.000,1.000,56da7092c941ee9c5635f6aae96008b7bfc274b7e981d7662e7bf05dbd7f85d3,train,tm-v3,offsets are in the preprocessed (trimmed) signal; split inherited from the parent
SS-AGG-0585S1,gtm_samples/aggression/SS-AGG-0585S1.wav,Aggression,derived:TM window of SS-AGG-0585,https://zenodo.org/record/4060432,CC-BY-4.0,Eduardo Fonseca et al.,2026-09-26,1.000,44100,1,unspecified,,n/a,augmented,SS-AGG-0585,0.000,1.000,a0e231512008e021ffb378a699367b0739d24846ae072bf4e7b711d39c50db7f,train,tm-v3,offsets are in the preprocessed (trimmed) signal; split inherited from the parent
SS-AGG-0727S1,gtm_samples/aggression/SS-AGG-0727S1.wav,Aggression,derived:TM window of SS-AGG-0727,,CC0-1.0,sonicsentinel procedural synthesis (data/generate_corpus.py),2026-09-26,1.000,44100,1,outdoor,lavalier_mic,medium,augmented,SS-AGG-0727,4.000,5.000,1304b92263801d01691bbf5eaf1dd37d4f1fca3ed78f3b644f0d74e01d3530ca,train,tm-v3,offsets are in the preprocessed (trimmed) signal; split inherited from the parent
SS-AGG-0502S1,gtm_samples/aggression/SS-AGG-0502S1.wav,Aggression,derived:TM window of SS-AGG-0502,https://zenodo.org/record/4060432,CC-BY-4.0,Eduardo Fonseca et al.,2026-09-26,1.000,44100,1,unspecified,,n/a,augmented,SS-AGG-0502,0.000,1.000,52a92b76c4bef71ebc960cf21f0fb01bbd374a3736e42f163e2907dd27a4f3b6,train,tm-v3,offsets are in the preprocessed (trimmed) signal; split inherited from the parent
SS-AGG-0740S1,gtm_samples/aggression/SS-AGG-0740S1.wav,Aggression,derived:TM window of SS-AGG-0740,,CC0-1.0,sonicsentinel procedural synthesis (data/generate_corpus.py),2026-09-26,1.000,44100,1,indoor,usb_condenser_mic,near,augmented,SS-AGG-0740,0.000,1.000,e1511c6685ff51c76cc57579945646838b8cb7266a412080f355273153a839d0,train,tm-v3,offsets are in the preprocessed (trimmed) signal; split inherited from the parent
SS-AGG-0705S1,gtm_samples/aggression/SS-AGG-0705S1.wav,Aggression,derived:TM window of SS-AGG-0705,,CC0-1.0,sonicsentinel procedural synthesis (data/generate_corpus.py),2026-09-26,1.000,44100,1,indoor,tablet_builtin,medium,augmented,SS-AGG-0705,0.000,1.000,e48360bbc4f637cd38274188c5da16e3245c49524d58b1919b10c14215fb26f6,train,tm-v3,offsets are in the preprocessed (trimmed) signal; split inherited from the parent
SS-AGG-0616S1,gtm_samples/aggression/SS-AGG-0616S1.wav,Aggression,derived:TM window of SS-AGG-0616,https://zenodo.org/record/4060432,CC-BY-4.0,Eduardo Fonseca et al.,2026-09-26,1.000,44100,1,unspecified,,n/a,augmented,SS-AGG-0616,0.000,1.000,60d8e4bfc7a14f19fe7a0eb065013d03e2e116af0cfcc419589d954dd5b3bfec,train,tm-v3,offsets are in the preprocessed (trimmed) signal; split inherited from the parent
SS-AGG-0549S1,gtm_samples/aggression/SS-AGG-0549S1.wav,Aggression,derived:TM window of SS-AGG-0549,https://zenodo.org/record/4060432,CC-BY-4.0,Eduardo Fonseca et al.,2026-09-26,1.000,44100,1,unspecified,,n/a,augmented,SS-AGG-0549,0.000,1.000,adfb9035da9112a5cf1bcfb0c1d7732e53d7e5a9804b16c72cf571f37318baa5,train,tm-v3,offsets are in the preprocessed (trimmed) signal; split inherited from the parent
SS-AGG-0652S1,gtm_samples/aggression/SS-AGG-0652S1.wav,Aggression,derived:TM window of SS-AGG-0652,https://zenodo.org/record/4060432,CC-BY-4.0,Eduardo Fonseca et al.,2026-09-26,1.000,44100,1,unspecified,,n/a,augmented,SS-AGG-0652,0.000,1.000,7f9d38ff3529aef3e46bf732dcff1f24cd975487d7812fd775322defe8525c1c,train,tm-v3,offsets are in the preprocessed (trimmed) signal; split inherited from the parent
SS-AGG-0533S1,gtm_samples/aggression/SS-AGG-0533S1.wav,Aggression,derived:TM window of SS-AGG-0533,https://zenodo.org/record/4060432,CC-BY-4.0,Eduardo Fonseca et al.,2026-09-26,0.949,44100,1,unspecified,,n/a,augmented,SS-AGG-0533,0.000,1.000,a6e51fe3bee645054ae40e0375f5f801d8471d72dcb06aa24924a208cd257fb1,train,tm-v3,offsets are in the preprocessed (trimmed) signal; split inherited from the parent
SS-AGG-0625S1,gtm_samples/aggression/SS-AGG-0625S1.wav,Aggression,derived:TM window of SS-AGG-0625,https://zenodo.org/record/4060432,CC-BY-4.0,Eduardo Fonseca et al.,2026-09-26,1.000,44100,1,unspecified,,n/a,augmented,SS-AGG-0625,0.500,1.500,aea268c56c5151a47646f018339b63c2a00b52b43f142e32d77367f80b70dc5d,train,tm-v3,offsets are in the preprocessed (trimmed) signal; split inherited from the parent
SS-AGG-0622S1,gtm_samples/aggression/SS-AGG-0622S1.wav,Aggression,derived:TM window of SS-AGG-0622,https://zenodo.org/record/4060432,CC-BY-4.0,Eduardo Fonseca et al.,2026-09-26,1.000,44100,1,unspecified,,n/a,augmented,SS-AGG-0622,0.000,1.000,51b26805747f1c89cd33fdbf6a9bdda6fbd1e02d50a56a21935dbd83205859b7,train,tm-v3,offsets are in the preprocessed (trimmed) signal; split inherited from the parent
SS-AGG-0555S1,gtm_samples/aggression/SS-AGG-0555S1.wav,Aggression,derived:TM window of SS-AGG-0555,https://zenodo.org/record/4060432,CC-BY-4.0,Eduardo Fonseca et al.,2026-09-26,1.000,44100,1,unspecified,,n/a,augmented,SS-AGG-0555,0.000,1.000,78b322ee0c20b98d055f78cdbf37ee51ad66a780a66524151512bbc0b81195c5,train,tm-v3,offsets are in the preprocessed (trimmed) signal; split inherited from the parent
SS-AGG-0515S1,gtm_samples/aggression/SS-AGG-0515S1.wav,Aggression,derived:TM window of SS-AGG-0515,https://zenodo.org/record/4060432,CC-BY-4.0,Eduardo Fonseca et al.,2026-09-26,1.000,44100,1,unspecified,,n/a,augmented,SS-AGG-0515,0.000,1.000,ed321384a604736c228c38381d6c881fcaa6614ae530f0a5caa9dcd6772bd2a8,train,tm-v3,offsets are in the preprocessed (trimmed) signal; split inherited from the parent
SS-AGG-0733S1,gtm_samples/aggression/SS-AGG-0733S1.wav,Aggression,derived:TM window of SS-AGG-0733,,CC0-1.0,sonicsentinel procedural synthesis (data/generate_corpus.py),2026-09-26,1.000,44100,1,vehicle,field_recorder,far,augmented,SS-AGG-0733,0.000,1.000,96462de26c12addb74ddd1a2d7f2a36600d82d9bdb362f52c95e23f0e7b3621b,train,tm-v3,offsets are in the preprocessed (trimmed) signal; split inherited from the parent
SS-AGG-0745S1,gtm_samples/aggression/SS-AGG-0745S1.wav,Aggression,derived:TM window of SS-AGG-0745,,CC0-1.0,sonicsentinel procedural synthesis (data/generate_corpus.py),2026-09-26,0.617,44100,1,indoor,smartphone_builtin,near,augmented,SS-AGG-0745,0.000,1.000,e9b94e020a8194aa897549e3f121889a42c98d4332856fef068edfdf19341046,train,tm-v3,offsets are in the preprocessed (trimmed) signal; split inherited from the parent
SS-AGG-0649S1,gtm_samples/aggression/SS-AGG-0649S1.wav,Aggression,derived:TM window of SS-AGG-0649,https://zenodo.org/record/4060432,CC-BY-4.0,Eduardo Fonseca et al.,2026-09-26,1.000,44100,1,unspecified,,n/a,augmented,SS-AGG-0649,2.000,3.000,ce343b2456afd33ae01497de260e688e7461a9dbe8ab59d0302f68b9cdfc485c,train,tm-v3,offsets are in the preprocessed (trimmed) signal; split inherited from the parent
SS-AGG-0708S1,gtm_samples/aggression/SS-AGG-0708S1.wav,Aggression,derived:TM window of SS-AGG-0708,,CC0-1.0,sonicsentinel procedural synthesis (data/generate_corpus.py),2026-09-26,0.622,44100,1,vehicle,smartphone_builtin,medium,augmented,SS-AGG-0708,0.000,1.000,e85312e4d4f152601ac94545886e987e9154c9dc31cdd365c368aed17e32e3cb,train,tm-v3,offsets are in the preprocessed (trimmed) signal; split inherited from the parent
SS-AGG-0013S1,gtm_samples/aggression/SS-AGG-0013S1.wav,Aggression,derived:TM window of SS-AGG-0013,https://freesound.org/s/267916/,CC0-1.0,ChemiCatz,2026-09-26,0.275,44100,1,unspecified,unspecified,n/a,augmented,SS-AGG-0013,0.000,1.000,ff4fd37de1d9af0d4b1c428b7f5d6386f80173af19dfd5f64f5da4463ecc41d8,train,tm-v3,offsets are in the preprocessed (trimmed) signal; split inherited from the parent
SS-AGG-0744S1,gtm_samples/aggression/SS-AGG-0744S1.wav,Aggression,derived:TM window of SS-AGG-0744,,CC0-1.0,sonicsentinel procedural synthesis (data/generate_corpus.py),2026-09-26,1.000,44100,1,outdoor,smartphone_builtin,near,augmented,SS-AGG-0744,0.000,1.000,d31a505ab589af03926d3cce1c9cac3e3b1c1658d92c94d8856d671312245bc7,train,tm-v3,offsets are in the preprocessed (trimmed) signal; split inherited from the parent
SS-AGG-0030S1,gtm_samples/aggression/SS-AGG-0030S1.wav,Aggression,derived:TM window of SS-AGG-0030,https://freesound.org/s/261090/,CC-BY-3.0,JakLocke,2026-09-26,1.000,44100,1,unspecified,unspecified,n/a,augmented,SS-AGG-0030,2.000,3.000,5b892c7d1f73e03cea791655023728f5135673a48a5ece18f7f42fb6807e6422,train,tm-v3,offsets are in the preprocessed (trimmed) signal; split inherited from the parent
SS-AGG-0557S1,gtm_samples/aggression/SS-AGG-0557S1.wav,Aggression,derived:TM window of SS-AGG-0557,https://zenodo.org/record/4060432,CC-BY-4.0,Eduardo Fonseca et al.,2026-09-26,1.000,44100,1,unspecified,,n/a,augmented,SS-AGG-0557,0.000,1.000,f1d68345921a999ecc5205fe565b6b1e903f9d74b13e1db7b3687812a46e6736,train,tm-v3,offsets are in the preprocessed (trimmed) signal; split inherited from the parent
SS-AGG-0513S1,gtm_samples/aggression/SS-AGG-0513S1.wav,Aggression,derived:TM window of SS-AGG-0513,https://zenodo.org/record/4060432,CC-BY-4.0,Eduardo Fonseca et al.,2026-09-26,1.000,44100,1,unspecified,,n/a,augmented,SS-AGG-0513,0.500,1.500,4c7f371dc9cc5f96e717397895bd24c6685e4068713fb3f0352d2f3b91f64e5d,train,tm-v3,offsets are in the preprocessed (trimmed) signal; split inherited from the parent
SS-AGG-0563S1,gtm_samples/aggression/SS-AGG-0563S1.wav,Aggression,derived:TM window of SS-AGG-0563,https://zenodo.org/record/4060432,CC-BY-4.0,Eduardo Fonseca et al.,2026-09-26,1.000,44100,1,unspecified,,n/a,augmented,SS-AGG-0563,1.500,2.500,6f68d872a32a4125ef9bdcf42e63a6a7bcc4f717f0144c9d5403fc2834e74eb1,train,tm-v3,offsets are in the preprocessed (trimmed) signal; split inherited from the parent
SS-AGG-0020S1,gtm_samples/aggression/SS-AGG-0020S1.wav,Aggression,derived:TM window of SS-AGG-0020,https://freesound.org/s/131016/,CC-BY-3.0,Dymewiz,2026-09-26,0.179,44100,1,outdoor,unspecified,n/a,augmented,SS-AGG-0020,0.000,1.000,16859a60f1516dbeb05739e9955feac336db7f5a318246efb01cb345bb2d5710,train,tm-v3,offsets are in the preprocessed (trimmed) signal; split inherited from the parent
SS-AGG-0738S1,gtm_samples/aggression/SS-AGG-0738S1.wav,Aggression,derived:TM window of SS-AGG-0738,,CC0-1.0,sonicsentinel procedural synthesis (data/generate_corpus.py),2026-09-26,1.000,44100,1,outdoor,cctv_mic,near,augmented,SS-AGG-0738,0.000,1.000,0266e2aa3455dbeee3110fda58196970f132f099f660729b72240070fab31f5b,train,tm-v3,offsets are in the preprocessed (trimmed) signal; split inherited from the parent
SS-AGG-0726S1,gtm_samples/aggression/SS-AGG-0726S1.wav,Aggression,derived:TM window of SS-AGG-0726,,CC0-1.0,sonicsentinel procedural synthesis (data/generate_corpus.py),2026-09-26,1.000,44100,1,indoor,smartphone_builtin,far,augmented,SS-AGG-0726,0.000,1.000,90ecfca1123d26faf95ac21d42d1a1c6b54460e8fc082503ab82f402086adc26,train,tm-v3,offsets are in the preprocessed (trimmed) signal; split inherited from the parent
SS-AGG-0725S1,gtm_samples/aggression/SS-AGG-0725S1.wav,Aggression,derived:TM window of SS-AGG-0725,,CC0-1.0,sonicsentinel procedural synthesis (data/generate_corpus.py),2026-09-26,1.000,44100,1,vehicle,cctv_mic,far,augmented,SS-AGG-0725,0.000,1.000,665e5a9137a2af8bf48c502ec267400e3e9ed04f9e65c81c83278d37aa5f0292,train,tm-v3,offsets are in the preprocessed (trimmed) signal; split inherited from the parent
SS-AGG-0517S1,gtm_samples/aggression/SS-AGG-0517S1.wav,Aggression,derived:TM window of SS-AGG-0517,https://zenodo.org/record/4060432,CC-BY-4.0,Eduardo Fonseca et al.,2026-09-26,1.000,44100,1,unspecified,,n/a,augmented,SS-AGG-0517,0.500,1.500,2e7cb3589df6047422d0c7adf1c9eb8cca009d48c07cb70c3183606fbe151e25,train,tm-v3,offsets are in the preprocessed (trimmed) signal; split inherited from the parent
SS-AGG-0050S1,gtm_samples/aggression/SS-AGG-0050S1.wav,Aggression,derived:TM window of SS-AGG-0050,https://freesound.org/s/96840/,CC-BY-3.0,Tomlija,2026-09-26,0.527,44100,1,indoor,unspecified,n/a,augmented,SS-AGG-0050,0.000,1.000,0be0c2ef96c61d9cd7d76a944c3796bd5d12fccd9b7b041946bb7d52f6ea7066,train,tm-v3,offsets are in the preprocessed (trimmed) signal; split inherited from the parent
SS-AGG-0630S1,gtm_samples/aggression/SS-AGG-0630S1.wav,Aggression,derived:TM window of SS-AGG-0630,https://zenodo.org/record/4060432,CC-BY-4.0,Eduardo Fonseca et al.,2026-09-26,1.000,44100,1,unspecified,,n/a,augmented,SS-AGG-0630,0.000,1.000,a6d0e4cd59221d5fe435482cb2faed597271371c388a28a552ad06cb3534b924,train,tm-v3,offsets are in the preprocessed (trimmed) signal; split inherited from the parent
SS-AGG-0583S1,gtm_samples/aggression/SS-AGG-0583S1.wav,Aggression,derived:TM window of SS-AGG-0583,https://zenodo.org/record/4060432,CC-BY-4.0,Eduardo Fonseca et al.,2026-09-26,1.000,44100,1,unspecified,,n/a,augmented,SS-AGG-0583,6.500,7.500,5fcf32aaef38d4006c672ece2d1c804602ab75be2d4d72c4c8bb25929d167eff,train,tm-v3,offsets are in the preprocessed (trimmed) signal; split inherited from the parent
SS-AGG-0634S1,gtm_samples/aggression/SS-AGG-0634S1.wav,Aggression,derived:TM window of SS-AGG-0634,https://zenodo.org/record/4060432,CC-BY-4.0,Eduardo Fonseca et al.,2026-09-26,0.311,44100,1,unspecified,,n/a,augmented,SS-AGG-0634,0.000,1.000,2b109b9997118bd9d1a6aed8f9ef8fd96b1f30c933e6158b3e3034b78551c233,train,tm-v3,offsets are in the preprocessed (trimmed) signal; split inherited from the parent
SS-AGG-0710S1,gtm_samples/aggression/SS-AGG-0710S1.wav,Aggression,derived:TM window of SS-AGG-0710,,CC0-1.0,sonicsentinel procedural synthesis (data/generate_corpus.py),2026-09-26,1.000,44100,1,outdoor,tablet_builtin,near,augmented,SS-AGG-0710,0.000,1.000,59004d641617a60f0ea08696006cd5a80227a0c6f7da70364962b3f990417228,train,tm-v3,offsets are in the preprocessed (trimmed) signal; split inherited from the parent
SS-AGG-0077S1,gtm_samples/aggression/SS-AGG-0077S1.wav,Aggression,derived:TM window of SS-AGG-0077,https://freesound.org/s/161600/,CC-BY-3.0,jorickhoofd,2026-09-26,0.184,44100,1,unspecified,unspecified,n/a,augmented,SS-AGG-0077,0.000,1.000,becc8c7b793a9a8e6f2173e8475deb0455413cd2ebbdbb064e1977e17bb20835,train,tm-v3,offsets are in the preprocessed (trimmed) signal; split inherited from the parent
SS-AGG-0550S1,gtm_samples/aggression/SS-AGG-0550S1.wav,Aggression,derived:TM window of SS-AGG-0550,https://zenodo.org/record/4060432,CC-BY-4.0,Eduardo Fonseca et al.,2026-09-26,0.487,44100,1,unspecified,,n/a,augmented,SS-AGG-0550,0.000,1.000,852447dee9eeab6eba25d34d705e1b14529792e2862e8e76f92f397fe0a8c4cb,train,tm-v3,offsets are in the preprocessed (trimmed) signal; split inherited from the parent
SS-AGG-0039S1,gtm_samples/aggression/SS-AGG-0039S1.wav,Aggression,derived:TM window of SS-AGG-0039,https://freesound.org/s/323079/,CC-BY-3.0,LiamG_SFX,2026-09-26,1.000,44100,1,unspecified,unspecified,n/a,augmented,SS-AGG-0039,0.000,1.000,dc4a447dd649faaedf8c39cefc283347142a5f92685c64ec8b280fb934020574,train,tm-v3,offsets are in the preprocessed (trimmed) signal; split inherited from the parent
SS-AGG-0569S1,gtm_samples/aggression/SS-AGG-0569S1.wav,Aggression,derived:TM window of SS-AGG-0569,https://zenodo.org/record/4060432,CC-BY-4.0,Eduardo Fonseca et al.,2026-09-26,1.000,44100,1,unspecified,,n/a,augmented,SS-AGG-0569,12.500,13.500,a8396afbfbf48f3b1549a9e54fe1bdcf939ee2f278acb765b19052a90fb55af8,train,tm-v3,offsets are in the preprocessed (trimmed) signal; split inherited from the parent
SS-AGG-0022S1,gtm_samples/aggression/SS-AGG-0022S1.wav,Aggression,derived:TM window of SS-AGG-0022,https://freesound.org/s/44261/,CC-BY-3.0,Erdie,2026-09-26,0.474,44100,1,unspecified,unspecified,n/a,augmented,SS-AGG-0022,0.000,1.000,4370507874328e95059eda3f3fd688872498992a4958e8d217a729a09f9c481b,train,tm-v3,offsets are in the preprocessed (trimmed) signal; split inherited from the parent
SS-AGG-0718S1,gtm_samples/aggression/SS-AGG-0718S1.wav,Aggression,derived:TM window of SS-AGG-0718,,CC0-1.0,sonicsentinel procedural synthesis (data/generate_corpus.py),2026-09-26,1.000,44100,1,outdoor,tablet_builtin,medium,augmented,SS-AGG-0718,0.000,1.000,08e1da60626ed430e22e48d0d4703b8f43242f822bf4176b915ba65ed1438481,train,tm-v3,offsets are in the preprocessed (trimmed) signal; split inherited from the parent
SS-AGG-0564S1,gtm_samples/aggression/SS-AGG-0564S1.wav,Aggression,derived:TM window of SS-AGG-0564,https://zenodo.org/record/4060432,CC-BY-4.0,Eduardo Fonseca et al.,2026-09-26,0.999,44100,1,unspecified,,n/a,augmented,SS-AGG-0564,0.000,1.000,786a0837982be7b719cee4cb3288c74970dff5986a7795ec0676cd5aba28ee09,train,tm-v3,offsets are in the preprocessed (trimmed) signal; split inherited from the parent
SS-AGG-0591S1,gtm_samples/aggression/SS-AGG-0591S1.wav,Aggression,derived:TM window of SS-AGG-0591,https://zenodo.org/record/4060432,CC-BY-4.0,Eduardo Fonseca et al.,2026-09-26,0.437,44100,1,unspecified,,n/a,augmented,SS-AGG-0591,0.000,1.000,43ef970aa0d961886acd0dfae39a8b3aa3206e55808efb25962ec885fd44c7e0,train,tm-v3,offsets are in the preprocessed (trimmed) signal; split inherited from the parent
SS-AGG-0627S1,gtm_samples/aggression/SS-AGG-0627S1.wav,Aggression,derived:TM window of SS-AGG-0627,https://zenodo.org/record/4060432,CC-BY-4.0,Eduardo Fonseca et al.,2026-09-26,1.000,44100,1,unspecified,,n/a,augmented,SS-AGG-0627,0.000,1.000,c5ed42faf0fb62b2c8ee15f893bee6c707f5314d3aef3e0050b52b1b5f769b22,train,tm-v3,offsets are in the preprocessed (trimmed) signal; split inherited from the parent
SS-AGG-0031S1,gtm_samples/aggression/SS-AGG-0031S1.wav,Aggression,derived:TM window of SS-AGG-0031,https://freesound.org/s/219480/,CC0-1.0,JarredGibb,2026-09-26,0.601,44100,1,unspecified,unspecified,n/a,augmented,SS-AGG-0031,0.000,1.000,a1b9196579c2a7a3788a0e59fdb856c627f956c38319389b8cad67c9272b3537,train,tm-v3,offsets are in the preprocessed (trimmed) signal; split inherited from the parent
SS-AGG-0729S1,gtm_samples/aggression/SS-AGG-0729S1.wav,Aggression,derived:TM window of SS-AGG-0729,,CC0-1.0,sonicsentinel procedural synthesis (data/generate_corpus.py),2026-09-26,1.000,44100,1,outdoor,tablet_builtin,near,augmented,SS-AGG-0729,0.000,1.000,e68f54a68935bfb9a10499436772e2a2800c322d26a3570193131d5577fdcecb,train,tm-v3,offsets are in the preprocessed (trimmed) signal; split inherited from the parent
SS-AGG-0007S1,gtm_samples/aggression/SS-AGG-0007S1.wav,Aggression,derived:TM window of SS-AGG-0007,https://freesound.org/s/78324/,CC-BY-3.0,Benboncan,2026-09-26,1.000,44100,1,unspecified,unspecified,n/a,augmented,SS-AGG-0007,0.500,1.500,67cbe5b752f592cacbbd10138952d26e3e6e67fb2ad0a2dc919452dddd0def65,train,tm-v3,offsets are in the preprocessed (trimmed) signal; split inherited from the parent
SS-AGG-0090S1,gtm_samples/aggression/SS-AGG-0090S1.wav,Aggression,derived:TM window of SS-AGG-0090,https://freesound.org/s/104525/,CC0-1.0,skyumori,2026-09-26,1.000,44100,1,unspecified,unspecified,n/a,augmented,SS-AGG-0090,0.500,1.500,e9e4d89a6394b106334d15f6da1b18260d9da63e227944f7e38a18dccf678d48,train,tm-v3,offsets are in the preprocessed (trimmed) signal; split inherited from the parent
SS-AGG-0063S1,gtm_samples/aggression/SS-AGG-0063S1.wav,Aggression,derived:TM window of SS-AGG-0063,https://freesound.org/s/62327/,CC0-1.0,bsumusictech,2026-09-26,1.000,44100,1,unspecified,unspecified,n/a,augmented,SS-AGG-0063,2.000,3.000,561fcef9355865cbe1cb7f0f08e8e55924cfe08ca756513968a701d6c7732c80,train,tm-v3,offsets are in the preprocessed (trimmed) signal; split inherited from the parent
SS-ALM-0106S1,gtm_samples/alarm_or_siren/SS-ALM-0106S1.wav,Alarm or Siren,derived:TM window of SS-ALM-0106,https://freesound.org/s/196368/,CC-BY-3.0,maisonsonique,2026-09-26,1.000,44100,1,indoor,unspecified,n/a,augmented,SS-ALM-0106,0.000,1.000,c6f84ae9d2eda18f209e1f7c19d880d9191db566e4ff0870aeb9df66e12e4458,train,tm-v3,offsets are in the preprocessed (trimmed) signal; split inherited from the parent
SS-ALM-0017S1,gtm_samples/alarm_or_siren/SS-ALM-0017S1.wav,Alarm or Siren,derived:TM window of SS-ALM-0017,https://freesound.org/s/203941/,CC0-1.0,FrogPrince79,2026-09-26,1.000,44100,1,unspecified,unspecified,n/a,augmented,SS-ALM-0017,0.000,1.000,8aa0db9e3f4b9719a96fd6a82c2db532fdfd330d2d79700a97c5b5e0f2a9cd77,train,tm-v3,offsets are in the preprocessed (trimmed) signal; split inherited from the parent
SS-ALM-0042S1,gtm_samples/alarm_or_siren/SS-ALM-0042S1.wav,Alarm or Siren,derived:TM window of SS-ALM-0042,https://freesound.org/s/35240/,Sampling+-1.0,LincolnLog,2026-09-26,1.000,44100,1,unspecified,unspecified,n/a,augmented,SS-ALM-0042,0.000,1.000,e956cfa98e03d700d596808bafef12206edcb3e183199493d47337a0eb95308a,train,tm-v3,offsets are in the preprocessed (trimmed) signal; split inherited from the parent
SS-ALM-0605S1,gtm_samples/alarm_or_siren/SS-ALM-0605S1.wav,Alarm or Siren,derived:TM window of SS-ALM-0605,https://urbansounddataset.weebly.com/urbansound8k.html,CC-BY-4.0,"Justin Salamon, Duncan Jacoby, Juan Pablo Bello",2026-09-26,1.000,44100,1,unspecified,,n/a,augmented,SS-ALM-0605,3.000,4.000,1365d8ef1ff87e5b2f3914039a0a1b241b6ad5d5b682986280272f585b4fcef9,train,tm-v3,offsets are in the preprocessed (trimmed) signal; split inherited from the parent
SS-ALM-0516S1,gtm_samples/alarm_or_siren/SS-ALM-0516S1.wav,Alarm or Siren,derived:TM window of SS-ALM-0516,https://github.com/karolpiczak/ESC-50,CC-BY-4.0,Karol J. Piczak,2026-09-26,1.000,44100,1,unspecified,,n/a,augmented,SS-ALM-0516,0.000,1.000,f809c795869ad53b84090d1a7b9b79abe84641d123cc6d7dffcc657ef39103f6,train,tm-v3,offsets are in the preprocessed (trimmed) signal; split inherited from the parent
SS-ALM-0602S1,gtm_samples/alarm_or_siren/SS-ALM-0602S1.wav,Alarm or Siren,derived:TM window of SS-ALM-0602,https://urbansounddataset.weebly.com/urbansound8k.html,CC-BY-4.0,"Justin Salamon, Duncan Jacoby, Juan Pablo Bello",2026-09-26,1.000,44100,1,unspecified,,n/a,augmented,SS-ALM-0602,2.000,3.000,8ecc887810b1f61fb0ac78db068773f3bd4b1267c5dc9ec01ace77150c06b889,train,tm-v3,offsets are in the preprocessed (trimmed) signal; split inherited from the parent
SS-ALM-0530S1,gtm_samples/alarm_or_siren/SS-ALM-0530S1.wav,Alarm or Siren,derived:TM window of SS-ALM-0530,https://github.com/karolpiczak/ESC-50,CC-BY-4.0,Karol J. Piczak,2026-09-26,1.000,44100,1,unspecified,,n/a,augmented,SS-ALM-0530,1.000,2.000,a699bfa5bba0d1faa33e1cd201c4e4a264ea1a8a9703daca7d3058e3151f9088,train,tm-v3,offsets are in the preprocessed (trimmed) signal; split inherited from the parent
SS-ALM-0539S1,gtm_samples/alarm_or_siren/SS-ALM-0539S1.wav,Alarm or Siren,derived:TM window of SS-ALM-0539,https://github.com/karolpiczak/ESC-50,CC-BY-4.0,Karol J. Piczak,2026-09-26,1.000,44100,1,unspecified,,n/a,augmented,SS-ALM-0539,0.500,1.500,82d5dc5264e83dacda49f81c43f3af6537eda6a94eed7c1ace5e27b9771bc792,train,tm-v3,offsets are in the preprocessed (trimmed) signal; split inherited from the parent
SS-ALM-0025S1,gtm_samples/alarm_or_siren/SS-ALM-0025S1.wav,Alarm or Siren,derived:TM window of SS-ALM-0025,https://freesound.org/s/90189/,Sampling+-1.0,HowardFromBroward,2026-09-26,1.000,44100,1,unspecified,unspecified,n/a,augmented,SS-ALM-0025,4.000,5.000,74b4cfb3f1643b098347c45264ab1b681a45163779feb22ccd3ceb857a89e1a5,train,tm-v3,offsets are in the preprocessed (trimmed) signal; split inherited from the parent
SS-ALM-0601S1,gtm_samples/alarm_or_siren/SS-ALM-0601S1.wav,Alarm or Siren,derived:TM window of SS-ALM-0601,https://urbansounddataset.weebly.com/urbansound8k.html,CC-BY-4.0,"Justin Salamon, Duncan Jacoby, Juan Pablo Bello",2026-09-26,1.000,44100,1,unspecified,,n/a,augmented,SS-ALM-0601,2.000,3.000,7fddd8a9f1f754c97c48f027834805663e120a65f380d0b977a76f4368b990bf,train,tm-v3,offsets are in the preprocessed (trimmed) signal; split inherited from the parent
SS-ALM-0075S1,gtm_samples/alarm_or_siren/SS-ALM-0075S1.wav,Alarm or Siren,derived:TM window of SS-ALM-0075,https://freesound.org/s/245445/,CC0-1.0,blukotek,2026-09-26,1.000,44100,1,outdoor,unspecified,n/a,augmented,SS-ALM-0075,5.000,6.000,827eb9b08c4169a9da25c873b546ef8015edef99501bc0798dca5b7e61bfc5c6,train,tm-v3,offsets are in the preprocessed (trimmed) signal; split inherited from the parent
SS-ALM-0005S1,gtm_samples/alarm_or_siren/SS-ALM-0005S1.wav,Alarm or Siren,derived:TM window of SS-ALM-0005,https://freesound.org/s/164690/,CC0-1.0,Adam_N,2026-09-26,1.000,44100,1,unspecified,unspecified,n/a,augmented,SS-ALM-0005,0.000,1.000,c114d93445f182f5de3aabfdca24b7f943aa36f0d03ec22dec986df63c193e10,train,tm-v3,offsets are in the preprocessed (trimmed) signal; split inherited from the parent
SS-ALM-0061S1,gtm_samples/alarm_or_siren/SS-ALM-0061S1.wav,Alarm or Siren,derived:TM window of SS-ALM-0061,https://freesound.org/s/53268/,CC-BY-3.0,THE_bizniss,2026-09-26,0.966,44100,1,unspecified,unspecified,n/a,augmented,SS-ALM-0061,0.000,1.000,aaef7e4ffc3e01b178e29acb41d7154c996e6778f3b541aa85480a7b56e65247,train,tm-v3,offsets are in the preprocessed (trimmed) signal; split inherited from the parent
SS-ALM-0102S1,gtm_samples/alarm_or_siren/SS-ALM-0102S1.wav,Alarm or Siren,derived:TM window of SS-ALM-0102,https://freesound.org/s/345737/,CC0-1.0,knufds,2026-09-26,1.000,44100,1,unspecified,unspecified,n/a,augmented,SS-ALM-0102,0.500,1.500,4655ed6799e68e3ebcdaf922f6bb9c6c0ab53f22b22079b5b3aec77ad1c7b377,train,tm-v3,offsets are in the preprocessed (trimmed) signal; split inherited from the parent
SS-ALM-0519S1,gtm_samples/alarm_or_siren/SS-ALM-0519S1.wav,Alarm or Siren,derived:TM window of SS-ALM-0519,https://github.com/karolpiczak/ESC-50,CC-BY-4.0,Karol J. Piczak,2026-09-26,1.000,44100,1,unspecified,,n/a,augmented,SS-ALM-0519,2.000,3.000,dcc3d5cca7374ff149889d1a22eaaad71f571b124768e43747d2afbd64bb9882,train,tm-v3,offsets are in the preprocessed (trimmed) signal; split inherited from the parent
SS-ALM-0024S1,gtm_samples/alarm_or_siren/SS-ALM-0024S1.wav,Alarm or Siren,derived:TM window of SS-ALM-0024,https://freesound.org/s/28242/,CC-BY-3.0,HerbertBoland,2026-09-26,1.000,44100,1,unspecified,unspecified,n/a,augmented,SS-ALM-0024,2.000,3.000,df8e7e1feca0bcbea54966443d6fe5a52118c1f5c56a0cdaf58118cb51eedfdc,train,tm-v3,offsets are in the preprocessed (trimmed) signal; split inherited from the parent
SS-ALM-0059S1,gtm_samples/alarm_or_siren/SS-ALM-0059S1.wav,Alarm or Siren,derived:TM window of SS-ALM-0059,https://freesound.org/s/44150/,CC-BY-3.0,Stickinthemud,2026-09-26,1.000,44100,1,outdoor,unspecified,n/a,augmented,SS-ALM-0059,1.000,2.000,38cd985060ba4146b3225fa0596e862f1ba8c0928d4bd8f7153d60bb0e909cf8,train,tm-v3,offsets are in the preprocessed (trimmed) signal; split inherited from the parent
SS-ALM-0018S1,gtm_samples/alarm_or_siren/SS-ALM-0018S1.wav,Alarm or Siren,derived:TM window of SS-ALM-0018,https://freesound.org/s/339105/,CC0-1.0,FullMetalJedi,2026-09-26,0.770,44100,1,unspecified,unspecified,n/a,augmented,SS-ALM-0018,0.000,1.000,bb8342905ccba98487008a2012d55eb21b82c27bde85f3ed184db9d333081266,train,tm-v3,offsets are in the preprocessed (trimmed) signal; split inherited from the parent
SS-ALM-0593S1,gtm_samples/alarm_or_siren/SS-ALM-0593S1.wav,Alarm or Siren,derived:TM window of SS-ALM-0593,https://urbansounddataset.weebly.com/urbansound8k.html,CC-BY-4.0,"Justin Salamon, Duncan Jacoby, Juan Pablo Bello",2026-09-26,1.000,44100,1,unspecified,,n/a,augmented,SS-ALM-0593,2.500,3.500,b1164b707c8b0e541c8265d6136024550a927470b14e16b437a718963a70679b,train,tm-v3,offsets are in the preprocessed (trimmed) signal; split inherited from the parent
SS-ALM-0111S1,gtm_samples/alarm_or_siren/SS-ALM-0111S1.wav,Alarm or Siren,derived:TM window of SS-ALM-0111,https://freesound.org/s/58385/,CC-BY-3.0,morgantj,2026-09-26,1.000,44100,1,outdoor,unspecified,n/a,augmented,SS-ALM-0111,13.500,14.500,5dd8a107b613f82606f0786be6fb93b4046a3397b895a5edf5047d6fd6ad152b,train,tm-v3,offsets are in the preprocessed (trimmed) signal; split inherited from the parent
SS-ALM-0515S1,gtm_samples/alarm_or_siren/SS-ALM-0515S1.wav,Alarm or Siren,derived:TM window of SS-ALM-0515,https://github.com/karolpiczak/ESC-50,CC-BY-4.0,Karol J. Piczak,2026-09-26,1.000,44100,1,unspecified,,n/a,augmented,SS-ALM-0515,1.000,2.000,da6ea350c4e15f0ac0040f47ed64af00a66fd41019ad441dcda01c5141d27a30,train,tm-v3,offsets are in the preprocessed (trimmed) signal; split inherited from the parent
SS-ALM-0004S1,gtm_samples/alarm_or_siren/SS-ALM-0004S1.wav,Alarm or Siren,derived:TM window of SS-ALM-0004,https://freesound.org/s/57742/,CC-BY-3.0,3bagbrew,2026-09-26,1.000,44100,1,unspecified,unspecified,n/a,augmented,SS-ALM-0004,0.000,1.000,44ddbdc28a9c8b46a4df1eb45c7422de5a442ce5124d5721e838911acc4e3729,train,tm-v3,offsets are in the preprocessed (trimmed) signal; split inherited from the parent
SS-ALM-0076S1,gtm_samples/alarm_or_siren/SS-ALM-0076S1.wav,Alarm or Siren,derived:TM window of SS-ALM-0076,https://freesound.org/s/198841/,CC-BY-3.0,bone666138,2026-09-26,1.000,44100,1,unspecified,unspecified,n/a,augmented,SS-ALM-0076,0.000,1.000,de8f13e4120ef489f20e0f3cf179b40bf0675faed84ca58d160f8b1fa39ad00d,train,tm-v3,offsets are in the preprocessed (trimmed) signal; split inherited from the parent
SS-ALM-0520S1,gtm_samples/alarm_or_siren/SS-ALM-0520S1.wav,Alarm or Siren,derived:TM window of SS-ALM-0520,https://github.com/karolpiczak/ESC-50,CC-BY-4.0,Karol J. Piczak,2026-09-26,1.000,44100,1,unspecified,,n/a,augmented,SS-ALM-0520,4.000,5.000,2597bff190506d08b0ffe8c3baeae2d80c49e1708c3b3c2782edbffa9125fdd1,train,tm-v3,offsets are in the preprocessed (trimmed) signal; split inherited from the parent
SS-ALM-0078S1,gtm_samples/alarm_or_siren/SS-ALM-0078S1.wav,Alarm or Siren,derived:TM window of SS-ALM-0078,https://freesound.org/s/84701/,CC-BY-3.0,cmusounddesign,2026-09-26,1.000,44100,1,outdoor,unspecified,n/a,augmented,SS-ALM-0078,4.500,5.500,cd90e2a10a02001f72092af4c11b30068f7ceeb223238f2e4ecef70305406122,train,tm-v3,offsets are in the preprocessed (trimmed) signal; split inherited from the parent
SS-ALM-0039S1,gtm_samples/alarm_or_siren/SS-ALM-0039S1.wav,Alarm or Siren,derived:TM window of SS-ALM-0039,https://freesound.org/s/15547/,CC-BY-3.0,LG,2026-09-26,1.000,44100,1,outdoor,unspecified,n/a,augmented,SS-ALM-0039,2.000,3.000,9bcd1546c1bf7498365dc3be5bcb83a754f9082140c5a786d1f872897b5af1b7,train,tm-v3,offsets are in the preprocessed (trimmed) signal; split inherited from the parent
SS-ALM-0009S1,gtm_samples/alarm_or_siren/SS-ALM-0009S1.wav,Alarm or Siren,derived:TM window of SS-ALM-0009,https://freesound.org/s/22596/,CC-BY-3.0,Charel Sytze,2026-09-26,1.000,44100,1,outdoor,unspecified,n/a,augmented,SS-ALM-0009,7.000,8.000,de363703fd778158f805782f205be6f301e6e96568e79200a3af6205f4a00c5d,train,tm-v3,offsets are in the preprocessed (trimmed) signal; split inherited from the parent
SS-ALM-0083S1,gtm_samples/alarm_or_siren/SS-ALM-0083S1.wav,Alarm or Siren,derived:TM window of SS-ALM-0083,https://freesound.org/s/377640/,CC0-1.0,danarobinsondesignsgmailcom,2026-09-26,1.000,44100,1,unspecified,unspecified,n/a,augmented,SS-ALM-0083,0.000,1.000,2b740ed2839d0263a7cd3a610a6a87083c2319eefa02a0f3eda0e7b7deca9036,train,tm-v3,offsets are in the preprocessed (trimmed) signal; split inherited from the parent
SS-ALM-0504S1,gtm_samples/alarm_or_siren/SS-ALM-0504S1.wav,Alarm or Siren,derived:TM window of SS-ALM-0504,https://github.com/karolpiczak/ESC-50,CC-BY-4.0,Karol J. Piczak,2026-09-26,1.000,44100,1,unspecified,,n/a,augmented,SS-ALM-0504,0.000,1.000,ed5c3032ddfa49ef9342bdbc70664625c2ab5e4a8dc6b1760933fe4207c5173f,train,tm-v3,offsets are in the preprocessed (trimmed) signal; split inherited from the parent
SS-ALM-0522S1,gtm_samples/alarm_or_siren/SS-ALM-0522S1.wav,Alarm or Siren,derived:TM window of SS-ALM-0522,https://github.com/karolpiczak/ESC-50,CC-BY-4.0,Karol J. Piczak,2026-09-26,1.000,44100,1,unspecified,,n/a,augmented,SS-ALM-0522,0.500,1.500,99f4b0bf21ac512ef3d1a53670c9295cdf4227ac386c4334b25168fcd275ba62,train,tm-v3,offsets are in the preprocessed (trimmed) signal; split inherited from the parent
SS-ALM-0577S1,gtm_samples/alarm_or_siren/SS-ALM-0577S1.wav,Alarm or Siren,derived:TM window of SS-ALM-0577,https://github.com/karolpiczak/ESC-50,CC-BY-4.0,Karol J. Piczak,2026-09-26,1.000,44100,1,unspecified,,n/a,augmented,SS-ALM-0577,1.000,2.000,db27bdd7d1b79d2a9705c146fe8731820b2d640eab3e16ef7b313d3f73a6e3a3,train,tm-v3,offsets are in the preprocessed (trimmed) signal; split inherited from the parent
SS-ALM-0512S1,gtm_samples/alarm_or_siren/SS-ALM-0512S1.wav,Alarm or Siren,derived:TM window of SS-ALM-0512,https://github.com/karolpiczak/ESC-50,CC-BY-4.0,Karol J. Piczak,2026-09-26,1.000,44100,1,unspecified,,n/a,augmented,SS-ALM-0512,2.500,3.500,14c9b9cb38e610f2153443eae5a7174357e8ac179386382ef36c636795b3cf56,train,tm-v3,offsets are in the preprocessed (trimmed) signal; split inherited from the parent
SS-ALM-0002S1,gtm_samples/alarm_or_siren/SS-ALM-0002S1.wav,Alarm or Siren,derived:TM window of SS-ALM-0002,https://freesound.org/s/379373/,CC0-1.0,13FPanska_Sychra_Petr,2026-09-26,1.000,44100,1,unspecified,unspecified,n/a,augmented,SS-ALM-0002,7.500,8.500,87c976fa0ed859eeedbaeab9c83aef35ce3932da276f358981aaf339897cb278,train,tm-v3,offsets are in the preprocessed (trimmed) signal; split inherited from the parent
SS-ALM-0610S1,gtm_samples/alarm_or_siren/SS-ALM-0610S1.wav,Alarm or Siren,derived:TM window of SS-ALM-0610,https://urbansounddataset.weebly.com/urbansound8k.html,CC-BY-4.0,"Justin Salamon, Duncan Jacoby, Juan Pablo Bello",2026-09-26,1.000,44100,1,unspecified,,n/a,augmented,SS-ALM-0610,2.500,3.500,229e07370a8904382e1f2b27c72eadcbf3d5160bbfe1fa7cc75fda96aae837ba,train,tm-v3,offsets are in the preprocessed (trimmed) signal; split inherited from the parent
SS-ALM-0021S1,gtm_samples/alarm_or_siren/SS-ALM-0021S1.wav,Alarm or Siren,derived:TM window of SS-ALM-0021,https://freesound.org/s/264863/,CC-BY-3.0,GowlerMusic,2026-09-26,1.000,44100,1,unspecified,unspecified,n/a,augmented,SS-ALM-0021,1.500,2.500,8a754d4f43666c66e1de2159c6bd91f0b1a2815127a1e05c2dc9fee0d65904f9,train,tm-v3,offsets are in the preprocessed (trimmed) signal; split inherited from the parent
SS-ALM-0119S1,gtm_samples/alarm_or_siren/SS-ALM-0119S1.wav,Alarm or Siren,derived:TM window of SS-ALM-0119,https://freesound.org/s/67616/,CC0-1.0,qubodup,2026-09-26,1.000,44100,1,unspecified,unspecified,n/a,augmented,SS-ALM-0119,0.000,1.000,7bdd7e347789db52cb44b1d3436d5b8696f220d799af0935f0703b037e39e189,train,tm-v3,offsets are in the preprocessed (trimmed) signal; split inherited from the parent
SS-ALM-0088S1,gtm_samples/alarm_or_siren/SS-ALM-0088S1.wav,Alarm or Siren,derived:TM window of SS-ALM-0088,https://freesound.org/s/422059/,CC-BY-3.0,gamebalance,2026-09-26,1.000,44100,1,unspecified,unspecified,n/a,augmented,SS-ALM-0088,0.000,1.000,300c0f0af8aa6bfbd9c7e6b1091c07cd69b16c09614c85342f21c736ccfaddc1,train,tm-v3,offsets are in the preprocessed (trimmed) signal; split inherited from the parent
SS-ALM-0115S1,gtm_samples/alarm_or_siren/SS-ALM-0115S1.wav,Alarm or Siren,derived:TM window of SS-ALM-0115,https://freesound.org/s/273344/,CC0-1.0,othercee,2026-09-26,1.000,44100,1,studio,unspecified,n/a,augmented,SS-ALM-0115,10.500,11.500,073fdea499295ce53ae3e6ce21fbf0d377d5384fb185697f082fa21a28449a1e,train,tm-v3,offsets are in the preprocessed (trimmed) signal; split inherited from the parent
SS-ALM-0503S1,gtm_samples/alarm_or_siren/SS-ALM-0503S1.wav,Alarm or Siren,derived:TM window of SS-ALM-0503,https://github.com/karolpiczak/ESC-50,CC-BY-4.0,Karol J. Piczak,2026-09-26,1.000,44100,1,unspecified,,n/a,augmented,SS-ALM-0503,1.000,2.000,9f882ed6f21adae0c3b888f9bdc32f877a78f5b171b9421cbbf478d003ea9b1f,train,tm-v3,offsets are in the preprocessed (trimmed) signal; split inherited from the parent
SS-ALM-0548S1,gtm_samples/alarm_or_siren/SS-ALM-0548S1.wav,Alarm or Siren,derived:TM window of SS-ALM-0548,https://github.com/karolpiczak/ESC-50,CC-BY-4.0,Karol J. Piczak,2026-09-26,1.000,44100,1,unspecified,,n/a,augmented,SS-ALM-0548,1.000,2.000,8894712a3703665a4d72f26e4c2ebbc71f94a7fa1cde3a9d05bb09cf25b0e74d,train,tm-v3,offsets are in the preprocessed (trimmed) signal; split inherited from the parent
SS-ALM-0069S1,gtm_samples/alarm_or_siren/SS-ALM-0069S1.wav,Alarm or Siren,derived:TM window of SS-ALM-0069,https://freesound.org/s/68970/,Sampling+-1.0,abel_K,2026-09-26,1.000,44100,1,unspecified,unspecified,n/a,augmented,SS-ALM-0069,0.000,1.000,611750579f05e0c4641c14419d0e5758867d1b6f9478250b17e2176044c38937,train,tm-v3,offsets are in the preprocessed (trimmed) signal; split inherited from the parent
SS-ALM-0127S1,gtm_samples/alarm_or_siren/SS-ALM-0127S1.wav,Alarm or Siren,derived:TM window of SS-ALM-0127,https://freesound.org/s/135584/,CC0-1.0,univ_lyon3,2026-09-26,1.000,44100,1,outdoor,unspecified,n/a,augmented,SS-ALM-0127,0.000,1.000,8208da732a47f996372724fe3e80bc45e6f01a09e9bd08617e09021754709131,train,tm-v3,offsets are in the preprocessed (trimmed) signal; split inherited from the parent
SS-ALM-0071S1,gtm_samples/alarm_or_siren/SS-ALM-0071S1.wav,Alarm or Siren,derived:TM window of SS-ALM-0071,https://freesound.org/s/118391/,CC0-1.0,are16ocean,2026-09-26,1.000,44100,1,unspecified,unspecified,n/a,augmented,SS-ALM-0071,0.000,1.000,87a4700fcd7bbf5422bf9c03f469ae7aad05af9f5be67483bb2b8213133af4d0,train,tm-v3,offsets are in the preprocessed (trimmed) signal; split inherited from the parent
SS-ALM-0518S1,gtm_samples/alarm_or_siren/SS-ALM-0518S1.wav,Alarm or Siren,derived:TM window of SS-ALM-0518,https://github.com/karolpiczak/ESC-50,CC-BY-4.0,Karol J. Piczak,2026-09-26,1.000,44100,1,unspecified,,n/a,augmented,SS-ALM-0518,0.500,1.500,7f9c64686844aa7e2e6d8c66875637e7b33fe500fcf0e2b23b545137b76bbfae,train,tm-v3,offsets are in the preprocessed (trimmed) signal; split inherited from the parent
SS-ALM-0616S1,gtm_samples/alarm_or_siren/SS-ALM-0616S1.wav,Alarm or Siren,derived:TM window of SS-ALM-0616,https://urbansounddataset.weebly.com/urbansound8k.html,CC-BY-4.0,"Justin Salamon, Duncan Jacoby, Juan Pablo Bello",2026-09-26,1.000,44100,1,unspecified,,n/a,augmented,SS-ALM-0616,0.000,1.000,0348a4439504369aa4bc7dfc6766c839a057051a35a3ae0527055a0c6119a7cd,train,tm-v3,offsets are in the preprocessed (trimmed) signal; split inherited from the parent
SS-ALM-0526S1,gtm_samples/alarm_or_siren/SS-ALM-0526S1.wav,Alarm or Siren,derived:TM window of SS-ALM-0526,https://github.com/karolpiczak/ESC-50,CC-BY-4.0,Karol J. Piczak,2026-09-26,1.000,44100,1,unspecified,,n/a,augmented,SS-ALM-0526,0.000,1.000,d87eb04df03cd2259a11179623ca9a1ee08fdf610fa83d000d1712c408572a4d,train,tm-v3,offsets are in the preprocessed (trimmed) signal; split inherited from the parent
SS-ALM-0604S1,gtm_samples/alarm_or_siren/SS-ALM-0604S1.wav,Alarm or Siren,derived:TM window of SS-ALM-0604,https://urbansounddataset.weebly.com/urbansound8k.html,CC-BY-4.0,"Justin Salamon, Duncan Jacoby, Juan Pablo Bello",2026-09-26,1.000,44100,1,unspecified,,n/a,augmented,SS-ALM-0604,0.000,1.000,8ae83aa1d4b0ec2a6cf0d9973614fc6757e00f90a4117a78adbae7e978a47cd5,train,tm-v3,offsets are in the preprocessed (trimmed) signal; split inherited from the parent
SS-ALM-0572S1,gtm_samples/alarm_or_siren/SS-ALM-0572S1.wav,Alarm or Siren,derived:TM window of SS-ALM-0572,https://github.com/karolpiczak/ESC-50,CC-BY-4.0,Karol J. Piczak,2026-09-26,1.000,44100,1,unspecified,,n/a,augmented,SS-ALM-0572,0.000,1.000,9fc0cb193b30b5d77146e697ba8dbffc70e25290ae62678678c64bc064be8bf2,train,tm-v3,offsets are in the preprocessed (trimmed) signal; split inherited from the parent
SS-ALM-0582S1,gtm_samples/alarm_or_siren/SS-ALM-0582S1.wav,Alarm or Siren,derived:TM window of SS-ALM-0582,https://urbansounddataset.weebly.com/urbansound8k.html,CC-BY-4.0,"Justin Salamon, Duncan Jacoby, Juan Pablo Bello",2026-09-26,1.000,44100,1,unspecified,,n/a,augmented,SS-ALM-0582,3.000,4.000,f7a74fa6f95c30fd98d97e8e375ed2b1e70bca4e22e270d08c57d1fed114f537,train,tm-v3,offsets are in the preprocessed (trimmed) signal; split inherited from the parent
SS-ALM-0622S1,gtm_samples/alarm_or_siren/SS-ALM-0622S1.wav,Alarm or Siren,derived:TM window of SS-ALM-0622,https://urbansounddataset.weebly.com/urbansound8k.html,CC-BY-4.0,"Justin Salamon, Duncan Jacoby, Juan Pablo Bello",2026-09-26,1.000,44100,1,unspecified,,n/a,augmented,SS-ALM-0622,0.000,1.000,ddeb60f341525d73b7d600c99e91041f95e798ee7baf829e8c268a299115db99,train,tm-v3,offsets are in the preprocessed (trimmed) signal; split inherited from the parent
SS-ALM-0578S1,gtm_samples/alarm_or_siren/SS-ALM-0578S1.wav,Alarm or Siren,derived:TM window of SS-ALM-0578,https://github.com/karolpiczak/ESC-50,CC-BY-4.0,Karol J. Piczak,2026-09-26,1.000,44100,1,unspecified,,n/a,augmented,SS-ALM-0578,1.500,2.500,97fa1cdc1c5a3d0d9e10654081b95bf5791b2db735603bec4a266220a7ca4287,train,tm-v3,offsets are in the preprocessed (trimmed) signal; split inherited from the parent
SS-ALM-0603S1,gtm_samples/alarm_or_siren/SS-ALM-0603S1.wav,Alarm or Siren,derived:TM window of SS-ALM-0603,https://urbansounddataset.weebly.com/urbansound8k.html,CC-BY-4.0,"Justin Salamon, Duncan Jacoby, Juan Pablo Bello",2026-09-26,1.000,44100,1,unspecified,,n/a,augmented,SS-ALM-0603,0.000,1.000,c5ce4eadbb11a87b55ab60ce8dfd2f6ce3073bc684360c5bfc8e75ec8ebf1b98,train,tm-v3,offsets are in the preprocessed (trimmed) signal; split inherited from the parent
SS-ALM-0543S1,gtm_samples/alarm_or_siren/SS-ALM-0543S1.wav,Alarm or Siren,derived:TM window of SS-ALM-0543,https://github.com/karolpiczak/ESC-50,CC-BY-4.0,Karol J. Piczak,2026-09-26,1.000,44100,1,unspecified,,n/a,augmented,SS-ALM-0543,0.500,1.500,49bf146fc12567a425bb21f23f629bc9d9decb2c6587a2d01e77257a7e6515a3,train,tm-v3,offsets are in the preprocessed (trimmed) signal; split inherited from the parent
SS-ALM-0064S1,gtm_samples/alarm_or_siren/SS-ALM-0064S1.wav,Alarm or Siren,derived:TM window of SS-ALM-0064,https://freesound.org/s/32320/,CC0-1.0,UncleSigmund,2026-09-26,1.000,44100,1,unspecified,unspecified,n/a,augmented,SS-ALM-0064,12.000,13.000,eb19a3fc1020c50230137b8c499acd2c7dcf78fdf8fcba88a110638b031253e8,train,tm-v3,offsets are in the preprocessed (trimmed) signal; split inherited from the parent
SS-ALM-0124S1,gtm_samples/alarm_or_siren/SS-ALM-0124S1.wav,Alarm or Siren,derived:TM window of SS-ALM-0124,https://freesound.org/s/99624/,CC0-1.0,tec studios,2026-09-26,1.000,44100,1,unspecified,unspecified,n/a,augmented,SS-ALM-0124,0.500,1.500,333fbc80c226718284e08194e13a2f9afc228750309c56cd66ce8076fdebca01,train,tm-v3,offsets are in the preprocessed (trimmed) signal; split inherited from the parent
SS-ALM-0627S1,gtm_samples/alarm_or_siren/SS-ALM-0627S1.wav,Alarm or Siren,derived:TM window of SS-ALM-0627,https://urbansounddataset.weebly.com/urbansound8k.html,CC-BY-4.0,"Justin Salamon, Duncan Jacoby, Juan Pablo Bello",2026-09-26,1.000,44100,1,unspecified,,n/a,augmented,SS-ALM-0627,1.000,2.000,09fe2b54f573f97438c2a33ec63a3c65418f48fcbe1d525ed68d28b522b3524d,train,tm-v3,offsets are in the preprocessed (trimmed) signal; split inherited from the parent
SS-ALM-0617S1,gtm_samples/alarm_or_siren/SS-ALM-0617S1.wav,Alarm or Siren,derived:TM window of SS-ALM-0617,https://urbansounddataset.weebly.com/urbansound8k.html,CC-BY-4.0,"Justin Salamon, Duncan Jacoby, Juan Pablo Bello",2026-09-26,1.000,44100,1,unspecified,,n/a,augmented,SS-ALM-0617,0.000,1.000,96fa48648ab1c79d49beb369b576d64bd6724ab2f00fefd020925be2b9c1c48f,train,tm-v3,offsets are in the preprocessed (trimmed) signal; split inherited from the parent
SS-ALM-0565S1,gtm_samples/alarm_or_siren/SS-ALM-0565S1.wav,Alarm or Siren,derived:TM window of SS-ALM-0565,https://github.com/karolpiczak/ESC-50,CC-BY-4.0,Karol J. Piczak,2026-09-26,1.000,44100,1,unspecified,,n/a,augmented,SS-ALM-0565,3.500,4.500,8c83bd117536c852f13e90853cc26f5ca321dc5a67dc8e76193049ac280ce4a3,train,tm-v3,offsets are in the preprocessed (trimmed) signal; split inherited from the parent
SS-ALM-0568S1,gtm_samples/alarm_or_siren/SS-ALM-0568S1.wav,Alarm or Siren,derived:TM window of SS-ALM-0568,https://github.com/karolpiczak/ESC-50,CC-BY-4.0,Karol J. Piczak,2026-09-26,1.000,44100,1,unspecified,,n/a,augmented,SS-ALM-0568,0.000,1.000,a3685b638f92fdc3cde0e28c9e50ccd66ab730c32d1e2401830da40df6c8da6c,train,tm-v3,offsets are in the preprocessed (trimmed) signal; split inherited from the parent
SS-ALM-0598S1,gtm_samples/alarm_or_siren/SS-ALM-0598S1.wav,Alarm or Siren,derived:TM window of SS-ALM-0598,https://urbansounddataset.weebly.com/urbansound8k.html,CC-BY-4.0,"Justin Salamon, Duncan Jacoby, Juan Pablo Bello",2026-09-26,1.000,44100,1,unspecified,,n/a,augmented,SS-ALM-0598,3.000,4.000,7fe838f0840b7562eef80cf81c00ceaedd0748e7eb25a10f691655005829c747,train,tm-v3,offsets are in the preprocessed (trimmed) signal; split inherited from the parent
SS-ALM-0003S1,gtm_samples/alarm_or_siren/SS-ALM-0003S1.wav,Alarm or Siren,derived:TM window of SS-ALM-0003,https://freesound.org/s/378908/,CC0-1.0,13gkopeckak,2026-09-26,1.000,44100,1,outdoor,unspecified,n/a,augmented,SS-ALM-0003,8.000,9.000,80b3add0e2baafcbbb99684484612a3636602ab653468af9a2496bd04351dfd4,train,tm-v3,offsets are in the preprocessed (trimmed) signal; split inherited from the parent
SS-ALM-0022S1,gtm_samples/alarm_or_siren/SS-ALM-0022S1.wav,Alarm or Siren,derived:TM window of SS-ALM-0022,https://freesound.org/s/158500/,CC-BY-3.0,HBSA,2026-09-26,1.000,44100,1,unspecified,unspecified,n/a,augmented,SS-ALM-0022,2.000,3.000,478478bf6881aeb83c33e1f6ab18e85f55ab2f4ba3134f62ca1588ebd9165d10,train,tm-v3,offsets are in the preprocessed (trimmed) signal; split inherited from the parent
SS-ALM-0588S1,gtm_samples/alarm_or_siren/SS-ALM-0588S1.wav,Alarm or Siren,derived:TM window of SS-ALM-0588,https://urbansounddataset.weebly.com/urbansound8k.html,CC-BY-4.0,"Justin Salamon, Duncan Jacoby, Juan Pablo Bello",2026-09-26,1.000,44100,1,unspecified,,n/a,augmented,SS-ALM-0588,1.000,2.000,be874e7c25454d618e0073fb7f09fa920eeae6722f8d428b2dbb4c84aaee6044,train,tm-v3,offsets are in the preprocessed (trimmed) signal; split inherited from the parent
SS-ALM-0537S1,gtm_samples/alarm_or_siren/SS-ALM-0537S1.wav,Alarm or Siren,derived:TM window of SS-ALM-0537,https://github.com/karolpiczak/ESC-50,CC-BY-4.0,Karol J. Piczak,2026-09-26,1.000,44100,1,unspecified,,n/a,augmented,SS-ALM-0537,2.500,3.500,0e107fffeaa156c32ae2f498c410d4108164b082c9328a2f272252629ae5ac1a,train,tm-v3,offsets are in the preprocessed (trimmed) signal; split inherited from the parent
SS-ALM-0094S1,gtm_samples/alarm_or_siren/SS-ALM-0094S1.wav,Alarm or Siren,derived:TM window of SS-ALM-0094,https://freesound.org/s/235458/,CC0-1.0,jcdecha,2026-09-26,1.000,44100,1,unspecified,unspecified,n/a,augmented,SS-ALM-0094,4.500,5.500,185051776934739dbb951d31851b68488a21697149186dddd090c993e086d79b,train,tm-v3,offsets are in the preprocessed (trimmed) signal; split inherited from the parent
SS-ALM-0623S1,gtm_samples/alarm_or_siren/SS-ALM-0623S1.wav,Alarm or Siren,derived:TM window of SS-ALM-0623,https://urbansounddataset.weebly.com/urbansound8k.html,CC-BY-4.0,"Justin Salamon, Duncan Jacoby, Juan Pablo Bello",2026-09-26,1.000,44100,1,unspecified,,n/a,augmented,SS-ALM-0623,1.000,2.000,91ca3561222e624a7956361ec21be54cd4db673e05657503874292b1a85c0c81,train,tm-v3,offsets are in the preprocessed (trimmed) signal; split inherited from the parent
SS-ALM-0080S1,gtm_samples/alarm_or_siren/SS-ALM-0080S1.wav,Alarm or Siren,derived:TM window of SS-ALM-0080,https://freesound.org/s/159743/,CC0-1.0,conleec,2026-09-26,1.000,44100,1,unspecified,unspecified,n/a,augmented,SS-ALM-0080,0.000,1.000,420160148172e56987c9db27e1aad6ff3b49ec5a5638b71b811cb40adb354361,train,tm-v3,offsets are in the preprocessed (trimmed) signal; split inherited from the parent
SS-ALM-0536S1,gtm_samples/alarm_or_siren/SS-ALM-0536S1.wav,Alarm or Siren,derived:TM window of SS-ALM-0536,https://github.com/karolpiczak/ESC-50,CC-BY-4.0,Karol J. Piczak,2026-09-26,1.000,44100,1,unspecified,,n/a,augmented,SS-ALM-0536,0.000,1.000,733743deab873289e0632b02521e452a579c6745601a7b737855cb22ee5e1753,train,tm-v3,offsets are in the preprocessed (trimmed) signal; split inherited from the parent
SS-ALM-0560S1,gtm_samples/alarm_or_siren/SS-ALM-0560S1.wav,Alarm or Siren,derived:TM window of SS-ALM-0560,https://github.com/karolpiczak/ESC-50,CC-BY-4.0,Karol J. Piczak,2026-09-26,1.000,44100,1,unspecified,,n/a,augmented,SS-ALM-0560,0.000,1.000,daab95ef22bcac4e0b178d7abf642a191c832a5a35f3ffcf5a739261a495a387,train,tm-v3,offsets are in the preprocessed (trimmed) signal; split inherited from the parent
SS-ALM-0011S1,gtm_samples/alarm_or_siren/SS-ALM-0011S1.wav,Alarm or Siren,derived:TM window of SS-ALM-0011,https://freesound.org/s/18632/,CC-BY-3.0,Corsica_S,2026-09-26,1.000,44100,1,outdoor,unspecified,n/a,augmented,SS-ALM-0011,13.000,14.000,06c7823a621843151a27aa58a5b92018da2eb040aec26362f6accbbde92f2288,train,tm-v3,offsets are in the preprocessed (trimmed) signal; split inherited from the parent
SS-ALM-0566S1,gtm_samples/alarm_or_siren/SS-ALM-0566S1.wav,Alarm or Siren,derived:TM window of SS-ALM-0566,https://github.com/karolpiczak/ESC-50,CC-BY-4.0,Karol J. Piczak,2026-09-26,1.000,44100,1,unspecified,,n/a,augmented,SS-ALM-0566,1.500,2.500,056dc9aac8c52b6af6eaa0bd960379ae195312648cfacfe93ad4300a7f78d111,train,tm-v3,offsets are in the preprocessed (trimmed) signal; split inherited from the parent
SS-ALM-0590S1,gtm_samples/alarm_or_siren/SS-ALM-0590S1.wav,Alarm or Siren,derived:TM window of SS-ALM-0590,https://urbansounddataset.weebly.com/urbansound8k.html,CC-BY-4.0,"Justin Salamon, Duncan Jacoby, Juan Pablo Bello",2026-09-26,1.000,44100,1,unspecified,,n/a,augmented,SS-ALM-0590,3.000,4.000,27373ca19c9ca42c85548f96e4c98e1bdf62d614e4275003ebcd3d2fd8fd5cca,train,tm-v3,offsets are in the preprocessed (trimmed) signal; split inherited from the parent
SS-ALM-0612S1,gtm_samples/alarm_or_siren/SS-ALM-0612S1.wav,Alarm or Siren,derived:TM window of SS-ALM-0612,https://urbansounddataset.weebly.com/urbansound8k.html,CC-BY-4.0,"Justin Salamon, Duncan Jacoby, Juan Pablo Bello",2026-09-26,1.000,44100,1,unspecified,,n/a,augmented,SS-ALM-0612,3.000,4.000,3a83f8f12f4b8d1a92807c885576b87c55d4e8402ebd96f5b3da263c8b1db7ce,train,tm-v3,offsets are in the preprocessed (trimmed) signal; split inherited from the parent
SS-ALM-0079S1,gtm_samples/alarm_or_siren/SS-ALM-0079S1.wav,Alarm or Siren,derived:TM window of SS-ALM-0079,https://freesound.org/s/17122/,CC0-1.0,cognito perceptu,2026-09-26,1.000,44100,1,unspecified,unspecified,n/a,augmented,SS-ALM-0079,0.500,1.500,8d7257044c5c8f99d7665e4bea1bc25fb7e60c57d2a5b3f150051a26a4657d24,train,tm-v3,offsets are in the preprocessed (trimmed) signal; split inherited from the parent
SS-ALM-0553S1,gtm_samples/alarm_or_siren/SS-ALM-0553S1.wav,Alarm or Siren,derived:TM window of SS-ALM-0553,https://github.com/karolpiczak/ESC-50,CC-BY-4.0,Karol J. Piczak,2026-09-26,1.000,44100,1,unspecified,,n/a,augmented,SS-ALM-0553,2.000,3.000,4b0c9cf090ecb5e21d613c316069f66774206dd61265bf105ced85a1ac04ec27,train,tm-v3,offsets are in the preprocessed (trimmed) signal; split inherited from the parent
SS-ALM-0525S1,gtm_samples/alarm_or_siren/SS-ALM-0525S1.wav,Alarm or Siren,derived:TM window of SS-ALM-0525,https://github.com/karolpiczak/ESC-50,CC-BY-4.0,Karol J. Piczak,2026-09-26,1.000,44100,1,unspecified,,n/a,augmented,SS-ALM-0525,0.000,1.000,a2ae1944c80594ccceed5eb7f9312c8305186ed27b1c4347b3c435cc4ad6d581,train,tm-v3,offsets are in the preprocessed (trimmed) signal; split inherited from the parent
SS-ALM-0594S1,gtm_samples/alarm_or_siren/SS-ALM-0594S1.wav,Alarm or Siren,derived:TM window of SS-ALM-0594,https://urbansounddataset.weebly.com/urbansound8k.html,CC-BY-4.0,"Justin Salamon, Duncan Jacoby, Juan Pablo Bello",2026-09-26,1.000,44100,1,unspecified,,n/a,augmented,SS-ALM-0594,0.500,1.500,2fd1766ed51d94332f4041e8f6ba4b99be43ca05cb539cd651bbbe212a35d6b8,train,tm-v3,offsets are in the preprocessed (trimmed) signal; split inherited from the parent
SS-ALM-0091S1,gtm_samples/alarm_or_siren/SS-ALM-0091S1.wav,Alarm or Siren,derived:TM window of SS-ALM-0091,https://freesound.org/s/69181/,Sampling+-1.0,happyband,2026-09-26,1.000,44100,1,unspecified,unspecified,n/a,augmented,SS-ALM-0091,0.000,1.000,ec57aa7f871aaf1734971179fb8666d47e241f324385c844cffff3f080c1c406,train,tm-v3,offsets are in the preprocessed (trimmed) signal; split inherited from the parent
SS-ALM-0528S1,gtm_samples/alarm_or_siren/SS-ALM-0528S1.wav,Alarm or Siren,derived:TM window of SS-ALM-0528,https://github.com/karolpiczak/ESC-50,CC-BY-4.0,Karol J. Piczak,2026-09-26,1.000,44100,1,unspecified,,n/a,augmented,SS-ALM-0528,2.500,3.500,f318f4f143656623ca73d6b2a0748a5337d8646eb6bc9715af1fae430e21b763,train,tm-v3,offsets are in the preprocessed (trimmed) signal; split inherited from the parent
SS-ALM-0016S1,gtm_samples/alarm_or_siren/SS-ALM-0016S1.wav,Alarm or Siren,derived:TM window of SS-ALM-0016,https://freesound.org/s/20069/,CC-BY-3.0,FreqMan,2026-09-26,1.000,44100,1,indoor,unspecified,n/a,augmented,SS-ALM-0016,0.500,1.500,daeca88415f87b41449dbe120396810aea8222c2632bf806733fcfd1c4e65f7e,train,tm-v3,offsets are in the preprocessed (trimmed) signal; split inherited from the parent
SS-ALM-0555S1,gtm_samples/alarm_or_siren/SS-ALM-0555S1.wav,Alarm or Siren,derived:TM window of SS-ALM-0555,https://github.com/karolpiczak/ESC-50,CC-BY-4.0,Karol J. Piczak,2026-09-26,1.000,44100,1,unspecified,,n/a,augmented,SS-ALM-0555,0.000,1.000,9421d257220154818b0a8c2097132925abbb86ecad49b592ae9005517ac80b44,train,tm-v3,offsets are in the preprocessed (trimmed) signal; split inherited from the parent
SS-ALM-0592S1,gtm_samples/alarm_or_siren/SS-ALM-0592S1.wav,Alarm or Siren,derived:TM window of SS-ALM-0592,https://urbansounddataset.weebly.com/urbansound8k.html,CC-BY-4.0,"Justin Salamon, Duncan Jacoby, Juan Pablo Bello",2026-09-26,1.000,44100,1,unspecified,,n/a,augmented,SS-ALM-0592,0.000,1.000,874e64b84d37709f41e5fec24934673a62457edd9af33cd1c118bcfbb5e2b148,train,tm-v3,offsets are in the preprocessed (trimmed) signal; split inherited from the parent
SS-ALM-0561S1,gtm_samples/alarm_or_siren/SS-ALM-0561S1.wav,Alarm or Siren,derived:TM window of SS-ALM-0561,https://github.com/karolpiczak/ESC-50,CC-BY-4.0,Karol J. Piczak,2026-09-26,1.000,44100,1,unspecified,,n/a,augmented,SS-ALM-0561,2.500,3.500,7c20b6760db759fbfdae46883d833b5fb307da3b857c6492bba0c2e13811eec4,train,tm-v3,offsets are in the preprocessed (trimmed) signal; split inherited from the parent
SS-ALM-0087S1,gtm_samples/alarm_or_siren/SS-ALM-0087S1.wav,Alarm or Siren,derived:TM window of SS-ALM-0087,https://freesound.org/s/35433/,CC0-1.0,fons,2026-09-26,1.000,44100,1,unspecified,unspecified,n/a,augmented,SS-ALM-0087,11.500,12.500,09c3fe7863da3865aa15236aa0d3a8d04ad2c4cf262d3f7b17e218337dbd708a,train,tm-v3,offsets are in the preprocessed (trimmed) signal; split inherited from the parent
SS-ALM-0511S1,gtm_samples/alarm_or_siren/SS-ALM-0511S1.wav,Alarm or Siren,derived:TM window of SS-ALM-0511,https://github.com/karolpiczak/ESC-50,CC-BY-4.0,Karol J. Piczak,2026-09-26,1.000,44100,1,unspecified,,n/a,augmented,SS-ALM-0511,4.000,5.000,e64b5728620db516e584399dc1db66361efeaf9965d5aaafc5b16eb234c2db56,train,tm-v3,offsets are in the preprocessed (trimmed) signal; split inherited from the parent
SS-ALM-0116S1,gtm_samples/alarm_or_siren/SS-ALM-0116S1.wav,Alarm or Siren,derived:TM window of SS-ALM-0116,https://freesound.org/s/382805/,CC-BY-3.0,pjcohen,2026-09-26,0.158,44100,1,outdoor,unspecified,n/a,augmented,SS-ALM-0116,0.000,1.000,04a464aae470ff785be1a077414520fac62e651042e2528c9954115b94231582,train,tm-v3,offsets are in the preprocessed (trimmed) signal; split inherited from the parent
SS-ALM-0100S1,gtm_samples/alarm_or_siren/SS-ALM-0100S1.wav,Alarm or Siren,derived:TM window of SS-ALM-0100,https://freesound.org/s/170876/,CC0-1.0,kevenmw,2026-09-26,1.000,44100,1,outdoor,unspecified,n/a,augmented,SS-ALM-0100,0.000,1.000,6a4b59302e7dbd5fd8a089ec1000cc5edd20424fd2cb728b5579a81ae7c14e14,train,tm-v3,offsets are in the preprocessed (trimmed) signal; split inherited from the parent
SS-ALM-0035S1,gtm_samples/alarm_or_siren/SS-ALM-0035S1.wav,Alarm or Siren,derived:TM window of SS-ALM-0035,https://freesound.org/s/383779/,CC-BY-3.0,Jay_You,2026-09-26,1.000,44100,1,unspecified,unspecified,n/a,augmented,SS-ALM-0035,0.500,1.500,1e07cb0a2a5ab1ddce167c39a952831e4d68bfde1f56bd69fa9a35b93eb67195,train,tm-v3,offsets are in the preprocessed (trimmed) signal; split inherited from the parent
SS-ALM-0505S1,gtm_samples/alarm_or_siren/SS-ALM-0505S1.wav,Alarm or Siren,derived:TM window of SS-ALM-0505,https://github.com/karolpiczak/ESC-50,CC-BY-4.0,Karol J. Piczak,2026-09-26,1.000,44100,1,unspecified,,n/a,augmented,SS-ALM-0505,2.000,3.000,0ace245e166bba698a2b4f9cc5a57fdf6300e42872bfcd5f4367932c0610c97f,train,tm-v3,offsets are in the preprocessed (trimmed) signal; split inherited from the parent
SS-ALM-0122S1,gtm_samples/alarm_or_siren/SS-ALM-0122S1.wav,Alarm or Siren,derived:TM window of SS-ALM-0122,https://freesound.org/s/110402/,CC-BY-3.0,sandyrb,2026-09-26,1.000,44100,1,indoor,unspecified,n/a,augmented,SS-ALM-0122,0.000,1.000,62847291668e8a666d0d610c578e4c5f510ef2242e6fc50dfddc67d5bd63c0b0,train,tm-v3,offsets are in the preprocessed (trimmed) signal; split inherited from the parent
SS-ALM-0509S1,gtm_samples/alarm_or_siren/SS-ALM-0509S1.wav,Alarm or Siren,derived:TM window of SS-ALM-0509,https://github.com/karolpiczak/ESC-50,CC-BY-4.0,Karol J. Piczak,2026-09-26,1.000,44100,1,unspecified,,n/a,augmented,SS-ALM-0509,3.000,4.000,497e71d3faebbdde659dec471351828de167f781a777f4814d7ad0568ac229cf,train,tm-v3,offsets are in the preprocessed (trimmed) signal; split inherited from the parent
SS-ALM-0624S1,gtm_samples/alarm_or_siren/SS-ALM-0624S1.wav,Alarm or Siren,derived:TM window of SS-ALM-0624,https://urbansounddataset.weebly.com/urbansound8k.html,CC-BY-4.0,"Justin Salamon, Duncan Jacoby, Juan Pablo Bello",2026-09-26,1.000,44100,1,unspecified,,n/a,augmented,SS-ALM-0624,1.500,2.500,e482c3402af4ddf9b9c7032f72d6a0d5304b09cd1e16ad417d3d983b34d2ea08,train,tm-v3,offsets are in the preprocessed (trimmed) signal; split inherited from the parent
SS-ALM-0065S1,gtm_samples/alarm_or_siren/SS-ALM-0065S1.wav,Alarm or Siren,derived:TM window of SS-ALM-0065,https://freesound.org/s/328541/,CC0-1.0,Vendarro,2026-09-26,1.000,44100,1,outdoor,unspecified,n/a,augmented,SS-ALM-0065,0.000,1.000,0a2bd7a16021eba18815a2315b666dd6deea9d21adf5936bf647a961c8ce34da,train,tm-v3,offsets are in the preprocessed (trimmed) signal; split inherited from the parent
SS-ALM-0074S1,gtm_samples/alarm_or_siren/SS-ALM-0074S1.wav,Alarm or Siren,derived:TM window of SS-ALM-0074,https://freesound.org/s/273883/,CC0-1.0,beskhu,2026-09-26,1.000,44100,1,outdoor,unspecified,n/a,augmented,SS-ALM-0074,0.000,1.000,8ea2e74d980b3c820e2f42007da15508a9c50876577bcd17236afd4fe09e63d6,train,tm-v3,offsets are in the preprocessed (trimmed) signal; split inherited from the parent
SS-ALM-0097S1,gtm_samples/alarm_or_siren/SS-ALM-0097S1.wav,Alarm or Siren,derived:TM window of SS-ALM-0097,https://freesound.org/s/78201/,CC-BY-3.0,joedeshon,2026-09-26,1.000,44100,1,outdoor,unspecified,n/a,augmented,SS-ALM-0097,2.000,3.000,d85f82e70b45cb72435fb62b90f3724a98358ef6b777b8ee20a1ec73ad090a54,train,tm-v3,offsets are in the preprocessed (trimmed) signal; split inherited from the parent
SS-ALM-0587S1,gtm_samples/alarm_or_siren/SS-ALM-0587S1.wav,Alarm or Siren,derived:TM window of SS-ALM-0587,https://urbansounddataset.weebly.com/urbansound8k.html,CC-BY-4.0,"Justin Salamon, Duncan Jacoby, Juan Pablo Bello",2026-09-26,1.000,44100,1,unspecified,,n/a,augmented,SS-ALM-0587,3.000,4.000,11e3bfeb77f3c0d751c3a4cf35f36c8e9bb1561a14e5c98acc740899def53c93,train,tm-v3,offsets are in the preprocessed (trimmed) signal; split inherited from the parent
SS-ALM-0557S1,gtm_samples/alarm_or_siren/SS-ALM-0557S1.wav,Alarm or Siren,derived:TM window of SS-ALM-0557,https://github.com/karolpiczak/ESC-50,CC-BY-4.0,Karol J. Piczak,2026-09-26,1.000,44100,1,unspecified,,n/a,augmented,SS-ALM-0557,0.000,1.000,471b9bcf329106408edc6129d6111efd6bfb93660957124994efe2973f3d6f58,train,tm-v3,offsets are in the preprocessed (trimmed) signal; split inherited from the parent
SS-ALM-0030S1,gtm_samples/alarm_or_siren/SS-ALM-0030S1.wav,Alarm or Siren,derived:TM window of SS-ALM-0030,https://freesound.org/s/32217/,Sampling+-1.0,Ironi Alef,2026-09-26,1.000,44100,1,outdoor,unspecified,n/a,augmented,SS-ALM-0030,0.000,1.000,c3c4da54441c320cf47a6ce2b567b0d1e415422db5a3c5a38549f7559f7b6339,train,tm-v3,offsets are in the preprocessed (trimmed) signal; split inherited from the parent
SS-ALM-0609S1,gtm_samples/alarm_or_siren/SS-ALM-0609S1.wav,Alarm or Siren,derived:TM window of SS-ALM-0609,https://urbansounddataset.weebly.com/urbansound8k.html,CC-BY-4.0,"Justin Salamon, Duncan Jacoby, Juan Pablo Bello",2026-09-26,1.000,44100,1,unspecified,,n/a,augmented,SS-ALM-0609,2.500,3.500,e5cc364f4eef31b6be1e1e0bf42bc538f4cc7c8af69e546c33cd8004020ada12,train,tm-v3,offsets are in the preprocessed (trimmed) signal; split inherited from the parent
SS-ALM-0595S1,gtm_samples/alarm_or_siren/SS-ALM-0595S1.wav,Alarm or Siren,derived:TM window of SS-ALM-0595,https://urbansounddataset.weebly.com/urbansound8k.html,CC-BY-4.0,"Justin Salamon, Duncan Jacoby, Juan Pablo Bello",2026-09-26,1.000,44100,1,unspecified,,n/a,augmented,SS-ALM-0595,0.000,1.000,3af44ae208206282c5027e6de6b54eb2b74b4cb52b8f0ff13a97c1de28069908,train,tm-v3,offsets are in the preprocessed (trimmed) signal; split inherited from the parent
SS-ALM-0544S1,gtm_samples/alarm_or_siren/SS-ALM-0544S1.wav,Alarm or Siren,derived:TM window of SS-ALM-0544,https://github.com/karolpiczak/ESC-50,CC-BY-4.0,Karol J. Piczak,2026-09-26,1.000,44100,1,unspecified,,n/a,augmented,SS-ALM-0544,0.500,1.500,999858eda33fe8dc674d386ae5d8ab192b4956f9f78139bc796ba2ff0271cccb,train,tm-v3,offsets are in the preprocessed (trimmed) signal; split inherited from the parent
SS-ALM-0054S1,gtm_samples/alarm_or_siren/SS-ALM-0054S1.wav,Alarm or Siren,derived:TM window of SS-ALM-0054,https://freesound.org/s/192621/,CC-BY-3.0,Samulis,2026-09-26,1.000,44100,1,unspecified,unspecified,n/a,augmented,SS-ALM-0054,0.000,1.000,ea4cd0ee05550e9561d203997fe5800800f9ea38b6ea822ce151336a99500edf,train,tm-v3,offsets are in the preprocessed (trimmed) signal; split inherited from the parent
SS-ALM-0559S1,gtm_samples/alarm_or_siren/SS-ALM-0559S1.wav,Alarm or Siren,derived:TM window of SS-ALM-0559,https://github.com/karolpiczak/ESC-50,CC-BY-4.0,Karol J. Piczak,2026-09-26,1.000,44100,1,unspecified,,n/a,augmented,SS-ALM-0559,0.000,1.000,9d48e8a569847d7ec95c3db7629fb198065ea17056d09908303ff7bf2441cb4c,train,tm-v3,offsets are in the preprocessed (trimmed) signal; split inherited from the parent
SS-ALM-0123S1,gtm_samples/alarm_or_siren/SS-ALM-0123S1.wav,Alarm or Siren,derived:TM window of SS-ALM-0123,https://freesound.org/s/66288/,CC-BY-3.0,soundplusdesign,2026-09-26,1.000,44100,1,unspecified,unspecified,n/a,augmented,SS-ALM-0123,3.000,4.000,32c5f03d569c3db7578a6158de5da79d7287a505624b990c8f8e48d21054bb2a,train,tm-v3,offsets are in the preprocessed (trimmed) signal; split inherited from the parent
SS-ALM-0613S1,gtm_samples/alarm_or_siren/SS-ALM-0613S1.wav,Alarm or Siren,derived:TM window of SS-ALM-0613,https://urbansounddataset.weebly.com/urbansound8k.html,CC-BY-4.0,"Justin Salamon, Duncan Jacoby, Juan Pablo Bello",2026-09-26,1.000,44100,1,unspecified,,n/a,augmented,SS-ALM-0613,1.500,2.500,6b0059a42548f39121d1deba076d1f23dbcc068f554095a811d76f151288d60b,train,tm-v3,offsets are in the preprocessed (trimmed) signal; split inherited from the parent
SS-ALM-0081S1,gtm_samples/alarm_or_siren/SS-ALM-0081S1.wav,Alarm or Siren,derived:TM window of SS-ALM-0081,https://freesound.org/s/125141/,CC0-1.0,connersaw8,2026-09-26,0.755,44100,1,unspecified,unspecified,n/a,augmented,SS-ALM-0081,0.000,1.000,ce91ef2ded262d281f1e8d932738a10fad3e131f4a840ab0bab6a50d02d24a57,train,tm-v3,offsets are in the preprocessed (trimmed) signal; split inherited from the parent
SS-ALM-0052S1,gtm_samples/alarm_or_siren/SS-ALM-0052S1.wav,Alarm or Siren,derived:TM window of SS-ALM-0052,https://freesound.org/s/50700/,CC0-1.0,RutgerMuller,2026-09-26,1.000,44100,1,unspecified,unspecified,n/a,augmented,SS-ALM-0052,2.000,3.000,bdf66c4a9f4ef5bb1758bd41e5968d5fc8af27568c5bc872a0ece8e2c24ddb42,train,tm-v3,offsets are in the preprocessed (trimmed) signal; split inherited from the parent
SS-ALM-0027S1,gtm_samples/alarm_or_siren/SS-ALM-0027S1.wav,Alarm or Siren,derived:TM window of SS-ALM-0027,https://freesound.org/s/371292/,CC0-1.0,Iamgiorgio,2026-09-26,1.000,44100,1,unspecified,unspecified,n/a,augmented,SS-ALM-0027,0.000,1.000,29eae480b20391b594fbb3ce1e5401002171660849b668f7783c1b59b273ca79,train,tm-v3,offsets are in the preprocessed (trimmed) signal; split inherited from the parent
SS-ALM-0558S1,gtm_samples/alarm_or_siren/SS-ALM-0558S1.wav,Alarm or Siren,derived:TM window of SS-ALM-0558,https://github.com/karolpiczak/ESC-50,CC-BY-4.0,Karol J. Piczak,2026-09-26,1.000,44100,1,unspecified,,n/a,augmented,SS-ALM-0558,0.500,1.500,1ab629290cbada13375c0771874b26b923d25f9fc8c82d175369e347185c8234,train,tm-v3,offsets are in the preprocessed (trimmed) signal; split inherited from the parent
SS-ALM-0506S1,gtm_samples/alarm_or_siren/SS-ALM-0506S1.wav,Alarm or Siren,derived:TM window of SS-ALM-0506,https://github.com/karolpiczak/ESC-50,CC-BY-4.0,Karol J. Piczak,2026-09-26,1.000,44100,1,unspecified,,n/a,augmented,SS-ALM-0506,4.000,5.000,6347b8e5147ce35651291911defd78d1110d8a25389ec59acb76a26709430b18,train,tm-v3,offsets are in the preprocessed (trimmed) signal; split inherited from the parent
SS-ALM-0524S1,gtm_samples/alarm_or_siren/SS-ALM-0524S1.wav,Alarm or Siren,derived:TM window of SS-ALM-0524,https://github.com/karolpiczak/ESC-50,CC-BY-4.0,Karol J. Piczak,2026-09-26,1.000,44100,1,unspecified,,n/a,augmented,SS-ALM-0524,0.000,1.000,1f45c105b5dd217eec6b255c99694b71f2e62549b1ac2c696e013d1363e24189,train,tm-v3,offsets are in the preprocessed (trimmed) signal; split inherited from the parent
SS-ALM-0006S1,gtm_samples/alarm_or_siren/SS-ALM-0006S1.wav,Alarm or Siren,derived:TM window of SS-ALM-0006,https://freesound.org/s/221085/,CC0-1.0,AlaskaRobotics,2026-09-26,1.000,44100,1,unspecified,unspecified,n/a,augmented,SS-ALM-0006,0.000,1.000,534e95e1b3008b6bac26f249deccd8268eb395ec8ded9189cbed497e6a9a413e,train,tm-v3,offsets are in the preprocessed (trimmed) signal; split inherited from the parent
SS-ALM-0608S1,gtm_samples/alarm_or_siren/SS-ALM-0608S1.wav,Alarm or Siren,derived:TM window of SS-ALM-0608,https://urbansounddataset.weebly.com/urbansound8k.html,CC-BY-4.0,"Justin Salamon, Duncan Jacoby, Juan Pablo Bello",2026-09-26,1.000,44100,1,unspecified,,n/a,augmented,SS-ALM-0608,3.000,4.000,41610b0db293ecd1b1627e20072618c585c5000aa8f53ae0dcbcbf13d6285ebd,train,tm-v3,offsets are in the preprocessed (trimmed) signal; split inherited from the parent
SS-ALM-0574S1,gtm_samples/alarm_or_siren/SS-ALM-0574S1.wav,Alarm or Siren,derived:TM window of SS-ALM-0574,https://github.com/karolpiczak/ESC-50,CC-BY-4.0,Karol J. Piczak,2026-09-26,1.000,44100,1,unspecified,,n/a,augmented,SS-ALM-0574,0.000,1.000,0ab4bac296df66c09f97e78765e85b0381303bac298f84dad9407ea9b76fbbde,train,tm-v3,offsets are in the preprocessed (trimmed) signal; split inherited from the parent
SS-ALM-0580S1,gtm_samples/alarm_or_siren/SS-ALM-0580S1.wav,Alarm or Siren,derived:TM window of SS-ALM-0580,https://github.com/karolpiczak/ESC-50,CC-BY-4.0,Karol J. Piczak,2026-09-26,1.000,44100,1,unspecified,,n/a,augmented,SS-ALM-0580,2.000,3.000,9717c75c678e283aa32fcf52b9ba608c68eff196179dc9ea199f0bc4831ab90c,train,tm-v3,offsets are in the preprocessed (trimmed) signal; split inherited from the parent
SS-ALM-0584S1,gtm_samples/alarm_or_siren/SS-ALM-0584S1.wav,Alarm or Siren,derived:TM window of SS-ALM-0584,https://urbansounddataset.weebly.com/urbansound8k.html,CC-BY-4.0,"Justin Salamon, Duncan Jacoby, Juan Pablo Bello",2026-09-26,1.000,44100,1,unspecified,,n/a,augmented,SS-ALM-0584,1.000,2.000,1272708d0e8d6ca3b643388fb305f864e47fac65e1f3db62c61560ac74d0c34b,train,tm-v3,offsets are in the preprocessed (trimmed) signal; split inherited from the parent
SS-ALM-0621S1,gtm_samples/alarm_or_siren/SS-ALM-0621S1.wav,Alarm or Siren,derived:TM window of SS-ALM-0621,https://urbansounddataset.weebly.com/urbansound8k.html,CC-BY-4.0,"Justin Salamon, Duncan Jacoby, Juan Pablo Bello",2026-09-26,1.000,44100,1,unspecified,,n/a,augmented,SS-ALM-0621,1.000,2.000,a52947e4dc1d3fb66e70f5326727c9435a7c757130ce9b4afe40565439720afe,train,tm-v3,offsets are in the preprocessed (trimmed) signal; split inherited from the parent
SS-ALM-0607S1,gtm_samples/alarm_or_siren/SS-ALM-0607S1.wav,Alarm or Siren,derived:TM window of SS-ALM-0607,https://urbansounddataset.weebly.com/urbansound8k.html,CC-BY-4.0,"Justin Salamon, Duncan Jacoby, Juan Pablo Bello",2026-09-26,1.000,44100,1,unspecified,,n/a,augmented,SS-ALM-0607,0.000,1.000,a6f626e0312ff5ae9c1c0a931becfb18ae4153bca058a618814579ca703110d5,train,tm-v3,offsets are in the preprocessed (trimmed) signal; split inherited from the parent
SS-ALM-0128S1,gtm_samples/alarm_or_siren/SS-ALM-0128S1.wav,Alarm or Siren,derived:TM window of SS-ALM-0128,https://freesound.org/s/64073/,CC-BY-3.0,vtkproductions.com,2026-09-26,1.000,44100,1,indoor,unspecified,n/a,augmented,SS-ALM-0128,1.500,2.500,36e0207349950ecac0e65c60b8c7a7e2ed6173fa7abb2bb915c72f0d3fc0906b,train,tm-v3,offsets are in the preprocessed (trimmed) signal; split inherited from the parent
SS-ALM-0567S1,gtm_samples/alarm_or_siren/SS-ALM-0567S1.wav,Alarm or Siren,derived:TM window of SS-ALM-0567,https://github.com/karolpiczak/ESC-50,CC-BY-4.0,Karol J. Piczak,2026-09-26,1.000,44100,1,unspecified,,n/a,augmented,SS-ALM-0567,2.500,3.500,a78ced7d7ae6fdbad2c3773733f18888ac78bb04eefb7e1b316a67ca4f329148,train,tm-v3,offsets are in the preprocessed (trimmed) signal; split inherited from the parent
SS-ALM-0549S1,gtm_samples/alarm_or_siren/SS-ALM-0549S1.wav,Alarm or Siren,derived:TM window of SS-ALM-0549,https://github.com/karolpiczak/ESC-50,CC-BY-4.0,Karol J. Piczak,2026-09-26,1.000,44100,1,unspecified,,n/a,augmented,SS-ALM-0549,3.000,4.000,cbe784fbc3e9083e73ac752da62bf8a70fececfd8f18a9e5807d69c7900557da,train,tm-v3,offsets are in the preprocessed (trimmed) signal; split inherited from the parent
SS-ALM-0092S1,gtm_samples/alarm_or_siren/SS-ALM-0092S1.wav,Alarm or Siren,derived:TM window of SS-ALM-0092,https://freesound.org/s/80341/,CC0-1.0,hyderpotter,2026-09-26,1.000,44100,1,unspecified,unspecified,n/a,augmented,SS-ALM-0092,0.000,1.000,edc1c4c39242c00f8f2c9202dd4fa6b9c23316d66021b0be9a343292107a756e,train,tm-v3,offsets are in the preprocessed (trimmed) signal; split inherited from the parent
SS-ALM-0533S1,gtm_samples/alarm_or_siren/SS-ALM-0533S1.wav,Alarm or Siren,derived:TM window of SS-ALM-0533,https://github.com/karolpiczak/ESC-50,CC-BY-4.0,Karol J. Piczak,2026-09-26,1.000,44100,1,unspecified,,n/a,augmented,SS-ALM-0533,0.000,1.000,9c4d1ec7946ac0f472b926244f0ea07c45f36235cf4137d7c1faeadaaedbf9c2,train,tm-v3,offsets are in the preprocessed (trimmed) signal; split inherited from the parent
SS-ALM-0057S1,gtm_samples/alarm_or_siren/SS-ALM-0057S1.wav,Alarm or Siren,derived:TM window of SS-ALM-0057,https://freesound.org/s/399190/,CC-BY-3.0,SpiceProgram,2026-09-26,1.000,44100,1,unspecified,unspecified,n/a,augmented,SS-ALM-0057,0.000,1.000,12b95d659f82faa0307a5b8967d8d704ab328395e3bb8234118a24db14e332bd,train,tm-v3,offsets are in the preprocessed (trimmed) signal; split inherited from the parent
SS-ALM-0611S1,gtm_samples/alarm_or_siren/SS-ALM-0611S1.wav,Alarm or Siren,derived:TM window of SS-ALM-0611,https://urbansounddataset.weebly.com/urbansound8k.html,CC-BY-4.0,"Justin Salamon, Duncan Jacoby, Juan Pablo Bello",2026-09-26,1.000,44100,1,unspecified,,n/a,augmented,SS-ALM-0611,3.000,4.000,7b9a5f5bfc8ebcbd50a063d92084b39061027b3f1190e6bf3f87f5ef43f5ad76,train,tm-v3,offsets are in the preprocessed (trimmed) signal; split inherited from the parent
SS-ALM-0501S1,gtm_samples/alarm_or_siren/SS-ALM-0501S1.wav,Alarm or Siren,derived:TM window of SS-ALM-0501,https://github.com/karolpiczak/ESC-50,CC-BY-4.0,Karol J. Piczak,2026-09-26,1.000,44100,1,unspecified,,n/a,augmented,SS-ALM-0501,2.000,3.000,6c56fec8fad93d4d6d9a2934d7e6f429f0a9edae17d6d24ad362a9272370c073,train,tm-v3,offsets are in the preprocessed (trimmed) signal; split inherited from the parent
SS-ALM-0056S1,gtm_samples/alarm_or_siren/SS-ALM-0056S1.wav,Alarm or Siren,derived:TM window of SS-ALM-0056,https://freesound.org/s/206080/,CC0-1.0,Soundscape_Leuphana,2026-09-26,1.000,44100,1,indoor,unspecified,n/a,augmented,SS-ALM-0056,0.000,1.000,a09c6e4cce718f55784c87234ccb506f7cf0e374ef8a049203a179cee5e9e238,train,tm-v3,offsets are in the preprocessed (trimmed) signal; split inherited from the parent
SS-ALM-0129S1,gtm_samples/alarm_or_siren/SS-ALM-0129S1.wav,Alarm or Siren,derived:TM window of SS-ALM-0129,https://freesound.org/s/122266/,CC-BY-3.0,zimbot,2026-09-26,0.557,44100,1,unspecified,unspecified,n/a,augmented,SS-ALM-0129,0.000,1.000,43d206930421c7d267a017fa62a478e035038a86e6f4960331ec56c25d628a4a,train,tm-v3,offsets are in the preprocessed (trimmed) signal; split inherited from the parent
SS-ALM-0101S1,gtm_samples/alarm_or_siren/SS-ALM-0101S1.wav,Alarm or Siren,derived:TM window of SS-ALM-0101,https://freesound.org/s/197222/,CC-BY-3.0,knova,2026-09-26,0.883,44100,1,unspecified,unspecified,n/a,augmented,SS-ALM-0101,0.000,1.000,423d710bdb07c7183729b6ebb7df916360d0749a45ce6a55993371a0992fea5d,train,tm-v3,offsets are in the preprocessed (trimmed) signal; split inherited from the parent
SS-ALM-0107S1,gtm_samples/alarm_or_siren/SS-ALM-0107S1.wav,Alarm or Siren,derived:TM window of SS-ALM-0107,https://freesound.org/s/411515/,CC-BY-3.0,mcmacca,2026-09-26,1.000,44100,1,unspecified,unspecified,n/a,augmented,SS-ALM-0107,3.500,4.500,94ccc3187931f9225c40a03f6da2b4c2ce2e130811d9607fd54f91f844e89fc7,train,tm-v3,offsets are in the preprocessed (trimmed) signal; split inherited from the parent
SS-ALM-0563S1,gtm_samples/alarm_or_siren/SS-ALM-0563S1.wav,Alarm or Siren,derived:TM window of SS-ALM-0563,https://github.com/karolpiczak/ESC-50,CC-BY-4.0,Karol J. Piczak,2026-09-26,1.000,44100,1,unspecified,,n/a,augmented,SS-ALM-0563,2.000,3.000,100160835456e13190ea86cd0a600ce674a807afd451f57ca4c69c5633af2f96,train,tm-v3,offsets are in the preprocessed (trimmed) signal; split inherited from the parent
SS-ALM-0597S1,gtm_samples/alarm_or_siren/SS-ALM-0597S1.wav,Alarm or Siren,derived:TM window of SS-ALM-0597,https://urbansounddataset.weebly.com/urbansound8k.html,CC-BY-4.0,"Justin Salamon, Duncan Jacoby, Juan Pablo Bello",2026-09-26,1.000,44100,1,unspecified,,n/a,augmented,SS-ALM-0597,1.000,2.000,1f8db56c4ef2b3ac563a05ee1d0d20c3497a56588918af6dd0255ff034a05329,train,tm-v3,offsets are in the preprocessed (trimmed) signal; split inherited from the parent
SS-ALM-0121S1,gtm_samples/alarm_or_siren/SS-ALM-0121S1.wav,Alarm or Siren,derived:TM window of SS-ALM-0121,https://freesound.org/s/127551/,CC0-1.0,romulofs,2026-09-26,1.000,44100,1,unspecified,unspecified,n/a,augmented,SS-ALM-0121,0.500,1.500,c61c35a58cfa17bb1d5f93b5fa85de4f67c06f81b3f0fa7933b7f035ed25c3fa,train,tm-v3,offsets are in the preprocessed (trimmed) signal; split inherited from the parent
SS-ALM-0523S1,gtm_samples/alarm_or_siren/SS-ALM-0523S1.wav,Alarm or Siren,derived:TM window of SS-ALM-0523,https://github.com/karolpiczak/ESC-50,CC-BY-4.0,Karol J. Piczak,2026-09-26,1.000,44100,1,unspecified,,n/a,augmented,SS-ALM-0523,0.000,1.000,fbe18fda5b26240c3a48d2c2e357b8052d5dc6fa394b284bf80feb52b4699b48,train,tm-v3,offsets are in the preprocessed (trimmed) signal; split inherited from the parent
SS-ALM-0072S1,gtm_samples/alarm_or_siren/SS-ALM-0072S1.wav,Alarm or Siren,derived:TM window of SS-ALM-0072,https://freesound.org/s/135766/,CC0-1.0,arseniiv,2026-09-26,1.000,44100,1,unspecified,unspecified,n/a,augmented,SS-ALM-0072,0.000,1.000,3fca30770d3bed4978111453c717f6705ee486fdb7b41cf1664053446fd9d52d,train,tm-v3,offsets are in the preprocessed (trimmed) signal; split inherited from the parent
SS-ALM-0571S1,gtm_samples/alarm_or_siren/SS-ALM-0571S1.wav,Alarm or Siren,derived:TM window of SS-ALM-0571,https://github.com/karolpiczak/ESC-50,CC-BY-4.0,Karol J. Piczak,2026-09-26,1.000,44100,1,unspecified,,n/a,augmented,SS-ALM-0571,2.500,3.500,6a24a8a24ee3a542e110ac0e1e43e82da7cc4910be1fcdd4e263d8e3a61b61f1,train,tm-v3,offsets are in the preprocessed (trimmed) signal; split inherited from the parent
SS-ALM-0619S1,gtm_samples/alarm_or_siren/SS-ALM-0619S1.wav,Alarm or Siren,derived:TM window of SS-ALM-0619,https://urbansounddataset.weebly.com/urbansound8k.html,CC-BY-4.0,"Justin Salamon, Duncan Jacoby, Juan Pablo Bello",2026-09-26,1.000,44100,1,unspecified,,n/a,augmented,SS-ALM-0619,2.000,3.000,bb3ba520c83f09ecb7862af841a62ed41a809087867d7dfd1f2fb67e972f6c53,train,tm-v3,offsets are in the preprocessed (trimmed) signal; split inherited from the parent
SS-ALM-0529S1,gtm_samples/alarm_or_siren/SS-ALM-0529S1.wav,Alarm or Siren,derived:TM window of SS-ALM-0529,https://github.com/karolpiczak/ESC-50,CC-BY-4.0,Karol J. Piczak,2026-09-26,1.000,44100,1,unspecified,,n/a,augmented,SS-ALM-0529,4.000,5.000,22776ea7deb51bb245ed18ac67cb6c470c375de59d3ba5c629f4cb517b423877,train,tm-v3,offsets are in the preprocessed (trimmed) signal; split inherited from the parent
SS-ALM-0596S1,gtm_samples/alarm_or_siren/SS-ALM-0596S1.wav,Alarm or Siren,derived:TM window of SS-ALM-0596,https://urbansounddataset.weebly.com/urbansound8k.html,CC-BY-4.0,"Justin Salamon, Duncan Jacoby, Juan Pablo Bello",2026-09-26,1.000,44100,1,unspecified,,n/a,augmented,SS-ALM-0596,1.500,2.500,1db6a47d0669ad8d0c69cd48392e93c921456e05f9b27e5ed28a5f9300f0238d,train,tm-v3,offsets are in the preprocessed (trimmed) signal; split inherited from the parent
SS-ALM-0007S1,gtm_samples/alarm_or_siren/SS-ALM-0007S1.wav,Alarm or Siren,derived:TM window of SS-ALM-0007,https://freesound.org/s/62164/,CC-BY-3.0,Benboncan,2026-09-26,1.000,44100,1,unspecified,unspecified,n/a,augmented,SS-ALM-0007,0.000,1.000,195819ca3dc75b0d5391e0f28cc2815e0cb9a39573d3455c0317e7809772521e,train,tm-v3,offsets are in the preprocessed (trimmed) signal; split inherited from the parent
SS-ANI-0136S1,gtm_samples/animal_sound/SS-ANI-0136S1.wav,Animal Sound,derived:TM window of SS-ANI-0136,https://freesound.org/s/59333/,CC-BY-3.0,suonho,2026-09-26,1.000,44100,1,unspecified,unspecified,n/a,augmented,SS-ANI-0136,0.000,1.000,198ce2860472a6bcdbfde4692a2064a223e9ddeefee387ca514431867de9ae71,train,tm-v3,offsets are in the preprocessed (trimmed) signal; split inherited from the parent
SS-ANI-0029S1,gtm_samples/animal_sound/SS-ANI-0029S1.wav,Animal Sound,derived:TM window of SS-ANI-0029,https://freesound.org/s/195942/,CC-BY-3.0,FestaCienciaTecnologia,2026-09-26,1.000,44100,1,indoor,unspecified,n/a,augmented,SS-ANI-0029,2.500,3.500,27b2ae3fce4feac5f28f277a88c7368156cf58c279133e47c6a07928ce63da49,train,tm-v3,offsets are in the preprocessed (trimmed) signal; split inherited from the parent
SS-ANI-0519S1,gtm_samples/animal_sound/SS-ANI-0519S1.wav,Animal Sound,derived:TM window of SS-ANI-0519,https://github.com/karolpiczak/ESC-50,CC-BY-4.0,Karol J. Piczak,2026-09-26,1.000,44100,1,unspecified,,n/a,augmented,SS-ANI-0519,2.500,3.500,e082c62b9a6ac638ae22ee9434ede9575fab86bc8412fb8a39d89e04c6a3f655,train,tm-v3,offsets are in the preprocessed (trimmed) signal; split inherited from the parent
SS-ANI-0530S1,gtm_samples/animal_sound/SS-ANI-0530S1.wav,Animal Sound,derived:TM window of SS-ANI-0530,https://github.com/karolpiczak/ESC-50,CC-BY-4.0,Karol J. Piczak,2026-09-26,1.000,44100,1,unspecified,,n/a,augmented,SS-ANI-0530,1.500,2.500,22a96e68823e5d9cf91f0fa9fb040ef462b73d53f9b1be51e17907cb49b9ebb5,train,tm-v3,offsets are in the preprocessed (trimmed) signal; split inherited from the parent
SS-ANI-0062S1,gtm_samples/animal_sound/SS-ANI-0062S1.wav,Animal Sound,derived:TM window of SS-ANI-0062,https://freesound.org/s/211687/,CC-BY-3.0,Taira Komori,2026-09-26,1.000,44100,1,unspecified,unspecified,n/a,augmented,SS-ANI-0062,0.000,1.000,66a8c5841dfdaf721c89ce2430559d448e77f400eba60a82af90ddff2823ad01,train,tm-v3,offsets are in the preprocessed (trimmed) signal; split inherited from the parent
SS-ANI-0543S1,gtm_samples/animal_sound/SS-ANI-0543S1.wav,Animal Sound,derived:TM window of SS-ANI-0543,https://github.com/karolpiczak/ESC-50,CC-BY-4.0,Karol J. Piczak,2026-09-26,1.000,44100,1,unspecified,,n/a,augmented,SS-ANI-0543,2.000,3.000,31106961efc74903344b6928775f9176189bef318b42568a7aa5f6f22373ad86,train,tm-v3,offsets are in the preprocessed (trimmed) signal; split inherited from the parent
SS-ANI-0625S1,gtm_samples/animal_sound/SS-ANI-0625S1.wav,Animal Sound,derived:TM window of SS-ANI-0625,https://github.com/karolpiczak/ESC-50,CC-BY-4.0,Karol J. Piczak,2026-09-26,1.000,44100,1,unspecified,,n/a,augmented,SS-ANI-0625,1.500,2.500,41c3eb183f76ecccc7b32451045698d3ba82730fdf650b0c6d1bdb27c1238add,train,tm-v3,offsets are in the preprocessed (trimmed) signal; split inherited from the parent
SS-ANI-0648S1,gtm_samples/animal_sound/SS-ANI-0648S1.wav,Animal Sound,derived:TM window of SS-ANI-0648,https://github.com/karolpiczak/ESC-50,CC-BY-4.0,Karol J. Piczak,2026-09-26,1.000,44100,1,unspecified,,n/a,augmented,SS-ANI-0648,0.000,1.000,fa8bd21a34a7733caf0cbb877db6f4c0c6799b7a2ea04185b5da98c6a22dc7ad,train,tm-v3,offsets are in the preprocessed (trimmed) signal; split inherited from the parent
SS-ANI-0659S1,gtm_samples/animal_sound/SS-ANI-0659S1.wav,Animal Sound,derived:TM window of SS-ANI-0659,https://github.com/karolpiczak/ESC-50,CC-BY-4.0,Karol J. Piczak,2026-09-26,1.000,44100,1,unspecified,,n/a,augmented,SS-ANI-0659,1.500,2.500,bf0b3b6c6b7a6e7886dcf33dc591ce46fa6ceae04c450ccd15d0b6071c9a50d8,train,tm-v3,offsets are in the preprocessed (trimmed) signal; split inherited from the parent
SS-ANI-0069S1,gtm_samples/animal_sound/SS-ANI-0069S1.wav,Animal Sound,derived:TM window of SS-ANI-0069,https://freesound.org/s/143125/,CC0-1.0,Zabuhailo,2026-09-26,1.000,44100,1,outdoor,unspecified,n/a,augmented,SS-ANI-0069,7.000,8.000,240429031aa2ec30d3f928bee70f26c90752e862b24cdf740e3bdfc4388b1e43,train,tm-v3,offsets are in the preprocessed (trimmed) signal; split inherited from the parent
SS-ANI-0626S1,gtm_samples/animal_sound/SS-ANI-0626S1.wav,Animal Sound,derived:TM window of SS-ANI-0626,https://github.com/karolpiczak/ESC-50,CC-BY-4.0,Karol J. Piczak,2026-09-26,1.000,44100,1,unspecified,,n/a,augmented,SS-ANI-0626,0.500,1.500,d0d514d324ec4020150e5b45377424c68ca660402170136b95edd1c509a63e15,train,tm-v3,offsets are in the preprocessed (trimmed) signal; split inherited from the parent
SS-ANI-0540S1,gtm_samples/animal_sound/SS-ANI-0540S1.wav,Animal Sound,derived:TM window of SS-ANI-0540,https://github.com/karolpiczak/ESC-50,CC-BY-4.0,Karol J. Piczak,2026-09-26,1.000,44100,1,unspecified,,n/a,augmented,SS-ANI-0540,0.500,1.500,f709a0e583fd66603ccecdef8d9926d9d157189bfdd12653ef133d2ab816f430,train,tm-v3,offsets are in the preprocessed (trimmed) signal; split inherited from the parent
SS-ANI-0619S1,gtm_samples/animal_sound/SS-ANI-0619S1.wav,Animal Sound,derived:TM window of SS-ANI-0619,https://github.com/karolpiczak/ESC-50,CC-BY-4.0,Karol J. Piczak,2026-09-26,1.000,44100,1,unspecified,,n/a,augmented,SS-ANI-0619,0.000,1.000,1ce18794cc1087071d8dddd622054f3d2f29f9bc4b9c3cfb8e15605595b7a2ca,train,tm-v3,offsets are in the preprocessed (trimmed) signal; split inherited from the parent
SS-ANI-0501S1,gtm_samples/animal_sound/SS-ANI-0501S1.wav,Animal Sound,derived:TM window of SS-ANI-0501,https://github.com/karolpiczak/ESC-50,CC-BY-4.0,Karol J. Piczak,2026-09-26,0.216,44100,1,unspecified,,n/a,augmented,SS-ANI-0501,0.000,1.000,cf593fd1ceada0f5df3ee204054c265507c6f2abc8457ca26d0baa47dc127edf,train,tm-v3,offsets are in the preprocessed (trimmed) signal; split inherited from the parent
SS-ANI-0056S1,gtm_samples/animal_sound/SS-ANI-0056S1.wav,Animal Sound,derived:TM window of SS-ANI-0056,https://freesound.org/s/411837/,CC0-1.0,SamuelGremaud,2026-09-26,1.000,44100,1,outdoor,unspecified,n/a,augmented,SS-ANI-0056,1.000,2.000,4e11938b8dd55cdc7a898b38505e45ab2cf1ef01e1446f6c006cbaa3aa751f81,train,tm-v3,offsets are in the preprocessed (trimmed) signal; split inherited from the parent
SS-ANI-0004S1,gtm_samples/animal_sound/SS-ANI-0004S1.wav,Animal Sound,derived:TM window of SS-ANI-0004,https://freesound.org/s/164475/,CC0-1.0,Adam_N,2026-09-26,1.000,44100,1,unspecified,unspecified,n/a,augmented,SS-ANI-0004,0.000,1.000,78868c799b0cd2d3a2959f045cfb6237b3bea2eb85c5826ce5ce25b3af0f8c3f,train,tm-v3,offsets are in the preprocessed (trimmed) signal; split inherited from the parent
SS-ANI-0533S1,gtm_samples/animal_sound/SS-ANI-0533S1.wav,Animal Sound,derived:TM window of SS-ANI-0533,https://github.com/karolpiczak/ESC-50,CC-BY-4.0,Karol J. Piczak,2026-09-26,1.000,44100,1,unspecified,,n/a,augmented,SS-ANI-0533,0.000,1.000,ddde18d77f035a8e7c0eb19a5ef20149f2f4c6aa1dc0e6b205afc04df24767d7,train,tm-v3,offsets are in the preprocessed (trimmed) signal; split inherited from the parent
SS-ANI-0041S1,gtm_samples/animal_sound/SS-ANI-0041S1.wav,Animal Sound,derived:TM window of SS-ANI-0041,https://freesound.org/s/155309/,CC0-1.0,Jace,2026-09-26,0.668,44100,1,unspecified,unspecified,n/a,augmented,SS-ANI-0041,0.000,1.000,06b0458fb05889cf3434bcc3924d5eec4d3aba316c8adf03c2f8d7f0ff58906e,train,tm-v3,offsets are in the preprocessed (trimmed) signal; split inherited from the parent
SS-ANI-0145S1,gtm_samples/animal_sound/SS-ANI-0145S1.wav,Animal Sound,derived:TM window of SS-ANI-0145,https://freesound.org/s/250094/,CC0-1.0,trouxel,2026-09-26,1.000,44100,1,outdoor,unspecified,n/a,augmented,SS-ANI-0145,0.000,1.000,6c7a2763282d8509d748c365405e8ddb0d14cffe99b89aa0f0d876cde51a7c42,train,tm-v3,offsets are in the preprocessed (trimmed) signal; split inherited from the parent
SS-ANI-0047S1,gtm_samples/animal_sound/SS-ANI-0047S1.wav,Animal Sound,derived:TM window of SS-ANI-0047,https://freesound.org/s/195985/,CC-BY-3.0,MrAuralization,2026-09-26,1.000,44100,1,unspecified,unspecified,n/a,augmented,SS-ANI-0047,0.500,1.500,c648f4e43e86dbf1f59148f73b01879e30d014bf5cf67634256296e47a8fe576,train,tm-v3,offsets are in the preprocessed (trimmed) signal; split inherited from the parent
SS-ANI-0099S1,gtm_samples/animal_sound/SS-ANI-0099S1.wav,Animal Sound,derived:TM window of SS-ANI-0099,https://freesound.org/s/42917/,CC-BY-3.0,inchadney,2026-09-26,1.000,44100,1,outdoor,unspecified,n/a,augmented,SS-ANI-0099,0.000,1.000,561fb9af161ee67fdf64e739cebe1297482c1febb74121895b0a0c1668702f68,train,tm-v3,offsets are in the preprocessed (trimmed) signal; split inherited from the parent
SS-ANI-0104S1,gtm_samples/animal_sound/SS-ANI-0104S1.wav,Animal Sound,derived:TM window of SS-ANI-0104,https://freesound.org/s/352698/,CC0-1.0,josepharaoh99,2026-09-26,1.000,44100,1,unspecified,unspecified,n/a,augmented,SS-ANI-0104,0.000,1.000,648b0f4acacdb16353fc7b023a914a8c6a0d440b913905a23da7f4d573eb6c2a,train,tm-v3,offsets are in the preprocessed (trimmed) signal; split inherited from the parent
SS-ANI-0518S1,gtm_samples/animal_sound/SS-ANI-0518S1.wav,Animal Sound,derived:TM window of SS-ANI-0518,https://github.com/karolpiczak/ESC-50,CC-BY-4.0,Karol J. Piczak,2026-09-26,1.000,44100,1,unspecified,,n/a,augmented,SS-ANI-0518,2.000,3.000,828d0644a4f62a94d09092c76cd512a1db6c38a3cb4666364dd704881dbfeb89,train,tm-v3,offsets are in the preprocessed (trimmed) signal; split inherited from the parent
SS-ANI-0593S1,gtm_samples/animal_sound/SS-ANI-0593S1.wav,Animal Sound,derived:TM window of SS-ANI-0593,https://github.com/karolpiczak/ESC-50,CC-BY-4.0,Karol J. Piczak,2026-09-26,1.000,44100,1,unspecified,,n/a,augmented,SS-ANI-0593,0.500,1.500,bc5a5c97920847dcac4257573e1e0c637c8998fe422610e615cb443ff99ec095,train,tm-v3,offsets are in the preprocessed (trimmed) signal; split inherited from the parent
SS-ANI-0051S1,gtm_samples/animal_sound/SS-ANI-0051S1.wav,Animal Sound,derived:TM window of SS-ANI-0051,https://freesound.org/s/113785/,CC-BY-3.0,Puniho,2026-09-26,1.000,44100,1,unspecified,unspecified,n/a,augmented,SS-ANI-0051,0.500,1.500,404cf8aaff1901a9fbe161b0cfe53ca8f79698d925b69f44af51bd9942ce7f99,train,tm-v3,offsets are in the preprocessed (trimmed) signal; split inherited from the parent
SS-ANI-0140S1,gtm_samples/animal_sound/SS-ANI-0140S1.wav,Animal Sound,derived:TM window of SS-ANI-0140,https://freesound.org/s/390492/,CC-BY-3.0,theshiter,2026-09-26,1.000,44100,1,indoor,unspecified,n/a,augmented,SS-ANI-0140,10.000,11.000,1364238a1b30bf0c96950dadd725a5fafb849dc2ae41c58f9223a99784e839f5,train,tm-v3,offsets are in the preprocessed (trimmed) signal; split inherited from the parent
SS-ANI-0563S1,gtm_samples/animal_sound/SS-ANI-0563S1.wav,Animal Sound,derived:TM window of SS-ANI-0563,https://github.com/karolpiczak/ESC-50,CC-BY-4.0,Karol J. Piczak,2026-09-26,1.000,44100,1,unspecified,,n/a,augmented,SS-ANI-0563,2.500,3.500,3e0085ab4e83f70d61d49b8556f83116b76d10475ed02bb5fbc01fd653d73fb3,train,tm-v3,offsets are in the preprocessed (trimmed) signal; split inherited from the parent
SS-ANI-0036S1,gtm_samples/animal_sound/SS-ANI-0036S1.wav,Animal Sound,derived:TM window of SS-ANI-0036,https://freesound.org/s/28112/,CC-BY-3.0,HerbertBoland,2026-09-26,1.000,44100,1,unspecified,unspecified,n/a,augmented,SS-ANI-0036,8.500,9.500,96e21457a6b038a472614ff63a07f551da7b9b68e1a3eb32fc7e5f820fe46581,train,tm-v3,offsets are in the preprocessed (trimmed) signal; split inherited from the parent
SS-ANI-0016S1,gtm_samples/animal_sound/SS-ANI-0016S1.wav,Animal Sound,derived:TM window of SS-ANI-0016,https://freesound.org/s/49520/,CC-BY-3.0,BoilingSand,2026-09-26,1.000,44100,1,unspecified,unspecified,n/a,augmented,SS-ANI-0016,11.000,12.000,6736d616ac89d3b12fff138c84525fb15574258770db547a00724805b683e179,train,tm-v3,offsets are in the preprocessed (trimmed) signal; split inherited from the parent
SS-ANI-0633S1,gtm_samples/animal_sound/SS-ANI-0633S1.wav,Animal Sound,derived:TM window of SS-ANI-0633,https://github.com/karolpiczak/ESC-50,CC-BY-4.0,Karol J. Piczak,2026-09-26,1.000,44100,1,unspecified,,n/a,augmented,SS-ANI-0633,0.000,1.000,9a4fdd0e9e00f56461cb62751d7d4fc4e70da1da01d7f0fb23e4ae915a47bba4,train,tm-v3,offsets are in the preprocessed (trimmed) signal; split inherited from the parent
SS-ANI-0131S1,gtm_samples/animal_sound/SS-ANI-0131S1.wav,Animal Sound,derived:TM window of SS-ANI-0131,https://freesound.org/s/97380/,CC-BY-3.0,soundbytez,2026-09-26,1.000,44100,1,outdoor,unspecified,n/a,augmented,SS-ANI-0131,6.500,7.500,24d68af4200393d4894494fb3b4dc035e10a42ec2be05bcf97ce80b7e3f381f5,train,tm-v3,offsets are in the preprocessed (trimmed) signal; split inherited from the parent
SS-ANI-0649S1,gtm_samples/animal_sound/SS-ANI-0649S1.wav,Animal Sound,derived:TM window of SS-ANI-0649,https://github.com/karolpiczak/ESC-50,CC-BY-4.0,Karol J. Piczak,2026-09-26,1.000,44100,1,unspecified,,n/a,augmented,SS-ANI-0649,0.000,1.000,c5341a170159a9db4c785e5ac3a40ae14f623fbb61b47cbfcd7b6d9143a9fb82,train,tm-v3,offsets are in the preprocessed (trimmed) signal; split inherited from the parent
SS-ANI-0115S1,gtm_samples/animal_sound/SS-ANI-0115S1.wav,Animal Sound,derived:TM window of SS-ANI-0115,https://freesound.org/s/320059/,CC0-1.0,macdaddyno1,2026-09-26,1.000,44100,1,unspecified,unspecified,n/a,augmented,SS-ANI-0115,0.000,1.000,f77ef68051377068ffdb95f72c28f4434bd0447c798e9870ef68690a892315b7,train,tm-v3,offsets are in the preprocessed (trimmed) signal; split inherited from the parent
SS-ANI-0144S1,gtm_samples/animal_sound/SS-ANI-0144S1.wav,Animal Sound,derived:TM window of SS-ANI-0144,https://freesound.org/s/84652/,CC-BY-3.0,tomc1985,2026-09-26,0.710,44100,1,unspecified,unspecified,n/a,augmented,SS-ANI-0144,0.000,1.000,76011bef15e272b1c506d2a76c1aaae58c5b607cb2b14c747d94fddeca95ca12,train,tm-v3,offsets are in the preprocessed (trimmed) signal; split inherited from the parent
SS-ANI-0661S1,gtm_samples/animal_sound/SS-ANI-0661S1.wav,Animal Sound,derived:TM window of SS-ANI-0661,https://github.com/karolpiczak/ESC-50,CC-BY-4.0,Karol J. Piczak,2026-09-26,1.000,44100,1,unspecified,,n/a,augmented,SS-ANI-0661,0.500,1.500,453d9ac5dce74fc25c5f038467080f6359bdfe0d4af93a24de1919969fdc2482,train,tm-v3,offsets are in the preprocessed (trimmed) signal; split inherited from the parent
SS-ANI-0657S1,gtm_samples/animal_sound/SS-ANI-0657S1.wav,Animal Sound,derived:TM window of SS-ANI-0657,https://github.com/karolpiczak/ESC-50,CC-BY-4.0,Karol J. Piczak,2026-09-26,1.000,44100,1,unspecified,,n/a,augmented,SS-ANI-0657,0.000,1.000,2f0bb8e5aff96d8f5f78c9858ced548d25cc166ce8bc8ec71a3bb3b02597047b,train,tm-v3,offsets are in the preprocessed (trimmed) signal; split inherited from the parent
SS-ANI-0662S1,gtm_samples/animal_sound/SS-ANI-0662S1.wav,Animal Sound,derived:TM window of SS-ANI-0662,https://github.com/karolpiczak/ESC-50,CC-BY-4.0,Karol J. Piczak,2026-09-26,1.000,44100,1,unspecified,,n/a,augmented,SS-ANI-0662,0.500,1.500,4ffb7e631e60e8d5a0f61b6efa85d0c3337742cddb3cabd10677ec9127baf056,train,tm-v3,offsets are in the preprocessed (trimmed) signal; split inherited from the parent
SS-ANI-0564S1,gtm_samples/animal_sound/SS-ANI-0564S1.wav,Animal Sound,derived:TM window of SS-ANI-0564,https://github.com/karolpiczak/ESC-50,CC-BY-4.0,Karol J. Piczak,2026-09-26,1.000,44100,1,unspecified,,n/a,augmented,SS-ANI-0564,2.000,3.000,64605842dfdffd65f79025ffe494ce9674494d7851f29b5afdb72094f6e72971,train,tm-v3,offsets are in the preprocessed (trimmed) signal; split inherited from the parent
SS-ANI-0572S1,gtm_samples/animal_sound/SS-ANI-0572S1.wav,Animal Sound,derived:TM window of SS-ANI-0572,https://github.com/karolpiczak/ESC-50,CC-BY-4.0,Karol J. Piczak,2026-09-26,1.000,44100,1,unspecified,,n/a,augmented,SS-ANI-0572,2.000,3.000,2528a8a49e341fd6be94d2d2f0f1f14c7d76724137e4094e8a1a1ae08a613e73,train,tm-v3,offsets are in the preprocessed (trimmed) signal; split inherited from the parent
SS-ANI-0541S1,gtm_samples/animal_sound/SS-ANI-0541S1.wav,Animal Sound,derived:TM window of SS-ANI-0541,https://github.com/karolpiczak/ESC-50,CC-BY-4.0,Karol J. Piczak,2026-09-26,1.000,44100,1,unspecified,,n/a,augmented,SS-ANI-0541,2.500,3.500,27a651c5eade820e15a50ef2828739a9178364caad054b88d04e619907c561bf,train,tm-v3,offsets are in the preprocessed (trimmed) signal; split inherited from the parent
SS-ANI-0011S1,gtm_samples/animal_sound/SS-ANI-0011S1.wav,Animal Sound,derived:TM window of SS-ANI-0011,https://freesound.org/s/207248/,CC-BY-3.0,AurelioSons,2026-09-26,1.000,44100,1,indoor,unspecified,n/a,augmented,SS-ANI-0011,3.000,4.000,599f844871e29b62ee95420470c94995ca52ae75f4ff12718a4044044742035b,train,tm-v3,offsets are in the preprocessed (trimmed) signal; split inherited from the parent
SS-ANI-0636S1,gtm_samples/animal_sound/SS-ANI-0636S1.wav,Animal Sound,derived:TM window of SS-ANI-0636,https://github.com/karolpiczak/ESC-50,CC-BY-4.0,Karol J. Piczak,2026-09-26,1.000,44100,1,unspecified,,n/a,augmented,SS-ANI-0636,2.500,3.500,2f13b750ebbbc2f60f2ff4991c9e5cc192963a3e138697e45c776864ce90823a,train,tm-v3,offsets are in the preprocessed (trimmed) signal; split inherited from the parent
SS-ANI-0647S1,gtm_samples/animal_sound/SS-ANI-0647S1.wav,Animal Sound,derived:TM window of SS-ANI-0647,https://github.com/karolpiczak/ESC-50,CC-BY-4.0,Karol J. Piczak,2026-09-26,1.000,44100,1,unspecified,,n/a,augmented,SS-ANI-0647,4.000,5.000,87851033b6bbad162a8504ff4383cc12a168c65c91d1082ec08ed2a6334ad144,train,tm-v3,offsets are in the preprocessed (trimmed) signal; split inherited from the parent
SS-ANI-0523S1,gtm_samples/animal_sound/SS-ANI-0523S1.wav,Animal Sound,derived:TM window of SS-ANI-0523,https://github.com/karolpiczak/ESC-50,CC-BY-4.0,Karol J. Piczak,2026-09-26,1.000,44100,1,unspecified,,n/a,augmented,SS-ANI-0523,1.500,2.500,2b8aaeab13d8411dc0bcae74173a6b86eaa6756b33e9a71bf478396f580b4705,train,tm-v3,offsets are in the preprocessed (trimmed) signal; split inherited from the parent
SS-ANI-0043S1,gtm_samples/animal_sound/SS-ANI-0043S1.wav,Animal Sound,derived:TM window of SS-ANI-0043,https://freesound.org/s/233092/,CC0-1.0,JarredGibb,2026-09-26,1.000,44100,1,unspecified,unspecified,n/a,augmented,SS-ANI-0043,0.000,1.000,b28baa2853d90f27a0717f530a40e3dc965dc30f59006b5da04186804212a847,train,tm-v3,offsets are in the preprocessed (trimmed) signal; split inherited from the parent
SS-ANI-0504S1,gtm_samples/animal_sound/SS-ANI-0504S1.wav,Animal Sound,derived:TM window of SS-ANI-0504,https://github.com/karolpiczak/ESC-50,CC-BY-4.0,Karol J. Piczak,2026-09-26,0.217,44100,1,unspecified,,n/a,augmented,SS-ANI-0504,0.000,1.000,7fc70fd6846714726bc488bb77138b79c463f98d01223ca287beb356a3daee75,train,tm-v3,offsets are in the preprocessed (trimmed) signal; split inherited from the parent
SS-ANI-0621S1,gtm_samples/animal_sound/SS-ANI-0621S1.wav,Animal Sound,derived:TM window of SS-ANI-0621,https://github.com/karolpiczak/ESC-50,CC-BY-4.0,Karol J. Piczak,2026-09-26,1.000,44100,1,unspecified,,n/a,augmented,SS-ANI-0621,3.500,4.500,7e3e552c4bf320b178d7f3a4b7642da646c270c74e6ebba117735c4d5fa9d61a,train,tm-v3,offsets are in the preprocessed (trimmed) signal; split inherited from the parent
SS-ANI-0007S1,gtm_samples/animal_sound/SS-ANI-0007S1.wav,Animal Sound,derived:TM window of SS-ANI-0007,https://freesound.org/s/338272/,CC0-1.0,Andreas.Mustola,2026-09-26,0.703,44100,1,unspecified,unspecified,n/a,augmented,SS-ANI-0007,0.000,1.000,791f6e495243b4300f797fd09ca7d9c2b58bc4ce4d549a6d8f8a7a568dd576c3,train,tm-v3,offsets are in the preprocessed (trimmed) signal; split inherited from the parent
SS-ANI-0050S1,gtm_samples/animal_sound/SS-ANI-0050S1.wav,Animal Sound,derived:TM window of SS-ANI-0050,https://freesound.org/s/4910/,CC-BY-3.0,NoiseCollector,2026-09-26,0.566,44100,1,outdoor,unspecified,n/a,augmented,SS-ANI-0050,0.000,1.000,15f20672778c9a9e98b872cbe8739c1d6116c6abb9bda3f34affeb27970f819f,train,tm-v3,offsets are in the preprocessed (trimmed) signal; split inherited from the parent
SS-ANI-0528S1,gtm_samples/animal_sound/SS-ANI-0528S1.wav,Animal Sound,derived:TM window of SS-ANI-0528,https://github.com/karolpiczak/ESC-50,CC-BY-4.0,Karol J. Piczak,2026-09-26,1.000,44100,1,unspecified,,n/a,augmented,SS-ANI-0528,0.500,1.500,f57906640c5d04e3fa9ba425c51689e115299348f25241196843115552f990e6,train,tm-v3,offsets are in the preprocessed (trimmed) signal; split inherited from the parent
SS-ANI-0535S1,gtm_samples/animal_sound/SS-ANI-0535S1.wav,Animal Sound,derived:TM window of SS-ANI-0535,https://github.com/karolpiczak/ESC-50,CC-BY-4.0,Karol J. Piczak,2026-09-26,1.000,44100,1,unspecified,,n/a,augmented,SS-ANI-0535,1.000,2.000,c8405ad065b55e3ad0dea02f579b59ebd2ac04f355848716d1db6f8e7eba84fe,train,tm-v3,offsets are in the preprocessed (trimmed) signal; split inherited from the parent
SS-ANI-0142S1,gtm_samples/animal_sound/SS-ANI-0142S1.wav,Animal Sound,derived:TM window of SS-ANI-0142,https://freesound.org/s/189521/,CC0-1.0,tinga,2026-09-26,1.000,44100,1,outdoor,unspecified,n/a,augmented,SS-ANI-0142,0.000,1.000,c2442c56328d59293ccf32b30fd395440dc0ddfcd2fa7a029db92d61c7cdf726,train,tm-v3,offsets are in the preprocessed (trimmed) signal; split inherited from the parent
SS-ANI-0550S1,gtm_samples/animal_sound/SS-ANI-0550S1.wav,Animal Sound,derived:TM window of SS-ANI-0550,https://github.com/karolpiczak/ESC-50,CC-BY-4.0,Karol J. Piczak,2026-09-26,1.000,44100,1,unspecified,,n/a,augmented,SS-ANI-0550,0.500,1.500,3c9abd22cbc50b3ce3b81143c11fdd4c31c1dd24e75effe81fe4b950cacff5f1,train,tm-v3,offsets are in the preprocessed (trimmed) signal; split inherited from the parent
SS-ANI-0548S1,gtm_samples/animal_sound/SS-ANI-0548S1.wav,Animal Sound,derived:TM window of SS-ANI-0548,https://github.com/karolpiczak/ESC-50,CC-BY-4.0,Karol J. Piczak,2026-09-26,1.000,44100,1,unspecified,,n/a,augmented,SS-ANI-0548,0.000,1.000,007dceb129deb37fb8b8049398f46038019af09caddfc6d0f015e6ac113ccf7a,train,tm-v3,offsets are in the preprocessed (trimmed) signal; split inherited from the parent
SS-ANI-0600S1,gtm_samples/animal_sound/SS-ANI-0600S1.wav,Animal Sound,derived:TM window of SS-ANI-0600,https://github.com/karolpiczak/ESC-50,CC-BY-4.0,Karol J. Piczak,2026-09-26,1.000,44100,1,unspecified,,n/a,augmented,SS-ANI-0600,0.500,1.500,a0246cb28b5e25f28d5fe97991fae4ddf129bce4df9003bfcb74484fe6b8dfd3,train,tm-v3,offsets are in the preprocessed (trimmed) signal; split inherited from the parent
SS-ANI-0660S1,gtm_samples/animal_sound/SS-ANI-0660S1.wav,Animal Sound,derived:TM window of SS-ANI-0660,https://github.com/karolpiczak/ESC-50,CC-BY-4.0,Karol J. Piczak,2026-09-26,1.000,44100,1,unspecified,,n/a,augmented,SS-ANI-0660,2.500,3.500,ec8be04625998212de1461b6aa8ce7d09bacdc1c7ff6de7e23dd19a6532450a5,train,tm-v3,offsets are in the preprocessed (trimmed) signal; split inherited from the parent
SS-ANI-0510S1,gtm_samples/animal_sound/SS-ANI-0510S1.wav,Animal Sound,derived:TM window of SS-ANI-0510,https://github.com/karolpiczak/ESC-50,CC-BY-4.0,Karol J. Piczak,2026-09-26,1.000,44100,1,unspecified,,n/a,augmented,SS-ANI-0510,1.000,2.000,4703c93a848f65162f70e29e69102548c7481847da0a3aa841b69f00983d276f,train,tm-v3,offsets are in the preprocessed (trimmed) signal; split inherited from the parent
SS-ANI-0060S1,gtm_samples/animal_sound/SS-ANI-0060S1.wav,Animal Sound,derived:TM window of SS-ANI-0060,https://freesound.org/s/121890/,CC-BY-3.0,StephenSaldanha,2026-09-26,1.000,44100,1,unspecified,unspecified,n/a,augmented,SS-ANI-0060,1.000,2.000,7b12cd0ae9b868e04856b1c0cb7a26225f1943eca87f308a9efa641133a80d53,train,tm-v3,offsets are in the preprocessed (trimmed) signal; split inherited from the parent
SS-ANI-0109S1,gtm_samples/animal_sound/SS-ANI-0109S1.wav,Animal Sound,derived:TM window of SS-ANI-0109,https://freesound.org/s/185364/,CC-BY-3.0,klankbeeld,2026-09-26,1.000,44100,1,outdoor,unspecified,n/a,augmented,SS-ANI-0109,4.000,5.000,e69fa0af6c659ef052754ff3fbd4dba9d934d6a73489eda05dd5fde968f8d2c0,train,tm-v3,offsets are in the preprocessed (trimmed) signal; split inherited from the parent
SS-ANI-0547S1,gtm_samples/animal_sound/SS-ANI-0547S1.wav,Animal Sound,derived:TM window of SS-ANI-0547,https://github.com/karolpiczak/ESC-50,CC-BY-4.0,Karol J. Piczak,2026-09-26,1.000,44100,1,unspecified,,n/a,augmented,SS-ANI-0547,0.500,1.500,fd0262d221ddab66a7b34ccaab00c0dc1e1e40d3abcd56cf5b7ee6dacacb2e8f,train,tm-v3,offsets are in the preprocessed (trimmed) signal; split inherited from the parent
SS-ANI-0615S1,gtm_samples/animal_sound/SS-ANI-0615S1.wav,Animal Sound,derived:TM window of SS-ANI-0615,https://github.com/karolpiczak/ESC-50,CC-BY-4.0,Karol J. Piczak,2026-09-26,1.000,44100,1,unspecified,,n/a,augmented,SS-ANI-0615,0.000,1.000,e709af8efdf8f23768ad7bbf2a410758853450a400c8e1d3b9a52015085f79ee,train,tm-v3,offsets are in the preprocessed (trimmed) signal; split inherited from the parent
SS-ANI-0617S1,gtm_samples/animal_sound/SS-ANI-0617S1.wav,Animal Sound,derived:TM window of SS-ANI-0617,https://github.com/karolpiczak/ESC-50,CC-BY-4.0,Karol J. Piczak,2026-09-26,1.000,44100,1,unspecified,,n/a,augmented,SS-ANI-0617,0.000,1.000,477b61746d339cb95d5a193e08a95d1de246b6a25e3c63a9d8c28ba5fc44b8db,train,tm-v3,offsets are in the preprocessed (trimmed) signal; split inherited from the parent
SS-ANI-0147S1,gtm_samples/animal_sound/SS-ANI-0147S1.wav,Animal Sound,derived:TM window of SS-ANI-0147,https://freesound.org/s/109580/,CC-BY-3.0,vinjatovix,2026-09-26,1.000,44100,1,unspecified,unspecified,n/a,augmented,SS-ANI-0147,4.000,5.000,df63818f397b28825b42de9d474af7fcfc0c61319948feb9ae3f6f66e19f9c44,train,tm-v3,offsets are in the preprocessed (trimmed) signal; split inherited from the parent
SS-ANI-0028S1,gtm_samples/animal_sound/SS-ANI-0028S1.wav,Animal Sound,derived:TM window of SS-ANI-0028,https://freesound.org/s/22682/,CC-BY-3.0,Erdie,2026-09-26,1.000,44100,1,outdoor,unspecified,n/a,augmented,SS-ANI-0028,6.500,7.500,987a59dba95b2308d0075741feaea8faea74091483d976a7dd93a45615bae9f7,train,tm-v3,offsets are in the preprocessed (trimmed) signal; split inherited from the parent
SS-ANI-0537S1,gtm_samples/animal_sound/SS-ANI-0537S1.wav,Animal Sound,derived:TM window of SS-ANI-0537,https://github.com/karolpiczak/ESC-50,CC-BY-4.0,Karol J. Piczak,2026-09-26,1.000,44100,1,unspecified,,n/a,augmented,SS-ANI-0537,2.000,3.000,f811fc0096645bb2d81f1a5af1b359c77c3ed6758a48b2a961edb2774fb94e2f,train,tm-v3,offsets are in the preprocessed (trimmed) signal; split inherited from the parent
SS-ANI-0591S1,gtm_samples/animal_sound/SS-ANI-0591S1.wav,Animal Sound,derived:TM window of SS-ANI-0591,https://github.com/karolpiczak/ESC-50,CC-BY-4.0,Karol J. Piczak,2026-09-26,1.000,44100,1,unspecified,,n/a,augmented,SS-ANI-0591,0.000,1.000,cfb35ef1092575115bec969b48385f8e8997060d4dbb0268376691305d651b62,train,tm-v3,offsets are in the preprocessed (trimmed) signal; split inherited from the parent
SS-ANI-0536S1,gtm_samples/animal_sound/SS-ANI-0536S1.wav,Animal Sound,derived:TM window of SS-ANI-0536,https://github.com/karolpiczak/ESC-50,CC-BY-4.0,Karol J. Piczak,2026-09-26,1.000,44100,1,unspecified,,n/a,augmented,SS-ANI-0536,2.000,3.000,ab3749ea707fdf3d2380bd8d290714a779df4c1997b80b3b3514be3db7122655,train,tm-v3,offsets are in the preprocessed (trimmed) signal; split inherited from the parent
SS-ANI-0583S1,gtm_samples/animal_sound/SS-ANI-0583S1.wav,Animal Sound,derived:TM window of SS-ANI-0583,https://github.com/karolpiczak/ESC-50,CC-BY-4.0,Karol J. Piczak,2026-09-26,1.000,44100,1,unspecified,,n/a,augmented,SS-ANI-0583,1.500,2.500,e98cf1e3abe19001838f7f45f73515ad9351fd548ed42ebc1f77c98bb5002f68,train,tm-v3,offsets are in the preprocessed (trimmed) signal; split inherited from the parent
SS-ANI-0128S1,gtm_samples/animal_sound/SS-ANI-0128S1.wav,Animal Sound,derived:TM window of SS-ANI-0128,https://freesound.org/s/13738/,CC-BY-3.0,reinsamba,2026-09-26,1.000,44100,1,outdoor,unspecified,n/a,augmented,SS-ANI-0128,11.000,12.000,45329fe70ec1b05dd256e4f8a1819803c0a0c6b158016bcd8e7a574dc4a41a73,train,tm-v3,offsets are in the preprocessed (trimmed) signal; split inherited from the parent
SS-ANI-0502S1,gtm_samples/animal_sound/SS-ANI-0502S1.wav,Animal Sound,derived:TM window of SS-ANI-0502,https://github.com/karolpiczak/ESC-50,CC-BY-4.0,Karol J. Piczak,2026-09-26,1.000,44100,1,unspecified,,n/a,augmented,SS-ANI-0502,0.000,1.000,e96a3f003150469bcee19c25d284b8f1b363988e0d088db0ed6a8330a974f352,train,tm-v3,offsets are in the preprocessed (trimmed) signal; split inherited from the parent
SS-ANI-0132S1,gtm_samples/animal_sound/SS-ANI-0132S1.wav,Animal Sound,derived:TM window of SS-ANI-0132,https://freesound.org/s/194926/,CC-BY-3.0,soundmary,2026-09-26,1.000,44100,1,unspecified,unspecified,n/a,augmented,SS-ANI-0132,1.000,2.000,96c7fb0c4f3ddd08f6fb7c24a41167342dfbe5a4830639d511ca61768631e244,train,tm-v3,offsets are in the preprocessed (trimmed) signal; split inherited from the parent
SS-ANI-0015S1,gtm_samples/animal_sound/SS-ANI-0015S1.wav,Animal Sound,derived:TM window of SS-ANI-0015,https://freesound.org/s/66524/,CC0-1.0,Bidone,2026-09-26,1.000,44100,1,outdoor,unspecified,n/a,augmented,SS-ANI-0015,1.000,2.000,10c52aa85222f8d43172d2efc067ae9877c62aa87c565780482ee9b92ff4be33,train,tm-v3,offsets are in the preprocessed (trimmed) signal; split inherited from the parent
SS-ANI-0622S1,gtm_samples/animal_sound/SS-ANI-0622S1.wav,Animal Sound,derived:TM window of SS-ANI-0622,https://github.com/karolpiczak/ESC-50,CC-BY-4.0,Karol J. Piczak,2026-09-26,1.000,44100,1,unspecified,,n/a,augmented,SS-ANI-0622,0.000,1.000,b170b670232a34ba3725e716b97b5fa829ce1e913af72261092b482138d6b014,train,tm-v3,offsets are in the preprocessed (trimmed) signal; split inherited from the parent
SS-ANI-0032S1,gtm_samples/animal_sound/SS-ANI-0032S1.wav,Animal Sound,derived:TM window of SS-ANI-0032,https://freesound.org/s/322445/,CC-BY-3.0,GoodListener,2026-09-26,1.000,44100,1,unspecified,unspecified,n/a,augmented,SS-ANI-0032,0.000,1.000,fb2035e27b761191dd540f10368e4c6e18b96635e61b986e47291ba1c0b39bd7,train,tm-v3,offsets are in the preprocessed (trimmed) signal; split inherited from the parent
SS-ANI-0634S1,gtm_samples/animal_sound/SS-ANI-0634S1.wav,Animal Sound,derived:TM window of SS-ANI-0634,https://github.com/karolpiczak/ESC-50,CC-BY-4.0,Karol J. Piczak,2026-09-26,1.000,44100,1,unspecified,,n/a,augmented,SS-ANI-0634,0.000,1.000,e4afd67e3afa4eb406ea41db00dea09aa407abd584c41777b04386f3687be373,train,tm-v3,offsets are in the preprocessed (trimmed) signal; split inherited from the parent
SS-ANI-0538S1,gtm_samples/animal_sound/SS-ANI-0538S1.wav,Animal Sound,derived:TM window of SS-ANI-0538,https://github.com/karolpiczak/ESC-50,CC-BY-4.0,Karol J. Piczak,2026-09-26,1.000,44100,1,unspecified,,n/a,augmented,SS-ANI-0538,0.500,1.500,32610d345dacafb33145d34068fd5226c4653fb726da3acaf75c633316239766,train,tm-v3,offsets are in the preprocessed (trimmed) signal; split inherited from the parent
SS-ANI-0084S1,gtm_samples/animal_sound/SS-ANI-0084S1.wav,Animal Sound,derived:TM window of SS-ANI-0084,https://freesound.org/s/23086/,CC-BY-3.0,digifishmusic,2026-09-26,1.000,44100,1,outdoor,unspecified,n/a,augmented,SS-ANI-0084,1.000,2.000,f3b7cdfd87248d0c29c88024f53e2b4a702b1cbf48097b11cd10b69370bc4b04,train,tm-v3,offsets are in the preprocessed (trimmed) signal; split inherited from the parent
SS-ANI-0058S1,gtm_samples/animal_sound/SS-ANI-0058S1.wav,Animal Sound,derived:TM window of SS-ANI-0058,https://freesound.org/s/166703/,CC0-1.0,Snapper4298,2026-09-26,1.000,44100,1,outdoor,unspecified,n/a,augmented,SS-ANI-0058,1.500,2.500,41687525209b9ae119af314157fd6c01395cb18f96aa5f2f6a0bebb618527f07,train,tm-v3,offsets are in the preprocessed (trimmed) signal; split inherited from the parent
SS-ANI-0590S1,gtm_samples/animal_sound/SS-ANI-0590S1.wav,Animal Sound,derived:TM window of SS-ANI-0590,https://github.com/karolpiczak/ESC-50,CC-BY-4.0,Karol J. Piczak,2026-09-26,1.000,44100,1,unspecified,,n/a,augmented,SS-ANI-0590,0.500,1.500,0f33a17afc27c4d6ee62495b22a63b7d0b0df40772fb2d4861df7905a8e6176c,train,tm-v3,offsets are in the preprocessed (trimmed) signal; split inherited from the parent
SS-ANI-0093S1,gtm_samples/animal_sound/SS-ANI-0093S1.wav,Animal Sound,derived:TM window of SS-ANI-0093,https://freesound.org/s/194774/,CC-BY-3.0,flcellogrl,2026-09-26,1.000,44100,1,outdoor,unspecified,n/a,augmented,SS-ANI-0093,6.500,7.500,75acf563d2ac96062ac516e3a384fcec488902ea5a1bb13e63652326e0333a7d,train,tm-v3,offsets are in the preprocessed (trimmed) signal; split inherited from the parent
SS-ANI-0071S1,gtm_samples/animal_sound/SS-ANI-0071S1.wav,Animal Sound,derived:TM window of SS-ANI-0071,https://freesound.org/s/177612/,CC0-1.0,aminut,2026-09-26,1.000,44100,1,unspecified,unspecified,n/a,augmented,SS-ANI-0071,0.000,1.000,832140e0e5f3246239cad9f7666b2f3c36aa1e7bdc89986dd23322b2e5f82697,train,tm-v3,offsets are in the preprocessed (trimmed) signal; split inherited from the parent
SS-ANI-0516S1,gtm_samples/animal_sound/SS-ANI-0516S1.wav,Animal Sound,derived:TM window of SS-ANI-0516,https://github.com/karolpiczak/ESC-50,CC-BY-4.0,Karol J. Piczak,2026-09-26,1.000,44100,1,unspecified,,n/a,augmented,SS-ANI-0516,0.000,1.000,2e441dead5650ebe5385f86a4143169a72c886d46e201db45b9f2519d30f91f5,train,tm-v3,offsets are in the preprocessed (trimmed) signal; split inherited from the parent
SS-ANI-0630S1,gtm_samples/animal_sound/SS-ANI-0630S1.wav,Animal Sound,derived:TM window of SS-ANI-0630,https://github.com/karolpiczak/ESC-50,CC-BY-4.0,Karol J. Piczak,2026-09-26,1.000,44100,1,unspecified,,n/a,augmented,SS-ANI-0630,1.500,2.500,6f560b4dc9ab2fd8d263f40637aa64405e1480e96bc9bfa70dcb7f4e331fac89,train,tm-v3,offsets are in the preprocessed (trimmed) signal; split inherited from the parent
SS-ANI-0123S1,gtm_samples/animal_sound/SS-ANI-0123S1.wav,Animal Sound,derived:TM window of SS-ANI-0123,https://freesound.org/s/99767/,CC-BY-3.0,paubg_pou,2026-09-26,1.000,44100,1,outdoor,unspecified,n/a,augmented,SS-ANI-0123,1.500,2.500,1c0f1b2a858d3f1d37f44d44a6e33e521b03cf8678b1d6e7b47a4e905d7473c3,train,tm-v3,offsets are in the preprocessed (trimmed) signal; split inherited from the parent
SS-ANI-0539S1,gtm_samples/animal_sound/SS-ANI-0539S1.wav,Animal Sound,derived:TM window of SS-ANI-0539,https://github.com/karolpiczak/ESC-50,CC-BY-4.0,Karol J. Piczak,2026-09-26,1.000,44100,1,unspecified,,n/a,augmented,SS-ANI-0539,0.000,1.000,950b1d5bb93d56f20a2c925048bc5ec14dbd67402b548010c9e75ec5cdb2d3aa,train,tm-v3,offsets are in the preprocessed (trimmed) signal; split inherited from the parent
SS-ANI-0549S1,gtm_samples/animal_sound/SS-ANI-0549S1.wav,Animal Sound,derived:TM window of SS-ANI-0549,https://github.com/karolpiczak/ESC-50,CC-BY-4.0,Karol J. Piczak,2026-09-26,1.000,44100,1,unspecified,,n/a,augmented,SS-ANI-0549,1.000,2.000,0eed6eae80bb8c124eb13b5a2620b558600ba5b1677ac162c46b9d9899a828a1,train,tm-v3,offsets are in the preprocessed (trimmed) signal; split inherited from the parent
SS-ANI-0074S1,gtm_samples/animal_sound/SS-ANI-0074S1.wav,Animal Sound,derived:TM window of SS-ANI-0074,https://freesound.org/s/128023/,CC-BY-3.0,be-steele,2026-09-26,1.000,44100,1,indoor,unspecified,n/a,augmented,SS-ANI-0074,0.000,1.000,db112a21b59820c8697cff8f7e0fece11a9dc67cb0dfaf2229378b01cf06b75c,train,tm-v3,offsets are in the preprocessed (trimmed) signal; split inherited from the parent
SS-ANI-0507S1,gtm_samples/animal_sound/SS-ANI-0507S1.wav,Animal Sound,derived:TM window of SS-ANI-0507,https://github.com/karolpiczak/ESC-50,CC-BY-4.0,Karol J. Piczak,2026-09-26,1.000,44100,1,unspecified,,n/a,augmented,SS-ANI-0507,0.000,1.000,ad5540a7dc254a4aec2e339dc0984d248ffb7385ebd3d7883ea3bbebc47e30a9,train,tm-v3,offsets are in the preprocessed (trimmed) signal; split inherited from the parent
SS-ANI-0561S1,gtm_samples/animal_sound/SS-ANI-0561S1.wav,Animal Sound,derived:TM window of SS-ANI-0561,https://github.com/karolpiczak/ESC-50,CC-BY-4.0,Karol J. Piczak,2026-09-26,1.000,44100,1,unspecified,,n/a,augmented,SS-ANI-0561,3.500,4.500,32156b4295f00653758c2ccd70208f2138da8d1ef21cce7b929a66de083430d8,train,tm-v3,offsets are in the preprocessed (trimmed) signal; split inherited from the parent
SS-ANI-0014S1,gtm_samples/animal_sound/SS-ANI-0014S1.wav,Animal Sound,derived:TM window of SS-ANI-0014,https://freesound.org/s/58277/,CC-BY-3.0,Benboncan,2026-09-26,1.000,44100,1,outdoor,unspecified,n/a,augmented,SS-ANI-0014,0.500,1.500,c1e4f4dd80425fb44651bda1777a67257164f68616339bfd01fdf3c6f051500a,train,tm-v3,offsets are in the preprocessed (trimmed) signal; split inherited from the parent
SS-ANI-0075S1,gtm_samples/animal_sound/SS-ANI-0075S1.wav,Animal Sound,derived:TM window of SS-ANI-0075,https://freesound.org/s/315928/,CC0-1.0,benjaminharveydesign,2026-09-26,1.000,44100,1,unspecified,unspecified,n/a,augmented,SS-ANI-0075,0.000,1.000,5364e57bd79bebb8336475f415fed28c77592c2f6f763aa76db0a0b59e819ba0,train,tm-v3,offsets are in the preprocessed (trimmed) signal; split inherited from the parent
SS-ANI-0613S1,gtm_samples/animal_sound/SS-ANI-0613S1.wav,Animal Sound,derived:TM window of SS-ANI-0613,https://github.com/karolpiczak/ESC-50,CC-BY-4.0,Karol J. Piczak,2026-09-26,1.000,44100,1,unspecified,,n/a,augmented,SS-ANI-0613,4.000,5.000,22fdb4d2568399d3978bcfd521a1187073e50391e7047113bfb33feb501216c3,train,tm-v3,offsets are in the preprocessed (trimmed) signal; split inherited from the parent
SS-ANI-0515S1,gtm_samples/animal_sound/SS-ANI-0515S1.wav,Animal Sound,derived:TM window of SS-ANI-0515,https://github.com/karolpiczak/ESC-50,CC-BY-4.0,Karol J. Piczak,2026-09-26,1.000,44100,1,unspecified,,n/a,augmented,SS-ANI-0515,0.500,1.500,d2306e08384be228b87f206f06aab2e8fa528600678ba91b2790e4f504f6a152,train,tm-v3,offsets are in the preprocessed (trimmed) signal; split inherited from the parent
SS-ANI-0637S1,gtm_samples/animal_sound/SS-ANI-0637S1.wav,Animal Sound,derived:TM window of SS-ANI-0637,https://github.com/karolpiczak/ESC-50,CC-BY-4.0,Karol J. Piczak,2026-09-26,1.000,44100,1,unspecified,,n/a,augmented,SS-ANI-0637,4.000,5.000,43f2672198f53137e5ad3c4d1626a57862b3d7cc454b10a1ae4919501f182837,train,tm-v3,offsets are in the preprocessed (trimmed) signal; split inherited from the parent
SS-ANI-0001S1,gtm_samples/animal_sound/SS-ANI-0001S1.wav,Animal Sound,derived:TM window of SS-ANI-0001,https://freesound.org/s/379079/,CC0-1.0,13FPanska_Krug_Antonin,2026-09-26,1.000,44100,1,unspecified,unspecified,n/a,augmented,SS-ANI-0001,1.000,2.000,4efefa06bed914069e0082868e483ad3eaaeb9ac5fd574f7866dcbf2a76caf60,train,tm-v3,offsets are in the preprocessed (trimmed) signal; split inherited from the parent
SS-ANI-0527S1,gtm_samples/animal_sound/SS-ANI-0527S1.wav,Animal Sound,derived:TM window of SS-ANI-0527,https://github.com/karolpiczak/ESC-50,CC-BY-4.0,Karol J. Piczak,2026-09-26,1.000,44100,1,unspecified,,n/a,augmented,SS-ANI-0527,3.500,4.500,d3eac99a2f8898218e110825266ce15d8b01a9b32dcec2b1530850f066229fae,train,tm-v3,offsets are in the preprocessed (trimmed) signal; split inherited from the parent
SS-ANI-0112S1,gtm_samples/animal_sound/SS-ANI-0112S1.wav,Animal Sound,derived:TM window of SS-ANI-0112,https://freesound.org/s/403152/,CC-BY-3.0,lefthandwinnie,2026-09-26,1.000,44100,1,outdoor,unspecified,n/a,augmented,SS-ANI-0112,2.000,3.000,c1d5ae1324ecf4362e03daec0f7c8306fef059ef9b82dd7a4c522f0659d352e5,train,tm-v3,offsets are in the preprocessed (trimmed) signal; split inherited from the parent
SS-ANI-0023S1,gtm_samples/animal_sound/SS-ANI-0023S1.wav,Animal Sound,derived:TM window of SS-ANI-0023,https://freesound.org/s/64004/,CC0-1.0,Department64,2026-09-26,1.000,44100,1,unspecified,unspecified,n/a,augmented,SS-ANI-0023,1.500,2.500,f097472b0a953c142f78e32a0fd745074d5806ae595dd172497873d4e4bf2df6,train,tm-v3,offsets are in the preprocessed (trimmed) signal; split inherited from the parent
SS-ANI-0010S1,gtm_samples/animal_sound/SS-ANI-0010S1.wav,Animal Sound,derived:TM window of SS-ANI-0010,https://freesound.org/s/188041/,CC0-1.0,AntumDeluge,2026-09-26,1.000,44100,1,unspecified,unspecified,n/a,augmented,SS-ANI-0010,0.000,1.000,be99297c3e9301e37808c189a38eafc1037a38bdb3565730531b837608708765,train,tm-v3,offsets are in the preprocessed (trimmed) signal; split inherited from the parent
SS-ANI-0080S1,gtm_samples/animal_sound/SS-ANI-0080S1.wav,Animal Sound,derived:TM window of SS-ANI-0080,https://freesound.org/s/165876/,CC0-1.0,cocoricosound,2026-09-26,1.000,44100,1,indoor,unspecified,n/a,augmented,SS-ANI-0080,0.000,1.000,3f669c788340c13f38e946804ae6f8e783e03427c381be664ff9142f0164d006,train,tm-v3,offsets are in the preprocessed (trimmed) signal; split inherited from the parent
SS-ANI-0566S1,gtm_samples/animal_sound/SS-ANI-0566S1.wav,Animal Sound,derived:TM window of SS-ANI-0566,https://github.com/karolpiczak/ESC-50,CC-BY-4.0,Karol J. Piczak,2026-09-26,1.000,44100,1,unspecified,,n/a,augmented,SS-ANI-0566,0.000,1.000,45418ee6dd452fb78c631e15e26d5655833f11d81f6c5eb449b39446be848da6,train,tm-v3,offsets are in the preprocessed (trimmed) signal; split inherited from the parent
SS-ANI-0057S1,gtm_samples/animal_sound/SS-ANI-0057S1.wav,Animal Sound,derived:TM window of SS-ANI-0057,https://freesound.org/s/396609/,CC0-1.0,SieuAmThanh,2026-09-26,0.680,44100,1,unspecified,unspecified,n/a,augmented,SS-ANI-0057,0.000,1.000,5e0a6922fd698347a709b513f9d7ba21cf269c1af084033e1efaa2e1c99f03ef,train,tm-v3,offsets are in the preprocessed (trimmed) signal; split inherited from the parent
SS-ANI-0042S1,gtm_samples/animal_sound/SS-ANI-0042S1.wav,Animal Sound,derived:TM window of SS-ANI-0042,https://freesound.org/s/222038/,CC-BY-3.0,Jagadamba,2026-09-26,1.000,44100,1,outdoor,unspecified,n/a,augmented,SS-ANI-0042,10.000,11.000,7ea21dbcb4d97b1b1f9ca81246edf480dc0b5bd6524578b7b9c60a68e66d6abf,train,tm-v3,offsets are in the preprocessed (trimmed) signal; split inherited from the parent
SS-ANI-0039S1,gtm_samples/animal_sound/SS-ANI-0039S1.wav,Animal Sound,derived:TM window of SS-ANI-0039,https://freesound.org/s/208843/,CC-BY-3.0,Insestanyricarda,2026-09-26,1.000,44100,1,outdoor,unspecified,n/a,augmented,SS-ANI-0039,7.500,8.500,c7e77864c9c0e83ed981296735d50e6236acc10d3139e2195abc1c36ec523f92,train,tm-v3,offsets are in the preprocessed (trimmed) signal; split inherited from the parent
SS-ANI-0006S1,gtm_samples/animal_sound/SS-ANI-0006S1.wav,Animal Sound,derived:TM window of SS-ANI-0006,https://freesound.org/s/33509/,Sampling+-1.0,AmbientSoundscapes,2026-09-26,1.000,44100,1,outdoor,unspecified,n/a,augmented,SS-ANI-0006,9.000,10.000,26a1d6e9dd181a5816e8f708df1566d60c94cd587d634f24f2fe1a240bdad3d8,train,tm-v3,offsets are in the preprocessed (trimmed) signal; split inherited from the parent
SS-ANI-0575S1,gtm_samples/animal_sound/SS-ANI-0575S1.wav,Animal Sound,derived:TM window of SS-ANI-0575,https://github.com/karolpiczak/ESC-50,CC-BY-4.0,Karol J. Piczak,2026-09-26,1.000,44100,1,unspecified,,n/a,augmented,SS-ANI-0575,2.000,3.000,45bd149c890947323eda9391d5e8ca9bb7ceaf3cd4de200b442f3446bbcd96b3,train,tm-v3,offsets are in the preprocessed (trimmed) signal; split inherited from the parent
SS-ANI-0012S1,gtm_samples/animal_sound/SS-ANI-0012S1.wav,Animal Sound,derived:TM window of SS-ANI-0012,https://freesound.org/s/244174/,CC0-1.0,BalancedEnergy10,2026-09-26,0.857,44100,1,outdoor,unspecified,n/a,augmented,SS-ANI-0012,0.000,1.000,5f09bf9a57aa23ff862f5d145f90b9429af667e515fd0eb352b8401174c302e0,train,tm-v3,offsets are in the preprocessed (trimmed) signal; split inherited from the parent
SS-ANI-0070S1,gtm_samples/animal_sound/SS-ANI-0070S1.wav,Animal Sound,derived:TM window of SS-ANI-0070,https://freesound.org/s/241754/,CC0-1.0,abhijitchirde,2026-09-26,1.000,44100,1,outdoor,unspecified,n/a,augmented,SS-ANI-0070,1.000,2.000,711ce67398a0227075fc768f38bf6ea2c60ccba71217a2b2a2a35bd3c3eba05e,train,tm-v3,offsets are in the preprocessed (trimmed) signal; split inherited from the parent
SS-ANI-0524S1,gtm_samples/animal_sound/SS-ANI-0524S1.wav,Animal Sound,derived:TM window of SS-ANI-0524,https://github.com/karolpiczak/ESC-50,CC-BY-4.0,Karol J. Piczak,2026-09-26,1.000,44100,1,unspecified,,n/a,augmented,SS-ANI-0524,2.000,3.000,5f154662ebf960109524be43991ff08e2eb33a3638a94df84b4c6ccfe6dda190,train,tm-v3,offsets are in the preprocessed (trimmed) signal; split inherited from the parent
SS-ANI-0576S1,gtm_samples/animal_sound/SS-ANI-0576S1.wav,Animal Sound,derived:TM window of SS-ANI-0576,https://github.com/karolpiczak/ESC-50,CC-BY-4.0,Karol J. Piczak,2026-09-26,1.000,44100,1,unspecified,,n/a,augmented,SS-ANI-0576,0.000,1.000,8ab16010de0cd8ba112479487e644a756d0e17c0c8f64ce950a8dcc3fb83d65b,train,tm-v3,offsets are in the preprocessed (trimmed) signal; split inherited from the parent
SS-ANI-0531S1,gtm_samples/animal_sound/SS-ANI-0531S1.wav,Animal Sound,derived:TM window of SS-ANI-0531,https://github.com/karolpiczak/ESC-50,CC-BY-4.0,Karol J. Piczak,2026-09-26,1.000,44100,1,unspecified,,n/a,augmented,SS-ANI-0531,0.000,1.000,5c87220c234805fa8bf46a4018b1f35da9d37338d23f568b3eb69ee2864347d3,train,tm-v3,offsets are in the preprocessed (trimmed) signal; split inherited from the parent
SS-ANI-0567S1,gtm_samples/animal_sound/SS-ANI-0567S1.wav,Animal Sound,derived:TM window of SS-ANI-0567,https://github.com/karolpiczak/ESC-50,CC-BY-4.0,Karol J. Piczak,2026-09-26,1.000,44100,1,unspecified,,n/a,augmented,SS-ANI-0567,1.000,2.000,566f65bef3b08b6f712faedb7771b4457f54ea7f5215390490defc9208d9aab8,train,tm-v3,offsets are in the preprocessed (trimmed) signal; split inherited from the parent
SS-ANI-0517S1,gtm_samples/animal_sound/SS-ANI-0517S1.wav,Animal Sound,derived:TM window of SS-ANI-0517,https://github.com/karolpiczak/ESC-50,CC-BY-4.0,Karol J. Piczak,2026-09-26,1.000,44100,1,unspecified,,n/a,augmented,SS-ANI-0517,4.000,5.000,ca8bf8d3e72730b8ce32b344d8eeaf3a558b5559a0f341f4d2f83929f7c01f68,train,tm-v3,offsets are in the preprocessed (trimmed) signal; split inherited from the parent
SS-ANI-0045S1,gtm_samples/animal_sound/SS-ANI-0045S1.wav,Animal Sound,derived:TM window of SS-ANI-0045,https://freesound.org/s/19006/,CC-BY-3.0,LG,2026-09-26,1.000,44100,1,outdoor,unspecified,n/a,augmented,SS-ANI-0045,13.500,14.500,8c23eba5432891e89bded16ea7d6debd0508e9666c0933a5038f25865a4258ba,train,tm-v3,offsets are in the preprocessed (trimmed) signal; split inherited from the parent
SS-ANI-0596S1,gtm_samples/animal_sound/SS-ANI-0596S1.wav,Animal Sound,derived:TM window of SS-ANI-0596,https://github.com/karolpiczak/ESC-50,CC-BY-4.0,Karol J. Piczak,2026-09-26,1.000,44100,1,unspecified,,n/a,augmented,SS-ANI-0596,0.500,1.500,49bb65f502d0ce8249011f6ad0701d107376190d02a1e5df6ba2a4fb3ec1f175,train,tm-v3,offsets are in the preprocessed (trimmed) signal; split inherited from the parent
SS-ANI-0635S1,gtm_samples/animal_sound/SS-ANI-0635S1.wav,Animal Sound,derived:TM window of SS-ANI-0635,https://github.com/karolpiczak/ESC-50,CC-BY-4.0,Karol J. Piczak,2026-09-26,1.000,44100,1,unspecified,,n/a,augmented,SS-ANI-0635,0.000,1.000,7094ecc618f798284fdeed9d00ac994ba4099c89a7d47e7e6c040374daf02b2f,train,tm-v3,offsets are in the preprocessed (trimmed) signal; split inherited from the parent
SS-ANI-0031S1,gtm_samples/animal_sound/SS-ANI-0031S1.wav,Animal Sound,derived:TM window of SS-ANI-0031,https://freesound.org/s/372521/,CC0-1.0,Glitchedtones,2026-09-26,0.194,44100,1,unspecified,unspecified,n/a,augmented,SS-ANI-0031,0.000,1.000,834f96c6f7c081b9c560d536787372f8446f8bb905e23a45201d2ec8b5962cb6,train,tm-v3,offsets are in the preprocessed (trimmed) signal; split inherited from the parent
SS-ANI-0065S1,gtm_samples/animal_sound/SS-ANI-0065S1.wav,Animal Sound,derived:TM window of SS-ANI-0065,https://freesound.org/s/96926/,CC-BY-3.0,Tomlija,2026-09-26,1.000,44100,1,outdoor,unspecified,n/a,augmented,SS-ANI-0065,2.000,3.000,7caab061f4cea723bfcdeb9b86408234de4be1e8cbe00108358653ef89bf45dc,train,tm-v3,offsets are in the preprocessed (trimmed) signal; split inherited from the parent
SS-ANI-0532S1,gtm_samples/animal_sound/SS-ANI-0532S1.wav,Animal Sound,derived:TM window of SS-ANI-0532,https://github.com/karolpiczak/ESC-50,CC-BY-4.0,Karol J. Piczak,2026-09-26,1.000,44100,1,unspecified,,n/a,augmented,SS-ANI-0532,1.000,2.000,4261c63055c904b51ce095a3fa56b6a8645148cf5c1a52da35b8ecfaefd9a643,train,tm-v3,offsets are in the preprocessed (trimmed) signal; split inherited from the parent
SS-ANI-0521S1,gtm_samples/animal_sound/SS-ANI-0521S1.wav,Animal Sound,derived:TM window of SS-ANI-0521,https://github.com/karolpiczak/ESC-50,CC-BY-4.0,Karol J. Piczak,2026-09-26,1.000,44100,1,unspecified,,n/a,augmented,SS-ANI-0521,0.500,1.500,9f41e76349abc6349adfcce502c39cd823b469a8e803d14d47b6c9ee2bc74b9a,train,tm-v3,offsets are in the preprocessed (trimmed) signal; split inherited from the parent
SS-ANI-0110S1,gtm_samples/animal_sound/SS-ANI-0110S1.wav,Animal Sound,derived:TM window of SS-ANI-0110,https://freesound.org/s/134772/,CC0-1.0,kvgarlic,2026-09-26,1.000,44100,1,unspecified,unspecified,n/a,augmented,SS-ANI-0110,18.000,19.000,42114e5b307e4e98a63859d983b0d0189bd0491c901bd8ceedd04aaf27a92439,train,tm-v3,offsets are in the preprocessed (trimmed) signal; split inherited from the parent
SS-ANI-0130S1,gtm_samples/animal_sound/SS-ANI-0130S1.wav,Animal Sound,derived:TM window of SS-ANI-0130,https://freesound.org/s/7893/,CC-BY-3.0,schluppipuppie,2026-09-26,1.000,44100,1,indoor,unspecified,n/a,augmented,SS-ANI-0130,0.500,1.500,b85cc65f90c9541f25828c9011d10a590c5458be86399ad2139057764fd319f2,train,tm-v3,offsets are in the preprocessed (trimmed) signal; split inherited from the parent
SS-ANI-0568S1,gtm_samples/animal_sound/SS-ANI-0568S1.wav,Animal Sound,derived:TM window of SS-ANI-0568,https://github.com/karolpiczak/ESC-50,CC-BY-4.0,Karol J. Piczak,2026-09-26,1.000,44100,1,unspecified,,n/a,augmented,SS-ANI-0568,1.000,2.000,601235866917b27ff23e3c3464af0b6ed0c34d239d66c51446b16a6f3fa14e67,train,tm-v3,offsets are in the preprocessed (trimmed) signal; split inherited from the parent
SS-ANI-0526S1,gtm_samples/animal_sound/SS-ANI-0526S1.wav,Animal Sound,derived:TM window of SS-ANI-0526,https://github.com/karolpiczak/ESC-50,CC-BY-4.0,Karol J. Piczak,2026-09-26,1.000,44100,1,unspecified,,n/a,augmented,SS-ANI-0526,2.000,3.000,bee257db49410240029afdf9f38785132641d541626450c9d1317f0a94185136,train,tm-v3,offsets are in the preprocessed (trimmed) signal; split inherited from the parent
SS-ANI-0584S1,gtm_samples/animal_sound/SS-ANI-0584S1.wav,Animal Sound,derived:TM window of SS-ANI-0584,https://github.com/karolpiczak/ESC-50,CC-BY-4.0,Karol J. Piczak,2026-09-26,1.000,44100,1,unspecified,,n/a,augmented,SS-ANI-0584,1.500,2.500,7dbd565288d5e3523832e8a7008f61aaef6fc7d1c2e5b4d2e42c537d73e71a5a,train,tm-v3,offsets are in the preprocessed (trimmed) signal; split inherited from the parent
SS-ANI-0111S1,gtm_samples/animal_sound/SS-ANI-0111S1.wav,Animal Sound,derived:TM window of SS-ANI-0111,https://freesound.org/s/386663/,CC-BY-3.0,laurenmg95,2026-09-26,0.849,44100,1,outdoor,unspecified,n/a,augmented,SS-ANI-0111,0.000,1.000,d2dab348274a83b044385ac1e1794c4f4bb8278fafcdbc300258882a27fb3d93,train,tm-v3,offsets are in the preprocessed (trimmed) signal; split inherited from the parent
SS-ANI-0114S1,gtm_samples/animal_sound/SS-ANI-0114S1.wav,Animal Sound,derived:TM window of SS-ANI-0114,https://freesound.org/s/179337/,CC0-1.0,lolamadeus,2026-09-26,1.000,44100,1,outdoor,unspecified,n/a,augmented,SS-ANI-0114,0.000,1.000,d7698fba118e42ba47b336c24314cd7334c53673ae185d106d893059a90bc142,train,tm-v3,offsets are in the preprocessed (trimmed) signal; split inherited from the parent
SS-ANI-0551S1,gtm_samples/animal_sound/SS-ANI-0551S1.wav,Animal Sound,derived:TM window of SS-ANI-0551,https://github.com/karolpiczak/ESC-50,CC-BY-4.0,Karol J. Piczak,2026-09-26,1.000,44100,1,unspecified,,n/a,augmented,SS-ANI-0551,3.500,4.500,031e34a23e4dcc52d00a906c31c22e4506a191657c3044ed8b99fe4e8f7dc277,train,tm-v3,offsets are in the preprocessed (trimmed) signal; split inherited from the parent
SS-ANI-0652S1,gtm_samples/animal_sound/SS-ANI-0652S1.wav,Animal Sound,derived:TM window of SS-ANI-0652,https://github.com/karolpiczak/ESC-50,CC-BY-4.0,Karol J. Piczak,2026-09-26,1.000,44100,1,unspecified,,n/a,augmented,SS-ANI-0652,0.500,1.500,e6c78e1e82c06b8f27ddcd4cbf12e169b2c7d4d1e87df97f8e7cfa31b318c845,train,tm-v3,offsets are in the preprocessed (trimmed) signal; split inherited from the parent
SS-ANI-0641S1,gtm_samples/animal_sound/SS-ANI-0641S1.wav,Animal Sound,derived:TM window of SS-ANI-0641,https://github.com/karolpiczak/ESC-50,CC-BY-4.0,Karol J. Piczak,2026-09-26,1.000,44100,1,unspecified,,n/a,augmented,SS-ANI-0641,0.500,1.500,45265d28cdd742aade8135a57e25e5f8dbe87623cddb320978c92632b5aad6d5,train,tm-v3,offsets are in the preprocessed (trimmed) signal; split inherited from the parent
SS-ANI-0658S1,gtm_samples/animal_sound/SS-ANI-0658S1.wav,Animal Sound,derived:TM window of SS-ANI-0658,https://github.com/karolpiczak/ESC-50,CC-BY-4.0,Karol J. Piczak,2026-09-26,1.000,44100,1,unspecified,,n/a,augmented,SS-ANI-0658,1.500,2.500,3f555d779db5d0671a864ed4ac1b5dd22ccbf56cb3decd414c18b9df07b29d27,train,tm-v3,offsets are in the preprocessed (trimmed) signal; split inherited from the parent
SS-ANI-0055S1,gtm_samples/animal_sound/SS-ANI-0055S1.wav,Animal Sound,derived:TM window of SS-ANI-0055,https://freesound.org/s/316914/,CC0-1.0,Rudmer_Rotteveel,2026-09-26,1.000,44100,1,indoor,unspecified,n/a,augmented,SS-ANI-0055,12.000,13.000,3724fb07cf4be8cdbfe79ff32373b6d751ba0ee14d6829ae6c2cf862858d7d0c,train,tm-v3,offsets are in the preprocessed (trimmed) signal; split inherited from the parent
SS-ANI-0013S1,gtm_samples/animal_sound/SS-ANI-0013S1.wav,Animal Sound,derived:TM window of SS-ANI-0013,https://freesound.org/s/341792/,CC-BY-3.0,Baldirideltasona,2026-09-26,1.000,44100,1,outdoor,unspecified,n/a,augmented,SS-ANI-0013,6.500,7.500,c926c41226a79f3854ace51d2cee48f1ac9775edd28b01bc4848e37ab21fe4db,train,tm-v3,offsets are in the preprocessed (trimmed) signal; split inherited from the parent
SS-ANI-0606S1,gtm_samples/animal_sound/SS-ANI-0606S1.wav,Animal Sound,derived:TM window of SS-ANI-0606,https://github.com/karolpiczak/ESC-50,CC-BY-4.0,Karol J. Piczak,2026-09-26,1.000,44100,1,unspecified,,n/a,augmented,SS-ANI-0606,0.500,1.500,16d6047071399b831e8411d65ecd4f54903244ae44f77e470c109715339d9cb2,train,tm-v3,offsets are in the preprocessed (trimmed) signal; split inherited from the parent
SS-ANI-0580S1,gtm_samples/animal_sound/SS-ANI-0580S1.wav,Animal Sound,derived:TM window of SS-ANI-0580,https://github.com/karolpiczak/ESC-50,CC-BY-4.0,Karol J. Piczak,2026-09-26,1.000,44100,1,unspecified,,n/a,augmented,SS-ANI-0580,0.000,1.000,a5ac7534ba3b4147f832922fe8d2d331b3d0f1d22ebf2c60647bdedb8514e767,train,tm-v3,offsets are in the preprocessed (trimmed) signal; split inherited from the parent
SS-ANI-0632S1,gtm_samples/animal_sound/SS-ANI-0632S1.wav,Animal Sound,derived:TM window of SS-ANI-0632,https://github.com/karolpiczak/ESC-50,CC-BY-4.0,Karol J. Piczak,2026-09-26,1.000,44100,1,unspecified,,n/a,augmented,SS-ANI-0632,2.000,3.000,ffaa310fc4992fd6943f317bf1020c85ea787eed334cf345e08d9b3bf6ce11d5,train,tm-v3,offsets are in the preprocessed (trimmed) signal; split inherited from the parent
SS-ANI-0601S1,gtm_samples/animal_sound/SS-ANI-0601S1.wav,Animal Sound,derived:TM window of SS-ANI-0601,https://github.com/karolpiczak/ESC-50,CC-BY-4.0,Karol J. Piczak,2026-09-26,1.000,44100,1,unspecified,,n/a,augmented,SS-ANI-0601,0.500,1.500,2e3a3b1a64283bb20fcf6d7e1a50915061d32d1354a0c454c1c882be6ee41323,train,tm-v3,offsets are in the preprocessed (trimmed) signal; split inherited from the parent
SS-ANI-0508S1,gtm_samples/animal_sound/SS-ANI-0508S1.wav,Animal Sound,derived:TM window of SS-ANI-0508,https://github.com/karolpiczak/ESC-50,CC-BY-4.0,Karol J. Piczak,2026-09-26,1.000,44100,1,unspecified,,n/a,augmented,SS-ANI-0508,0.000,1.000,d17b70e7977987c004ef35d08b4ae9c0ceb3016940bd66f05b6be6de21ddb63a,train,tm-v3,offsets are in the preprocessed (trimmed) signal; split inherited from the parent
SS-ANI-0034S1,gtm_samples/animal_sound/SS-ANI-0034S1.wav,Animal Sound,derived:TM window of SS-ANI-0034,https://freesound.org/s/98669/,Sampling+-1.0,Hamface,2026-09-26,1.000,44100,1,unspecified,unspecified,n/a,augmented,SS-ANI-0034,2.000,3.000,15f16fdea9aa2a5422a7ed73ec24ed2cd45f618c5a83dd56803058509fab1937,train,tm-v3,offsets are in the preprocessed (trimmed) signal; split inherited from the parent
SS-ANI-0122S1,gtm_samples/animal_sound/SS-ANI-0122S1.wav,Animal Sound,derived:TM window of SS-ANI-0122,https://freesound.org/s/60906/,CC-BY-3.0,nicStage,2026-09-26,1.000,44100,1,unspecified,unspecified,n/a,augmented,SS-ANI-0122,0.000,1.000,8f177d089c91d279ba876482a1bd3f3c03878511c61ea52868035ab68efee670,train,tm-v3,offsets are in the preprocessed (trimmed) signal; split inherited from the parent
SS-BGN-0612S1,gtm_samples/background_noise/SS-BGN-0612S1.wav,Background Noise,derived:TM window of SS-BGN-0612,https://github.com/karolpiczak/ESC-50,CC-BY-4.0,Karol J. Piczak,2026-09-26,1.000,44100,1,unspecified,,n/a,augmented,SS-BGN-0612,4.000,5.000,f6772090a78fb67fd07862d563615d77469aa2aff3bb9461cd77c7b9e5173540,train,tm-v3,offsets are in the preprocessed (trimmed) signal; split inherited from the parent
SS-BGN-0507S1,gtm_samples/background_noise/SS-BGN-0507S1.wav,Background Noise,derived:TM window of SS-BGN-0507,https://github.com/karolpiczak/ESC-50,CC-BY-4.0,Karol J. Piczak,2026-09-26,1.000,44100,1,unspecified,,n/a,augmented,SS-BGN-0507,2.000,3.000,e4b8ead86e14ba610447c6fbc25e74f9a62a7dba2f597527da8dccb3eb94817f,train,tm-v3,offsets are in the preprocessed (trimmed) signal; split inherited from the parent
SS-BGN-0580S1,gtm_samples/background_noise/SS-BGN-0580S1.wav,Background Noise,derived:TM window of SS-BGN-0580,https://github.com/karolpiczak/ESC-50,CC-BY-4.0,Karol J. Piczak,2026-09-26,1.000,44100,1,unspecified,,n/a,augmented,SS-BGN-0580,0.500,1.500,471600c66cb8cbfe8066681356a8d3579a5a34e54be5e6588117afb206663e54,train,tm-v3,offsets are in the preprocessed (trimmed) signal; split inherited from the parent
SS-BGN-0517S1,gtm_samples/background_noise/SS-BGN-0517S1.wav,Background Noise,derived:TM window of SS-BGN-0517,https://github.com/karolpiczak/ESC-50,CC-BY-4.0,Karol J. Piczak,2026-09-26,1.000,44100,1,unspecified,,n/a,augmented,SS-BGN-0517,1.500,2.500,88abb78621b4d7812ac54167daa996b29fe1815cddea4dc52063710ce49adaf5,train,tm-v3,offsets are in the preprocessed (trimmed) signal; split inherited from the parent
SS-BGN-0009S1,gtm_samples/background_noise/SS-BGN-0009S1.wav,Background Noise,derived:TM window of SS-BGN-0009,https://freesound.org/s/102695/,CC0-1.0,Cambra,2026-09-26,1.000,44100,1,unspecified,unspecified,n/a,augmented,SS-BGN-0009,16.000,17.000,73c825629ac96d779c3360972d121c77894a9d159e0fc413abacf7edc84d6cd0,train,tm-v3,offsets are in the preprocessed (trimmed) signal; split inherited from the parent
SS-BGN-0107S1,gtm_samples/background_noise/SS-BGN-0107S1.wav,Background Noise,derived:TM window of SS-BGN-0107,https://freesound.org/s/88168/,CC0-1.0,tec studios,2026-09-26,1.000,44100,1,outdoor,unspecified,n/a,augmented,SS-BGN-0107,9.000,10.000,60240616de3352c0b61d0075fcdcf5c2d9ab6b07b64a0d8ade47465bd4553aef,train,tm-v3,offsets are in the preprocessed (trimmed) signal; split inherited from the parent
SS-BGN-0104S1,gtm_samples/background_noise/SS-BGN-0104S1.wav,Background Noise,derived:TM window of SS-BGN-0104,https://freesound.org/s/117625/,CC0-1.0,soundmary,2026-09-26,1.000,44100,1,outdoor,unspecified,n/a,augmented,SS-BGN-0104,11.500,12.500,df56e21923c945ee3f56261e4ff960ac93eb35f77efc4db6e7f4f113c53341f2,train,tm-v3,offsets are in the preprocessed (trimmed) signal; split inherited from the parent
SS-BGN-0071S1,gtm_samples/background_noise/SS-BGN-0071S1.wav,Background Noise,derived:TM window of SS-BGN-0071,https://freesound.org/s/217804/,CC-BY-3.0,eaglechopper,2026-09-26,1.000,44100,1,outdoor,unspecified,n/a,augmented,SS-BGN-0071,18.000,19.000,2ed32cd8e74fb88f416c8536f80da81accaec74fe2fc6c3b49d202e343ff5857,train,tm-v3,offsets are in the preprocessed (trimmed) signal; split inherited from the parent
SS-BGN-0020S1,gtm_samples/background_noise/SS-BGN-0020S1.wav,Background Noise,derived:TM window of SS-BGN-0020,https://freesound.org/s/208842/,CC-BY-3.0,Insestanyricarda,2026-09-26,1.000,44100,1,outdoor,unspecified,n/a,augmented,SS-BGN-0020,2.500,3.500,a01dffaf902fcaf510d0c715d26c67b7f9c6cd7cd47e4c721a5114a6a2c3742f,train,tm-v3,offsets are in the preprocessed (trimmed) signal; split inherited from the parent
SS-BGN-0114S1,gtm_samples/background_noise/SS-BGN-0114S1.wav,Background Noise,derived:TM window of SS-BGN-0114,https://freesound.org/s/190073/,CC0-1.0,tran5ient,2026-09-26,1.000,44100,1,unspecified,unspecified,n/a,augmented,SS-BGN-0114,2.500,3.500,4be486980196de8c9c2ac61b0bd8cdc44578267964649c8db3d2ee75adfe394b,train,tm-v3,offsets are in the preprocessed (trimmed) signal; split inherited from the parent
SS-BGN-0118S1,gtm_samples/background_noise/SS-BGN-0118S1.wav,Background Noise,derived:TM window of SS-BGN-0118,https://freesound.org/s/319132/,CC-BY-3.0,voho,2026-09-26,1.000,44100,1,outdoor,unspecified,n/a,augmented,SS-BGN-0118,0.000,1.000,85a8dc1b68bb4dcd37e72db68cf95966d373c49e9e2c7ce029b7d3ff961640d0,train,tm-v3,offsets are in the preprocessed (trimmed) signal; split inherited from the parent
SS-BGN-0085S1,gtm_samples/background_noise/SS-BGN-0085S1.wav,Background Noise,derived:TM window of SS-BGN-0085,https://freesound.org/s/174203/,CC-BY-3.0,klankbeeld,2026-09-26,1.000,44100,1,outdoor,unspecified,n/a,augmented,SS-BGN-0085,0.000,1.000,9e25a6650d5f638d2b8af87066d039a70034ecfbc18df5ceae654de860f58ad0,train,tm-v3,offsets are in the preprocessed (trimmed) signal; split inherited from the parent
SS-BGN-0120S1,gtm_samples/background_noise/SS-BGN-0120S1.wav,Background Noise,derived:TM window of SS-BGN-0120,https://freesound.org/s/127119/,CC-BY-3.0,westernsynthetics,2026-09-26,1.000,44100,1,outdoor,unspecified,n/a,augmented,SS-BGN-0120,0.000,1.000,506d3c39ef84f48f65878cf6f8e5b6c0ee336957dc65175e7b0801b0510701b8,train,tm-v3,offsets are in the preprocessed (trimmed) signal; split inherited from the parent
SS-BGN-0050S1,gtm_samples/background_noise/SS-BGN-0050S1.wav,Background Noise,derived:TM window of SS-BGN-0050,https://freesound.org/s/245674/,CC0-1.0,TicAshfield,2026-09-26,1.000,44100,1,outdoor,unspecified,n/a,augmented,SS-BGN-0050,2.500,3.500,c9398c7324f01f53e587cca1138cc497c0cdc9c9d05a66b10db757c4f3bedba7,train,tm-v3,offsets are in the preprocessed (trimmed) signal; split inherited from the parent
SS-BGN-0098S1,gtm_samples/background_noise/SS-BGN-0098S1.wav,Background Noise,derived:TM window of SS-BGN-0098,https://freesound.org/s/99770/,CC-BY-3.0,paubg_pou,2026-09-26,1.000,44100,1,outdoor,unspecified,n/a,augmented,SS-BGN-0098,5.500,6.500,95fabe6b117828e5823c5df4b7c2369ab4a508c33c0cf3deb6e5991c2994e30d,train,tm-v3,offsets are in the preprocessed (trimmed) signal; split inherited from the parent
SS-BGN-0029S1,gtm_samples/background_noise/SS-BGN-0029S1.wav,Background Noise,derived:TM window of SS-BGN-0029,https://freesound.org/s/263152/,CC-BY-3.0,LoopUdu,2026-09-26,1.000,44100,1,outdoor,unspecified,n/a,augmented,SS-BGN-0029,12.500,13.500,8b4f4ae86a4bf4aa5f65f24594a978ebac95b6c3ca506359b7c60ac696989b8e,train,tm-v3,offsets are in the preprocessed (trimmed) signal; split inherited from the parent
SS-BGN-0641S1,gtm_samples/background_noise/SS-BGN-0641S1.wav,Background Noise,derived:TM window of SS-BGN-0641,https://github.com/karolpiczak/ESC-50,CC-BY-4.0,Karol J. Piczak,2026-09-26,1.000,44100,1,unspecified,,n/a,augmented,SS-BGN-0641,0.500,1.500,dae6fdf7b71466e83657db9d4eaeb5ffaae9203ec2b47a0e027c21ba43790aa2,train,tm-v3,offsets are in the preprocessed (trimmed) signal; split inherited from the parent
SS-BGN-0044S1,gtm_samples/background_noise/SS-BGN-0044S1.wav,Background Noise,derived:TM window of SS-BGN-0044,https://freesound.org/s/58271/,CC-BY-3.0,Satoration,2026-09-26,1.000,44100,1,outdoor,unspecified,n/a,augmented,SS-BGN-0044,9.500,10.500,ad762a5f29622e6c0177de035c9e1c7d409e38ed64972a25d36536939f3b429d,train,tm-v3,offsets are in the preprocessed (trimmed) signal; split inherited from the parent
SS-BGN-0558S1,gtm_samples/background_noise/SS-BGN-0558S1.wav,Background Noise,derived:TM window of SS-BGN-0558,https://github.com/karolpiczak/ESC-50,CC-BY-4.0,Karol J. Piczak,2026-09-26,1.000,44100,1,unspecified,,n/a,augmented,SS-BGN-0558,2.500,3.500,a979f2d2141bf18c7e9bf97534dabbb69110979cc64b5822e67f2749338a5bb8,train,tm-v3,offsets are in the preprocessed (trimmed) signal; split inherited from the parent
SS-BGN-0686S1,gtm_samples/background_noise/SS-BGN-0686S1.wav,Background Noise,derived:TM window of SS-BGN-0686,https://github.com/karolpiczak/ESC-50,CC-BY-4.0,Karol J. Piczak,2026-09-26,1.000,44100,1,unspecified,,n/a,augmented,SS-BGN-0686,2.000,3.000,ff7729ca12b14b6fb05294b21e5bb0114a1d452304cbfc600b2ec198b7979b62,train,tm-v3,offsets are in the preprocessed (trimmed) signal; split inherited from the parent
SS-BGN-0625S1,gtm_samples/background_noise/SS-BGN-0625S1.wav,Background Noise,derived:TM window of SS-BGN-0625,https://github.com/karolpiczak/ESC-50,CC-BY-4.0,Karol J. Piczak,2026-09-26,1.000,44100,1,unspecified,,n/a,augmented,SS-BGN-0625,0.000,1.000,2d52c803d5b379c54ead3882126025349ab5dc9bc54184e0b6d6fa1e2182b94b,train,tm-v3,offsets are in the preprocessed (trimmed) signal; split inherited from the parent
SS-BGN-0657S1,gtm_samples/background_noise/SS-BGN-0657S1.wav,Background Noise,derived:TM window of SS-BGN-0657,https://github.com/karolpiczak/ESC-50,CC-BY-4.0,Karol J. Piczak,2026-09-26,1.000,44100,1,unspecified,,n/a,augmented,SS-BGN-0657,3.000,4.000,160901e4175e3b3c0fe8bd29dc00f29f18efc352d26e3a0135dc10c445c9036f,train,tm-v3,offsets are in the preprocessed (trimmed) signal; split inherited from the parent
SS-BGN-0521S1,gtm_samples/background_noise/SS-BGN-0521S1.wav,Background Noise,derived:TM window of SS-BGN-0521,https://github.com/karolpiczak/ESC-50,CC-BY-4.0,Karol J. Piczak,2026-09-26,1.000,44100,1,unspecified,,n/a,augmented,SS-BGN-0521,1.000,2.000,d62a2cc2b01b222e009c71dcff749176c17d9426d8b86b5ea43a7f212cf584fd,train,tm-v3,offsets are in the preprocessed (trimmed) signal; split inherited from the parent
SS-BGN-0531S1,gtm_samples/background_noise/SS-BGN-0531S1.wav,Background Noise,derived:TM window of SS-BGN-0531,https://github.com/karolpiczak/ESC-50,CC-BY-4.0,Karol J. Piczak,2026-09-26,1.000,44100,1,unspecified,,n/a,augmented,SS-BGN-0531,3.500,4.500,90ce32054c4b2c78dff68f8e71f2df7ac2a46cb0f5ca87e94bb5ece7bdef811b,train,tm-v3,offsets are in the preprocessed (trimmed) signal; split inherited from the parent
SS-BGN-0683S1,gtm_samples/background_noise/SS-BGN-0683S1.wav,Background Noise,derived:TM window of SS-BGN-0683,https://github.com/karolpiczak/ESC-50,CC-BY-4.0,Karol J. Piczak,2026-09-26,1.000,44100,1,unspecified,,n/a,augmented,SS-BGN-0683,1.000,2.000,c0cd902c684367ad675527a49ee3dc670e5eb7ae4c37ed66005f9d16b28177a3,train,tm-v3,offsets are in the preprocessed (trimmed) signal; split inherited from the parent
SS-BGN-0662S1,gtm_samples/background_noise/SS-BGN-0662S1.wav,Background Noise,derived:TM window of SS-BGN-0662,https://github.com/karolpiczak/ESC-50,CC-BY-4.0,Karol J. Piczak,2026-09-26,1.000,44100,1,unspecified,,n/a,augmented,SS-BGN-0662,2.500,3.500,e2d92731a7343d1beb40ae186157873d5bea03487712e1f8e9e78b398e2a2077,train,tm-v3,offsets are in the preprocessed (trimmed) signal; split inherited from the parent
SS-BGN-0021S1,gtm_samples/background_noise/SS-BGN-0021S1.wav,Background Noise,derived:TM window of SS-BGN-0021,https://freesound.org/s/271332/,CC-BY-3.0,InspectorJ,2026-09-26,1.000,44100,1,unspecified,unspecified,n/a,augmented,SS-BGN-0021,10.000,11.000,478a30986add92bd7dae724259948f1cae70c6a7b233aec2752fca14554d8503,train,tm-v3,offsets are in the preprocessed (trimmed) signal; split inherited from the parent
SS-BGN-0664S1,gtm_samples/background_noise/SS-BGN-0664S1.wav,Background Noise,derived:TM window of SS-BGN-0664,https://github.com/karolpiczak/ESC-50,CC-BY-4.0,Karol J. Piczak,2026-09-26,1.000,44100,1,unspecified,,n/a,augmented,SS-BGN-0664,1.000,2.000,575a8b5767c464ec4289c819738aa8dd2d84f471fe8e385f1186146adea0ee6e,train,tm-v3,offsets are in the preprocessed (trimmed) signal; split inherited from the parent
SS-BGN-0684S1,gtm_samples/background_noise/SS-BGN-0684S1.wav,Background Noise,derived:TM window of SS-BGN-0684,https://github.com/karolpiczak/ESC-50,CC-BY-4.0,Karol J. Piczak,2026-09-26,1.000,44100,1,unspecified,,n/a,augmented,SS-BGN-0684,0.000,1.000,17f551cb1551571f051c5a9aeec5af9aefdae6386dffe0a2bde06dacd69939c0,train,tm-v3,offsets are in the preprocessed (trimmed) signal; split inherited from the parent
SS-BGN-0094S1,gtm_samples/background_noise/SS-BGN-0094S1.wav,Background Noise,derived:TM window of SS-BGN-0094,https://freesound.org/s/68706/,CC-BY-3.0,mikaelfernstrom,2026-09-26,1.000,44100,1,outdoor,unspecified,n/a,augmented,SS-BGN-0094,4.500,5.500,6b88876bdde31c3d8b9e9601095de7bd97088d030819118c6614be68ee35cc43,train,tm-v3,offsets are in the preprocessed (trimmed) signal; split inherited from the parent
SS-BGN-0005S1,gtm_samples/background_noise/SS-BGN-0005S1.wav,Background Noise,derived:TM window of SS-BGN-0005,https://freesound.org/s/350724/,CC-BY-3.0,AlienXXX,2026-09-26,1.000,44100,1,outdoor,unspecified,n/a,augmented,SS-BGN-0005,10.500,11.500,4078c445e967be630ad2ecdd204d677451ef88635220b2a9dcffcc93e98e8ab9,train,tm-v3,offsets are in the preprocessed (trimmed) signal; split inherited from the parent
SS-BGN-0512S1,gtm_samples/background_noise/SS-BGN-0512S1.wav,Background Noise,derived:TM window of SS-BGN-0512,https://github.com/karolpiczak/ESC-50,CC-BY-4.0,Karol J. Piczak,2026-09-26,1.000,44100,1,unspecified,,n/a,augmented,SS-BGN-0512,2.500,3.500,60255356c22d76c57f3dba18f1acd0c00c038a35295c05775ab3ecb50d4fe955,train,tm-v3,offsets are in the preprocessed (trimmed) signal; split inherited from the parent
SS-BGN-0516S1,gtm_samples/background_noise/SS-BGN-0516S1.wav,Background Noise,derived:TM window of SS-BGN-0516,https://github.com/karolpiczak/ESC-50,CC-BY-4.0,Karol J. Piczak,2026-09-26,1.000,44100,1,unspecified,,n/a,augmented,SS-BGN-0516,0.000,1.000,af1bfdfe4b086149c67bc780d6977da87a94273b889ea50161ee84588214af06,train,tm-v3,offsets are in the preprocessed (trimmed) signal; split inherited from the parent
SS-BGN-0557S1,gtm_samples/background_noise/SS-BGN-0557S1.wav,Background Noise,derived:TM window of SS-BGN-0557,https://github.com/karolpiczak/ESC-50,CC-BY-4.0,Karol J. Piczak,2026-09-26,1.000,44100,1,unspecified,,n/a,augmented,SS-BGN-0557,1.000,2.000,6dd852ff2496fd86143461f7a9d4e1afee803d9ce07c5185a83173e9d9af3b6e,train,tm-v3,offsets are in the preprocessed (trimmed) signal; split inherited from the parent
SS-BGN-0598S1,gtm_samples/background_noise/SS-BGN-0598S1.wav,Background Noise,derived:TM window of SS-BGN-0598,https://github.com/karolpiczak/ESC-50,CC-BY-4.0,Karol J. Piczak,2026-09-26,1.000,44100,1,unspecified,,n/a,augmented,SS-BGN-0598,0.500,1.500,67901931035972d2b66e3b37c1cc1027e90b44a8965c35b60a51f9e232541f0c,train,tm-v3,offsets are in the preprocessed (trimmed) signal; split inherited from the parent
SS-BGN-0510S1,gtm_samples/background_noise/SS-BGN-0510S1.wav,Background Noise,derived:TM window of SS-BGN-0510,https://github.com/karolpiczak/ESC-50,CC-BY-4.0,Karol J. Piczak,2026-09-26,1.000,44100,1,unspecified,,n/a,augmented,SS-BGN-0510,1.000,2.000,aa7c5893496f1be1eabc0d997ce89e4ecac4c4e8bcd7453abc8290b7aa26f53b,train,tm-v3,offsets are in the preprocessed (trimmed) signal; split inherited from the parent
SS-BGN-0691S1,gtm_samples/background_noise/SS-BGN-0691S1.wav,Background Noise,derived:TM window of SS-BGN-0691,https://github.com/karolpiczak/ESC-50,CC-BY-4.0,Karol J. Piczak,2026-09-26,1.000,44100,1,unspecified,,n/a,augmented,SS-BGN-0691,2.000,3.000,efd3d56361f3c512c277908d149eeaf596ebdd88d57804b0ae313ae91c1141a9,train,tm-v3,offsets are in the preprocessed (trimmed) signal; split inherited from the parent
SS-BGN-0575S1,gtm_samples/background_noise/SS-BGN-0575S1.wav,Background Noise,derived:TM window of SS-BGN-0575,https://github.com/karolpiczak/ESC-50,CC-BY-4.0,Karol J. Piczak,2026-09-26,1.000,44100,1,unspecified,,n/a,augmented,SS-BGN-0575,1.500,2.500,90404ad2149dcac8f7b4af6df331a88c1c6a55e24103529f879bab9fcd1bb612,train,tm-v3,offsets are in the preprocessed (trimmed) signal; split inherited from the parent
SS-BGN-0560S1,gtm_samples/background_noise/SS-BGN-0560S1.wav,Background Noise,derived:TM window of SS-BGN-0560,https://github.com/karolpiczak/ESC-50,CC-BY-4.0,Karol J. Piczak,2026-09-26,1.000,44100,1,unspecified,,n/a,augmented,SS-BGN-0560,0.000,1.000,80dc5afac3c45b7a7deb88d8eb83bd3b0b0fb8c9cce7b3bbf71a206966e54570,train,tm-v3,offsets are in the preprocessed (trimmed) signal; split inherited from the parent
SS-BGN-0626S1,gtm_samples/background_noise/SS-BGN-0626S1.wav,Background Noise,derived:TM window of SS-BGN-0626,https://github.com/karolpiczak/ESC-50,CC-BY-4.0,Karol J. Piczak,2026-09-26,1.000,44100,1,unspecified,,n/a,augmented,SS-BGN-0626,2.000,3.000,a7a4714fa42c25d1e1b9fa4878d7b5d1b184fc4b7118dc82584a93af337014f9,train,tm-v3,offsets are in the preprocessed (trimmed) signal; split inherited from the parent
SS-BGN-0573S1,gtm_samples/background_noise/SS-BGN-0573S1.wav,Background Noise,derived:TM window of SS-BGN-0573,https://github.com/karolpiczak/ESC-50,CC-BY-4.0,Karol J. Piczak,2026-09-26,1.000,44100,1,unspecified,,n/a,augmented,SS-BGN-0573,0.000,1.000,ea0abe27a37271bc38d1cf63008b81553ee2278910b700de699e6a7e352d3fec,train,tm-v3,offsets are in the preprocessed (trimmed) signal; split inherited from the parent
SS-BGN-0578S1,gtm_samples/background_noise/SS-BGN-0578S1.wav,Background Noise,derived:TM window of SS-BGN-0578,https://github.com/karolpiczak/ESC-50,CC-BY-4.0,Karol J. Piczak,2026-09-26,1.000,44100,1,unspecified,,n/a,augmented,SS-BGN-0578,4.000,5.000,00cee2b3af1bb4b5495cba972eef16ac24171123c0bbb1ba88ee0ab226072504,train,tm-v3,offsets are in the preprocessed (trimmed) signal; split inherited from the parent
SS-BGN-0644S1,gtm_samples/background_noise/SS-BGN-0644S1.wav,Background Noise,derived:TM window of SS-BGN-0644,https://github.com/karolpiczak/ESC-50,CC-BY-4.0,Karol J. Piczak,2026-09-26,1.000,44100,1,unspecified,,n/a,augmented,SS-BGN-0644,1.000,2.000,a1e4d51b429f1c6ef8665ba0c1c9d328ff837838aa1afce6ad1e84e10507db02,train,tm-v3,offsets are in the preprocessed (trimmed) signal; split inherited from the parent
SS-BGN-0577S1,gtm_samples/background_noise/SS-BGN-0577S1.wav,Background Noise,derived:TM window of SS-BGN-0577,https://github.com/karolpiczak/ESC-50,CC-BY-4.0,Karol J. Piczak,2026-09-26,1.000,44100,1,unspecified,,n/a,augmented,SS-BGN-0577,1.500,2.500,587ff1bc6b3b08ce98719323e47c7ce2c3fd3df75c62dd75ec45cfff84a94342,train,tm-v3,offsets are in the preprocessed (trimmed) signal; split inherited from the parent
SS-BGN-0038S1,gtm_samples/background_noise/SS-BGN-0038S1.wav,Background Noise,derived:TM window of SS-BGN-0038,https://freesound.org/s/1007/,CC-BY-3.0,RHumphries,2026-09-26,1.000,44100,1,outdoor,unspecified,n/a,augmented,SS-BGN-0038,5.500,6.500,3b0c1658b6f0464206d0fa09081df26ef74aaced112ad0bf08088cf3a7ccfebf,train,tm-v3,offsets are in the preprocessed (trimmed) signal; split inherited from the parent
SS-BGN-0667S1,gtm_samples/background_noise/SS-BGN-0667S1.wav,Background Noise,derived:TM window of SS-BGN-0667,https://github.com/karolpiczak/ESC-50,CC-BY-4.0,Karol J. Piczak,2026-09-26,1.000,44100,1,unspecified,,n/a,augmented,SS-BGN-0667,0.500,1.500,fedff27ee2bd5546479d8109caaedd0b613b28bcecec6139985ebd6d0a31fb59,train,tm-v3,offsets are in the preprocessed (trimmed) signal; split inherited from the parent
SS-BGN-0584S1,gtm_samples/background_noise/SS-BGN-0584S1.wav,Background Noise,derived:TM window of SS-BGN-0584,https://github.com/karolpiczak/ESC-50,CC-BY-4.0,Karol J. Piczak,2026-09-26,1.000,44100,1,unspecified,,n/a,augmented,SS-BGN-0584,0.000,1.000,d647ede7f83795dec3fc4729533c7f5b9ac0b00b459c82a65c7374851ca147f4,train,tm-v3,offsets are in the preprocessed (trimmed) signal; split inherited from the parent
SS-BGN-0587S1,gtm_samples/background_noise/SS-BGN-0587S1.wav,Background Noise,derived:TM window of SS-BGN-0587,https://github.com/karolpiczak/ESC-50,CC-BY-4.0,Karol J. Piczak,2026-09-26,1.000,44100,1,unspecified,,n/a,augmented,SS-BGN-0587,1.000,2.000,1b083b793cde69f18cad8f815ac6d5b403f2bf00f69c303e3dbe30641eade6a1,train,tm-v3,offsets are in the preprocessed (trimmed) signal; split inherited from the parent
SS-BGN-0529S1,gtm_samples/background_noise/SS-BGN-0529S1.wav,Background Noise,derived:TM window of SS-BGN-0529,https://github.com/karolpiczak/ESC-50,CC-BY-4.0,Karol J. Piczak,2026-09-26,1.000,44100,1,unspecified,,n/a,augmented,SS-BGN-0529,3.000,4.000,c0fd4f698931294bfdc5c502ba7bcf24abb557ad1b2b359cbb4c782089f9500e,train,tm-v3,offsets are in the preprocessed (trimmed) signal; split inherited from the parent
SS-BGN-0615S1,gtm_samples/background_noise/SS-BGN-0615S1.wav,Background Noise,derived:TM window of SS-BGN-0615,https://github.com/karolpiczak/ESC-50,CC-BY-4.0,Karol J. Piczak,2026-09-26,1.000,44100,1,unspecified,,n/a,augmented,SS-BGN-0615,1.000,2.000,64896ab20de44a686cefdeca4c5c599f5786f45804e04d523f9669f47a2488d8,train,tm-v3,offsets are in the preprocessed (trimmed) signal; split inherited from the parent
SS-BGN-0632S1,gtm_samples/background_noise/SS-BGN-0632S1.wav,Background Noise,derived:TM window of SS-BGN-0632,https://github.com/karolpiczak/ESC-50,CC-BY-4.0,Karol J. Piczak,2026-09-26,1.000,44100,1,unspecified,,n/a,augmented,SS-BGN-0632,2.000,3.000,a2e0a62942a7359582fece504529590b493c65834834ebe60bf12591a5739e2a,train,tm-v3,offsets are in the preprocessed (trimmed) signal; split inherited from the parent
SS-BGN-0583S1,gtm_samples/background_noise/SS-BGN-0583S1.wav,Background Noise,derived:TM window of SS-BGN-0583,https://github.com/karolpiczak/ESC-50,CC-BY-4.0,Karol J. Piczak,2026-09-26,1.000,44100,1,unspecified,,n/a,augmented,SS-BGN-0583,0.500,1.500,7063ea5b45ad185132e2a58b0ba3919310f1ba75bd25a52cc1350af39f2a0962,train,tm-v3,offsets are in the preprocessed (trimmed) signal; split inherited from the parent
SS-BGN-0677S1,gtm_samples/background_noise/SS-BGN-0677S1.wav,Background Noise,derived:TM window of SS-BGN-0677,https://github.com/karolpiczak/ESC-50,CC-BY-4.0,Karol J. Piczak,2026-09-26,1.000,44100,1,unspecified,,n/a,augmented,SS-BGN-0677,0.000,1.000,e0b47619a9053ca8274f3cac42c4ff53e6d7038816e032acd3c06b36356c7663,train,tm-v3,offsets are in the preprocessed (trimmed) signal; split inherited from the parent
SS-BGN-0532S1,gtm_samples/background_noise/SS-BGN-0532S1.wav,Background Noise,derived:TM window of SS-BGN-0532,https://github.com/karolpiczak/ESC-50,CC-BY-4.0,Karol J. Piczak,2026-09-26,1.000,44100,1,unspecified,,n/a,augmented,SS-BGN-0532,1.500,2.500,3898d7f785858d30956d40fd45675b146866e1ca99556b25bb8e18bc0a456118,train,tm-v3,offsets are in the preprocessed (trimmed) signal; split inherited from the parent
SS-BGN-0678S1,gtm_samples/background_noise/SS-BGN-0678S1.wav,Background Noise,derived:TM window of SS-BGN-0678,https://github.com/karolpiczak/ESC-50,CC-BY-4.0,Karol J. Piczak,2026-09-26,1.000,44100,1,unspecified,,n/a,augmented,SS-BGN-0678,0.000,1.000,227f138ce5631c2a38c746513588ef455f253e8143e57acb7811200ebbad3001,train,tm-v3,offsets are in the preprocessed (trimmed) signal; split inherited from the parent
SS-BGN-0613S1,gtm_samples/background_noise/SS-BGN-0613S1.wav,Background Noise,derived:TM window of SS-BGN-0613,https://github.com/karolpiczak/ESC-50,CC-BY-4.0,Karol J. Piczak,2026-09-26,1.000,44100,1,unspecified,,n/a,augmented,SS-BGN-0613,3.500,4.500,9c1527833634881dbb1c202b5d62db0d8b58a524880050cf94e1449cd800113f,train,tm-v3,offsets are in the preprocessed (trimmed) signal; split inherited from the parent
SS-BGN-0555S1,gtm_samples/background_noise/SS-BGN-0555S1.wav,Background Noise,derived:TM window of SS-BGN-0555,https://github.com/karolpiczak/ESC-50,CC-BY-4.0,Karol J. Piczak,2026-09-26,1.000,44100,1,unspecified,,n/a,augmented,SS-BGN-0555,2.000,3.000,90f3655c0d9651cbedb0cc25cef92d0e9148355c29569c1f30be6eb0e9041a35,train,tm-v3,offsets are in the preprocessed (trimmed) signal; split inherited from the parent
SS-BGN-0535S1,gtm_samples/background_noise/SS-BGN-0535S1.wav,Background Noise,derived:TM window of SS-BGN-0535,https://github.com/karolpiczak/ESC-50,CC-BY-4.0,Karol J. Piczak,2026-09-26,1.000,44100,1,unspecified,,n/a,augmented,SS-BGN-0535,4.000,5.000,c911c8bd7607fe0e404df0eb02e2ac47c7843a080b0f540aedafaea6153033f8,train,tm-v3,offsets are in the preprocessed (trimmed) signal; split inherited from the parent
SS-BGN-0653S1,gtm_samples/background_noise/SS-BGN-0653S1.wav,Background Noise,derived:TM window of SS-BGN-0653,https://github.com/karolpiczak/ESC-50,CC-BY-4.0,Karol J. Piczak,2026-09-26,1.000,44100,1,unspecified,,n/a,augmented,SS-BGN-0653,0.000,1.000,d62cede2f9e6b1f11f5337e299a7be84e352560acde47d1aaae29e96f2cbcb38,train,tm-v3,offsets are in the preprocessed (trimmed) signal; split inherited from the parent
SS-BGN-0554S1,gtm_samples/background_noise/SS-BGN-0554S1.wav,Background Noise,derived:TM window of SS-BGN-0554,https://github.com/karolpiczak/ESC-50,CC-BY-4.0,Karol J. Piczak,2026-09-26,1.000,44100,1,unspecified,,n/a,augmented,SS-BGN-0554,4.000,5.000,bb639c221044342243dbc58729e052972801b2a1139cb2c72433b4dcda635101,train,tm-v3,offsets are in the preprocessed (trimmed) signal; split inherited from the parent
SS-BGN-0602S1,gtm_samples/background_noise/SS-BGN-0602S1.wav,Background Noise,derived:TM window of SS-BGN-0602,https://github.com/karolpiczak/ESC-50,CC-BY-4.0,Karol J. Piczak,2026-09-26,1.000,44100,1,unspecified,,n/a,augmented,SS-BGN-0602,0.000,1.000,84a3a97e078f3531228e03cf39198e2d1590a94ffe82c4227c7ad82261c5b011,train,tm-v3,offsets are in the preprocessed (trimmed) signal; split inherited from the parent
SS-BGN-0655S1,gtm_samples/background_noise/SS-BGN-0655S1.wav,Background Noise,derived:TM window of SS-BGN-0655,https://github.com/karolpiczak/ESC-50,CC-BY-4.0,Karol J. Piczak,2026-09-26,1.000,44100,1,unspecified,,n/a,augmented,SS-BGN-0655,4.000,5.000,b212e15d31320821c2b113dd97c6a4a10b87ec139fb5362fba17783314d9f94d,train,tm-v3,offsets are in the preprocessed (trimmed) signal; split inherited from the parent
SS-BGN-0658S1,gtm_samples/background_noise/SS-BGN-0658S1.wav,Background Noise,derived:TM window of SS-BGN-0658,https://github.com/karolpiczak/ESC-50,CC-BY-4.0,Karol J. Piczak,2026-09-26,1.000,44100,1,unspecified,,n/a,augmented,SS-BGN-0658,2.000,3.000,e2b92ccbb78b61bae6adc77c0160f9cbdafc2087ce0733d9ba03907f77e0b0d4,train,tm-v3,offsets are in the preprocessed (trimmed) signal; split inherited from the parent
SS-BGN-0543S1,gtm_samples/background_noise/SS-BGN-0543S1.wav,Background Noise,derived:TM window of SS-BGN-0543,https://github.com/karolpiczak/ESC-50,CC-BY-4.0,Karol J. Piczak,2026-09-26,1.000,44100,1,unspecified,,n/a,augmented,SS-BGN-0543,1.500,2.500,8a8fdb0e928f2831e3ee53d5e4e5573921674f14f3407f99aa097db6c4b147b9,train,tm-v3,offsets are in the preprocessed (trimmed) signal; split inherited from the parent
SS-BGN-0010S1,gtm_samples/background_noise/SS-BGN-0010S1.wav,Background Noise,derived:TM window of SS-BGN-0010,https://freesound.org/s/22926/,CC-BY-3.0,Charel Sytze,2026-09-26,1.000,44100,1,outdoor,unspecified,n/a,augmented,SS-BGN-0010,6.500,7.500,0f9741022d104920eec4c636354fdabd0c6a7b17f769bb831fd9e96853ba31ca,train,tm-v3,offsets are in the preprocessed (trimmed) signal; split inherited from the parent
SS-BGN-0545S1,gtm_samples/background_noise/SS-BGN-0545S1.wav,Background Noise,derived:TM window of SS-BGN-0545,https://github.com/karolpiczak/ESC-50,CC-BY-4.0,Karol J. Piczak,2026-09-26,1.000,44100,1,unspecified,,n/a,augmented,SS-BGN-0545,1.500,2.500,e89c09aa0c55b990e018f793355520942413d34219f7c2c157c177f5fde4cb6c,train,tm-v3,offsets are in the preprocessed (trimmed) signal; split inherited from the parent
SS-BGN-0629S1,gtm_samples/background_noise/SS-BGN-0629S1.wav,Background Noise,derived:TM window of SS-BGN-0629,https://github.com/karolpiczak/ESC-50,CC-BY-4.0,Karol J. Piczak,2026-09-26,1.000,44100,1,unspecified,,n/a,augmented,SS-BGN-0629,0.000,1.000,c76b902aca387782becee81a704bad0c9aec115ffa6ae7a965c6d9d4e8aa1967,train,tm-v3,offsets are in the preprocessed (trimmed) signal; split inherited from the parent
SS-BGN-0559S1,gtm_samples/background_noise/SS-BGN-0559S1.wav,Background Noise,derived:TM window of SS-BGN-0559,https://github.com/karolpiczak/ESC-50,CC-BY-4.0,Karol J. Piczak,2026-09-26,1.000,44100,1,unspecified,,n/a,augmented,SS-BGN-0559,0.000,1.000,63b97afe9212f6d56dc781e529923adaf06cfa006688990a032071e33ce30876,train,tm-v3,offsets are in the preprocessed (trimmed) signal; split inherited from the parent
SS-BGN-0073S1,gtm_samples/background_noise/SS-BGN-0073S1.wav,Background Noise,derived:TM window of SS-BGN-0073,https://freesound.org/s/407010/,CC0-1.0,erothebest,2026-09-26,1.000,44100,1,outdoor,unspecified,n/a,augmented,SS-BGN-0073,9.000,10.000,137bfc9b75cad4648d16180439f3022e4613b245e63899ecb89a7a06fdbf3c30,train,tm-v3,offsets are in the preprocessed (trimmed) signal; split inherited from the parent
SS-BGN-0112S1,gtm_samples/background_noise/SS-BGN-0112S1.wav,Background Noise,derived:TM window of SS-BGN-0112,https://freesound.org/s/84669/,CC-BY-3.0,tomc1985,2026-09-26,1.000,44100,1,outdoor,unspecified,n/a,augmented,SS-BGN-0112,2.500,3.500,eca4ef007e164a4b5123022f9f3c4bba287a3938e6f72698f331b1b5e6931132,train,tm-v3,offsets are in the preprocessed (trimmed) signal; split inherited from the parent
SS-BGN-0574S1,gtm_samples/background_noise/SS-BGN-0574S1.wav,Background Noise,derived:TM window of SS-BGN-0574,https://github.com/karolpiczak/ESC-50,CC-BY-4.0,Karol J. Piczak,2026-09-26,1.000,44100,1,unspecified,,n/a,augmented,SS-BGN-0574,3.000,4.000,dca7d58834fdaf150ae7fe259ebcdd61f2fb6a46a9e51db52467b8aa678ca9c6,train,tm-v3,offsets are in the preprocessed (trimmed) signal; split inherited from the parent
SS-BGN-0059S1,gtm_samples/background_noise/SS-BGN-0059S1.wav,Background Noise,derived:TM window of SS-BGN-0059,https://freesound.org/s/149611/,CC-BY-3.0,beskhu,2026-09-26,1.000,44100,1,unspecified,unspecified,n/a,augmented,SS-BGN-0059,4.000,5.000,57ddd1a66af045fb013294787f0165bd1b67266bbd266f1e8d1ba96c6d6023bf,train,tm-v3,offsets are in the preprocessed (trimmed) signal; split inherited from the parent
SS-BGN-0567S1,gtm_samples/background_noise/SS-BGN-0567S1.wav,Background Noise,derived:TM window of SS-BGN-0567,https://github.com/karolpiczak/ESC-50,CC-BY-4.0,Karol J. Piczak,2026-09-26,1.000,44100,1,unspecified,,n/a,augmented,SS-BGN-0567,3.000,4.000,4141f391e284d48782e443f619b37d7b9718ccca34c535411ffb3b3d197aa183,train,tm-v3,offsets are in the preprocessed (trimmed) signal; split inherited from the parent
SS-BGN-0635S1,gtm_samples/background_noise/SS-BGN-0635S1.wav,Background Noise,derived:TM window of SS-BGN-0635,https://github.com/karolpiczak/ESC-50,CC-BY-4.0,Karol J. Piczak,2026-09-26,0.466,44100,1,unspecified,,n/a,augmented,SS-BGN-0635,0.000,1.000,7d8840869b118267cb66413e6ee1051570dbd639202bf8bde12bf6fdaed35b45,train,tm-v3,offsets are in the preprocessed (trimmed) signal; split inherited from the parent
SS-BGN-0665S1,gtm_samples/background_noise/SS-BGN-0665S1.wav,Background Noise,derived:TM window of SS-BGN-0665,https://github.com/karolpiczak/ESC-50,CC-BY-4.0,Karol J. Piczak,2026-09-26,1.000,44100,1,unspecified,,n/a,augmented,SS-BGN-0665,2.500,3.500,9916ccade7cab47f80061236e0d51f980c2318e352825698fda9589bf2875bc0,train,tm-v3,offsets are in the preprocessed (trimmed) signal; split inherited from the parent
SS-BGN-0552S1,gtm_samples/background_noise/SS-BGN-0552S1.wav,Background Noise,derived:TM window of SS-BGN-0552,https://github.com/karolpiczak/ESC-50,CC-BY-4.0,Karol J. Piczak,2026-09-26,1.000,44100,1,unspecified,,n/a,augmented,SS-BGN-0552,1.500,2.500,111486acb717216414ba5df6d85baf2ddf2284fee017d7cb186c61a071418dcd,train,tm-v3,offsets are in the preprocessed (trimmed) signal; split inherited from the parent
SS-BGN-0012S1,gtm_samples/background_noise/SS-BGN-0012S1.wav,Background Noise,derived:TM window of SS-BGN-0012,https://freesound.org/s/23779/,CC-BY-3.0,Erdie,2026-09-26,1.000,44100,1,outdoor,unspecified,n/a,augmented,SS-BGN-0012,0.000,1.000,c8cba860e52b57a099e8fbf84c37af2ab4f9a1b5691d9417eaff4552de1f83e3,train,tm-v3,offsets are in the preprocessed (trimmed) signal; split inherited from the parent
SS-BGN-0582S1,gtm_samples/background_noise/SS-BGN-0582S1.wav,Background Noise,derived:TM window of SS-BGN-0582,https://github.com/karolpiczak/ESC-50,CC-BY-4.0,Karol J. Piczak,2026-09-26,1.000,44100,1,unspecified,,n/a,augmented,SS-BGN-0582,0.000,1.000,14295b36612f17acdf15885d5d1a5a943b277dc6f548dd39647e360ee3d4261d,train,tm-v3,offsets are in the preprocessed (trimmed) signal; split inherited from the parent
SS-BGN-0620S1,gtm_samples/background_noise/SS-BGN-0620S1.wav,Background Noise,derived:TM window of SS-BGN-0620,https://github.com/karolpiczak/ESC-50,CC-BY-4.0,Karol J. Piczak,2026-09-26,1.000,44100,1,unspecified,,n/a,augmented,SS-BGN-0620,0.000,1.000,2eca11f9b5c30ea6d7e1fef7730173512a2c5a702bab15398c81a92b5f183cb8,train,tm-v3,offsets are in the preprocessed (trimmed) signal; split inherited from the parent
SS-BGN-0053S1,gtm_samples/background_noise/SS-BGN-0053S1.wav,Background Noise,derived:TM window of SS-BGN-0053,https://freesound.org/s/334672/,CC0-1.0,Yoyodaman234,2026-09-26,1.000,44100,1,unspecified,unspecified,n/a,augmented,SS-BGN-0053,0.000,1.000,e1557cfacb1a5b5cdffa6e2a3cf93f420135fdaffc8f4a7f9e5204857e571449,train,tm-v3,offsets are in the preprocessed (trimmed) signal; split inherited from the parent
SS-BGN-0564S1,gtm_samples/background_noise/SS-BGN-0564S1.wav,Background Noise,derived:TM window of SS-BGN-0564,https://github.com/karolpiczak/ESC-50,CC-BY-4.0,Karol J. Piczak,2026-09-26,1.000,44100,1,unspecified,,n/a,augmented,SS-BGN-0564,2.500,3.500,9d9163d232e01a6a5d2724d1a42ed8169acd3a3be1869be9061083c9271189a2,train,tm-v3,offsets are in the preprocessed (trimmed) signal; split inherited from the parent
SS-BGN-0544S1,gtm_samples/background_noise/SS-BGN-0544S1.wav,Background Noise,derived:TM window of SS-BGN-0544,https://github.com/karolpiczak/ESC-50,CC-BY-4.0,Karol J. Piczak,2026-09-26,1.000,44100,1,unspecified,,n/a,augmented,SS-BGN-0544,2.500,3.500,8227e53f021ebd6cde9f59cefe3bcb19595f5f86c02300532e85e5fdd691651b,train,tm-v3,offsets are in the preprocessed (trimmed) signal; split inherited from the parent
SS-BGN-0530S1,gtm_samples/background_noise/SS-BGN-0530S1.wav,Background Noise,derived:TM window of SS-BGN-0530,https://github.com/karolpiczak/ESC-50,CC-BY-4.0,Karol J. Piczak,2026-09-26,1.000,44100,1,unspecified,,n/a,augmented,SS-BGN-0530,3.500,4.500,711efcfff9e8a0a24feff1235e2afefd540b1ea95a934ec9f621c398acd2c7c6,train,tm-v3,offsets are in the preprocessed (trimmed) signal; split inherited from the parent
SS-BGN-0533S1,gtm_samples/background_noise/SS-BGN-0533S1.wav,Background Noise,derived:TM window of SS-BGN-0533,https://github.com/karolpiczak/ESC-50,CC-BY-4.0,Karol J. Piczak,2026-09-26,1.000,44100,1,unspecified,,n/a,augmented,SS-BGN-0533,4.000,5.000,a8671e89c4a4b6ef12f96bb2287f0a00dc099c96114305e36c423597389c5888,train,tm-v3,offsets are in the preprocessed (trimmed) signal; split inherited from the parent
SS-BGN-0035S1,gtm_samples/background_noise/SS-BGN-0035S1.wav,Background Noise,derived:TM window of SS-BGN-0035,https://freesound.org/s/46267/,CC-BY-3.0,PhreaKsAccount,2026-09-26,0.141,44100,1,unspecified,unspecified,n/a,augmented,SS-BGN-0035,0.000,1.000,932d0c6a443cc0537ab48af0d25a8f77d4225ec458e0a623b998c0244f690187,train,tm-v3,offsets are in the preprocessed (trimmed) signal; split inherited from the parent
SS-BGN-0067S1,gtm_samples/background_noise/SS-BGN-0067S1.wav,Background Noise,derived:TM window of SS-BGN-0067,https://freesound.org/s/156305/,CC0-1.0,dayvonjersen,2026-09-26,1.000,44100,1,unspecified,unspecified,n/a,augmented,SS-BGN-0067,1.500,2.500,0d641fdbbd8b92f3847079b282d2a5852226044f2341f2686e74068160c9ff6e,train,tm-v3,offsets are in the preprocessed (trimmed) signal; split inherited from the parent
SS-BGN-0011S1,gtm_samples/background_noise/SS-BGN-0011S1.wav,Background Noise,derived:TM window of SS-BGN-0011,https://freesound.org/s/17921/,CC-BY-3.0,Corsica_S,2026-09-26,1.000,44100,1,outdoor,unspecified,n/a,augmented,SS-BGN-0011,10.000,11.000,a4e869f9cb536fc6b9776653d1431582ff0ec53ecea3dffc42f812cab40485fd,train,tm-v3,offsets are in the preprocessed (trimmed) signal; split inherited from the parent
SS-BGN-0103S1,gtm_samples/background_noise/SS-BGN-0103S1.wav,Background Noise,derived:TM window of SS-BGN-0103,https://freesound.org/s/97386/,CC-BY-3.0,soundbytez,2026-09-26,1.000,44100,1,outdoor,unspecified,n/a,augmented,SS-BGN-0103,5.500,6.500,de2aa130aa489ac8109efb89b91aec6347b1654cf85fc467ee7e475977e5bee9,train,tm-v3,offsets are in the preprocessed (trimmed) signal; split inherited from the parent
SS-BGN-0606S1,gtm_samples/background_noise/SS-BGN-0606S1.wav,Background Noise,derived:TM window of SS-BGN-0606,https://github.com/karolpiczak/ESC-50,CC-BY-4.0,Karol J. Piczak,2026-09-26,1.000,44100,1,unspecified,,n/a,augmented,SS-BGN-0606,3.500,4.500,5d5c6b9fb3ca541127b8bf9ceeec3a6a07298932d03f98e31836938161b3d75a,train,tm-v3,offsets are in the preprocessed (trimmed) signal; split inherited from the parent
SS-BGN-0503S1,gtm_samples/background_noise/SS-BGN-0503S1.wav,Background Noise,derived:TM window of SS-BGN-0503,https://github.com/karolpiczak/ESC-50,CC-BY-4.0,Karol J. Piczak,2026-09-26,1.000,44100,1,unspecified,,n/a,augmented,SS-BGN-0503,0.000,1.000,0c0e54360e75ff738a0233f05b4dcc5cda9f3e599051e3fd23b0c47299aa6f5d,train,tm-v3,offsets are in the preprocessed (trimmed) signal; split inherited from the parent
SS-BGN-0037S1,gtm_samples/background_noise/SS-BGN-0037S1.wav,Background Noise,derived:TM window of SS-BGN-0037,https://freesound.org/s/223050/,CC0-1.0,ProductionNow,2026-09-26,1.000,44100,1,outdoor,unspecified,n/a,augmented,SS-BGN-0037,12.000,13.000,5a9423690ebfcd0b731968bf5bb10c84b6148e536fbe733a887512ccc792d01c,train,tm-v3,offsets are in the preprocessed (trimmed) signal; split inherited from the parent
SS-BGN-0546S1,gtm_samples/background_noise/SS-BGN-0546S1.wav,Background Noise,derived:TM window of SS-BGN-0546,https://github.com/karolpiczak/ESC-50,CC-BY-4.0,Karol J. Piczak,2026-09-26,1.000,44100,1,unspecified,,n/a,augmented,SS-BGN-0546,0.000,1.000,2e1ce6d057cdb58b2cf799d73394bc946a0ec198e131be97b4b9020460a5f548,train,tm-v3,offsets are in the preprocessed (trimmed) signal; split inherited from the parent
SS-BGN-0026S1,gtm_samples/background_noise/SS-BGN-0026S1.wav,Background Noise,derived:TM window of SS-BGN-0026,https://freesound.org/s/61011/,CC-BY-3.0,Kayyy,2026-09-26,1.000,44100,1,outdoor,unspecified,n/a,augmented,SS-BGN-0026,1.500,2.500,5e876ea6c3983b4f455d79147474880080962d17b901668b0e0d5d21977b67d0,train,tm-v3,offsets are in the preprocessed (trimmed) signal; split inherited from the parent
SS-BGN-0022S1,gtm_samples/background_noise/SS-BGN-0022S1.wav,Background Noise,derived:TM window of SS-BGN-0022,https://freesound.org/s/234084/,CC-BY-3.0,IvoryBunker,2026-09-26,1.000,44100,1,outdoor,unspecified,n/a,augmented,SS-BGN-0022,0.000,1.000,464317a5b70552a7c4a5fd80f564a7b01fb225c38a0a28e156789b849c5ee31f,train,tm-v3,offsets are in the preprocessed (trimmed) signal; split inherited from the parent
SS-BGN-0074S1,gtm_samples/background_noise/SS-BGN-0074S1.wav,Background Noise,derived:TM window of SS-BGN-0074,https://freesound.org/s/321077/,CC0-1.0,freesoundjon01,2026-09-26,1.000,44100,1,outdoor,unspecified,n/a,augmented,SS-BGN-0074,3.000,4.000,53eca6b19cbe8f9d97e01381d61c2bb286b8157ac2c94f7de3356f31e37d701b,train,tm-v3,offsets are in the preprocessed (trimmed) signal; split inherited from the parent
SS-BGN-0013S1,gtm_samples/background_noise/SS-BGN-0013S1.wav,Background Noise,derived:TM window of SS-BGN-0013,https://freesound.org/s/91114/,CC0-1.0,Fasolt,2026-09-26,1.000,44100,1,unspecified,unspecified,n/a,augmented,SS-BGN-0013,10.500,11.500,1caf1482af1bebd027aa6442317826430cd2f29c34fae6d6257c9c7ac0f74d06,train,tm-v3,offsets are in the preprocessed (trimmed) signal; split inherited from the parent
SS-BGN-0540S1,gtm_samples/background_noise/SS-BGN-0540S1.wav,Background Noise,derived:TM window of SS-BGN-0540,https://github.com/karolpiczak/ESC-50,CC-BY-4.0,Karol J. Piczak,2026-09-26,1.000,44100,1,unspecified,,n/a,augmented,SS-BGN-0540,1.000,2.000,c27e828608b046cdfc654dd3206dbb3aaa78b0192f5f0bb2f7ad452b147ef81f,train,tm-v3,offsets are in the preprocessed (trimmed) signal; split inherited from the parent
SS-BGN-0023S1,gtm_samples/background_noise/SS-BGN-0023S1.wav,Background Noise,derived:TM window of SS-BGN-0023,https://freesound.org/s/391683/,CC-BY-3.0,JPolito,2026-09-26,1.000,44100,1,outdoor,unspecified,n/a,augmented,SS-BGN-0023,8.000,9.000,7e8f71fc50698ab47cce14b7805cf2e241b27c2cc363e4d7b2e4c3879b1930e5,train,tm-v3,offsets are in the preprocessed (trimmed) signal; split inherited from the parent
SS-BGN-0068S1,gtm_samples/background_noise/SS-BGN-0068S1.wav,Background Noise,derived:TM window of SS-BGN-0068,https://freesound.org/s/23087/,CC-BY-3.0,digifishmusic,2026-09-26,1.000,44100,1,outdoor,unspecified,n/a,augmented,SS-BGN-0068,18.000,19.000,59f2c39d296b5f255524ef71da430f76290b166398a5f063c0fabf9e25e79354,train,tm-v3,offsets are in the preprocessed (trimmed) signal; split inherited from the parent
SS-BGN-0599S1,gtm_samples/background_noise/SS-BGN-0599S1.wav,Background Noise,derived:TM window of SS-BGN-0599,https://github.com/karolpiczak/ESC-50,CC-BY-4.0,Karol J. Piczak,2026-09-26,1.000,44100,1,unspecified,,n/a,augmented,SS-BGN-0599,0.000,1.000,e9ea98ddadd2a1e1c1f257e4e7dbd205d9482e465705606289a070b7123ced90,train,tm-v3,offsets are in the preprocessed (trimmed) signal; split inherited from the parent
SS-BGN-0566S1,gtm_samples/background_noise/SS-BGN-0566S1.wav,Background Noise,derived:TM window of SS-BGN-0566,https://github.com/karolpiczak/ESC-50,CC-BY-4.0,Karol J. Piczak,2026-09-26,1.000,44100,1,unspecified,,n/a,augmented,SS-BGN-0566,2.500,3.500,d5d7eeeccf9897611df517204c72a23bacea1fe03306cd2f1c49654233fa9f3d,train,tm-v3,offsets are in the preprocessed (trimmed) signal; split inherited from the parent
SS-BGN-0087S1,gtm_samples/background_noise/SS-BGN-0087S1.wav,Background Noise,derived:TM window of SS-BGN-0087,https://freesound.org/s/244931/,CC-BY-3.0,kwahmah_02,2026-09-26,1.000,44100,1,outdoor,unspecified,n/a,augmented,SS-BGN-0087,10.500,11.500,a2830165f6ad724d01625ce90344309e5929b73836e076e39a30a09573d5d203,train,tm-v3,offsets are in the preprocessed (trimmed) signal; split inherited from the parent
SS-BGN-0072S1,gtm_samples/background_noise/SS-BGN-0072S1.wav,Background Noise,derived:TM window of SS-BGN-0072,https://freesound.org/s/337467/,CC-BY-3.0,eardeer,2026-09-26,0.429,44100,1,unspecified,unspecified,n/a,augmented,SS-BGN-0072,0.000,1.000,d51135126d5b07d75da68f2af4583f88dd3865797eb25ee94f9eee20a9b85dd5,train,tm-v3,offsets are in the preprocessed (trimmed) signal; split inherited from the parent
SS-BGN-0056S1,gtm_samples/background_noise/SS-BGN-0056S1.wav,Background Noise,derived:TM window of SS-BGN-0056,https://freesound.org/s/277749/,CC-BY-3.0,alex@vsi.tv,2026-09-26,1.000,44100,1,outdoor,unspecified,n/a,augmented,SS-BGN-0056,14.000,15.000,a55a649c401df7cc0ca7a8d5d05166f3a45bfb86c4807a76623d254ee7a3120c,train,tm-v3,offsets are in the preprocessed (trimmed) signal; split inherited from the parent
SS-BGN-0551S1,gtm_samples/background_noise/SS-BGN-0551S1.wav,Background Noise,derived:TM window of SS-BGN-0551,https://github.com/karolpiczak/ESC-50,CC-BY-4.0,Karol J. Piczak,2026-09-26,1.000,44100,1,unspecified,,n/a,augmented,SS-BGN-0551,2.500,3.500,4355d7498988537b75111956aed1e703c272e0e96387fb294ad18e224460c46e,train,tm-v3,offsets are in the preprocessed (trimmed) signal; split inherited from the parent
SS-BGN-0639S1,gtm_samples/background_noise/SS-BGN-0639S1.wav,Background Noise,derived:TM window of SS-BGN-0639,https://github.com/karolpiczak/ESC-50,CC-BY-4.0,Karol J. Piczak,2026-09-26,1.000,44100,1,unspecified,,n/a,augmented,SS-BGN-0639,1.000,2.000,9b5dfcbc35e6b1c8702b4d4e0d6e04670b580aaf2dd418abd8d628564b2689d2,train,tm-v3,offsets are in the preprocessed (trimmed) signal; split inherited from the parent
SS-BGN-0509S1,gtm_samples/background_noise/SS-BGN-0509S1.wav,Background Noise,derived:TM window of SS-BGN-0509,https://github.com/karolpiczak/ESC-50,CC-BY-4.0,Karol J. Piczak,2026-09-26,1.000,44100,1,unspecified,,n/a,augmented,SS-BGN-0509,3.500,4.500,c7ab86b0062edc5e41039830fa57f737eafeda2afda3c2c734b34ffd10a302ea,train,tm-v3,offsets are in the preprocessed (trimmed) signal; split inherited from the parent
SS-BGN-0006S1,gtm_samples/background_noise/SS-BGN-0006S1.wav,Background Noise,derived:TM window of SS-BGN-0006,https://freesound.org/s/398737/,CC0-1.0,Anthousai,2026-09-26,1.000,44100,1,outdoor,unspecified,n/a,augmented,SS-BGN-0006,6.500,7.500,3c31ce1855850d406c58c6f5ac4b2fe9d5ae060acde026c6bb6ecf7b411ed93b,train,tm-v3,offsets are in the preprocessed (trimmed) signal; split inherited from the parent
SS-BGN-0081S1,gtm_samples/background_noise/SS-BGN-0081S1.wav,Background Noise,derived:TM window of SS-BGN-0081,https://freesound.org/s/352419/,CC0-1.0,joseph.larralde,2026-09-26,1.000,44100,1,outdoor,unspecified,n/a,augmented,SS-BGN-0081,3.500,4.500,74918a2ce512da7463d0d79551f7320539d41e31d1bfc3548fd29b1b0895b922,train,tm-v3,offsets are in the preprocessed (trimmed) signal; split inherited from the parent
SS-BGN-0075S1,gtm_samples/background_noise/SS-BGN-0075S1.wav,Background Noise,derived:TM window of SS-BGN-0075,https://freesound.org/s/432434/,CC-BY-3.0,gg3137,2026-09-26,1.000,44100,1,outdoor,unspecified,n/a,augmented,SS-BGN-0075,0.000,1.000,90a6d78ee68dd58dc67a32d9799622b12438840a1acf0c9ed97bb1a93d927e4b,train,tm-v3,offsets are in the preprocessed (trimmed) signal; split inherited from the parent
SS-BGN-0047S1,gtm_samples/background_noise/SS-BGN-0047S1.wav,Background Noise,derived:TM window of SS-BGN-0047,https://freesound.org/s/207481/,CC0-1.0,Soundscape_Leuphana,2026-09-26,1.000,44100,1,outdoor,unspecified,n/a,augmented,SS-BGN-0047,0.500,1.500,c9001cb33cdbfe8688253f4b9a9af0753c1a59b15e1268924d8637fb4d00022c,train,tm-v3,offsets are in the preprocessed (trimmed) signal; split inherited from the parent
SS-BGN-0066S1,gtm_samples/background_noise/SS-BGN-0066S1.wav,Background Noise,derived:TM window of SS-BGN-0066,https://freesound.org/s/190657/,CC-BY-3.0,davidferoli,2026-09-26,1.000,44100,1,unspecified,unspecified,n/a,augmented,SS-BGN-0066,0.500,1.500,21cc9fdc66d57d7795d4f6c59e5acabf732b5e1d16f8cd8078a1ac52eba9b4ea,train,tm-v3,offsets are in the preprocessed (trimmed) signal; split inherited from the parent
SS-BGN-0570S1,gtm_samples/background_noise/SS-BGN-0570S1.wav,Background Noise,derived:TM window of SS-BGN-0570,https://github.com/karolpiczak/ESC-50,CC-BY-4.0,Karol J. Piczak,2026-09-26,1.000,44100,1,unspecified,,n/a,augmented,SS-BGN-0570,0.000,1.000,4faf1a77feeb4ce68d390e4438a9e48066d0c60b32287acaab9f250bc04e8bd6,train,tm-v3,offsets are in the preprocessed (trimmed) signal; split inherited from the parent
SS-BGN-0597S1,gtm_samples/background_noise/SS-BGN-0597S1.wav,Background Noise,derived:TM window of SS-BGN-0597,https://github.com/karolpiczak/ESC-50,CC-BY-4.0,Karol J. Piczak,2026-09-26,1.000,44100,1,unspecified,,n/a,augmented,SS-BGN-0597,3.000,4.000,1cb376a105a4930293f03620838d95ec57bfb70617c059ec8115449ee3ab1f17,train,tm-v3,offsets are in the preprocessed (trimmed) signal; split inherited from the parent
SS-BGN-0025S1,gtm_samples/background_noise/SS-BGN-0025S1.wav,Background Noise,derived:TM window of SS-BGN-0025,https://freesound.org/s/243425/,CC-BY-3.0,Julien Nicolas,2026-09-26,1.000,44100,1,unspecified,unspecified,n/a,augmented,SS-BGN-0025,29.000,30.000,41443fd6b1c2fccdc0329a8bcd3ca2c42f43ba56cb6d86c6e503fb580d027fb4,train,tm-v3,offsets are in the preprocessed (trimmed) signal; split inherited from the parent
SS-BGN-0033S1,gtm_samples/background_noise/SS-BGN-0033S1.wav,Background Noise,derived:TM window of SS-BGN-0033,https://freesound.org/s/199688/,CC-BY-3.0,Omar Alvarado,2026-09-26,1.000,44100,1,outdoor,unspecified,n/a,augmented,SS-BGN-0033,16.500,17.500,3c509ee8a8bc90b3567848f82dc2958f3099c45669f7d61d1ffbec7b208c9d06,train,tm-v3,offsets are in the preprocessed (trimmed) signal; split inherited from the parent
SS-BGN-0682S1,gtm_samples/background_noise/SS-BGN-0682S1.wav,Background Noise,derived:TM window of SS-BGN-0682,https://github.com/karolpiczak/ESC-50,CC-BY-4.0,Karol J. Piczak,2026-09-26,1.000,44100,1,unspecified,,n/a,augmented,SS-BGN-0682,1.500,2.500,c93e6438cfe780c77d72659d5a65fb98d46d742335336120bf62c2310251a033,train,tm-v3,offsets are in the preprocessed (trimmed) signal; split inherited from the parent
SS-BGN-0016S1,gtm_samples/background_noise/SS-BGN-0016S1.wav,Background Noise,derived:TM window of SS-BGN-0016,https://freesound.org/s/421878/,CC-BY-3.0,GregorQuendel,2026-09-26,1.000,44100,1,outdoor,unspecified,n/a,augmented,SS-BGN-0016,2.500,3.500,2d185b104c25bb4e745d0c3496bfa280fcb51430d8df4218aef24e83915ea7ae,train,tm-v3,offsets are in the preprocessed (trimmed) signal; split inherited from the parent
SS-BGN-0674S1,gtm_samples/background_noise/SS-BGN-0674S1.wav,Background Noise,derived:TM window of SS-BGN-0674,https://github.com/karolpiczak/ESC-50,CC-BY-4.0,Karol J. Piczak,2026-09-26,1.000,44100,1,unspecified,,n/a,augmented,SS-BGN-0674,1.500,2.500,ef0097e33725aa10394b9c0131e25ad818ae9fdc1cfe2d8cd4f13a850125932c,train,tm-v3,offsets are in the preprocessed (trimmed) signal; split inherited from the parent
SS-BGN-0562S1,gtm_samples/background_noise/SS-BGN-0562S1.wav,Background Noise,derived:TM window of SS-BGN-0562,https://github.com/karolpiczak/ESC-50,CC-BY-4.0,Karol J. Piczak,2026-09-26,1.000,44100,1,unspecified,,n/a,augmented,SS-BGN-0562,2.000,3.000,746efa85af303ce1305e45c29656430bcd25a06465d60f79a13c18685f67ada1,train,tm-v3,offsets are in the preprocessed (trimmed) signal; split inherited from the parent
SS-BGN-0638S1,gtm_samples/background_noise/SS-BGN-0638S1.wav,Background Noise,derived:TM window of SS-BGN-0638,https://github.com/karolpiczak/ESC-50,CC-BY-4.0,Karol J. Piczak,2026-09-26,1.000,44100,1,unspecified,,n/a,augmented,SS-BGN-0638,0.000,1.000,29f8e6506f73ef98e55498fd64382c3166226d83274f7f1fbe387b695011ef11,train,tm-v3,offsets are in the preprocessed (trimmed) signal; split inherited from the parent
SS-BGN-0628S1,gtm_samples/background_noise/SS-BGN-0628S1.wav,Background Noise,derived:TM window of SS-BGN-0628,https://github.com/karolpiczak/ESC-50,CC-BY-4.0,Karol J. Piczak,2026-09-26,1.000,44100,1,unspecified,,n/a,augmented,SS-BGN-0628,0.000,1.000,0cfa5e18a1a36146ca0d784485d4cc55e57ac83394447bb64aedeecb6a60493c,train,tm-v3,offsets are in the preprocessed (trimmed) signal; split inherited from the parent
SS-BGN-0111S1,gtm_samples/background_noise/SS-BGN-0111S1.wav,Background Noise,derived:TM window of SS-BGN-0111,https://freesound.org/s/181480/,CC0-1.0,toiletrolltube,2026-09-26,1.000,44100,1,outdoor,unspecified,n/a,augmented,SS-BGN-0111,0.000,1.000,0db4150a754203124f022a3124d7bd70fd9e648e8f246039046c19e187f5c40c,train,tm-v3,offsets are in the preprocessed (trimmed) signal; split inherited from the parent
SS-BGN-0099S1,gtm_samples/background_noise/SS-BGN-0099S1.wav,Background Noise,derived:TM window of SS-BGN-0099,https://freesound.org/s/405459/,CC0-1.0,penetrermind,2026-09-26,1.000,44100,1,outdoor,unspecified,n/a,augmented,SS-BGN-0099,12.500,13.500,13d2daef1d0bfb2acaa5daf75ad23b663dadcf1a8ef30110c7fc39c4651c8282,train,tm-v3,offsets are in the preprocessed (trimmed) signal; split inherited from the parent
SS-BGN-0619S1,gtm_samples/background_noise/SS-BGN-0619S1.wav,Background Noise,derived:TM window of SS-BGN-0619,https://github.com/karolpiczak/ESC-50,CC-BY-4.0,Karol J. Piczak,2026-09-26,1.000,44100,1,unspecified,,n/a,augmented,SS-BGN-0619,0.000,1.000,3c53b713256e1470d4e23a493c228b8852c33b2c3944e569b2508b6cf5022ceb,train,tm-v3,offsets are in the preprocessed (trimmed) signal; split inherited from the parent
SS-BGN-0666S1,gtm_samples/background_noise/SS-BGN-0666S1.wav,Background Noise,derived:TM window of SS-BGN-0666,https://github.com/karolpiczak/ESC-50,CC-BY-4.0,Karol J. Piczak,2026-09-26,1.000,44100,1,unspecified,,n/a,augmented,SS-BGN-0666,0.500,1.500,04c99c4914b9d586798194bc89b0e4724ea7ea3f80d6218f2e2477ddb318d776,train,tm-v3,offsets are in the preprocessed (trimmed) signal; split inherited from the parent
SS-BGN-0527S1,gtm_samples/background_noise/SS-BGN-0527S1.wav,Background Noise,derived:TM window of SS-BGN-0527,https://github.com/karolpiczak/ESC-50,CC-BY-4.0,Karol J. Piczak,2026-09-26,1.000,44100,1,unspecified,,n/a,augmented,SS-BGN-0527,4.000,5.000,2c667dd0e74e2b164688b7df63a368cb9c84be59874a6f58df01d02d7d841f5c,train,tm-v3,offsets are in the preprocessed (trimmed) signal; split inherited from the parent
SS-BGN-0109S1,gtm_samples/background_noise/SS-BGN-0109S1.wav,Background Noise,derived:TM window of SS-BGN-0109,https://freesound.org/s/179898/,CC0-1.0,timsc,2026-09-26,1.000,44100,1,outdoor,unspecified,n/a,augmented,SS-BGN-0109,0.000,1.000,19f4249bab02f185d2ee0d213d5c2fc171474b0fbfe311d98252d22057806057,train,tm-v3,offsets are in the preprocessed (trimmed) signal; split inherited from the parent
SS-BGN-0571S1,gtm_samples/background_noise/SS-BGN-0571S1.wav,Background Noise,derived:TM window of SS-BGN-0571,https://github.com/karolpiczak/ESC-50,CC-BY-4.0,Karol J. Piczak,2026-09-26,1.000,44100,1,unspecified,,n/a,augmented,SS-BGN-0571,2.000,3.000,9ad5a5860d70d538632f6521f5427241d340ce0d02bc8d4bbf285fe41097f532,train,tm-v3,offsets are in the preprocessed (trimmed) signal; split inherited from the parent
SS-BGN-0088S1,gtm_samples/background_noise/SS-BGN-0088S1.wav,Background Noise,derived:TM window of SS-BGN-0088,https://freesound.org/s/244028/,CC0-1.0,lennyboy,2026-09-26,1.000,44100,1,outdoor,unspecified,n/a,augmented,SS-BGN-0088,4.000,5.000,9a01631e7c54e4084fd324a7f21a4ca08eeecf6b43e970e61cc0ab1176a4ff89,train,tm-v3,offsets are in the preprocessed (trimmed) signal; split inherited from the parent
SS-BGN-0045S1,gtm_samples/background_noise/SS-BGN-0045S1.wav,Background Noise,derived:TM window of SS-BGN-0045,https://freesound.org/s/418356/,CC0-1.0,SomeoneCool14,2026-09-26,1.000,44100,1,outdoor,unspecified,n/a,augmented,SS-BGN-0045,10.000,11.000,b7b2921cfb61f3740cdc8a38dadb65e077fdcf75e47f96ca9c9d318d6e0516b9,train,tm-v3,offsets are in the preprocessed (trimmed) signal; split inherited from the parent
SS-BGN-0504S1,gtm_samples/background_noise/SS-BGN-0504S1.wav,Background Noise,derived:TM window of SS-BGN-0504,https://github.com/karolpiczak/ESC-50,CC-BY-4.0,Karol J. Piczak,2026-09-26,1.000,44100,1,unspecified,,n/a,augmented,SS-BGN-0504,3.500,4.500,2c6aa06dd7004cdd94d43175ec72b2fc49a3cc37c600d5d7298bf26577725273,train,tm-v3,offsets are in the preprocessed (trimmed) signal; split inherited from the parent
SS-BGN-0017S1,gtm_samples/background_noise/SS-BGN-0017S1.wav,Background Noise,derived:TM window of SS-BGN-0017,https://freesound.org/s/423887/,CC0-1.0,Groschi,2026-09-26,1.000,44100,1,outdoor,unspecified,n/a,augmented,SS-BGN-0017,0.000,1.000,a416365c0ea9071079bbc090ac67b1a78d0b07b0e8154aa816699456a809342d,train,tm-v3,offsets are in the preprocessed (trimmed) signal; split inherited from the parent
SS-BGN-0576S1,gtm_samples/background_noise/SS-BGN-0576S1.wav,Background Noise,derived:TM window of SS-BGN-0576,https://github.com/karolpiczak/ESC-50,CC-BY-4.0,Karol J. Piczak,2026-09-26,1.000,44100,1,unspecified,,n/a,augmented,SS-BGN-0576,0.000,1.000,cce5af79769c30971926036bee765f46d98e0bbd60356fe6f951c8ad361e4748,train,tm-v3,offsets are in the preprocessed (trimmed) signal; split inherited from the parent
SS-BGN-0064S1,gtm_samples/background_noise/SS-BGN-0064S1.wav,Background Noise,derived:TM window of SS-BGN-0064,https://freesound.org/s/36061/,CC0-1.0,cognito perceptu,2026-09-26,1.000,44100,1,outdoor,unspecified,n/a,augmented,SS-BGN-0064,9.000,10.000,bf56bbd1738f87e265cb2e3010b24cd99eb82f39a36d0a9ff5952872089d2202,train,tm-v3,offsets are in the preprocessed (trimmed) signal; split inherited from the parent
SS-BGN-0681S1,gtm_samples/background_noise/SS-BGN-0681S1.wav,Background Noise,derived:TM window of SS-BGN-0681,https://github.com/karolpiczak/ESC-50,CC-BY-4.0,Karol J. Piczak,2026-09-26,1.000,44100,1,unspecified,,n/a,augmented,SS-BGN-0681,0.000,1.000,905f11705a22d25e1705a1d43cd91cbd760c454e93ce4dcac19387051bed1a8e,train,tm-v3,offsets are in the preprocessed (trimmed) signal; split inherited from the parent
SS-BGN-0528S1,gtm_samples/background_noise/SS-BGN-0528S1.wav,Background Noise,derived:TM window of SS-BGN-0528,https://github.com/karolpiczak/ESC-50,CC-BY-4.0,Karol J. Piczak,2026-09-26,1.000,44100,1,unspecified,,n/a,augmented,SS-BGN-0528,3.500,4.500,8871ec41f211b207f224a25683f8e25fee36f1dcba60957cfc6cc408db0e538c,train,tm-v3,offsets are in the preprocessed (trimmed) signal; split inherited from the parent
SS-BGN-0090S1,gtm_samples/background_noise/SS-BGN-0090S1.wav,Background Noise,derived:TM window of SS-BGN-0090,https://freesound.org/s/339447/,CC-BY-3.0,lulyc,2026-09-26,1.000,44100,1,unspecified,unspecified,n/a,augmented,SS-BGN-0090,0.000,1.000,d0c6fe2f2eec34e47d38d0811357639f63269fcda02e8599c58c252c667cae39,train,tm-v3,offsets are in the preprocessed (trimmed) signal; split inherited from the parent
SS-BGN-0652S1,gtm_samples/background_noise/SS-BGN-0652S1.wav,Background Noise,derived:TM window of SS-BGN-0652,https://github.com/karolpiczak/ESC-50,CC-BY-4.0,Karol J. Piczak,2026-09-26,1.000,44100,1,unspecified,,n/a,augmented,SS-BGN-0652,1.000,2.000,8f5c725ef502327266b7c122d3d4820560ef1ee4683a44a31e13c447b131cfb2,train,tm-v3,offsets are in the preprocessed (trimmed) signal; split inherited from the parent
SS-BGN-0058S1,gtm_samples/background_noise/SS-BGN-0058S1.wav,Background Noise,derived:TM window of SS-BGN-0058,https://freesound.org/s/79220/,Sampling+-1.0,axiyee,2026-09-26,1.000,44100,1,studio,unspecified,n/a,augmented,SS-BGN-0058,1.500,2.500,0893765dc6aa2566bfa545ba53bf5a70f7ff56896384075fb052762ef47ecede,train,tm-v3,offsets are in the preprocessed (trimmed) signal; split inherited from the parent
SS-GLA-0009S1,gtm_samples/glass_breaking/SS-GLA-0009S1.wav,Glass Breaking,derived:TM window of SS-GLA-0009,https://freesound.org/s/233605/,CC0-1.0,Agaxly,2026-09-26,0.360,44100,1,unspecified,unspecified,n/a,augmented,SS-GLA-0009,0.000,1.000,6ddacd172d6ea27fd2ad67084e2584738569f285590faff4fe03e4b6cd0aa84d,train,tm-v3,offsets are in the preprocessed (trimmed) signal; split inherited from the parent
SS-GLA-0541S1,gtm_samples/glass_breaking/SS-GLA-0541S1.wav,Glass Breaking,derived:TM window of SS-GLA-0541,https://zenodo.org/record/4060432,CC-BY-4.0,Eduardo Fonseca et al.,2026-09-26,0.195,44100,1,unspecified,,n/a,augmented,SS-GLA-0541,0.000,1.000,ceecdc40c7b8f5d2764b24a64bffc7a36b9b7e506300d945716ea1e4267e843f,train,tm-v3,offsets are in the preprocessed (trimmed) signal; split inherited from the parent
SS-GLA-0105S1,gtm_samples/glass_breaking/SS-GLA-0105S1.wav,Glass Breaking,derived:TM window of SS-GLA-0105,https://freesound.org/s/15394/,CC-BY-3.0,dobroide,2026-09-26,1.000,44100,1,indoor,unspecified,n/a,augmented,SS-GLA-0105,2.500,3.500,7eec5fcbda36ea9beb0abac152496410ee292f4f606b40db04ce7ebe9c8b46dc,train,tm-v3,offsets are in the preprocessed (trimmed) signal; split inherited from the parent
SS-GLA-0124S1,gtm_samples/glass_breaking/SS-GLA-0124S1.wav,Glass Breaking,derived:TM window of SS-GLA-0124,https://freesound.org/s/145361/,CC0-1.0,kleanthism,2026-09-26,0.184,44100,1,unspecified,unspecified,n/a,augmented,SS-GLA-0124,0.000,1.000,d553894705c1a6826450d6d356d1fdd35717d2c32a876c9283a85123ffddb0a0,train,tm-v3,offsets are in the preprocessed (trimmed) signal; split inherited from the parent
SS-GLA-0523S1,gtm_samples/glass_breaking/SS-GLA-0523S1.wav,Glass Breaking,derived:TM window of SS-GLA-0523,https://github.com/karolpiczak/ESC-50,CC-BY-4.0,Karol J. Piczak,2026-09-26,0.112,44100,1,unspecified,,n/a,augmented,SS-GLA-0523,0.000,1.000,f22e7ab8f4770e397a0e36250e164072d6d35aa46173ebdce58ac3d39ffc69d7,train,tm-v3,offsets are in the preprocessed (trimmed) signal; split inherited from the parent
SS-GLA-0651S1,gtm_samples/glass_breaking/SS-GLA-0651S1.wav,Glass Breaking,derived:TM window of SS-GLA-0651,https://zenodo.org/record/4060432,CC-BY-4.0,Eduardo Fonseca et al.,2026-09-26,1.000,44100,1,unspecified,,n/a,augmented,SS-GLA-0651,16.000,17.000,91025a1b48e7e806358bb81f3029fed6abe4b12e49f5b5acabbf9cd51b8acbfb,train,tm-v3,offsets are in the preprocessed (trimmed) signal; split inherited from the parent
SS-GLA-0597S1,gtm_samples/glass_breaking/SS-GLA-0597S1.wav,Glass Breaking,derived:TM window of SS-GLA-0597,https://zenodo.org/record/4060432,CC-BY-4.0,Eduardo Fonseca et al.,2026-09-26,1.000,44100,1,unspecified,,n/a,augmented,SS-GLA-0597,0.000,1.000,2b2b4f24238309c7924313f57b1ff63d9abd6f43a1d7a42c4698d20963c12cf6,train,tm-v3,offsets are in the preprocessed (trimmed) signal; split inherited from the parent
SS-GLA-0057S1,gtm_samples/glass_breaking/SS-GLA-0057S1.wav,Glass Breaking,derived:TM window of SS-GLA-0057,https://freesound.org/s/120527/,CC0-1.0,PlayPauseAndRewind,2026-09-26,1.000,44100,1,unspecified,unspecified,n/a,augmented,SS-GLA-0057,0.000,1.000,4d890f46f176a48123f7ffb29940ad7e1262f385e6dabdb7da0c2be223386927,train,tm-v3,offsets are in the preprocessed (trimmed) signal; split inherited from the parent
SS-GLA-0549S1,gtm_samples/glass_breaking/SS-GLA-0549S1.wav,Glass Breaking,derived:TM window of SS-GLA-0549,https://zenodo.org/record/4060432,CC-BY-4.0,Eduardo Fonseca et al.,2026-09-26,1.000,44100,1,unspecified,,n/a,augmented,SS-GLA-0549,12.500,13.500,f9a6cd5a87ddd988179219202a06a36075447ddb61be0e194fb45fecfc4483fa,train,tm-v3,offsets are in the preprocessed (trimmed) signal; split inherited from the parent
SS-GLA-0063S1,gtm_samples/glass_breaking/SS-GLA-0063S1.wav,Glass Breaking,derived:TM window of SS-GLA-0063,https://freesound.org/s/355340/,CC-BY-3.0,Samgd14,2026-09-26,1.000,44100,1,unspecified,unspecified,n/a,augmented,SS-GLA-0063,1.000,2.000,6198279ecac3f30f4fdc22fb37c42343212ff21ab9a8a358e9161d7d30478092,train,tm-v3,offsets are in the preprocessed (trimmed) signal; split inherited from the parent
SS-GLA-0617S1,gtm_samples/glass_breaking/SS-GLA-0617S1.wav,Glass Breaking,derived:TM window of SS-GLA-0617,https://zenodo.org/record/4060432,CC-BY-4.0,Eduardo Fonseca et al.,2026-09-26,1.000,44100,1,unspecified,,n/a,augmented,SS-GLA-0617,0.000,1.000,05152a95280f435af6376e0b1b9bea5e2280d8d67b1a2026bbe6888205c325e6,train,tm-v3,offsets are in the preprocessed (trimmed) signal; split inherited from the parent
SS-GLA-0085S1,gtm_samples/glass_breaking/SS-GLA-0085S1.wav,Glass Breaking,derived:TM window of SS-GLA-0085,https://freesound.org/s/144115/,CC-BY-3.0,avakas,2026-09-26,0.668,44100,1,unspecified,unspecified,n/a,augmented,SS-GLA-0085,0.000,1.000,e5e6096673ab56fd5a8075b9a458e1a75cf5fe2e41db03381155030023ee4dd2,train,tm-v3,offsets are in the preprocessed (trimmed) signal; split inherited from the parent
SS-GLA-0141S1,gtm_samples/glass_breaking/SS-GLA-0141S1.wav,Glass Breaking,derived:TM window of SS-GLA-0141,https://freesound.org/s/255617/,CC0-1.0,spectral9,2026-09-26,0.402,44100,1,outdoor,unspecified,n/a,augmented,SS-GLA-0141,0.000,1.000,09c740fca8f95c429db7bd58a61ac9776d4d8c01c4719c50dc6cf0aac5a636d3,train,tm-v3,offsets are in the preprocessed (trimmed) signal; split inherited from the parent
SS-GLA-0119S1,gtm_samples/glass_breaking/SS-GLA-0119S1.wav,Glass Breaking,derived:TM window of SS-GLA-0119,https://freesound.org/s/176650/,CC-BY-3.0,jorickhoofd,2026-09-26,1.000,44100,1,outdoor,unspecified,n/a,augmented,SS-GLA-0119,16.000,17.000,555329a134b6814a7943514e1c4eeba60f96455bf667d656c90e3f3900eda61a,train,tm-v3,offsets are in the preprocessed (trimmed) signal; split inherited from the parent
SS-GLA-0142S1,gtm_samples/glass_breaking/SS-GLA-0142S1.wav,Glass Breaking,derived:TM window of SS-GLA-0142,https://freesound.org/s/341397/,CC0-1.0,stebbi30000@gmail.com,2026-09-26,1.000,44100,1,unspecified,unspecified,n/a,augmented,SS-GLA-0142,0.000,1.000,191e3ee099a6c1119ac8b0d9f6ae1aaa74add111550fe7d7faa6d6070967b3fb,train,tm-v3,offsets are in the preprocessed (trimmed) signal; split inherited from the parent
SS-GLA-0619S1,gtm_samples/glass_breaking/SS-GLA-0619S1.wav,Glass Breaking,derived:TM window of SS-GLA-0619,https://zenodo.org/record/4060432,CC-BY-4.0,Eduardo Fonseca et al.,2026-09-26,1.000,44100,1,unspecified,,n/a,augmented,SS-GLA-0619,0.000,1.000,abbabd330bcdfbcd31570e4edbcb9e3d18289a346fd9de9c0c33c873970a726d,train,tm-v3,offsets are in the preprocessed (trimmed) signal; split inherited from the parent
SS-GLA-0059S1,gtm_samples/glass_breaking/SS-GLA-0059S1.wav,Glass Breaking,derived:TM window of SS-GLA-0059,https://freesound.org/s/216279/,CC-BY-3.0,RSilveira_88,2026-09-26,0.240,44100,1,unspecified,unspecified,n/a,augmented,SS-GLA-0059,0.000,1.000,d7dfb4ec9d2ad0b124df0406b1de063e2594b313bff7e53129762da99907051d,train,tm-v3,offsets are in the preprocessed (trimmed) signal; split inherited from the parent
SS-GLA-0104S1,gtm_samples/glass_breaking/SS-GLA-0104S1.wav,Glass Breaking,derived:TM window of SS-GLA-0104,https://freesound.org/s/30368/,CC-BY-3.0,digifishmusic,2026-09-26,1.000,44100,1,outdoor,unspecified,n/a,augmented,SS-GLA-0104,1.500,2.500,4a94157028975c39fc5b102dbfa17288178f4d9a05a792426531d3ecb1b27f00,train,tm-v3,offsets are in the preprocessed (trimmed) signal; split inherited from the parent
SS-GLA-0138S1,gtm_samples/glass_breaking/SS-GLA-0138S1.wav,Glass Breaking,derived:TM window of SS-GLA-0138,https://freesound.org/s/174747/,CC0-1.0,sgarrison2127,2026-09-26,0.973,44100,1,unspecified,unspecified,n/a,augmented,SS-GLA-0138,0.000,1.000,8e73cb1b02f7d6e2ed337bdc269f72cc7f6bd6fb4551ea491c79c514837029d9,train,tm-v3,offsets are in the preprocessed (trimmed) signal; split inherited from the parent
SS-GLA-0566S1,gtm_samples/glass_breaking/SS-GLA-0566S1.wav,Glass Breaking,derived:TM window of SS-GLA-0566,https://zenodo.org/record/4060432,CC-BY-4.0,Eduardo Fonseca et al.,2026-09-26,1.000,44100,1,unspecified,,n/a,augmented,SS-GLA-0566,15.000,16.000,67165faa2d0f343918f239610d3e4dc41db668ad3791de7fa8f6edbf7043d5b4,train,tm-v3,offsets are in the preprocessed (trimmed) signal; split inherited from the parent
SS-GLA-0650S1,gtm_samples/glass_breaking/SS-GLA-0650S1.wav,Glass Breaking,derived:TM window of SS-GLA-0650,https://zenodo.org/record/4060432,CC-BY-4.0,Eduardo Fonseca et al.,2026-09-26,0.130,44100,1,unspecified,,n/a,augmented,SS-GLA-0650,0.000,1.000,0e775ebae36cfd2898120dc7d3dae96e2c5af0029fd6a8b81bd8361389e0d407,train,tm-v3,offsets are in the preprocessed (trimmed) signal; split inherited from the parent
SS-GLA-0615S1,gtm_samples/glass_breaking/SS-GLA-0615S1.wav,Glass Breaking,derived:TM window of SS-GLA-0615,https://zenodo.org/record/4060432,CC-BY-4.0,Eduardo Fonseca et al.,2026-09-26,0.619,44100,1,unspecified,,n/a,augmented,SS-GLA-0615,0.000,1.000,b4af03eb2849b7a2d367b256dc8629b11208cc15962013faf2cb9c23bb4dfad8,train,tm-v3,offsets are in the preprocessed (trimmed) signal; split inherited from the parent
SS-GLA-0642S1,gtm_samples/glass_breaking/SS-GLA-0642S1.wav,Glass Breaking,derived:TM window of SS-GLA-0642,https://zenodo.org/record/4060432,CC-BY-4.0,Eduardo Fonseca et al.,2026-09-26,1.000,44100,1,unspecified,,n/a,augmented,SS-GLA-0642,0.000,1.000,502e19e8123b3b8dc7b73c5c11075b712f7fdb5532468bf6cb5b69b3a8d5d1e2,train,tm-v3,offsets are in the preprocessed (trimmed) signal; split inherited from the parent
SS-GLA-0037S1,gtm_samples/glass_breaking/SS-GLA-0037S1.wav,Glass Breaking,derived:TM window of SS-GLA-0037,https://freesound.org/s/367770/,CC-BY-3.0,FunWithSound,2026-09-26,1.000,44100,1,unspecified,unspecified,n/a,augmented,SS-GLA-0037,14.000,15.000,be804c8f62c5619895bd2cab6062ed6462f234af2afeb1c8918a75aa46caa5f3,train,tm-v3,offsets are in the preprocessed (trimmed) signal; split inherited from the parent
SS-GLA-0630S1,gtm_samples/glass_breaking/SS-GLA-0630S1.wav,Glass Breaking,derived:TM window of SS-GLA-0630,https://zenodo.org/record/4060432,CC-BY-4.0,Eduardo Fonseca et al.,2026-09-26,1.000,44100,1,unspecified,,n/a,augmented,SS-GLA-0630,3.500,4.500,d2f3579fe664ececf826d1a3bbc30ef5a27993f51593299a375a6157e7683ddc,train,tm-v3,offsets are in the preprocessed (trimmed) signal; split inherited from the parent
SS-GLA-0052S1,gtm_samples/glass_breaking/SS-GLA-0052S1.wav,Glass Breaking,derived:TM window of SS-GLA-0052,https://freesound.org/s/434437/,CC-BY-3.0,MysteryPancake,2026-09-26,1.000,44100,1,indoor,unspecified,n/a,augmented,SS-GLA-0052,0.000,1.000,4f90750a8a8c830ec0aa1118dfb12df2cd43b510430435208cf119dfd3504399,train,tm-v3,offsets are in the preprocessed (trimmed) signal; split inherited from the parent
SS-GLA-0658S1,gtm_samples/glass_breaking/SS-GLA-0658S1.wav,Glass Breaking,derived:TM window of SS-GLA-0658,https://zenodo.org/record/4060432,CC-BY-4.0,Eduardo Fonseca et al.,2026-09-26,1.000,44100,1,unspecified,,n/a,augmented,SS-GLA-0658,0.000,1.000,02a3384c945ecbe09330cec70e428d03718a9a93ae34bef0580fce6f81678ce5,train,tm-v3,offsets are in the preprocessed (trimmed) signal; split inherited from the parent
SS-GLA-0544S1,gtm_samples/glass_breaking/SS-GLA-0544S1.wav,Glass Breaking,derived:TM window of SS-GLA-0544,https://zenodo.org/record/4060432,CC-BY-4.0,Eduardo Fonseca et al.,2026-09-26,0.485,44100,1,unspecified,,n/a,augmented,SS-GLA-0544,0.000,1.000,01ece7356637040dd4f17464f9957f65d0e25fe7ea69632144b2ecb616e8fd93,train,tm-v3,offsets are in the preprocessed (trimmed) signal; split inherited from the parent
SS-GLA-0586S1,gtm_samples/glass_breaking/SS-GLA-0586S1.wav,Glass Breaking,derived:TM window of SS-GLA-0586,https://zenodo.org/record/4060432,CC-BY-4.0,Eduardo Fonseca et al.,2026-09-26,1.000,44100,1,unspecified,,n/a,augmented,SS-GLA-0586,0.000,1.000,f6839736accd098d1bcc9dc6aa6c2f7fe9c33412b95921afe493bbf4c8e87b06,train,tm-v3,offsets are in the preprocessed (trimmed) signal; split inherited from the parent
SS-GLA-0644S1,gtm_samples/glass_breaking/SS-GLA-0644S1.wav,Glass Breaking,derived:TM window of SS-GLA-0644,https://zenodo.org/record/4060432,CC-BY-4.0,Eduardo Fonseca et al.,2026-09-26,1.000,44100,1,unspecified,,n/a,augmented,SS-GLA-0644,3.500,4.500,2fba4492c86ebf20e5896f945633ee35669ea7dd265e408d218095d02cdbac18,train,tm-v3,offsets are in the preprocessed (trimmed) signal; split inherited from the parent
SS-GLA-0506S1,gtm_samples/glass_breaking/SS-GLA-0506S1.wav,Glass Breaking,derived:TM window of SS-GLA-0506,https://github.com/karolpiczak/ESC-50,CC-BY-4.0,Karol J. Piczak,2026-09-26,0.493,44100,1,unspecified,,n/a,augmented,SS-GLA-0506,0.000,1.000,5942339cae87228b37732a12f97868bc4bf33b068864a10bd32430dde1d7d0b9,train,tm-v3,offsets are in the preprocessed (trimmed) signal; split inherited from the parent
SS-GLA-0058S1,gtm_samples/glass_breaking/SS-GLA-0058S1.wav,Glass Breaking,derived:TM window of SS-GLA-0058,https://freesound.org/s/977/,CC-BY-3.0,RHumphries,2026-09-26,0.356,44100,1,indoor,unspecified,n/a,augmented,SS-GLA-0058,0.000,1.000,f85229c2ef25d09967e6c6a512016c7dd1fbe670cde83d0f4f43f0656b339fbd,train,tm-v3,offsets are in the preprocessed (trimmed) signal; split inherited from the parent
SS-GLA-0075S1,gtm_samples/glass_breaking/SS-GLA-0075S1.wav,Glass Breaking,derived:TM window of SS-GLA-0075,https://freesound.org/s/362964/,CC-BY-3.0,XRTdumper,2026-09-26,1.000,44100,1,unspecified,unspecified,n/a,augmented,SS-GLA-0075,0.500,1.500,681144d6e04dbbe76cf4ebe8bff699cc90d9b5d706f7cbf1df18f1ad19040d50,train,tm-v3,offsets are in the preprocessed (trimmed) signal; split inherited from the parent
SS-GLA-0528S1,gtm_samples/glass_breaking/SS-GLA-0528S1.wav,Glass Breaking,derived:TM window of SS-GLA-0528,https://github.com/karolpiczak/ESC-50,CC-BY-4.0,Karol J. Piczak,2026-09-26,0.856,44100,1,unspecified,,n/a,augmented,SS-GLA-0528,0.000,1.000,0aed751938adce2fb9f7eef98cf0118ab202c90b8fa25b15f54550d608283bb9,train,tm-v3,offsets are in the preprocessed (trimmed) signal; split inherited from the parent
SS-GLA-0115S1,gtm_samples/glass_breaking/SS-GLA-0115S1.wav,Glass Breaking,derived:TM window of SS-GLA-0115,https://freesound.org/s/119460/,CC0-1.0,ingudios,2026-09-26,1.000,44100,1,unspecified,unspecified,n/a,augmented,SS-GLA-0115,0.000,1.000,f11bfa1e8bbef3026fdbb87559b440dc2ccc57c3d7b42e2fa7a399f3cacd9f2e,train,tm-v3,offsets are in the preprocessed (trimmed) signal; split inherited from the parent
SS-GLA-0612S1,gtm_samples/glass_breaking/SS-GLA-0612S1.wav,Glass Breaking,derived:TM window of SS-GLA-0612,https://zenodo.org/record/4060432,CC-BY-4.0,Eduardo Fonseca et al.,2026-09-26,1.000,44100,1,unspecified,,n/a,augmented,SS-GLA-0612,0.000,1.000,3a348ab1bc9dd3f6e5a47afe270d9ce794cf9d8c4fd2bf24932373bf19478d35,train,tm-v3,offsets are in the preprocessed (trimmed) signal; split inherited from the parent
SS-GLA-0603S1,gtm_samples/glass_breaking/SS-GLA-0603S1.wav,Glass Breaking,derived:TM window of SS-GLA-0603,https://zenodo.org/record/4060432,CC-BY-4.0,Eduardo Fonseca et al.,2026-09-26,1.000,44100,1,unspecified,,n/a,augmented,SS-GLA-0603,0.000,1.000,8e60644096b42ea43b5c6cf01100b3b11b4fff4e88983ea41de75a9c3a5d71c9,train,tm-v3,offsets are in the preprocessed (trimmed) signal; split inherited from the parent
SS-GLA-0543S1,gtm_samples/glass_breaking/SS-GLA-0543S1.wav,Glass Breaking,derived:TM window of SS-GLA-0543,https://zenodo.org/record/4060432,CC-BY-4.0,Eduardo Fonseca et al.,2026-09-26,1.000,44100,1,unspecified,,n/a,augmented,SS-GLA-0543,1.500,2.500,bb4b5fb01e07e6f26b1a7b546242d4361d6d69fb9009fbdf9e2f27946249ad4f,train,tm-v3,offsets are in the preprocessed (trimmed) signal; split inherited from the parent
SS-GLA-0572S1,gtm_samples/glass_breaking/SS-GLA-0572S1.wav,Glass Breaking,derived:TM window of SS-GLA-0572,https://zenodo.org/record/4060432,CC-BY-4.0,Eduardo Fonseca et al.,2026-09-26,1.000,44100,1,unspecified,,n/a,augmented,SS-GLA-0572,0.000,1.000,d3671082127ce4359f0b58ca826771d9fea69c10cdc3cabaeb40e6519a552598,train,tm-v3,offsets are in the preprocessed (trimmed) signal; split inherited from the parent
SS-GLA-0003S1,gtm_samples/glass_breaking/SS-GLA-0003S1.wav,Glass Breaking,derived:TM window of SS-GLA-0003,https://freesound.org/s/378321/,CC0-1.0,13F_Panska_Tlolkova_Matilda,2026-09-26,1.000,44100,1,unspecified,unspecified,n/a,augmented,SS-GLA-0003,0.000,1.000,630099c652726960024b15e8cbeff68c5e3f28656018a6474978df5c52bdc515,train,tm-v3,offsets are in the preprocessed (trimmed) signal; split inherited from the parent
SS-GLA-0537S1,gtm_samples/glass_breaking/SS-GLA-0537S1.wav,Glass Breaking,derived:TM window of SS-GLA-0537,https://github.com/karolpiczak/ESC-50,CC-BY-4.0,Karol J. Piczak,2026-09-26,1.000,44100,1,unspecified,,n/a,augmented,SS-GLA-0537,3.000,4.000,ddb74163f4bc3bf55f01029a8f53730dcba4d8310fd8b9cc6b3b1e053f0602d6,train,tm-v3,offsets are in the preprocessed (trimmed) signal; split inherited from the parent
SS-GLA-0149S1,gtm_samples/glass_breaking/SS-GLA-0149S1.wav,Glass Breaking,derived:TM window of SS-GLA-0149,https://freesound.org/s/244481/,CC-BY-3.0,zimbot,2026-09-26,1.000,44100,1,unspecified,unspecified,n/a,augmented,SS-GLA-0149,0.000,1.000,83c88cdaf1c8de44d16216b8c5177696113e0dd8ab87e84ee4d74b97a842d6f0,train,tm-v3,offsets are in the preprocessed (trimmed) signal; split inherited from the parent
SS-GLA-0108S1,gtm_samples/glass_breaking/SS-GLA-0108S1.wav,Glass Breaking,derived:TM window of SS-GLA-0108,https://freesound.org/s/214356/,CC0-1.0,edhutschek,2026-09-26,0.871,44100,1,outdoor,unspecified,n/a,augmented,SS-GLA-0108,0.000,1.000,c91f718fa629a583653585f3b7bc41cb1fe893e80b3b226dbd0f96c35d4202e8,train,tm-v3,offsets are in the preprocessed (trimmed) signal; split inherited from the parent
SS-GLA-0608S1,gtm_samples/glass_breaking/SS-GLA-0608S1.wav,Glass Breaking,derived:TM window of SS-GLA-0608,https://zenodo.org/record/4060432,CC-BY-4.0,Eduardo Fonseca et al.,2026-09-26,1.000,44100,1,unspecified,,n/a,augmented,SS-GLA-0608,0.000,1.000,12dbfd241cba06cb22f91eea72caec18146a07a268abb8cd83fe7698099d21b5,train,tm-v3,offsets are in the preprocessed (trimmed) signal; split inherited from the parent
SS-GLA-0580S1,gtm_samples/glass_breaking/SS-GLA-0580S1.wav,Glass Breaking,derived:TM window of SS-GLA-0580,https://zenodo.org/record/4060432,CC-BY-4.0,Eduardo Fonseca et al.,2026-09-26,1.000,44100,1,unspecified,,n/a,augmented,SS-GLA-0580,0.000,1.000,96d2f75c8580ee222bbbd14fce2a1726f500df08bb2d604e3d4e5ec31214df17,train,tm-v3,offsets are in the preprocessed (trimmed) signal; split inherited from the parent
SS-GLA-0554S1,gtm_samples/glass_breaking/SS-GLA-0554S1.wav,Glass Breaking,derived:TM window of SS-GLA-0554,https://zenodo.org/record/4060432,CC-BY-4.0,Eduardo Fonseca et al.,2026-09-26,0.852,44100,1,unspecified,,n/a,augmented,SS-GLA-0554,0.000,1.000,0dc40f9240e3e9b2b9aa40307d55f9c997c1ff39844a19cdf6edbbcc8cddb047,train,tm-v3,offsets are in the preprocessed (trimmed) signal; split inherited from the parent
SS-GLA-0135S1,gtm_samples/glass_breaking/SS-GLA-0135S1.wav,Glass Breaking,derived:TM window of SS-GLA-0135,https://freesound.org/s/158140/,CC0-1.0,qubodup,2026-09-26,1.000,44100,1,outdoor,unspecified,n/a,augmented,SS-GLA-0135,0.000,1.000,4e4cc7955bb118138fb37cecd0c596402837e391515faefa771e19e875b5f7f8,train,tm-v3,offsets are in the preprocessed (trimmed) signal; split inherited from the parent
SS-GLA-0653S1,gtm_samples/glass_breaking/SS-GLA-0653S1.wav,Glass Breaking,derived:TM window of SS-GLA-0653,https://zenodo.org/record/4060432,CC-BY-4.0,Eduardo Fonseca et al.,2026-09-26,1.000,44100,1,unspecified,,n/a,augmented,SS-GLA-0653,5.000,6.000,d17d8c0f79317ef442aba2b6811fc097a51744ba1334e024c92b85022f05d7f9,train,tm-v3,offsets are in the preprocessed (trimmed) signal; split inherited from the parent
SS-GLA-0503S1,gtm_samples/glass_breaking/SS-GLA-0503S1.wav,Glass Breaking,derived:TM window of SS-GLA-0503,https://github.com/karolpiczak/ESC-50,CC-BY-4.0,Karol J. Piczak,2026-09-26,0.812,44100,1,unspecified,,n/a,augmented,SS-GLA-0503,0.000,1.000,158f00ebfb8713b524edbe17825c734401575b876124dc28f16623512ae41edf,train,tm-v3,offsets are in the preprocessed (trimmed) signal; split inherited from the parent
SS-GLA-0127S1,gtm_samples/glass_breaking/SS-GLA-0127S1.wav,Glass Breaking,derived:TM window of SS-GLA-0127,https://freesound.org/s/144175/,CC0-1.0,lolamadeus,2026-09-26,1.000,44100,1,indoor,unspecified,n/a,augmented,SS-GLA-0127,1.000,2.000,8d32d85f922b8370da86af512eadc21d0b8b28703c7cc1f91fbbbddb27979a89,train,tm-v3,offsets are in the preprocessed (trimmed) signal; split inherited from the parent
SS-GLA-0624S1,gtm_samples/glass_breaking/SS-GLA-0624S1.wav,Glass Breaking,derived:TM window of SS-GLA-0624,https://zenodo.org/record/4060432,CC-BY-4.0,Eduardo Fonseca et al.,2026-09-26,1.000,44100,1,unspecified,,n/a,augmented,SS-GLA-0624,0.000,1.000,d197fdc29b79602cde54dfe064b00d02ca28b2bb960ae66abad7cba954990e5d,train,tm-v3,offsets are in the preprocessed (trimmed) signal; split inherited from the parent
SS-GLA-0569S1,gtm_samples/glass_breaking/SS-GLA-0569S1.wav,Glass Breaking,derived:TM window of SS-GLA-0569,https://zenodo.org/record/4060432,CC-BY-4.0,Eduardo Fonseca et al.,2026-09-26,1.000,44100,1,unspecified,,n/a,augmented,SS-GLA-0569,6.500,7.500,3f3a03b3204bb564e8474a17787f7f1eedf5af1e666ebe58464acdb6b6525f76,train,tm-v3,offsets are in the preprocessed (trimmed) signal; split inherited from the parent
SS-GLA-0538S1,gtm_samples/glass_breaking/SS-GLA-0538S1.wav,Glass Breaking,derived:TM window of SS-GLA-0538,https://github.com/karolpiczak/ESC-50,CC-BY-4.0,Karol J. Piczak,2026-09-26,0.528,44100,1,unspecified,,n/a,augmented,SS-GLA-0538,0.000,1.000,03c2fd8d53ff389b8980cf67d665f40d2ee5389b312d01c5c145d10b82a8c96d,train,tm-v3,offsets are in the preprocessed (trimmed) signal; split inherited from the parent
SS-GLA-0529S1,gtm_samples/glass_breaking/SS-GLA-0529S1.wav,Glass Breaking,derived:TM window of SS-GLA-0529,https://github.com/karolpiczak/ESC-50,CC-BY-4.0,Karol J. Piczak,2026-09-26,1.000,44100,1,unspecified,,n/a,augmented,SS-GLA-0529,1.500,2.500,bd3dbd5b318c023c1d2eb18f96c7b439d93988b69e035e28b99ab111c390a991,train,tm-v3,offsets are in the preprocessed (trimmed) signal; split inherited from the parent
SS-GLA-0120S1,gtm_samples/glass_breaking/SS-GLA-0120S1.wav,Glass Breaking,derived:TM window of SS-GLA-0120,https://freesound.org/s/378846/,CC0-1.0,kijjaz,2026-09-26,0.321,44100,1,unspecified,unspecified,n/a,augmented,SS-GLA-0120,0.000,1.000,5f3bbcc95ac1fc9d90d3697bc4afdcd310c94efc8f37d7093d0ced4173cdd812,train,tm-v3,offsets are in the preprocessed (trimmed) signal; split inherited from the parent
SS-GLA-0148S1,gtm_samples/glass_breaking/SS-GLA-0148S1.wav,Glass Breaking,derived:TM window of SS-GLA-0148,https://freesound.org/s/188393/,CC0-1.0,wjoojoo,2026-09-26,1.000,44100,1,unspecified,unspecified,n/a,augmented,SS-GLA-0148,1.000,2.000,881a22db180f801917ddb4506d8438e03f4df0c317bc42e95cf534c4ae799553,train,tm-v3,offsets are in the preprocessed (trimmed) signal; split inherited from the parent
SS-GLA-0601S1,gtm_samples/glass_breaking/SS-GLA-0601S1.wav,Glass Breaking,derived:TM window of SS-GLA-0601,https://zenodo.org/record/4060432,CC-BY-4.0,Eduardo Fonseca et al.,2026-09-26,1.000,44100,1,unspecified,,n/a,augmented,SS-GLA-0601,1.000,2.000,5cc8d2fc8eee9f0dbe6fa42576dd56a19bbcb6e940bb4325bc2fb415e90b25b7,train,tm-v3,offsets are in the preprocessed (trimmed) signal; split inherited from the parent
SS-GLA-0527S1,gtm_samples/glass_breaking/SS-GLA-0527S1.wav,Glass Breaking,derived:TM window of SS-GLA-0527,https://github.com/karolpiczak/ESC-50,CC-BY-4.0,Karol J. Piczak,2026-09-26,0.765,44100,1,unspecified,,n/a,augmented,SS-GLA-0527,0.000,1.000,d49a8c4b310542555dcf633e10487488e4d506d78d44d11c5b89659d7627e76c,train,tm-v3,offsets are in the preprocessed (trimmed) signal; split inherited from the parent
SS-GLA-0077S1,gtm_samples/glass_breaking/SS-GLA-0077S1.wav,Glass Breaking,derived:TM window of SS-GLA-0077,https://freesound.org/s/270515/,CC-BY-3.0,YleArkisto,2026-09-26,1.000,44100,1,outdoor,unspecified,n/a,augmented,SS-GLA-0077,0.000,1.000,5e8a02c47c5c895e83f9920940d224687f0cb622c4508827e1bd3ea656888be6,train,tm-v3,offsets are in the preprocessed (trimmed) signal; split inherited from the parent
SS-GLA-0542S1,gtm_samples/glass_breaking/SS-GLA-0542S1.wav,Glass Breaking,derived:TM window of SS-GLA-0542,https://zenodo.org/record/4060432,CC-BY-4.0,Eduardo Fonseca et al.,2026-09-26,1.000,44100,1,unspecified,,n/a,augmented,SS-GLA-0542,0.000,1.000,df042898eb06ce58fc585846a1c18e09994ab3734321e7b62e5ff79451359cd1,train,tm-v3,offsets are in the preprocessed (trimmed) signal; split inherited from the parent
SS-GLA-0652S1,gtm_samples/glass_breaking/SS-GLA-0652S1.wav,Glass Breaking,derived:TM window of SS-GLA-0652,https://zenodo.org/record/4060432,CC-BY-4.0,Eduardo Fonseca et al.,2026-09-26,1.000,44100,1,unspecified,,n/a,augmented,SS-GLA-0652,0.000,1.000,e9429570db6810d8c435a4c3a7a8c9f24e295b921ba34e3154c7ba227a943d84,train,tm-v3,offsets are in the preprocessed (trimmed) signal; split inherited from the parent
SS-GLA-0068S1,gtm_samples/glass_breaking/SS-GLA-0068S1.wav,Glass Breaking,derived:TM window of SS-GLA-0068,https://freesound.org/s/209979/,CC0-1.0,Soundscape_Leuphana,2026-09-26,1.000,44100,1,unspecified,unspecified,n/a,augmented,SS-GLA-0068,1.000,2.000,6e480c23ae40786114ac56efabcc30b4e134cb1831962528229bdd2cd361bc88,train,tm-v3,offsets are in the preprocessed (trimmed) signal; split inherited from the parent
SS-GLA-0113S1,gtm_samples/glass_breaking/SS-GLA-0113S1.wav,Glass Breaking,derived:TM window of SS-GLA-0113,https://freesound.org/s/276938/,CC0-1.0,gladkiy,2026-09-26,0.805,44100,1,unspecified,unspecified,n/a,augmented,SS-GLA-0113,0.000,1.000,0ed923216d5c5dc31cc91c9db40013d1f945148af53d8171b7a012f123798c99,train,tm-v3,offsets are in the preprocessed (trimmed) signal; split inherited from the parent
SS-GLA-0604S1,gtm_samples/glass_breaking/SS-GLA-0604S1.wav,Glass Breaking,derived:TM window of SS-GLA-0604,https://zenodo.org/record/4060432,CC-BY-4.0,Eduardo Fonseca et al.,2026-09-26,1.000,44100,1,unspecified,,n/a,augmented,SS-GLA-0604,0.000,1.000,d0320cbb9aab0f45ed7b3622898338e0020874c64ce00fe35965276628503a18,train,tm-v3,offsets are in the preprocessed (trimmed) signal; split inherited from the parent
SS-GLA-0067S1,gtm_samples/glass_breaking/SS-GLA-0067S1.wav,Glass Breaking,derived:TM window of SS-GLA-0067,https://freesound.org/s/109359/,CC0-1.0,SoundCollectah,2026-09-26,1.000,44100,1,unspecified,unspecified,n/a,augmented,SS-GLA-0067,0.500,1.500,b12fb84f9a7d57e4315a2331e3fc4dfcdecafa79e6c257247ea343edf3591cea,train,tm-v3,offsets are in the preprocessed (trimmed) signal; split inherited from the parent
SS-GLA-0100S1,gtm_samples/glass_breaking/SS-GLA-0100S1.wav,Glass Breaking,derived:TM window of SS-GLA-0100,https://freesound.org/s/100733/,CC-BY-3.0,de-rez,2026-09-26,0.519,44100,1,unspecified,unspecified,n/a,augmented,SS-GLA-0100,0.000,1.000,2a7acc49cc44889beb0d51b494ed1083204a4f9f71254c0845310f6f7d2867ea,train,tm-v3,offsets are in the preprocessed (trimmed) signal; split inherited from the parent
SS-GLA-0591S1,gtm_samples/glass_breaking/SS-GLA-0591S1.wav,Glass Breaking,derived:TM window of SS-GLA-0591,https://zenodo.org/record/4060432,CC-BY-4.0,Eduardo Fonseca et al.,2026-09-26,0.559,44100,1,unspecified,,n/a,augmented,SS-GLA-0591,0.000,1.000,76d7267fff5e380e3a5c2b584d8e1c63c56a621c0c05665f8bbad66b048fb6f1,train,tm-v3,offsets are in the preprocessed (trimmed) signal; split inherited from the parent
SS-GLA-0060S1,gtm_samples/glass_breaking/SS-GLA-0060S1.wav,Glass Breaking,derived:TM window of SS-GLA-0060,https://freesound.org/s/260432/,CC-BY-3.0,RoganDerrick,2026-09-26,0.528,44100,1,outdoor,unspecified,n/a,augmented,SS-GLA-0060,0.000,1.000,59f940e71459cafaac0d5af3e72f4ea2d8499d5d4a21d1bcc3b03dca39f291e6,train,tm-v3,offsets are in the preprocessed (trimmed) signal; split inherited from the parent
SS-GLA-0563S1,gtm_samples/glass_breaking/SS-GLA-0563S1.wav,Glass Breaking,derived:TM window of SS-GLA-0563,https://zenodo.org/record/4060432,CC-BY-4.0,Eduardo Fonseca et al.,2026-09-26,0.415,44100,1,unspecified,,n/a,augmented,SS-GLA-0563,0.000,1.000,2f820eb3aa67b025c8bf395167a9d3574b93afdd3a43e8d6f2aea78fcaec3acd,train,tm-v3,offsets are in the preprocessed (trimmed) signal; split inherited from the parent
SS-GLA-0526S1,gtm_samples/glass_breaking/SS-GLA-0526S1.wav,Glass Breaking,derived:TM window of SS-GLA-0526,https://github.com/karolpiczak/ESC-50,CC-BY-4.0,Karol J. Piczak,2026-09-26,0.844,44100,1,unspecified,,n/a,augmented,SS-GLA-0526,0.000,1.000,d1a370662a22f03e38ddce3d1cdcc78875ba0ad2ff3960971f74e0fcc608ac80,train,tm-v3,offsets are in the preprocessed (trimmed) signal; split inherited from the parent
SS-GLA-0575S1,gtm_samples/glass_breaking/SS-GLA-0575S1.wav,Glass Breaking,derived:TM window of SS-GLA-0575,https://zenodo.org/record/4060432,CC-BY-4.0,Eduardo Fonseca et al.,2026-09-26,1.000,44100,1,unspecified,,n/a,augmented,SS-GLA-0575,0.000,1.000,7a28d29e125b9b27ef956460797ef21526d489c6217807c35e84c314e6ef5864,train,tm-v3,offsets are in the preprocessed (trimmed) signal; split inherited from the parent
SS-GLA-0556S1,gtm_samples/glass_breaking/SS-GLA-0556S1.wav,Glass Breaking,derived:TM window of SS-GLA-0556,https://zenodo.org/record/4060432,CC-BY-4.0,Eduardo Fonseca et al.,2026-09-26,0.895,44100,1,unspecified,,n/a,augmented,SS-GLA-0556,0.000,1.000,d174e986a5652e1879acef1f84795b14b1615ad8f79aa335554ceaecf7dc86ab,train,tm-v3,offsets are in the preprocessed (trimmed) signal; split inherited from the parent
SS-GLA-0031S1,gtm_samples/glass_breaking/SS-GLA-0031S1.wav,Glass Breaking,derived:TM window of SS-GLA-0031,https://freesound.org/s/105385/,CC-BY-3.0,DrZoom,2026-09-26,0.474,44100,1,unspecified,unspecified,n/a,augmented,SS-GLA-0031,0.000,1.000,d188e0dc774c6b7e02fed5960a016214b380ec824ab19395c23781483b4e9b2f,train,tm-v3,offsets are in the preprocessed (trimmed) signal; split inherited from the parent
SS-GLA-0039S1,gtm_samples/glass_breaking/SS-GLA-0039S1.wav,Glass Breaking,derived:TM window of SS-GLA-0039,https://freesound.org/s/21914/,CC-BY-3.0,Halleck,2026-09-26,0.250,44100,1,unspecified,unspecified,n/a,augmented,SS-GLA-0039,0.000,1.000,453d8842bc7d63e1c40d2448289865055e95d414a4e795cb1a07fcf46ac7036b,train,tm-v3,offsets are in the preprocessed (trimmed) signal; split inherited from the parent
SS-GLA-0011S1,gtm_samples/glass_breaking/SS-GLA-0011S1.wav,Glass Breaking,derived:TM window of SS-GLA-0011,https://freesound.org/s/132410/,CC-BY-3.0,AlienXXX,2026-09-26,1.000,44100,1,outdoor,unspecified,n/a,augmented,SS-GLA-0011,1.500,2.500,fd92c8b4628e508bf0bc4612ee8a90da6b96058baebe794a1e2532cb8c956318,train,tm-v3,offsets are in the preprocessed (trimmed) signal; split inherited from the parent
SS-GLA-0040S1,gtm_samples/glass_breaking/SS-GLA-0040S1.wav,Glass Breaking,derived:TM window of SS-GLA-0040,https://freesound.org/s/47012/,Sampling+-1.0,Hydrophobiciguana,2026-09-26,1.000,44100,1,unspecified,unspecified,n/a,augmented,SS-GLA-0040,9.000,10.000,6b4d8b3f06e98abfe1f6af58c8def63d94601d8daed960b5cc93b2ac2ec0dce7,train,tm-v3,offsets are in the preprocessed (trimmed) signal; split inherited from the parent
SS-GLA-0091S1,gtm_samples/glass_breaking/SS-GLA-0091S1.wav,Glass Breaking,derived:TM window of SS-GLA-0091,https://freesound.org/s/198845/,CC-BY-3.0,bone666138,2026-09-26,1.000,44100,1,vehicle,unspecified,n/a,augmented,SS-GLA-0091,4.500,5.500,ead87dd364c593dd3f4e38d43a216007224068443f9f33a18911140ada7295d8,train,tm-v3,offsets are in the preprocessed (trimmed) signal; split inherited from the parent
SS-GLA-0657S1,gtm_samples/glass_breaking/SS-GLA-0657S1.wav,Glass Breaking,derived:TM window of SS-GLA-0657,https://zenodo.org/record/4060432,CC-BY-4.0,Eduardo Fonseca et al.,2026-09-26,1.000,44100,1,unspecified,,n/a,augmented,SS-GLA-0657,0.000,1.000,89612a447c6cab52a1b60afaa12aa248b35aed617bf027d5b33cba04539b5d80,train,tm-v3,offsets are in the preprocessed (trimmed) signal; split inherited from the parent
SS-GLA-0089S1,gtm_samples/glass_breaking/SS-GLA-0089S1.wav,Glass Breaking,derived:TM window of SS-GLA-0089,https://freesound.org/s/316643/,CC0-1.0,benjaminharveydesign,2026-09-26,1.000,44100,1,unspecified,unspecified,n/a,augmented,SS-GLA-0089,11.500,12.500,0c43edef076f9ff60532807966b14e6d912c942e07c735d55c0dbedfe3c9dcc8,train,tm-v3,offsets are in the preprocessed (trimmed) signal; split inherited from the parent
SS-GLA-0646S1,gtm_samples/glass_breaking/SS-GLA-0646S1.wav,Glass Breaking,derived:TM window of SS-GLA-0646,https://zenodo.org/record/4060432,CC-BY-4.0,Eduardo Fonseca et al.,2026-09-26,0.226,44100,1,unspecified,,n/a,augmented,SS-GLA-0646,0.000,1.000,ed171079b54380fde917e08093826fc2213e512934a7a6e45641f54ee74b50a4,train,tm-v3,offsets are in the preprocessed (trimmed) signal; split inherited from the parent
SS-GLA-0634S1,gtm_samples/glass_breaking/SS-GLA-0634S1.wav,Glass Breaking,derived:TM window of SS-GLA-0634,https://zenodo.org/record/4060432,CC-BY-4.0,Eduardo Fonseca et al.,2026-09-26,1.000,44100,1,unspecified,,n/a,augmented,SS-GLA-0634,0.500,1.500,2f6947f776fa7fc13a129eb7603e6ebebcd05a50e8b6650e1836e406b9070b46,train,tm-v3,offsets are in the preprocessed (trimmed) signal; split inherited from the parent
SS-GLA-0585S1,gtm_samples/glass_breaking/SS-GLA-0585S1.wav,Glass Breaking,derived:TM window of SS-GLA-0585,https://zenodo.org/record/4060432,CC-BY-4.0,Eduardo Fonseca et al.,2026-09-26,0.417,44100,1,unspecified,,n/a,augmented,SS-GLA-0585,0.000,1.000,7dd9a2dd1f59bc27770f644893bfdcccd9693247387210fe2dde0ec17c0fbba9,train,tm-v3,offsets are in the preprocessed (trimmed) signal; split inherited from the parent
SS-GLA-0133S1,gtm_samples/glass_breaking/SS-GLA-0133S1.wav,Glass Breaking,derived:TM window of SS-GLA-0133,https://freesound.org/s/340883/,CC-BY-3.0,passAirmangrace,2026-09-26,0.152,44100,1,unspecified,unspecified,n/a,augmented,SS-GLA-0133,0.000,1.000,70a82adebb6911adaba816fe9cb83f276bec4e340213696b15fe067410239100,train,tm-v3,offsets are in the preprocessed (trimmed) signal; split inherited from the parent
SS-GLA-0066S1,gtm_samples/glass_breaking/SS-GLA-0066S1.wav,Glass Breaking,derived:TM window of SS-GLA-0066,https://freesound.org/s/275492/,CC-BY-3.0,SophronsineSoundDesign,2026-09-26,1.000,44100,1,unspecified,unspecified,n/a,augmented,SS-GLA-0066,0.000,1.000,215e041a5fe867d1d5cf74c49074ee5dfae946fdda940c238abfa8e6edf5ec9e,train,tm-v3,offsets are in the preprocessed (trimmed) signal; split inherited from the parent
SS-GLA-0524S1,gtm_samples/glass_breaking/SS-GLA-0524S1.wav,Glass Breaking,derived:TM window of SS-GLA-0524,https://github.com/karolpiczak/ESC-50,CC-BY-4.0,Karol J. Piczak,2026-09-26,0.316,44100,1,unspecified,,n/a,augmented,SS-GLA-0524,0.000,1.000,75ec03951c8dc966a80d89f80fbd6a3cad09ac8aec6b3af8d930f6aff1b4732f,train,tm-v3,offsets are in the preprocessed (trimmed) signal; split inherited from the parent
SS-GLA-0050S1,gtm_samples/glass_breaking/SS-GLA-0050S1.wav,Glass Breaking,derived:TM window of SS-GLA-0050,https://freesound.org/s/118198/,CC0-1.0,MegaPenguin13,2026-09-26,1.000,44100,1,unspecified,unspecified,n/a,augmented,SS-GLA-0050,0.000,1.000,bd3f291183895f79cf57dfb129d9f6cd77082fa31d16571c7881629cdf27f25d,train,tm-v3,offsets are in the preprocessed (trimmed) signal; split inherited from the parent
SS-GLA-0621S1,gtm_samples/glass_breaking/SS-GLA-0621S1.wav,Glass Breaking,derived:TM window of SS-GLA-0621,https://zenodo.org/record/4060432,CC-BY-4.0,Eduardo Fonseca et al.,2026-09-26,1.000,44100,1,unspecified,,n/a,augmented,SS-GLA-0621,0.000,1.000,42252ae5b1b75913555b82cfe12de6ba600badaa7b0684b2bcab48d4041b77eb,train,tm-v3,offsets are in the preprocessed (trimmed) signal; split inherited from the parent
SS-GLA-0627S1,gtm_samples/glass_breaking/SS-GLA-0627S1.wav,Glass Breaking,derived:TM window of SS-GLA-0627,https://zenodo.org/record/4060432,CC-BY-4.0,Eduardo Fonseca et al.,2026-09-26,1.000,44100,1,unspecified,,n/a,augmented,SS-GLA-0627,2.500,3.500,9e688d1c0e503bfbabd53e6bfd6b113f303295b71eba04ba3af7f64c4eba6115,train,tm-v3,offsets are in the preprocessed (trimmed) signal; split inherited from the parent
SS-GLA-0012S1,gtm_samples/glass_breaking/SS-GLA-0012S1.wav,Glass Breaking,derived:TM window of SS-GLA-0012,https://freesound.org/s/331913/,CC0-1.0,Andre_Desartistes,2026-09-26,0.594,44100,1,unspecified,unspecified,n/a,augmented,SS-GLA-0012,0.000,1.000,041a3cc9f3bebeda1c0bc846b87fd386637414e6032f3c7db0783bf14753072f,train,tm-v3,offsets are in the preprocessed (trimmed) signal; split inherited from the parent
SS-GLA-0008S1,gtm_samples/glass_breaking/SS-GLA-0008S1.wav,Glass Breaking,derived:TM window of SS-GLA-0008,https://freesound.org/s/144890/,CC0-1.0,Adam_N,2026-09-26,0.156,44100,1,outdoor,unspecified,n/a,augmented,SS-GLA-0008,0.000,1.000,e790a5a0bd25bc4067f9db2140cdbcc1c9beb874ca278501b8acc800e286d636,train,tm-v3,offsets are in the preprocessed (trimmed) signal; split inherited from the parent
SS-GLA-0605S1,gtm_samples/glass_breaking/SS-GLA-0605S1.wav,Glass Breaking,derived:TM window of SS-GLA-0605,https://zenodo.org/record/4060432,CC-BY-4.0,Eduardo Fonseca et al.,2026-09-26,1.000,44100,1,unspecified,,n/a,augmented,SS-GLA-0605,1.000,2.000,724fb93614993d8171d6b74af802d63f43e88bfdd4459b6bffe8ec84b5ba8866,train,tm-v3,offsets are in the preprocessed (trimmed) signal; split inherited from the parent
SS-GLA-0588S1,gtm_samples/glass_breaking/SS-GLA-0588S1.wav,Glass Breaking,derived:TM window of SS-GLA-0588,https://zenodo.org/record/4060432,CC-BY-4.0,Eduardo Fonseca et al.,2026-09-26,1.000,44100,1,unspecified,,n/a,augmented,SS-GLA-0588,0.000,1.000,4c9cc234f248edefff7ee8474a840217c33314c3500a43fff88f232eb4e46ecb,train,tm-v3,offsets are in the preprocessed (trimmed) signal; split inherited from the parent
SS-GLA-0146S1,gtm_samples/glass_breaking/SS-GLA-0146S1.wav,Glass Breaking,derived:TM window of SS-GLA-0146,https://freesound.org/s/221528/,CC-BY-3.0,unfa,2026-09-26,0.375,44100,1,outdoor,unspecified,n/a,augmented,SS-GLA-0146,0.000,1.000,a9ab91f5c805ec538f434af5726892eec2027acb3c15e1101438df2af1c8523d,train,tm-v3,offsets are in the preprocessed (trimmed) signal; split inherited from the parent
SS-GLA-0093S1,gtm_samples/glass_breaking/SS-GLA-0093S1.wav,Glass Breaking,derived:TM window of SS-GLA-0093,https://freesound.org/s/352065/,CC0-1.0,cabled_mess,2026-09-26,0.267,44100,1,unspecified,unspecified,n/a,augmented,SS-GLA-0093,0.000,1.000,895d919bfbe3b0ad793ffd93f2b96a8e1ef833c0c087fb8f0c1ea7423f1b56cf,train,tm-v3,offsets are in the preprocessed (trimmed) signal; split inherited from the parent
SS-GLA-0535S1,gtm_samples/glass_breaking/SS-GLA-0535S1.wav,Glass Breaking,derived:TM window of SS-GLA-0535,https://github.com/karolpiczak/ESC-50,CC-BY-4.0,Karol J. Piczak,2026-09-26,0.390,44100,1,unspecified,,n/a,augmented,SS-GLA-0535,0.000,1.000,4e215629f6d77454f5d3db6f7e7be95803d9192150b8626f89cac583f15422f8,train,tm-v3,offsets are in the preprocessed (trimmed) signal; split inherited from the parent
SS-GLA-0553S1,gtm_samples/glass_breaking/SS-GLA-0553S1.wav,Glass Breaking,derived:TM window of SS-GLA-0553,https://zenodo.org/record/4060432,CC-BY-4.0,Eduardo Fonseca et al.,2026-09-26,1.000,44100,1,unspecified,,n/a,augmented,SS-GLA-0553,0.000,1.000,3a0960343d0012f79e21a3b36f4e892a5b93b01134bc22f78a79effc6a3fe31a,train,tm-v3,offsets are in the preprocessed (trimmed) signal; split inherited from the parent
SS-GLA-0536S1,gtm_samples/glass_breaking/SS-GLA-0536S1.wav,Glass Breaking,derived:TM window of SS-GLA-0536,https://github.com/karolpiczak/ESC-50,CC-BY-4.0,Karol J. Piczak,2026-09-26,0.546,44100,1,unspecified,,n/a,augmented,SS-GLA-0536,0.000,1.000,489553a57a6588e08ea92dc8752128fed83335f7d2eb945e53ae62cf55976e49,train,tm-v3,offsets are in the preprocessed (trimmed) signal; split inherited from the parent
SS-GLA-0663S1,gtm_samples/glass_breaking/SS-GLA-0663S1.wav,Glass Breaking,derived:TM window of SS-GLA-0663,https://zenodo.org/record/4060432,CC-BY-4.0,Eduardo Fonseca et al.,2026-09-26,1.000,44100,1,unspecified,,n/a,augmented,SS-GLA-0663,0.000,1.000,04730b8585230a71c4572fe79d58c0eb50e032fa55ba22c66a28930e765d8f93,train,tm-v3,offsets are in the preprocessed (trimmed) signal; split inherited from the parent
SS-GLA-0533S1,gtm_samples/glass_breaking/SS-GLA-0533S1.wav,Glass Breaking,derived:TM window of SS-GLA-0533,https://github.com/karolpiczak/ESC-50,CC-BY-4.0,Karol J. Piczak,2026-09-26,0.377,44100,1,unspecified,,n/a,augmented,SS-GLA-0533,0.000,1.000,656da6eaf8f772abbdc7083c5d48bb3c9d6989fce16a867c4510955de2b8d794,train,tm-v3,offsets are in the preprocessed (trimmed) signal; split inherited from the parent
SS-GLA-0614S1,gtm_samples/glass_breaking/SS-GLA-0614S1.wav,Glass Breaking,derived:TM window of SS-GLA-0614,https://zenodo.org/record/4060432,CC-BY-4.0,Eduardo Fonseca et al.,2026-09-26,1.000,44100,1,unspecified,,n/a,augmented,SS-GLA-0614,0.000,1.000,ac869555dfd03b3eb92a5421319c327a405f8c5481fbd5fd7564ce0c66f66b53,train,tm-v3,offsets are in the preprocessed (trimmed) signal; split inherited from the parent
SS-GLA-0613S1,gtm_samples/glass_breaking/SS-GLA-0613S1.wav,Glass Breaking,derived:TM window of SS-GLA-0613,https://zenodo.org/record/4060432,CC-BY-4.0,Eduardo Fonseca et al.,2026-09-26,1.000,44100,1,unspecified,,n/a,augmented,SS-GLA-0613,8.000,9.000,fe37e27a788558eb90e50d97bc970db3042cffb62c6544e97175928335e117bf,train,tm-v3,offsets are in the preprocessed (trimmed) signal; split inherited from the parent
SS-GLA-0134S1,gtm_samples/glass_breaking/SS-GLA-0134S1.wav,Glass Breaking,derived:TM window of SS-GLA-0134,https://freesound.org/s/339637/,CC0-1.0,prodepha,2026-09-26,1.000,44100,1,unspecified,unspecified,n/a,augmented,SS-GLA-0134,0.000,1.000,d544dea5e915d6eaea11be08e0ab0fd48c0d894245633dc5bbd469b5e599b94a,train,tm-v3,offsets are in the preprocessed (trimmed) signal; split inherited from the parent
SS-GLA-0025S1,gtm_samples/glass_breaking/SS-GLA-0025S1.wav,Glass Breaking,derived:TM window of SS-GLA-0025,https://freesound.org/s/160759/,CC-BY-3.0,CosmicEmbers,2026-09-26,1.000,44100,1,unspecified,unspecified,n/a,augmented,SS-GLA-0025,0.000,1.000,6989d4f667a3d8610b58dd54e42b5be07eace6843a7e7cf56509620411341240,train,tm-v3,offsets are in the preprocessed (trimmed) signal; split inherited from the parent
SS-GLA-0017S1,gtm_samples/glass_breaking/SS-GLA-0017S1.wav,Glass Breaking,derived:TM window of SS-GLA-0017,https://freesound.org/s/145558/,CC-BY-3.0,Black Snow,2026-09-26,1.000,44100,1,unspecified,unspecified,n/a,augmented,SS-GLA-0017,0.000,1.000,1d6291a16d66724edd8475c1c27cc6c8601a3495141686d431e3939bfa753b56,train,tm-v3,offsets are in the preprocessed (trimmed) signal; split inherited from the parent
SS-GLA-0021S1,gtm_samples/glass_breaking/SS-GLA-0021S1.wav,Glass Breaking,derived:TM window of SS-GLA-0021,https://freesound.org/s/429494/,CC0-1.0,Cabelin_Brabo,2026-09-26,1.000,44100,1,studio,unspecified,n/a,augmented,SS-GLA-0021,0.500,1.500,4dc495c309ab95185c85a2ac699fd8dd43e0ad249a2bb5c6a94419c114fd075e,train,tm-v3,offsets are in the preprocessed (trimmed) signal; split inherited from the parent
SS-GLA-0564S1,gtm_samples/glass_breaking/SS-GLA-0564S1.wav,Glass Breaking,derived:TM window of SS-GLA-0564,https://zenodo.org/record/4060432,CC-BY-4.0,Eduardo Fonseca et al.,2026-09-26,1.000,44100,1,unspecified,,n/a,augmented,SS-GLA-0564,3.500,4.500,f248c03eb2fcd38fc55aa36a6b02d5fb4e11df3225258ddc8a612e3722cc7c0e,train,tm-v3,offsets are in the preprocessed (trimmed) signal; split inherited from the parent
SS-GLA-0592S1,gtm_samples/glass_breaking/SS-GLA-0592S1.wav,Glass Breaking,derived:TM window of SS-GLA-0592,https://zenodo.org/record/4060432,CC-BY-4.0,Eduardo Fonseca et al.,2026-09-26,1.000,44100,1,unspecified,,n/a,augmented,SS-GLA-0592,0.000,1.000,be9beed9108f3fe080ffe1357874ef70fc5f10efc107ec851110ff6ea0c0b7cc,train,tm-v3,offsets are in the preprocessed (trimmed) signal; split inherited from the parent
SS-GLA-0090S1,gtm_samples/glass_breaking/SS-GLA-0090S1.wav,Glass Breaking,derived:TM window of SS-GLA-0090,https://freesound.org/s/272478/,CC0-1.0,bolcol,2026-09-26,1.000,44100,1,unspecified,unspecified,n/a,augmented,SS-GLA-0090,18.500,19.500,92b1be86b5f92667bbfe9ea417d88c05ae561e53f6afda8180acdb736ea10564,train,tm-v3,offsets are in the preprocessed (trimmed) signal; split inherited from the parent
SS-GLA-0502S1,gtm_samples/glass_breaking/SS-GLA-0502S1.wav,Glass Breaking,derived:TM window of SS-GLA-0502,https://github.com/karolpiczak/ESC-50,CC-BY-4.0,Karol J. Piczak,2026-09-26,0.905,44100,1,unspecified,,n/a,augmented,SS-GLA-0502,0.000,1.000,956006f81ecfc050eb1fdc767636d6cba97775adff1d37eda67fe4d6e18ad4b1,train,tm-v3,offsets are in the preprocessed (trimmed) signal; split inherited from the parent
SS-GLA-0589S1,gtm_samples/glass_breaking/SS-GLA-0589S1.wav,Glass Breaking,derived:TM window of SS-GLA-0589,https://zenodo.org/record/4060432,CC-BY-4.0,Eduardo Fonseca et al.,2026-09-26,1.000,44100,1,unspecified,,n/a,augmented,SS-GLA-0589,14.000,15.000,c82928f25e1e661af2e33ee4da291d75deecbbb6d9f58796d3d336b6bada67f2,train,tm-v3,offsets are in the preprocessed (trimmed) signal; split inherited from the parent
SS-GLA-0101S1,gtm_samples/glass_breaking/SS-GLA-0101S1.wav,Glass Breaking,derived:TM window of SS-GLA-0101,https://freesound.org/s/245167/,CC-BY-3.0,deleted_user_4401185,2026-09-26,0.591,44100,1,unspecified,unspecified,n/a,augmented,SS-GLA-0101,0.000,1.000,45635bdaa7510ceafcd41da80951816006fe26d4585b016a8e18d49ce0f646ef,train,tm-v3,offsets are in the preprocessed (trimmed) signal; split inherited from the parent
SS-GLA-0137S1,gtm_samples/glass_breaking/SS-GLA-0137S1.wav,Glass Breaking,derived:TM window of SS-GLA-0137,https://freesound.org/s/90956/,CC-BY-3.0,sandyrb,2026-09-26,0.288,44100,1,unspecified,unspecified,n/a,augmented,SS-GLA-0137,0.000,1.000,00d770bdd9f38ecf9720b7cb681e83838d230ac0f1044fc074ed6b59916b0542,train,tm-v3,offsets are in the preprocessed (trimmed) signal; split inherited from the parent
SS-GLA-0532S1,gtm_samples/glass_breaking/SS-GLA-0532S1.wav,Glass Breaking,derived:TM window of SS-GLA-0532,https://github.com/karolpiczak/ESC-50,CC-BY-4.0,Karol J. Piczak,2026-09-26,0.536,44100,1,unspecified,,n/a,augmented,SS-GLA-0532,0.000,1.000,5b218c8209b4d4eaf031d2345ac8000eb2a0776fa8359bd04b8903295bd4d20b,train,tm-v3,offsets are in the preprocessed (trimmed) signal; split inherited from the parent
SS-GLA-0517S1,gtm_samples/glass_breaking/SS-GLA-0517S1.wav,Glass Breaking,derived:TM window of SS-GLA-0517,https://github.com/karolpiczak/ESC-50,CC-BY-4.0,Karol J. Piczak,2026-09-26,0.826,44100,1,unspecified,,n/a,augmented,SS-GLA-0517,0.000,1.000,6584e1a9c16227363475d412881e9e7095c8ea5389e7616b0cb05cf7ff44887f,train,tm-v3,offsets are in the preprocessed (trimmed) signal; split inherited from the parent
SS-GLA-0616S1,gtm_samples/glass_breaking/SS-GLA-0616S1.wav,Glass Breaking,derived:TM window of SS-GLA-0616,https://zenodo.org/record/4060432,CC-BY-4.0,Eduardo Fonseca et al.,2026-09-26,0.765,44100,1,unspecified,,n/a,augmented,SS-GLA-0616,0.000,1.000,8db8bff0502d4c5864f3c440bcb6ebdfff3f52f6f1dc1dbbfec96916173254eb,train,tm-v3,offsets are in the preprocessed (trimmed) signal; split inherited from the parent
SS-GLA-0114S1,gtm_samples/glass_breaking/SS-GLA-0114S1.wav,Glass Breaking,derived:TM window of SS-GLA-0114,https://freesound.org/s/321283/,CC0-1.0,goldendiaphragm,2026-09-26,0.136,44100,1,unspecified,unspecified,n/a,augmented,SS-GLA-0114,0.000,1.000,8241ebc069c39a14f931531b51ca71b8e7833afcb05618d0e55230db66a46386,train,tm-v3,offsets are in the preprocessed (trimmed) signal; split inherited from the parent
SS-GLA-0636S1,gtm_samples/glass_breaking/SS-GLA-0636S1.wav,Glass Breaking,derived:TM window of SS-GLA-0636,https://zenodo.org/record/4060432,CC-BY-4.0,Eduardo Fonseca et al.,2026-09-26,1.000,44100,1,unspecified,,n/a,augmented,SS-GLA-0636,0.500,1.500,ef32e0128dc09c8012232141cda73da5da08bf09dce6943bb6eeb8e50c9bd57d,train,tm-v3,offsets are in the preprocessed (trimmed) signal; split inherited from the parent
SS-GLA-0110S1,gtm_samples/glass_breaking/SS-GLA-0110S1.wav,Glass Breaking,derived:TM window of SS-GLA-0110,https://freesound.org/s/62936/,CC-BY-3.0,elinevera,2026-09-26,0.113,44100,1,unspecified,unspecified,n/a,augmented,SS-GLA-0110,0.000,1.000,afa607c012a308c0a01e8db08cafb4c7b3aed469484761d03fff69bffe5fceea,train,tm-v3,offsets are in the preprocessed (trimmed) signal; split inherited from the parent
SS-GLA-0042S1,gtm_samples/glass_breaking/SS-GLA-0042S1.wav,Glass Breaking,derived:TM window of SS-GLA-0042,https://freesound.org/s/219042/,CC0-1.0,JarredGibb,2026-09-26,1.000,44100,1,unspecified,unspecified,n/a,augmented,SS-GLA-0042,1.000,2.000,8d1a969ec9aeb01db493a24fa3123752c0370265c81d5be0bb4fda87cff3c60d,train,tm-v3,offsets are in the preprocessed (trimmed) signal; split inherited from the parent
SS-GLA-0590S1,gtm_samples/glass_breaking/SS-GLA-0590S1.wav,Glass Breaking,derived:TM window of SS-GLA-0590,https://zenodo.org/record/4060432,CC-BY-4.0,Eduardo Fonseca et al.,2026-09-26,1.000,44100,1,unspecified,,n/a,augmented,SS-GLA-0590,0.000,1.000,4d53e9a83f5a5654703b308c886e3e7b2172d80d6f37c69637a531ae6ec8b38f,train,tm-v3,offsets are in the preprocessed (trimmed) signal; split inherited from the parent
SS-GLA-0056S1,gtm_samples/glass_breaking/SS-GLA-0056S1.wav,Glass Breaking,derived:TM window of SS-GLA-0056,https://freesound.org/s/94202/,CC-BY-3.0,Peter Lustig,2026-09-26,1.000,44100,1,indoor,unspecified,n/a,augmented,SS-GLA-0056,0.000,1.000,fe7c58318ba3ca44febc054b0274253f429f06b11db4f272e3a0c633f545bdcb,train,tm-v3,offsets are in the preprocessed (trimmed) signal; split inherited from the parent
SS-GLA-0122S1,gtm_samples/glass_breaking/SS-GLA-0122S1.wav,Glass Breaking,derived:TM window of SS-GLA-0122,https://freesound.org/s/194682/,CC0-1.0,kingsrow,2026-09-26,0.663,44100,1,unspecified,unspecified,n/a,augmented,SS-GLA-0122,0.000,1.000,f7c6d0539fec12ec14abf33e4e7f68433547d7d5f6e040c0e2a3688bae05da5d,train,tm-v3,offsets are in the preprocessed (trimmed) signal; split inherited from the parent
SS-GLA-0098S1,gtm_samples/glass_breaking/SS-GLA-0098S1.wav,Glass Breaking,derived:TM window of SS-GLA-0098,https://freesound.org/s/365193/,CC-BY-3.0,cylon8472,2026-09-26,0.463,44100,1,unspecified,unspecified,n/a,augmented,SS-GLA-0098,0.000,1.000,cb3d78e8faf768735c15892e1a2859755a19a554cab5cd39d79bfa503daffb70,train,tm-v3,offsets are in the preprocessed (trimmed) signal; split inherited from the parent
SS-GLA-0548S1,gtm_samples/glass_breaking/SS-GLA-0548S1.wav,Glass Breaking,derived:TM window of SS-GLA-0548,https://zenodo.org/record/4060432,CC-BY-4.0,Eduardo Fonseca et al.,2026-09-26,0.857,44100,1,unspecified,,n/a,augmented,SS-GLA-0548,0.000,1.000,b0bd5146ab45da46983cf0fd2b0f9d78ea8110d542b14469281f2ecc4951f6aa,train,tm-v3,offsets are in the preprocessed (trimmed) signal; split inherited from the parent
SS-GLA-0103S1,gtm_samples/glass_breaking/SS-GLA-0103S1.wav,Glass Breaking,derived:TM window of SS-GLA-0103,https://freesound.org/s/433647/,CC-BY-3.0,dersuperanton,2026-09-26,1.000,44100,1,unspecified,unspecified,n/a,augmented,SS-GLA-0103,0.500,1.500,c0ba4ee13c684f7f651f0f83a555f761b5cccf22946f4291d8e6f7941e778576,train,tm-v3,offsets are in the preprocessed (trimmed) signal; split inherited from the parent
SS-GLA-0606S1,gtm_samples/glass_breaking/SS-GLA-0606S1.wav,Glass Breaking,derived:TM window of SS-GLA-0606,https://zenodo.org/record/4060432,CC-BY-4.0,Eduardo Fonseca et al.,2026-09-26,1.000,44100,1,unspecified,,n/a,augmented,SS-GLA-0606,0.000,1.000,2362bd3724f49a86da41f8384be004e629b44f349f4beaa824dd6d6aa4abcd93,train,tm-v3,offsets are in the preprocessed (trimmed) signal; split inherited from the parent
SS-GLA-0593S1,gtm_samples/glass_breaking/SS-GLA-0593S1.wav,Glass Breaking,derived:TM window of SS-GLA-0593,https://zenodo.org/record/4060432,CC-BY-4.0,Eduardo Fonseca et al.,2026-09-26,1.000,44100,1,unspecified,,n/a,augmented,SS-GLA-0593,1.000,2.000,850221ed0301fb2678585d2207aac537fe9ffc2af895d6fc86967a0b53eb7887,train,tm-v3,offsets are in the preprocessed (trimmed) signal; split inherited from the parent
SS-GLA-0096S1,gtm_samples/glass_breaking/SS-GLA-0096S1.wav,Glass Breaking,derived:TM window of SS-GLA-0096,https://freesound.org/s/38542/,CC0-1.0,cognito perceptu,2026-09-26,0.253,44100,1,unspecified,unspecified,n/a,augmented,SS-GLA-0096,0.000,1.000,6eff905711644c3a7124720d960926027d0c48d9c0a0abb91012a0a635b5a16d,train,tm-v3,offsets are in the preprocessed (trimmed) signal; split inherited from the parent
SS-GLA-0111S1,gtm_samples/glass_breaking/SS-GLA-0111S1.wav,Glass Breaking,derived:TM window of SS-GLA-0111,https://freesound.org/s/173557/,CC0-1.0,gevaroy,2026-09-26,1.000,44100,1,outdoor,unspecified,n/a,augmented,SS-GLA-0111,0.000,1.000,e7fd7d9fb704f3faaf76e5e9c7bffeb8c6448c4637762f7c18d099e9dbd1ed37,train,tm-v3,offsets are in the preprocessed (trimmed) signal; split inherited from the parent
SS-GLA-0611S1,gtm_samples/glass_breaking/SS-GLA-0611S1.wav,Glass Breaking,derived:TM window of SS-GLA-0611,https://zenodo.org/record/4060432,CC-BY-4.0,Eduardo Fonseca et al.,2026-09-26,1.000,44100,1,unspecified,,n/a,augmented,SS-GLA-0611,0.000,1.000,834bdc028e8737ac1917618af979dde53dbb258b84c655a908441e269ba5cf31,train,tm-v3,offsets are in the preprocessed (trimmed) signal; split inherited from the parent
SS-GLA-0102S1,gtm_samples/glass_breaking/SS-GLA-0102S1.wav,Glass Breaking,derived:TM window of SS-GLA-0102,https://freesound.org/s/39241/,CC-BY-3.0,delphidebrain,2026-09-26,0.490,44100,1,indoor,unspecified,n/a,augmented,SS-GLA-0102,0.000,1.000,a693a381934f24e2fad3b0e33e6f31d5e68744ec332d2dca0a236d2ba2fd9801,train,tm-v3,offsets are in the preprocessed (trimmed) signal; split inherited from the parent
SS-GLA-0539S1,gtm_samples/glass_breaking/SS-GLA-0539S1.wav,Glass Breaking,derived:TM window of SS-GLA-0539,https://github.com/karolpiczak/ESC-50,CC-BY-4.0,Karol J. Piczak,2026-09-26,0.579,44100,1,unspecified,,n/a,augmented,SS-GLA-0539,0.000,1.000,3a04dd4fab33ebb9660e77d391f50e929510a774df688f4c7322883606bc970e,train,tm-v3,offsets are in the preprocessed (trimmed) signal; split inherited from the parent
SS-GLA-0106S1,gtm_samples/glass_breaking/SS-GLA-0106S1.wav,Glass Breaking,derived:TM window of SS-GLA-0106,https://freesound.org/s/171994/,CC0-1.0,drewkelly,2026-09-26,0.748,44100,1,outdoor,unspecified,n/a,augmented,SS-GLA-0106,0.000,1.000,1b53da051407e4ee9b34df8622cb39645c01dc9d1bc7c234dc48c62218cef5ee,train,tm-v3,offsets are in the preprocessed (trimmed) signal; split inherited from the parent
SS-GLA-0118S1,gtm_samples/glass_breaking/SS-GLA-0118S1.wav,Glass Breaking,derived:TM window of SS-GLA-0118,https://freesound.org/s/47804/,CC-BY-3.0,jcbatz,2026-09-26,1.000,44100,1,unspecified,unspecified,n/a,augmented,SS-GLA-0118,1.500,2.500,b2ca1da5ff8866f7a408d54115f3b6ff097125c33ce9f6fc872aa7ca822dab32,train,tm-v3,offsets are in the preprocessed (trimmed) signal; split inherited from the parent
SS-GLA-0618S1,gtm_samples/glass_breaking/SS-GLA-0618S1.wav,Glass Breaking,derived:TM window of SS-GLA-0618,https://zenodo.org/record/4060432,CC-BY-4.0,Eduardo Fonseca et al.,2026-09-26,1.000,44100,1,unspecified,,n/a,augmented,SS-GLA-0618,0.000,1.000,d5108dd7c918d29056e4d029a3bba31d4bd1242e065e9f4a618bc6ef46b93360,train,tm-v3,offsets are in the preprocessed (trimmed) signal; split inherited from the parent
SS-GLA-0640S1,gtm_samples/glass_breaking/SS-GLA-0640S1.wav,Glass Breaking,derived:TM window of SS-GLA-0640,https://zenodo.org/record/4060432,CC-BY-4.0,Eduardo Fonseca et al.,2026-09-26,0.570,44100,1,unspecified,,n/a,augmented,SS-GLA-0640,0.000,1.000,2e7e7e1e631665786eb68fa955154855c217f16004bbc1e507f5b73b2154f4fb,train,tm-v3,offsets are in the preprocessed (trimmed) signal; split inherited from the parent
SS-GLA-0507S1,gtm_samples/glass_breaking/SS-GLA-0507S1.wav,Glass Breaking,derived:TM window of SS-GLA-0507,https://github.com/karolpiczak/ESC-50,CC-BY-4.0,Karol J. Piczak,2026-09-26,1.000,44100,1,unspecified,,n/a,augmented,SS-GLA-0507,0.000,1.000,b4a0ae26122a0794c740bd4e419ef3f876dfa4ad8d8b37760f31066f4e0839a2,train,tm-v3,offsets are in the preprocessed (trimmed) signal; split inherited from the parent
SS-GLA-0076S1,gtm_samples/glass_breaking/SS-GLA-0076S1.wav,Glass Breaking,derived:TM window of SS-GLA-0076,https://freesound.org/s/406091/,CC0-1.0,Yin_Yang_Jake007,2026-09-26,1.000,44100,1,unspecified,unspecified,n/a,augmented,SS-GLA-0076,0.000,1.000,45e620c3d3122f07826631bf697758cbecba76ea5137451f3c71d68456d1802b,train,tm-v3,offsets are in the preprocessed (trimmed) signal; split inherited from the parent
SS-GLA-0547S1,gtm_samples/glass_breaking/SS-GLA-0547S1.wav,Glass Breaking,derived:TM window of SS-GLA-0547,https://zenodo.org/record/4060432,CC-BY-4.0,Eduardo Fonseca et al.,2026-09-26,1.000,44100,1,unspecified,,n/a,augmented,SS-GLA-0547,1.500,2.500,20b80bc3b2af8709c9791262a48c3afdbc9acc85744ab1a072f692638763fa56,train,tm-v3,offsets are in the preprocessed (trimmed) signal; split inherited from the parent
SS-GLA-0626S1,gtm_samples/glass_breaking/SS-GLA-0626S1.wav,Glass Breaking,derived:TM window of SS-GLA-0626,https://zenodo.org/record/4060432,CC-BY-4.0,Eduardo Fonseca et al.,2026-09-26,1.000,44100,1,unspecified,,n/a,augmented,SS-GLA-0626,0.000,1.000,a96d7858383855f8317c87231937ef631153b563cc9c35eb75543e449762e971,train,tm-v3,offsets are in the preprocessed (trimmed) signal; split inherited from the parent
SS-GUN-0618S1,gtm_samples/gunshot/SS-GUN-0618S1.wav,Gunshot,derived:TM window of SS-GUN-0618,https://urbansounddataset.weebly.com/urbansound8k.html,CC-BY-4.0,"Justin Salamon, Duncan Jacoby, Juan Pablo Bello",2026-09-26,0.980,44100,1,unspecified,,n/a,augmented,SS-GUN-0618,0.000,1.000,ab56843c73c5ef999dafbaa9475f72765debd6aa7be937c79196005762efb251,train,tm-v3,offsets are in the preprocessed (trimmed) signal; split inherited from the parent
SS-GUN-0021S1,gtm_samples/gunshot/SS-GUN-0021S1.wav,Gunshot,derived:TM window of SS-GUN-0021,https://freesound.org/s/150305/,CC0-1.0,Dragout,2026-09-26,1.000,44100,1,unspecified,unspecified,n/a,augmented,SS-GUN-0021,1.000,2.000,329fa536408a03b8ee09e393943b3f1f277ac10a39e6212b95fe434dd1741a72,train,tm-v3,offsets are in the preprocessed (trimmed) signal; split inherited from the parent
SS-GUN-0081S1,gtm_samples/gunshot/SS-GUN-0081S1.wav,Gunshot,derived:TM window of SS-GUN-0081,https://freesound.org/s/404334/,CC0-1.0,TheBuilder15,2026-09-26,1.000,44100,1,unspecified,unspecified,n/a,augmented,SS-GUN-0081,4.500,5.500,03c130707ee73b718b2d673daa9efb6f1dbcd9b5632ff485161fd8e515367f17,train,tm-v3,offsets are in the preprocessed (trimmed) signal; split inherited from the parent
SS-GUN-0639S1,gtm_samples/gunshot/SS-GUN-0639S1.wav,Gunshot,derived:TM window of SS-GUN-0639,https://urbansounddataset.weebly.com/urbansound8k.html,CC-BY-4.0,"Justin Salamon, Duncan Jacoby, Juan Pablo Bello",2026-09-26,0.613,44100,1,unspecified,,n/a,augmented,SS-GUN-0639,0.000,1.000,4125b32d8c7d18f0081526a7787ffb2b8cffebdeb7f8233a73a8123cd20ecaac,train,tm-v3,offsets are in the preprocessed (trimmed) signal; split inherited from the parent
SS-GUN-0526S1,gtm_samples/gunshot/SS-GUN-0526S1.wav,Gunshot,derived:TM window of SS-GUN-0526,https://urbansounddataset.weebly.com/urbansound8k.html,CC-BY-4.0,"Justin Salamon, Duncan Jacoby, Juan Pablo Bello",2026-09-26,0.850,44100,1,unspecified,,n/a,augmented,SS-GUN-0526,0.000,1.000,340258dfee40632aa78fc5d3eae0b63c3fc8a50d0c42fe4ff41ac8e8b507003f,train,tm-v3,offsets are in the preprocessed (trimmed) signal; split inherited from the parent
SS-GUN-0097S1,gtm_samples/gunshot/SS-GUN-0097S1.wav,Gunshot,derived:TM window of SS-GUN-0097,https://freesound.org/s/100465/,CC0-1.0,awesomemann1234,2026-09-26,0.251,44100,1,unspecified,unspecified,n/a,augmented,SS-GUN-0097,0.000,1.000,3277acbee783c2996a707acba22987fab58543300cba38a2f928fd9f1a4a49a0,train,tm-v3,offsets are in the preprocessed (trimmed) signal; split inherited from the parent
SS-GUN-0603S1,gtm_samples/gunshot/SS-GUN-0603S1.wav,Gunshot,derived:TM window of SS-GUN-0603,https://urbansounddataset.weebly.com/urbansound8k.html,CC-BY-4.0,"Justin Salamon, Duncan Jacoby, Juan Pablo Bello",2026-09-26,0.907,44100,1,unspecified,,n/a,augmented,SS-GUN-0603,0.000,1.000,c172f9066c67acffde58110c0b9c0d67b7e837b16a1bf77ddedf1ab6fdb54941,train,tm-v3,offsets are in the preprocessed (trimmed) signal; split inherited from the parent
SS-GUN-0123S1,gtm_samples/gunshot/SS-GUN-0123S1.wav,Gunshot,derived:TM window of SS-GUN-0123,https://freesound.org/s/174283/,CC-BY-3.0,ingudios,2026-09-26,1.000,44100,1,unspecified,unspecified,n/a,augmented,SS-GUN-0123,0.000,1.000,550611e6dd92e4f571df2a297477eea125df143e517f3cac162373085969b43a,train,tm-v3,offsets are in the preprocessed (trimmed) signal; split inherited from the parent
SS-GUN-0651S1,gtm_samples/gunshot/SS-GUN-0651S1.wav,Gunshot,derived:TM window of SS-GUN-0651,https://urbansounddataset.weebly.com/urbansound8k.html,CC-BY-4.0,"Justin Salamon, Duncan Jacoby, Juan Pablo Bello",2026-09-26,1.000,44100,1,unspecified,,n/a,augmented,SS-GUN-0651,0.000,1.000,93eeb12a880f98656de7963087a61c925788ea1042017409e34a05e3754a3828,train,tm-v3,offsets are in the preprocessed (trimmed) signal; split inherited from the parent
SS-GUN-0630S1,gtm_samples/gunshot/SS-GUN-0630S1.wav,Gunshot,derived:TM window of SS-GUN-0630,https://urbansounddataset.weebly.com/urbansound8k.html,CC-BY-4.0,"Justin Salamon, Duncan Jacoby, Juan Pablo Bello",2026-09-26,0.536,44100,1,unspecified,,n/a,augmented,SS-GUN-0630,0.000,1.000,a8ca56644a33d0574334fad840c46fad26b458738bda4cf84051a468526fe396,train,tm-v3,offsets are in the preprocessed (trimmed) signal; split inherited from the parent
SS-GUN-0502S1,gtm_samples/gunshot/SS-GUN-0502S1.wav,Gunshot,derived:TM window of SS-GUN-0502,https://urbansounddataset.weebly.com/urbansound8k.html,CC-BY-4.0,"Justin Salamon, Duncan Jacoby, Juan Pablo Bello",2026-09-26,0.603,44100,1,unspecified,,n/a,augmented,SS-GUN-0502,0.000,1.000,b38776f419f2cb561e1852f22431cf86532d4bdeb332bfee5f5bc10677299234,train,tm-v3,offsets are in the preprocessed (trimmed) signal; split inherited from the parent
SS-GUN-0591S1,gtm_samples/gunshot/SS-GUN-0591S1.wav,Gunshot,derived:TM window of SS-GUN-0591,https://urbansounddataset.weebly.com/urbansound8k.html,CC-BY-4.0,"Justin Salamon, Duncan Jacoby, Juan Pablo Bello",2026-09-26,1.000,44100,1,unspecified,,n/a,augmented,SS-GUN-0591,0.000,1.000,09e1ee280c50f83a1ce2ee3025f85830e742fc92d924d8fbc54333f54c1e1607,train,tm-v3,offsets are in the preprocessed (trimmed) signal; split inherited from the parent
SS-GUN-0043S1,gtm_samples/gunshot/SS-GUN-0043S1.wav,Gunshot,derived:TM window of SS-GUN-0043,https://freesound.org/s/180961/,CC-BY-3.0,Kleeb,2026-09-26,0.607,44100,1,outdoor,unspecified,n/a,augmented,SS-GUN-0043,0.000,1.000,ad70fab3591b2eb0ebaf6920592383d763fa98cd40dfdabd3e70d278a1ecc843,train,tm-v3,offsets are in the preprocessed (trimmed) signal; split inherited from the parent
SS-GUN-0128S1,gtm_samples/gunshot/SS-GUN-0128S1.wav,Gunshot,derived:TM window of SS-GUN-0128,https://freesound.org/s/232868/,CC0-1.0,klangfabrik,2026-09-26,1.000,44100,1,unspecified,unspecified,n/a,augmented,SS-GUN-0128,12.500,13.500,988d8a1f124ed30f03cb3f392302a7d8f19644dbeca98294d4d506f436463183,train,tm-v3,offsets are in the preprocessed (trimmed) signal; split inherited from the parent
SS-GUN-0510S1,gtm_samples/gunshot/SS-GUN-0510S1.wav,Gunshot,derived:TM window of SS-GUN-0510,https://urbansounddataset.weebly.com/urbansound8k.html,CC-BY-4.0,"Justin Salamon, Duncan Jacoby, Juan Pablo Bello",2026-09-26,1.000,44100,1,unspecified,,n/a,augmented,SS-GUN-0510,0.000,1.000,039b30fbb9e8655ff292d9ba42a3475aff8c80a40a609de3b9e384da29e4d0d1,train,tm-v3,offsets are in the preprocessed (trimmed) signal; split inherited from the parent
SS-GUN-0521S1,gtm_samples/gunshot/SS-GUN-0521S1.wav,Gunshot,derived:TM window of SS-GUN-0521,https://urbansounddataset.weebly.com/urbansound8k.html,CC-BY-4.0,"Justin Salamon, Duncan Jacoby, Juan Pablo Bello",2026-09-26,1.000,44100,1,unspecified,,n/a,augmented,SS-GUN-0521,0.000,1.000,0714f1d6f39be6239d6804150ddd654ea75486e2363eab0576997cffe8eb91a7,train,tm-v3,offsets are in the preprocessed (trimmed) signal; split inherited from the parent
SS-GUN-0131S1,gtm_samples/gunshot/SS-GUN-0131S1.wav,Gunshot,derived:TM window of SS-GUN-0131,https://freesound.org/s/182236/,CC0-1.0,martian,2026-09-26,1.000,44100,1,unspecified,unspecified,n/a,augmented,SS-GUN-0131,0.000,1.000,e62adec7b94e74a0cdf0431cc27a093c5c5a8e60da6c1894857331fde7e358c7,train,tm-v3,offsets are in the preprocessed (trimmed) signal; split inherited from the parent
SS-GUN-0620S1,gtm_samples/gunshot/SS-GUN-0620S1.wav,Gunshot,derived:TM window of SS-GUN-0620,https://urbansounddataset.weebly.com/urbansound8k.html,CC-BY-4.0,"Justin Salamon, Duncan Jacoby, Juan Pablo Bello",2026-09-26,0.500,44100,1,unspecified,,n/a,augmented,SS-GUN-0620,0.000,1.000,553bd87a501eb79552b56e0bb3965230e14d705c0c399c742b31825cc26a7a3e,train,tm-v3,offsets are in the preprocessed (trimmed) signal; split inherited from the parent
SS-GUN-0542S1,gtm_samples/gunshot/SS-GUN-0542S1.wav,Gunshot,derived:TM window of SS-GUN-0542,https://urbansounddataset.weebly.com/urbansound8k.html,CC-BY-4.0,"Justin Salamon, Duncan Jacoby, Juan Pablo Bello",2026-09-26,1.000,44100,1,unspecified,,n/a,augmented,SS-GUN-0542,0.000,1.000,25312e62a2fea6618bf0eea59f40f6fc340752d2e2eef2778041331db5cf2edc,train,tm-v3,offsets are in the preprocessed (trimmed) signal; split inherited from the parent
SS-GUN-0025S1,gtm_samples/gunshot/SS-GUN-0025S1.wav,Gunshot,derived:TM window of SS-GUN-0025,https://freesound.org/s/68036/,CC0-1.0,Ghostex,2026-09-26,1.000,44100,1,unspecified,unspecified,n/a,augmented,SS-GUN-0025,0.500,1.500,3560be305203b89896a4177677b66cb806646ffa2d7e413e01db3346f7203f80,train,tm-v3,offsets are in the preprocessed (trimmed) signal; split inherited from the parent
SS-GUN-0654S1,gtm_samples/gunshot/SS-GUN-0654S1.wav,Gunshot,derived:TM window of SS-GUN-0654,https://urbansounddataset.weebly.com/urbansound8k.html,CC-BY-4.0,"Justin Salamon, Duncan Jacoby, Juan Pablo Bello",2026-09-26,0.213,44100,1,unspecified,,n/a,augmented,SS-GUN-0654,0.000,1.000,66e750c44fbda12cb9bd47e303cc9085fc63e15c02a79ecb52eb967654e59aba,train,tm-v3,offsets are in the preprocessed (trimmed) signal; split inherited from the parent
SS-GUN-0589S1,gtm_samples/gunshot/SS-GUN-0589S1.wav,Gunshot,derived:TM window of SS-GUN-0589,https://urbansounddataset.weebly.com/urbansound8k.html,CC-BY-4.0,"Justin Salamon, Duncan Jacoby, Juan Pablo Bello",2026-09-26,1.000,44100,1,unspecified,,n/a,augmented,SS-GUN-0589,0.000,1.000,56812ab4391a0cc4c5e2886716748c0fb38a7021a6305a4878f6bbe6f6d8cdd4,train,tm-v3,offsets are in the preprocessed (trimmed) signal; split inherited from the parent
SS-GUN-0094S1,gtm_samples/gunshot/SS-GUN-0094S1.wav,Gunshot,derived:TM window of SS-GUN-0094,https://freesound.org/s/251004/,CC-BY-3.0,alex@vsi.tv,2026-09-26,0.543,44100,1,studio,unspecified,n/a,augmented,SS-GUN-0094,0.000,1.000,a024842a6d08c167d5bd7a1de7b13a67df605cac1935194e1ad86a0889de52c4,train,tm-v3,offsets are in the preprocessed (trimmed) signal; split inherited from the parent
SS-GUN-0611S1,gtm_samples/gunshot/SS-GUN-0611S1.wav,Gunshot,derived:TM window of SS-GUN-0611,https://urbansounddataset.weebly.com/urbansound8k.html,CC-BY-4.0,"Justin Salamon, Duncan Jacoby, Juan Pablo Bello",2026-09-26,0.975,44100,1,unspecified,,n/a,augmented,SS-GUN-0611,0.000,1.000,ac0b01a2f4eaa5d292a634f228746dba2ebd7410b138d578b6c9fe2c4b5dcaff,train,tm-v3,offsets are in the preprocessed (trimmed) signal; split inherited from the parent
SS-GUN-0642S1,gtm_samples/gunshot/SS-GUN-0642S1.wav,Gunshot,derived:TM window of SS-GUN-0642,https://urbansounddataset.weebly.com/urbansound8k.html,CC-BY-4.0,"Justin Salamon, Duncan Jacoby, Juan Pablo Bello",2026-09-26,1.000,44100,1,unspecified,,n/a,augmented,SS-GUN-0642,0.000,1.000,d559246fa5fca5698ad4b6e1a302de7a994e5d98ac60e5562cf2de6d481f4b39,train,tm-v3,offsets are in the preprocessed (trimmed) signal; split inherited from the parent
SS-GUN-0049S1,gtm_samples/gunshot/SS-GUN-0049S1.wav,Gunshot,derived:TM window of SS-GUN-0049,https://freesound.org/s/30749/,Sampling+-1.0,Matt_G,2026-09-26,1.000,44100,1,outdoor,unspecified,n/a,augmented,SS-GUN-0049,0.000,1.000,35467ff6eb65ba2c33ae676722fbd60263511ed2dbe933b4b6f55ee335fd7f42,train,tm-v3,offsets are in the preprocessed (trimmed) signal; split inherited from the parent
SS-GUN-0042S1,gtm_samples/gunshot/SS-GUN-0042S1.wav,Gunshot,derived:TM window of SS-GUN-0042,https://freesound.org/s/160590/,CC0-1.0,Keatonmcq,2026-09-26,0.423,44100,1,unspecified,unspecified,n/a,augmented,SS-GUN-0042,0.000,1.000,c1f2404c049ccc4e88ab40a99bc260ac0a920b5213c669f4f6c5d2877fe11ccf,train,tm-v3,offsets are in the preprocessed (trimmed) signal; split inherited from the parent
SS-GUN-0143S1,gtm_samples/gunshot/SS-GUN-0143S1.wav,Gunshot,derived:TM window of SS-GUN-0143,https://freesound.org/s/220612/,CC-BY-3.0,senitiel,2026-09-26,0.274,44100,1,indoor,unspecified,n/a,augmented,SS-GUN-0143,0.000,1.000,2e75106e751d6d4a28459d7ead181b71e6a72ed3d667868b40f0e5346acfee8d,train,tm-v3,offsets are in the preprocessed (trimmed) signal; split inherited from the parent
SS-GUN-0622S1,gtm_samples/gunshot/SS-GUN-0622S1.wav,Gunshot,derived:TM window of SS-GUN-0622,https://urbansounddataset.weebly.com/urbansound8k.html,CC-BY-4.0,"Justin Salamon, Duncan Jacoby, Juan Pablo Bello",2026-09-26,1.000,44100,1,unspecified,,n/a,augmented,SS-GUN-0622,0.000,1.000,cfdbb1ee181cff9c6b7fe8aa110ed13c9c7aeca732dc9c924060edae46dab092,train,tm-v3,offsets are in the preprocessed (trimmed) signal; split inherited from the parent
SS-GUN-0598S1,gtm_samples/gunshot/SS-GUN-0598S1.wav,Gunshot,derived:TM window of SS-GUN-0598,https://urbansounddataset.weebly.com/urbansound8k.html,CC-BY-4.0,"Justin Salamon, Duncan Jacoby, Juan Pablo Bello",2026-09-26,0.488,44100,1,unspecified,,n/a,augmented,SS-GUN-0598,0.000,1.000,eccc59cd3613fcf3f4265665e11dc1312b5511f8699c03e1dd97e9686b2f4086,train,tm-v3,offsets are in the preprocessed (trimmed) signal; split inherited from the parent
SS-GUN-0068S1,gtm_samples/gunshot/SS-GUN-0068S1.wav,Gunshot,derived:TM window of SS-GUN-0068,https://freesound.org/s/377245/,CC0-1.0,SamsterBirdies,2026-09-26,1.000,44100,1,unspecified,unspecified,n/a,augmented,SS-GUN-0068,0.000,1.000,4e6137b0eb4c26e36996dffd713e29f3a4646eee74722adf182601a142937255,train,tm-v3,offsets are in the preprocessed (trimmed) signal; split inherited from the parent
SS-GUN-0103S1,gtm_samples/gunshot/SS-GUN-0103S1.wav,Gunshot,derived:TM window of SS-GUN-0103,https://freesound.org/s/20352/,CC0-1.0,cognito perceptu,2026-09-26,1.000,44100,1,unspecified,unspecified,n/a,augmented,SS-GUN-0103,0.000,1.000,98493e787609c2fa4a033505543b69691527bdecf605ff3dcfb70bfdb33b1c24,train,tm-v3,offsets are in the preprocessed (trimmed) signal; split inherited from the parent
SS-GUN-0613S1,gtm_samples/gunshot/SS-GUN-0613S1.wav,Gunshot,derived:TM window of SS-GUN-0613,https://urbansounddataset.weebly.com/urbansound8k.html,CC-BY-4.0,"Justin Salamon, Duncan Jacoby, Juan Pablo Bello",2026-09-26,0.910,44100,1,unspecified,,n/a,augmented,SS-GUN-0613,0.000,1.000,43e0e8bf7023ba2af820faa1b6df6c34e35bb19f83d8dba8de2707978d2c4653,train,tm-v3,offsets are in the preprocessed (trimmed) signal; split inherited from the parent
SS-GUN-0074S1,gtm_samples/gunshot/SS-GUN-0074S1.wav,Gunshot,derived:TM window of SS-GUN-0074,https://freesound.org/s/7062/,Sampling+-1.0,Sonic,2026-09-26,0.733,44100,1,outdoor,unspecified,n/a,augmented,SS-GUN-0074,0.000,1.000,fa431e64861f334f05ddfa85220489b8e0b70bba1ab6157f86b9a9568abce4c0,train,tm-v3,offsets are in the preprocessed (trimmed) signal; split inherited from the parent
SS-GUN-0127S1,gtm_samples/gunshot/SS-GUN-0127S1.wav,Gunshot,derived:TM window of SS-GUN-0127,https://freesound.org/s/351777/,CC0-1.0,kennysvoice,2026-09-26,1.000,44100,1,unspecified,unspecified,n/a,augmented,SS-GUN-0127,1.500,2.500,da02e84b3872f4ae7b4b2591f992f85c70c45ad2afe8456d7374e46037b3b08e,train,tm-v3,offsets are in the preprocessed (trimmed) signal; split inherited from the parent
SS-GUN-0599S1,gtm_samples/gunshot/SS-GUN-0599S1.wav,Gunshot,derived:TM window of SS-GUN-0599,https://urbansounddataset.weebly.com/urbansound8k.html,CC-BY-4.0,"Justin Salamon, Duncan Jacoby, Juan Pablo Bello",2026-09-26,0.412,44100,1,unspecified,,n/a,augmented,SS-GUN-0599,0.000,1.000,c1abe4e2f9df2cb12fcc44a922f072e83039300d0d7142a265278ed63cfa4706,train,tm-v3,offsets are in the preprocessed (trimmed) signal; split inherited from the parent
SS-GUN-0006S1,gtm_samples/gunshot/SS-GUN-0006S1.wav,Gunshot,derived:TM window of SS-GUN-0006,https://freesound.org/s/345844/,CC-BY-3.0,Aegersum,2026-09-26,1.000,44100,1,unspecified,unspecified,n/a,augmented,SS-GUN-0006,0.000,1.000,47a5b8b186bea84c0254a1fd9c87d85b38f795dbe195feb70971f4478262fd29,train,tm-v3,offsets are in the preprocessed (trimmed) signal; split inherited from the parent
SS-GUN-0124S1,gtm_samples/gunshot/SS-GUN-0124S1.wav,Gunshot,derived:TM window of SS-GUN-0124,https://freesound.org/s/221451/,CC-BY-3.0,jalastram,2026-09-26,0.653,44100,1,unspecified,unspecified,n/a,augmented,SS-GUN-0124,0.000,1.000,05fe3c2a0bf01af486bf42440a4ecfee92d6fc629b99b108b1b6a3b5552c196b,train,tm-v3,offsets are in the preprocessed (trimmed) signal; split inherited from the parent
SS-GUN-0007S1,gtm_samples/gunshot/SS-GUN-0007S1.wav,Gunshot,derived:TM window of SS-GUN-0007,https://freesound.org/s/191289/,CC0-1.0,Alxy,2026-09-26,1.000,44100,1,unspecified,unspecified,n/a,augmented,SS-GUN-0007,0.000,1.000,5214db53956a23ff22f1f3b44756e668ad18276fcba8567a33663fe4a9fcff62,train,tm-v3,offsets are in the preprocessed (trimmed) signal; split inherited from the parent
SS-GUN-0607S1,gtm_samples/gunshot/SS-GUN-0607S1.wav,Gunshot,derived:TM window of SS-GUN-0607,https://urbansounddataset.weebly.com/urbansound8k.html,CC-BY-4.0,"Justin Salamon, Duncan Jacoby, Juan Pablo Bello",2026-09-26,1.000,44100,1,unspecified,,n/a,augmented,SS-GUN-0607,0.000,1.000,815ed5e494b7d8c5b8e2982f8ca211dc807bd2d421caeb46f421b591c20c4968,train,tm-v3,offsets are in the preprocessed (trimmed) signal; split inherited from the parent
SS-GUN-0523S1,gtm_samples/gunshot/SS-GUN-0523S1.wav,Gunshot,derived:TM window of SS-GUN-0523,https://urbansounddataset.weebly.com/urbansound8k.html,CC-BY-4.0,"Justin Salamon, Duncan Jacoby, Juan Pablo Bello",2026-09-26,1.000,44100,1,unspecified,,n/a,augmented,SS-GUN-0523,0.000,1.000,f4ab1eba7de58a370e74849131278a27ce637baff2fb5829b7eeb7a0f59ba7c6,train,tm-v3,offsets are in the preprocessed (trimmed) signal; split inherited from the parent
SS-GUN-0612S1,gtm_samples/gunshot/SS-GUN-0612S1.wav,Gunshot,derived:TM window of SS-GUN-0612,https://urbansounddataset.weebly.com/urbansound8k.html,CC-BY-4.0,"Justin Salamon, Duncan Jacoby, Juan Pablo Bello",2026-09-26,0.797,44100,1,unspecified,,n/a,augmented,SS-GUN-0612,0.000,1.000,950f4ee2edc6b9f2452a5e354dfede966d8100e2b66a4feb5bcabd48359df76a,train,tm-v3,offsets are in the preprocessed (trimmed) signal; split inherited from the parent
SS-GUN-0034S1,gtm_samples/gunshot/SS-GUN-0034S1.wav,Gunshot,derived:TM window of SS-GUN-0034,https://freesound.org/s/184651/,CC0-1.0,Isaac200000,2026-09-26,0.833,44100,1,outdoor,unspecified,n/a,augmented,SS-GUN-0034,0.000,1.000,153b09974b1a5f7926175217acda7347dab917ea1ae5541df44b0e0277914880,train,tm-v3,offsets are in the preprocessed (trimmed) signal; split inherited from the parent
SS-GUN-0064S1,gtm_samples/gunshot/SS-GUN-0064S1.wav,Gunshot,derived:TM window of SS-GUN-0064,https://freesound.org/s/369395/,CC0-1.0,RMF298,2026-09-26,1.000,44100,1,indoor,unspecified,n/a,augmented,SS-GUN-0064,0.000,1.000,663f4a3e02507538f7c49f1aaa4d6834806b3d6f766c0edd204fc7307eeb18f1,train,tm-v3,offsets are in the preprocessed (trimmed) signal; split inherited from the parent
SS-GUN-0604S1,gtm_samples/gunshot/SS-GUN-0604S1.wav,Gunshot,derived:TM window of SS-GUN-0604,https://urbansounddataset.weebly.com/urbansound8k.html,CC-BY-4.0,"Justin Salamon, Duncan Jacoby, Juan Pablo Bello",2026-09-26,1.000,44100,1,unspecified,,n/a,augmented,SS-GUN-0604,0.000,1.000,a7ad0f11eb2c3f772a6f2006e44838bdcb66038f12e8e25cd2015d50c9636cd0,train,tm-v3,offsets are in the preprocessed (trimmed) signal; split inherited from the parent
SS-GUN-0027S1,gtm_samples/gunshot/SS-GUN-0027S1.wav,Gunshot,derived:TM window of SS-GUN-0027,https://freesound.org/s/396274/,CC0-1.0,GreenFireSound,2026-09-26,0.697,44100,1,studio,unspecified,n/a,augmented,SS-GUN-0027,0.000,1.000,8523775e764d1522b8081bdd7c24d9dc2c4ffb8f1ae55fdb20f68b93c43917c7,train,tm-v3,offsets are in the preprocessed (trimmed) signal; split inherited from the parent
SS-GUN-0517S1,gtm_samples/gunshot/SS-GUN-0517S1.wav,Gunshot,derived:TM window of SS-GUN-0517,https://urbansounddataset.weebly.com/urbansound8k.html,CC-BY-4.0,"Justin Salamon, Duncan Jacoby, Juan Pablo Bello",2026-09-26,1.000,44100,1,unspecified,,n/a,augmented,SS-GUN-0517,0.000,1.000,3c0ce79adbe61817c3fbd19b8344578d7ccec4e7bb2258878c9ca81c58f01bad,train,tm-v3,offsets are in the preprocessed (trimmed) signal; split inherited from the parent
SS-GUN-0531S1,gtm_samples/gunshot/SS-GUN-0531S1.wav,Gunshot,derived:TM window of SS-GUN-0531,https://urbansounddataset.weebly.com/urbansound8k.html,CC-BY-4.0,"Justin Salamon, Duncan Jacoby, Juan Pablo Bello",2026-09-26,1.000,44100,1,unspecified,,n/a,augmented,SS-GUN-0531,0.500,1.500,bb05677a46e599eeb33c45e9c9c8a1117d3342d093d76eff42c0cef4de6119ca,train,tm-v3,offsets are in the preprocessed (trimmed) signal; split inherited from the parent
SS-GUN-0512S1,gtm_samples/gunshot/SS-GUN-0512S1.wav,Gunshot,derived:TM window of SS-GUN-0512,https://urbansounddataset.weebly.com/urbansound8k.html,CC-BY-4.0,"Justin Salamon, Duncan Jacoby, Juan Pablo Bello",2026-09-26,1.000,44100,1,unspecified,,n/a,augmented,SS-GUN-0512,0.000,1.000,61aa89ea1072530267351061ddbff82534668e8f90bc34db924ad4a1543a1ef5,train,tm-v3,offsets are in the preprocessed (trimmed) signal; split inherited from the parent
SS-GUN-0588S1,gtm_samples/gunshot/SS-GUN-0588S1.wav,Gunshot,derived:TM window of SS-GUN-0588,https://urbansounddataset.weebly.com/urbansound8k.html,CC-BY-4.0,"Justin Salamon, Duncan Jacoby, Juan Pablo Bello",2026-09-26,1.000,44100,1,unspecified,,n/a,augmented,SS-GUN-0588,0.000,1.000,23f7ddca238d22a71cf910a80d19a51d4a7c3d861c3b5e49c86ee7d412a0c351,train,tm-v3,offsets are in the preprocessed (trimmed) signal; split inherited from the parent
SS-GUN-0536S1,gtm_samples/gunshot/SS-GUN-0536S1.wav,Gunshot,derived:TM window of SS-GUN-0536,https://urbansounddataset.weebly.com/urbansound8k.html,CC-BY-4.0,"Justin Salamon, Duncan Jacoby, Juan Pablo Bello",2026-09-26,1.000,44100,1,unspecified,,n/a,augmented,SS-GUN-0536,1.500,2.500,048cd3dbb4f11a2c59b40497df87bb71b5c05377194f8b8d1718588e6b605db8,train,tm-v3,offsets are in the preprocessed (trimmed) signal; split inherited from the parent
SS-GUN-0035S1,gtm_samples/gunshot/SS-GUN-0035S1.wav,Gunshot,derived:TM window of SS-GUN-0035,https://freesound.org/s/221640/,CC0-1.0,Jakesapp23,2026-09-26,1.000,44100,1,unspecified,unspecified,n/a,augmented,SS-GUN-0035,0.000,1.000,77623837d7d9f9d9f78601a4556b9c9563e85960c13ec16f81b652440c5a0d13,train,tm-v3,offsets are in the preprocessed (trimmed) signal; split inherited from the parent
SS-GUN-0546S1,gtm_samples/gunshot/SS-GUN-0546S1.wav,Gunshot,derived:TM window of SS-GUN-0546,https://urbansounddataset.weebly.com/urbansound8k.html,CC-BY-4.0,"Justin Salamon, Duncan Jacoby, Juan Pablo Bello",2026-09-26,1.000,44100,1,unspecified,,n/a,augmented,SS-GUN-0546,0.000,1.000,ee10eaaa9821ec99a43475fb77a88d4fab76f7d95748530e177c0bb820d966c9,train,tm-v3,offsets are in the preprocessed (trimmed) signal; split inherited from the parent
SS-GUN-0539S1,gtm_samples/gunshot/SS-GUN-0539S1.wav,Gunshot,derived:TM window of SS-GUN-0539,https://urbansounddataset.weebly.com/urbansound8k.html,CC-BY-4.0,"Justin Salamon, Duncan Jacoby, Juan Pablo Bello",2026-09-26,1.000,44100,1,unspecified,,n/a,augmented,SS-GUN-0539,2.000,3.000,80b3d822c34be7dcc022ecc5c878c5e0034de09689320c250b0596feb32baf48,train,tm-v3,offsets are in the preprocessed (trimmed) signal; split inherited from the parent
SS-GUN-0592S1,gtm_samples/gunshot/SS-GUN-0592S1.wav,Gunshot,derived:TM window of SS-GUN-0592,https://urbansounddataset.weebly.com/urbansound8k.html,CC-BY-4.0,"Justin Salamon, Duncan Jacoby, Juan Pablo Bello",2026-09-26,0.820,44100,1,unspecified,,n/a,augmented,SS-GUN-0592,0.000,1.000,21df5591ff31ac437871f65b7fd0305da0659801650f6477fd0c43459d8d2c65,train,tm-v3,offsets are in the preprocessed (trimmed) signal; split inherited from the parent
SS-GUN-0084S1,gtm_samples/gunshot/SS-GUN-0084S1.wav,Gunshot,derived:TM window of SS-GUN-0084,https://freesound.org/s/342952/,CC-BY-3.0,Vlaxim,2026-09-26,0.472,44100,1,unspecified,unspecified,n/a,augmented,SS-GUN-0084,0.000,1.000,2cc0bff54db438d5705b88397627a7d9a65eb0a6530987b592291875e34d3f7c,train,tm-v3,offsets are in the preprocessed (trimmed) signal; split inherited from the parent
SS-GUN-0003S1,gtm_samples/gunshot/SS-GUN-0003S1.wav,Gunshot,derived:TM window of SS-GUN-0003,https://freesound.org/s/329716/,CC0-1.0,812402,2026-09-26,1.000,44100,1,unspecified,unspecified,n/a,augmented,SS-GUN-0003,0.000,1.000,83a3bf36ad177e4c3b76dafd8bd44a241b4c80d7d89d98fc78d28a072790c115,train,tm-v3,offsets are in the preprocessed (trimmed) signal; split inherited from the parent
SS-GUN-0088S1,gtm_samples/gunshot/SS-GUN-0088S1.wav,Gunshot,derived:TM window of SS-GUN-0088,https://freesound.org/s/218480/,CC-BY-3.0,Yap_Audio_Production,2026-09-26,0.710,44100,1,outdoor,unspecified,n/a,augmented,SS-GUN-0088,0.000,1.000,6afabd2731b29957eac1e63513aaaf0c670ddcf333b8c58b46d493cf8394359d,train,tm-v3,offsets are in the preprocessed (trimmed) signal; split inherited from the parent
SS-GUN-0138S1,gtm_samples/gunshot/SS-GUN-0138S1.wav,Gunshot,derived:TM window of SS-GUN-0138,https://freesound.org/s/346537/,CC0-1.0,nioczkus,2026-09-26,0.786,44100,1,outdoor,unspecified,n/a,augmented,SS-GUN-0138,0.000,1.000,2280a23393622a60bc8b1efb10f1790e4e0eff8703a360f0642b9178de380f25,train,tm-v3,offsets are in the preprocessed (trimmed) signal; split inherited from the parent
SS-GUN-0532S1,gtm_samples/gunshot/SS-GUN-0532S1.wav,Gunshot,derived:TM window of SS-GUN-0532,https://urbansounddataset.weebly.com/urbansound8k.html,CC-BY-4.0,"Justin Salamon, Duncan Jacoby, Juan Pablo Bello",2026-09-26,1.000,44100,1,unspecified,,n/a,augmented,SS-GUN-0532,0.000,1.000,2cf0ea6d74730a1a4571ff6c2ffd49baf6cb216a7f27519da9f615fcf8472910,train,tm-v3,offsets are in the preprocessed (trimmed) signal; split inherited from the parent
SS-GUN-0142S1,gtm_samples/gunshot/SS-GUN-0142S1.wav,Gunshot,derived:TM window of SS-GUN-0142,https://freesound.org/s/346904/,CC0-1.0,reishugo,2026-09-26,1.000,44100,1,unspecified,unspecified,n/a,augmented,SS-GUN-0142,1.500,2.500,4b792210b0610022bd726c5635adcff3dcdae613a234af5808c591724fbc51e4,train,tm-v3,offsets are in the preprocessed (trimmed) signal; split inherited from the parent
SS-GUN-0610S1,gtm_samples/gunshot/SS-GUN-0610S1.wav,Gunshot,derived:TM window of SS-GUN-0610,https://urbansounddataset.weebly.com/urbansound8k.html,CC-BY-4.0,"Justin Salamon, Duncan Jacoby, Juan Pablo Bello",2026-09-26,1.000,44100,1,unspecified,,n/a,augmented,SS-GUN-0610,0.000,1.000,840b9634a019d02580262b37b97dd483f37247c0ec7126bf93e187088156733e,train,tm-v3,offsets are in the preprocessed (trimmed) signal; split inherited from the parent
SS-GUN-0529S1,gtm_samples/gunshot/SS-GUN-0529S1.wav,Gunshot,derived:TM window of SS-GUN-0529,https://urbansounddataset.weebly.com/urbansound8k.html,CC-BY-4.0,"Justin Salamon, Duncan Jacoby, Juan Pablo Bello",2026-09-26,1.000,44100,1,unspecified,,n/a,augmented,SS-GUN-0529,0.000,1.000,6c731b03421cf1decfa9bab97267547a37879025e4dcb4de39bad1b775100c58,train,tm-v3,offsets are in the preprocessed (trimmed) signal; split inherited from the parent
SS-GUN-0011S1,gtm_samples/gunshot/SS-GUN-0011S1.wav,Gunshot,derived:TM window of SS-GUN-0011,https://freesound.org/s/368805/,CC0-1.0,BlacklightKabuki,2026-09-26,1.000,44100,1,outdoor,unspecified,n/a,augmented,SS-GUN-0011,0.000,1.000,39b8eac49107ab7783e4f53932cc8b53b93df940c1f119f9d0a11b0d6edadaf8,train,tm-v3,offsets are in the preprocessed (trimmed) signal; split inherited from the parent
SS-GUN-0140S1,gtm_samples/gunshot/SS-GUN-0140S1.wav,Gunshot,derived:TM window of SS-GUN-0140,https://freesound.org/s/157206/,CC-BY-3.0,poissonmort,2026-09-26,1.000,44100,1,unspecified,unspecified,n/a,augmented,SS-GUN-0140,4.000,5.000,618ef863a5981566cfa3b9d4cb908f15505682a14d00b0fa7182fe326c41eb9c,train,tm-v3,offsets are in the preprocessed (trimmed) signal; split inherited from the parent
SS-GUN-0055S1,gtm_samples/gunshot/SS-GUN-0055S1.wav,Gunshot,derived:TM window of SS-GUN-0055,https://freesound.org/s/414023/,CC0-1.0,Mr_KeybOred,2026-09-26,1.000,44100,1,outdoor,unspecified,n/a,augmented,SS-GUN-0055,0.000,1.000,c86616a42a7578e79f31c51ec8d1a7cda3ba1465f89f4fc17d2a9ede61125bcf,train,tm-v3,offsets are in the preprocessed (trimmed) signal; split inherited from the parent
SS-GUN-0535S1,gtm_samples/gunshot/SS-GUN-0535S1.wav,Gunshot,derived:TM window of SS-GUN-0535,https://urbansounddataset.weebly.com/urbansound8k.html,CC-BY-4.0,"Justin Salamon, Duncan Jacoby, Juan Pablo Bello",2026-09-26,1.000,44100,1,unspecified,,n/a,augmented,SS-GUN-0535,0.000,1.000,4a724379e1266acaab2137158f0b95147c419c989d4279cd1391b1dad36a0338,train,tm-v3,offsets are in the preprocessed (trimmed) signal; split inherited from the parent
SS-GUN-0095S1,gtm_samples/gunshot/SS-GUN-0095S1.wav,Gunshot,derived:TM window of SS-GUN-0095,https://freesound.org/s/39065/,CC0-1.0,alienbomb,2026-09-26,1.000,44100,1,indoor,unspecified,n/a,augmented,SS-GUN-0095,2.500,3.500,1c58e3b1f4a54e1426794f725e28b3365b947fd3ca680b398879c1b290943399,train,tm-v3,offsets are in the preprocessed (trimmed) signal; split inherited from the parent
SS-GUN-0648S1,gtm_samples/gunshot/SS-GUN-0648S1.wav,Gunshot,derived:TM window of SS-GUN-0648,https://urbansounddataset.weebly.com/urbansound8k.html,CC-BY-4.0,"Justin Salamon, Duncan Jacoby, Juan Pablo Bello",2026-09-26,1.000,44100,1,unspecified,,n/a,augmented,SS-GUN-0648,0.000,1.000,3719422d3628788fa9819ad6f102f12fb66ed5b3860ca57971ba94e5b181b2b7,train,tm-v3,offsets are in the preprocessed (trimmed) signal; split inherited from the parent
SS-GUN-0091S1,gtm_samples/gunshot/SS-GUN-0091S1.wav,Gunshot,derived:TM window of SS-GUN-0091,https://freesound.org/s/128979/,CC-BY-3.0,aaronsiler,2026-09-26,1.000,44100,1,unspecified,unspecified,n/a,augmented,SS-GUN-0091,0.000,1.000,815dfc549eb1df5f0e6efd95c4ca02d315cae6e18157706996c1c6e1956bfa70,train,tm-v3,offsets are in the preprocessed (trimmed) signal; split inherited from the parent
SS-GUN-0107S1,gtm_samples/gunshot/SS-GUN-0107S1.wav,Gunshot,derived:TM window of SS-GUN-0107,https://freesound.org/s/149177/,CC0-1.0,deathnsorrow,2026-09-26,1.000,44100,1,unspecified,unspecified,n/a,augmented,SS-GUN-0107,0.000,1.000,99e5d7f9af48f177e68e1e6ee29410a2f6da3e08367d0d012d59588ac565f3af,train,tm-v3,offsets are in the preprocessed (trimmed) signal; split inherited from the parent
SS-GUN-0031S1,gtm_samples/gunshot/SS-GUN-0031S1.wav,Gunshot,derived:TM window of SS-GUN-0031,https://freesound.org/s/30185/,CC-BY-3.0,HerbertBoland,2026-09-26,1.000,44100,1,outdoor,unspecified,n/a,augmented,SS-GUN-0031,4.000,5.000,7a5c7a1441ec0c475128acb8ee1c56c4b06301e7435b4559b4fa8bcee586b74e,train,tm-v3,offsets are in the preprocessed (trimmed) signal; split inherited from the parent
SS-GUN-0540S1,gtm_samples/gunshot/SS-GUN-0540S1.wav,Gunshot,derived:TM window of SS-GUN-0540,https://urbansounddataset.weebly.com/urbansound8k.html,CC-BY-4.0,"Justin Salamon, Duncan Jacoby, Juan Pablo Bello",2026-09-26,1.000,44100,1,unspecified,,n/a,augmented,SS-GUN-0540,1.500,2.500,e77f351598bfe090d5d78c4fad0e592a303d6e5862600bcb75419272ac6f506b,train,tm-v3,offsets are in the preprocessed (trimmed) signal; split inherited from the parent
SS-GUN-0513S1,gtm_samples/gunshot/SS-GUN-0513S1.wav,Gunshot,derived:TM window of SS-GUN-0513,https://urbansounddataset.weebly.com/urbansound8k.html,CC-BY-4.0,"Justin Salamon, Duncan Jacoby, Juan Pablo Bello",2026-09-26,1.000,44100,1,unspecified,,n/a,augmented,SS-GUN-0513,0.000,1.000,14515899684b3b2db3fe92a370eab0bed3cd3cda8057a258e760c0e08cd9d869,train,tm-v3,offsets are in the preprocessed (trimmed) signal; split inherited from the parent
SS-GUN-0026S1,gtm_samples/gunshot/SS-GUN-0026S1.wav,Gunshot,derived:TM window of SS-GUN-0026,https://freesound.org/s/413105/,CC-BY-3.0,GokhanBiyik,2026-09-26,0.402,44100,1,unspecified,unspecified,n/a,augmented,SS-GUN-0026,0.000,1.000,99a2f8a7c030546e266ce00839120b6c7bf52c9a9471a2395c2f2936c8716950,train,tm-v3,offsets are in the preprocessed (trimmed) signal; split inherited from the parent
SS-GUN-0538S1,gtm_samples/gunshot/SS-GUN-0538S1.wav,Gunshot,derived:TM window of SS-GUN-0538,https://urbansounddataset.weebly.com/urbansound8k.html,CC-BY-4.0,"Justin Salamon, Duncan Jacoby, Juan Pablo Bello",2026-09-26,1.000,44100,1,unspecified,,n/a,augmented,SS-GUN-0538,0.500,1.500,76dea072a3aef28dfa1601571852a7f5c13bfcb54f5dd55be7b804c9deb36b97,train,tm-v3,offsets are in the preprocessed (trimmed) signal; split inherited from the parent
SS-GUN-0058S1,gtm_samples/gunshot/SS-GUN-0058S1.wav,Gunshot,derived:TM window of SS-GUN-0058,https://freesound.org/s/118450/,CC-BY-3.0,Omar Alvarado,2026-09-26,1.000,44100,1,outdoor,unspecified,n/a,augmented,SS-GUN-0058,0.000,1.000,28f896814a1175df7c607a56c5b28de7ef1e4a02ac9b57992681848df8ecba28,train,tm-v3,offsets are in the preprocessed (trimmed) signal; split inherited from the parent
SS-GUN-0586S1,gtm_samples/gunshot/SS-GUN-0586S1.wav,Gunshot,derived:TM window of SS-GUN-0586,https://urbansounddataset.weebly.com/urbansound8k.html,CC-BY-4.0,"Justin Salamon, Duncan Jacoby, Juan Pablo Bello",2026-09-26,1.000,44100,1,unspecified,,n/a,augmented,SS-GUN-0586,0.000,1.000,cd35d77069b09025479481f96efb8134b16fb894e31bc0d7a8ff71608012f712,train,tm-v3,offsets are in the preprocessed (trimmed) signal; split inherited from the parent
SS-GUN-0044S1,gtm_samples/gunshot/SS-GUN-0044S1.wav,Gunshot,derived:TM window of SS-GUN-0044,https://freesound.org/s/253734/,CC0-1.0,Kodack,2026-09-26,1.000,44100,1,outdoor,unspecified,n/a,augmented,SS-GUN-0044,0.000,1.000,05f7f0c2fe8b95d4f0895d16b90157cda38c1b029743b030764a554364d04879,train,tm-v3,offsets are in the preprocessed (trimmed) signal; split inherited from the parent
SS-GUN-0616S1,gtm_samples/gunshot/SS-GUN-0616S1.wav,Gunshot,derived:TM window of SS-GUN-0616,https://urbansounddataset.weebly.com/urbansound8k.html,CC-BY-4.0,"Justin Salamon, Duncan Jacoby, Juan Pablo Bello",2026-09-26,1.000,44100,1,unspecified,,n/a,augmented,SS-GUN-0616,0.000,1.000,4fbcaa060e280553889741ec2c478e3d3d8fbe10a0c2b778a7986fd13083eeb9,train,tm-v3,offsets are in the preprocessed (trimmed) signal; split inherited from the parent
SS-GUN-0078S1,gtm_samples/gunshot/SS-GUN-0078S1.wav,Gunshot,derived:TM window of SS-GUN-0078,https://freesound.org/s/132551/,CC-BY-3.0,StephenSaldanha,2026-09-26,0.447,44100,1,unspecified,unspecified,n/a,augmented,SS-GUN-0078,0.000,1.000,96a300fccbd8a67c8875bf2b3de13a7c77146c29fdbef304f6779282c8985f01,train,tm-v3,offsets are in the preprocessed (trimmed) signal; split inherited from the parent
SS-GUN-0086S1,gtm_samples/gunshot/SS-GUN-0086S1.wav,Gunshot,derived:TM window of SS-GUN-0086,https://freesound.org/s/342184/,CC0-1.0,Willary1,2026-09-26,0.816,44100,1,unspecified,unspecified,n/a,augmented,SS-GUN-0086,0.000,1.000,df9065c545400c253943432f649c0e956993bbd2b06083d0e5c98bdb75b0d155,train,tm-v3,offsets are in the preprocessed (trimmed) signal; split inherited from the parent
SS-GUN-0077S1,gtm_samples/gunshot/SS-GUN-0077S1.wav,Gunshot,derived:TM window of SS-GUN-0077,https://freesound.org/s/153492/,CC0-1.0,Steelskull,2026-09-26,1.000,44100,1,unspecified,unspecified,n/a,augmented,SS-GUN-0077,1.500,2.500,91a461574d4c659a180ee5e83751911cc1e18b2dac67e43079aa06bbe10d4e58,train,tm-v3,offsets are in the preprocessed (trimmed) signal; split inherited from the parent
SS-GUN-0643S1,gtm_samples/gunshot/SS-GUN-0643S1.wav,Gunshot,derived:TM window of SS-GUN-0643,https://urbansounddataset.weebly.com/urbansound8k.html,CC-BY-4.0,"Justin Salamon, Duncan Jacoby, Juan Pablo Bello",2026-09-26,0.566,44100,1,unspecified,,n/a,augmented,SS-GUN-0643,0.000,1.000,8ec6e814976b08bf150fcbd92e38661c0bd5f10587d3ae0f60d7d1f94cbfe91f,train,tm-v3,offsets are in the preprocessed (trimmed) signal; split inherited from the parent
SS-GUN-0511S1,gtm_samples/gunshot/SS-GUN-0511S1.wav,Gunshot,derived:TM window of SS-GUN-0511,https://urbansounddataset.weebly.com/urbansound8k.html,CC-BY-4.0,"Justin Salamon, Duncan Jacoby, Juan Pablo Bello",2026-09-26,1.000,44100,1,unspecified,,n/a,augmented,SS-GUN-0511,0.000,1.000,7730c9f36e1cea4ddb7ce460c88e783be9fe0820a107d28c18590cc0bd275ecd,train,tm-v3,offsets are in the preprocessed (trimmed) signal; split inherited from the parent
SS-GUN-0595S1,gtm_samples/gunshot/SS-GUN-0595S1.wav,Gunshot,derived:TM window of SS-GUN-0595,https://urbansounddataset.weebly.com/urbansound8k.html,CC-BY-4.0,"Justin Salamon, Duncan Jacoby, Juan Pablo Bello",2026-09-26,0.751,44100,1,unspecified,,n/a,augmented,SS-GUN-0595,0.000,1.000,4faf2d305ee54c25a4360690833728f650b76effd92d117fcc19e69d56a4ac4a,train,tm-v3,offsets are in the preprocessed (trimmed) signal; split inherited from the parent
SS-GUN-0029S1,gtm_samples/gunshot/SS-GUN-0029S1.wav,Gunshot,derived:TM window of SS-GUN-0029,https://freesound.org/s/368456/,CC0-1.0,Gutek,2026-09-26,1.000,44100,1,unspecified,unspecified,n/a,augmented,SS-GUN-0029,0.000,1.000,76c6639a389d0673089b726626834a58a10d250f24427b9a416d7272a28b4acd,train,tm-v3,offsets are in the preprocessed (trimmed) signal; split inherited from the parent
SS-GUN-0129S1,gtm_samples/gunshot/SS-GUN-0129S1.wav,Gunshot,derived:TM window of SS-GUN-0129,https://freesound.org/s/191449/,CC-BY-3.0,klankbeeld,2026-09-26,1.000,44100,1,outdoor,unspecified,n/a,augmented,SS-GUN-0129,2.000,3.000,754b18d297b2b8f2a48465e368ecd3529ed6418a4837709aee63f4a1e8db24fc,train,tm-v3,offsets are in the preprocessed (trimmed) signal; split inherited from the parent
SS-GUN-0632S1,gtm_samples/gunshot/SS-GUN-0632S1.wav,Gunshot,derived:TM window of SS-GUN-0632,https://urbansounddataset.weebly.com/urbansound8k.html,CC-BY-4.0,"Justin Salamon, Duncan Jacoby, Juan Pablo Bello",2026-09-26,0.621,44100,1,unspecified,,n/a,augmented,SS-GUN-0632,0.000,1.000,50b43e1145e09c490fe233604d44b1b0d6de3fcb172902659288d0f8e5e2c36a,train,tm-v3,offsets are in the preprocessed (trimmed) signal; split inherited from the parent
SS-GUN-0501S1,gtm_samples/gunshot/SS-GUN-0501S1.wav,Gunshot,derived:TM window of SS-GUN-0501,https://urbansounddataset.weebly.com/urbansound8k.html,CC-BY-4.0,"Justin Salamon, Duncan Jacoby, Juan Pablo Bello",2026-09-26,1.000,44100,1,unspecified,,n/a,augmented,SS-GUN-0501,0.000,1.000,496185edde00aa4ea9987693ec00547ebe3b8cf6803adcf9cbbbeac8ee938dca,train,tm-v3,offsets are in the preprocessed (trimmed) signal; split inherited from the parent
SS-GUN-0085S1,gtm_samples/gunshot/SS-GUN-0085S1.wav,Gunshot,derived:TM window of SS-GUN-0085,https://freesound.org/s/26141/,CC-BY-3.0,WIM,2026-09-26,1.000,44100,1,unspecified,unspecified,n/a,augmented,SS-GUN-0085,2.000,3.000,7c8d10b260547481998586ad957c611ec644a75ed665ce2ac7468aabfff81a73,train,tm-v3,offsets are in the preprocessed (trimmed) signal; split inherited from the parent
SS-GUN-0518S1,gtm_samples/gunshot/SS-GUN-0518S1.wav,Gunshot,derived:TM window of SS-GUN-0518,https://urbansounddataset.weebly.com/urbansound8k.html,CC-BY-4.0,"Justin Salamon, Duncan Jacoby, Juan Pablo Bello",2026-09-26,1.000,44100,1,unspecified,,n/a,augmented,SS-GUN-0518,0.000,1.000,2f2296d1ab973dbea4c11876eef569b3eb644058817703749beff203e44bc825,train,tm-v3,offsets are in the preprocessed (trimmed) signal; split inherited from the parent
SS-GUN-0062S1,gtm_samples/gunshot/SS-GUN-0062S1.wav,Gunshot,derived:TM window of SS-GUN-0062,https://freesound.org/s/260939/,CC0-1.0,PicassoCT,2026-09-26,1.000,44100,1,unspecified,unspecified,n/a,augmented,SS-GUN-0062,0.000,1.000,58390d7a73d64c24109518a79388efe9d2bd535263593b5b236a882cdb7efceb,train,tm-v3,offsets are in the preprocessed (trimmed) signal; split inherited from the parent
SS-GUN-0522S1,gtm_samples/gunshot/SS-GUN-0522S1.wav,Gunshot,derived:TM window of SS-GUN-0522,https://urbansounddataset.weebly.com/urbansound8k.html,CC-BY-4.0,"Justin Salamon, Duncan Jacoby, Juan Pablo Bello",2026-09-26,1.000,44100,1,unspecified,,n/a,augmented,SS-GUN-0522,0.000,1.000,8b5a3eca3a10085d7eb37b69ae08c567a31f6b120a094a17d8f346016e03ed7d,train,tm-v3,offsets are in the preprocessed (trimmed) signal; split inherited from the parent
SS-GUN-0507S1,gtm_samples/gunshot/SS-GUN-0507S1.wav,Gunshot,derived:TM window of SS-GUN-0507,https://urbansounddataset.weebly.com/urbansound8k.html,CC-BY-4.0,"Justin Salamon, Duncan Jacoby, Juan Pablo Bello",2026-09-26,1.000,44100,1,unspecified,,n/a,augmented,SS-GUN-0507,0.000,1.000,eca65fc1410ec270bb1643d525867627dd2b7f93005fd000a1d078eac4ace4b7,train,tm-v3,offsets are in the preprocessed (trimmed) signal; split inherited from the parent
SS-GUN-0600S1,gtm_samples/gunshot/SS-GUN-0600S1.wav,Gunshot,derived:TM window of SS-GUN-0600,https://urbansounddataset.weebly.com/urbansound8k.html,CC-BY-4.0,"Justin Salamon, Duncan Jacoby, Juan Pablo Bello",2026-09-26,1.000,44100,1,unspecified,,n/a,augmented,SS-GUN-0600,0.000,1.000,a0a09c224832b833daa4c31ab28c35b636e59f48a79b03f0bd80594704c36056,train,tm-v3,offsets are in the preprocessed (trimmed) signal; split inherited from the parent
SS-GUN-0099S1,gtm_samples/gunshot/SS-GUN-0099S1.wav,Gunshot,derived:TM window of SS-GUN-0099,https://freesound.org/s/185034/,CC-BY-3.0,casmarrav,2026-09-26,0.989,44100,1,unspecified,unspecified,n/a,augmented,SS-GUN-0099,0.000,1.000,f76bccf3ce019df2eaf50e6bdb4ad1eb88296219be60851cc0e36a270fef7bca,train,tm-v3,offsets are in the preprocessed (trimmed) signal; split inherited from the parent
SS-GUN-0601S1,gtm_samples/gunshot/SS-GUN-0601S1.wav,Gunshot,derived:TM window of SS-GUN-0601,https://urbansounddataset.weebly.com/urbansound8k.html,CC-BY-4.0,"Justin Salamon, Duncan Jacoby, Juan Pablo Bello",2026-09-26,1.000,44100,1,unspecified,,n/a,augmented,SS-GUN-0601,0.000,1.000,6f51a3a612fbc51486fefea672ddf89d257483d6d8855f5bce11ae36742790b5,train,tm-v3,offsets are in the preprocessed (trimmed) signal; split inherited from the parent
SS-GUN-0141S1,gtm_samples/gunshot/SS-GUN-0141S1.wav,Gunshot,derived:TM window of SS-GUN-0141,https://freesound.org/s/67556/,CC0-1.0,qubodup,2026-09-26,1.000,44100,1,unspecified,unspecified,n/a,augmented,SS-GUN-0141,0.000,1.000,d985d3f972ecac28ca6a938222c391bc7b95aba2c9c52e0e9162be53ce8cc082,train,tm-v3,offsets are in the preprocessed (trimmed) signal; split inherited from the parent
SS-GUN-0543S1,gtm_samples/gunshot/SS-GUN-0543S1.wav,Gunshot,derived:TM window of SS-GUN-0543,https://urbansounddataset.weebly.com/urbansound8k.html,CC-BY-4.0,"Justin Salamon, Duncan Jacoby, Juan Pablo Bello",2026-09-26,1.000,44100,1,unspecified,,n/a,augmented,SS-GUN-0543,1.000,2.000,a7be2f696be1ed20a5d6c64ad37a39380f7345c91ebe40cd4c06a95cceca42a0,train,tm-v3,offsets are in the preprocessed (trimmed) signal; split inherited from the parent
SS-GUN-0606S1,gtm_samples/gunshot/SS-GUN-0606S1.wav,Gunshot,derived:TM window of SS-GUN-0606,https://urbansounddataset.weebly.com/urbansound8k.html,CC-BY-4.0,"Justin Salamon, Duncan Jacoby, Juan Pablo Bello",2026-09-26,1.000,44100,1,unspecified,,n/a,augmented,SS-GUN-0606,0.000,1.000,b72f8571c4d21c45d54b2bc76d3b9e759073d3a72f6b2d0bc5f9086da7d9e6c1,train,tm-v3,offsets are in the preprocessed (trimmed) signal; split inherited from the parent
SS-GUN-0005S1,gtm_samples/gunshot/SS-GUN-0005S1.wav,Gunshot,derived:TM window of SS-GUN-0005,https://freesound.org/s/164646/,CC0-1.0,Adam_N,2026-09-26,0.461,44100,1,unspecified,unspecified,n/a,augmented,SS-GUN-0005,0.000,1.000,50780c3a3975c52f52b48878a29318a0627e47cd63b3b973c40c1ea0e99e1968,train,tm-v3,offsets are in the preprocessed (trimmed) signal; split inherited from the parent
SS-GUN-0134S1,gtm_samples/gunshot/SS-GUN-0134S1.wav,Gunshot,derived:TM window of SS-GUN-0134,https://freesound.org/s/431822/,CC0-1.0,moosegravy,2026-09-26,0.429,44100,1,outdoor,unspecified,n/a,augmented,SS-GUN-0134,0.000,1.000,255eea6acab65514007d57daf1a4b1bf73787f8a38e36565d69aaa87d13643c0,train,tm-v3,offsets are in the preprocessed (trimmed) signal; split inherited from the parent
SS-GUN-0017S1,gtm_samples/gunshot/SS-GUN-0017S1.wav,Gunshot,derived:TM window of SS-GUN-0017,https://freesound.org/s/127846/,CC0-1.0,Cyberkineticfilms,2026-09-26,1.000,44100,1,unspecified,unspecified,n/a,augmented,SS-GUN-0017,1.000,2.000,9c552cad20f9e7c74dc842aff71ca1475861be0edd154b7dfccfb8d94c592b7a,train,tm-v3,offsets are in the preprocessed (trimmed) signal; split inherited from the parent
SS-GUN-0524S1,gtm_samples/gunshot/SS-GUN-0524S1.wav,Gunshot,derived:TM window of SS-GUN-0524,https://urbansounddataset.weebly.com/urbansound8k.html,CC-BY-4.0,"Justin Salamon, Duncan Jacoby, Juan Pablo Bello",2026-09-26,1.000,44100,1,unspecified,,n/a,augmented,SS-GUN-0524,0.000,1.000,a7059455ad27df67c21d17e082007d33fce10a108ab2cdf88de39250732591ac,train,tm-v3,offsets are in the preprocessed (trimmed) signal; split inherited from the parent
SS-GUN-0001S1,gtm_samples/gunshot/SS-GUN-0001S1.wav,Gunshot,derived:TM window of SS-GUN-0001,https://freesound.org/s/186049/,CC-BY-3.0,18hiltc,2026-09-26,1.000,44100,1,indoor,unspecified,n/a,augmented,SS-GUN-0001,0.500,1.500,8ce7f96771b1d3b0a272e9f98812d36d80866d6d2e17ab771d3d03bc5e01ce73,train,tm-v3,offsets are in the preprocessed (trimmed) signal; split inherited from the parent
SS-GUN-0533S1,gtm_samples/gunshot/SS-GUN-0533S1.wav,Gunshot,derived:TM window of SS-GUN-0533,https://urbansounddataset.weebly.com/urbansound8k.html,CC-BY-4.0,"Justin Salamon, Duncan Jacoby, Juan Pablo Bello",2026-09-26,1.000,44100,1,unspecified,,n/a,augmented,SS-GUN-0533,1.000,2.000,64ff56de8eb0df4f74750edfcbe4b52e5f80ad9de9679d5464da4597536101ed,train,tm-v3,offsets are in the preprocessed (trimmed) signal; split inherited from the parent
SS-GUN-0525S1,gtm_samples/gunshot/SS-GUN-0525S1.wav,Gunshot,derived:TM window of SS-GUN-0525,https://urbansounddataset.weebly.com/urbansound8k.html,CC-BY-4.0,"Justin Salamon, Duncan Jacoby, Juan Pablo Bello",2026-09-26,1.000,44100,1,unspecified,,n/a,augmented,SS-GUN-0525,0.000,1.000,b0bc923ff36c2984f5a51ad606f78f9f4346c066eea7f672a87cdf4b5ad62a3d,train,tm-v3,offsets are in the preprocessed (trimmed) signal; split inherited from the parent
SS-GUN-0108S1,gtm_samples/gunshot/SS-GUN-0108S1.wav,Gunshot,derived:TM window of SS-GUN-0108,https://freesound.org/s/253438/,CC-BY-3.0,deleted_user_4401185,2026-09-26,0.100,44100,1,unspecified,unspecified,n/a,augmented,SS-GUN-0108,0.000,1.000,37f67bd27e1589b2937b283cdd0b178dd3093284d58317b3df1a5ecc8765ec22,train,tm-v3,offsets are in the preprocessed (trimmed) signal; split inherited from the parent
SS-GUN-0053S1,gtm_samples/gunshot/SS-GUN-0053S1.wav,Gunshot,derived:TM window of SS-GUN-0053,https://freesound.org/s/274559/,CC0-1.0,MrJohnWeez,2026-09-26,1.000,44100,1,unspecified,unspecified,n/a,augmented,SS-GUN-0053,2.000,3.000,b16fcdf8177632cd8fa9916a650c064aeae0acbf8151682fecb5437cfdfa3bec,train,tm-v3,offsets are in the preprocessed (trimmed) signal; split inherited from the parent
SS-GUN-0130S1,gtm_samples/gunshot/SS-GUN-0130S1.wav,Gunshot,derived:TM window of SS-GUN-0130,https://freesound.org/s/78776/,CC-BY-3.0,knufds,2026-09-26,1.000,44100,1,unspecified,unspecified,n/a,augmented,SS-GUN-0130,0.000,1.000,505cd40f698205d7c2fd64dec838b950515b04679811448a2bd42b4eb19c1b31,train,tm-v3,offsets are in the preprocessed (trimmed) signal; split inherited from the parent
SS-GUN-0590S1,gtm_samples/gunshot/SS-GUN-0590S1.wav,Gunshot,derived:TM window of SS-GUN-0590,https://urbansounddataset.weebly.com/urbansound8k.html,CC-BY-4.0,"Justin Salamon, Duncan Jacoby, Juan Pablo Bello",2026-09-26,0.812,44100,1,unspecified,,n/a,augmented,SS-GUN-0590,0.000,1.000,cd6995aed98a5871b5e38d60d976bf91eab8907f083696d5ca174bb17986bbaa,train,tm-v3,offsets are in the preprocessed (trimmed) signal; split inherited from the parent
SS-GUN-0509S1,gtm_samples/gunshot/SS-GUN-0509S1.wav,Gunshot,derived:TM window of SS-GUN-0509,https://urbansounddataset.weebly.com/urbansound8k.html,CC-BY-4.0,"Justin Salamon, Duncan Jacoby, Juan Pablo Bello",2026-09-26,1.000,44100,1,unspecified,,n/a,augmented,SS-GUN-0509,0.000,1.000,f3419840c4bb3fb2deb01704a5c7e51c770cf9d67be4f39a1718bd4b69d531f0,train,tm-v3,offsets are in the preprocessed (trimmed) signal; split inherited from the parent
SS-GUN-0653S1,gtm_samples/gunshot/SS-GUN-0653S1.wav,Gunshot,derived:TM window of SS-GUN-0653,https://urbansounddataset.weebly.com/urbansound8k.html,CC-BY-4.0,"Justin Salamon, Duncan Jacoby, Juan Pablo Bello",2026-09-26,0.289,44100,1,unspecified,,n/a,augmented,SS-GUN-0653,0.000,1.000,5a712f30e394fa9cb015fb7b95fcc2241c377cf1657fbd4e67d2ccf2a9d0c61c,train,tm-v3,offsets are in the preprocessed (trimmed) signal; split inherited from the parent
SS-GUN-0067S1,gtm_samples/gunshot/SS-GUN-0067S1.wav,Gunshot,derived:TM window of SS-GUN-0067,https://freesound.org/s/58904/,Sampling+-1.0,Rock Savage,2026-09-26,0.870,44100,1,unspecified,unspecified,n/a,augmented,SS-GUN-0067,0.000,1.000,cb4764a13dea0f330708ca85d101332ea6b9784c8e1d8df4c97e7740f10add44,train,tm-v3,offsets are in the preprocessed (trimmed) signal; split inherited from the parent
SS-GUN-0096S1,gtm_samples/gunshot/SS-GUN-0096S1.wav,Gunshot,derived:TM window of SS-GUN-0096,https://freesound.org/s/171236/,CC-BY-3.0,alukahn,2026-09-26,1.000,44100,1,indoor,unspecified,n/a,augmented,SS-GUN-0096,0.000,1.000,be4c45d472c5452e8ca6dd62227aba9d7fceead18258427491471bbc487198e3,train,tm-v3,offsets are in the preprocessed (trimmed) signal; split inherited from the parent
SS-GUN-0032S1,gtm_samples/gunshot/SS-GUN-0032S1.wav,Gunshot,derived:TM window of SS-GUN-0032,https://freesound.org/s/151555/,CC0-1.0,HolyMatt123,2026-09-26,1.000,44100,1,unspecified,unspecified,n/a,augmented,SS-GUN-0032,1.000,2.000,94950754f1711d20de7087753241193a1b2e8404619b23a84b0bb77cfcd37a40,train,tm-v3,offsets are in the preprocessed (trimmed) signal; split inherited from the parent
SS-GUN-0148S1,gtm_samples/gunshot/SS-GUN-0148S1.wav,Gunshot,derived:TM window of SS-GUN-0148,https://freesound.org/s/182806/,CC-BY-3.0,unfa,2026-09-26,0.508,44100,1,outdoor,unspecified,n/a,augmented,SS-GUN-0148,0.000,1.000,799df064fa7b18afbbf7e14dc357367aa661bb6816260127f9cb7c52047dc1ff,train,tm-v3,offsets are in the preprocessed (trimmed) signal; split inherited from the parent
SS-GUN-0508S1,gtm_samples/gunshot/SS-GUN-0508S1.wav,Gunshot,derived:TM window of SS-GUN-0508,https://urbansounddataset.weebly.com/urbansound8k.html,CC-BY-4.0,"Justin Salamon, Duncan Jacoby, Juan Pablo Bello",2026-09-26,1.000,44100,1,unspecified,,n/a,augmented,SS-GUN-0508,0.000,1.000,889b856246463a90209f32abf5516d647777733bb9b9b96f743dbeb28fd20bb4,train,tm-v3,offsets are in the preprocessed (trimmed) signal; split inherited from the parent
SS-GUN-0584S1,gtm_samples/gunshot/SS-GUN-0584S1.wav,Gunshot,derived:TM window of SS-GUN-0584,https://urbansounddataset.weebly.com/urbansound8k.html,CC-BY-4.0,"Justin Salamon, Duncan Jacoby, Juan Pablo Bello",2026-09-26,1.000,44100,1,unspecified,,n/a,augmented,SS-GUN-0584,0.000,1.000,6e7b69698a04fee9e509f913cdd05b3fdfe284cbb22b08ef4207440e337ef34e,train,tm-v3,offsets are in the preprocessed (trimmed) signal; split inherited from the parent
SS-GUN-0602S1,gtm_samples/gunshot/SS-GUN-0602S1.wav,Gunshot,derived:TM window of SS-GUN-0602,https://urbansounddataset.weebly.com/urbansound8k.html,CC-BY-4.0,"Justin Salamon, Duncan Jacoby, Juan Pablo Bello",2026-09-26,0.958,44100,1,unspecified,,n/a,augmented,SS-GUN-0602,0.000,1.000,e5ca923c011c42d2edc53fb62ebba8674a17a7594a0762ac20c838a0d53f95a9,train,tm-v3,offsets are in the preprocessed (trimmed) signal; split inherited from the parent
SS-GUN-0515S1,gtm_samples/gunshot/SS-GUN-0515S1.wav,Gunshot,derived:TM window of SS-GUN-0515,https://urbansounddataset.weebly.com/urbansound8k.html,CC-BY-4.0,"Justin Salamon, Duncan Jacoby, Juan Pablo Bello",2026-09-26,0.556,44100,1,unspecified,,n/a,augmented,SS-GUN-0515,0.000,1.000,ba7a2f7d2f5897b243f400009a78dcdfff33c90695647a0dce7573db4df6815a,train,tm-v3,offsets are in the preprocessed (trimmed) signal; split inherited from the parent
SS-GUN-0548S1,gtm_samples/gunshot/SS-GUN-0548S1.wav,Gunshot,derived:TM window of SS-GUN-0548,https://urbansounddataset.weebly.com/urbansound8k.html,CC-BY-4.0,"Justin Salamon, Duncan Jacoby, Juan Pablo Bello",2026-09-26,1.000,44100,1,unspecified,,n/a,augmented,SS-GUN-0548,0.000,1.000,42d9748ae5e260a467ba3c024e6fac9bebdc640b95786168172f071e5fa166dc,train,tm-v3,offsets are in the preprocessed (trimmed) signal; split inherited from the parent
SS-GUN-0615S1,gtm_samples/gunshot/SS-GUN-0615S1.wav,Gunshot,derived:TM window of SS-GUN-0615,https://urbansounddataset.weebly.com/urbansound8k.html,CC-BY-4.0,"Justin Salamon, Duncan Jacoby, Juan Pablo Bello",2026-09-26,1.000,44100,1,unspecified,,n/a,augmented,SS-GUN-0615,0.000,1.000,53ff2c622209253d5cc5cf32b854130977cd1d175cc8f3b25edba276621389aa,train,tm-v3,offsets are in the preprocessed (trimmed) signal; split inherited from the parent
SS-GUN-0633S1,gtm_samples/gunshot/SS-GUN-0633S1.wav,Gunshot,derived:TM window of SS-GUN-0633,https://urbansounddataset.weebly.com/urbansound8k.html,CC-BY-4.0,"Justin Salamon, Duncan Jacoby, Juan Pablo Bello",2026-09-26,0.819,44100,1,unspecified,,n/a,augmented,SS-GUN-0633,0.000,1.000,ad1342d71ab185d332d2d8b1b5912a1b2138428c3f3862a9cdba20dc663a0f90,train,tm-v3,offsets are in the preprocessed (trimmed) signal; split inherited from the parent
SS-GUN-0114S1,gtm_samples/gunshot/SS-GUN-0114S1.wav,Gunshot,derived:TM window of SS-GUN-0114,https://freesound.org/s/402010/,CC-BY-3.0,eardeer,2026-09-26,0.260,44100,1,unspecified,unspecified,n/a,augmented,SS-GUN-0114,0.000,1.000,58a49e200653bcf083fd845d6889a553e9375774d84a403029fbb93acee60bdd,train,tm-v3,offsets are in the preprocessed (trimmed) signal; split inherited from the parent
SS-GUN-0657S1,gtm_samples/gunshot/SS-GUN-0657S1.wav,Gunshot,derived:TM window of SS-GUN-0657,https://urbansounddataset.weebly.com/urbansound8k.html,CC-BY-4.0,"Justin Salamon, Duncan Jacoby, Juan Pablo Bello",2026-09-26,0.492,44100,1,unspecified,,n/a,augmented,SS-GUN-0657,0.000,1.000,3ec7667bcf26261f4b976acf36d5c41e1c4da741500c2359974990730b95a1b4,train,tm-v3,offsets are in the preprocessed (trimmed) signal; split inherited from the parent
SS-GUN-0039S1,gtm_samples/gunshot/SS-GUN-0039S1.wav,Gunshot,derived:TM window of SS-GUN-0039,https://freesound.org/s/133797/,CC-BY-3.0,Julien Nicolas,2026-09-26,1.000,44100,1,unspecified,unspecified,n/a,augmented,SS-GUN-0039,3.000,4.000,89e60d6c091c1f850950c6b91d44b4c121d2e0aecfeee5239cc5e60c4cd6006d,train,tm-v3,offsets are in the preprocessed (trimmed) signal; split inherited from the parent
SS-GUN-0048S1,gtm_samples/gunshot/SS-GUN-0048S1.wav,Gunshot,derived:TM window of SS-GUN-0048,https://freesound.org/s/266105/,CC0-1.0,Marregheriti,2026-09-26,0.986,44100,1,unspecified,unspecified,n/a,augmented,SS-GUN-0048,0.000,1.000,7de614c654911502de8d41fa8a5f07ff9bdee2ec7eee8a4b742b8e9ec9170f7e,train,tm-v3,offsets are in the preprocessed (trimmed) signal; split inherited from the parent
SS-GUN-0030S1,gtm_samples/gunshot/SS-GUN-0030S1.wav,Gunshot,derived:TM window of SS-GUN-0030,https://freesound.org/s/151620/,CC0-1.0,Hamp999,2026-09-26,1.000,44100,1,outdoor,unspecified,n/a,augmented,SS-GUN-0030,1.500,2.500,cdf326a45fed403c43874aee8c161c435075c446ec1f200feef91194f300d28e,train,tm-v3,offsets are in the preprocessed (trimmed) signal; split inherited from the parent
SS-GUN-0076S1,gtm_samples/gunshot/SS-GUN-0076S1.wav,Gunshot,derived:TM window of SS-GUN-0076,https://freesound.org/s/89147/,Sampling+-1.0,SpartanX109,2026-09-26,1.000,44100,1,unspecified,unspecified,n/a,augmented,SS-GUN-0076,0.000,1.000,555825186708f80621bdeefe3e4cd7a05d184aff95db2e8924015d1a405135c3,train,tm-v3,offsets are in the preprocessed (trimmed) signal; split inherited from the parent
SS-GUN-0051S1,gtm_samples/gunshot/SS-GUN-0051S1.wav,Gunshot,derived:TM window of SS-GUN-0051,https://freesound.org/s/349217/,CC-BY-3.0,Mattix145,2026-09-26,0.662,44100,1,outdoor,unspecified,n/a,augmented,SS-GUN-0051,0.000,1.000,763171694c2e7d3415d5d93e53ffa7a40e9af0c316d1b3b077b8d10575b5326f,train,tm-v3,offsets are in the preprocessed (trimmed) signal; split inherited from the parent
SS-GUN-0650S1,gtm_samples/gunshot/SS-GUN-0650S1.wav,Gunshot,derived:TM window of SS-GUN-0650,https://urbansounddataset.weebly.com/urbansound8k.html,CC-BY-4.0,"Justin Salamon, Duncan Jacoby, Juan Pablo Bello",2026-09-26,1.000,44100,1,unspecified,,n/a,augmented,SS-GUN-0650,0.000,1.000,062034ae59f6fa72fb98d8728639dd6e3cce9823a96255d8050f6b7f1dc63a23,train,tm-v3,offsets are in the preprocessed (trimmed) signal; split inherited from the parent
SS-GUN-0070S1,gtm_samples/gunshot/SS-GUN-0070S1.wav,Gunshot,derived:TM window of SS-GUN-0070,https://freesound.org/s/37237/,Sampling+-1.0,Shades,2026-09-26,1.000,44100,1,outdoor,unspecified,n/a,augmented,SS-GUN-0070,1.000,2.000,c2608f515dc7475d72ec95d9de4dae9a0762079b90f0a70985b78d467563eed1,train,tm-v3,offsets are in the preprocessed (trimmed) signal; split inherited from the parent
SS-GUN-0585S1,gtm_samples/gunshot/SS-GUN-0585S1.wav,Gunshot,derived:TM window of SS-GUN-0585,https://urbansounddataset.weebly.com/urbansound8k.html,CC-BY-4.0,"Justin Salamon, Duncan Jacoby, Juan Pablo Bello",2026-09-26,1.000,44100,1,unspecified,,n/a,augmented,SS-GUN-0585,0.000,1.000,e29402dbf4bd4f419b86e61b9d6276bb14a3d43e5b90dc5f04058e8f8356cd02,train,tm-v3,offsets are in the preprocessed (trimmed) signal; split inherited from the parent
SS-GUN-0637S1,gtm_samples/gunshot/SS-GUN-0637S1.wav,Gunshot,derived:TM window of SS-GUN-0637,https://urbansounddataset.weebly.com/urbansound8k.html,CC-BY-4.0,"Justin Salamon, Duncan Jacoby, Juan Pablo Bello",2026-09-26,0.700,44100,1,unspecified,,n/a,augmented,SS-GUN-0637,0.000,1.000,c1fe41cdbbecac32f63d6f67b5b868b13c814a9d01a05e5ebe2ad06b58cf5d18,train,tm-v3,offsets are in the preprocessed (trimmed) signal; split inherited from the parent
SS-GUN-0614S1,gtm_samples/gunshot/SS-GUN-0614S1.wav,Gunshot,derived:TM window of SS-GUN-0614,https://urbansounddataset.weebly.com/urbansound8k.html,CC-BY-4.0,"Justin Salamon, Duncan Jacoby, Juan Pablo Bello",2026-09-26,1.000,44100,1,unspecified,,n/a,augmented,SS-GUN-0614,0.000,1.000,3a94c2649148a2d80be9fe69b885339f10fddd6f53e792704e9bd6aa54c19997,train,tm-v3,offsets are in the preprocessed (trimmed) signal; split inherited from the parent
SS-GUN-0004S1,gtm_samples/gunshot/SS-GUN-0004S1.wav,Gunshot,derived:TM window of SS-GUN-0004,https://freesound.org/s/318973/,CC0-1.0,AbuNijmeh,2026-09-26,1.000,44100,1,studio,unspecified,n/a,augmented,SS-GUN-0004,0.000,1.000,d62095f7c57ec8d318d0fb52fc59fab6788bfa067992903d299f691ad967eafe,train,tm-v3,offsets are in the preprocessed (trimmed) signal; split inherited from the parent
SS-GUN-0544S1,gtm_samples/gunshot/SS-GUN-0544S1.wav,Gunshot,derived:TM window of SS-GUN-0544,https://urbansounddataset.weebly.com/urbansound8k.html,CC-BY-4.0,"Justin Salamon, Duncan Jacoby, Juan Pablo Bello",2026-09-26,1.000,44100,1,unspecified,,n/a,augmented,SS-GUN-0544,1.000,2.000,a7dc1937be1ff51b59be78ff1092de03f7d42d432ba76d8053fc071c86990625,train,tm-v3,offsets are in the preprocessed (trimmed) signal; split inherited from the parent
SS-GUN-0504S1,gtm_samples/gunshot/SS-GUN-0504S1.wav,Gunshot,derived:TM window of SS-GUN-0504,https://urbansounddataset.weebly.com/urbansound8k.html,CC-BY-4.0,"Justin Salamon, Duncan Jacoby, Juan Pablo Bello",2026-09-26,0.598,44100,1,unspecified,,n/a,augmented,SS-GUN-0504,0.000,1.000,bcaac47dfcf4396bd6e42ae788e41bc02313934cc09643f45262080fed7c3b22,train,tm-v3,offsets are in the preprocessed (trimmed) signal; split inherited from the parent
SS-MAC-0033S1,gtm_samples/machinery_fault/SS-MAC-0033S1.wav,Machinery Fault,derived:TM window of SS-MAC-0033,https://freesound.org/s/23519/,CC-BY-3.0,Percy Duke,2026-09-26,1.000,44100,1,outdoor,unspecified,n/a,augmented,SS-MAC-0033,9.000,10.000,738b9f5eceb871e99abe529430bc5ce14db8c1139f68501d0989cbef77f991a3,train,tm-v3,offsets are in the preprocessed (trimmed) signal; split inherited from the parent
SS-MAC-0011S1,gtm_samples/machinery_fault/SS-MAC-0011S1.wav,Machinery Fault,derived:TM window of SS-MAC-0011,https://freesound.org/s/85666/,CC-BY-3.0,CGEffex,2026-09-26,0.116,44100,1,unspecified,unspecified,n/a,augmented,SS-MAC-0011,0.000,1.000,18930338faa21984ce28d3d5cc24d1570f0ae046287ecea5590b10c54f60ce46,train,tm-v3,offsets are in the preprocessed (trimmed) signal; split inherited from the parent
SS-MAC-0087S1,gtm_samples/machinery_fault/SS-MAC-0087S1.wav,Machinery Fault,derived:TM window of SS-MAC-0087,https://freesound.org/s/118804/,CC0-1.0,lmbubec,2026-09-26,1.000,44100,1,unspecified,unspecified,n/a,augmented,SS-MAC-0087,0.000,1.000,81772c5d42d8c979dccb838ec09778528442105fa63a5ce23c3dd32fd9cc79cb,train,tm-v3,offsets are in the preprocessed (trimmed) signal; split inherited from the parent
SS-MAC-0514S1,gtm_samples/machinery_fault/SS-MAC-0514S1.wav,Machinery Fault,derived:TM window of SS-MAC-0514,https://github.com/karolpiczak/ESC-50,CC-BY-4.0,Karol J. Piczak,2026-09-26,1.000,44100,1,unspecified,,n/a,augmented,SS-MAC-0514,3.500,4.500,ff2e6e007636407f798c42c0671396e4d3054908a371617133596137cb04daa4,train,tm-v3,offsets are in the preprocessed (trimmed) signal; split inherited from the parent
SS-MAC-0633S1,gtm_samples/machinery_fault/SS-MAC-0633S1.wav,Machinery Fault,derived:TM window of SS-MAC-0633,https://github.com/karolpiczak/ESC-50,CC-BY-4.0,Karol J. Piczak,2026-09-26,1.000,44100,1,unspecified,,n/a,augmented,SS-MAC-0633,0.000,1.000,cfe872cd792fe84e3bda68a2fe6dcdd389b3b616473810c35d9b4ee082eeb30b,train,tm-v3,offsets are in the preprocessed (trimmed) signal; split inherited from the parent
SS-MAC-0564S1,gtm_samples/machinery_fault/SS-MAC-0564S1.wav,Machinery Fault,derived:TM window of SS-MAC-0564,https://github.com/karolpiczak/ESC-50,CC-BY-4.0,Karol J. Piczak,2026-09-26,1.000,44100,1,unspecified,,n/a,augmented,SS-MAC-0564,0.000,1.000,b5e3871b28403d32782c4208efbde03d86f40a1ae1bbf9be2535038ca409ef2a,train,tm-v3,offsets are in the preprocessed (trimmed) signal; split inherited from the parent
SS-MAC-0501S1,gtm_samples/machinery_fault/SS-MAC-0501S1.wav,Machinery Fault,derived:TM window of SS-MAC-0501,https://github.com/karolpiczak/ESC-50,CC-BY-4.0,Karol J. Piczak,2026-09-26,1.000,44100,1,unspecified,,n/a,augmented,SS-MAC-0501,2.000,3.000,b35e44de50fb124517d6899d7f58468da384523d485b303fbaf1853e80c2e647,train,tm-v3,offsets are in the preprocessed (trimmed) signal; split inherited from the parent
SS-MAC-0669S1,gtm_samples/machinery_fault/SS-MAC-0669S1.wav,Machinery Fault,derived:TM window of SS-MAC-0669,https://github.com/karolpiczak/ESC-50,CC-BY-4.0,Karol J. Piczak,2026-09-26,1.000,44100,1,unspecified,,n/a,augmented,SS-MAC-0669,4.000,5.000,86f41adcebf8beb5db48b35050a62b032bb3d83c6ca1f833ec1d08b887451a1c,train,tm-v3,offsets are in the preprocessed (trimmed) signal; split inherited from the parent
SS-MAC-0091S1,gtm_samples/machinery_fault/SS-MAC-0091S1.wav,Machinery Fault,derived:TM window of SS-MAC-0091,https://freesound.org/s/336753/,CC-BY-3.0,luminadii,2026-09-26,1.000,44100,1,outdoor,unspecified,n/a,augmented,SS-MAC-0091,11.500,12.500,b30166a778005ff4614ebe6b0838c2f375e8eeb48c12d2cd09c0b92ccaaf4a18,train,tm-v3,offsets are in the preprocessed (trimmed) signal; split inherited from the parent
SS-MAC-0071S1,gtm_samples/machinery_fault/SS-MAC-0071S1.wav,Machinery Fault,derived:TM window of SS-MAC-0071,https://freesound.org/s/353977/,CC-BY-3.0,dycmaster,2026-09-26,1.000,44100,1,unspecified,unspecified,n/a,augmented,SS-MAC-0071,11.500,12.500,94e3e54939d9abcf7410e29b89bf26cd937251a28e7881b64291e7304e9511cd,train,tm-v3,offsets are in the preprocessed (trimmed) signal; split inherited from the parent
SS-MAC-0676S1,gtm_samples/machinery_fault/SS-MAC-0676S1.wav,Machinery Fault,derived:TM window of SS-MAC-0676,https://github.com/karolpiczak/ESC-50,CC-BY-4.0,Karol J. Piczak,2026-09-26,1.000,44100,1,unspecified,,n/a,augmented,SS-MAC-0676,0.000,1.000,d08d6a6f82701bb3917f66b1186ba048c5a69b6480836a9a2c9f0b223b11cf5c,train,tm-v3,offsets are in the preprocessed (trimmed) signal; split inherited from the parent
SS-MAC-0645S1,gtm_samples/machinery_fault/SS-MAC-0645S1.wav,Machinery Fault,derived:TM window of SS-MAC-0645,https://github.com/karolpiczak/ESC-50,CC-BY-4.0,Karol J. Piczak,2026-09-26,1.000,44100,1,unspecified,,n/a,augmented,SS-MAC-0645,1.000,2.000,c0896b1313ace8af3866e0ccec768557436f5cfbb124bf014f2f07fa9f7165e2,train,tm-v3,offsets are in the preprocessed (trimmed) signal; split inherited from the parent
SS-MAC-0003S1,gtm_samples/machinery_fault/SS-MAC-0003S1.wav,Machinery Fault,derived:TM window of SS-MAC-0003,https://freesound.org/s/378680/,CC0-1.0,13FPanská_Tolar_David,2026-09-26,1.000,44100,1,unspecified,unspecified,n/a,augmented,SS-MAC-0003,5.500,6.500,2de986a1cb1c0e88d64d821984348de668c12b91988faf6f8d3fabd79cb0edc1,train,tm-v3,offsets are in the preprocessed (trimmed) signal; split inherited from the parent
SS-MAC-0521S1,gtm_samples/machinery_fault/SS-MAC-0521S1.wav,Machinery Fault,derived:TM window of SS-MAC-0521,https://github.com/karolpiczak/ESC-50,CC-BY-4.0,Karol J. Piczak,2026-09-26,1.000,44100,1,unspecified,,n/a,augmented,SS-MAC-0521,3.500,4.500,40ea4b7a68d52aada4256068cf56535b218245b46dc5b8fd3b7cd2b000485571,train,tm-v3,offsets are in the preprocessed (trimmed) signal; split inherited from the parent
SS-MAC-0643S1,gtm_samples/machinery_fault/SS-MAC-0643S1.wav,Machinery Fault,derived:TM window of SS-MAC-0643,https://github.com/karolpiczak/ESC-50,CC-BY-4.0,Karol J. Piczak,2026-09-26,1.000,44100,1,unspecified,,n/a,augmented,SS-MAC-0643,0.500,1.500,f765f1cda7c1bb3b9539f5a8202799f7ad4fee1d04309f1c131ef38db735f9e2,train,tm-v3,offsets are in the preprocessed (trimmed) signal; split inherited from the parent
SS-MAC-0657S1,gtm_samples/machinery_fault/SS-MAC-0657S1.wav,Machinery Fault,derived:TM window of SS-MAC-0657,https://github.com/karolpiczak/ESC-50,CC-BY-4.0,Karol J. Piczak,2026-09-26,1.000,44100,1,unspecified,,n/a,augmented,SS-MAC-0657,1.500,2.500,0e2301a9a611d6843e8da3a2301abc15b75c17d915975af0b8ac7ba123efcf32,train,tm-v3,offsets are in the preprocessed (trimmed) signal; split inherited from the parent
SS-MAC-0114S1,gtm_samples/machinery_fault/SS-MAC-0114S1.wav,Machinery Fault,derived:TM window of SS-MAC-0114,https://freesound.org/s/88771/,CC0-1.0,tec studios,2026-09-26,1.000,44100,1,outdoor,unspecified,n/a,augmented,SS-MAC-0114,1.000,2.000,96db636903f60a97294219a1251c4432c72694a763738e1db22e7319f94bcdba,train,tm-v3,offsets are in the preprocessed (trimmed) signal; split inherited from the parent
SS-MAC-0646S1,gtm_samples/machinery_fault/SS-MAC-0646S1.wav,Machinery Fault,derived:TM window of SS-MAC-0646,https://github.com/karolpiczak/ESC-50,CC-BY-4.0,Karol J. Piczak,2026-09-26,1.000,44100,1,unspecified,,n/a,augmented,SS-MAC-0646,3.000,4.000,2cefdecee89da33438f5ca5798b59e87c868df80c9052253d7755713e696c485,train,tm-v3,offsets are in the preprocessed (trimmed) signal; split inherited from the parent
SS-MAC-0631S1,gtm_samples/machinery_fault/SS-MAC-0631S1.wav,Machinery Fault,derived:TM window of SS-MAC-0631,https://github.com/karolpiczak/ESC-50,CC-BY-4.0,Karol J. Piczak,2026-09-26,1.000,44100,1,unspecified,,n/a,augmented,SS-MAC-0631,0.000,1.000,2d8aa589c74a8592a93c66d9172d7f5373c845be3c9c52b7d1b4bdce3b9b39e9,train,tm-v3,offsets are in the preprocessed (trimmed) signal; split inherited from the parent
SS-MAC-0092S1,gtm_samples/machinery_fault/SS-MAC-0092S1.wav,Machinery Fault,derived:TM window of SS-MAC-0092,https://freesound.org/s/349386/,CC0-1.0,macdaddyno1,2026-09-26,1.000,44100,1,outdoor,unspecified,n/a,augmented,SS-MAC-0092,1.500,2.500,05286abaa1456029b46ce55403d860c915fc1cf3c8ef289f2bbfef3d22ef065e,train,tm-v3,offsets are in the preprocessed (trimmed) signal; split inherited from the parent
SS-MAC-0610S1,gtm_samples/machinery_fault/SS-MAC-0610S1.wav,Machinery Fault,derived:TM window of SS-MAC-0610,https://github.com/karolpiczak/ESC-50,CC-BY-4.0,Karol J. Piczak,2026-09-26,1.000,44100,1,unspecified,,n/a,augmented,SS-MAC-0610,4.000,5.000,cdf7186c00a09f8987533c20c441b84de82b50dda2929c8aa96e46c8969f82d2,train,tm-v3,offsets are in the preprocessed (trimmed) signal; split inherited from the parent
SS-MAC-0654S1,gtm_samples/machinery_fault/SS-MAC-0654S1.wav,Machinery Fault,derived:TM window of SS-MAC-0654,https://github.com/karolpiczak/ESC-50,CC-BY-4.0,Karol J. Piczak,2026-09-26,1.000,44100,1,unspecified,,n/a,augmented,SS-MAC-0654,0.500,1.500,fc15c15608d7c2e8b13f9b7fd1811ec70d12832a210581671dd73fe043daf91b,train,tm-v3,offsets are in the preprocessed (trimmed) signal; split inherited from the parent
SS-MAC-0594S1,gtm_samples/machinery_fault/SS-MAC-0594S1.wav,Machinery Fault,derived:TM window of SS-MAC-0594,https://github.com/karolpiczak/ESC-50,CC-BY-4.0,Karol J. Piczak,2026-09-26,1.000,44100,1,unspecified,,n/a,augmented,SS-MAC-0594,1.500,2.500,ec1d70ea4f90b6c7c99ce4051bbbf328bfbfdf307c57953d6adf85b2e967d015,train,tm-v3,offsets are in the preprocessed (trimmed) signal; split inherited from the parent
SS-MAC-0590S1,gtm_samples/machinery_fault/SS-MAC-0590S1.wav,Machinery Fault,derived:TM window of SS-MAC-0590,https://github.com/karolpiczak/ESC-50,CC-BY-4.0,Karol J. Piczak,2026-09-26,1.000,44100,1,unspecified,,n/a,augmented,SS-MAC-0590,0.000,1.000,5d7cb1d92bafdddf5426d9943cd34598975017330e808281c9ddf41e3170d8ad,train,tm-v3,offsets are in the preprocessed (trimmed) signal; split inherited from the parent
SS-MAC-0070S1,gtm_samples/machinery_fault/SS-MAC-0070S1.wav,Machinery Fault,derived:TM window of SS-MAC-0070,https://freesound.org/s/6989/,CC-BY-3.0,dobroide,2026-09-26,1.000,44100,1,outdoor,unspecified,n/a,augmented,SS-MAC-0070,8.000,9.000,0d68046bb37f57d62a59b0eaaf1c0294db155dfda0547d85ea08f1ca23f1b890,train,tm-v3,offsets are in the preprocessed (trimmed) signal; split inherited from the parent
SS-MAC-0063S1,gtm_samples/machinery_fault/SS-MAC-0063S1.wav,Machinery Fault,derived:TM window of SS-MAC-0063,https://freesound.org/s/62463/,CC0-1.0,bsumusictech,2026-09-26,1.000,44100,1,outdoor,unspecified,n/a,augmented,SS-MAC-0063,0.000,1.000,5e69840014e56cc778a4b808090dd1975479906e5d23d8a494d1c4bb3cb5eb57,train,tm-v3,offsets are in the preprocessed (trimmed) signal; split inherited from the parent
SS-MAC-0672S1,gtm_samples/machinery_fault/SS-MAC-0672S1.wav,Machinery Fault,derived:TM window of SS-MAC-0672,https://github.com/karolpiczak/ESC-50,CC-BY-4.0,Karol J. Piczak,2026-09-26,1.000,44100,1,unspecified,,n/a,augmented,SS-MAC-0672,0.000,1.000,58ff894670654b61755d6bcbfd04ce0f19753e578f923607358fb26760c5441d,train,tm-v3,offsets are in the preprocessed (trimmed) signal; split inherited from the parent
SS-MAC-0543S1,gtm_samples/machinery_fault/SS-MAC-0543S1.wav,Machinery Fault,derived:TM window of SS-MAC-0543,https://github.com/karolpiczak/ESC-50,CC-BY-4.0,Karol J. Piczak,2026-09-26,1.000,44100,1,unspecified,,n/a,augmented,SS-MAC-0543,0.500,1.500,efeeb0f0c61ff1b7a55f892cc455265d351cebe662e555113e35db1b8fd4f67b,train,tm-v3,offsets are in the preprocessed (trimmed) signal; split inherited from the parent
SS-MAC-0539S1,gtm_samples/machinery_fault/SS-MAC-0539S1.wav,Machinery Fault,derived:TM window of SS-MAC-0539,https://github.com/karolpiczak/ESC-50,CC-BY-4.0,Karol J. Piczak,2026-09-26,1.000,44100,1,unspecified,,n/a,augmented,SS-MAC-0539,0.000,1.000,5397e73f4b4c773a9a3ad6267c2302ee1f51fa3e5922a3f1fa6fd937ac3f722b,train,tm-v3,offsets are in the preprocessed (trimmed) signal; split inherited from the parent
SS-MAC-0074S1,gtm_samples/machinery_fault/SS-MAC-0074S1.wav,Machinery Fault,derived:TM window of SS-MAC-0074,https://freesound.org/s/170757/,CC0-1.0,esperar,2026-09-26,1.000,44100,1,unspecified,unspecified,n/a,augmented,SS-MAC-0074,0.500,1.500,6bfabec94591b93c68ff1a3ea1191608c75e0a9fa18e09c8d5a0e9da3e677d21,train,tm-v3,offsets are in the preprocessed (trimmed) signal; split inherited from the parent
SS-MAC-0093S1,gtm_samples/machinery_fault/SS-MAC-0093S1.wav,Machinery Fault,derived:TM window of SS-MAC-0093,https://freesound.org/s/192387/,CC-BY-3.0,madmini,2026-09-26,1.000,44100,1,unspecified,unspecified,n/a,augmented,SS-MAC-0093,1.000,2.000,0395df309f9b7544f883557b728031c2a695b797602492057b9e5f9c3999fe18,train,tm-v3,offsets are in the preprocessed (trimmed) signal; split inherited from the parent
SS-MAC-0077S1,gtm_samples/machinery_fault/SS-MAC-0077S1.wav,Machinery Fault,derived:TM window of SS-MAC-0077,https://freesound.org/s/331520/,CC0-1.0,gladkiy,2026-09-26,1.000,44100,1,outdoor,unspecified,n/a,augmented,SS-MAC-0077,20.500,21.500,198fee0569600c5404a56973909a0d659aec49ddce6845df8d526c0a00e3ce94,train,tm-v3,offsets are in the preprocessed (trimmed) signal; split inherited from the parent
SS-MAC-0603S1,gtm_samples/machinery_fault/SS-MAC-0603S1.wav,Machinery Fault,derived:TM window of SS-MAC-0603,https://github.com/karolpiczak/ESC-50,CC-BY-4.0,Karol J. Piczak,2026-09-26,1.000,44100,1,unspecified,,n/a,augmented,SS-MAC-0603,2.000,3.000,ca701540f2814aaa2993962a556df43814004f7441b501612e4de4e0ebade349,train,tm-v3,offsets are in the preprocessed (trimmed) signal; split inherited from the parent
SS-MAC-0013S1,gtm_samples/machinery_fault/SS-MAC-0013S1.wav,Machinery Fault,derived:TM window of SS-MAC-0013,https://freesound.org/s/162499/,CC0-1.0,Chippy569,2026-09-26,1.000,44100,1,vehicle,unspecified,n/a,augmented,SS-MAC-0013,2.000,3.000,bfdedb3785ad1c0a5913b6db814d43a825183c5282659345d6374b3cde654598,train,tm-v3,offsets are in the preprocessed (trimmed) signal; split inherited from the parent
SS-MAC-0560S1,gtm_samples/machinery_fault/SS-MAC-0560S1.wav,Machinery Fault,derived:TM window of SS-MAC-0560,https://github.com/karolpiczak/ESC-50,CC-BY-4.0,Karol J. Piczak,2026-09-26,1.000,44100,1,unspecified,,n/a,augmented,SS-MAC-0560,0.500,1.500,bd545e5c6ee4a40ce54293942e4ec27fc4d4103a0ae300af765f6fcca7922e72,train,tm-v3,offsets are in the preprocessed (trimmed) signal; split inherited from the parent
SS-MAC-0012S1,gtm_samples/machinery_fault/SS-MAC-0012S1.wav,Machinery Fault,derived:TM window of SS-MAC-0012,https://freesound.org/s/275042/,CC-BY-3.0,Cell31_Sound_Productions,2026-09-26,1.000,44100,1,indoor,unspecified,n/a,augmented,SS-MAC-0012,9.500,10.500,c06369bc9219a2aa680c26d194489cfd672a5efd3340b6952fc513a53193d3e1,train,tm-v3,offsets are in the preprocessed (trimmed) signal; split inherited from the parent
SS-MAC-0635S1,gtm_samples/machinery_fault/SS-MAC-0635S1.wav,Machinery Fault,derived:TM window of SS-MAC-0635,https://github.com/karolpiczak/ESC-50,CC-BY-4.0,Karol J. Piczak,2026-09-26,1.000,44100,1,unspecified,,n/a,augmented,SS-MAC-0635,4.000,5.000,ea6987053a531037efc92c9c7f18bccdb01750c9f5286a2fe28238949a487fba,train,tm-v3,offsets are in the preprocessed (trimmed) signal; split inherited from the parent
SS-MAC-0511S1,gtm_samples/machinery_fault/SS-MAC-0511S1.wav,Machinery Fault,derived:TM window of SS-MAC-0511,https://github.com/karolpiczak/ESC-50,CC-BY-4.0,Karol J. Piczak,2026-09-26,1.000,44100,1,unspecified,,n/a,augmented,SS-MAC-0511,3.000,4.000,9b4b8f6c10f9465e0d8910c1dd505d83117704ca560a18953d4534ca4af9e5da,train,tm-v3,offsets are in the preprocessed (trimmed) signal; split inherited from the parent
SS-MAC-0670S1,gtm_samples/machinery_fault/SS-MAC-0670S1.wav,Machinery Fault,derived:TM window of SS-MAC-0670,https://github.com/karolpiczak/ESC-50,CC-BY-4.0,Karol J. Piczak,2026-09-26,1.000,44100,1,unspecified,,n/a,augmented,SS-MAC-0670,0.000,1.000,a26e472e926eb48c8140a17d1ea24495116567a2cdb2eaf665d205317bebd864,train,tm-v3,offsets are in the preprocessed (trimmed) signal; split inherited from the parent
SS-MAC-0677S1,gtm_samples/machinery_fault/SS-MAC-0677S1.wav,Machinery Fault,derived:TM window of SS-MAC-0677,https://github.com/karolpiczak/ESC-50,CC-BY-4.0,Karol J. Piczak,2026-09-26,1.000,44100,1,unspecified,,n/a,augmented,SS-MAC-0677,3.500,4.500,d06550ddc7299ed6ac10d300391e771b31aa1900cd5374fac31cce8d44152727,train,tm-v3,offsets are in the preprocessed (trimmed) signal; split inherited from the parent
SS-MAC-0107S1,gtm_samples/machinery_fault/SS-MAC-0107S1.wav,Machinery Fault,derived:TM window of SS-MAC-0107,https://freesound.org/s/361403/,CC0-1.0,richwise,2026-09-26,1.000,44100,1,unspecified,unspecified,n/a,augmented,SS-MAC-0107,0.500,1.500,1d9dba1a3b3c27c8f22c6e597fd4871ca5a2abb5e7c2c339a67bd316ee35825c,train,tm-v3,offsets are in the preprocessed (trimmed) signal; split inherited from the parent
SS-MAC-0519S1,gtm_samples/machinery_fault/SS-MAC-0519S1.wav,Machinery Fault,derived:TM window of SS-MAC-0519,https://github.com/karolpiczak/ESC-50,CC-BY-4.0,Karol J. Piczak,2026-09-26,1.000,44100,1,unspecified,,n/a,augmented,SS-MAC-0519,2.000,3.000,a7dcc39c78af5a8b0e054fdfb38ee6f82b3c326aea5042978853272d7dc75789,train,tm-v3,offsets are in the preprocessed (trimmed) signal; split inherited from the parent
SS-MAC-0088S1,gtm_samples/machinery_fault/SS-MAC-0088S1.wav,Machinery Fault,derived:TM window of SS-MAC-0088,https://freesound.org/s/157919/,CC0-1.0,lolamadeus,2026-09-26,1.000,44100,1,outdoor,unspecified,n/a,augmented,SS-MAC-0088,8.000,9.000,fe52332b4affcaa56a6a72afe522d72b281661f66b851dd9a4a7a0fb5c6d3ea0,train,tm-v3,offsets are in the preprocessed (trimmed) signal; split inherited from the parent
SS-MAC-0110S1,gtm_samples/machinery_fault/SS-MAC-0110S1.wav,Machinery Fault,derived:TM window of SS-MAC-0110,https://freesound.org/s/361442/,CC-BY-3.0,spalena,2026-09-26,1.000,44100,1,studio,unspecified,n/a,augmented,SS-MAC-0110,4.500,5.500,4663c45110aad8905a1876dc07fd7df3a89cbc4bb3a26d3abe5381fdf1643bf4,train,tm-v3,offsets are in the preprocessed (trimmed) signal; split inherited from the parent
SS-MAC-0680S1,gtm_samples/machinery_fault/SS-MAC-0680S1.wav,Machinery Fault,derived:TM window of SS-MAC-0680,https://github.com/karolpiczak/ESC-50,CC-BY-4.0,Karol J. Piczak,2026-09-26,1.000,44100,1,unspecified,,n/a,augmented,SS-MAC-0680,0.500,1.500,d2cad79dda58cde89a1042009e4b3bc9c316e5d13cea0354e8185dd082f1751e,train,tm-v3,offsets are in the preprocessed (trimmed) signal; split inherited from the parent
SS-MAC-0596S1,gtm_samples/machinery_fault/SS-MAC-0596S1.wav,Machinery Fault,derived:TM window of SS-MAC-0596,https://github.com/karolpiczak/ESC-50,CC-BY-4.0,Karol J. Piczak,2026-09-26,1.000,44100,1,unspecified,,n/a,augmented,SS-MAC-0596,0.000,1.000,754bf7e44b80354cd73f90e42285c36d7dc42a69e890e7d88e1d3b1a898b189f,train,tm-v3,offsets are in the preprocessed (trimmed) signal; split inherited from the parent
SS-MAC-0010S1,gtm_samples/machinery_fault/SS-MAC-0010S1.wav,Machinery Fault,derived:TM window of SS-MAC-0010,https://freesound.org/s/58497/,CC-BY-3.0,Benboncan,2026-09-26,1.000,44100,1,outdoor,unspecified,n/a,augmented,SS-MAC-0010,0.500,1.500,693cbf026c2df96c13035e7a5a930725cb6d1389b490cb84db4445c41ffa47a8,train,tm-v3,offsets are in the preprocessed (trimmed) signal; split inherited from the parent
SS-MAC-0647S1,gtm_samples/machinery_fault/SS-MAC-0647S1.wav,Machinery Fault,derived:TM window of SS-MAC-0647,https://github.com/karolpiczak/ESC-50,CC-BY-4.0,Karol J. Piczak,2026-09-26,1.000,44100,1,unspecified,,n/a,augmented,SS-MAC-0647,0.500,1.500,9193182dd38f001122fd2928707cd96f45e4a54a795c10daa7d565d9b76434f5,train,tm-v3,offsets are in the preprocessed (trimmed) signal; split inherited from the parent
SS-MAC-0609S1,gtm_samples/machinery_fault/SS-MAC-0609S1.wav,Machinery Fault,derived:TM window of SS-MAC-0609,https://github.com/karolpiczak/ESC-50,CC-BY-4.0,Karol J. Piczak,2026-09-26,1.000,44100,1,unspecified,,n/a,augmented,SS-MAC-0609,2.500,3.500,dc5dea698e5a463e98068f65722619eff0e66addfc26ea0fb7a9cda01dcd4918,train,tm-v3,offsets are in the preprocessed (trimmed) signal; split inherited from the parent
SS-MAC-0675S1,gtm_samples/machinery_fault/SS-MAC-0675S1.wav,Machinery Fault,derived:TM window of SS-MAC-0675,https://github.com/karolpiczak/ESC-50,CC-BY-4.0,Karol J. Piczak,2026-09-26,1.000,44100,1,unspecified,,n/a,augmented,SS-MAC-0675,4.000,5.000,ececd0234a51543b5f29027638828414e9ecce3675a2e85dd9b6c110c84b1442,train,tm-v3,offsets are in the preprocessed (trimmed) signal; split inherited from the parent
SS-MAC-0108S1,gtm_samples/machinery_fault/SS-MAC-0108S1.wav,Machinery Fault,derived:TM window of SS-MAC-0108,https://freesound.org/s/410131/,CC0-1.0,soundman9826,2026-09-26,1.000,44100,1,vehicle,unspecified,n/a,augmented,SS-MAC-0108,4.000,5.000,b5d512a877a40a60cfa02603a049aa11423e09f99a25b3e439d505c79bf42029,train,tm-v3,offsets are in the preprocessed (trimmed) signal; split inherited from the parent
SS-MAC-0554S1,gtm_samples/machinery_fault/SS-MAC-0554S1.wav,Machinery Fault,derived:TM window of SS-MAC-0554,https://github.com/karolpiczak/ESC-50,CC-BY-4.0,Karol J. Piczak,2026-09-26,1.000,44100,1,unspecified,,n/a,augmented,SS-MAC-0554,0.000,1.000,16af4d9b30dff7b0523d04072831233b4d65dda844fdec86f4061900ec1b5244,train,tm-v3,offsets are in the preprocessed (trimmed) signal; split inherited from the parent
SS-MAC-0115S1,gtm_samples/machinery_fault/SS-MAC-0115S1.wav,Machinery Fault,derived:TM window of SS-MAC-0115,https://freesound.org/s/133044/,CC0-1.0,temawas,2026-09-26,1.000,44100,1,unspecified,unspecified,n/a,augmented,SS-MAC-0115,1.500,2.500,599a1f40dcbf4cae82f586550a82a33c1690ab1515bed4e09c4b4f00624eb73f,train,tm-v3,offsets are in the preprocessed (trimmed) signal; split inherited from the parent
SS-MAC-0558S1,gtm_samples/machinery_fault/SS-MAC-0558S1.wav,Machinery Fault,derived:TM window of SS-MAC-0558,https://github.com/karolpiczak/ESC-50,CC-BY-4.0,Karol J. Piczak,2026-09-26,1.000,44100,1,unspecified,,n/a,augmented,SS-MAC-0558,3.000,4.000,f0941641df2cde77e9fe90d26cc19cb13f9f74c6b21374b0aad2f6cc8bd84bda,train,tm-v3,offsets are in the preprocessed (trimmed) signal; split inherited from the parent
SS-MAC-0045S1,gtm_samples/machinery_fault/SS-MAC-0045S1.wav,Machinery Fault,derived:TM window of SS-MAC-0045,https://freesound.org/s/17434/,Sampling+-1.0,Stomp,2026-09-26,1.000,44100,1,indoor,unspecified,n/a,augmented,SS-MAC-0045,0.000,1.000,6f68a9c17548907333a1aac61ccf4436d07aa4aa48aaaa5f7bc0a2bffec2a3d3,train,tm-v3,offsets are in the preprocessed (trimmed) signal; split inherited from the parent
SS-MAC-0593S1,gtm_samples/machinery_fault/SS-MAC-0593S1.wav,Machinery Fault,derived:TM window of SS-MAC-0593,https://github.com/karolpiczak/ESC-50,CC-BY-4.0,Karol J. Piczak,2026-09-26,1.000,44100,1,unspecified,,n/a,augmented,SS-MAC-0593,3.000,4.000,0b50741f0744bbf24942712e9a0afadec3d33feb8d5775a3f5b14ea4883e6c13,train,tm-v3,offsets are in the preprocessed (trimmed) signal; split inherited from the parent
SS-MAC-0530S1,gtm_samples/machinery_fault/SS-MAC-0530S1.wav,Machinery Fault,derived:TM window of SS-MAC-0530,https://github.com/karolpiczak/ESC-50,CC-BY-4.0,Karol J. Piczak,2026-09-26,1.000,44100,1,unspecified,,n/a,augmented,SS-MAC-0530,1.000,2.000,d72d11aedf2763714de4bdef45e30b30c8a4d2bc28ae08c3395bd14b6750f0b2,train,tm-v3,offsets are in the preprocessed (trimmed) signal; split inherited from the parent
SS-MAC-0502S1,gtm_samples/machinery_fault/SS-MAC-0502S1.wav,Machinery Fault,derived:TM window of SS-MAC-0502,https://github.com/karolpiczak/ESC-50,CC-BY-4.0,Karol J. Piczak,2026-09-26,1.000,44100,1,unspecified,,n/a,augmented,SS-MAC-0502,3.000,4.000,e191f592e2f3ebce47277d8948d9564ac4d6f6ab095ac5fbe34bd15c92de60a5,train,tm-v3,offsets are in the preprocessed (trimmed) signal; split inherited from the parent
SS-MAC-0562S1,gtm_samples/machinery_fault/SS-MAC-0562S1.wav,Machinery Fault,derived:TM window of SS-MAC-0562,https://github.com/karolpiczak/ESC-50,CC-BY-4.0,Karol J. Piczak,2026-09-26,1.000,44100,1,unspecified,,n/a,augmented,SS-MAC-0562,2.500,3.500,49d49630bf1627089913b6496a123b851a3340e188dbfe999511482aadbce902,train,tm-v3,offsets are in the preprocessed (trimmed) signal; split inherited from the parent
SS-MAC-0008S1,gtm_samples/machinery_fault/SS-MAC-0008S1.wav,Machinery Fault,derived:TM window of SS-MAC-0008,https://freesound.org/s/362942/,CC0-1.0,AlexanderChe,2026-09-26,1.000,44100,1,vehicle,unspecified,n/a,augmented,SS-MAC-0008,9.500,10.500,8f1fe42755c56381110ffe0a7a6be3bf8d1c3d8942bc6057df4c1a1bc4ffd12c,train,tm-v3,offsets are in the preprocessed (trimmed) signal; split inherited from the parent
SS-MAC-0067S1,gtm_samples/machinery_fault/SS-MAC-0067S1.wav,Machinery Fault,derived:TM window of SS-MAC-0067,https://freesound.org/s/16942/,CC0-1.0,cognito perceptu,2026-09-26,0.858,44100,1,indoor,unspecified,n/a,augmented,SS-MAC-0067,0.000,1.000,1a94636d38f0bd8e46bcdd823b0a61473d5934f8cf3e6cded1264fb92595153e,train,tm-v3,offsets are in the preprocessed (trimmed) signal; split inherited from the parent
SS-MAC-0046S1,gtm_samples/machinery_fault/SS-MAC-0046S1.wav,Machinery Fault,derived:TM window of SS-MAC-0046,https://freesound.org/s/37908/,CC-BY-3.0,THE_bizniss,2026-09-26,1.000,44100,1,outdoor,unspecified,n/a,augmented,SS-MAC-0046,4.000,5.000,7e9301ba27aa64cc658b54bfe6ec209bdcf4bd94402dc433466c4718f50fb697,train,tm-v3,offsets are in the preprocessed (trimmed) signal; split inherited from the parent
SS-MAC-0100S1,gtm_samples/machinery_fault/SS-MAC-0100S1.wav,Machinery Fault,derived:TM window of SS-MAC-0100,https://freesound.org/s/58573/,CC-BY-3.0,morgantj,2026-09-26,1.000,44100,1,unspecified,unspecified,n/a,augmented,SS-MAC-0100,1.000,2.000,e677055896c648ca41eb9da523475cc4901558122b288a768b693390752dd7c6,train,tm-v3,offsets are in the preprocessed (trimmed) signal; split inherited from the parent
SS-MAC-0623S1,gtm_samples/machinery_fault/SS-MAC-0623S1.wav,Machinery Fault,derived:TM window of SS-MAC-0623,https://github.com/karolpiczak/ESC-50,CC-BY-4.0,Karol J. Piczak,2026-09-26,1.000,44100,1,unspecified,,n/a,augmented,SS-MAC-0623,0.500,1.500,2fd91cbb1e5a560a008434b19e59c1a239a7c7b02c2b2d2fa133a258784a3174,train,tm-v3,offsets are in the preprocessed (trimmed) signal; split inherited from the parent
SS-MAC-0073S1,gtm_samples/machinery_fault/SS-MAC-0073S1.wav,Machinery Fault,derived:TM window of SS-MAC-0073,https://freesound.org/s/141268/,CC0-1.0,escortmarius,2026-09-26,1.000,44100,1,unspecified,unspecified,n/a,augmented,SS-MAC-0073,3.000,4.000,55fbb2a08ff6c1f34384ce3860f36a2c2ed66888f970e06bdafd2b0384f3b533,train,tm-v3,offsets are in the preprocessed (trimmed) signal; split inherited from the parent
SS-MAC-0595S1,gtm_samples/machinery_fault/SS-MAC-0595S1.wav,Machinery Fault,derived:TM window of SS-MAC-0595,https://github.com/karolpiczak/ESC-50,CC-BY-4.0,Karol J. Piczak,2026-09-26,1.000,44100,1,unspecified,,n/a,augmented,SS-MAC-0595,1.000,2.000,05230d1370e290b420ca585b12c9b3f77d5eed7afe3e5b58c38dce86bc39fffd,train,tm-v3,offsets are in the preprocessed (trimmed) signal; split inherited from the parent
SS-MAC-0576S1,gtm_samples/machinery_fault/SS-MAC-0576S1.wav,Machinery Fault,derived:TM window of SS-MAC-0576,https://github.com/karolpiczak/ESC-50,CC-BY-4.0,Karol J. Piczak,2026-09-26,1.000,44100,1,unspecified,,n/a,augmented,SS-MAC-0576,2.500,3.500,eb882a3347d17a55e37c4ac931cc92ae85ac3948aa128d673d61d25198914112,train,tm-v3,offsets are in the preprocessed (trimmed) signal; split inherited from the parent
SS-MAC-0630S1,gtm_samples/machinery_fault/SS-MAC-0630S1.wav,Machinery Fault,derived:TM window of SS-MAC-0630,https://github.com/karolpiczak/ESC-50,CC-BY-4.0,Karol J. Piczak,2026-09-26,1.000,44100,1,unspecified,,n/a,augmented,SS-MAC-0630,0.500,1.500,48b6d0562aaea8181ff0557e8c27a3c86e7942ed71871ed2748db2abcafe4b64,train,tm-v3,offsets are in the preprocessed (trimmed) signal; split inherited from the parent
SS-MAC-0525S1,gtm_samples/machinery_fault/SS-MAC-0525S1.wav,Machinery Fault,derived:TM window of SS-MAC-0525,https://github.com/karolpiczak/ESC-50,CC-BY-4.0,Karol J. Piczak,2026-09-26,1.000,44100,1,unspecified,,n/a,augmented,SS-MAC-0525,4.000,5.000,9caaae870b65ed65ca3f2661b7057fc79d9f382abc7d11458de8c3426497e562,train,tm-v3,offsets are in the preprocessed (trimmed) signal; split inherited from the parent
SS-MAC-0656S1,gtm_samples/machinery_fault/SS-MAC-0656S1.wav,Machinery Fault,derived:TM window of SS-MAC-0656,https://github.com/karolpiczak/ESC-50,CC-BY-4.0,Karol J. Piczak,2026-09-26,1.000,44100,1,unspecified,,n/a,augmented,SS-MAC-0656,3.000,4.000,4adc4fed541fe5a725cb06dc9a183a2af8c97b53dc30f688e737bf539126dd09,train,tm-v3,offsets are in the preprocessed (trimmed) signal; split inherited from the parent
SS-MAC-0652S1,gtm_samples/machinery_fault/SS-MAC-0652S1.wav,Machinery Fault,derived:TM window of SS-MAC-0652,https://github.com/karolpiczak/ESC-50,CC-BY-4.0,Karol J. Piczak,2026-09-26,1.000,44100,1,unspecified,,n/a,augmented,SS-MAC-0652,2.000,3.000,c46dfd28555492f645cb3ce6aa2b3138efd5b0a04379009df3a1f62e39f37e3a,train,tm-v3,offsets are in the preprocessed (trimmed) signal; split inherited from the parent
SS-MAC-0569S1,gtm_samples/machinery_fault/SS-MAC-0569S1.wav,Machinery Fault,derived:TM window of SS-MAC-0569,https://github.com/karolpiczak/ESC-50,CC-BY-4.0,Karol J. Piczak,2026-09-26,1.000,44100,1,unspecified,,n/a,augmented,SS-MAC-0569,3.000,4.000,2810d83858a8f02263bd279fc75b0ff989c0dab5804df7e100c9e1bd4415e20d,train,tm-v3,offsets are in the preprocessed (trimmed) signal; split inherited from the parent
SS-MAC-0515S1,gtm_samples/machinery_fault/SS-MAC-0515S1.wav,Machinery Fault,derived:TM window of SS-MAC-0515,https://github.com/karolpiczak/ESC-50,CC-BY-4.0,Karol J. Piczak,2026-09-26,1.000,44100,1,unspecified,,n/a,augmented,SS-MAC-0515,2.500,3.500,c417a3adbc971b2ebf6bedf4e9be4f6267f81b8fefc07854ef97d609d0f97123,train,tm-v3,offsets are in the preprocessed (trimmed) signal; split inherited from the parent
SS-MAC-0064S1,gtm_samples/machinery_fault/SS-MAC-0064S1.wav,Machinery Fault,derived:TM window of SS-MAC-0064,https://freesound.org/s/168060/,CC-BY-3.0,buddhabeats,2026-09-26,1.000,44100,1,outdoor,unspecified,n/a,augmented,SS-MAC-0064,4.500,5.500,eb1481c4501de0ff12171c09e9b54ffbf615921f9f0dad6a21b9999ff7c6888e,train,tm-v3,offsets are in the preprocessed (trimmed) signal; split inherited from the parent
SS-MAC-0102S1,gtm_samples/machinery_fault/SS-MAC-0102S1.wav,Machinery Fault,derived:TM window of SS-MAC-0102,https://freesound.org/s/117942/,CC-BY-3.0,pishpirika,2026-09-26,0.523,44100,1,indoor,unspecified,n/a,augmented,SS-MAC-0102,0.000,1.000,ed895d0b17e76764c3c45576aadb032be8bd88ae818d92ea8ec94291450b3408,train,tm-v3,offsets are in the preprocessed (trimmed) signal; split inherited from the parent
SS-MAC-0546S1,gtm_samples/machinery_fault/SS-MAC-0546S1.wav,Machinery Fault,derived:TM window of SS-MAC-0546,https://github.com/karolpiczak/ESC-50,CC-BY-4.0,Karol J. Piczak,2026-09-26,1.000,44100,1,unspecified,,n/a,augmented,SS-MAC-0546,4.000,5.000,57591fb31ec96736857b8403638c3ef5048e01b1c9cf3d0dcb7ac3f5cde3efa3,train,tm-v3,offsets are in the preprocessed (trimmed) signal; split inherited from the parent
SS-MAC-0014S1,gtm_samples/machinery_fault/SS-MAC-0014S1.wav,Machinery Fault,derived:TM window of SS-MAC-0014,https://freesound.org/s/384016/,CC-BY-3.0,ChrisReierson,2026-09-26,1.000,44100,1,indoor,unspecified,n/a,augmented,SS-MAC-0014,10.000,11.000,93d91c24a19fb860c04f47edbe24113580f1e3725a0618b04711ed05a1cfb003,train,tm-v3,offsets are in the preprocessed (trimmed) signal; split inherited from the parent
SS-MAC-0644S1,gtm_samples/machinery_fault/SS-MAC-0644S1.wav,Machinery Fault,derived:TM window of SS-MAC-0644,https://github.com/karolpiczak/ESC-50,CC-BY-4.0,Karol J. Piczak,2026-09-26,1.000,44100,1,unspecified,,n/a,augmented,SS-MAC-0644,0.500,1.500,e8ed1f499dc6437dced50709681f0586ba0804a7f821fd861c5910fcd122b1af,train,tm-v3,offsets are in the preprocessed (trimmed) signal; split inherited from the parent
SS-MAC-0084S1,gtm_samples/machinery_fault/SS-MAC-0084S1.wav,Machinery Fault,derived:TM window of SS-MAC-0084,https://freesound.org/s/404993/,CC0-1.0,kyles,2026-09-26,1.000,44100,1,unspecified,unspecified,n/a,augmented,SS-MAC-0084,5.000,6.000,759d705008d01691aacf95c21996f28a07135ff65717dce19b461bf869e0543d,train,tm-v3,offsets are in the preprocessed (trimmed) signal; split inherited from the parent
SS-MAC-0050S1,gtm_samples/machinery_fault/SS-MAC-0050S1.wav,Machinery Fault,derived:TM window of SS-MAC-0050,https://freesound.org/s/96936/,CC-BY-3.0,Tomlija,2026-09-26,1.000,44100,1,unspecified,unspecified,n/a,augmented,SS-MAC-0050,16.000,17.000,212476a4d24ecce87fe33d0f7dd6cbe7a49c8a6fc2d75a683e5e26e1cb36eb55,train,tm-v3,offsets are in the preprocessed (trimmed) signal; split inherited from the parent
SS-MAC-0520S1,gtm_samples/machinery_fault/SS-MAC-0520S1.wav,Machinery Fault,derived:TM window of SS-MAC-0520,https://github.com/karolpiczak/ESC-50,CC-BY-4.0,Karol J. Piczak,2026-09-26,1.000,44100,1,unspecified,,n/a,augmented,SS-MAC-0520,3.500,4.500,2ebe68028717313aacea828c3231ab24c3a5d1454887603cd8b613b7c3de259d,train,tm-v3,offsets are in the preprocessed (trimmed) signal; split inherited from the parent
SS-MAC-0006S1,gtm_samples/machinery_fault/SS-MAC-0006S1.wav,Machinery Fault,derived:TM window of SS-MAC-0006,https://freesound.org/s/128124/,CC0-1.0,1pjladd2,2026-09-26,1.000,44100,1,outdoor,unspecified,n/a,augmented,SS-MAC-0006,4.000,5.000,d8f3dee0bda43fb26405c1f28cc6c31d88c3cd673960b1a80891fa94e2efc928,train,tm-v3,offsets are in the preprocessed (trimmed) signal; split inherited from the parent
SS-MAC-0020S1,gtm_samples/machinery_fault/SS-MAC-0020S1.wav,Machinery Fault,derived:TM window of SS-MAC-0020,https://freesound.org/s/339136/,CC0-1.0,FFKoenigsegg20012017,2026-09-26,1.000,44100,1,vehicle,unspecified,n/a,augmented,SS-MAC-0020,0.000,1.000,8f4ecfda51ed58898389e6455609adae63ae34240aebacaf693eddafed20f205,train,tm-v3,offsets are in the preprocessed (trimmed) signal; split inherited from the parent
SS-MAC-0605S1,gtm_samples/machinery_fault/SS-MAC-0605S1.wav,Machinery Fault,derived:TM window of SS-MAC-0605,https://github.com/karolpiczak/ESC-50,CC-BY-4.0,Karol J. Piczak,2026-09-26,1.000,44100,1,unspecified,,n/a,augmented,SS-MAC-0605,2.500,3.500,eb5677b5c7d5605d7e69b0a9e3ef39bede1cbb7628cdc8fdb48de7dde4145c7b,train,tm-v3,offsets are in the preprocessed (trimmed) signal; split inherited from the parent
SS-MAC-0661S1,gtm_samples/machinery_fault/SS-MAC-0661S1.wav,Machinery Fault,derived:TM window of SS-MAC-0661,https://github.com/karolpiczak/ESC-50,CC-BY-4.0,Karol J. Piczak,2026-09-26,1.000,44100,1,unspecified,,n/a,augmented,SS-MAC-0661,3.000,4.000,d42f36e4023c4d1487b6e7d44d1d02027be90f10c8d4d7e977d2141d3b42abd9,train,tm-v3,offsets are in the preprocessed (trimmed) signal; split inherited from the parent
SS-MAC-0058S1,gtm_samples/machinery_fault/SS-MAC-0058S1.wav,Machinery Fault,derived:TM window of SS-MAC-0058,https://freesound.org/s/338121/,CC0-1.0,akoros,2026-09-26,1.000,44100,1,unspecified,unspecified,n/a,augmented,SS-MAC-0058,1.500,2.500,63b19428bdd265c97be20f80fa6e458e27ec18c92c131e56f336064f1930391a,train,tm-v3,offsets are in the preprocessed (trimmed) signal; split inherited from the parent
SS-MAC-0627S1,gtm_samples/machinery_fault/SS-MAC-0627S1.wav,Machinery Fault,derived:TM window of SS-MAC-0627,https://github.com/karolpiczak/ESC-50,CC-BY-4.0,Karol J. Piczak,2026-09-26,1.000,44100,1,unspecified,,n/a,augmented,SS-MAC-0627,2.500,3.500,fba972d17b892d07c36540213cee91d584f9877738056fc72b1003c7a7549655,train,tm-v3,offsets are in the preprocessed (trimmed) signal; split inherited from the parent
SS-MAC-0051S1,gtm_samples/machinery_fault/SS-MAC-0051S1.wav,Machinery Fault,derived:TM window of SS-MAC-0051,https://freesound.org/s/31632/,CC0-1.0,UncleSigmund,2026-09-26,1.000,44100,1,unspecified,unspecified,n/a,augmented,SS-MAC-0051,0.000,1.000,4b31c344a911f811488bbce91dcb77f826118f253009c58fa5b0d8297e26e53e,train,tm-v3,offsets are in the preprocessed (trimmed) signal; split inherited from the parent
SS-MAC-0505S1,gtm_samples/machinery_fault/SS-MAC-0505S1.wav,Machinery Fault,derived:TM window of SS-MAC-0505,https://github.com/karolpiczak/ESC-50,CC-BY-4.0,Karol J. Piczak,2026-09-26,1.000,44100,1,unspecified,,n/a,augmented,SS-MAC-0505,3.500,4.500,649d82bbaf5d1afb65063ba1969c28ab9fcfb1e0acdc9fe7c31e03badd12fc05,train,tm-v3,offsets are in the preprocessed (trimmed) signal; split inherited from the parent
SS-MAC-0059S1,gtm_samples/machinery_fault/SS-MAC-0059S1.wav,Machinery Fault,derived:TM window of SS-MAC-0059,https://freesound.org/s/152657/,CC0-1.0,alexftw123,2026-09-26,1.000,44100,1,outdoor,unspecified,n/a,augmented,SS-MAC-0059,0.500,1.500,3cc93225c8b3e3838ccb854a9f76e7e222ccd79cae608c0fa7b461c69ef64136,train,tm-v3,offsets are in the preprocessed (trimmed) signal; split inherited from the parent
SS-MAC-0667S1,gtm_samples/machinery_fault/SS-MAC-0667S1.wav,Machinery Fault,derived:TM window of SS-MAC-0667,https://github.com/karolpiczak/ESC-50,CC-BY-4.0,Karol J. Piczak,2026-09-26,1.000,44100,1,unspecified,,n/a,augmented,SS-MAC-0667,0.000,1.000,6c8112aba34e593dc266f76ef1c12af533233ad67e76c08ac5b9d276a4e02616,train,tm-v3,offsets are in the preprocessed (trimmed) signal; split inherited from the parent
SS-MAC-0648S1,gtm_samples/machinery_fault/SS-MAC-0648S1.wav,Machinery Fault,derived:TM window of SS-MAC-0648,https://github.com/karolpiczak/ESC-50,CC-BY-4.0,Karol J. Piczak,2026-09-26,1.000,44100,1,unspecified,,n/a,augmented,SS-MAC-0648,4.000,5.000,a160de5cd37eec493062ca15cba6072dfaa2051b4730241adf412391a1f50c62,train,tm-v3,offsets are in the preprocessed (trimmed) signal; split inherited from the parent
SS-MAC-0516S1,gtm_samples/machinery_fault/SS-MAC-0516S1.wav,Machinery Fault,derived:TM window of SS-MAC-0516,https://github.com/karolpiczak/ESC-50,CC-BY-4.0,Karol J. Piczak,2026-09-26,1.000,44100,1,unspecified,,n/a,augmented,SS-MAC-0516,1.500,2.500,3fc9406d3108afcc7706c14ee1f09ea3c53378b1491b791ae3c96d01f221fd2d,train,tm-v3,offsets are in the preprocessed (trimmed) signal; split inherited from the parent
SS-MAC-0582S1,gtm_samples/machinery_fault/SS-MAC-0582S1.wav,Machinery Fault,derived:TM window of SS-MAC-0582,https://github.com/karolpiczak/ESC-50,CC-BY-4.0,Karol J. Piczak,2026-09-26,1.000,44100,1,unspecified,,n/a,augmented,SS-MAC-0582,3.000,4.000,07cbd5591f72b088cb21cc72c1c56d80158f380aeb3f81bcacc2984e6cd37f47,train,tm-v3,offsets are in the preprocessed (trimmed) signal; split inherited from the parent
SS-MAC-0024S1,gtm_samples/machinery_fault/SS-MAC-0024S1.wav,Machinery Fault,derived:TM window of SS-MAC-0024,https://freesound.org/s/338954/,CC-BY-3.0,InspectorJ,2026-09-26,1.000,44100,1,vehicle,unspecified,n/a,augmented,SS-MAC-0024,0.000,1.000,3408f6ef2e315c23f6e2c6c7b853dbf7e14fe0a51d3a9edd01e175c19f53ab52,train,tm-v3,offsets are in the preprocessed (trimmed) signal; split inherited from the parent
SS-MAC-0118S1,gtm_samples/machinery_fault/SS-MAC-0118S1.wav,Machinery Fault,derived:TM window of SS-MAC-0118,https://freesound.org/s/160480/,CC-BY-3.0,unfa,2026-09-26,0.636,44100,1,outdoor,unspecified,n/a,augmented,SS-MAC-0118,0.000,1.000,4e613756e7e6940084d9f3714c5a8e7949122b4b60d93c3cc25475a8a519eed8,train,tm-v3,offsets are in the preprocessed (trimmed) signal; split inherited from the parent
SS-MAC-0015S1,gtm_samples/machinery_fault/SS-MAC-0015S1.wav,Machinery Fault,derived:TM window of SS-MAC-0015,https://freesound.org/s/22882/,CC-BY-3.0,Corsica_S,2026-09-26,1.000,44100,1,unspecified,unspecified,n/a,augmented,SS-MAC-0015,9.500,10.500,db52bdd082d5786e4fe74ad4d6f81351d1900037cc19ed2fde727133fa8f187b,train,tm-v3,offsets are in the preprocessed (trimmed) signal; split inherited from the parent
SS-MAC-0103S1,gtm_samples/machinery_fault/SS-MAC-0103S1.wav,Machinery Fault,derived:TM window of SS-MAC-0103,https://freesound.org/s/114283/,CC-BY-3.0,plingativator,2026-09-26,1.000,44100,1,unspecified,unspecified,n/a,augmented,SS-MAC-0103,4.500,5.500,2d953f933116f206b02b683339214ed2e695961f11ad44df20564e7d240aecaf,train,tm-v3,offsets are in the preprocessed (trimmed) signal; split inherited from the parent
SS-MAC-0504S1,gtm_samples/machinery_fault/SS-MAC-0504S1.wav,Machinery Fault,derived:TM window of SS-MAC-0504,https://github.com/karolpiczak/ESC-50,CC-BY-4.0,Karol J. Piczak,2026-09-26,1.000,44100,1,unspecified,,n/a,augmented,SS-MAC-0504,1.000,2.000,f51f350c938c078ee671ad19ff587856191a60db62c86b6a010fc71295fa87b7,train,tm-v3,offsets are in the preprocessed (trimmed) signal; split inherited from the parent
SS-MAC-0622S1,gtm_samples/machinery_fault/SS-MAC-0622S1.wav,Machinery Fault,derived:TM window of SS-MAC-0622,https://github.com/karolpiczak/ESC-50,CC-BY-4.0,Karol J. Piczak,2026-09-26,1.000,44100,1,unspecified,,n/a,augmented,SS-MAC-0622,0.000,1.000,bb1add890c72c970f2bd6d798f82c04c6a7875e5736724c5bd4189f570a0311b,train,tm-v3,offsets are in the preprocessed (trimmed) signal; split inherited from the parent
SS-MAC-0655S1,gtm_samples/machinery_fault/SS-MAC-0655S1.wav,Machinery Fault,derived:TM window of SS-MAC-0655,https://github.com/karolpiczak/ESC-50,CC-BY-4.0,Karol J. Piczak,2026-09-26,1.000,44100,1,unspecified,,n/a,augmented,SS-MAC-0655,0.500,1.500,9fba474c002b1042760ddbbf132c9ca233be32733dc7b95117e4301d6856344d,train,tm-v3,offsets are in the preprocessed (trimmed) signal; split inherited from the parent
SS-MAC-0001S1,gtm_samples/machinery_fault/SS-MAC-0001S1.wav,Machinery Fault,derived:TM window of SS-MAC-0001,https://freesound.org/s/378335/,CC0-1.0,13FPanska_Mikova_Adela,2026-09-26,1.000,44100,1,unspecified,unspecified,n/a,augmented,SS-MAC-0001,18.000,19.000,fc719d40c306bf9844d732499b950f321002270732ecdefac704445efcc0f67a,train,tm-v3,offsets are in the preprocessed (trimmed) signal; split inherited from the parent
SS-MAC-0031S1,gtm_samples/machinery_fault/SS-MAC-0031S1.wav,Machinery Fault,derived:TM window of SS-MAC-0031,https://freesound.org/s/217977/,CC-BY-3.0,Otakua,2026-09-26,1.000,44100,1,studio,unspecified,n/a,augmented,SS-MAC-0031,0.000,1.000,9181ba20f3431f46f6a6a3dcbc246523e299cecd2889bb5e9db0cf1fada59c6d,train,tm-v3,offsets are in the preprocessed (trimmed) signal; split inherited from the parent
SS-MAC-0068S1,gtm_samples/machinery_fault/SS-MAC-0068S1.wav,Machinery Fault,derived:TM window of SS-MAC-0068,https://freesound.org/s/103429/,CC-BY-3.0,confusion_music,2026-09-26,1.000,44100,1,unspecified,unspecified,n/a,augmented,SS-MAC-0068,2.000,3.000,733e0bc58e2e49dc9f0c525960620d146f91bdbd887f987d261023dd1f110eb0,train,tm-v3,offsets are in the preprocessed (trimmed) signal; split inherited from the parent
SS-MAC-0583S1,gtm_samples/machinery_fault/SS-MAC-0583S1.wav,Machinery Fault,derived:TM window of SS-MAC-0583,https://github.com/karolpiczak/ESC-50,CC-BY-4.0,Karol J. Piczak,2026-09-26,1.000,44100,1,unspecified,,n/a,augmented,SS-MAC-0583,2.000,3.000,784620840808cbc715eda1da5c004f7c95eb326fa36da085c54923dfaf94fcd7,train,tm-v3,offsets are in the preprocessed (trimmed) signal; split inherited from the parent
SS-MAC-0668S1,gtm_samples/machinery_fault/SS-MAC-0668S1.wav,Machinery Fault,derived:TM window of SS-MAC-0668,https://github.com/karolpiczak/ESC-50,CC-BY-4.0,Karol J. Piczak,2026-09-26,1.000,44100,1,unspecified,,n/a,augmented,SS-MAC-0668,0.000,1.000,7ce792ff4bcdd3a83775fc50e0c4bc7d078e514b1a6b7de47efa6eefa0e0fc9b,train,tm-v3,offsets are in the preprocessed (trimmed) signal; split inherited from the parent
SS-MAC-0597S1,gtm_samples/machinery_fault/SS-MAC-0597S1.wav,Machinery Fault,derived:TM window of SS-MAC-0597,https://github.com/karolpiczak/ESC-50,CC-BY-4.0,Karol J. Piczak,2026-09-26,1.000,44100,1,unspecified,,n/a,augmented,SS-MAC-0597,3.500,4.500,ed527cb4a71c7203bd4aa6fe2a3286981b4415fe7c55427a6d9904f97ea25be7,train,tm-v3,offsets are in the preprocessed (trimmed) signal; split inherited from the parent
SS-MAC-0065S1,gtm_samples/machinery_fault/SS-MAC-0065S1.wav,Machinery Fault,derived:TM window of SS-MAC-0065,https://freesound.org/s/191171/,CC-BY-3.0,cahen,2026-09-26,1.000,44100,1,studio,unspecified,n/a,augmented,SS-MAC-0065,0.500,1.500,576be7c9eeea92f51ad53e9c783971dc8e72d6d82699a820f179b4686e520897,train,tm-v3,offsets are in the preprocessed (trimmed) signal; split inherited from the parent
SS-MAC-0629S1,gtm_samples/machinery_fault/SS-MAC-0629S1.wav,Machinery Fault,derived:TM window of SS-MAC-0629,https://github.com/karolpiczak/ESC-50,CC-BY-4.0,Karol J. Piczak,2026-09-26,1.000,44100,1,unspecified,,n/a,augmented,SS-MAC-0629,0.500,1.500,8220dc61c982da0f975ba5f94d22dd8242bc693278385a5fc2c639cc765b6dab,train,tm-v3,offsets are in the preprocessed (trimmed) signal; split inherited from the parent
SS-MAC-0089S1,gtm_samples/machinery_fault/SS-MAC-0089S1.wav,Machinery Fault,derived:TM window of SS-MAC-0089,https://freesound.org/s/107228/,CC-BY-3.0,lonemonk,2026-09-26,1.000,44100,1,unspecified,unspecified,n/a,augmented,SS-MAC-0089,0.500,1.500,125ce8d4e58ee698d441b02e76f6e6427390fc3f4f58e80cbfd51b56cdf8e823,train,tm-v3,offsets are in the preprocessed (trimmed) signal; split inherited from the parent
SS-MAC-0536S1,gtm_samples/machinery_fault/SS-MAC-0536S1.wav,Machinery Fault,derived:TM window of SS-MAC-0536,https://github.com/karolpiczak/ESC-50,CC-BY-4.0,Karol J. Piczak,2026-09-26,1.000,44100,1,unspecified,,n/a,augmented,SS-MAC-0536,0.000,1.000,ac4a90f672d9ca0e5d68b01ef71d7a24d859af52142c8f83882d29cedfd12b5a,train,tm-v3,offsets are in the preprocessed (trimmed) signal; split inherited from the parent
SS-MAC-0619S1,gtm_samples/machinery_fault/SS-MAC-0619S1.wav,Machinery Fault,derived:TM window of SS-MAC-0619,https://github.com/karolpiczak/ESC-50,CC-BY-4.0,Karol J. Piczak,2026-09-26,1.000,44100,1,unspecified,,n/a,augmented,SS-MAC-0619,1.500,2.500,bda80acff853073c4178b9b77473e8a026bfc1f8033dae10e734ad4dcc06a8e5,train,tm-v3,offsets are in the preprocessed (trimmed) signal; split inherited from the parent
SS-MAC-0099S1,gtm_samples/machinery_fault/SS-MAC-0099S1.wav,Machinery Fault,derived:TM window of SS-MAC-0099,https://freesound.org/s/212038/,CC0-1.0,monotraum,2026-09-26,1.000,44100,1,indoor,unspecified,n/a,augmented,SS-MAC-0099,13.500,14.500,fd3e2549844de0ccf77d91f746cbd4cabbc8adedb71b389f994d18d3c8ed2568,train,tm-v3,offsets are in the preprocessed (trimmed) signal; split inherited from the parent
SS-MAC-0666S1,gtm_samples/machinery_fault/SS-MAC-0666S1.wav,Machinery Fault,derived:TM window of SS-MAC-0666,https://github.com/karolpiczak/ESC-50,CC-BY-4.0,Karol J. Piczak,2026-09-26,1.000,44100,1,unspecified,,n/a,augmented,SS-MAC-0666,4.000,5.000,9b43561e4a1d30754d1681ce0318bb1b204071c52302f542b6e699b47049f349,train,tm-v3,offsets are in the preprocessed (trimmed) signal; split inherited from the parent
SS-MAC-0660S1,gtm_samples/machinery_fault/SS-MAC-0660S1.wav,Machinery Fault,derived:TM window of SS-MAC-0660,https://github.com/karolpiczak/ESC-50,CC-BY-4.0,Karol J. Piczak,2026-09-26,1.000,44100,1,unspecified,,n/a,augmented,SS-MAC-0660,0.000,1.000,bc0e5719ee24570ca4f7bea83cfa9bdafa154bf362b4280b3a79a20d57f8f502,train,tm-v3,offsets are in the preprocessed (trimmed) signal; split inherited from the parent
SS-MAC-0663S1,gtm_samples/machinery_fault/SS-MAC-0663S1.wav,Machinery Fault,derived:TM window of SS-MAC-0663,https://github.com/karolpiczak/ESC-50,CC-BY-4.0,Karol J. Piczak,2026-09-26,1.000,44100,1,unspecified,,n/a,augmented,SS-MAC-0663,1.500,2.500,884e1c222782a9220587ff70161e069a9a64b692cfee39ee100eaee21e42d572,train,tm-v3,offsets are in the preprocessed (trimmed) signal; split inherited from the parent
SS-MAC-0649S1,gtm_samples/machinery_fault/SS-MAC-0649S1.wav,Machinery Fault,derived:TM window of SS-MAC-0649,https://github.com/karolpiczak/ESC-50,CC-BY-4.0,Karol J. Piczak,2026-09-26,1.000,44100,1,unspecified,,n/a,augmented,SS-MAC-0649,3.500,4.500,ff853fd3014bed09236637b26242f5ddfc4e9a323031fd300075752ba0ed65d1,train,tm-v3,offsets are in the preprocessed (trimmed) signal; split inherited from the parent
SS-MAC-0634S1,gtm_samples/machinery_fault/SS-MAC-0634S1.wav,Machinery Fault,derived:TM window of SS-MAC-0634,https://github.com/karolpiczak/ESC-50,CC-BY-4.0,Karol J. Piczak,2026-09-26,1.000,44100,1,unspecified,,n/a,augmented,SS-MAC-0634,0.000,1.000,e33b284cf22c4b0bdea90fd21f4e04867cc688d84a0498d63361b746189b5bfd,train,tm-v3,offsets are in the preprocessed (trimmed) signal; split inherited from the parent
SS-MAC-0682S1,gtm_samples/machinery_fault/SS-MAC-0682S1.wav,Machinery Fault,derived:TM window of SS-MAC-0682,https://github.com/karolpiczak/ESC-50,CC-BY-4.0,Karol J. Piczak,2026-09-26,1.000,44100,1,unspecified,,n/a,augmented,SS-MAC-0682,3.500,4.500,07ab5812327a06b7a870494094255146d819d04d5fcb46cf7001af847ab55c9e,train,tm-v3,offsets are in the preprocessed (trimmed) signal; split inherited from the parent
SS-MAC-0096S1,gtm_samples/machinery_fault/SS-MAC-0096S1.wav,Machinery Fault,derived:TM window of SS-MAC-0096,https://freesound.org/s/235956/,CC0-1.0,mffm,2026-09-26,1.000,44100,1,unspecified,unspecified,n/a,augmented,SS-MAC-0096,9.000,10.000,4223bea00b7583867a8fbb7640070265396537a2958350c5b747611e6ef5817f,train,tm-v3,offsets are in the preprocessed (trimmed) signal; split inherited from the parent
SS-MAC-0116S1,gtm_samples/machinery_fault/SS-MAC-0116S1.wav,Machinery Fault,derived:TM window of SS-MAC-0116,https://freesound.org/s/87246/,CC-BY-3.0,tiredoldwhiteman,2026-09-26,1.000,44100,1,indoor,unspecified,n/a,augmented,SS-MAC-0116,25.500,26.500,979a13d1d16a81104bb38b4d64a8efa7180d9384fd51768b9405248a3b2ae190,train,tm-v3,offsets are in the preprocessed (trimmed) signal; split inherited from the parent
SS-MAC-0632S1,gtm_samples/machinery_fault/SS-MAC-0632S1.wav,Machinery Fault,derived:TM window of SS-MAC-0632,https://github.com/karolpiczak/ESC-50,CC-BY-4.0,Karol J. Piczak,2026-09-26,1.000,44100,1,unspecified,,n/a,augmented,SS-MAC-0632,3.000,4.000,0c8a9c0ec703553aa7a2087b720d2bdb99537041a306bf883e6112b70f2a8e64,train,tm-v3,offsets are in the preprocessed (trimmed) signal; split inherited from the parent
SS-MAC-0529S1,gtm_samples/machinery_fault/SS-MAC-0529S1.wav,Machinery Fault,derived:TM window of SS-MAC-0529,https://github.com/karolpiczak/ESC-50,CC-BY-4.0,Karol J. Piczak,2026-09-26,1.000,44100,1,unspecified,,n/a,augmented,SS-MAC-0529,0.500,1.500,9982451ef084a37e385055604f9d41028240564160d07a8270c69ff4c8c19440,train,tm-v3,offsets are in the preprocessed (trimmed) signal; split inherited from the parent
SS-MAC-0079S1,gtm_samples/machinery_fault/SS-MAC-0079S1.wav,Machinery Fault,derived:TM window of SS-MAC-0079,https://freesound.org/s/274906/,CC-BY-3.0,hantorio,2026-09-26,1.000,44100,1,unspecified,unspecified,n/a,augmented,SS-MAC-0079,3.000,4.000,03e8b08fe8a673b82e6496d93b0a944fe2f611f6fdffef3df864afe328687a1c,train,tm-v3,offsets are in the preprocessed (trimmed) signal; split inherited from the parent
SS-MAC-0585S1,gtm_samples/machinery_fault/SS-MAC-0585S1.wav,Machinery Fault,derived:TM window of SS-MAC-0585,https://github.com/karolpiczak/ESC-50,CC-BY-4.0,Karol J. Piczak,2026-09-26,1.000,44100,1,unspecified,,n/a,augmented,SS-MAC-0585,2.000,3.000,9024d7be9845f8552f69c23854d3470424216126cd8d5e839a5ec4878fb81dd3,train,tm-v3,offsets are in the preprocessed (trimmed) signal; split inherited from the parent
SS-MAC-0009S1,gtm_samples/machinery_fault/SS-MAC-0009S1.wav,Machinery Fault,derived:TM window of SS-MAC-0009,https://freesound.org/s/369048/,CC0-1.0,AndrewAlexander,2026-09-26,1.000,44100,1,unspecified,unspecified,n/a,augmented,SS-MAC-0009,8.000,9.000,168d6c74b96287e3ac8fbd1052c2afc5a44b5e93e829098ab2f0867291a086f8,train,tm-v3,offsets are in the preprocessed (trimmed) signal; split inherited from the parent
SS-MAC-0503S1,gtm_samples/machinery_fault/SS-MAC-0503S1.wav,Machinery Fault,derived:TM window of SS-MAC-0503,https://github.com/karolpiczak/ESC-50,CC-BY-4.0,Karol J. Piczak,2026-09-26,1.000,44100,1,unspecified,,n/a,augmented,SS-MAC-0503,2.000,3.000,927aa4324d4a45865d4d590d3e4daeb88046ffa85e82364489709f05b5eae6b9,train,tm-v3,offsets are in the preprocessed (trimmed) signal; split inherited from the parent
SS-MAC-0119S1,gtm_samples/machinery_fault/SS-MAC-0119S1.wav,Machinery Fault,derived:TM window of SS-MAC-0119,https://freesound.org/s/322550/,CC0-1.0,vacuumfan7072,2026-09-26,1.000,44100,1,outdoor,unspecified,n/a,augmented,SS-MAC-0119,1.500,2.500,3cb6d4d7277f0def9d49eec668814b53c30a42949eb7c01c00ad42e4149f7205,train,tm-v3,offsets are in the preprocessed (trimmed) signal; split inherited from the parent
SS-MAC-0034S1,gtm_samples/machinery_fault/SS-MAC-0034S1.wav,Machinery Fault,derived:TM window of SS-MAC-0034,https://freesound.org/s/3185/,CC0-1.0,Pingel,2026-09-26,1.000,44100,1,outdoor,unspecified,n/a,augmented,SS-MAC-0034,4.000,5.000,e8e025a725b0a53027859d0d165c16531ee6da48043a7dd5c19c87ade0580f37,train,tm-v3,offsets are in the preprocessed (trimmed) signal; split inherited from the parent
SS-MAC-0578S1,gtm_samples/machinery_fault/SS-MAC-0578S1.wav,Machinery Fault,derived:TM window of SS-MAC-0578,https://github.com/karolpiczak/ESC-50,CC-BY-4.0,Karol J. Piczak,2026-09-26,1.000,44100,1,unspecified,,n/a,augmented,SS-MAC-0578,3.500,4.500,504e3fabe0813d6209cb92cb702f341531679b9e7e62439ed93e03289e3f5db4,train,tm-v3,offsets are in the preprocessed (trimmed) signal; split inherited from the parent
SS-MAC-0547S1,gtm_samples/machinery_fault/SS-MAC-0547S1.wav,Machinery Fault,derived:TM window of SS-MAC-0547,https://github.com/karolpiczak/ESC-50,CC-BY-4.0,Karol J. Piczak,2026-09-26,1.000,44100,1,unspecified,,n/a,augmented,SS-MAC-0547,0.000,1.000,bdf9402a5f93823bd1b8ba64116808478ae8837320302e5e907ac447390d76dc,train,tm-v3,offsets are in the preprocessed (trimmed) signal; split inherited from the parent
SS-MAC-0589S1,gtm_samples/machinery_fault/SS-MAC-0589S1.wav,Machinery Fault,derived:TM window of SS-MAC-0589,https://github.com/karolpiczak/ESC-50,CC-BY-4.0,Karol J. Piczak,2026-09-26,1.000,44100,1,unspecified,,n/a,augmented,SS-MAC-0589,0.000,1.000,5e37dc05bfcf8366a39a03e3d205caf01420b61c13ba2e2d8f45da15f79d791c,train,tm-v3,offsets are in the preprocessed (trimmed) signal; split inherited from the parent
SS-MAC-0095S1,gtm_samples/machinery_fault/SS-MAC-0095S1.wav,Machinery Fault,derived:TM window of SS-MAC-0095,https://freesound.org/s/38682/,CC-BY-3.0,metamorphmuses,2026-09-26,1.000,44100,1,outdoor,unspecified,n/a,augmented,SS-MAC-0095,0.000,1.000,e3b5c01a306bc7f77dc01bbc3e01602b8a335db0d18e5f15bff58e8e2fa9ee0b,train,tm-v3,offsets are in the preprocessed (trimmed) signal; split inherited from the parent
SS-MAC-0522S1,gtm_samples/machinery_fault/SS-MAC-0522S1.wav,Machinery Fault,derived:TM window of SS-MAC-0522,https://github.com/karolpiczak/ESC-50,CC-BY-4.0,Karol J. Piczak,2026-09-26,1.000,44100,1,unspecified,,n/a,augmented,SS-MAC-0522,1.000,2.000,2d53b24377394811abc44b2e2e7f79b74cdaf52fd361c395c59839a456700253,train,tm-v3,offsets are in the preprocessed (trimmed) signal; split inherited from the parent
SS-MAC-0060S1,gtm_samples/machinery_fault/SS-MAC-0060S1.wav,Machinery Fault,derived:TM window of SS-MAC-0060,https://freesound.org/s/322125/,CC-BY-3.0,azumarill,2026-09-26,1.000,44100,1,indoor,unspecified,n/a,augmented,SS-MAC-0060,9.500,10.500,579aaea9d29f8d3b5de4951b729a4adf8bcd3bbfe54833654d3bf49fd253368e,train,tm-v3,offsets are in the preprocessed (trimmed) signal; split inherited from the parent
SS-MAC-0083S1,gtm_samples/machinery_fault/SS-MAC-0083S1.wav,Machinery Fault,derived:TM window of SS-MAC-0083,https://freesound.org/s/245413/,CC-BY-3.0,kwahmah_02,2026-09-26,1.000,44100,1,unspecified,unspecified,n/a,augmented,SS-MAC-0083,8.500,9.500,78e693e497a668f905d9821c907200d7e9682f7e6ef39ce67323e7ac8992f908,train,tm-v3,offsets are in the preprocessed (trimmed) signal; split inherited from the parent
SS-MAC-0518S1,gtm_samples/machinery_fault/SS-MAC-0518S1.wav,Machinery Fault,derived:TM window of SS-MAC-0518,https://github.com/karolpiczak/ESC-50,CC-BY-4.0,Karol J. Piczak,2026-09-26,1.000,44100,1,unspecified,,n/a,augmented,SS-MAC-0518,3.000,4.000,d5a6c7721af89a0720cd35156870e5d9e87cb626edd4a6f214710c97da959262,train,tm-v3,offsets are in the preprocessed (trimmed) signal; split inherited from the parent
SS-MAC-0062S1,gtm_samples/machinery_fault/SS-MAC-0062S1.wav,Machinery Fault,derived:TM window of SS-MAC-0062,https://freesound.org/s/145541/,CC-BY-3.0,bmoreno,2026-09-26,1.000,44100,1,outdoor,unspecified,n/a,augmented,SS-MAC-0062,0.000,1.000,93d5ecacb457c690de4919f900b8a1608f853a2e336d5ac0c481b3b150d04f50,train,tm-v3,offsets are in the preprocessed (trimmed) signal; split inherited from the parent
SS-MAC-0548S1,gtm_samples/machinery_fault/SS-MAC-0548S1.wav,Machinery Fault,derived:TM window of SS-MAC-0548,https://github.com/karolpiczak/ESC-50,CC-BY-4.0,Karol J. Piczak,2026-09-26,1.000,44100,1,unspecified,,n/a,augmented,SS-MAC-0548,0.000,1.000,750ba2f4cdd6b56addcdbf7d6526ca9cf67202a81eec53ab679a72b28396c17e,train,tm-v3,offsets are in the preprocessed (trimmed) signal; split inherited from the parent
SS-MAC-0032S1,gtm_samples/machinery_fault/SS-MAC-0032S1.wav,Machinery Fault,derived:TM window of SS-MAC-0032,https://freesound.org/s/318197/,CC0-1.0,PapercutterJohn,2026-09-26,1.000,44100,1,indoor,unspecified,n/a,augmented,SS-MAC-0032,6.000,7.000,055952cd7ebdaf04ba33fe76ccdc94ede8c3f0fe32f78b1972dfc562321d5d4c,train,tm-v3,offsets are in the preprocessed (trimmed) signal; split inherited from the parent
SS-SCR-0531S1,gtm_samples/panic_scream/SS-SCR-0531S1.wav,Panic Scream,derived:TM window of SS-SCR-0531,https://zenodo.org/record/4060432,CC-BY-4.0,Eduardo Fonseca et al.,2026-09-26,1.000,44100,1,unspecified,,n/a,augmented,SS-SCR-0531,0.000,1.000,2d90af253606c707824be4de01bfe0a883c8705a2773dc12f92d23cd5f122d04,train,tm-v3,offsets are in the preprocessed (trimmed) signal; split inherited from the parent
SS-SCR-0002S1,gtm_samples/panic_scream/SS-SCR-0002S1.wav,Panic Scream,derived:TM window of SS-SCR-0002,https://freesound.org/s/166154/,CC0-1.0,Adam_N,2026-09-26,1.000,44100,1,unspecified,unspecified,n/a,augmented,SS-SCR-0002,0.000,1.000,5e60a974ebc0008b70058200dda1423bd649331231131a9fc1f238cc99d85b9e,train,tm-v3,offsets are in the preprocessed (trimmed) signal; split inherited from the parent
SS-SCR-0550S1,gtm_samples/panic_scream/SS-SCR-0550S1.wav,Panic Scream,derived:TM window of SS-SCR-0550,https://zenodo.org/record/4060432,CC-BY-4.0,Eduardo Fonseca et al.,2026-09-26,1.000,44100,1,unspecified,,n/a,augmented,SS-SCR-0550,0.000,1.000,8f8452dcdce345369fc7cc0e46843153843ee16b857f4288137c1b1e644a4dcf,train,tm-v3,offsets are in the preprocessed (trimmed) signal; split inherited from the parent
SS-SCR-0502S1,gtm_samples/panic_scream/SS-SCR-0502S1.wav,Panic Scream,derived:TM window of SS-SCR-0502,https://zenodo.org/record/4060432,CC-BY-4.0,Eduardo Fonseca et al.,2026-09-26,0.893,44100,1,unspecified,,n/a,augmented,SS-SCR-0502,0.000,1.000,c1efbdc4e2123320586fe8b0c1ca54bb7ee191fc78d1558cad9f2dd44638ce09,train,tm-v3,offsets are in the preprocessed (trimmed) signal; split inherited from the parent
SS-SCR-0077S1,gtm_samples/panic_scream/SS-SCR-0077S1.wav,Panic Scream,derived:TM window of SS-SCR-0077,https://freesound.org/s/368276/,CC-BY-3.0,klankbeeld,2026-09-26,1.000,44100,1,outdoor,unspecified,n/a,augmented,SS-SCR-0077,0.000,1.000,772ac94559f851e15cb61aae45a15be63d54481d59c304dac8c22d7ec8c6dd12,train,tm-v3,offsets are in the preprocessed (trimmed) signal; split inherited from the parent
SS-SCR-0059S1,gtm_samples/panic_scream/SS-SCR-0059S1.wav,Panic Scream,derived:TM window of SS-SCR-0059,https://freesound.org/s/315828/,CC0-1.0,benjaminharveydesign,2026-09-26,1.000,44100,1,unspecified,unspecified,n/a,augmented,SS-SCR-0059,0.000,1.000,05a5b1cc6b8213cdda7054a57a6e263333b911813e2fe1ffcc5be7ffbcb6eece,train,tm-v3,offsets are in the preprocessed (trimmed) signal; split inherited from the parent
SS-SCR-0700S1,gtm_samples/panic_scream/SS-SCR-0700S1.wav,Panic Scream,derived:TM window of SS-SCR-0700,,CC0-1.0,sonicsentinel procedural synthesis (data/generate_corpus.py),2026-09-26,1.000,44100,1,outdoor,usb_condenser_mic,near,augmented,SS-SCR-0700,1.000,2.000,a67023d6675a6c4e3c772dbc726fbd5a7af38fc0f583d75445ecf371a2192487,train,tm-v3,offsets are in the preprocessed (trimmed) signal; split inherited from the parent
SS-SCR-0050S1,gtm_samples/panic_scream/SS-SCR-0050S1.wav,Panic Scream,derived:TM window of SS-SCR-0050,https://freesound.org/s/328813/,CC0-1.0,SAMAMM101,2026-09-26,1.000,44100,1,unspecified,unspecified,n/a,augmented,SS-SCR-0050,0.000,1.000,3dbc3bff8fd52e31b71108f9b76c3450a391bbdf0eb0d01f3be0821bed3127a3,train,tm-v3,offsets are in the preprocessed (trimmed) signal; split inherited from the parent
SS-SCR-0668S1,gtm_samples/panic_scream/SS-SCR-0668S1.wav,Panic Scream,derived:TM window of SS-SCR-0668,https://zenodo.org/record/4060432,CC-BY-4.0,Eduardo Fonseca et al.,2026-09-26,1.000,44100,1,unspecified,,n/a,augmented,SS-SCR-0668,0.500,1.500,e862caf337ffb2620d1221a25f1270a0ffb0ff4ef2bf0b39b096507f931dc6e7,train,tm-v3,offsets are in the preprocessed (trimmed) signal; split inherited from the parent
SS-SCR-0510S1,gtm_samples/panic_scream/SS-SCR-0510S1.wav,Panic Scream,derived:TM window of SS-SCR-0510,https://zenodo.org/record/4060432,CC-BY-4.0,Eduardo Fonseca et al.,2026-09-26,1.000,44100,1,unspecified,,n/a,augmented,SS-SCR-0510,0.000,1.000,4932fa81affd26839103f37150ab5900f8fc6e375d9953686295a0d04977ab45,train,tm-v3,offsets are in the preprocessed (trimmed) signal; split inherited from the parent
SS-SCR-0679S1,gtm_samples/panic_scream/SS-SCR-0679S1.wav,Panic Scream,derived:TM window of SS-SCR-0679,https://zenodo.org/record/4060432,CC-BY-4.0,Eduardo Fonseca et al.,2026-09-26,1.000,44100,1,unspecified,,n/a,augmented,SS-SCR-0679,1.000,2.000,22b19ccd6e3071ac7d7e4e477a54dc2d51728273fa4b94441cb632dad3bebe3b,train,tm-v3,offsets are in the preprocessed (trimmed) signal; split inherited from the parent
SS-SCR-0071S1,gtm_samples/panic_scream/SS-SCR-0071S1.wav,Panic Scream,derived:TM window of SS-SCR-0071,https://freesound.org/s/195178/,CC0-1.0,insanity54,2026-09-26,0.949,44100,1,outdoor,unspecified,n/a,augmented,SS-SCR-0071,0.000,1.000,5d1d8f9a9e07afcee58bdd8badd9d3abf3f59671cfeca4370ee4795ad5be0c72,train,tm-v3,offsets are in the preprocessed (trimmed) signal; split inherited from the parent
SS-SCR-0623S1,gtm_samples/panic_scream/SS-SCR-0623S1.wav,Panic Scream,derived:TM window of SS-SCR-0623,https://zenodo.org/record/4060432,CC-BY-4.0,Eduardo Fonseca et al.,2026-09-26,0.634,44100,1,unspecified,,n/a,augmented,SS-SCR-0623,0.000,1.000,4c8b8284e9c1e551007ae009dad35eab4284ddb60a9edc341ce11776718c7afd,train,tm-v3,offsets are in the preprocessed (trimmed) signal; split inherited from the parent
SS-SCR-0719S1,gtm_samples/panic_scream/SS-SCR-0719S1.wav,Panic Scream,derived:TM window of SS-SCR-0719,,CC0-1.0,sonicsentinel procedural synthesis (data/generate_corpus.py),2026-09-26,1.000,44100,1,outdoor,tablet_builtin,medium,augmented,SS-SCR-0719,0.500,1.500,2f883c26af377f989513427a1224c2a162f4d7b6d9945dd1a906bbd07610a038,train,tm-v3,offsets are in the preprocessed (trimmed) signal; split inherited from the parent
SS-SCR-0070S1,gtm_samples/panic_scream/SS-SCR-0070S1.wav,Panic Scream,derived:TM window of SS-SCR-0070,https://freesound.org/s/34281/,CC0-1.0,hello_flowers,2026-09-26,1.000,44100,1,unspecified,unspecified,n/a,augmented,SS-SCR-0070,0.500,1.500,4a966de65bc64664355f2257d1f6f2781d7a4d43aa2573fe8121eb1d8e074504,train,tm-v3,offsets are in the preprocessed (trimmed) signal; split inherited from the parent
SS-SCR-0039S1,gtm_samples/panic_scream/SS-SCR-0039S1.wav,Panic Scream,derived:TM window of SS-SCR-0039,https://freesound.org/s/243376/,CC0-1.0,JohnsonBrandEditing,2026-09-26,1.000,44100,1,unspecified,unspecified,n/a,augmented,SS-SCR-0039,0.500,1.500,5af73b3f27deb434a14fabbdc68069a6e84ad853e4eab9d829a0db92c18f1a50,train,tm-v3,offsets are in the preprocessed (trimmed) signal; split inherited from the parent
SS-SCR-0533S1,gtm_samples/panic_scream/SS-SCR-0533S1.wav,Panic Scream,derived:TM window of SS-SCR-0533,https://zenodo.org/record/4060432,CC-BY-4.0,Eduardo Fonseca et al.,2026-09-26,1.000,44100,1,unspecified,,n/a,augmented,SS-SCR-0533,0.500,1.500,3c3175eb1f1b6d80398ad2019e273ee6f9c73cfc036f0b068bef63d67f778dea,train,tm-v3,offsets are in the preprocessed (trimmed) signal; split inherited from the parent
SS-SCR-0056S1,gtm_samples/panic_scream/SS-SCR-0056S1.wav,Panic Scream,derived:TM window of SS-SCR-0056,https://freesound.org/s/219657/,CC0-1.0,annatabernero,2026-09-26,1.000,44100,1,unspecified,unspecified,n/a,augmented,SS-SCR-0056,0.000,1.000,254df4a1f6d1fc0a33df6923e021defa4f9ecec2d29407083af5c8b5145eca83,train,tm-v3,offsets are in the preprocessed (trimmed) signal; split inherited from the parent
SS-SCR-0716S1,gtm_samples/panic_scream/SS-SCR-0716S1.wav,Panic Scream,derived:TM window of SS-SCR-0716,,CC0-1.0,sonicsentinel procedural synthesis (data/generate_corpus.py),2026-09-26,1.000,44100,1,outdoor,smartphone_builtin,near,augmented,SS-SCR-0716,1.000,2.000,b43654e4d1cbfce39ce2d5d849680cd2f935bd3bdd08cb6a8ce12afbef246910,train,tm-v3,offsets are in the preprocessed (trimmed) signal; split inherited from the parent
SS-SCR-0562S1,gtm_samples/panic_scream/SS-SCR-0562S1.wav,Panic Scream,derived:TM window of SS-SCR-0562,https://zenodo.org/record/4060432,CC-BY-4.0,Eduardo Fonseca et al.,2026-09-26,1.000,44100,1,unspecified,,n/a,augmented,SS-SCR-0562,0.000,1.000,4ce47ad497d8f62f4911c99dbda6651d363d82afc48b695aae5dd6ab0f528de5,train,tm-v3,offsets are in the preprocessed (trimmed) signal; split inherited from the parent
SS-SCR-0022S1,gtm_samples/panic_scream/SS-SCR-0022S1.wav,Panic Scream,derived:TM window of SS-SCR-0022,https://freesound.org/s/42849/,CC-BY-3.0,FreqMan,2026-09-26,1.000,44100,1,outdoor,unspecified,n/a,augmented,SS-SCR-0022,2.500,3.500,42a1ce91b92ebd179634c6c36b875c982123aea7a7d1894c26cb1ca673c7f9f4,train,tm-v3,offsets are in the preprocessed (trimmed) signal; split inherited from the parent
SS-SCR-0677S1,gtm_samples/panic_scream/SS-SCR-0677S1.wav,Panic Scream,derived:TM window of SS-SCR-0677,https://zenodo.org/record/4060432,CC-BY-4.0,Eduardo Fonseca et al.,2026-09-26,1.000,44100,1,unspecified,,n/a,augmented,SS-SCR-0677,0.500,1.500,32144a93deb859b45fa4666270e37bb0242cb6cecd0b4b4f98f965301e3c8e4a,train,tm-v3,offsets are in the preprocessed (trimmed) signal; split inherited from the parent
SS-SCR-0678S1,gtm_samples/panic_scream/SS-SCR-0678S1.wav,Panic Scream,derived:TM window of SS-SCR-0678,https://zenodo.org/record/4060432,CC-BY-4.0,Eduardo Fonseca et al.,2026-09-26,1.000,44100,1,unspecified,,n/a,augmented,SS-SCR-0678,10.000,11.000,e93742461946186ab536314ab7a46006013897d273c686de4613722babf6f570,train,tm-v3,offsets are in the preprocessed (trimmed) signal; split inherited from the parent
SS-SCR-0537S1,gtm_samples/panic_scream/SS-SCR-0537S1.wav,Panic Scream,derived:TM window of SS-SCR-0537,https://zenodo.org/record/4060432,CC-BY-4.0,Eduardo Fonseca et al.,2026-09-26,1.000,44100,1,unspecified,,n/a,augmented,SS-SCR-0537,0.500,1.500,4d309502d58959024858c32685a9db0b817c36b9f81b4e415c84eeebf5c78db0,train,tm-v3,offsets are in the preprocessed (trimmed) signal; split inherited from the parent
SS-SCR-0076S1,gtm_samples/panic_scream/SS-SCR-0076S1.wav,Panic Scream,derived:TM window of SS-SCR-0076,https://freesound.org/s/381801/,CC-BY-3.0,juliabosque,2026-09-26,0.667,44100,1,unspecified,unspecified,n/a,augmented,SS-SCR-0076,0.000,1.000,ee5dde0fcf1ad57bf0072feb9f55791573dc2cff3e7b222a6e005dae751d1e48,train,tm-v3,offsets are in the preprocessed (trimmed) signal; split inherited from the parent
SS-SCR-0014S1,gtm_samples/panic_scream/SS-SCR-0014S1.wav,Panic Scream,derived:TM window of SS-SCR-0014,https://freesound.org/s/387829/,CC-BY-3.0,CosmicEmbers,2026-09-26,1.000,44100,1,studio,unspecified,n/a,augmented,SS-SCR-0014,0.000,1.000,eba3807533a0c06ffce28a9c469e61f90b44c32dd629489bc12af40b61cc8e6c,train,tm-v3,offsets are in the preprocessed (trimmed) signal; split inherited from the parent
SS-SCR-0005S1,gtm_samples/panic_scream/SS-SCR-0005S1.wav,Panic Scream,derived:TM window of SS-SCR-0005,https://freesound.org/s/222530/,CC-BY-3.0,AlbertTrepat,2026-09-26,1.000,44100,1,unspecified,unspecified,n/a,augmented,SS-SCR-0005,0.000,1.000,961d939986fdda50abde4c9a06b435c7258e76cc4f14f27f2658d9c26dc9db69,train,tm-v3,offsets are in the preprocessed (trimmed) signal; split inherited from the parent
SS-SCR-0641S1,gtm_samples/panic_scream/SS-SCR-0641S1.wav,Panic Scream,derived:TM window of SS-SCR-0641,https://zenodo.org/record/4060432,CC-BY-4.0,Eduardo Fonseca et al.,2026-09-26,0.818,44100,1,unspecified,,n/a,augmented,SS-SCR-0641,0.000,1.000,fc123b737e5e9ac746c37a15051b956c685783fa0fb29f2f22f7e4509bb985b1,train,tm-v3,offsets are in the preprocessed (trimmed) signal; split inherited from the parent
SS-SCR-0625S1,gtm_samples/panic_scream/SS-SCR-0625S1.wav,Panic Scream,derived:TM window of SS-SCR-0625,https://zenodo.org/record/4060432,CC-BY-4.0,Eduardo Fonseca et al.,2026-09-26,0.519,44100,1,unspecified,,n/a,augmented,SS-SCR-0625,0.000,1.000,a32e3fbbe4ce6a0317b4ca080a35594d088a20bcf89a987b82b7266dd6778a6e,train,tm-v3,offsets are in the preprocessed (trimmed) signal; split inherited from the parent
SS-SCR-0047S1,gtm_samples/panic_scream/SS-SCR-0047S1.wav,Panic Scream,derived:TM window of SS-SCR-0047,https://freesound.org/s/241471/,CC0-1.0,Reitanna,2026-09-26,0.422,44100,1,unspecified,unspecified,n/a,augmented,SS-SCR-0047,0.000,1.000,3883c70d32664e72f3f3439c796d6e91dafd39faa12848c2f28c030ec60d7351,train,tm-v3,offsets are in the preprocessed (trimmed) signal; split inherited from the parent
SS-SCR-0085S1,gtm_samples/panic_scream/SS-SCR-0085S1.wav,Panic Scream,derived:TM window of SS-SCR-0085,https://freesound.org/s/219882/,CC-BY-3.0,pablocandel,2026-09-26,1.000,44100,1,unspecified,unspecified,n/a,augmented,SS-SCR-0085,0.500,1.500,3d363324aa2153dc6012cebe0c847c4f83e6773d21348fc0c87b02e312a1f052,train,tm-v3,offsets are in the preprocessed (trimmed) signal; split inherited from the parent
SS-SCR-0592S1,gtm_samples/panic_scream/SS-SCR-0592S1.wav,Panic Scream,derived:TM window of SS-SCR-0592,https://zenodo.org/record/4060432,CC-BY-4.0,Eduardo Fonseca et al.,2026-09-26,1.000,44100,1,unspecified,,n/a,augmented,SS-SCR-0592,0.000,1.000,73004733d159f9923297067bf1e21724875118d7868158e03346a531484480d9,train,tm-v3,offsets are in the preprocessed (trimmed) signal; split inherited from the parent
SS-SCR-0507S1,gtm_samples/panic_scream/SS-SCR-0507S1.wav,Panic Scream,derived:TM window of SS-SCR-0507,https://zenodo.org/record/4060432,CC-BY-4.0,Eduardo Fonseca et al.,2026-09-26,1.000,44100,1,unspecified,,n/a,augmented,SS-SCR-0507,0.500,1.500,e3a2a09422f6aac2f67a765ff73429f45314b3ebf259c2a9ca52d4bec04f9588,train,tm-v3,offsets are in the preprocessed (trimmed) signal; split inherited from the parent
SS-SCR-0040S1,gtm_samples/panic_scream/SS-SCR-0040S1.wav,Panic Scream,derived:TM window of SS-SCR-0040,https://freesound.org/s/382989/,CC0-1.0,JúliaLN,2026-09-26,0.874,44100,1,unspecified,unspecified,n/a,augmented,SS-SCR-0040,0.000,1.000,99f85e7000c83627b1493a1d03f01757e10c5ff0cc7ff4f335e2cbf772bf3f17,train,tm-v3,offsets are in the preprocessed (trimmed) signal; split inherited from the parent
SS-SCR-0003S1,gtm_samples/panic_scream/SS-SCR-0003S1.wav,Panic Scream,derived:TM window of SS-SCR-0003,https://freesound.org/s/264918/,CC-BY-3.0,AderuMoro,2026-09-26,1.000,44100,1,unspecified,unspecified,n/a,augmented,SS-SCR-0003,7.500,8.500,90e871a4083a7cf869316a0cd5bbb26a7e6f5d0bea97cd91a4c2801e846a703d,train,tm-v3,offsets are in the preprocessed (trimmed) signal; split inherited from the parent
SS-SCR-0582S1,gtm_samples/panic_scream/SS-SCR-0582S1.wav,Panic Scream,derived:TM window of SS-SCR-0582,https://zenodo.org/record/4060432,CC-BY-4.0,Eduardo Fonseca et al.,2026-09-26,0.704,44100,1,unspecified,,n/a,augmented,SS-SCR-0582,0.000,1.000,76b8c14f68e60f13fa9990953a409eede650dc6fb4f455f5db1835e38401eb46,train,tm-v3,offsets are in the preprocessed (trimmed) signal; split inherited from the parent
SS-SCR-0046S1,gtm_samples/panic_scream/SS-SCR-0046S1.wav,Panic Scream,derived:TM window of SS-SCR-0046,https://freesound.org/s/219647/,CC0-1.0,Mir_Francs,2026-09-26,0.725,44100,1,vehicle,unspecified,n/a,augmented,SS-SCR-0046,0.000,1.000,cb2f2572dfca46ef862262e9184eeb58bffa052d9d5328956c9888c11c644360,train,tm-v3,offsets are in the preprocessed (trimmed) signal; split inherited from the parent
SS-SCR-0012S1,gtm_samples/panic_scream/SS-SCR-0012S1.wav,Panic Scream,derived:TM window of SS-SCR-0012,https://freesound.org/s/340940/,CC0-1.0,Chesshunter,2026-09-26,1.000,44100,1,unspecified,unspecified,n/a,augmented,SS-SCR-0012,1.500,2.500,d980ceda44ab39393d9a4560d183374e02a001a9216a28f0469445409e3f2794,train,tm-v3,offsets are in the preprocessed (trimmed) signal; split inherited from the parent
SS-SCR-0088S1,gtm_samples/panic_scream/SS-SCR-0088S1.wav,Panic Scream,derived:TM window of SS-SCR-0088,https://freesound.org/s/241591/,CC0-1.0,pushkin,2026-09-26,1.000,44100,1,unspecified,unspecified,n/a,augmented,SS-SCR-0088,0.000,1.000,5127beb5c43a78f85521c9b2c38446c9fc2b2ae6d4608f892eed900356ae6f27,train,tm-v3,offsets are in the preprocessed (trimmed) signal; split inherited from the parent
SS-SCR-0538S1,gtm_samples/panic_scream/SS-SCR-0538S1.wav,Panic Scream,derived:TM window of SS-SCR-0538,https://zenodo.org/record/4060432,CC-BY-4.0,Eduardo Fonseca et al.,2026-09-26,1.000,44100,1,unspecified,,n/a,augmented,SS-SCR-0538,1.500,2.500,699e5866182f9219ce3e87f86fee1205219c326f5221872ff3a9c850f3767343,train,tm-v3,offsets are in the preprocessed (trimmed) signal; split inherited from the parent
SS-SCR-0015S1,gtm_samples/panic_scream/SS-SCR-0015S1.wav,Panic Scream,derived:TM window of SS-SCR-0015,https://freesound.org/s/175385/,CC0-1.0,DigitalDominic,2026-09-26,1.000,44100,1,unspecified,unspecified,n/a,augmented,SS-SCR-0015,1.500,2.500,bf520715591cba2887666946da82e988a0a938bca5b27738c3e8067805c6ee26,train,tm-v3,offsets are in the preprocessed (trimmed) signal; split inherited from the parent
SS-SCR-0025S1,gtm_samples/panic_scream/SS-SCR-0025S1.wav,Panic Scream,derived:TM window of SS-SCR-0025,https://freesound.org/s/149825/,CC0-1.0,Gheorghelaza,2026-09-26,1.000,44100,1,unspecified,unspecified,n/a,augmented,SS-SCR-0025,0.500,1.500,7f15ce9e79d5971ea09b3a7ac6b24e07ea524eaeb4836f90c9fe01b2a2d8b7ca,train,tm-v3,offsets are in the preprocessed (trimmed) signal; split inherited from the parent
SS-SCR-0596S1,gtm_samples/panic_scream/SS-SCR-0596S1.wav,Panic Scream,derived:TM window of SS-SCR-0596,https://zenodo.org/record/4060432,CC-BY-4.0,Eduardo Fonseca et al.,2026-09-26,1.000,44100,1,unspecified,,n/a,augmented,SS-SCR-0596,0.000,1.000,2adf7d0d80dbbebe7dfd4dbea056a37d75a3fb9171262efb30bedea5540659cb,train,tm-v3,offsets are in the preprocessed (trimmed) signal; split inherited from the parent
SS-SCR-0048S1,gtm_samples/panic_scream/SS-SCR-0048S1.wav,Panic Scream,derived:TM window of SS-SCR-0048,https://freesound.org/s/104028/,CC0-1.0,RutgerMuller,2026-09-26,1.000,44100,1,indoor,unspecified,n/a,augmented,SS-SCR-0048,0.000,1.000,cf39b54379fa23776455494fd998f24354cb70fea893506756db8b289c247ba6,train,tm-v3,offsets are in the preprocessed (trimmed) signal; split inherited from the parent
SS-SCR-0543S1,gtm_samples/panic_scream/SS-SCR-0543S1.wav,Panic Scream,derived:TM window of SS-SCR-0543,https://zenodo.org/record/4060432,CC-BY-4.0,Eduardo Fonseca et al.,2026-09-26,1.000,44100,1,unspecified,,n/a,augmented,SS-SCR-0543,0.000,1.000,ef7a44a7461b9169012605c65bdd8d5f22fb8206db79c69d83d839d2675c3675,train,tm-v3,offsets are in the preprocessed (trimmed) signal; split inherited from the parent
SS-SCR-0609S1,gtm_samples/panic_scream/SS-SCR-0609S1.wav,Panic Scream,derived:TM window of SS-SCR-0609,https://zenodo.org/record/4060432,CC-BY-4.0,Eduardo Fonseca et al.,2026-09-26,1.000,44100,1,unspecified,,n/a,augmented,SS-SCR-0609,0.500,1.500,4281b8d17ce0d7d4cfb141e6e9c7f348368f7c7224002a3599184a28b18ba558,train,tm-v3,offsets are in the preprocessed (trimmed) signal; split inherited from the parent
SS-SCR-0644S1,gtm_samples/panic_scream/SS-SCR-0644S1.wav,Panic Scream,derived:TM window of SS-SCR-0644,https://zenodo.org/record/4060432,CC-BY-4.0,Eduardo Fonseca et al.,2026-09-26,0.716,44100,1,unspecified,,n/a,augmented,SS-SCR-0644,0.000,1.000,3689fa69bb513ac1aa6660d5b4e44f13c3337b5f0d6a4cd87590e4fa8b38ad17,train,tm-v3,offsets are in the preprocessed (trimmed) signal; split inherited from the parent
SS-SCR-0593S1,gtm_samples/panic_scream/SS-SCR-0593S1.wav,Panic Scream,derived:TM window of SS-SCR-0593,https://zenodo.org/record/4060432,CC-BY-4.0,Eduardo Fonseca et al.,2026-09-26,1.000,44100,1,unspecified,,n/a,augmented,SS-SCR-0593,0.000,1.000,73bcb7e32ffdaffe0dfef3182aebe7edcbe4af753b5b42644db45e420887418d,train,tm-v3,offsets are in the preprocessed (trimmed) signal; split inherited from the parent
SS-SCR-0095S1,gtm_samples/panic_scream/SS-SCR-0095S1.wav,Panic Scream,derived:TM window of SS-SCR-0095,https://freesound.org/s/400182/,CC0-1.0,tomattka,2026-09-26,1.000,44100,1,unspecified,unspecified,n/a,augmented,SS-SCR-0095,0.500,1.500,fcdd6c132d5c321073ba4fa42869becef11f4110f4b83780a43f7b3ec01f0440,train,tm-v3,offsets are in the preprocessed (trimmed) signal; split inherited from the parent
SS-SCR-0600S1,gtm_samples/panic_scream/SS-SCR-0600S1.wav,Panic Scream,derived:TM window of SS-SCR-0600,https://zenodo.org/record/4060432,CC-BY-4.0,Eduardo Fonseca et al.,2026-09-26,1.000,44100,1,unspecified,,n/a,augmented,SS-SCR-0600,0.500,1.500,c4621376efafbf2ad348eb34f688c4f52c8239cc5051ff8d1b93b43bd1262583,train,tm-v3,offsets are in the preprocessed (trimmed) signal; split inherited from the parent
SS-SCR-0079S1,gtm_samples/panic_scream/SS-SCR-0079S1.wav,Panic Scream,derived:TM window of SS-SCR-0079,https://freesound.org/s/220649/,CC-BY-3.0,marionagm90,2026-09-26,1.000,44100,1,unspecified,unspecified,n/a,augmented,SS-SCR-0079,0.000,1.000,57db54d79fa64e8773a6a8d14d0dbeb4d16d105a79c1040ae6997d423801e81b,train,tm-v3,offsets are in the preprocessed (trimmed) signal; split inherited from the parent
SS-SCR-0027S1,gtm_samples/panic_scream/SS-SCR-0027S1.wav,Panic Scream,derived:TM window of SS-SCR-0027,https://freesound.org/s/124800/,CC-BY-3.0,Greencouch,2026-09-26,1.000,44100,1,studio,unspecified,n/a,augmented,SS-SCR-0027,41.500,42.500,361c9c285c76e02308b8832c2a634e2c7e3e16ea4c4f17ef01da5e4715e012c0,train,tm-v3,offsets are in the preprocessed (trimmed) signal; split inherited from the parent
SS-SCR-0635S1,gtm_samples/panic_scream/SS-SCR-0635S1.wav,Panic Scream,derived:TM window of SS-SCR-0635,https://zenodo.org/record/4060432,CC-BY-4.0,Eduardo Fonseca et al.,2026-09-26,1.000,44100,1,unspecified,,n/a,augmented,SS-SCR-0635,0.000,1.000,997ef86fb0335b4443c9b7914376b7a8230d6ed7b618e5faa8ab06c7b51a9ee4,train,tm-v3,offsets are in the preprocessed (trimmed) signal; split inherited from the parent
SS-SCR-0524S1,gtm_samples/panic_scream/SS-SCR-0524S1.wav,Panic Scream,derived:TM window of SS-SCR-0524,https://zenodo.org/record/4060432,CC-BY-4.0,Eduardo Fonseca et al.,2026-09-26,1.000,44100,1,unspecified,,n/a,augmented,SS-SCR-0524,1.500,2.500,4904ae26d2cdb8ebe26562704b3899757065ffc019fe14668c3c9cc072a49fc4,train,tm-v3,offsets are in the preprocessed (trimmed) signal; split inherited from the parent
SS-SCR-0630S1,gtm_samples/panic_scream/SS-SCR-0630S1.wav,Panic Scream,derived:TM window of SS-SCR-0630,https://zenodo.org/record/4060432,CC-BY-4.0,Eduardo Fonseca et al.,2026-09-26,0.778,44100,1,unspecified,,n/a,augmented,SS-SCR-0630,0.000,1.000,599c53cfe81c119715bacac93ab1308bc3b2a07fbef88f717d4ad5f1c0dbf8c1,train,tm-v3,offsets are in the preprocessed (trimmed) signal; split inherited from the parent
SS-SCR-0001S1,gtm_samples/panic_scream/SS-SCR-0001S1.wav,Panic Scream,derived:TM window of SS-SCR-0001,https://freesound.org/s/165596/,CC-BY-3.0,11linda,2026-09-26,1.000,44100,1,unspecified,unspecified,n/a,augmented,SS-SCR-0001,3.500,4.500,fcb7a72b59e588d8cedc8785b48bd651ec23873734e0597b8eb45ca3972d607f,train,tm-v3,offsets are in the preprocessed (trimmed) signal; split inherited from the parent
SS-SCR-0613S1,gtm_samples/panic_scream/SS-SCR-0613S1.wav,Panic Scream,derived:TM window of SS-SCR-0613,https://zenodo.org/record/4060432,CC-BY-4.0,Eduardo Fonseca et al.,2026-09-26,1.000,44100,1,unspecified,,n/a,augmented,SS-SCR-0613,0.500,1.500,32dd83590a010cc01555174574b21346e67b776bb62cec91413a20692b67a929,train,tm-v3,offsets are in the preprocessed (trimmed) signal; split inherited from the parent
SS-SCR-0715S1,gtm_samples/panic_scream/SS-SCR-0715S1.wav,Panic Scream,derived:TM window of SS-SCR-0715,,CC0-1.0,sonicsentinel procedural synthesis (data/generate_corpus.py),2026-09-26,1.000,44100,1,outdoor,smartphone_builtin,medium,augmented,SS-SCR-0715,0.000,1.000,89cbce1d3aefb84b38e171825f2bbe5578e08538988f3b5ac3ce015c407e135b,train,tm-v3,offsets are in the preprocessed (trimmed) signal; split inherited from the parent
SS-SCR-0072S1,gtm_samples/panic_scream/SS-SCR-0072S1.wav,Panic Scream,derived:TM window of SS-SCR-0072,https://freesound.org/s/381943/,CC-BY-3.0,iplanella,2026-09-26,0.877,44100,1,unspecified,unspecified,n/a,augmented,SS-SCR-0072,0.000,1.000,98323e3a6ffda0b06001e9e0d6891b515cc4650e920182a8c53599b0c8720514,train,tm-v3,offsets are in the preprocessed (trimmed) signal; split inherited from the parent
SS-SCR-0560S1,gtm_samples/panic_scream/SS-SCR-0560S1.wav,Panic Scream,derived:TM window of SS-SCR-0560,https://zenodo.org/record/4060432,CC-BY-4.0,Eduardo Fonseca et al.,2026-09-26,1.000,44100,1,unspecified,,n/a,augmented,SS-SCR-0560,0.000,1.000,6c477e4f114a695316fabdb6bfd8d203d44d5021b6d9625434e71abf1991af79,train,tm-v3,offsets are in the preprocessed (trimmed) signal; split inherited from the parent
SS-SCR-0036S1,gtm_samples/panic_scream/SS-SCR-0036S1.wav,Panic Scream,derived:TM window of SS-SCR-0036,https://freesound.org/s/166619/,CC-BY-3.0,J.Zazvurek,2026-09-26,0.582,44100,1,indoor,unspecified,n/a,augmented,SS-SCR-0036,0.000,1.000,fd39d1a2816bce8c49801420abe9c458c116232ba58a6be10ee0691585037702,train,tm-v3,offsets are in the preprocessed (trimmed) signal; split inherited from the parent
SS-SCR-0505S1,gtm_samples/panic_scream/SS-SCR-0505S1.wav,Panic Scream,derived:TM window of SS-SCR-0505,https://zenodo.org/record/4060432,CC-BY-4.0,Eduardo Fonseca et al.,2026-09-26,1.000,44100,1,unspecified,,n/a,augmented,SS-SCR-0505,4.500,5.500,1456ad616887e00aeb8028b55f8f125aaaaa62779a966f7a5fbfd27bfcbc4db7,train,tm-v3,offsets are in the preprocessed (trimmed) signal; split inherited from the parent
SS-SCR-0542S1,gtm_samples/panic_scream/SS-SCR-0542S1.wav,Panic Scream,derived:TM window of SS-SCR-0542,https://zenodo.org/record/4060432,CC-BY-4.0,Eduardo Fonseca et al.,2026-09-26,1.000,44100,1,unspecified,,n/a,augmented,SS-SCR-0542,0.500,1.500,117b7da9d04455691102769dc7b676059d0724a0ded17629ac173d4b6d4c4624,train,tm-v3,offsets are in the preprocessed (trimmed) signal; split inherited from the parent
SS-SCR-0016S1,gtm_samples/panic_scream/SS-SCR-0016S1.wav,Panic Scream,derived:TM window of SS-SCR-0016,https://freesound.org/s/169628/,CC0-1.0,Dinsfire,2026-09-26,1.000,44100,1,unspecified,unspecified,n/a,augmented,SS-SCR-0016,0.000,1.000,90391e57243c3e4d5dcb907c07c20d28555ac4b2259bb58489a5852dbbff3e7d,train,tm-v3,offsets are in the preprocessed (trimmed) signal; split inherited from the parent
SS-SCR-0721S1,gtm_samples/panic_scream/SS-SCR-0721S1.wav,Panic Scream,derived:TM window of SS-SCR-0721,,CC0-1.0,sonicsentinel procedural synthesis (data/generate_corpus.py),2026-09-26,1.000,44100,1,outdoor,cctv_mic,near,augmented,SS-SCR-0721,0.000,1.000,9b2feb65df4678814e339de62cfd71d938fdaedb8f67d0ef8d398066d3d3c7d5,train,tm-v3,offsets are in the preprocessed (trimmed) signal; split inherited from the parent
SS-SCR-0598S1,gtm_samples/panic_scream/SS-SCR-0598S1.wav,Panic Scream,derived:TM window of SS-SCR-0598,https://zenodo.org/record/4060432,CC-BY-4.0,Eduardo Fonseca et al.,2026-09-26,0.952,44100,1,unspecified,,n/a,augmented,SS-SCR-0598,0.000,1.000,b70fc23aa11af554915d68478b4c8e30db78ee41f8ff2b39ed83bbca97f7dace,train,tm-v3,offsets are in the preprocessed (trimmed) signal; split inherited from the parent
SS-SCR-0603S1,gtm_samples/panic_scream/SS-SCR-0603S1.wav,Panic Scream,derived:TM window of SS-SCR-0603,https://zenodo.org/record/4060432,CC-BY-4.0,Eduardo Fonseca et al.,2026-09-26,1.000,44100,1,unspecified,,n/a,augmented,SS-SCR-0603,0.500,1.500,fcd3fca9102e8a0bd76192e8cfd993189d5a387420390363c6b24de994298cea,train,tm-v3,offsets are in the preprocessed (trimmed) signal; split inherited from the parent
SS-SCR-0092S1,gtm_samples/panic_scream/SS-SCR-0092S1.wav,Panic Scream,derived:TM window of SS-SCR-0092,https://freesound.org/s/96825/,CC-BY-3.0,shawshank73,2026-09-26,1.000,44100,1,unspecified,unspecified,n/a,augmented,SS-SCR-0092,4.500,5.500,08ab2e001f7fe8d453ea9fab0a214b87d19a68eb31d05ef862c5eb42a4db9b37,train,tm-v3,offsets are in the preprocessed (trimmed) signal; split inherited from the parent
SS-SCR-0590S1,gtm_samples/panic_scream/SS-SCR-0590S1.wav,Panic Scream,derived:TM window of SS-SCR-0590,https://zenodo.org/record/4060432,CC-BY-4.0,Eduardo Fonseca et al.,2026-09-26,1.000,44100,1,unspecified,,n/a,augmented,SS-SCR-0590,0.000,1.000,f838215d22ba747c5c18031020a068a543588227f14771bcf438b24832d39f85,train,tm-v3,offsets are in the preprocessed (trimmed) signal; split inherited from the parent
SS-SCR-0049S1,gtm_samples/panic_scream/SS-SCR-0049S1.wav,Panic Scream,derived:TM window of SS-SCR-0049,https://freesound.org/s/110139/,CC0-1.0,Ryding,2026-09-26,0.868,44100,1,unspecified,unspecified,n/a,augmented,SS-SCR-0049,0.000,1.000,17ef94ff318ade80a47e1430c5d53a31202f1892ed55453eb2f505e9f8d74f96,train,tm-v3,offsets are in the preprocessed (trimmed) signal; split inherited from the parent
SS-SCR-0096S1,gtm_samples/panic_scream/SS-SCR-0096S1.wav,Panic Scream,derived:TM window of SS-SCR-0096,https://freesound.org/s/187359/,CC-BY-3.0,unfa,2026-09-26,0.788,44100,1,outdoor,unspecified,n/a,augmented,SS-SCR-0096,0.000,1.000,996ea2cbeb29cae2cc4976debea7e5c189d77ef5c838909003d6e3d0903672f5,train,tm-v3,offsets are in the preprocessed (trimmed) signal; split inherited from the parent
SS-SCR-0638S1,gtm_samples/panic_scream/SS-SCR-0638S1.wav,Panic Scream,derived:TM window of SS-SCR-0638,https://zenodo.org/record/4060432,CC-BY-4.0,Eduardo Fonseca et al.,2026-09-26,1.000,44100,1,unspecified,,n/a,augmented,SS-SCR-0638,0.000,1.000,2db8108832bd9dbf607b7ab67bd8e85cd95aeeca6684ea119d562cb1093cf6a9,train,tm-v3,offsets are in the preprocessed (trimmed) signal; split inherited from the parent
SS-SCR-0660S1,gtm_samples/panic_scream/SS-SCR-0660S1.wav,Panic Scream,derived:TM window of SS-SCR-0660,https://zenodo.org/record/4060432,CC-BY-4.0,Eduardo Fonseca et al.,2026-09-26,1.000,44100,1,unspecified,,n/a,augmented,SS-SCR-0660,1.000,2.000,a29d415d54f1f026dc6e5b4311cd534b51d1af6234e86372458ed3f2b72b172e,train,tm-v3,offsets are in the preprocessed (trimmed) signal; split inherited from the parent
SS-SCR-0100S1,gtm_samples/panic_scream/SS-SCR-0100S1.wav,Panic Scream,derived:TM window of SS-SCR-0100,https://freesound.org/s/223745/,CC-BY-3.0,xtrgamr,2026-09-26,1.000,44100,1,outdoor,unspecified,n/a,augmented,SS-SCR-0100,0.500,1.500,c2d7a4e9b447814015b54db230fd2220d6bbd512d921bcece8cbcbab305cf1ff,train,tm-v3,offsets are in the preprocessed (trimmed) signal; split inherited from the parent
SS-SCR-0044S1,gtm_samples/panic_scream/SS-SCR-0044S1.wav,Panic Scream,derived:TM window of SS-SCR-0044,https://freesound.org/s/270446/,CC-BY-3.0,LittleRobotSoundFactory,2026-09-26,1.000,44100,1,unspecified,unspecified,n/a,augmented,SS-SCR-0044,0.000,1.000,0853b309243abbfc689da79936c4863a37cf5fdf8ecd8187d65d1755a6068e4e,train,tm-v3,offsets are in the preprocessed (trimmed) signal; split inherited from the parent
SS-SCR-0621S1,gtm_samples/panic_scream/SS-SCR-0621S1.wav,Panic Scream,derived:TM window of SS-SCR-0621,https://zenodo.org/record/4060432,CC-BY-4.0,Eduardo Fonseca et al.,2026-09-26,1.000,44100,1,unspecified,,n/a,augmented,SS-SCR-0621,0.000,1.000,66604c5cd4faa8bae8389dbdb96af30daa02121719a9e4c9511a218c07811d6d,train,tm-v3,offsets are in the preprocessed (trimmed) signal; split inherited from the parent
SS-SCR-0653S1,gtm_samples/panic_scream/SS-SCR-0653S1.wav,Panic Scream,derived:TM window of SS-SCR-0653,https://zenodo.org/record/4060432,CC-BY-4.0,Eduardo Fonseca et al.,2026-09-26,1.000,44100,1,unspecified,,n/a,augmented,SS-SCR-0653,0.000,1.000,1f6c441d02478808f3370792cc98891423bed73c72f0f1e32b1b8075e424fade,train,tm-v3,offsets are in the preprocessed (trimmed) signal; split inherited from the parent
SS-SCR-0617S1,gtm_samples/panic_scream/SS-SCR-0617S1.wav,Panic Scream,derived:TM window of SS-SCR-0617,https://zenodo.org/record/4060432,CC-BY-4.0,Eduardo Fonseca et al.,2026-09-26,1.000,44100,1,unspecified,,n/a,augmented,SS-SCR-0617,0.000,1.000,9b97ae683c4f65f3b9036f990be60300f5174f841d9761d97bf73985aa8ade00,train,tm-v3,offsets are in the preprocessed (trimmed) signal; split inherited from the parent
SS-SCR-0573S1,gtm_samples/panic_scream/SS-SCR-0573S1.wav,Panic Scream,derived:TM window of SS-SCR-0573,https://zenodo.org/record/4060432,CC-BY-4.0,Eduardo Fonseca et al.,2026-09-26,1.000,44100,1,unspecified,,n/a,augmented,SS-SCR-0573,0.000,1.000,48e22c6affaa82c1ab5935a00faa577d2945114a73d2fdb1c7fc8993e02f7423,train,tm-v3,offsets are in the preprocessed (trimmed) signal; split inherited from the parent
SS-SCR-0532S1,gtm_samples/panic_scream/SS-SCR-0532S1.wav,Panic Scream,derived:TM window of SS-SCR-0532,https://zenodo.org/record/4060432,CC-BY-4.0,Eduardo Fonseca et al.,2026-09-26,1.000,44100,1,unspecified,,n/a,augmented,SS-SCR-0532,0.500,1.500,eb81f8f6339f5bcd9fb7b424a869fe1849f993185d5c6f4cebc2eca524363392,train,tm-v3,offsets are in the preprocessed (trimmed) signal; split inherited from the parent
SS-SCR-0052S1,gtm_samples/panic_scream/SS-SCR-0052S1.wav,Panic Scream,derived:TM window of SS-SCR-0052,https://freesound.org/s/321783/,CC0-1.0,Skjor1,2026-09-26,1.000,44100,1,outdoor,unspecified,n/a,augmented,SS-SCR-0052,15.000,16.000,5cd402058764b6b5334e33cc642a20ad4697648e525198db674bd67afd3285bb,train,tm-v3,offsets are in the preprocessed (trimmed) signal; split inherited from the parent
SS-SCR-0607S1,gtm_samples/panic_scream/SS-SCR-0607S1.wav,Panic Scream,derived:TM window of SS-SCR-0607,https://zenodo.org/record/4060432,CC-BY-4.0,Eduardo Fonseca et al.,2026-09-26,0.854,44100,1,unspecified,,n/a,augmented,SS-SCR-0607,0.000,1.000,380f472cac1034327e6fae11ecde0e76f343d4bb64b2dc0104b2cf5cff39762c,train,tm-v3,offsets are in the preprocessed (trimmed) signal; split inherited from the parent
SS-SCR-0614S1,gtm_samples/panic_scream/SS-SCR-0614S1.wav,Panic Scream,derived:TM window of SS-SCR-0614,https://zenodo.org/record/4060432,CC-BY-4.0,Eduardo Fonseca et al.,2026-09-26,0.570,44100,1,unspecified,,n/a,augmented,SS-SCR-0614,0.000,1.000,efdb4a761aa3def30be627f8593641c09766139c76dc75bfc17bc8b33898ee1a,train,tm-v3,offsets are in the preprocessed (trimmed) signal; split inherited from the parent
SS-SCR-0501S1,gtm_samples/panic_scream/SS-SCR-0501S1.wav,Panic Scream,derived:TM window of SS-SCR-0501,https://zenodo.org/record/4060432,CC-BY-4.0,Eduardo Fonseca et al.,2026-09-26,0.998,44100,1,unspecified,,n/a,augmented,SS-SCR-0501,0.000,1.000,ac0e992547dfe9c87c0094541f9392c589a1de272ffb1f8b14b4537d4802a417,train,tm-v3,offsets are in the preprocessed (trimmed) signal; split inherited from the parent
SS-SCR-0558S1,gtm_samples/panic_scream/SS-SCR-0558S1.wav,Panic Scream,derived:TM window of SS-SCR-0558,https://zenodo.org/record/4060432,CC-BY-4.0,Eduardo Fonseca et al.,2026-09-26,1.000,44100,1,unspecified,,n/a,augmented,SS-SCR-0558,0.000,1.000,2835daa94661673e79d57e022388dca737de09da96c3cd11cfcf56ed140fef09,train,tm-v3,offsets are in the preprocessed (trimmed) signal; split inherited from the parent
SS-SCR-0705S1,gtm_samples/panic_scream/SS-SCR-0705S1.wav,Panic Scream,derived:TM window of SS-SCR-0705,,CC0-1.0,sonicsentinel procedural synthesis (data/generate_corpus.py),2026-09-26,1.000,44100,1,indoor,smartphone_builtin,near,augmented,SS-SCR-0705,0.000,1.000,89793607a67b142619df802e57a7d768a3887760a68c64d5e6897b84d3b7c576,train,tm-v3,offsets are in the preprocessed (trimmed) signal; split inherited from the parent
SS-SCR-0021S1,gtm_samples/panic_scream/SS-SCR-0021S1.wav,Panic Scream,derived:TM window of SS-SCR-0021,https://freesound.org/s/220814/,CC0-1.0,EricSueiro,2026-09-26,0.746,44100,1,unspecified,unspecified,n/a,augmented,SS-SCR-0021,0.000,1.000,278391852ed16f0a0757f7aaabf1fc98c5336a87f189d18a72662328f730b338,train,tm-v3,offsets are in the preprocessed (trimmed) signal; split inherited from the parent
SS-SCR-0615S1,gtm_samples/panic_scream/SS-SCR-0615S1.wav,Panic Scream,derived:TM window of SS-SCR-0615,https://zenodo.org/record/4060432,CC-BY-4.0,Eduardo Fonseca et al.,2026-09-26,1.000,44100,1,unspecified,,n/a,augmented,SS-SCR-0615,1.500,2.500,e09624111e3d81e417e7ae1354f8d48fb69b84b77b2b3903e25031a73642b4a1,train,tm-v3,offsets are in the preprocessed (trimmed) signal; split inherited from the parent
SS-SCR-0045S1,gtm_samples/panic_scream/SS-SCR-0045S1.wav,Panic Scream,derived:TM window of SS-SCR-0045,https://freesound.org/s/85538/,CC-BY-3.0,MAJ061785,2026-09-26,1.000,44100,1,unspecified,unspecified,n/a,augmented,SS-SCR-0045,0.000,1.000,03d004379d7b7076b55e54c88512aa834e578b2143130a0147e89946c5236237,train,tm-v3,offsets are in the preprocessed (trimmed) signal; split inherited from the parent
SS-SCR-0587S1,gtm_samples/panic_scream/SS-SCR-0587S1.wav,Panic Scream,derived:TM window of SS-SCR-0587,https://zenodo.org/record/4060432,CC-BY-4.0,Eduardo Fonseca et al.,2026-09-26,1.000,44100,1,unspecified,,n/a,augmented,SS-SCR-0587,0.000,1.000,b7a9a13e3d3064ab726389af8f815b294bd2c17e16c8f40ebc5f39434fafa209,train,tm-v3,offsets are in the preprocessed (trimmed) signal; split inherited from the parent
SS-SCR-0634S1,gtm_samples/panic_scream/SS-SCR-0634S1.wav,Panic Scream,derived:TM window of SS-SCR-0634,https://zenodo.org/record/4060432,CC-BY-4.0,Eduardo Fonseca et al.,2026-09-26,1.000,44100,1,unspecified,,n/a,augmented,SS-SCR-0634,1.500,2.500,bd19acb53841ff9f10efad03e1a64fd9f89a67302573eeefc11221b274f3203b,train,tm-v3,offsets are in the preprocessed (trimmed) signal; split inherited from the parent
SS-SCR-0075S1,gtm_samples/panic_scream/SS-SCR-0075S1.wav,Panic Scream,derived:TM window of SS-SCR-0075,https://freesound.org/s/45603/,CC0-1.0,jukkis111,2026-09-26,0.425,44100,1,unspecified,unspecified,n/a,augmented,SS-SCR-0075,0.000,1.000,8a4b45bb7feef41a8a7f5794984d294cd0863f58265a01df7080b221fd7ef9fe,train,tm-v3,offsets are in the preprocessed (trimmed) signal; split inherited from the parent
SS-SCR-0561S1,gtm_samples/panic_scream/SS-SCR-0561S1.wav,Panic Scream,derived:TM window of SS-SCR-0561,https://zenodo.org/record/4060432,CC-BY-4.0,Eduardo Fonseca et al.,2026-09-26,1.000,44100,1,unspecified,,n/a,augmented,SS-SCR-0561,0.000,1.000,0bcef60a7fe76d1c0ad4ce49f8f16e77560d3c16a9f06495d3108ab848b08a01,train,tm-v3,offsets are in the preprocessed (trimmed) signal; split inherited from the parent
SS-SCR-0067S1,gtm_samples/panic_scream/SS-SCR-0067S1.wav,Panic Scream,derived:TM window of SS-SCR-0067,https://freesound.org/s/134021/,CC0-1.0,ecfike,2026-09-26,1.000,44100,1,outdoor,unspecified,n/a,augmented,SS-SCR-0067,1.500,2.500,4fb62a99686c0f6ae9d9210ecf5bb53e2d5cb0f4afc54dfceeb8c4deab6d8192,train,tm-v3,offsets are in the preprocessed (trimmed) signal; split inherited from the parent
SS-SCR-0051S1,gtm_samples/panic_scream/SS-SCR-0051S1.wav,Panic Scream,derived:TM window of SS-SCR-0051,https://freesound.org/s/205732/,CC-BY-3.0,SamKolber,2026-09-26,1.000,44100,1,unspecified,unspecified,n/a,augmented,SS-SCR-0051,1.500,2.500,343f0fb6faa81b24fbadf147f576871f40f3035d7f188786f36488e7c4c4169d,train,tm-v3,offsets are in the preprocessed (trimmed) signal; split inherited from the parent
SS-SCR-0060S1,gtm_samples/panic_scream/SS-SCR-0060S1.wav,Panic Scream,derived:TM window of SS-SCR-0060,https://freesound.org/s/21323/,CC-BY-3.0,cdrk,2026-09-26,1.000,44100,1,unspecified,unspecified,n/a,augmented,SS-SCR-0060,0.500,1.500,b89dbad2acf796660148278b6a51acad3f330211d0a586b05e7a4856d3db2f77,train,tm-v3,offsets are in the preprocessed (trimmed) signal; split inherited from the parent
SS-SCR-0549S1,gtm_samples/panic_scream/SS-SCR-0549S1.wav,Panic Scream,derived:TM window of SS-SCR-0549,https://zenodo.org/record/4060432,CC-BY-4.0,Eduardo Fonseca et al.,2026-09-26,1.000,44100,1,unspecified,,n/a,augmented,SS-SCR-0549,0.000,1.000,10148af6390028fbd2d29adef093e92a847459d4b083354fae3cccc147711baa,train,tm-v3,offsets are in the preprocessed (trimmed) signal; split inherited from the parent
SS-SCR-0523S1,gtm_samples/panic_scream/SS-SCR-0523S1.wav,Panic Scream,derived:TM window of SS-SCR-0523,https://zenodo.org/record/4060432,CC-BY-4.0,Eduardo Fonseca et al.,2026-09-26,1.000,44100,1,unspecified,,n/a,augmented,SS-SCR-0523,0.000,1.000,ebfbcd99d38a0c56c1c79073049f09e3663c90f5abd66a4502455b7a6b09ad9f,train,tm-v3,offsets are in the preprocessed (trimmed) signal; split inherited from the parent
SS-SCR-0011S1,gtm_samples/panic_scream/SS-SCR-0011S1.wav,Panic Scream,derived:TM window of SS-SCR-0011,https://freesound.org/s/49777/,CC-BY-3.0,BoilingSand,2026-09-26,1.000,44100,1,outdoor,unspecified,n/a,augmented,SS-SCR-0011,1.000,2.000,6d29f7d7f342751dbd21d34e7e9400b115a4e3b75b30f97d3cdf680906b525a6,train,tm-v3,offsets are in the preprocessed (trimmed) signal; split inherited from the parent
SS-SCR-0555S1,gtm_samples/panic_scream/SS-SCR-0555S1.wav,Panic Scream,derived:TM window of SS-SCR-0555,https://zenodo.org/record/4060432,CC-BY-4.0,Eduardo Fonseca et al.,2026-09-26,0.887,44100,1,unspecified,,n/a,augmented,SS-SCR-0555,0.000,1.000,ed0b01faa6b57bf755e8d220746f47422f1f6cb7009ddd1e99f03f534c864366,train,tm-v3,offsets are in the preprocessed (trimmed) signal; split inherited from the parent
SS-SCR-0539S1,gtm_samples/panic_scream/SS-SCR-0539S1.wav,Panic Scream,derived:TM window of SS-SCR-0539,https://zenodo.org/record/4060432,CC-BY-4.0,Eduardo Fonseca et al.,2026-09-26,1.000,44100,1,unspecified,,n/a,augmented,SS-SCR-0539,2.000,3.000,86f6902cfc3f2d01477cd19c5d1fc7565e4fb6edd67f2e4aab5470a1c5e1910d,train,tm-v3,offsets are in the preprocessed (trimmed) signal; split inherited from the parent
SS-SCR-0636S1,gtm_samples/panic_scream/SS-SCR-0636S1.wav,Panic Scream,derived:TM window of SS-SCR-0636,https://zenodo.org/record/4060432,CC-BY-4.0,Eduardo Fonseca et al.,2026-09-26,1.000,44100,1,unspecified,,n/a,augmented,SS-SCR-0636,1.500,2.500,2174c95b35e6f97e078ea179f5b82a371183b074537dba62d226927ee685eaa5,train,tm-v3,offsets are in the preprocessed (trimmed) signal; split inherited from the parent
SS-SCR-0723S1,gtm_samples/panic_scream/SS-SCR-0723S1.wav,Panic Scream,derived:TM window of SS-SCR-0723,,CC0-1.0,sonicsentinel procedural synthesis (data/generate_corpus.py),2026-09-26,1.000,44100,1,outdoor,smartphone_builtin,medium,augmented,SS-SCR-0723,2.000,3.000,a563c2d00cc1ae5447367a4fe09a73df7efae13d2f81b7a65e8d7f6b5a81d6ca,train,tm-v3,offsets are in the preprocessed (trimmed) signal; split inherited from the parent
SS-SCR-0006S1,gtm_samples/panic_scream/SS-SCR-0006S1.wav,Panic Scream,derived:TM window of SS-SCR-0006,https://freesound.org/s/416537/,CC0-1.0,AlineAudio,2026-09-26,0.830,44100,1,unspecified,unspecified,n/a,augmented,SS-SCR-0006,0.000,1.000,4e57b0892b0e1aad43776a5dbc0e4ff872e7c186e73e09a0f229b04404ce79f6,train,tm-v3,offsets are in the preprocessed (trimmed) signal; split inherited from the parent
SS-SCR-0648S1,gtm_samples/panic_scream/SS-SCR-0648S1.wav,Panic Scream,derived:TM window of SS-SCR-0648,https://zenodo.org/record/4060432,CC-BY-4.0,Eduardo Fonseca et al.,2026-09-26,1.000,44100,1,unspecified,,n/a,augmented,SS-SCR-0648,0.500,1.500,44b606815b359385aa3e6d75f33ce52ae336f9a009d3cb1dd2aaa24245a34cd4,train,tm-v3,offsets are in the preprocessed (trimmed) signal; split inherited from the parent
SS-SCR-0681S1,gtm_samples/panic_scream/SS-SCR-0681S1.wav,Panic Scream,derived:TM window of SS-SCR-0681,https://zenodo.org/record/4060432,CC-BY-4.0,Eduardo Fonseca et al.,2026-09-26,1.000,44100,1,unspecified,,n/a,augmented,SS-SCR-0681,0.500,1.500,6bbb1783e3cca72687553637f57c9437b3485c45cad5d8e1ba15f07d349db570,train,tm-v3,offsets are in the preprocessed (trimmed) signal; split inherited from the parent
SS-SCR-0082S1,gtm_samples/panic_scream/SS-SCR-0082S1.wav,Panic Scream,derived:TM window of SS-SCR-0082,https://freesound.org/s/169810/,CC0-1.0,missozzy,2026-09-26,1.000,44100,1,unspecified,unspecified,n/a,augmented,SS-SCR-0082,5.000,6.000,27a47f03b64e99990d80ea335414fb024d1e5547b9fc74f9f57bb55b214d8fc6,train,tm-v3,offsets are in the preprocessed (trimmed) signal; split inherited from the parent
SS-SCR-0616S1,gtm_samples/panic_scream/SS-SCR-0616S1.wav,Panic Scream,derived:TM window of SS-SCR-0616,https://zenodo.org/record/4060432,CC-BY-4.0,Eduardo Fonseca et al.,2026-09-26,1.000,44100,1,unspecified,,n/a,augmented,SS-SCR-0616,0.000,1.000,b1dfeb683a6e82196effead2d22c70a4dd4ac66837f4687325e864c280d026bc,train,tm-v3,offsets are in the preprocessed (trimmed) signal; split inherited from the parent
SS-SCR-0078S1,gtm_samples/panic_scream/SS-SCR-0078S1.wav,Panic Scream,derived:TM window of SS-SCR-0078,https://freesound.org/s/219685/,CC0-1.0,mariateresa_garcia,2026-09-26,1.000,44100,1,unspecified,unspecified,n/a,augmented,SS-SCR-0078,0.000,1.000,31c3074b3da5ec5ca051a12b3853f45223d398806cee0994f042c2aa32586418,train,tm-v3,offsets are in the preprocessed (trimmed) signal; split inherited from the parent
SS-SCR-0018S1,gtm_samples/panic_scream/SS-SCR-0018S1.wav,Panic Scream,derived:TM window of SS-SCR-0018,https://freesound.org/s/178313/,CC0-1.0,EagleClaw,2026-09-26,1.000,44100,1,unspecified,unspecified,n/a,augmented,SS-SCR-0018,0.500,1.500,18585d6ce74b7f15da683865abf1e5e10b1179f7e745f6fb5c10ad827487f32e,train,tm-v3,offsets are in the preprocessed (trimmed) signal; split inherited from the parent
SS-SCR-0554S1,gtm_samples/panic_scream/SS-SCR-0554S1.wav,Panic Scream,derived:TM window of SS-SCR-0554,https://zenodo.org/record/4060432,CC-BY-4.0,Eduardo Fonseca et al.,2026-09-26,1.000,44100,1,unspecified,,n/a,augmented,SS-SCR-0554,0.000,1.000,cfc1e13fc68ceb97eae752659aa5df8134e62df6399e2faff6a31ac5f30e8781,train,tm-v3,offsets are in the preprocessed (trimmed) signal; split inherited from the parent
SS-SCR-0626S1,gtm_samples/panic_scream/SS-SCR-0626S1.wav,Panic Scream,derived:TM window of SS-SCR-0626,https://zenodo.org/record/4060432,CC-BY-4.0,Eduardo Fonseca et al.,2026-09-26,0.522,44100,1,unspecified,,n/a,augmented,SS-SCR-0626,0.000,1.000,e6e3f62b9113d421bc37e181f837d586bc2fd181925e340f54b2d422bd837aec,train,tm-v3,offsets are in the preprocessed (trimmed) signal; split inherited from the parent
SS-SCR-0093S1,gtm_samples/panic_scream/SS-SCR-0093S1.wav,Panic Scream,derived:TM window of SS-SCR-0093,https://freesound.org/s/235591/,CC0-1.0,tcrocker68,2026-09-26,1.000,44100,1,unspecified,unspecified,n/a,augmented,SS-SCR-0093,0.000,1.000,3ff19bfd564a3f1a867cadf000269070fae7bc816097237bc354dde82542a7b3,train,tm-v3,offsets are in the preprocessed (trimmed) signal; split inherited from the parent
SS-SCR-0552S1,gtm_samples/panic_scream/SS-SCR-0552S1.wav,Panic Scream,derived:TM window of SS-SCR-0552,https://zenodo.org/record/4060432,CC-BY-4.0,Eduardo Fonseca et al.,2026-09-26,1.000,44100,1,unspecified,,n/a,augmented,SS-SCR-0552,3.500,4.500,30668d29071fb312b6374f65fcb4c202ab7b510e97b8cc145bff93e6db58c22b,train,tm-v3,offsets are in the preprocessed (trimmed) signal; split inherited from the parent
SS-SCR-0513S1,gtm_samples/panic_scream/SS-SCR-0513S1.wav,Panic Scream,derived:TM window of SS-SCR-0513,https://zenodo.org/record/4060432,CC-BY-4.0,Eduardo Fonseca et al.,2026-09-26,1.000,44100,1,unspecified,,n/a,augmented,SS-SCR-0513,0.000,1.000,aa1a6af0e5251591e4c7817a61c3f9cab683d9e1168f32ef4c8fb3b5821858e8,train,tm-v3,offsets are in the preprocessed (trimmed) signal; split inherited from the parent
SS-SCR-0090S1,gtm_samples/panic_scream/SS-SCR-0090S1.wav,Panic Scream,derived:TM window of SS-SCR-0090,https://freesound.org/s/222537/,CC0-1.0,queen_westeros,2026-09-26,1.000,44100,1,unspecified,unspecified,n/a,augmented,SS-SCR-0090,1.500,2.500,0a92b556c43a6776297768be311e2beb23e14f23945618c856dacca17881a319,train,tm-v3,offsets are in the preprocessed (trimmed) signal; split inherited from the parent
SS-SCR-0663S1,gtm_samples/panic_scream/SS-SCR-0663S1.wav,Panic Scream,derived:TM window of SS-SCR-0663,https://zenodo.org/record/4060432,CC-BY-4.0,Eduardo Fonseca et al.,2026-09-26,1.000,44100,1,unspecified,,n/a,augmented,SS-SCR-0663,5.500,6.500,f692f764dc35a12ce92d17a321a2b9063dc2218cb155840ddb08a480107d0389,train,tm-v3,offsets are in the preprocessed (trimmed) signal; split inherited from the parent
SS-SCR-0008S1,gtm_samples/panic_scream/SS-SCR-0008S1.wav,Panic Scream,derived:TM window of SS-SCR-0008,https://freesound.org/s/156510/,CC0-1.0,AndreOnate,2026-09-26,1.000,44100,1,unspecified,unspecified,n/a,augmented,SS-SCR-0008,0.000,1.000,eefa3221cef565a8edfd81553bc3e5c9a7a433fb18d3e51a2a37a82e3a465bd5,train,tm-v3,offsets are in the preprocessed (trimmed) signal; split inherited from the parent
SS-SCR-0706S1,gtm_samples/panic_scream/SS-SCR-0706S1.wav,Panic Scream,derived:TM window of SS-SCR-0706,,CC0-1.0,sonicsentinel procedural synthesis (data/generate_corpus.py),2026-09-26,1.000,44100,1,outdoor,field_recorder,far,augmented,SS-SCR-0706,4.000,5.000,c3e6da0c48d977595ca5dd92e946fb2350b65140e02e8a15fbc54846f028d165,train,tm-v3,offsets are in the preprocessed (trimmed) signal; split inherited from the parent
SS-SCR-0565S1,gtm_samples/panic_scream/SS-SCR-0565S1.wav,Panic Scream,derived:TM window of SS-SCR-0565,https://zenodo.org/record/4060432,CC-BY-4.0,Eduardo Fonseca et al.,2026-09-26,1.000,44100,1,unspecified,,n/a,augmented,SS-SCR-0565,0.000,1.000,dc28b43de7b6b256148e396fbc10d286157552c0c55fea87ed18ca7830639e7c,train,tm-v3,offsets are in the preprocessed (trimmed) signal; split inherited from the parent
SS-SCR-0670S1,gtm_samples/panic_scream/SS-SCR-0670S1.wav,Panic Scream,derived:TM window of SS-SCR-0670,https://zenodo.org/record/4060432,CC-BY-4.0,Eduardo Fonseca et al.,2026-09-26,1.000,44100,1,unspecified,,n/a,augmented,SS-SCR-0670,1.500,2.500,59b810b1fa9328b2d0768e6d706874d51abdacad4834aca1cc080cc392cde880,train,tm-v3,offsets are in the preprocessed (trimmed) signal; split inherited from the parent
SS-SCR-0521S1,gtm_samples/panic_scream/SS-SCR-0521S1.wav,Panic Scream,derived:TM window of SS-SCR-0521,https://zenodo.org/record/4060432,CC-BY-4.0,Eduardo Fonseca et al.,2026-09-26,0.503,44100,1,unspecified,,n/a,augmented,SS-SCR-0521,0.000,1.000,00a9df59811ffb6c640aaf80b3adabe5925a3db2518a5598c3ba510d581eb227,train,tm-v3,offsets are in the preprocessed (trimmed) signal; split inherited from the parent
SS-SCR-0081S1,gtm_samples/panic_scream/SS-SCR-0081S1.wav,Panic Scream,derived:TM window of SS-SCR-0081,https://freesound.org/s/400587/,CC0-1.0,misjoc,2026-09-26,1.000,44100,1,unspecified,unspecified,n/a,augmented,SS-SCR-0081,1.000,2.000,ad8e3cc75d3d94530b5850b082989c039ca8872d79bea0aa1566bb87b7499019,train,tm-v3,offsets are in the preprocessed (trimmed) signal; split inherited from the parent
SS-SCR-0069S1,gtm_samples/panic_scream/SS-SCR-0069S1.wav,Panic Scream,derived:TM window of SS-SCR-0069,https://freesound.org/s/391358/,CC0-1.0,guamorims,2026-09-26,1.000,44100,1,unspecified,unspecified,n/a,augmented,SS-SCR-0069,0.000,1.000,064e5d5e8a273b4c6cdc5e1af26061df5f24a276bd6f677017b39eacbb0567b7,train,tm-v3,offsets are in the preprocessed (trimmed) signal; split inherited from the parent
SS-SCR-0707S1,gtm_samples/panic_scream/SS-SCR-0707S1.wav,Panic Scream,derived:TM window of SS-SCR-0707,,CC0-1.0,sonicsentinel procedural synthesis (data/generate_corpus.py),2026-09-26,1.000,44100,1,outdoor,tablet_builtin,near,augmented,SS-SCR-0707,0.500,1.500,ee1a3b47372b5f0f439e125f655fbb4ae2956329810a1a18bd44544d1d8edd14,train,tm-v3,offsets are in the preprocessed (trimmed) signal; split inherited from the parent
SS-SCR-0594S1,gtm_samples/panic_scream/SS-SCR-0594S1.wav,Panic Scream,derived:TM window of SS-SCR-0594,https://zenodo.org/record/4060432,CC-BY-4.0,Eduardo Fonseca et al.,2026-09-26,1.000,44100,1,unspecified,,n/a,augmented,SS-SCR-0594,0.500,1.500,d2236b593a50d3ebe7c7ff628477693a89dcd6a45568bedc02d4e4d8ce0eb653,train,tm-v3,offsets are in the preprocessed (trimmed) signal; split inherited from the parent
SS-SCR-0599S1,gtm_samples/panic_scream/SS-SCR-0599S1.wav,Panic Scream,derived:TM window of SS-SCR-0599,https://zenodo.org/record/4060432,CC-BY-4.0,Eduardo Fonseca et al.,2026-09-26,0.682,44100,1,unspecified,,n/a,augmented,SS-SCR-0599,0.000,1.000,b47523bece742096a9ab7d28151cdc054c8ebfdb4d131d877f2cc4509a7efd16,train,tm-v3,offsets are in the preprocessed (trimmed) signal; split inherited from the parent
SS-SCR-0604S1,gtm_samples/panic_scream/SS-SCR-0604S1.wav,Panic Scream,derived:TM window of SS-SCR-0604,https://zenodo.org/record/4060432,CC-BY-4.0,Eduardo Fonseca et al.,2026-09-26,1.000,44100,1,unspecified,,n/a,augmented,SS-SCR-0604,0.000,1.000,a673e866da8573d363a50d564c8eddec8cc0ca828e9a6b81802e72d89b39d6f5,train,tm-v3,offsets are in the preprocessed (trimmed) signal; split inherited from the parent
SS-SCR-0545S1,gtm_samples/panic_scream/SS-SCR-0545S1.wav,Panic Scream,derived:TM window of SS-SCR-0545,https://zenodo.org/record/4060432,CC-BY-4.0,Eduardo Fonseca et al.,2026-09-26,1.000,44100,1,unspecified,,n/a,augmented,SS-SCR-0545,0.000,1.000,589d5d4f67e924260d4a75c249f4da82563ed3cd44aa6bde7b5fa4c0e20c9e26,train,tm-v3,offsets are in the preprocessed (trimmed) signal; split inherited from the parent
SS-SCR-0007S1,gtm_samples/panic_scream/SS-SCR-0007S1.wav,Panic Scream,derived:TM window of SS-SCR-0007,https://freesound.org/s/214989/,CC-BY-3.0,AmishRob,2026-09-26,1.000,44100,1,outdoor,unspecified,n/a,augmented,SS-SCR-0007,3.000,4.000,6c4311dac2ea531391a91aaf5a39e587c3afabb4722b39121cf72f58b13afc4e,train,tm-v3,offsets are in the preprocessed (trimmed) signal; split inherited from the parent
SS-SCR-0519S1,gtm_samples/panic_scream/SS-SCR-0519S1.wav,Panic Scream,derived:TM window of SS-SCR-0519,https://zenodo.org/record/4060432,CC-BY-4.0,Eduardo Fonseca et al.,2026-09-26,1.000,44100,1,unspecified,,n/a,augmented,SS-SCR-0519,1.500,2.500,7a63fd58dc5e2b486014d2b1b521c6daf4144087653f721929d50a0728787540,train,tm-v3,offsets are in the preprocessed (trimmed) signal; split inherited from the parent
SS-SCR-0551S1,gtm_samples/panic_scream/SS-SCR-0551S1.wav,Panic Scream,derived:TM window of SS-SCR-0551,https://zenodo.org/record/4060432,CC-BY-4.0,Eduardo Fonseca et al.,2026-09-26,1.000,44100,1,unspecified,,n/a,augmented,SS-SCR-0551,0.000,1.000,d9d68cf99d11da19fe3821c76611a878cd2206e0a46d20946cfba49519e55895,train,tm-v3,offsets are in the preprocessed (trimmed) signal; split inherited from the parent
SS-SCR-0633S1,gtm_samples/panic_scream/SS-SCR-0633S1.wav,Panic Scream,derived:TM window of SS-SCR-0633,https://zenodo.org/record/4060432,CC-BY-4.0,Eduardo Fonseca et al.,2026-09-26,0.894,44100,1,unspecified,,n/a,augmented,SS-SCR-0633,0.000,1.000,3e21ee37226d950ae448dc96fdb148c6e80ca3bc5f1ab62367694ad8f5e6df73,train,tm-v3,offsets are in the preprocessed (trimmed) signal; split inherited from the parent
SS-SCR-0669S1,gtm_samples/panic_scream/SS-SCR-0669S1.wav,Panic Scream,derived:TM window of SS-SCR-0669,https://zenodo.org/record/4060432,CC-BY-4.0,Eduardo Fonseca et al.,2026-09-26,1.000,44100,1,unspecified,,n/a,augmented,SS-SCR-0669,0.000,1.000,5f4f8a75aea1c7a5f0436673adf419a40fe9b8808eff528d768e54a224ddac80,train,tm-v3,offsets are in the preprocessed (trimmed) signal; split inherited from the parent
SS-SCR-0042S1,gtm_samples/panic_scream/SS-SCR-0042S1.wav,Panic Scream,derived:TM window of SS-SCR-0042,https://freesound.org/s/323080/,CC-BY-3.0,LiamG_SFX,2026-09-26,1.000,44100,1,unspecified,unspecified,n/a,augmented,SS-SCR-0042,0.000,1.000,07fdcad067672d7685f43ff15e800b2a84a4c322d36d2ab1552f9ed2b6093688,train,tm-v3,offsets are in the preprocessed (trimmed) signal; split inherited from the parent
SS-SCR-0556S1,gtm_samples/panic_scream/SS-SCR-0556S1.wav,Panic Scream,derived:TM window of SS-SCR-0556,https://zenodo.org/record/4060432,CC-BY-4.0,Eduardo Fonseca et al.,2026-09-26,0.580,44100,1,unspecified,,n/a,augmented,SS-SCR-0556,0.000,1.000,2ff57399800c0c58e0f82e7e905e32dcafe07040f2e294779fe7cac06477e672,train,tm-v3,offsets are in the preprocessed (trimmed) signal; split inherited from the parent
SS-SCR-0033S1,gtm_samples/panic_scream/SS-SCR-0033S1.wav,Panic Scream,derived:TM window of SS-SCR-0033,https://freesound.org/s/118521/,CC-BY-3.0,HubOfTheUniverseProd,2026-09-26,1.000,44100,1,unspecified,unspecified,n/a,augmented,SS-SCR-0033,0.500,1.500,8051b04e355edb91318de342e33b87b0d6a85972657f474842abe88c926b1230,train,tm-v3,offsets are in the preprocessed (trimmed) signal; split inherited from the parent
SS-SCR-0506S1,gtm_samples/panic_scream/SS-SCR-0506S1.wav,Panic Scream,derived:TM window of SS-SCR-0506,https://zenodo.org/record/4060432,CC-BY-4.0,Eduardo Fonseca et al.,2026-09-26,1.000,44100,1,unspecified,,n/a,augmented,SS-SCR-0506,1.500,2.500,cf0fecf248ae09f4c6ce5ada85f4536f53576afcf02fc36cb0462c024825dbe2,train,tm-v3,offsets are in the preprocessed (trimmed) signal; split inherited from the parent
SS-SCR-0026S1,gtm_samples/panic_scream/SS-SCR-0026S1.wav,Panic Scream,derived:TM window of SS-SCR-0026,https://freesound.org/s/353086/,CC0-1.0,GreatNate98,2026-09-26,1.000,44100,1,unspecified,unspecified,n/a,augmented,SS-SCR-0026,0.000,1.000,ea8f0e1b9260b71330dc2d836f5bb6946141932ea68b0409c381b27bb4bd3aa4,train,tm-v3,offsets are in the preprocessed (trimmed) signal; split inherited from the parent
SS-SCR-0577S1,gtm_samples/panic_scream/SS-SCR-0577S1.wav,Panic Scream,derived:TM window of SS-SCR-0577,https://zenodo.org/record/4060432,CC-BY-4.0,Eduardo Fonseca et al.,2026-09-26,1.000,44100,1,unspecified,,n/a,augmented,SS-SCR-0577,0.500,1.500,625e690d125bee76bc3aab35a96bce0df6d4babf7f219a830222e18e74c5cdfc,train,tm-v3,offsets are in the preprocessed (trimmed) signal; split inherited from the parent
SS-HAL-0779S1,gtm_samples/person_asking_for_help/SS-HAL-0779S1.wav,Person Asking for Help,derived:TM window of SS-HAL-0779,,CC0-1.0,"sonicsentinel procedural synthesis (pyttsx3 TTS, generate_help_clips.py)",2026-09-26,1.000,44100,1,outdoor,usb_condenser_mic,near,augmented,SS-HAL-0779,0.000,1.000,d323f589632995354d105a1e89e01b72ee741691776d312fc7accfc89b22164d,train,tm-v3,offsets are in the preprocessed (trimmed) signal; split inherited from the parent
SS-HAL-0795S1,gtm_samples/person_asking_for_help/SS-HAL-0795S1.wav,Person Asking for Help,derived:TM window of SS-HAL-0795,,CC0-1.0,"sonicsentinel procedural synthesis (pyttsx3 TTS, generate_help_clips.py)",2026-09-26,1.000,44100,1,indoor,usb_condenser_mic,near,augmented,SS-HAL-0795,0.000,1.000,66a26f87d35acc5519c09454f2b57da2dac007d110232afa92df2afad4fe35a2,train,tm-v3,offsets are in the preprocessed (trimmed) signal; split inherited from the parent
SS-HAL-0768S1,gtm_samples/person_asking_for_help/SS-HAL-0768S1.wav,Person Asking for Help,derived:TM window of SS-HAL-0768,,CC0-1.0,"sonicsentinel procedural synthesis (pyttsx3 TTS, generate_help_clips.py)",2026-09-26,1.000,44100,1,indoor,wristband_mic,near,augmented,SS-HAL-0768,0.000,1.000,b70d2d796387ea88f8175a32b65f061c47c5328d30f2260569e7b134764fb712,train,tm-v3,offsets are in the preprocessed (trimmed) signal; split inherited from the parent
SS-HAL-0776S1,gtm_samples/person_asking_for_help/SS-HAL-0776S1.wav,Person Asking for Help,derived:TM window of SS-HAL-0776,,CC0-1.0,"sonicsentinel procedural synthesis (pyttsx3 TTS, generate_help_clips.py)",2026-09-26,0.967,44100,1,indoor,cctv_mic,near,augmented,SS-HAL-0776,0.000,1.000,806b45a3ea288b03381ac18e52009453c9c2dd7a403f536b964328febbb656c2,train,tm-v3,offsets are in the preprocessed (trimmed) signal; split inherited from the parent
SS-HAL-0766S1,gtm_samples/person_asking_for_help/SS-HAL-0766S1.wav,Person Asking for Help,derived:TM window of SS-HAL-0766,,CC0-1.0,"sonicsentinel procedural synthesis (pyttsx3 TTS, generate_help_clips.py)",2026-09-26,0.994,44100,1,outdoor,usb_condenser_mic,near,augmented,SS-HAL-0766,0.000,1.000,7e06a84dbf70296f7f366f9fec2ab238fc18b921dcb9ace977a26c9fc57b59e2,train,tm-v3,offsets are in the preprocessed (trimmed) signal; split inherited from the parent
SS-HAL-0541S1,gtm_samples/person_asking_for_help/SS-HAL-0541S1.wav,Person Asking for Help,derived:TM window of SS-HAL-0541,,CC0-1.0,"sonicsentinel procedural synthesis (pyttsx3 TTS, generate_help_clips.py)",2026-09-26,1.000,44100,1,indoor,phone_builtin,near,augmented,SS-HAL-0541,0.000,1.000,920f541ccd920895c12b540e8c09cc440cd28b62bb4ecf7b25ff6b0d8c231983,train,tm-v3,offsets are in the preprocessed (trimmed) signal; split inherited from the parent
SS-HAL-0800S1,gtm_samples/person_asking_for_help/SS-HAL-0800S1.wav,Person Asking for Help,derived:TM window of SS-HAL-0800,,CC0-1.0,"sonicsentinel procedural synthesis (pyttsx3 TTS, generate_help_clips.py)",2026-09-26,0.969,44100,1,outdoor,usb_condenser_mic,near,augmented,SS-HAL-0800,0.000,1.000,6923b73f95c40aaf38d0f6d3e6cef2992ce024615b994971bbaae82c02833c12,train,tm-v3,offsets are in the preprocessed (trimmed) signal; split inherited from the parent
SS-HAL-0640S1,gtm_samples/person_asking_for_help/SS-HAL-0640S1.wav,Person Asking for Help,derived:TM window of SS-HAL-0640,,CC0-1.0,"sonicsentinel procedural synthesis (pyttsx3 TTS, generate_help_clips.py)",2026-09-26,1.000,44100,1,outdoor,phone_builtin,near,augmented,SS-HAL-0640,0.500,1.500,b72d541a0a4fc78e8e862e22b07e08a9f322742d731473b5784d0b99b65d26bb,train,tm-v3,offsets are in the preprocessed (trimmed) signal; split inherited from the parent
SS-HAL-0510S1,gtm_samples/person_asking_for_help/SS-HAL-0510S1.wav,Person Asking for Help,derived:TM window of SS-HAL-0510,,CC0-1.0,"sonicsentinel procedural synthesis (pyttsx3 TTS, generate_help_clips.py)",2026-09-26,0.600,44100,1,outdoor,wristband_mic,near,augmented,SS-HAL-0510,0.000,1.000,bf56501279ef7613876a180741651c4e79f1f58c2d995768e7ef9c0fcdddea77,train,tm-v3,offsets are in the preprocessed (trimmed) signal; split inherited from the parent
SS-HAL-0745S1,gtm_samples/person_asking_for_help/SS-HAL-0745S1.wav,Person Asking for Help,derived:TM window of SS-HAL-0745,,CC0-1.0,"sonicsentinel procedural synthesis (pyttsx3 TTS, generate_help_clips.py)",2026-09-26,1.000,44100,1,indoor,usb_condenser_mic,near,augmented,SS-HAL-0745,0.000,1.000,276980ff22cbd7b811301958aa4a199fabdaa5edec2254490a7b012c1b585d2e,train,tm-v3,offsets are in the preprocessed (trimmed) signal; split inherited from the parent
SS-HAL-0604S1,gtm_samples/person_asking_for_help/SS-HAL-0604S1.wav,Person Asking for Help,derived:TM window of SS-HAL-0604,,CC0-1.0,"sonicsentinel procedural synthesis (pyttsx3 TTS, generate_help_clips.py)",2026-09-26,1.000,44100,1,outdoor,usb_condenser_mic,medium,augmented,SS-HAL-0604,0.000,1.000,e8f017be9e2f5f454aba21bc61dd3849ffd7b57c11857b33eb51264f45509d53,train,tm-v3,offsets are in the preprocessed (trimmed) signal; split inherited from the parent
SS-HAL-0524S1,gtm_samples/person_asking_for_help/SS-HAL-0524S1.wav,Person Asking for Help,derived:TM window of SS-HAL-0524,,CC0-1.0,"sonicsentinel procedural synthesis (pyttsx3 TTS, generate_help_clips.py)",2026-09-26,0.808,44100,1,vehicle,phone_builtin,medium,augmented,SS-HAL-0524,0.000,1.000,056b8fa32823904d1f647a0e4416eff2de465b774845e32e239378a319e6fd3c,train,tm-v3,offsets are in the preprocessed (trimmed) signal; split inherited from the parent
SS-HAL-0663S1,gtm_samples/person_asking_for_help/SS-HAL-0663S1.wav,Person Asking for Help,derived:TM window of SS-HAL-0663,,CC0-1.0,"sonicsentinel procedural synthesis (pyttsx3 TTS, generate_help_clips.py)",2026-09-26,1.000,44100,1,outdoor,lavalier_mic,near,augmented,SS-HAL-0663,0.000,1.000,154456b4c464c72622a4f9dc2848dc894acb6817ae29e0c54c69bbc4091146ba,train,tm-v3,offsets are in the preprocessed (trimmed) signal; split inherited from the parent
SS-HAL-0742S1,gtm_samples/person_asking_for_help/SS-HAL-0742S1.wav,Person Asking for Help,derived:TM window of SS-HAL-0742,,CC0-1.0,"sonicsentinel procedural synthesis (pyttsx3 TTS, generate_help_clips.py)",2026-09-26,0.721,44100,1,indoor,phone_builtin,far,augmented,SS-HAL-0742,0.000,1.000,e2359bba4b02ad829fcf06fa4aa36c148cbb6335f17e6e04dd450815ac6ef161,train,tm-v3,offsets are in the preprocessed (trimmed) signal; split inherited from the parent
SS-HAL-0532S1,gtm_samples/person_asking_for_help/SS-HAL-0532S1.wav,Person Asking for Help,derived:TM window of SS-HAL-0532,,CC0-1.0,"sonicsentinel procedural synthesis (pyttsx3 TTS, generate_help_clips.py)",2026-09-26,1.000,44100,1,outdoor,wristband_mic,near,augmented,SS-HAL-0532,0.000,1.000,d40240779bdaea7ad4e6889d71f92f49a2b2c17c5a37c0a049a56dece5869235,train,tm-v3,offsets are in the preprocessed (trimmed) signal; split inherited from the parent
SS-HAL-0591S1,gtm_samples/person_asking_for_help/SS-HAL-0591S1.wav,Person Asking for Help,derived:TM window of SS-HAL-0591,,CC0-1.0,"sonicsentinel procedural synthesis (pyttsx3 TTS, generate_help_clips.py)",2026-09-26,1.000,44100,1,outdoor,wristband_mic,near,augmented,SS-HAL-0591,0.000,1.000,ebc9e5b81c93e68497611057af01b2e695e63e58ad583912fed8c1bc953f39c0,train,tm-v3,offsets are in the preprocessed (trimmed) signal; split inherited from the parent
SS-HAL-0638S1,gtm_samples/person_asking_for_help/SS-HAL-0638S1.wav,Person Asking for Help,derived:TM window of SS-HAL-0638,,CC0-1.0,"sonicsentinel procedural synthesis (pyttsx3 TTS, generate_help_clips.py)",2026-09-26,1.000,44100,1,outdoor,lavalier_mic,near,augmented,SS-HAL-0638,0.000,1.000,e29b4e68173f52913eb4ffa42372b6c8b8c74a239c05d2e834808f9b2e9a7e91,train,tm-v3,offsets are in the preprocessed (trimmed) signal; split inherited from the parent
SS-HAL-0525S1,gtm_samples/person_asking_for_help/SS-HAL-0525S1.wav,Person Asking for Help,derived:TM window of SS-HAL-0525,,CC0-1.0,"sonicsentinel procedural synthesis (pyttsx3 TTS, generate_help_clips.py)",2026-09-26,1.000,44100,1,outdoor,wristband_mic,near,augmented,SS-HAL-0525,0.000,1.000,6aec84354bd761338f5f82b092ca66b017f3921d315c80119b5eab65d6faa2af,train,tm-v3,offsets are in the preprocessed (trimmed) signal; split inherited from the parent
SS-HAL-0709S1,gtm_samples/person_asking_for_help/SS-HAL-0709S1.wav,Person Asking for Help,derived:TM window of SS-HAL-0709,,CC0-1.0,"sonicsentinel procedural synthesis (pyttsx3 TTS, generate_help_clips.py)",2026-09-26,1.000,44100,1,outdoor,phone_builtin,far,augmented,SS-HAL-0709,0.000,1.000,cb6bf4f46a144cdfa800c1b4ed6b08d1e677887369881e9b236900b8681c452a,train,tm-v3,offsets are in the preprocessed (trimmed) signal; split inherited from the parent
SS-HAL-0646S1,gtm_samples/person_asking_for_help/SS-HAL-0646S1.wav,Person Asking for Help,derived:TM window of SS-HAL-0646,,CC0-1.0,"sonicsentinel procedural synthesis (pyttsx3 TTS, generate_help_clips.py)",2026-09-26,0.979,44100,1,indoor,wristband_mic,medium,augmented,SS-HAL-0646,0.000,1.000,f430e2be8859cfa293e10ca20ee6b7017b676a84668d19f104c4fa2e389bfd90,train,tm-v3,offsets are in the preprocessed (trimmed) signal; split inherited from the parent
SS-HAL-0654S1,gtm_samples/person_asking_for_help/SS-HAL-0654S1.wav,Person Asking for Help,derived:TM window of SS-HAL-0654,,CC0-1.0,"sonicsentinel procedural synthesis (pyttsx3 TTS, generate_help_clips.py)",2026-09-26,0.956,44100,1,indoor,usb_condenser_mic,medium,augmented,SS-HAL-0654,0.000,1.000,3a493120a8eec1cbdee27494269bcddf0f920a5f6b7bb9637e32b02c9819c56f,train,tm-v3,offsets are in the preprocessed (trimmed) signal; split inherited from the parent
SS-HAL-0633S1,gtm_samples/person_asking_for_help/SS-HAL-0633S1.wav,Person Asking for Help,derived:TM window of SS-HAL-0633,,CC0-1.0,"sonicsentinel procedural synthesis (pyttsx3 TTS, generate_help_clips.py)",2026-09-26,1.000,44100,1,indoor,tablet_builtin,medium,augmented,SS-HAL-0633,0.000,1.000,e4545a360639a0351c995dbdd7d1f099845ee6f21b444c1b183f9e194f633139,train,tm-v3,offsets are in the preprocessed (trimmed) signal; split inherited from the parent
SS-HAL-0634S1,gtm_samples/person_asking_for_help/SS-HAL-0634S1.wav,Person Asking for Help,derived:TM window of SS-HAL-0634,,CC0-1.0,"sonicsentinel procedural synthesis (pyttsx3 TTS, generate_help_clips.py)",2026-09-26,1.000,44100,1,outdoor,usb_condenser_mic,medium,augmented,SS-HAL-0634,0.000,1.000,92d309f155a84473d364f3edca2babd6a4218072866bc28049f0823c48fb8b2b,train,tm-v3,offsets are in the preprocessed (trimmed) signal; split inherited from the parent
SS-HAL-0773S1,gtm_samples/person_asking_for_help/SS-HAL-0773S1.wav,Person Asking for Help,derived:TM window of SS-HAL-0773,,CC0-1.0,"sonicsentinel procedural synthesis (pyttsx3 TTS, generate_help_clips.py)",2026-09-26,1.000,44100,1,outdoor,cctv_mic,medium,augmented,SS-HAL-0773,0.000,1.000,3e23e78d0137721a14bd20d8c8f8aebe5a114edb29f9818b39621e13d31078a4,train,tm-v3,offsets are in the preprocessed (trimmed) signal; split inherited from the parent
SS-HAL-0677S1,gtm_samples/person_asking_for_help/SS-HAL-0677S1.wav,Person Asking for Help,derived:TM window of SS-HAL-0677,,CC0-1.0,"sonicsentinel procedural synthesis (pyttsx3 TTS, generate_help_clips.py)",2026-09-26,1.000,44100,1,indoor,wristband_mic,far,augmented,SS-HAL-0677,0.000,1.000,f422c963ed8d7f72f6a82939a83e47f1e2895ccddd062b75551858da79d66d0d,train,tm-v3,offsets are in the preprocessed (trimmed) signal; split inherited from the parent
SS-HAL-0559S1,gtm_samples/person_asking_for_help/SS-HAL-0559S1.wav,Person Asking for Help,derived:TM window of SS-HAL-0559,,CC0-1.0,"sonicsentinel procedural synthesis (pyttsx3 TTS, generate_help_clips.py)",2026-09-26,1.000,44100,1,vehicle,tablet_builtin,medium,augmented,SS-HAL-0559,0.000,1.000,4ff0c611375677f965a5a7c6ad23262d4eb6eb2c8b4124037f73ec375a0c8f60,train,tm-v3,offsets are in the preprocessed (trimmed) signal; split inherited from the parent
SS-HAL-0692S1,gtm_samples/person_asking_for_help/SS-HAL-0692S1.wav,Person Asking for Help,derived:TM window of SS-HAL-0692,,CC0-1.0,"sonicsentinel procedural synthesis (pyttsx3 TTS, generate_help_clips.py)",2026-09-26,1.000,44100,1,indoor,cctv_mic,near,augmented,SS-HAL-0692,0.500,1.500,3cb660daba38c3650b4519d946672cebc27ada2af27d03597625664af530de40,train,tm-v3,offsets are in the preprocessed (trimmed) signal; split inherited from the parent
SS-HAL-0647S1,gtm_samples/person_asking_for_help/SS-HAL-0647S1.wav,Person Asking for Help,derived:TM window of SS-HAL-0647,,CC0-1.0,"sonicsentinel procedural synthesis (pyttsx3 TTS, generate_help_clips.py)",2026-09-26,0.639,44100,1,outdoor,usb_condenser_mic,medium,augmented,SS-HAL-0647,0.000,1.000,0f5ae93a6b330b719f3bec9cb20229a9d27843380e38d5996cbf8a1062088333,train,tm-v3,offsets are in the preprocessed (trimmed) signal; split inherited from the parent
SS-HAL-0735S1,gtm_samples/person_asking_for_help/SS-HAL-0735S1.wav,Person Asking for Help,derived:TM window of SS-HAL-0735,,CC0-1.0,"sonicsentinel procedural synthesis (pyttsx3 TTS, generate_help_clips.py)",2026-09-26,1.000,44100,1,indoor,tablet_builtin,near,augmented,SS-HAL-0735,0.000,1.000,08c1683ef9bd38c43f7944d2248cd0e76eed760b147bf3a4d2da81890bb45745,train,tm-v3,offsets are in the preprocessed (trimmed) signal; split inherited from the parent
SS-HAL-0583S1,gtm_samples/person_asking_for_help/SS-HAL-0583S1.wav,Person Asking for Help,derived:TM window of SS-HAL-0583,,CC0-1.0,"sonicsentinel procedural synthesis (pyttsx3 TTS, generate_help_clips.py)",2026-09-26,0.970,44100,1,outdoor,wristband_mic,near,augmented,SS-HAL-0583,0.000,1.000,52489aaafa5ec40528ba50810e424a4e0228f6d30bdd1af1b3f68b740d9e1b07,train,tm-v3,offsets are in the preprocessed (trimmed) signal; split inherited from the parent
SS-HAL-0751S1,gtm_samples/person_asking_for_help/SS-HAL-0751S1.wav,Person Asking for Help,derived:TM window of SS-HAL-0751,,CC0-1.0,"sonicsentinel procedural synthesis (pyttsx3 TTS, generate_help_clips.py)",2026-09-26,0.978,44100,1,indoor,wristband_mic,far,augmented,SS-HAL-0751,0.000,1.000,6defe2862d4b6b51de96f1f5063f746f99186a511a4e4da10bf9c1d34d52e41b,train,tm-v3,offsets are in the preprocessed (trimmed) signal; split inherited from the parent
SS-HAL-0651S1,gtm_samples/person_asking_for_help/SS-HAL-0651S1.wav,Person Asking for Help,derived:TM window of SS-HAL-0651,,CC0-1.0,"sonicsentinel procedural synthesis (pyttsx3 TTS, generate_help_clips.py)",2026-09-26,0.930,44100,1,indoor,tablet_builtin,near,augmented,SS-HAL-0651,0.000,1.000,3402a6fa2ad69c0001890bb52502fe6b2f833a634bcffec5fa493e8312a6976d,train,tm-v3,offsets are in the preprocessed (trimmed) signal; split inherited from the parent
SS-HAL-0738S1,gtm_samples/person_asking_for_help/SS-HAL-0738S1.wav,Person Asking for Help,derived:TM window of SS-HAL-0738,,CC0-1.0,"sonicsentinel procedural synthesis (pyttsx3 TTS, generate_help_clips.py)",2026-09-26,1.000,44100,1,outdoor,wristband_mic,medium,augmented,SS-HAL-0738,0.000,1.000,e8e71a421620ee5a87481d79979bb2e877bab79e7c2ca2eea9b44b1f466f31a1,train,tm-v3,offsets are in the preprocessed (trimmed) signal; split inherited from the parent
SS-HAL-0725S1,gtm_samples/person_asking_for_help/SS-HAL-0725S1.wav,Person Asking for Help,derived:TM window of SS-HAL-0725,,CC0-1.0,"sonicsentinel procedural synthesis (pyttsx3 TTS, generate_help_clips.py)",2026-09-26,1.000,44100,1,outdoor,cctv_mic,near,augmented,SS-HAL-0725,0.000,1.000,7fce7c51f84d155903b18455f9c6ff2dd2a5fe7a717d73898f8ec7601b3b4ad7,train,tm-v3,offsets are in the preprocessed (trimmed) signal; split inherited from the parent
SS-HAL-0763S1,gtm_samples/person_asking_for_help/SS-HAL-0763S1.wav,Person Asking for Help,derived:TM window of SS-HAL-0763,,CC0-1.0,"sonicsentinel procedural synthesis (pyttsx3 TTS, generate_help_clips.py)",2026-09-26,1.000,44100,1,outdoor,usb_condenser_mic,near,augmented,SS-HAL-0763,0.000,1.000,6a6444e6d3707363eb5c2a88201b68b0ac6c536b22f4486e86743513acbbf80e,train,tm-v3,offsets are in the preprocessed (trimmed) signal; split inherited from the parent
SS-HAL-0748S1,gtm_samples/person_asking_for_help/SS-HAL-0748S1.wav,Person Asking for Help,derived:TM window of SS-HAL-0748,,CC0-1.0,"sonicsentinel procedural synthesis (pyttsx3 TTS, generate_help_clips.py)",2026-09-26,1.000,44100,1,vehicle,cctv_mic,near,augmented,SS-HAL-0748,0.000,1.000,0d65e9d80cb69028108f4176eba82d56e51fa928e57fca69926985326473aec8,train,tm-v3,offsets are in the preprocessed (trimmed) signal; split inherited from the parent
SS-HAL-0754S1,gtm_samples/person_asking_for_help/SS-HAL-0754S1.wav,Person Asking for Help,derived:TM window of SS-HAL-0754,,CC0-1.0,"sonicsentinel procedural synthesis (pyttsx3 TTS, generate_help_clips.py)",2026-09-26,1.000,44100,1,indoor,wristband_mic,far,augmented,SS-HAL-0754,1.000,2.000,b2ff2e8093fc90e185220afe3f09f9c524dcd63b4a51e708d00dfd750c98421e,train,tm-v3,offsets are in the preprocessed (trimmed) signal; split inherited from the parent
SS-HAL-0588S1,gtm_samples/person_asking_for_help/SS-HAL-0588S1.wav,Person Asking for Help,derived:TM window of SS-HAL-0588,,CC0-1.0,"sonicsentinel procedural synthesis (pyttsx3 TTS, generate_help_clips.py)",2026-09-26,0.942,44100,1,outdoor,phone_builtin,near,augmented,SS-HAL-0588,0.000,1.000,6ec20a342a8a3f972ed570c95caf2cf5a255f7db33b5a18f6c2d9bcfe49314cc,train,tm-v3,offsets are in the preprocessed (trimmed) signal; split inherited from the parent
SS-HAL-0761S1,gtm_samples/person_asking_for_help/SS-HAL-0761S1.wav,Person Asking for Help,derived:TM window of SS-HAL-0761,,CC0-1.0,"sonicsentinel procedural synthesis (pyttsx3 TTS, generate_help_clips.py)",2026-09-26,0.910,44100,1,outdoor,usb_condenser_mic,far,augmented,SS-HAL-0761,0.000,1.000,f016aad44bcdfd49ab5faae5c0e2ff3cc127d1625e37735e08fcb0bc06fb1898,train,tm-v3,offsets are in the preprocessed (trimmed) signal; split inherited from the parent
SS-HAL-0698S1,gtm_samples/person_asking_for_help/SS-HAL-0698S1.wav,Person Asking for Help,derived:TM window of SS-HAL-0698,,CC0-1.0,"sonicsentinel procedural synthesis (pyttsx3 TTS, generate_help_clips.py)",2026-09-26,0.775,44100,1,indoor,lavalier_mic,near,augmented,SS-HAL-0698,0.000,1.000,62bd4a3643ce3594d930f9cebd640a25de3d7337c562e25ac77bea408aeee665,train,tm-v3,offsets are in the preprocessed (trimmed) signal; split inherited from the parent
SS-HAL-0596S1,gtm_samples/person_asking_for_help/SS-HAL-0596S1.wav,Person Asking for Help,derived:TM window of SS-HAL-0596,,CC0-1.0,"sonicsentinel procedural synthesis (pyttsx3 TTS, generate_help_clips.py)",2026-09-26,1.000,44100,1,outdoor,wristband_mic,near,augmented,SS-HAL-0596,0.000,1.000,1addd2a1b55b8487b64434a6fd8213dd88d56ef06735c6b0750dd7e991ad45f1,train,tm-v3,offsets are in the preprocessed (trimmed) signal; split inherited from the parent
SS-HAL-0631S1,gtm_samples/person_asking_for_help/SS-HAL-0631S1.wav,Person Asking for Help,derived:TM window of SS-HAL-0631,,CC0-1.0,"sonicsentinel procedural synthesis (pyttsx3 TTS, generate_help_clips.py)",2026-09-26,1.000,44100,1,indoor,cctv_mic,medium,augmented,SS-HAL-0631,0.000,1.000,e280176bfbab3b0134e4359ab19a56b04f480a6065c1d732a479ddf016a5aa34,train,tm-v3,offsets are in the preprocessed (trimmed) signal; split inherited from the parent
SS-HAL-0737S1,gtm_samples/person_asking_for_help/SS-HAL-0737S1.wav,Person Asking for Help,derived:TM window of SS-HAL-0737,,CC0-1.0,"sonicsentinel procedural synthesis (pyttsx3 TTS, generate_help_clips.py)",2026-09-26,0.931,44100,1,outdoor,lavalier_mic,medium,augmented,SS-HAL-0737,0.000,1.000,a92e493cc30fbf939a4cbbff77bb9c60252d134d41ace9274d426778f7c181d4,train,tm-v3,offsets are in the preprocessed (trimmed) signal; split inherited from the parent
SS-HAL-0730S1,gtm_samples/person_asking_for_help/SS-HAL-0730S1.wav,Person Asking for Help,derived:TM window of SS-HAL-0730,,CC0-1.0,"sonicsentinel procedural synthesis (pyttsx3 TTS, generate_help_clips.py)",2026-09-26,1.000,44100,1,outdoor,usb_condenser_mic,medium,augmented,SS-HAL-0730,0.000,1.000,be795157dd4401332a189f489d07136adc74639315f17a0e432be0f9e8480c40,train,tm-v3,offsets are in the preprocessed (trimmed) signal; split inherited from the parent
SS-HAL-0613S1,gtm_samples/person_asking_for_help/SS-HAL-0613S1.wav,Person Asking for Help,derived:TM window of SS-HAL-0613,,CC0-1.0,"sonicsentinel procedural synthesis (pyttsx3 TTS, generate_help_clips.py)",2026-09-26,1.000,44100,1,indoor,tablet_builtin,medium,augmented,SS-HAL-0613,0.000,1.000,aed26728aaaf808290df36754de822645be9f0396592b001e17a0e8a1275380e,train,tm-v3,offsets are in the preprocessed (trimmed) signal; split inherited from the parent
SS-HAL-0690S1,gtm_samples/person_asking_for_help/SS-HAL-0690S1.wav,Person Asking for Help,derived:TM window of SS-HAL-0690,,CC0-1.0,"sonicsentinel procedural synthesis (pyttsx3 TTS, generate_help_clips.py)",2026-09-26,1.000,44100,1,outdoor,phone_builtin,near,augmented,SS-HAL-0690,0.000,1.000,014076437f53ada71258365b71b4ed320f3cbaa209383f7a06828c7b706d6215,train,tm-v3,offsets are in the preprocessed (trimmed) signal; split inherited from the parent
SS-HAL-0736S1,gtm_samples/person_asking_for_help/SS-HAL-0736S1.wav,Person Asking for Help,derived:TM window of SS-HAL-0736,,CC0-1.0,"sonicsentinel procedural synthesis (pyttsx3 TTS, generate_help_clips.py)",2026-09-26,1.000,44100,1,outdoor,wristband_mic,near,augmented,SS-HAL-0736,0.500,1.500,a357599374c957c9138859cd404e64d76ce57f11a46de35709cb79a7a399c774,train,tm-v3,offsets are in the preprocessed (trimmed) signal; split inherited from the parent
SS-HAL-0533S1,gtm_samples/person_asking_for_help/SS-HAL-0533S1.wav,Person Asking for Help,derived:TM window of SS-HAL-0533,,CC0-1.0,"sonicsentinel procedural synthesis (pyttsx3 TTS, generate_help_clips.py)",2026-09-26,1.000,44100,1,indoor,phone_builtin,medium,augmented,SS-HAL-0533,0.500,1.500,67ef88e01032404ab0906f2eba779379255152c441fbef6b398c704266ec62e2,train,tm-v3,offsets are in the preprocessed (trimmed) signal; split inherited from the parent
SS-HAL-0593S1,gtm_samples/person_asking_for_help/SS-HAL-0593S1.wav,Person Asking for Help,derived:TM window of SS-HAL-0593,,CC0-1.0,"sonicsentinel procedural synthesis (pyttsx3 TTS, generate_help_clips.py)",2026-09-26,0.758,44100,1,indoor,wristband_mic,medium,augmented,SS-HAL-0593,0.000,1.000,29ea945ff2d937b8428417450f1819e56901cf778066c23c9d2ce2ac7c4d7619,train,tm-v3,offsets are in the preprocessed (trimmed) signal; split inherited from the parent
SS-HAL-0756S1,gtm_samples/person_asking_for_help/SS-HAL-0756S1.wav,Person Asking for Help,derived:TM window of SS-HAL-0756,,CC0-1.0,"sonicsentinel procedural synthesis (pyttsx3 TTS, generate_help_clips.py)",2026-09-26,1.000,44100,1,outdoor,lavalier_mic,near,augmented,SS-HAL-0756,0.000,1.000,183d7a888d8f98713d8f4a65415ad9a8a3c40302ad42d08a1db854fadffcba9c,train,tm-v3,offsets are in the preprocessed (trimmed) signal; split inherited from the parent
SS-HAL-0621S1,gtm_samples/person_asking_for_help/SS-HAL-0621S1.wav,Person Asking for Help,derived:TM window of SS-HAL-0621,,CC0-1.0,"sonicsentinel procedural synthesis (pyttsx3 TTS, generate_help_clips.py)",2026-09-26,1.000,44100,1,indoor,phone_builtin,near,augmented,SS-HAL-0621,0.000,1.000,1e23375262c928b4d901b3f4285550e368da5c791fb72a734df5038a21761ef8,train,tm-v3,offsets are in the preprocessed (trimmed) signal; split inherited from the parent
SS-HAL-0759S1,gtm_samples/person_asking_for_help/SS-HAL-0759S1.wav,Person Asking for Help,derived:TM window of SS-HAL-0759,,CC0-1.0,"sonicsentinel procedural synthesis (pyttsx3 TTS, generate_help_clips.py)",2026-09-26,1.000,44100,1,vehicle,tablet_builtin,medium,augmented,SS-HAL-0759,1.000,2.000,c29ac8020df95ae3c6a0a460384e14a875f519c6e40293eec4663dbc9bd9743a,train,tm-v3,offsets are in the preprocessed (trimmed) signal; split inherited from the parent
SS-HAL-0557S1,gtm_samples/person_asking_for_help/SS-HAL-0557S1.wav,Person Asking for Help,derived:TM window of SS-HAL-0557,,CC0-1.0,"sonicsentinel procedural synthesis (pyttsx3 TTS, generate_help_clips.py)",2026-09-26,1.000,44100,1,indoor,lavalier_mic,near,augmented,SS-HAL-0557,0.000,1.000,0f358160af3ee47bbc4104cd7a023f6479bc6e17bbefcf74ee0342e9543dbcae,train,tm-v3,offsets are in the preprocessed (trimmed) signal; split inherited from the parent
SS-HAL-0757S1,gtm_samples/person_asking_for_help/SS-HAL-0757S1.wav,Person Asking for Help,derived:TM window of SS-HAL-0757,,CC0-1.0,"sonicsentinel procedural synthesis (pyttsx3 TTS, generate_help_clips.py)",2026-09-26,1.000,44100,1,outdoor,cctv_mic,medium,augmented,SS-HAL-0757,0.000,1.000,f4ad11cef4cf9802912ea67126ac258c60d903d9edaec224549cbbf4e7ad7407,train,tm-v3,offsets are in the preprocessed (trimmed) signal; split inherited from the parent
SS-HAL-0639S1,gtm_samples/person_asking_for_help/SS-HAL-0639S1.wav,Person Asking for Help,derived:TM window of SS-HAL-0639,,CC0-1.0,"sonicsentinel procedural synthesis (pyttsx3 TTS, generate_help_clips.py)",2026-09-26,1.000,44100,1,vehicle,wristband_mic,near,augmented,SS-HAL-0639,0.000,1.000,c5c595b7ae31029668622e1d6ac7d8fd1a344b57a5be44a0f8fdd20984b616fc,train,tm-v3,offsets are in the preprocessed (trimmed) signal; split inherited from the parent
SS-HAL-0565S1,gtm_samples/person_asking_for_help/SS-HAL-0565S1.wav,Person Asking for Help,derived:TM window of SS-HAL-0565,,CC0-1.0,"sonicsentinel procedural synthesis (pyttsx3 TTS, generate_help_clips.py)",2026-09-26,1.000,44100,1,outdoor,lavalier_mic,near,augmented,SS-HAL-0565,0.000,1.000,5f98b668649eff339844af69c69c73b94eee7b3a45a15cec4c4ff23e99922285,train,tm-v3,offsets are in the preprocessed (trimmed) signal; split inherited from the parent
SS-HAL-0685S1,gtm_samples/person_asking_for_help/SS-HAL-0685S1.wav,Person Asking for Help,derived:TM window of SS-HAL-0685,,CC0-1.0,"sonicsentinel procedural synthesis (pyttsx3 TTS, generate_help_clips.py)",2026-09-26,1.000,44100,1,outdoor,lavalier_mic,near,augmented,SS-HAL-0685,0.000,1.000,def2aa36b51c7f042e81e77771163b445373d8bd422d44d73db0e957fb01d194,train,tm-v3,offsets are in the preprocessed (trimmed) signal; split inherited from the parent
SS-HAL-0713S1,gtm_samples/person_asking_for_help/SS-HAL-0713S1.wav,Person Asking for Help,derived:TM window of SS-HAL-0713,,CC0-1.0,"sonicsentinel procedural synthesis (pyttsx3 TTS, generate_help_clips.py)",2026-09-26,1.000,44100,1,indoor,tablet_builtin,medium,augmented,SS-HAL-0713,0.000,1.000,f17d5d9ba89f757cad729e051b2adc3b8281829a55154046ddf0ba52104cdc30,train,tm-v3,offsets are in the preprocessed (trimmed) signal; split inherited from the parent
SS-HAL-0520S1,gtm_samples/person_asking_for_help/SS-HAL-0520S1.wav,Person Asking for Help,derived:TM window of SS-HAL-0520,,CC0-1.0,"sonicsentinel procedural synthesis (pyttsx3 TTS, generate_help_clips.py)",2026-09-26,1.000,44100,1,indoor,wristband_mic,medium,augmented,SS-HAL-0520,1.000,2.000,25a8276d301d8436dd79ad3087339e828010f52bc08d54ed673e98fe90bd8591,train,tm-v3,offsets are in the preprocessed (trimmed) signal; split inherited from the parent
SS-HAL-0682S1,gtm_samples/person_asking_for_help/SS-HAL-0682S1.wav,Person Asking for Help,derived:TM window of SS-HAL-0682,,CC0-1.0,"sonicsentinel procedural synthesis (pyttsx3 TTS, generate_help_clips.py)",2026-09-26,1.000,44100,1,outdoor,usb_condenser_mic,near,augmented,SS-HAL-0682,0.000,1.000,722c57f09f49fac2f836ab5da22fff3171b2e23f246c4fab24831a2bcc96b4ea,train,tm-v3,offsets are in the preprocessed (trimmed) signal; split inherited from the parent
SS-HAL-0786S1,gtm_samples/person_asking_for_help/SS-HAL-0786S1.wav,Person Asking for Help,derived:TM window of SS-HAL-0786,,CC0-1.0,"sonicsentinel procedural synthesis (pyttsx3 TTS, generate_help_clips.py)",2026-09-26,1.000,44100,1,outdoor,tablet_builtin,medium,augmented,SS-HAL-0786,0.000,1.000,67178ba6c5ea57c9cef444bf7eebe22be6b25e3bdb27bb19a4c6c843235dcc43,train,tm-v3,offsets are in the preprocessed (trimmed) signal; split inherited from the parent
SS-HAL-0687S1,gtm_samples/person_asking_for_help/SS-HAL-0687S1.wav,Person Asking for Help,derived:TM window of SS-HAL-0687,,CC0-1.0,"sonicsentinel procedural synthesis (pyttsx3 TTS, generate_help_clips.py)",2026-09-26,1.000,44100,1,outdoor,tablet_builtin,near,augmented,SS-HAL-0687,0.000,1.000,c32bbbaba7a2275f576e85c4d81b6ed744d149508eea02960c618d04c68d6510,train,tm-v3,offsets are in the preprocessed (trimmed) signal; split inherited from the parent
SS-HAL-0695S1,gtm_samples/person_asking_for_help/SS-HAL-0695S1.wav,Person Asking for Help,derived:TM window of SS-HAL-0695,,CC0-1.0,"sonicsentinel procedural synthesis (pyttsx3 TTS, generate_help_clips.py)",2026-09-26,0.730,44100,1,indoor,lavalier_mic,medium,augmented,SS-HAL-0695,0.000,1.000,a90f3a7568d5d48f5afd89bd2df23b1dcb38ab5d0bf393572a6e37a7b465feeb,train,tm-v3,offsets are in the preprocessed (trimmed) signal; split inherited from the parent
SS-HAL-0734S1,gtm_samples/person_asking_for_help/SS-HAL-0734S1.wav,Person Asking for Help,derived:TM window of SS-HAL-0734,,CC0-1.0,"sonicsentinel procedural synthesis (pyttsx3 TTS, generate_help_clips.py)",2026-09-26,1.000,44100,1,outdoor,tablet_builtin,medium,augmented,SS-HAL-0734,0.000,1.000,ef6db87cbb14b182695de8fd8d934d7304f345b8819af1558680756aa3d0cc1a,train,tm-v3,offsets are in the preprocessed (trimmed) signal; split inherited from the parent
SS-HAL-0732S1,gtm_samples/person_asking_for_help/SS-HAL-0732S1.wav,Person Asking for Help,derived:TM window of SS-HAL-0732,,CC0-1.0,"sonicsentinel procedural synthesis (pyttsx3 TTS, generate_help_clips.py)",2026-09-26,1.000,44100,1,indoor,cctv_mic,near,augmented,SS-HAL-0732,0.000,1.000,801ae6c941cbd9380faab5e8a56458b023828fc9fe107c02f5338d545c8048e1,train,tm-v3,offsets are in the preprocessed (trimmed) signal; split inherited from the parent
SS-HAL-0675S1,gtm_samples/person_asking_for_help/SS-HAL-0675S1.wav,Person Asking for Help,derived:TM window of SS-HAL-0675,,CC0-1.0,"sonicsentinel procedural synthesis (pyttsx3 TTS, generate_help_clips.py)",2026-09-26,0.600,44100,1,outdoor,cctv_mic,medium,augmented,SS-HAL-0675,0.000,1.000,44b8d9c582a0c289d069db871b75f7ffe1922f862e6772f7ccd3cf14b2de4985,train,tm-v3,offsets are in the preprocessed (trimmed) signal; split inherited from the parent
SS-HAL-0615S1,gtm_samples/person_asking_for_help/SS-HAL-0615S1.wav,Person Asking for Help,derived:TM window of SS-HAL-0615,,CC0-1.0,"sonicsentinel procedural synthesis (pyttsx3 TTS, generate_help_clips.py)",2026-09-26,1.000,44100,1,indoor,phone_builtin,medium,augmented,SS-HAL-0615,0.500,1.500,f6e67d73277d6c34adb6a35eecc850e61a6e60e1f9d87a930d9f938746ce2527,train,tm-v3,offsets are in the preprocessed (trimmed) signal; split inherited from the parent
SS-HAL-0688S1,gtm_samples/person_asking_for_help/SS-HAL-0688S1.wav,Person Asking for Help,derived:TM window of SS-HAL-0688,,CC0-1.0,"sonicsentinel procedural synthesis (pyttsx3 TTS, generate_help_clips.py)",2026-09-26,1.000,44100,1,outdoor,tablet_builtin,near,augmented,SS-HAL-0688,0.000,1.000,4b3a82ddebb8824e7504b0482e91a078c858086b3017c5df72efdce5ca8a5e6e,train,tm-v3,offsets are in the preprocessed (trimmed) signal; split inherited from the parent
SS-HAL-0733S1,gtm_samples/person_asking_for_help/SS-HAL-0733S1.wav,Person Asking for Help,derived:TM window of SS-HAL-0733,,CC0-1.0,"sonicsentinel procedural synthesis (pyttsx3 TTS, generate_help_clips.py)",2026-09-26,0.939,44100,1,vehicle,usb_condenser_mic,near,augmented,SS-HAL-0733,0.000,1.000,41d50f9ce3ddee94995653f3d22200ac39ce7fe7d85af53f110048901976713f,train,tm-v3,offsets are in the preprocessed (trimmed) signal; split inherited from the parent
SS-HAL-0617S1,gtm_samples/person_asking_for_help/SS-HAL-0617S1.wav,Person Asking for Help,derived:TM window of SS-HAL-0617,,CC0-1.0,"sonicsentinel procedural synthesis (pyttsx3 TTS, generate_help_clips.py)",2026-09-26,1.000,44100,1,outdoor,phone_builtin,near,augmented,SS-HAL-0617,0.000,1.000,d44705a29214d861209c959b304c8ff87dbb65f40df3b32736a5bbf7f00d60de,train,tm-v3,offsets are in the preprocessed (trimmed) signal; split inherited from the parent
SS-HAL-0544S1,gtm_samples/person_asking_for_help/SS-HAL-0544S1.wav,Person Asking for Help,derived:TM window of SS-HAL-0544,,CC0-1.0,"sonicsentinel procedural synthesis (pyttsx3 TTS, generate_help_clips.py)",2026-09-26,1.000,44100,1,indoor,cctv_mic,near,augmented,SS-HAL-0544,0.000,1.000,cfa6721085f51c667efc50c836b507542f9bc758608f12b7e10e55e9b3a7508f,train,tm-v3,offsets are in the preprocessed (trimmed) signal; split inherited from the parent
SS-HAL-0668S1,gtm_samples/person_asking_for_help/SS-HAL-0668S1.wav,Person Asking for Help,derived:TM window of SS-HAL-0668,,CC0-1.0,"sonicsentinel procedural synthesis (pyttsx3 TTS, generate_help_clips.py)",2026-09-26,1.000,44100,1,outdoor,wristband_mic,far,augmented,SS-HAL-0668,0.000,1.000,44428b5bc6f4acae5d42f7c547966dd752dea3601b09ce4b747c2e3fea8de6bc,train,tm-v3,offsets are in the preprocessed (trimmed) signal; split inherited from the parent
SS-HAL-0626S1,gtm_samples/person_asking_for_help/SS-HAL-0626S1.wav,Person Asking for Help,derived:TM window of SS-HAL-0626,,CC0-1.0,"sonicsentinel procedural synthesis (pyttsx3 TTS, generate_help_clips.py)",2026-09-26,0.706,44100,1,indoor,wristband_mic,medium,augmented,SS-HAL-0626,0.000,1.000,6d26a4911c9b6067868a21df9815bd480d1f0c0f3903a2b4cc99e558164d00e0,train,tm-v3,offsets are in the preprocessed (trimmed) signal; split inherited from the parent
SS-HAL-0562S1,gtm_samples/person_asking_for_help/SS-HAL-0562S1.wav,Person Asking for Help,derived:TM window of SS-HAL-0562,,CC0-1.0,"sonicsentinel procedural synthesis (pyttsx3 TTS, generate_help_clips.py)",2026-09-26,1.000,44100,1,outdoor,usb_condenser_mic,medium,augmented,SS-HAL-0562,0.000,1.000,7d3f7c58c3c7f0517882fe6898484b27aafd8b092410c78f59e9152a9f79671d,train,tm-v3,offsets are in the preprocessed (trimmed) signal; split inherited from the parent
SS-HAL-0780S1,gtm_samples/person_asking_for_help/SS-HAL-0780S1.wav,Person Asking for Help,derived:TM window of SS-HAL-0780,,CC0-1.0,"sonicsentinel procedural synthesis (pyttsx3 TTS, generate_help_clips.py)",2026-09-26,0.695,44100,1,outdoor,phone_builtin,near,augmented,SS-HAL-0780,0.000,1.000,121a75e853d5affc516765f20f3a678075729f4e188f5b3f0c954ad4fc6d3ed4,train,tm-v3,offsets are in the preprocessed (trimmed) signal; split inherited from the parent
SS-HAL-0554S1,gtm_samples/person_asking_for_help/SS-HAL-0554S1.wav,Person Asking for Help,derived:TM window of SS-HAL-0554,,CC0-1.0,"sonicsentinel procedural synthesis (pyttsx3 TTS, generate_help_clips.py)",2026-09-26,0.620,44100,1,indoor,usb_condenser_mic,medium,augmented,SS-HAL-0554,0.000,1.000,5ed650aee2eaf3b2eef093d07a6f856cee9c7a429bd483fb44d970ad3c1a7576,train,tm-v3,offsets are in the preprocessed (trimmed) signal; split inherited from the parent
SS-HAL-0517S1,gtm_samples/person_asking_for_help/SS-HAL-0517S1.wav,Person Asking for Help,derived:TM window of SS-HAL-0517,,CC0-1.0,"sonicsentinel procedural synthesis (pyttsx3 TTS, generate_help_clips.py)",2026-09-26,1.000,44100,1,indoor,cctv_mic,far,augmented,SS-HAL-0517,0.000,1.000,7c27bb20c42261f4b254c0134a3d85d503ad4d0a472577b5795af18921cf46db,train,tm-v3,offsets are in the preprocessed (trimmed) signal; split inherited from the parent
SS-HAL-0642S1,gtm_samples/person_asking_for_help/SS-HAL-0642S1.wav,Person Asking for Help,derived:TM window of SS-HAL-0642,,CC0-1.0,"sonicsentinel procedural synthesis (pyttsx3 TTS, generate_help_clips.py)",2026-09-26,1.000,44100,1,outdoor,usb_condenser_mic,near,augmented,SS-HAL-0642,0.000,1.000,79de37e4a539447db96345f7a446e5555b36756e67b7b36570ba2216f13d97e2,train,tm-v3,offsets are in the preprocessed (trimmed) signal; split inherited from the parent
SS-HAL-0700S1,gtm_samples/person_asking_for_help/SS-HAL-0700S1.wav,Person Asking for Help,derived:TM window of SS-HAL-0700,,CC0-1.0,"sonicsentinel procedural synthesis (pyttsx3 TTS, generate_help_clips.py)",2026-09-26,1.000,44100,1,indoor,lavalier_mic,medium,augmented,SS-HAL-0700,0.000,1.000,2719523ef4663e634d2085d53a5b4412f1ce665deccb2b1632d491bc76eca636,train,tm-v3,offsets are in the preprocessed (trimmed) signal; split inherited from the parent
SS-HAL-0747S1,gtm_samples/person_asking_for_help/SS-HAL-0747S1.wav,Person Asking for Help,derived:TM window of SS-HAL-0747,,CC0-1.0,"sonicsentinel procedural synthesis (pyttsx3 TTS, generate_help_clips.py)",2026-09-26,0.853,44100,1,vehicle,lavalier_mic,far,augmented,SS-HAL-0747,0.000,1.000,bcca0c66d056b4f2088bf83970e97bc3efc68271ebf0b0363d686cbea457554b,train,tm-v3,offsets are in the preprocessed (trimmed) signal; split inherited from the parent
SS-HAL-0765S1,gtm_samples/person_asking_for_help/SS-HAL-0765S1.wav,Person Asking for Help,derived:TM window of SS-HAL-0765,,CC0-1.0,"sonicsentinel procedural synthesis (pyttsx3 TTS, generate_help_clips.py)",2026-09-26,1.000,44100,1,outdoor,phone_builtin,far,augmented,SS-HAL-0765,0.000,1.000,223c1e6c4f276200792c72074843532f3f5c461f80405bd0a0f9cd8813989699,train,tm-v3,offsets are in the preprocessed (trimmed) signal; split inherited from the parent
SS-HAL-0531S1,gtm_samples/person_asking_for_help/SS-HAL-0531S1.wav,Person Asking for Help,derived:TM window of SS-HAL-0531,,CC0-1.0,"sonicsentinel procedural synthesis (pyttsx3 TTS, generate_help_clips.py)",2026-09-26,0.611,44100,1,indoor,tablet_builtin,near,augmented,SS-HAL-0531,0.000,1.000,1e0a47c236b1722fc5ac376c1d6dc087c1ff023c5e927ba1ffcf2cc233a42ac1,train,tm-v3,offsets are in the preprocessed (trimmed) signal; split inherited from the parent
SS-HAL-0708S1,gtm_samples/person_asking_for_help/SS-HAL-0708S1.wav,Person Asking for Help,derived:TM window of SS-HAL-0708,,CC0-1.0,"sonicsentinel procedural synthesis (pyttsx3 TTS, generate_help_clips.py)",2026-09-26,0.992,44100,1,indoor,wristband_mic,medium,augmented,SS-HAL-0708,0.000,1.000,74d24fd1f2afb1c94b2894f6d6cdab7b6ca57608778f45769e7b317f0516cb1b,train,tm-v3,offsets are in the preprocessed (trimmed) signal; split inherited from the parent
SS-HAL-0630S1,gtm_samples/person_asking_for_help/SS-HAL-0630S1.wav,Person Asking for Help,derived:TM window of SS-HAL-0630,,CC0-1.0,"sonicsentinel procedural synthesis (pyttsx3 TTS, generate_help_clips.py)",2026-09-26,0.627,44100,1,indoor,phone_builtin,near,augmented,SS-HAL-0630,0.000,1.000,3480c951bb26dff1d6fd5b092dfd67a966b0e18c1fa529734420637c6799ba4b,train,tm-v3,offsets are in the preprocessed (trimmed) signal; split inherited from the parent
SS-HAL-0530S1,gtm_samples/person_asking_for_help/SS-HAL-0530S1.wav,Person Asking for Help,derived:TM window of SS-HAL-0530,,CC0-1.0,"sonicsentinel procedural synthesis (pyttsx3 TTS, generate_help_clips.py)",2026-09-26,0.778,44100,1,indoor,tablet_builtin,near,augmented,SS-HAL-0530,0.000,1.000,33dc4cafb95663181b2f8fe2019d2cea5160529b965d6b11118d270bbe4e9b52,train,tm-v3,offsets are in the preprocessed (trimmed) signal; split inherited from the parent
SS-HAL-0697S1,gtm_samples/person_asking_for_help/SS-HAL-0697S1.wav,Person Asking for Help,derived:TM window of SS-HAL-0697,,CC0-1.0,"sonicsentinel procedural synthesis (pyttsx3 TTS, generate_help_clips.py)",2026-09-26,1.000,44100,1,outdoor,usb_condenser_mic,medium,augmented,SS-HAL-0697,0.000,1.000,27434ab529bb259f34bb5d94d131d8ee7c8759bef7e7c6e7599b07ae4606d136,train,tm-v3,offsets are in the preprocessed (trimmed) signal; split inherited from the parent
SS-HAL-0635S1,gtm_samples/person_asking_for_help/SS-HAL-0635S1.wav,Person Asking for Help,derived:TM window of SS-HAL-0635,,CC0-1.0,"sonicsentinel procedural synthesis (pyttsx3 TTS, generate_help_clips.py)",2026-09-26,1.000,44100,1,indoor,tablet_builtin,medium,augmented,SS-HAL-0635,0.000,1.000,6fb9533d8894854832b2b5d6e9c07972cd9385f533354d32f53ee02bb9826a46,train,tm-v3,offsets are in the preprocessed (trimmed) signal; split inherited from the parent
SS-HAL-0521S1,gtm_samples/person_asking_for_help/SS-HAL-0521S1.wav,Person Asking for Help,derived:TM window of SS-HAL-0521,,CC0-1.0,"sonicsentinel procedural synthesis (pyttsx3 TTS, generate_help_clips.py)",2026-09-26,1.000,44100,1,vehicle,usb_condenser_mic,near,augmented,SS-HAL-0521,0.000,1.000,bd02f3cc4f15c7e39aa78c444044bf8492fee4500d21259215e49d741e656d4f,train,tm-v3,offsets are in the preprocessed (trimmed) signal; split inherited from the parent
SS-HAL-0528S1,gtm_samples/person_asking_for_help/SS-HAL-0528S1.wav,Person Asking for Help,derived:TM window of SS-HAL-0528,,CC0-1.0,"sonicsentinel procedural synthesis (pyttsx3 TTS, generate_help_clips.py)",2026-09-26,1.000,44100,1,outdoor,phone_builtin,medium,augmented,SS-HAL-0528,0.000,1.000,2ba4043acb7035160f0d133ff54c3bf0339eabf5f991fc608fc698255920349b,train,tm-v3,offsets are in the preprocessed (trimmed) signal; split inherited from the parent
SS-HAL-0518S1,gtm_samples/person_asking_for_help/SS-HAL-0518S1.wav,Person Asking for Help,derived:TM window of SS-HAL-0518,,CC0-1.0,"sonicsentinel procedural synthesis (pyttsx3 TTS, generate_help_clips.py)",2026-09-26,1.000,44100,1,outdoor,phone_builtin,far,augmented,SS-HAL-0518,0.000,1.000,74094c1e2cb481f63eb3cfd0a2a2d7550bb0ac9ca8ddb20429a93da58df3588f,train,tm-v3,offsets are in the preprocessed (trimmed) signal; split inherited from the parent
SS-HAL-0719S1,gtm_samples/person_asking_for_help/SS-HAL-0719S1.wav,Person Asking for Help,derived:TM window of SS-HAL-0719,,CC0-1.0,"sonicsentinel procedural synthesis (pyttsx3 TTS, generate_help_clips.py)",2026-09-26,1.000,44100,1,outdoor,phone_builtin,medium,augmented,SS-HAL-0719,0.000,1.000,e40158267d8570c3113a1d0880f915eb7b6f0510499518f7107db8408b252f7f,train,tm-v3,offsets are in the preprocessed (trimmed) signal; split inherited from the parent
SS-HAL-0784S1,gtm_samples/person_asking_for_help/SS-HAL-0784S1.wav,Person Asking for Help,derived:TM window of SS-HAL-0784,,CC0-1.0,"sonicsentinel procedural synthesis (pyttsx3 TTS, generate_help_clips.py)",2026-09-26,1.000,44100,1,vehicle,wristband_mic,far,augmented,SS-HAL-0784,0.000,1.000,128c5f1a796dbd5a85c2d5578ce147106609f2877f9bd7fc2de14ee0f6658343,train,tm-v3,offsets are in the preprocessed (trimmed) signal; split inherited from the parent
SS-HAL-0505S1,gtm_samples/person_asking_for_help/SS-HAL-0505S1.wav,Person Asking for Help,derived:TM window of SS-HAL-0505,,CC0-1.0,"sonicsentinel procedural synthesis (pyttsx3 TTS, generate_help_clips.py)",2026-09-26,0.600,44100,1,outdoor,wristband_mic,near,augmented,SS-HAL-0505,0.000,1.000,7258dfe44ef6715f3e179d17c02e45c71111d885566b05d5b0a9a019ae24d0c7,train,tm-v3,offsets are in the preprocessed (trimmed) signal; split inherited from the parent
SS-HAL-0788S1,gtm_samples/person_asking_for_help/SS-HAL-0788S1.wav,Person Asking for Help,derived:TM window of SS-HAL-0788,,CC0-1.0,"sonicsentinel procedural synthesis (pyttsx3 TTS, generate_help_clips.py)",2026-09-26,1.000,44100,1,outdoor,tablet_builtin,medium,augmented,SS-HAL-0788,0.000,1.000,ed44e962c7442e8e4c245b8c023a1894646452016287b1bd650feb52a1dcea1d,train,tm-v3,offsets are in the preprocessed (trimmed) signal; split inherited from the parent
SS-HAL-0717S1,gtm_samples/person_asking_for_help/SS-HAL-0717S1.wav,Person Asking for Help,derived:TM window of SS-HAL-0717,,CC0-1.0,"sonicsentinel procedural synthesis (pyttsx3 TTS, generate_help_clips.py)",2026-09-26,1.000,44100,1,indoor,phone_builtin,near,augmented,SS-HAL-0717,0.000,1.000,b7a11457ac671e405150264dbaebe43297eea485799cb0826b40fad025898913,train,tm-v3,offsets are in the preprocessed (trimmed) signal; split inherited from the parent
SS-HAL-0599S1,gtm_samples/person_asking_for_help/SS-HAL-0599S1.wav,Person Asking for Help,derived:TM window of SS-HAL-0599,,CC0-1.0,"sonicsentinel procedural synthesis (pyttsx3 TTS, generate_help_clips.py)",2026-09-26,1.000,44100,1,outdoor,cctv_mic,near,augmented,SS-HAL-0599,0.000,1.000,d9253b279a617438675beea5e312892e7fc66c6efeb0eff13a7746118772e4f5,train,tm-v3,offsets are in the preprocessed (trimmed) signal; split inherited from the parent
SS-HAL-0750S1,gtm_samples/person_asking_for_help/SS-HAL-0750S1.wav,Person Asking for Help,derived:TM window of SS-HAL-0750,,CC0-1.0,"sonicsentinel procedural synthesis (pyttsx3 TTS, generate_help_clips.py)",2026-09-26,0.723,44100,1,indoor,phone_builtin,near,augmented,SS-HAL-0750,0.000,1.000,a607870b47dd922b181d41b5b12c5d76faadbd511544bf4ec3705c8d56fe3b3e,train,tm-v3,offsets are in the preprocessed (trimmed) signal; split inherited from the parent
SS-HAL-0701S1,gtm_samples/person_asking_for_help/SS-HAL-0701S1.wav,Person Asking for Help,derived:TM window of SS-HAL-0701,,CC0-1.0,"sonicsentinel procedural synthesis (pyttsx3 TTS, generate_help_clips.py)",2026-09-26,1.000,44100,1,indoor,lavalier_mic,far,augmented,SS-HAL-0701,0.000,1.000,c38fce67b949fed1ace59d3a32d086188a66d2408db73165cf3d3f56f33b9727,train,tm-v3,offsets are in the preprocessed (trimmed) signal; split inherited from the parent
SS-HAL-0624S1,gtm_samples/person_asking_for_help/SS-HAL-0624S1.wav,Person Asking for Help,derived:TM window of SS-HAL-0624,,CC0-1.0,"sonicsentinel procedural synthesis (pyttsx3 TTS, generate_help_clips.py)",2026-09-26,1.000,44100,1,indoor,tablet_builtin,near,augmented,SS-HAL-0624,1.500,2.500,028f2135bc822e07c0392a6f43338208eba83d6cd953b46d8abff0fef430ce04,train,tm-v3,offsets are in the preprocessed (trimmed) signal; split inherited from the parent
SS-HAL-0563S1,gtm_samples/person_asking_for_help/SS-HAL-0563S1.wav,Person Asking for Help,derived:TM window of SS-HAL-0563,,CC0-1.0,"sonicsentinel procedural synthesis (pyttsx3 TTS, generate_help_clips.py)",2026-09-26,1.000,44100,1,outdoor,usb_condenser_mic,medium,augmented,SS-HAL-0563,0.000,1.000,7b446816aa1520ce9b5dbc54cefabee2c9c8fc7339585832ed8a42bfc3077436,train,tm-v3,offsets are in the preprocessed (trimmed) signal; split inherited from the parent
SS-HAL-0556S1,gtm_samples/person_asking_for_help/SS-HAL-0556S1.wav,Person Asking for Help,derived:TM window of SS-HAL-0556,,CC0-1.0,"sonicsentinel procedural synthesis (pyttsx3 TTS, generate_help_clips.py)",2026-09-26,1.000,44100,1,vehicle,cctv_mic,near,augmented,SS-HAL-0556,0.000,1.000,3eebb40adf03126c6c7dcfeb77bd4a957ac3cefa4e53df5da298aab57bedae63,train,tm-v3,offsets are in the preprocessed (trimmed) signal; split inherited from the parent
SS-HAL-0645S1,gtm_samples/person_asking_for_help/SS-HAL-0645S1.wav,Person Asking for Help,derived:TM window of SS-HAL-0645,,CC0-1.0,"sonicsentinel procedural synthesis (pyttsx3 TTS, generate_help_clips.py)",2026-09-26,1.000,44100,1,outdoor,tablet_builtin,medium,augmented,SS-HAL-0645,0.000,1.000,af968e0dad639e7280bb0f095b3413862794ab94399dac43c8388316e8772041,train,tm-v3,offsets are in the preprocessed (trimmed) signal; split inherited from the parent
SS-HAL-0589S1,gtm_samples/person_asking_for_help/SS-HAL-0589S1.wav,Person Asking for Help,derived:TM window of SS-HAL-0589,,CC0-1.0,"sonicsentinel procedural synthesis (pyttsx3 TTS, generate_help_clips.py)",2026-09-26,1.000,44100,1,indoor,phone_builtin,medium,augmented,SS-HAL-0589,0.000,1.000,eebacbe843d097565bea0bac46c2518e1967818839b56336916398ff7c3f964a,train,tm-v3,offsets are in the preprocessed (trimmed) signal; split inherited from the parent
SS-HAL-0676S1,gtm_samples/person_asking_for_help/SS-HAL-0676S1.wav,Person Asking for Help,derived:TM window of SS-HAL-0676,,CC0-1.0,"sonicsentinel procedural synthesis (pyttsx3 TTS, generate_help_clips.py)",2026-09-26,1.000,44100,1,outdoor,wristband_mic,near,augmented,SS-HAL-0676,0.000,1.000,9d65e94ac44d6911cc9d8a7c0c99988c3cdd5d2bd4c5f49064f7c45a234206d9,train,tm-v3,offsets are in the preprocessed (trimmed) signal; split inherited from the parent
SS-HAL-0597S1,gtm_samples/person_asking_for_help/SS-HAL-0597S1.wav,Person Asking for Help,derived:TM window of SS-HAL-0597,,CC0-1.0,"sonicsentinel procedural synthesis (pyttsx3 TTS, generate_help_clips.py)",2026-09-26,1.000,44100,1,outdoor,tablet_builtin,near,augmented,SS-HAL-0597,0.000,1.000,35826bad215b9db2cf3fdeb979d4d7bb47a755c59fb5903bd09471f03adcf6f6,train,tm-v3,offsets are in the preprocessed (trimmed) signal; split inherited from the parent
SS-HAL-0764S1,gtm_samples/person_asking_for_help/SS-HAL-0764S1.wav,Person Asking for Help,derived:TM window of SS-HAL-0764,,CC0-1.0,"sonicsentinel procedural synthesis (pyttsx3 TTS, generate_help_clips.py)",2026-09-26,1.000,44100,1,vehicle,usb_condenser_mic,far,augmented,SS-HAL-0764,0.000,1.000,8e5164738dc280d6aecf1cdd2a01e07ae87000fc0905f7dd03b9837c339d5c90,train,tm-v3,offsets are in the preprocessed (trimmed) signal; split inherited from the parent
SS-HAL-0560S1,gtm_samples/person_asking_for_help/SS-HAL-0560S1.wav,Person Asking for Help,derived:TM window of SS-HAL-0560,,CC0-1.0,"sonicsentinel procedural synthesis (pyttsx3 TTS, generate_help_clips.py)",2026-09-26,0.927,44100,1,vehicle,cctv_mic,medium,augmented,SS-HAL-0560,0.000,1.000,f1a22a14e2be1cd8bfb81a4da47cc742dbe2aca5f60a0d543652aed4cbb83286,train,tm-v3,offsets are in the preprocessed (trimmed) signal; split inherited from the parent
SS-HAL-0628S1,gtm_samples/person_asking_for_help/SS-HAL-0628S1.wav,Person Asking for Help,derived:TM window of SS-HAL-0628,,CC0-1.0,"sonicsentinel procedural synthesis (pyttsx3 TTS, generate_help_clips.py)",2026-09-26,1.000,44100,1,indoor,wristband_mic,far,augmented,SS-HAL-0628,0.500,1.500,ad9bc05e2d0086adabee01cd66ef8666cbe7e9cb03e3c4e5662de944c7c74f3a,train,tm-v3,offsets are in the preprocessed (trimmed) signal; split inherited from the parent
SS-HAL-0509S1,gtm_samples/person_asking_for_help/SS-HAL-0509S1.wav,Person Asking for Help,derived:TM window of SS-HAL-0509,,CC0-1.0,"sonicsentinel procedural synthesis (pyttsx3 TTS, generate_help_clips.py)",2026-09-26,1.000,44100,1,indoor,cctv_mic,near,augmented,SS-HAL-0509,0.000,1.000,9fe28d34861e7e41e7cadb1f62ad86989036a25f7e9b59f8a332886122fb69c7,train,tm-v3,offsets are in the preprocessed (trimmed) signal; split inherited from the parent
SS-HAL-0796S1,gtm_samples/person_asking_for_help/SS-HAL-0796S1.wav,Person Asking for Help,derived:TM window of SS-HAL-0796,,CC0-1.0,"sonicsentinel procedural synthesis (pyttsx3 TTS, generate_help_clips.py)",2026-09-26,1.000,44100,1,indoor,cctv_mic,near,augmented,SS-HAL-0796,0.500,1.500,c386eeeaf01a15baca96c4d28160053b93a15f4444c5c7cd682e950c3660a6f5,train,tm-v3,offsets are in the preprocessed (trimmed) signal; split inherited from the parent
SS-HAL-0789S1,gtm_samples/person_asking_for_help/SS-HAL-0789S1.wav,Person Asking for Help,derived:TM window of SS-HAL-0789,,CC0-1.0,"sonicsentinel procedural synthesis (pyttsx3 TTS, generate_help_clips.py)",2026-09-26,1.000,44100,1,indoor,phone_builtin,near,augmented,SS-HAL-0789,0.000,1.000,9c778ef0e09b523ee2d2eb10b51ff84770159a0847ab272b4288af71f61db91d,train,tm-v3,offsets are in the preprocessed (trimmed) signal; split inherited from the parent
SS-HAL-0610S1,gtm_samples/person_asking_for_help/SS-HAL-0610S1.wav,Person Asking for Help,derived:TM window of SS-HAL-0610,,CC0-1.0,"sonicsentinel procedural synthesis (pyttsx3 TTS, generate_help_clips.py)",2026-09-26,1.000,44100,1,outdoor,tablet_builtin,medium,augmented,SS-HAL-0610,0.500,1.500,545ee3ae1a3d7094831ecf7a30a3e1185a11523d78905a80eb30b34a47e29c34,train,tm-v3,offsets are in the preprocessed (trimmed) signal; split inherited from the parent
SS-HAL-0546S1,gtm_samples/person_asking_for_help/SS-HAL-0546S1.wav,Person Asking for Help,derived:TM window of SS-HAL-0546,,CC0-1.0,"sonicsentinel procedural synthesis (pyttsx3 TTS, generate_help_clips.py)",2026-09-26,0.928,44100,1,outdoor,tablet_builtin,near,augmented,SS-HAL-0546,0.000,1.000,3f35b948c5ca1a59c5e1892c8765a954da18c9730127de6f4c6f25c8ce245286,train,tm-v3,offsets are in the preprocessed (trimmed) signal; split inherited from the parent
SS-HAL-0568S1,gtm_samples/person_asking_for_help/SS-HAL-0568S1.wav,Person Asking for Help,derived:TM window of SS-HAL-0568,,CC0-1.0,"sonicsentinel procedural synthesis (pyttsx3 TTS, generate_help_clips.py)",2026-09-26,1.000,44100,1,indoor,usb_condenser_mic,far,augmented,SS-HAL-0568,1.000,2.000,04e8a39c04b67fa9651c5f60b1a240ab5b6ce9b6a79553c0511d9582a228210c,train,tm-v3,offsets are in the preprocessed (trimmed) signal; split inherited from the parent
SS-HAL-0547S1,gtm_samples/person_asking_for_help/SS-HAL-0547S1.wav,Person Asking for Help,derived:TM window of SS-HAL-0547,,CC0-1.0,"sonicsentinel procedural synthesis (pyttsx3 TTS, generate_help_clips.py)",2026-09-26,1.000,44100,1,indoor,cctv_mic,far,augmented,SS-HAL-0547,0.000,1.000,0d8b29dbdbc5cbe7a768229178f29f088fdd97c9d7c90b57f730a9002001d9eb,train,tm-v3,offsets are in the preprocessed (trimmed) signal; split inherited from the parent
SS-HAL-0656S1,gtm_samples/person_asking_for_help/SS-HAL-0656S1.wav,Person Asking for Help,derived:TM window of SS-HAL-0656,,CC0-1.0,"sonicsentinel procedural synthesis (pyttsx3 TTS, generate_help_clips.py)",2026-09-26,1.000,44100,1,indoor,usb_condenser_mic,near,augmented,SS-HAL-0656,0.500,1.500,0c77a1d7eec5b020cb6b6dfbefa7e4bbf37726ed731b0362ffbe9361703b98c2,train,tm-v3,offsets are in the preprocessed (trimmed) signal; split inherited from the parent
SS-HAL-0715S1,gtm_samples/person_asking_for_help/SS-HAL-0715S1.wav,Person Asking for Help,derived:TM window of SS-HAL-0715,,CC0-1.0,"sonicsentinel procedural synthesis (pyttsx3 TTS, generate_help_clips.py)",2026-09-26,1.000,44100,1,outdoor,lavalier_mic,near,augmented,SS-HAL-0715,0.000,1.000,2ee105522400dcd45a1103fb0591e65ec696bf768c915ec302f7e33889603ffb,train,tm-v3,offsets are in the preprocessed (trimmed) signal; split inherited from the parent
SS-HAL-0519S1,gtm_samples/person_asking_for_help/SS-HAL-0519S1.wav,Person Asking for Help,derived:TM window of SS-HAL-0519,,CC0-1.0,"sonicsentinel procedural synthesis (pyttsx3 TTS, generate_help_clips.py)",2026-09-26,1.000,44100,1,indoor,wristband_mic,near,augmented,SS-HAL-0519,0.000,1.000,27bf5dc163ad863e4434a9d24bc0c9189bbe000ef4995224dbfe95d91d696930,train,tm-v3,offsets are in the preprocessed (trimmed) signal; split inherited from the parent
SS-HAL-0652S1,gtm_samples/person_asking_for_help/SS-HAL-0652S1.wav,Person Asking for Help,derived:TM window of SS-HAL-0652,,CC0-1.0,"sonicsentinel procedural synthesis (pyttsx3 TTS, generate_help_clips.py)",2026-09-26,1.000,44100,1,outdoor,lavalier_mic,near,augmented,SS-HAL-0652,0.000,1.000,71f344f4676a4fe74362627687367c3b4231b076bda925232c4d40659fab46e3,train,tm-v3,offsets are in the preprocessed (trimmed) signal; split inherited from the parent
SS-HAL-0601S1,gtm_samples/person_asking_for_help/SS-HAL-0601S1.wav,Person Asking for Help,derived:TM window of SS-HAL-0601,,CC0-1.0,"sonicsentinel procedural synthesis (pyttsx3 TTS, generate_help_clips.py)",2026-09-26,1.000,44100,1,outdoor,tablet_builtin,near,augmented,SS-HAL-0601,0.000,1.000,7d176a8945f20009f1dd28fdd068755971c2219a7353cb325d6206f86f5ac21d,train,tm-v3,offsets are in the preprocessed (trimmed) signal; split inherited from the parent
SS-HAL-0746S1,gtm_samples/person_asking_for_help/SS-HAL-0746S1.wav,Person Asking for Help,derived:TM window of SS-HAL-0746,,CC0-1.0,"sonicsentinel procedural synthesis (pyttsx3 TTS, generate_help_clips.py)",2026-09-26,0.905,44100,1,outdoor,cctv_mic,medium,augmented,SS-HAL-0746,0.000,1.000,df28fa933dcc80f6f5fc434bed6e30ad514e044ab7f771ad4e9e06f5a2e48455,train,tm-v3,offsets are in the preprocessed (trimmed) signal; split inherited from the parent
SS-HAL-0790S1,gtm_samples/person_asking_for_help/SS-HAL-0790S1.wav,Person Asking for Help,derived:TM window of SS-HAL-0790,,CC0-1.0,"sonicsentinel procedural synthesis (pyttsx3 TTS, generate_help_clips.py)",2026-09-26,0.632,44100,1,outdoor,usb_condenser_mic,near,augmented,SS-HAL-0790,0.000,1.000,2761fae31d13425f184f8fad87ce56768d3ebd8011f888b5ceeab6f5e9497b22,train,tm-v3,offsets are in the preprocessed (trimmed) signal; split inherited from the parent
SS-HAL-0744S1,gtm_samples/person_asking_for_help/SS-HAL-0744S1.wav,Person Asking for Help,derived:TM window of SS-HAL-0744,,CC0-1.0,"sonicsentinel procedural synthesis (pyttsx3 TTS, generate_help_clips.py)",2026-09-26,1.000,44100,1,indoor,tablet_builtin,near,augmented,SS-HAL-0744,0.000,1.000,0de9fcc0e07847bf271d350c2d9698abc909ab77bcf86d0d5a1fd0a5179175b9,train,tm-v3,offsets are in the preprocessed (trimmed) signal; split inherited from the parent
SS-HAL-0714S1,gtm_samples/person_asking_for_help/SS-HAL-0714S1.wav,Person Asking for Help,derived:TM window of SS-HAL-0714,,CC0-1.0,"sonicsentinel procedural synthesis (pyttsx3 TTS, generate_help_clips.py)",2026-09-26,0.738,44100,1,vehicle,wristband_mic,near,augmented,SS-HAL-0714,0.000,1.000,b7e71c099a959ba52e008f4677ec42e049706d6a88cf3191eca1a9317d4ac894,train,tm-v3,offsets are in the preprocessed (trimmed) signal; split inherited from the parent
SS-HAL-0612S1,gtm_samples/person_asking_for_help/SS-HAL-0612S1.wav,Person Asking for Help,derived:TM window of SS-HAL-0612,,CC0-1.0,"sonicsentinel procedural synthesis (pyttsx3 TTS, generate_help_clips.py)",2026-09-26,0.764,44100,1,outdoor,wristband_mic,medium,augmented,SS-HAL-0612,0.000,1.000,6a07a5ae9194af3d47b0b91035f3433409bfbe72f0e524f4332c085482ad68cc,train,tm-v3,offsets are in the preprocessed (trimmed) signal; split inherited from the parent
SS-HAL-0674S1,gtm_samples/person_asking_for_help/SS-HAL-0674S1.wav,Person Asking for Help,derived:TM window of SS-HAL-0674,,CC0-1.0,"sonicsentinel procedural synthesis (pyttsx3 TTS, generate_help_clips.py)",2026-09-26,0.640,44100,1,outdoor,usb_condenser_mic,near,augmented,SS-HAL-0674,0.000,1.000,3ebc830dd7e5a5de4dd40fb2c6a19b5f004977e3e48cc2f802fb85eae23f640c,train,tm-v3,offsets are in the preprocessed (trimmed) signal; split inherited from the parent
SS-HAL-0579S1,gtm_samples/person_asking_for_help/SS-HAL-0579S1.wav,Person Asking for Help,derived:TM window of SS-HAL-0579,,CC0-1.0,"sonicsentinel procedural synthesis (pyttsx3 TTS, generate_help_clips.py)",2026-09-26,0.644,44100,1,outdoor,lavalier_mic,near,augmented,SS-HAL-0579,0.000,1.000,e1b88c346409a30c471e78567607fd90189dbd61eacf6a4b49260b22d1772406,train,tm-v3,offsets are in the preprocessed (trimmed) signal; split inherited from the parent
SS-HAL-0665S1,gtm_samples/person_asking_for_help/SS-HAL-0665S1.wav,Person Asking for Help,derived:TM window of SS-HAL-0665,,CC0-1.0,"sonicsentinel procedural synthesis (pyttsx3 TTS, generate_help_clips.py)",2026-09-26,0.743,44100,1,indoor,cctv_mic,near,augmented,SS-HAL-0665,0.000,1.000,6b098b622196d3d24cb9df5c9628f26f504e52bfdcd31b5b2420bb034bf6a36e,train,tm-v3,offsets are in the preprocessed (trimmed) signal; split inherited from the parent
SS-HAL-0540S1,gtm_samples/person_asking_for_help/SS-HAL-0540S1.wav,Person Asking for Help,derived:TM window of SS-HAL-0540,,CC0-1.0,"sonicsentinel procedural synthesis (pyttsx3 TTS, generate_help_clips.py)",2026-09-26,0.889,44100,1,outdoor,wristband_mic,near,augmented,SS-HAL-0540,0.000,1.000,f2861a7616d2a704c008ef81e9173d9d18f4bd919422236255123733ce30bb3a,train,tm-v3,offsets are in the preprocessed (trimmed) signal; split inherited from the parent
SS-HAL-0577S1,gtm_samples/person_asking_for_help/SS-HAL-0577S1.wav,Person Asking for Help,derived:TM window of SS-HAL-0577,,CC0-1.0,"sonicsentinel procedural synthesis (pyttsx3 TTS, generate_help_clips.py)",2026-09-26,1.000,44100,1,outdoor,tablet_builtin,medium,augmented,SS-HAL-0577,1.500,2.500,0b5e2553a8a2d5225bbdcd8b1dc67eb51d34ebd69f4b5734d14c208a240c3ef8,train,tm-v3,offsets are in the preprocessed (trimmed) signal; split inherited from the parent
SS-HAL-0632S1,gtm_samples/person_asking_for_help/SS-HAL-0632S1.wav,Person Asking for Help,derived:TM window of SS-HAL-0632,,CC0-1.0,"sonicsentinel procedural synthesis (pyttsx3 TTS, generate_help_clips.py)",2026-09-26,0.804,44100,1,indoor,wristband_mic,near,augmented,SS-HAL-0632,0.000,1.000,12e28c40fbc824db72c5a7c7bae68efc33ad36efd6024075e634d526018f435a,train,tm-v3,offsets are in the preprocessed (trimmed) signal; split inherited from the parent
SS-HAL-0749S1,gtm_samples/person_asking_for_help/SS-HAL-0749S1.wav,Person Asking for Help,derived:TM window of SS-HAL-0749,,CC0-1.0,"sonicsentinel procedural synthesis (pyttsx3 TTS, generate_help_clips.py)",2026-09-26,0.704,44100,1,indoor,tablet_builtin,near,augmented,SS-HAL-0749,0.000,1.000,61811ba6a85666cb5c9a23177c5423b0fe48857f75dd0dd3a1b5ba97d4c2a9f4,train,tm-v3,offsets are in the preprocessed (trimmed) signal; split inherited from the parent
SS-HAL-0667S1,gtm_samples/person_asking_for_help/SS-HAL-0667S1.wav,Person Asking for Help,derived:TM window of SS-HAL-0667,,CC0-1.0,"sonicsentinel procedural synthesis (pyttsx3 TTS, generate_help_clips.py)",2026-09-26,1.000,44100,1,indoor,usb_condenser_mic,far,augmented,SS-HAL-0667,0.000,1.000,e3fcd09e19c5c777c09e1335a3e83ea70c352bd46409c98672c108f612d6dab3,train,tm-v3,offsets are in the preprocessed (trimmed) signal; split inherited from the parent
SS-HAL-0582S1,gtm_samples/person_asking_for_help/SS-HAL-0582S1.wav,Person Asking for Help,derived:TM window of SS-HAL-0582,,CC0-1.0,"sonicsentinel procedural synthesis (pyttsx3 TTS, generate_help_clips.py)",2026-09-26,0.756,44100,1,outdoor,cctv_mic,near,augmented,SS-HAL-0582,0.000,1.000,99b5235721949bf08195db524c9b96063d490a4a716ab606e7acc51f8ffbd043,train,tm-v3,offsets are in the preprocessed (trimmed) signal; split inherited from the parent
SS-HAL-0680S1,gtm_samples/person_asking_for_help/SS-HAL-0680S1.wav,Person Asking for Help,derived:TM window of SS-HAL-0680,,CC0-1.0,"sonicsentinel procedural synthesis (pyttsx3 TTS, generate_help_clips.py)",2026-09-26,0.838,44100,1,indoor,tablet_builtin,near,augmented,SS-HAL-0680,0.000,1.000,f19a6d77112b3caf5ebb26bc9ab51f4ab6c8b9f8809d1ab7e0982ba7e0344338,train,tm-v3,offsets are in the preprocessed (trimmed) signal; split inherited from the parent
SS-HAL-0794S1,gtm_samples/person_asking_for_help/SS-HAL-0794S1.wav,Person Asking for Help,derived:TM window of SS-HAL-0794,,CC0-1.0,"sonicsentinel procedural synthesis (pyttsx3 TTS, generate_help_clips.py)",2026-09-26,0.938,44100,1,outdoor,phone_builtin,near,augmented,SS-HAL-0794,0.000,1.000,b1e28fbed0eec78c2bae6c6278085134e711c3b2c1a39386738724c8580016b4,train,tm-v3,offsets are in the preprocessed (trimmed) signal; split inherited from the parent
SS-HAL-0643S1,gtm_samples/person_asking_for_help/SS-HAL-0643S1.wav,Person Asking for Help,derived:TM window of SS-HAL-0643,,CC0-1.0,"sonicsentinel procedural synthesis (pyttsx3 TTS, generate_help_clips.py)",2026-09-26,1.000,44100,1,vehicle,cctv_mic,near,augmented,SS-HAL-0643,0.000,1.000,edc5eb2df58d8a9284bc6ab2505c356ae7d00b4d827ef762793cca26ecdab3fb,train,tm-v3,offsets are in the preprocessed (trimmed) signal; split inherited from the parent
SS-HAL-0741S1,gtm_samples/person_asking_for_help/SS-HAL-0741S1.wav,Person Asking for Help,derived:TM window of SS-HAL-0741,,CC0-1.0,"sonicsentinel procedural synthesis (pyttsx3 TTS, generate_help_clips.py)",2026-09-26,1.000,44100,1,outdoor,wristband_mic,near,augmented,SS-HAL-0741,0.000,1.000,d9909c98fc86011be329307424ed8c2adf028c32aff5d7555086c545ef2b7d53,train,tm-v3,offsets are in the preprocessed (trimmed) signal; split inherited from the parent
SS-HAL-0623S1,gtm_samples/person_asking_for_help/SS-HAL-0623S1.wav,Person Asking for Help,derived:TM window of SS-HAL-0623,,CC0-1.0,"sonicsentinel procedural synthesis (pyttsx3 TTS, generate_help_clips.py)",2026-09-26,0.809,44100,1,indoor,wristband_mic,far,augmented,SS-HAL-0623,0.000,1.000,f6a51a383e68f68174648adfb9f8a65d843ee6329d4e06d9f167b8542560dc37,train,tm-v3,offsets are in the preprocessed (trimmed) signal; split inherited from the parent
SS-HAL-0781S1,gtm_samples/person_asking_for_help/SS-HAL-0781S1.wav,Person Asking for Help,derived:TM window of SS-HAL-0781,,CC0-1.0,"sonicsentinel procedural synthesis (pyttsx3 TTS, generate_help_clips.py)",2026-09-26,1.000,44100,1,indoor,cctv_mic,medium,augmented,SS-HAL-0781,0.000,1.000,f33737cff69d920f5c46994c6c9584b61161a51052a4b1787650bc14b837a59e,train,tm-v3,offsets are in the preprocessed (trimmed) signal; split inherited from the parent
SS-HOR-0719S1,gtm_samples/vehicle_horn/SS-HOR-0719S1.wav,Vehicle Horn,derived:TM window of SS-HOR-0719,https://urbansounddataset.weebly.com/urbansound8k.html,CC-BY-4.0,"Justin Salamon, Duncan Jacoby, Juan Pablo Bello",2026-09-26,1.000,44100,1,unspecified,,n/a,augmented,SS-HOR-0719,2.000,3.000,65bfeaf7ad0d19ffcee234142d40d574fbc7e61a481a203b26f1cefd949bee01,train,tm-v3,offsets are in the preprocessed (trimmed) signal; split inherited from the parent
SS-HOR-0099S1,gtm_samples/vehicle_horn/SS-HOR-0099S1.wav,Vehicle Horn,derived:TM window of SS-HOR-0099,https://freesound.org/s/182474/,CC0-1.0,keweldog,2026-09-26,1.000,44100,1,outdoor,unspecified,n/a,augmented,SS-HOR-0099,1.000,2.000,3521bfda06e235f29fe5d108fa0b3b055b525b16e60b0666c6e1095b511ac81f,train,tm-v3,offsets are in the preprocessed (trimmed) signal; split inherited from the parent
SS-HOR-0656S1,gtm_samples/vehicle_horn/SS-HOR-0656S1.wav,Vehicle Horn,derived:TM window of SS-HOR-0656,https://urbansounddataset.weebly.com/urbansound8k.html,CC-BY-4.0,"Justin Salamon, Duncan Jacoby, Juan Pablo Bello",2026-09-26,0.715,44100,1,unspecified,,n/a,augmented,SS-HOR-0656,0.000,1.000,5aa5acc6d49ccc36ce908d560858b34c6d4e0741c535982dbc413f2619240421,train,tm-v3,offsets are in the preprocessed (trimmed) signal; split inherited from the parent
SS-HOR-0675S1,gtm_samples/vehicle_horn/SS-HOR-0675S1.wav,Vehicle Horn,derived:TM window of SS-HOR-0675,https://urbansounddataset.weebly.com/urbansound8k.html,CC-BY-4.0,"Justin Salamon, Duncan Jacoby, Juan Pablo Bello",2026-09-26,1.000,44100,1,unspecified,,n/a,augmented,SS-HOR-0675,0.000,1.000,408aca0e9a60be5302605db95f967748f52a599ced09a18759b54f75741a17f8,train,tm-v3,offsets are in the preprocessed (trimmed) signal; split inherited from the parent
SS-HOR-0712S1,gtm_samples/vehicle_horn/SS-HOR-0712S1.wav,Vehicle Horn,derived:TM window of SS-HOR-0712,https://urbansounddataset.weebly.com/urbansound8k.html,CC-BY-4.0,"Justin Salamon, Duncan Jacoby, Juan Pablo Bello",2026-09-26,1.000,44100,1,unspecified,,n/a,augmented,SS-HOR-0712,3.000,4.000,82e96d40191d7f99b06edda34c12a66cdd5cc110230ed5cb63816cc378507636,train,tm-v3,offsets are in the preprocessed (trimmed) signal; split inherited from the parent
SS-HOR-0626S1,gtm_samples/vehicle_horn/SS-HOR-0626S1.wav,Vehicle Horn,derived:TM window of SS-HOR-0626,https://urbansounddataset.weebly.com/urbansound8k.html,CC-BY-4.0,"Justin Salamon, Duncan Jacoby, Juan Pablo Bello",2026-09-26,0.890,44100,1,unspecified,,n/a,augmented,SS-HOR-0626,0.000,1.000,4a06e53c66529e63a1aede200614001c438d682176be78afe415953fda7ac9f8,train,tm-v3,offsets are in the preprocessed (trimmed) signal; split inherited from the parent
SS-HOR-0104S1,gtm_samples/vehicle_horn/SS-HOR-0104S1.wav,Vehicle Horn,derived:TM window of SS-HOR-0104,https://freesound.org/s/156091/,CC0-1.0,marcolo91,2026-09-26,1.000,44100,1,outdoor,unspecified,n/a,augmented,SS-HOR-0104,1.500,2.500,ecd884e0ecdc68f11a6c44b214768057e787d94d0bdc9bb755ca675cf04e4d91,train,tm-v3,offsets are in the preprocessed (trimmed) signal; split inherited from the parent
SS-HOR-0038S1,gtm_samples/vehicle_horn/SS-HOR-0038S1.wav,Vehicle Horn,derived:TM window of SS-HOR-0038,https://freesound.org/s/113319/,CC-BY-3.0,NoiseCollector,2026-09-26,1.000,44100,1,outdoor,unspecified,n/a,augmented,SS-HOR-0038,0.000,1.000,6f935efe1716cb32763bce42aaee6cd821ca7133de7c1e00f2ec6ee9fb090bd0,train,tm-v3,offsets are in the preprocessed (trimmed) signal; split inherited from the parent
SS-HOR-0546S1,gtm_samples/vehicle_horn/SS-HOR-0546S1.wav,Vehicle Horn,derived:TM window of SS-HOR-0546,https://urbansounddataset.weebly.com/urbansound8k.html,CC-BY-4.0,"Justin Salamon, Duncan Jacoby, Juan Pablo Bello",2026-09-26,0.599,44100,1,unspecified,,n/a,augmented,SS-HOR-0546,0.000,1.000,60311c748616946fb829ceedc8635a0fd65ea4186c323ffb93c450cd4aba006c,train,tm-v3,offsets are in the preprocessed (trimmed) signal; split inherited from the parent
SS-HOR-0113S1,gtm_samples/vehicle_horn/SS-HOR-0113S1.wav,Vehicle Horn,derived:TM window of SS-HOR-0113,https://freesound.org/s/371450/,CC0-1.0,redafs,2026-09-26,1.000,44100,1,outdoor,unspecified,n/a,augmented,SS-HOR-0113,2.000,3.000,4d10b15cd50559875763e77bc1d1dcf17f188d2a2f9d01ec8114664228e2199e,train,tm-v3,offsets are in the preprocessed (trimmed) signal; split inherited from the parent
SS-HOR-0074S1,gtm_samples/vehicle_horn/SS-HOR-0074S1.wav,Vehicle Horn,derived:TM window of SS-HOR-0074,https://freesound.org/s/49974/,CC0-1.0,dADDoiT,2026-09-26,1.000,44100,1,studio,unspecified,n/a,augmented,SS-HOR-0074,0.000,1.000,0e89aaa77dc251c912216af1ea4bcadefda204287fcc68fc2d9abb6583c7de9f,train,tm-v3,offsets are in the preprocessed (trimmed) signal; split inherited from the parent
SS-HOR-0116S1,gtm_samples/vehicle_horn/SS-HOR-0116S1.wav,Vehicle Horn,derived:TM window of SS-HOR-0116,https://freesound.org/s/382572/,CC0-1.0,schmutz,2026-09-26,1.000,44100,1,outdoor,unspecified,n/a,augmented,SS-HOR-0116,7.000,8.000,39a6ab7cc985694ad359c5cba9b2673498f4d301aa931c343f06fed6aea7651a,train,tm-v3,offsets are in the preprocessed (trimmed) signal; split inherited from the parent
SS-HOR-0102S1,gtm_samples/vehicle_horn/SS-HOR-0102S1.wav,Vehicle Horn,derived:TM window of SS-HOR-0102,https://freesound.org/s/54187/,CC-BY-3.0,lonemonk,2026-09-26,1.000,44100,1,outdoor,unspecified,n/a,augmented,SS-HOR-0102,5.500,6.500,ccfa1888b9095d32833df7dced183fb3c227378b6b8c9f25ba982536be9ecd09,train,tm-v3,offsets are in the preprocessed (trimmed) signal; split inherited from the parent
SS-HOR-0644S1,gtm_samples/vehicle_horn/SS-HOR-0644S1.wav,Vehicle Horn,derived:TM window of SS-HOR-0644,https://urbansounddataset.weebly.com/urbansound8k.html,CC-BY-4.0,"Justin Salamon, Duncan Jacoby, Juan Pablo Bello",2026-09-26,0.424,44100,1,unspecified,,n/a,augmented,SS-HOR-0644,0.000,1.000,c4df2f369803cfd92d844f8ab244d6bf0953d16da07793839e5e09f7701e0121,train,tm-v3,offsets are in the preprocessed (trimmed) signal; split inherited from the parent
SS-HOR-0120S1,gtm_samples/vehicle_horn/SS-HOR-0120S1.wav,Vehicle Horn,derived:TM window of SS-HOR-0120,https://freesound.org/s/162702/,CC-BY-3.0,synthetic-oz,2026-09-26,1.000,44100,1,outdoor,unspecified,n/a,augmented,SS-HOR-0120,0.000,1.000,665a0776b7dfeacf654e5480fbc648f14a286ed0ff22e0c8e454b1529a5c672d,train,tm-v3,offsets are in the preprocessed (trimmed) signal; split inherited from the parent
SS-HOR-0693S1,gtm_samples/vehicle_horn/SS-HOR-0693S1.wav,Vehicle Horn,derived:TM window of SS-HOR-0693,https://urbansounddataset.weebly.com/urbansound8k.html,CC-BY-4.0,"Justin Salamon, Duncan Jacoby, Juan Pablo Bello",2026-09-26,0.746,44100,1,unspecified,,n/a,augmented,SS-HOR-0693,0.000,1.000,f0983195cfb212488aff72bed904b49fd17a7893f32e4a8ff1b9037d882ad5a8,train,tm-v3,offsets are in the preprocessed (trimmed) signal; split inherited from the parent
SS-HOR-0084S1,gtm_samples/vehicle_horn/SS-HOR-0084S1.wav,Vehicle Horn,derived:TM window of SS-HOR-0084,https://freesound.org/s/19026/,CC-BY-3.0,han1,2026-09-26,0.800,44100,1,unspecified,unspecified,n/a,augmented,SS-HOR-0084,0.000,1.000,8423520061461b042ca8ebdb89e8b69467c3d56dd08636cc9332a8f687008d31,train,tm-v3,offsets are in the preprocessed (trimmed) signal; split inherited from the parent
SS-HOR-0048S1,gtm_samples/vehicle_horn/SS-HOR-0048S1.wav,Vehicle Horn,derived:TM window of SS-HOR-0048,https://freesound.org/s/392257/,CC0-1.0,Viliguis,2026-09-26,1.000,44100,1,unspecified,unspecified,n/a,augmented,SS-HOR-0048,26.500,27.500,6b2558c4cf889af2dc07d06087d15115d3de5ed4abf68f119cb7dc130aa47fbb,train,tm-v3,offsets are in the preprocessed (trimmed) signal; split inherited from the parent
SS-HOR-0515S1,gtm_samples/vehicle_horn/SS-HOR-0515S1.wav,Vehicle Horn,derived:TM window of SS-HOR-0515,https://github.com/karolpiczak/ESC-50,CC-BY-4.0,Karol J. Piczak,2026-09-26,1.000,44100,1,unspecified,,n/a,augmented,SS-HOR-0515,1.500,2.500,0797932de1d81079f1575401dfa77d3b64334c06c5047073c993c37e1812e61b,train,tm-v3,offsets are in the preprocessed (trimmed) signal; split inherited from the parent
SS-HOR-0090S1,gtm_samples/vehicle_horn/SS-HOR-0090S1.wav,Vehicle Horn,derived:TM window of SS-HOR-0090,https://freesound.org/s/118070/,CC0-1.0,ipears1,2026-09-26,0.209,44100,1,unspecified,unspecified,n/a,augmented,SS-HOR-0090,0.000,1.000,5352b94efa34c9bebabbe36d5c0e5b153aa4e5a765cf8fd9f913658d320d72a2,train,tm-v3,offsets are in the preprocessed (trimmed) signal; split inherited from the parent
SS-HOR-0531S1,gtm_samples/vehicle_horn/SS-HOR-0531S1.wav,Vehicle Horn,derived:TM window of SS-HOR-0531,https://github.com/karolpiczak/ESC-50,CC-BY-4.0,Karol J. Piczak,2026-09-26,1.000,44100,1,unspecified,,n/a,augmented,SS-HOR-0531,0.500,1.500,e26d6ac37c048f92d07d87d4c70c0ece0c4db06fc89f0eb90369c545397b8d21,train,tm-v3,offsets are in the preprocessed (trimmed) signal; split inherited from the parent
SS-HOR-0086S1,gtm_samples/vehicle_horn/SS-HOR-0086S1.wav,Vehicle Horn,derived:TM window of SS-HOR-0086,https://freesound.org/s/239031/,CC-BY-3.0,harrybates01,2026-09-26,0.323,44100,1,indoor,unspecified,n/a,augmented,SS-HOR-0086,0.000,1.000,b33163653ba00ef7654509ef8516236f9bb3c236ab48003f2e0ade3437d1f9cd,train,tm-v3,offsets are in the preprocessed (trimmed) signal; split inherited from the parent
SS-HOR-0012S1,gtm_samples/vehicle_horn/SS-HOR-0012S1.wav,Vehicle Horn,derived:TM window of SS-HOR-0012,https://freesound.org/s/431841/,CC0-1.0,Audy_Leonard,2026-09-26,1.000,44100,1,unspecified,unspecified,n/a,augmented,SS-HOR-0012,5.500,6.500,40d6ab010d32e8592edac8f4f9bf2e61b46d3e1f8009903453c7b39e8db99e50,train,tm-v3,offsets are in the preprocessed (trimmed) signal; split inherited from the parent
SS-HOR-0039S1,gtm_samples/vehicle_horn/SS-HOR-0039S1.wav,Vehicle Horn,derived:TM window of SS-HOR-0039,https://freesound.org/s/171249/,CC0-1.0,Oddworld,2026-09-26,1.000,44100,1,outdoor,unspecified,n/a,augmented,SS-HOR-0039,3.500,4.500,b352c78d9fa67b36a87655cf94317409e814090f7ec8faaff3a0c6d2ac42ae26,train,tm-v3,offsets are in the preprocessed (trimmed) signal; split inherited from the parent
SS-HOR-0060S1,gtm_samples/vehicle_horn/SS-HOR-0060S1.wav,Vehicle Horn,derived:TM window of SS-HOR-0060,https://freesound.org/s/118577/,CC0-1.0,antwash,2026-09-26,1.000,44100,1,outdoor,unspecified,n/a,augmented,SS-HOR-0060,14.500,15.500,3dce9d94a4432da1efa139578743adcb9a77cf92c36e57ae4814be5176dc0518,train,tm-v3,offsets are in the preprocessed (trimmed) signal; split inherited from the parent
SS-HOR-0002S1,gtm_samples/vehicle_horn/SS-HOR-0002S1.wav,Vehicle Horn,derived:TM window of SS-HOR-0002,https://freesound.org/s/379034/,CC0-1.0,13FPanska_Stewart_Gerron,2026-09-26,0.613,44100,1,unspecified,unspecified,n/a,augmented,SS-HOR-0002,0.000,1.000,aaffe844d5772d0c920d372f55fe8e512ac119b2384490c5edc0f1d70b18c8af,train,tm-v3,offsets are in the preprocessed (trimmed) signal; split inherited from the parent
SS-HOR-0636S1,gtm_samples/vehicle_horn/SS-HOR-0636S1.wav,Vehicle Horn,derived:TM window of SS-HOR-0636,https://urbansounddataset.weebly.com/urbansound8k.html,CC-BY-4.0,"Justin Salamon, Duncan Jacoby, Juan Pablo Bello",2026-09-26,0.690,44100,1,unspecified,,n/a,augmented,SS-HOR-0636,0.000,1.000,7567aad5be23a00bc0e5cd219c3a9ef7bfe6c65e9512099c8bd1ec52560a2b67,train,tm-v3,offsets are in the preprocessed (trimmed) signal; split inherited from the parent
SS-HOR-0127S1,gtm_samples/vehicle_horn/SS-HOR-0127S1.wav,Vehicle Horn,derived:TM window of SS-HOR-0127,https://freesound.org/s/166441/,CC-BY-3.0,ultradust,2026-09-26,1.000,44100,1,indoor,unspecified,n/a,augmented,SS-HOR-0127,4.000,5.000,36c5c2afcac3aa909bf51bf2795ed9258ef8c2aa4be4a2e23d0af42894642479,train,tm-v3,offsets are in the preprocessed (trimmed) signal; split inherited from the parent
SS-HOR-0016S1,gtm_samples/vehicle_horn/SS-HOR-0016S1.wav,Vehicle Horn,derived:TM window of SS-HOR-0016,https://freesound.org/s/162540/,CC0-1.0,Chippy569,2026-09-26,1.000,44100,1,vehicle,unspecified,n/a,augmented,SS-HOR-0016,0.000,1.000,270889d8c21ae2ba902af20df3a9cf4d8d4fc22946ca6c3496dd5eec5eeff48a,train,tm-v3,offsets are in the preprocessed (trimmed) signal; split inherited from the parent
SS-HOR-0637S1,gtm_samples/vehicle_horn/SS-HOR-0637S1.wav,Vehicle Horn,derived:TM window of SS-HOR-0637,https://urbansounddataset.weebly.com/urbansound8k.html,CC-BY-4.0,"Justin Salamon, Duncan Jacoby, Juan Pablo Bello",2026-09-26,0.548,44100,1,unspecified,,n/a,augmented,SS-HOR-0637,0.000,1.000,0ad116cfa045d060e7a4cf3563a6544ae9a6b43cd60ac5892bd0b282d5ab94d8,train,tm-v3,offsets are in the preprocessed (trimmed) signal; split inherited from the parent
SS-HOR-0716S1,gtm_samples/vehicle_horn/SS-HOR-0716S1.wav,Vehicle Horn,derived:TM window of SS-HOR-0716,https://urbansounddataset.weebly.com/urbansound8k.html,CC-BY-4.0,"Justin Salamon, Duncan Jacoby, Juan Pablo Bello",2026-09-26,1.000,44100,1,unspecified,,n/a,augmented,SS-HOR-0716,3.000,4.000,a85eb39b7ac2ef0707b58c0712d1471edd1aef170f902944247a441eb275d214,train,tm-v3,offsets are in the preprocessed (trimmed) signal; split inherited from the parent
SS-HOR-0006S1,gtm_samples/vehicle_horn/SS-HOR-0006S1.wav,Vehicle Horn,derived:TM window of SS-HOR-0006,https://freesound.org/s/235363/,CC0-1.0,3863,2026-09-26,1.000,44100,1,unspecified,unspecified,n/a,augmented,SS-HOR-0006,1.500,2.500,3ad6b82ebcb909e425cbbef124727ba30db2848a45b32b7805c20de04f19f6d5,train,tm-v3,offsets are in the preprocessed (trimmed) signal; split inherited from the parent
SS-HOR-0630S1,gtm_samples/vehicle_horn/SS-HOR-0630S1.wav,Vehicle Horn,derived:TM window of SS-HOR-0630,https://urbansounddataset.weebly.com/urbansound8k.html,CC-BY-4.0,"Justin Salamon, Duncan Jacoby, Juan Pablo Bello",2026-09-26,0.538,44100,1,unspecified,,n/a,augmented,SS-HOR-0630,0.000,1.000,3aa58480f2a5998e6353309eda9dc2497d5deb089baaf410f99d851a2de010ff,train,tm-v3,offsets are in the preprocessed (trimmed) signal; split inherited from the parent
SS-HOR-0650S1,gtm_samples/vehicle_horn/SS-HOR-0650S1.wav,Vehicle Horn,derived:TM window of SS-HOR-0650,https://urbansounddataset.weebly.com/urbansound8k.html,CC-BY-4.0,"Justin Salamon, Duncan Jacoby, Juan Pablo Bello",2026-09-26,0.530,44100,1,unspecified,,n/a,augmented,SS-HOR-0650,0.000,1.000,1565885a4f5476ec97e3ceda4c52f3a39b2da845ab4a64febd3a38b2df826bea,train,tm-v3,offsets are in the preprocessed (trimmed) signal; split inherited from the parent
SS-HOR-0681S1,gtm_samples/vehicle_horn/SS-HOR-0681S1.wav,Vehicle Horn,derived:TM window of SS-HOR-0681,https://urbansounddataset.weebly.com/urbansound8k.html,CC-BY-4.0,"Justin Salamon, Duncan Jacoby, Juan Pablo Bello",2026-09-26,1.000,44100,1,unspecified,,n/a,augmented,SS-HOR-0681,0.500,1.500,4afe5a210b4eed99d57e1a5fb5d30407ffccb26af9d482674ace89f21252d0e6,train,tm-v3,offsets are in the preprocessed (trimmed) signal; split inherited from the parent
SS-HOR-0111S1,gtm_samples/vehicle_horn/SS-HOR-0111S1.wav,Vehicle Horn,derived:TM window of SS-HOR-0111,https://freesound.org/s/340898/,CC-BY-3.0,passAirmangrace,2026-09-26,1.000,44100,1,unspecified,unspecified,n/a,augmented,SS-HOR-0111,3.000,4.000,948dc1a67310b1087c1205a0da893deb5bea78fd09cf365933bd032386d3893c,train,tm-v3,offsets are in the preprocessed (trimmed) signal; split inherited from the parent
SS-HOR-0641S1,gtm_samples/vehicle_horn/SS-HOR-0641S1.wav,Vehicle Horn,derived:TM window of SS-HOR-0641,https://urbansounddataset.weebly.com/urbansound8k.html,CC-BY-4.0,"Justin Salamon, Duncan Jacoby, Juan Pablo Bello",2026-09-26,1.000,44100,1,unspecified,,n/a,augmented,SS-HOR-0641,0.000,1.000,bc1ab928389136c5e08dc85f3b294cc050ee8e141c1bcdb970af2712859adf46,train,tm-v3,offsets are in the preprocessed (trimmed) signal; split inherited from the parent
SS-HOR-0502S1,gtm_samples/vehicle_horn/SS-HOR-0502S1.wav,Vehicle Horn,derived:TM window of SS-HOR-0502,https://github.com/karolpiczak/ESC-50,CC-BY-4.0,Karol J. Piczak,2026-09-26,0.800,44100,1,unspecified,,n/a,augmented,SS-HOR-0502,0.000,1.000,2cb0ecafacb98dd1c5c8bb44e5641429f1ee95292009f26eaa15ff8b5ba9b10f,train,tm-v3,offsets are in the preprocessed (trimmed) signal; split inherited from the parent
SS-HOR-0698S1,gtm_samples/vehicle_horn/SS-HOR-0698S1.wav,Vehicle Horn,derived:TM window of SS-HOR-0698,https://urbansounddataset.weebly.com/urbansound8k.html,CC-BY-4.0,"Justin Salamon, Duncan Jacoby, Juan Pablo Bello",2026-09-26,1.000,44100,1,unspecified,,n/a,augmented,SS-HOR-0698,2.000,3.000,9551439f1e77882241accb16a86f4247d33b9d178e6a749d0454223e0d2ab3c1,train,tm-v3,offsets are in the preprocessed (trimmed) signal; split inherited from the parent
SS-HOR-0645S1,gtm_samples/vehicle_horn/SS-HOR-0645S1.wav,Vehicle Horn,derived:TM window of SS-HOR-0645,https://urbansounddataset.weebly.com/urbansound8k.html,CC-BY-4.0,"Justin Salamon, Duncan Jacoby, Juan Pablo Bello",2026-09-26,0.614,44100,1,unspecified,,n/a,augmented,SS-HOR-0645,0.000,1.000,94209fdce779df7c5748ce615aa5354fbbfbe73b7b41401fac5e0b556c7ff10a,train,tm-v3,offsets are in the preprocessed (trimmed) signal; split inherited from the parent
SS-HOR-0053S1,gtm_samples/vehicle_horn/SS-HOR-0053S1.wav,Vehicle Horn,derived:TM window of SS-HOR-0053,https://freesound.org/s/255699/,CC-BY-3.0,YleArkisto,2026-09-26,1.000,44100,1,outdoor,unspecified,n/a,augmented,SS-HOR-0053,23.000,24.000,f401389dfb78ca47908a546591215f00958bb3e2457acfae8c42801449880103,train,tm-v3,offsets are in the preprocessed (trimmed) signal; split inherited from the parent
SS-HOR-0673S1,gtm_samples/vehicle_horn/SS-HOR-0673S1.wav,Vehicle Horn,derived:TM window of SS-HOR-0673,https://urbansounddataset.weebly.com/urbansound8k.html,CC-BY-4.0,"Justin Salamon, Duncan Jacoby, Juan Pablo Bello",2026-09-26,1.000,44100,1,unspecified,,n/a,augmented,SS-HOR-0673,0.000,1.000,634fef5c3e327060beb0d7d440f60656bac16d427f76d68721de34d3c0c8517e,train,tm-v3,offsets are in the preprocessed (trimmed) signal; split inherited from the parent
SS-HOR-0517S1,gtm_samples/vehicle_horn/SS-HOR-0517S1.wav,Vehicle Horn,derived:TM window of SS-HOR-0517,https://github.com/karolpiczak/ESC-50,CC-BY-4.0,Karol J. Piczak,2026-09-26,0.854,44100,1,unspecified,,n/a,augmented,SS-HOR-0517,0.000,1.000,e38924191fbf11a3ffb6a54bb02825738833078ef47302cb5f491fdee62feb33,train,tm-v3,offsets are in the preprocessed (trimmed) signal; split inherited from the parent
SS-HOR-0695S1,gtm_samples/vehicle_horn/SS-HOR-0695S1.wav,Vehicle Horn,derived:TM window of SS-HOR-0695,https://urbansounddataset.weebly.com/urbansound8k.html,CC-BY-4.0,"Justin Salamon, Duncan Jacoby, Juan Pablo Bello",2026-09-26,1.000,44100,1,unspecified,,n/a,augmented,SS-HOR-0695,3.000,4.000,40019adf2d557b2b1b265b39619e304f328c8a9cf9958520e0b8e20fcbc1adba,train,tm-v3,offsets are in the preprocessed (trimmed) signal; split inherited from the parent
SS-HOR-0520S1,gtm_samples/vehicle_horn/SS-HOR-0520S1.wav,Vehicle Horn,derived:TM window of SS-HOR-0520,https://github.com/karolpiczak/ESC-50,CC-BY-4.0,Karol J. Piczak,2026-09-26,1.000,44100,1,unspecified,,n/a,augmented,SS-HOR-0520,0.500,1.500,93abd4f32020853401ed92670a2c47777ef4d3cb2224c666d0d9af63a8aceb3e,train,tm-v3,offsets are in the preprocessed (trimmed) signal; split inherited from the parent
SS-HOR-0710S1,gtm_samples/vehicle_horn/SS-HOR-0710S1.wav,Vehicle Horn,derived:TM window of SS-HOR-0710,https://urbansounddataset.weebly.com/urbansound8k.html,CC-BY-4.0,"Justin Salamon, Duncan Jacoby, Juan Pablo Bello",2026-09-26,1.000,44100,1,unspecified,,n/a,augmented,SS-HOR-0710,1.000,2.000,ca8c1ed929180703846eb3221d04211e2e83aa8f05f3d861c0ed941d21c2fa36,train,tm-v3,offsets are in the preprocessed (trimmed) signal; split inherited from the parent
SS-HOR-0627S1,gtm_samples/vehicle_horn/SS-HOR-0627S1.wav,Vehicle Horn,derived:TM window of SS-HOR-0627,https://urbansounddataset.weebly.com/urbansound8k.html,CC-BY-4.0,"Justin Salamon, Duncan Jacoby, Juan Pablo Bello",2026-09-26,0.738,44100,1,unspecified,,n/a,augmented,SS-HOR-0627,0.000,1.000,e4fa1dd4a0a28c95181ed4f071ef9826f58bc8f9d6fdf60384368073c66411ec,train,tm-v3,offsets are in the preprocessed (trimmed) signal; split inherited from the parent
SS-HOR-0718S1,gtm_samples/vehicle_horn/SS-HOR-0718S1.wav,Vehicle Horn,derived:TM window of SS-HOR-0718,https://urbansounddataset.weebly.com/urbansound8k.html,CC-BY-4.0,"Justin Salamon, Duncan Jacoby, Juan Pablo Bello",2026-09-26,1.000,44100,1,unspecified,,n/a,augmented,SS-HOR-0718,3.000,4.000,ef55a156f2c51001167f70e84e6cc09222f46565acc137760beb811182253949,train,tm-v3,offsets are in the preprocessed (trimmed) signal; split inherited from the parent
SS-HOR-0671S1,gtm_samples/vehicle_horn/SS-HOR-0671S1.wav,Vehicle Horn,derived:TM window of SS-HOR-0671,https://urbansounddataset.weebly.com/urbansound8k.html,CC-BY-4.0,"Justin Salamon, Duncan Jacoby, Juan Pablo Bello",2026-09-26,1.000,44100,1,unspecified,,n/a,augmented,SS-HOR-0671,0.000,1.000,28d8817384fb039fde04f970fead2c2f4ba41f6ceb55fd23b2f5dcab24ca90ad,train,tm-v3,offsets are in the preprocessed (trimmed) signal; split inherited from the parent
SS-HOR-0622S1,gtm_samples/vehicle_horn/SS-HOR-0622S1.wav,Vehicle Horn,derived:TM window of SS-HOR-0622,https://urbansounddataset.weebly.com/urbansound8k.html,CC-BY-4.0,"Justin Salamon, Duncan Jacoby, Juan Pablo Bello",2026-09-26,1.000,44100,1,unspecified,,n/a,augmented,SS-HOR-0622,0.000,1.000,d1ab56ba9641a4b535c19ecf787e77469d28a60d563066113f80fcabceab9f11,train,tm-v3,offsets are in the preprocessed (trimmed) signal; split inherited from the parent
SS-HOR-0682S1,gtm_samples/vehicle_horn/SS-HOR-0682S1.wav,Vehicle Horn,derived:TM window of SS-HOR-0682,https://urbansounddataset.weebly.com/urbansound8k.html,CC-BY-4.0,"Justin Salamon, Duncan Jacoby, Juan Pablo Bello",2026-09-26,1.000,44100,1,unspecified,,n/a,augmented,SS-HOR-0682,0.000,1.000,4a99762e2dbac8293490ed3ba3913d037f28c939e81e34db9883ae97dc533bf1,train,tm-v3,offsets are in the preprocessed (trimmed) signal; split inherited from the parent
SS-HOR-0037S1,gtm_samples/vehicle_horn/SS-HOR-0037S1.wav,Vehicle Horn,derived:TM window of SS-HOR-0037,https://freesound.org/s/77509/,CC-BY-3.0,NoiseCollector,2026-09-26,1.000,44100,1,outdoor,unspecified,n/a,augmented,SS-HOR-0037,2.500,3.500,f340405299766cd0d787560bfe2e2ac900eec7da783eae9e004383b8427dff58,train,tm-v3,offsets are in the preprocessed (trimmed) signal; split inherited from the parent
SS-HOR-0020S1,gtm_samples/vehicle_horn/SS-HOR-0020S1.wav,Vehicle Horn,derived:TM window of SS-HOR-0020,https://freesound.org/s/394655/,CC0-1.0,DigPro120,2026-09-26,0.691,44100,1,unspecified,unspecified,n/a,augmented,SS-HOR-0020,0.000,1.000,c1373b5a3102c44beeee37d1ce6966a67ee0c9bcaf7fd10cab0261cf5a446af0,train,tm-v3,offsets are in the preprocessed (trimmed) signal; split inherited from the parent
SS-HOR-0652S1,gtm_samples/vehicle_horn/SS-HOR-0652S1.wav,Vehicle Horn,derived:TM window of SS-HOR-0652,https://urbansounddataset.weebly.com/urbansound8k.html,CC-BY-4.0,"Justin Salamon, Duncan Jacoby, Juan Pablo Bello",2026-09-26,0.756,44100,1,unspecified,,n/a,augmented,SS-HOR-0652,0.000,1.000,da9565a05d1d022b8b427e6e81949ee0b9d5227800244c887d94cbedc2392a5a,train,tm-v3,offsets are in the preprocessed (trimmed) signal; split inherited from the parent
SS-HOR-0677S1,gtm_samples/vehicle_horn/SS-HOR-0677S1.wav,Vehicle Horn,derived:TM window of SS-HOR-0677,https://urbansounddataset.weebly.com/urbansound8k.html,CC-BY-4.0,"Justin Salamon, Duncan Jacoby, Juan Pablo Bello",2026-09-26,0.660,44100,1,unspecified,,n/a,augmented,SS-HOR-0677,0.000,1.000,c1b98e3315a1b356ffa34eae16ac52e805d9c113c75eda96bdbf355cc077c35c,train,tm-v3,offsets are in the preprocessed (trimmed) signal; split inherited from the parent
SS-HOR-0618S1,gtm_samples/vehicle_horn/SS-HOR-0618S1.wav,Vehicle Horn,derived:TM window of SS-HOR-0618,https://urbansounddataset.weebly.com/urbansound8k.html,CC-BY-4.0,"Justin Salamon, Duncan Jacoby, Juan Pablo Bello",2026-09-26,0.760,44100,1,unspecified,,n/a,augmented,SS-HOR-0618,0.000,1.000,d138c7ecd3f6e136617b10d770bd7d0166559a7db1c56a1dfbf439b2b4a74609,train,tm-v3,offsets are in the preprocessed (trimmed) signal; split inherited from the parent
SS-HOR-0091S1,gtm_samples/vehicle_horn/SS-HOR-0091S1.wav,Vehicle Horn,derived:TM window of SS-HOR-0091,https://freesound.org/s/118078/,CC0-1.0,ipears1,2026-09-26,1.000,44100,1,unspecified,unspecified,n/a,augmented,SS-HOR-0091,3.000,4.000,55c6eea1e5a986d938fd85ef7fe8bbd61efc7c16abc4dd0f8454a63649bba325,train,tm-v3,offsets are in the preprocessed (trimmed) signal; split inherited from the parent
SS-HOR-0065S1,gtm_samples/vehicle_horn/SS-HOR-0065S1.wav,Vehicle Horn,derived:TM window of SS-HOR-0065,https://freesound.org/s/145577/,CC-BY-3.0,bmoreno,2026-09-26,1.000,44100,1,outdoor,unspecified,n/a,augmented,SS-HOR-0065,0.000,1.000,3a3085aec86e8a7fb549a6435de27819bdaf74fdf71e8f9d51c1a404b7a5bfc6,train,tm-v3,offsets are in the preprocessed (trimmed) signal; split inherited from the parent
SS-HOR-0547S1,gtm_samples/vehicle_horn/SS-HOR-0547S1.wav,Vehicle Horn,derived:TM window of SS-HOR-0547,https://urbansounddataset.weebly.com/urbansound8k.html,CC-BY-4.0,"Justin Salamon, Duncan Jacoby, Juan Pablo Bello",2026-09-26,0.829,44100,1,unspecified,,n/a,augmented,SS-HOR-0547,0.000,1.000,ced3982807543c8e81ab83a8f2f364032d17c33cd7e3e6610f39723c9eefe6ca,train,tm-v3,offsets are in the preprocessed (trimmed) signal; split inherited from the parent
SS-HOR-0592S1,gtm_samples/vehicle_horn/SS-HOR-0592S1.wav,Vehicle Horn,derived:TM window of SS-HOR-0592,https://urbansounddataset.weebly.com/urbansound8k.html,CC-BY-4.0,"Justin Salamon, Duncan Jacoby, Juan Pablo Bello",2026-09-26,0.678,44100,1,unspecified,,n/a,augmented,SS-HOR-0592,0.000,1.000,9538115854b3517c04e0b926a9afa05119a414d381344fa543baaba84c6d1eb0,train,tm-v3,offsets are in the preprocessed (trimmed) signal; split inherited from the parent
SS-HOR-0616S1,gtm_samples/vehicle_horn/SS-HOR-0616S1.wav,Vehicle Horn,derived:TM window of SS-HOR-0616,https://urbansounddataset.weebly.com/urbansound8k.html,CC-BY-4.0,"Justin Salamon, Duncan Jacoby, Juan Pablo Bello",2026-09-26,0.860,44100,1,unspecified,,n/a,augmented,SS-HOR-0616,0.000,1.000,feecdb285cc7af80586c79f4e970060c17477214393bdc8c04ae2d82fd60837c,train,tm-v3,offsets are in the preprocessed (trimmed) signal; split inherited from the parent
SS-HOR-0676S1,gtm_samples/vehicle_horn/SS-HOR-0676S1.wav,Vehicle Horn,derived:TM window of SS-HOR-0676,https://urbansounddataset.weebly.com/urbansound8k.html,CC-BY-4.0,"Justin Salamon, Duncan Jacoby, Juan Pablo Bello",2026-09-26,1.000,44100,1,unspecified,,n/a,augmented,SS-HOR-0676,0.000,1.000,5cbe0af075b478d8bf0a25423e0abf61bbe73967f8b247ba0d6b5d430fbc4608,train,tm-v3,offsets are in the preprocessed (trimmed) signal; split inherited from the parent
SS-HOR-0705S1,gtm_samples/vehicle_horn/SS-HOR-0705S1.wav,Vehicle Horn,derived:TM window of SS-HOR-0705,https://urbansounddataset.weebly.com/urbansound8k.html,CC-BY-4.0,"Justin Salamon, Duncan Jacoby, Juan Pablo Bello",2026-09-26,1.000,44100,1,unspecified,,n/a,augmented,SS-HOR-0705,2.500,3.500,fd01c843c94e2fbc03f3bd1bc1433d97f3461d4e5d23d150f8d2c7b7bdb9727d,train,tm-v3,offsets are in the preprocessed (trimmed) signal; split inherited from the parent
SS-HOR-0082S1,gtm_samples/vehicle_horn/SS-HOR-0082S1.wav,Vehicle Horn,derived:TM window of SS-HOR-0082,https://freesound.org/s/44791/,CC-BY-3.0,gezortenplotz,2026-09-26,1.000,44100,1,outdoor,unspecified,n/a,augmented,SS-HOR-0082,25.500,26.500,a90bfcb25e032cde31fc8e5430bd006838132177d8d55635928d4673adca1bfb,train,tm-v3,offsets are in the preprocessed (trimmed) signal; split inherited from the parent
SS-HOR-0694S1,gtm_samples/vehicle_horn/SS-HOR-0694S1.wav,Vehicle Horn,derived:TM window of SS-HOR-0694,https://urbansounddataset.weebly.com/urbansound8k.html,CC-BY-4.0,"Justin Salamon, Duncan Jacoby, Juan Pablo Bello",2026-09-26,1.000,44100,1,unspecified,,n/a,augmented,SS-HOR-0694,1.000,2.000,f1f4faf32069695860bfaf46726b4fb4f581fe7e8e091cdf5ed1240c36a41a6e,train,tm-v3,offsets are in the preprocessed (trimmed) signal; split inherited from the parent
SS-HOR-0545S1,gtm_samples/vehicle_horn/SS-HOR-0545S1.wav,Vehicle Horn,derived:TM window of SS-HOR-0545,https://urbansounddataset.weebly.com/urbansound8k.html,CC-BY-4.0,"Justin Salamon, Duncan Jacoby, Juan Pablo Bello",2026-09-26,1.000,44100,1,unspecified,,n/a,augmented,SS-HOR-0545,0.500,1.500,e99ac784cc3beae7587bead72357b1dc4274d26e957181999b5ff0d3b7fe26e9,train,tm-v3,offsets are in the preprocessed (trimmed) signal; split inherited from the parent
SS-HOR-0709S1,gtm_samples/vehicle_horn/SS-HOR-0709S1.wav,Vehicle Horn,derived:TM window of SS-HOR-0709,https://urbansounddataset.weebly.com/urbansound8k.html,CC-BY-4.0,"Justin Salamon, Duncan Jacoby, Juan Pablo Bello",2026-09-26,1.000,44100,1,unspecified,,n/a,augmented,SS-HOR-0709,3.000,4.000,540aedc33263bee03604a5347e6589cd01356ced73e378ed6e938f7c972390bc,train,tm-v3,offsets are in the preprocessed (trimmed) signal; split inherited from the parent
SS-HOR-0026S1,gtm_samples/vehicle_horn/SS-HOR-0026S1.wav,Vehicle Horn,derived:TM window of SS-HOR-0026,https://freesound.org/s/28165/,CC0-1.0,Heigh-hoo,2026-09-26,1.000,44100,1,outdoor,unspecified,n/a,augmented,SS-HOR-0026,0.000,1.000,657e742dd300442fe7afb177834d2405359b90751600cf35acbf6159058898ee,train,tm-v3,offsets are in the preprocessed (trimmed) signal; split inherited from the parent
SS-HOR-0556S1,gtm_samples/vehicle_horn/SS-HOR-0556S1.wav,Vehicle Horn,derived:TM window of SS-HOR-0556,https://urbansounddataset.weebly.com/urbansound8k.html,CC-BY-4.0,"Justin Salamon, Duncan Jacoby, Juan Pablo Bello",2026-09-26,0.806,44100,1,unspecified,,n/a,augmented,SS-HOR-0556,0.000,1.000,daec337d9e0a6230aff527290b1934db9a8213918a51990de20502877ec15c1f,train,tm-v3,offsets are in the preprocessed (trimmed) signal; split inherited from the parent
SS-HOR-0041S1,gtm_samples/vehicle_horn/SS-HOR-0041S1.wav,Vehicle Horn,derived:TM window of SS-HOR-0041,https://freesound.org/s/425496/,CC-BY-3.0,Soundholder,2026-09-26,1.000,44100,1,outdoor,unspecified,n/a,augmented,SS-HOR-0041,0.000,1.000,9b587a1b0c3573d25a5e5956f249021cf7945fa968a5ff042ae1cc31c5a1ecd2,train,tm-v3,offsets are in the preprocessed (trimmed) signal; split inherited from the parent
SS-HOR-0596S1,gtm_samples/vehicle_horn/SS-HOR-0596S1.wav,Vehicle Horn,derived:TM window of SS-HOR-0596,https://urbansounddataset.weebly.com/urbansound8k.html,CC-BY-4.0,"Justin Salamon, Duncan Jacoby, Juan Pablo Bello",2026-09-26,1.000,44100,1,unspecified,,n/a,augmented,SS-HOR-0596,0.500,1.500,698dd11740d7121f405ef484558e52f442e0f3e2d5d112371786473dbf2f085c,train,tm-v3,offsets are in the preprocessed (trimmed) signal; split inherited from the parent
SS-HOR-0052S1,gtm_samples/vehicle_horn/SS-HOR-0052S1.wav,Vehicle Horn,derived:TM window of SS-HOR-0052,https://freesound.org/s/254507/,CC-BY-3.0,YleArkisto,2026-09-26,1.000,44100,1,outdoor,unspecified,n/a,augmented,SS-HOR-0052,1.000,2.000,bc9e628291fdf382da2e6011d3e0516abbde2b0c0180cf64a50e2e584dcfb336,train,tm-v3,offsets are in the preprocessed (trimmed) signal; split inherited from the parent
SS-HOR-0711S1,gtm_samples/vehicle_horn/SS-HOR-0711S1.wav,Vehicle Horn,derived:TM window of SS-HOR-0711,https://urbansounddataset.weebly.com/urbansound8k.html,CC-BY-4.0,"Justin Salamon, Duncan Jacoby, Juan Pablo Bello",2026-09-26,1.000,44100,1,unspecified,,n/a,augmented,SS-HOR-0711,0.000,1.000,246efc8b8013a1b17bb690bcf151d27bfebd295b99fceb147cf7d8f2a5f059cf,train,tm-v3,offsets are in the preprocessed (trimmed) signal; split inherited from the parent
SS-HOR-0005S1,gtm_samples/vehicle_horn/SS-HOR-0005S1.wav,Vehicle Horn,derived:TM window of SS-HOR-0005,https://freesound.org/s/100265/,CC-BY-3.0,2hear,2026-09-26,1.000,44100,1,outdoor,unspecified,n/a,augmented,SS-HOR-0005,14.000,15.000,bc9e2c925cabf3d06b2fdbfc022b45ad8932b184f85ca16a98a6a2a29b07d08a,train,tm-v3,offsets are in the preprocessed (trimmed) signal; split inherited from the parent
SS-HOR-0674S1,gtm_samples/vehicle_horn/SS-HOR-0674S1.wav,Vehicle Horn,derived:TM window of SS-HOR-0674,https://urbansounddataset.weebly.com/urbansound8k.html,CC-BY-4.0,"Justin Salamon, Duncan Jacoby, Juan Pablo Bello",2026-09-26,1.000,44100,1,unspecified,,n/a,augmented,SS-HOR-0674,1.000,2.000,22bb60645a80445fb231deb025009807f5254f11d8e6b49bfd2e6b6da541c752,train,tm-v3,offsets are in the preprocessed (trimmed) signal; split inherited from the parent
SS-HOR-0706S1,gtm_samples/vehicle_horn/SS-HOR-0706S1.wav,Vehicle Horn,derived:TM window of SS-HOR-0706,https://urbansounddataset.weebly.com/urbansound8k.html,CC-BY-4.0,"Justin Salamon, Duncan Jacoby, Juan Pablo Bello",2026-09-26,1.000,44100,1,unspecified,,n/a,augmented,SS-HOR-0706,0.500,1.500,c983ebce94d77b34267339b737272bae7e950056106d20ee142cf41ab023bcf8,train,tm-v3,offsets are in the preprocessed (trimmed) signal; split inherited from the parent
SS-HOR-0701S1,gtm_samples/vehicle_horn/SS-HOR-0701S1.wav,Vehicle Horn,derived:TM window of SS-HOR-0701,https://urbansounddataset.weebly.com/urbansound8k.html,CC-BY-4.0,"Justin Salamon, Duncan Jacoby, Juan Pablo Bello",2026-09-26,1.000,44100,1,unspecified,,n/a,augmented,SS-HOR-0701,3.000,4.000,a3eb4fda5effdf7ce919f9edc350f47b2cc734eb0050982365af4f1727cc5ac2,train,tm-v3,offsets are in the preprocessed (trimmed) signal; split inherited from the parent
SS-HOR-0619S1,gtm_samples/vehicle_horn/SS-HOR-0619S1.wav,Vehicle Horn,derived:TM window of SS-HOR-0619,https://urbansounddataset.weebly.com/urbansound8k.html,CC-BY-4.0,"Justin Salamon, Duncan Jacoby, Juan Pablo Bello",2026-09-26,0.579,44100,1,unspecified,,n/a,augmented,SS-HOR-0619,0.000,1.000,6772f7da3c37224bd4fbe81bb95e30fa55d50ed7416b6138b3ed7efb81401c40,train,tm-v3,offsets are in the preprocessed (trimmed) signal; split inherited from the parent
SS-HOR-0101S1,gtm_samples/vehicle_horn/SS-HOR-0101S1.wav,Vehicle Horn,derived:TM window of SS-HOR-0101,https://freesound.org/s/118807/,CC0-1.0,lmbubec,2026-09-26,1.000,44100,1,unspecified,unspecified,n/a,augmented,SS-HOR-0101,2.000,3.000,102ac3d393c2287d24fbb8062d1bd2f037d4bbb73e69477b2434188a2d0e15d9,train,tm-v3,offsets are in the preprocessed (trimmed) signal; split inherited from the parent
SS-HOR-0098S1,gtm_samples/vehicle_horn/SS-HOR-0098S1.wav,Vehicle Horn,derived:TM window of SS-HOR-0098,https://freesound.org/s/209970/,CC0-1.0,jrosin,2026-09-26,1.000,44100,1,outdoor,unspecified,n/a,augmented,SS-HOR-0098,0.000,1.000,032607982b5388c90673fee868b177d506fc5a57b6a3fec9e1946794e6ad5b78,train,tm-v3,offsets are in the preprocessed (trimmed) signal; split inherited from the parent
SS-HOR-0623S1,gtm_samples/vehicle_horn/SS-HOR-0623S1.wav,Vehicle Horn,derived:TM window of SS-HOR-0623,https://urbansounddataset.weebly.com/urbansound8k.html,CC-BY-4.0,"Justin Salamon, Duncan Jacoby, Juan Pablo Bello",2026-09-26,0.943,44100,1,unspecified,,n/a,augmented,SS-HOR-0623,0.000,1.000,03daa8002b9ac493fedddc7fe15791a35d4d7093d17d2b54466bc0144d5c158d,train,tm-v3,offsets are in the preprocessed (trimmed) signal; split inherited from the parent
SS-HOR-0045S1,gtm_samples/vehicle_horn/SS-HOR-0045S1.wav,Vehicle Horn,derived:TM window of SS-HOR-0045,https://freesound.org/s/27882/,CC-BY-3.0,Stickinthemud,2026-09-26,0.716,44100,1,unspecified,unspecified,n/a,augmented,SS-HOR-0045,0.000,1.000,1b66797a74a87080dc1d0b37ac30b535dd161b4a4f6fda27106e9b40c87dd6b5,train,tm-v3,offsets are in the preprocessed (trimmed) signal; split inherited from the parent
SS-HOR-0629S1,gtm_samples/vehicle_horn/SS-HOR-0629S1.wav,Vehicle Horn,derived:TM window of SS-HOR-0629,https://urbansounddataset.weebly.com/urbansound8k.html,CC-BY-4.0,"Justin Salamon, Duncan Jacoby, Juan Pablo Bello",2026-09-26,0.817,44100,1,unspecified,,n/a,augmented,SS-HOR-0629,0.000,1.000,954d4ff3609452858f00d9b5cf278b33d09600aaeab3db61970a2bb659de748c,train,tm-v3,offsets are in the preprocessed (trimmed) signal; split inherited from the parent
SS-HOR-0628S1,gtm_samples/vehicle_horn/SS-HOR-0628S1.wav,Vehicle Horn,derived:TM window of SS-HOR-0628,https://urbansounddataset.weebly.com/urbansound8k.html,CC-BY-4.0,"Justin Salamon, Duncan Jacoby, Juan Pablo Bello",2026-09-26,1.000,44100,1,unspecified,,n/a,augmented,SS-HOR-0628,0.000,1.000,62591994276e80f136930f35c2094515c5d3a76fb16ef999c1d8feb3893a56db,train,tm-v3,offsets are in the preprocessed (trimmed) signal; split inherited from the parent
SS-HOR-0532S1,gtm_samples/vehicle_horn/SS-HOR-0532S1.wav,Vehicle Horn,derived:TM window of SS-HOR-0532,https://github.com/karolpiczak/ESC-50,CC-BY-4.0,Karol J. Piczak,2026-09-26,1.000,44100,1,unspecified,,n/a,augmented,SS-HOR-0532,0.000,1.000,62005bf41f55a4d706ee5c9a1409b74ece5980ed6411ec65fb3152e52e943ce1,train,tm-v3,offsets are in the preprocessed (trimmed) signal; split inherited from the parent
SS-HOR-0109S1,gtm_samples/vehicle_horn/SS-HOR-0109S1.wav,Vehicle Horn,derived:TM window of SS-HOR-0109,https://freesound.org/s/271110/,CC-BY-3.0,mshahen,2026-09-26,1.000,44100,1,unspecified,unspecified,n/a,augmented,SS-HOR-0109,11.500,12.500,b0b19514bdfbdb89485c3afa79f508289716f9a2e81c97c65f1f593a22e69121,train,tm-v3,offsets are in the preprocessed (trimmed) signal; split inherited from the parent
SS-HOR-0023S1,gtm_samples/vehicle_horn/SS-HOR-0023S1.wav,Vehicle Horn,derived:TM window of SS-HOR-0023,https://freesound.org/s/381775/,CC-BY-3.0,DomainHunter,2026-09-26,0.447,44100,1,unspecified,unspecified,n/a,augmented,SS-HOR-0023,0.000,1.000,e72abf1fbc3f62698859bbd6b64be3092205c2ea03e9dbbbcf5640a626e4c491,train,tm-v3,offsets are in the preprocessed (trimmed) signal; split inherited from the parent
SS-HOR-0036S1,gtm_samples/vehicle_horn/SS-HOR-0036S1.wav,Vehicle Horn,derived:TM window of SS-HOR-0036,https://freesound.org/s/347964/,CC-BY-3.0,Nkzdra,2026-09-26,1.000,44100,1,vehicle,unspecified,n/a,augmented,SS-HOR-0036,14.500,15.500,594507b73679bc1cf59a06721f2ec1e8d38edcb0b98ce25cb96d0ac5b45fc111,train,tm-v3,offsets are in the preprocessed (trimmed) signal; split inherited from the parent
SS-HOR-0092S1,gtm_samples/vehicle_horn/SS-HOR-0092S1.wav,Vehicle Horn,derived:TM window of SS-HOR-0092,https://freesound.org/s/174840/,CC-BY-3.0,jakobthiesen,2026-09-26,1.000,44100,1,unspecified,unspecified,n/a,augmented,SS-HOR-0092,0.000,1.000,e493204a594d60ba8e5079855336a6d63adc2d844350c94f92634e82812db07d,train,tm-v3,offsets are in the preprocessed (trimmed) signal; split inherited from the parent
SS-HOR-0126S1,gtm_samples/vehicle_horn/SS-HOR-0126S1.wav,Vehicle Horn,derived:TM window of SS-HOR-0126,https://freesound.org/s/254907/,CC0-1.0,tsidilin,2026-09-26,1.000,44100,1,outdoor,unspecified,n/a,augmented,SS-HOR-0126,2.500,3.500,729e0173b99f9891191ca4cc3bac66165df002d1a9b8f64ebdb47b3e94168772,train,tm-v3,offsets are in the preprocessed (trimmed) signal; split inherited from the parent
SS-HOR-0702S1,gtm_samples/vehicle_horn/SS-HOR-0702S1.wav,Vehicle Horn,derived:TM window of SS-HOR-0702,https://urbansounddataset.weebly.com/urbansound8k.html,CC-BY-4.0,"Justin Salamon, Duncan Jacoby, Juan Pablo Bello",2026-09-26,1.000,44100,1,unspecified,,n/a,augmented,SS-HOR-0702,1.500,2.500,45b893d949fb369ea07aff1c342850ebe1ae04b71f97a09c53096393d69b4db5,train,tm-v3,offsets are in the preprocessed (trimmed) signal; split inherited from the parent
SS-HOR-0034S1,gtm_samples/vehicle_horn/SS-HOR-0034S1.wav,Vehicle Horn,derived:TM window of SS-HOR-0034,https://freesound.org/s/379754/,CC-BY-3.0,MicrosoftSam,2026-09-26,1.000,44100,1,outdoor,unspecified,n/a,augmented,SS-HOR-0034,0.000,1.000,2b97d2b893394812c9fca26abc82f2f3a7db7cb68177ff699c09e7ad2150b026,train,tm-v3,offsets are in the preprocessed (trimmed) signal; split inherited from the parent
SS-HOR-0699S1,gtm_samples/vehicle_horn/SS-HOR-0699S1.wav,Vehicle Horn,derived:TM window of SS-HOR-0699,https://urbansounddataset.weebly.com/urbansound8k.html,CC-BY-4.0,"Justin Salamon, Duncan Jacoby, Juan Pablo Bello",2026-09-26,1.000,44100,1,unspecified,,n/a,augmented,SS-HOR-0699,0.000,1.000,7d8dcfc072b4bb28ece828be60bcaf3d5282339d2ed47cef0f0aabf941ad9f7a,train,tm-v3,offsets are in the preprocessed (trimmed) signal; split inherited from the parent
SS-HOR-0632S1,gtm_samples/vehicle_horn/SS-HOR-0632S1.wav,Vehicle Horn,derived:TM window of SS-HOR-0632,https://urbansounddataset.weebly.com/urbansound8k.html,CC-BY-4.0,"Justin Salamon, Duncan Jacoby, Juan Pablo Bello",2026-09-26,1.000,44100,1,unspecified,,n/a,augmented,SS-HOR-0632,0.500,1.500,829684762915d84a4092281baf9b5ade39d0b55cda9fc8a954220367be4bbd1e,train,tm-v3,offsets are in the preprocessed (trimmed) signal; split inherited from the parent
SS-HOR-0024S1,gtm_samples/vehicle_horn/SS-HOR-0024S1.wav,Vehicle Horn,derived:TM window of SS-HOR-0024,https://freesound.org/s/424603/,CC0-1.0,FiddlingAround121,2026-09-26,1.000,44100,1,unspecified,unspecified,n/a,augmented,SS-HOR-0024,0.000,1.000,efbc1fdd51483fce94fe188a8d4d84104308a1b7430893073e2fb02fec6d9c0a,train,tm-v3,offsets are in the preprocessed (trimmed) signal; split inherited from the parent
SS-HOR-0713S1,gtm_samples/vehicle_horn/SS-HOR-0713S1.wav,Vehicle Horn,derived:TM window of SS-HOR-0713,https://urbansounddataset.weebly.com/urbansound8k.html,CC-BY-4.0,"Justin Salamon, Duncan Jacoby, Juan Pablo Bello",2026-09-26,1.000,44100,1,unspecified,,n/a,augmented,SS-HOR-0713,0.000,1.000,53fc4d09f70f357077271c1c54493f8f17992674ddf05c8dbd21cc50c943838f,train,tm-v3,offsets are in the preprocessed (trimmed) signal; split inherited from the parent
SS-HOR-0521S1,gtm_samples/vehicle_horn/SS-HOR-0521S1.wav,Vehicle Horn,derived:TM window of SS-HOR-0521,https://github.com/karolpiczak/ESC-50,CC-BY-4.0,Karol J. Piczak,2026-09-26,1.000,44100,1,unspecified,,n/a,augmented,SS-HOR-0521,1.500,2.500,a16497ad55257abc0aa9de10beff9c4b5ae4a876167375d948f0431dcdd8d012,train,tm-v3,offsets are in the preprocessed (trimmed) signal; split inherited from the parent
SS-HOR-0525S1,gtm_samples/vehicle_horn/SS-HOR-0525S1.wav,Vehicle Horn,derived:TM window of SS-HOR-0525,https://github.com/karolpiczak/ESC-50,CC-BY-4.0,Karol J. Piczak,2026-09-26,1.000,44100,1,unspecified,,n/a,augmented,SS-HOR-0525,0.000,1.000,201e2f3684496a41fca8675141cff113537e5686ea07af9e2c04b84fcc647ee4,train,tm-v3,offsets are in the preprocessed (trimmed) signal; split inherited from the parent
SS-HOR-0536S1,gtm_samples/vehicle_horn/SS-HOR-0536S1.wav,Vehicle Horn,derived:TM window of SS-HOR-0536,https://github.com/karolpiczak/ESC-50,CC-BY-4.0,Karol J. Piczak,2026-09-26,1.000,44100,1,unspecified,,n/a,augmented,SS-HOR-0536,0.000,1.000,068d4534f206f37a09b59945ab496a57849485d5856684b87703e868784ae5ad,train,tm-v3,offsets are in the preprocessed (trimmed) signal; split inherited from the parent
SS-HOR-0110S1,gtm_samples/vehicle_horn/SS-HOR-0110S1.wav,Vehicle Horn,derived:TM window of SS-HOR-0110,https://freesound.org/s/276965/,CC-BY-3.0,odilonmarcenaro,2026-09-26,1.000,44100,1,unspecified,unspecified,n/a,augmented,SS-HOR-0110,3.000,4.000,040c20edef43d2aee488a0b7e2cb8395b1c5ca9132017c5aaba6d6fa06eb60fa,train,tm-v3,offsets are in the preprocessed (trimmed) signal; split inherited from the parent
SS-HOR-0553S1,gtm_samples/vehicle_horn/SS-HOR-0553S1.wav,Vehicle Horn,derived:TM window of SS-HOR-0553,https://urbansounddataset.weebly.com/urbansound8k.html,CC-BY-4.0,"Justin Salamon, Duncan Jacoby, Juan Pablo Bello",2026-09-26,0.860,44100,1,unspecified,,n/a,augmented,SS-HOR-0553,0.000,1.000,471733bab5bb132f03f80385f0e7ba45737dc9a15364adc23c096de6d398c69b,train,tm-v3,offsets are in the preprocessed (trimmed) signal; split inherited from the parent
SS-HOR-0720S1,gtm_samples/vehicle_horn/SS-HOR-0720S1.wav,Vehicle Horn,derived:TM window of SS-HOR-0720,https://urbansounddataset.weebly.com/urbansound8k.html,CC-BY-4.0,"Justin Salamon, Duncan Jacoby, Juan Pablo Bello",2026-09-26,1.000,44100,1,unspecified,,n/a,augmented,SS-HOR-0720,0.000,1.000,be6c4e38456b94913fd7c8622e656824d2190fb9206079bb14d63ea16c1994ef,train,tm-v3,offsets are in the preprocessed (trimmed) signal; split inherited from the parent
SS-HOR-0595S1,gtm_samples/vehicle_horn/SS-HOR-0595S1.wav,Vehicle Horn,derived:TM window of SS-HOR-0595,https://urbansounddataset.weebly.com/urbansound8k.html,CC-BY-4.0,"Justin Salamon, Duncan Jacoby, Juan Pablo Bello",2026-09-26,0.639,44100,1,unspecified,,n/a,augmented,SS-HOR-0595,0.000,1.000,9d42007b205884398ce5f6a16156e31ea12e9a285141f8428804a0330f0f9f3f,train,tm-v3,offsets are in the preprocessed (trimmed) signal; split inherited from the parent
SS-HOR-0683S1,gtm_samples/vehicle_horn/SS-HOR-0683S1.wav,Vehicle Horn,derived:TM window of SS-HOR-0683,https://urbansounddataset.weebly.com/urbansound8k.html,CC-BY-4.0,"Justin Salamon, Duncan Jacoby, Juan Pablo Bello",2026-09-26,1.000,44100,1,unspecified,,n/a,augmented,SS-HOR-0683,0.000,1.000,0655e24d9f303001cf9f12f040914b2e05b6c12a404537e4805b3cd1bb9c6407,train,tm-v3,offsets are in the preprocessed (trimmed) signal; split inherited from the parent
SS-HOR-0614S1,gtm_samples/vehicle_horn/SS-HOR-0614S1.wav,Vehicle Horn,derived:TM window of SS-HOR-0614,https://urbansounddataset.weebly.com/urbansound8k.html,CC-BY-4.0,"Justin Salamon, Duncan Jacoby, Juan Pablo Bello",2026-09-26,1.000,44100,1,unspecified,,n/a,augmented,SS-HOR-0614,0.000,1.000,fdfb328512eb19c6cfa3b865cb06d14be3a844d34510f6b661a7b1e12944f3f0,train,tm-v3,offsets are in the preprocessed (trimmed) signal; split inherited from the parent
SS-HOR-0555S1,gtm_samples/vehicle_horn/SS-HOR-0555S1.wav,Vehicle Horn,derived:TM window of SS-HOR-0555,https://urbansounddataset.weebly.com/urbansound8k.html,CC-BY-4.0,"Justin Salamon, Duncan Jacoby, Juan Pablo Bello",2026-09-26,0.868,44100,1,unspecified,,n/a,augmented,SS-HOR-0555,0.000,1.000,528658681194228e8391e559ba8fa1ae89883c6a260624ab6b383a5f91f414e9,train,tm-v3,offsets are in the preprocessed (trimmed) signal; split inherited from the parent
SS-HOR-0069S1,gtm_samples/vehicle_horn/SS-HOR-0069S1.wav,Vehicle Horn,derived:TM window of SS-HOR-0069,https://freesound.org/s/235506/,CC-BY-3.0,ceberation,2026-09-26,1.000,44100,1,unspecified,unspecified,n/a,augmented,SS-HOR-0069,2.000,3.000,328c6ab4ba76367a141033affdc1f96acc7cc6fceaeebf920895705cf0948ac0,train,tm-v3,offsets are in the preprocessed (trimmed) signal; split inherited from the parent
SS-HOR-0018S1,gtm_samples/vehicle_horn/SS-HOR-0018S1.wav,Vehicle Horn,derived:TM window of SS-HOR-0018,https://freesound.org/s/433578/,CC0-1.0,ChrisReierson,2026-09-26,0.674,44100,1,outdoor,unspecified,n/a,augmented,SS-HOR-0018,0.000,1.000,de5521120605e54cb6be6ea2c0fc674fde82bb39f2b76d795344a3b0b46e20cd,train,tm-v3,offsets are in the preprocessed (trimmed) signal; split inherited from the parent
SS-HOR-0094S1,gtm_samples/vehicle_horn/SS-HOR-0094S1.wav,Vehicle Horn,derived:TM window of SS-HOR-0094,https://freesound.org/s/268015/,CC-BY-3.0,jjamespacap,2026-09-26,1.000,44100,1,outdoor,unspecified,n/a,augmented,SS-HOR-0094,0.000,1.000,10406d0193b5d95b3ce83d31fe308d06275fbd0c8229ec5f9a776cb86ac4d8cf,train,tm-v3,offsets are in the preprocessed (trimmed) signal; split inherited from the parent
SS-HOR-0032S1,gtm_samples/vehicle_horn/SS-HOR-0032S1.wav,Vehicle Horn,derived:TM window of SS-HOR-0032,https://freesound.org/s/32417/,CC0-1.0,KRAFTWERK2K1,2026-09-26,0.829,44100,1,outdoor,unspecified,n/a,augmented,SS-HOR-0032,0.000,1.000,dc2d3c3daa1e68ef204061b3b1afaad8fcd2af3e7eed7141f631cd44247e89e5,train,tm-v3,offsets are in the preprocessed (trimmed) signal; split inherited from the parent
SS-HOR-0017S1,gtm_samples/vehicle_horn/SS-HOR-0017S1.wav,Vehicle Horn,derived:TM window of SS-HOR-0017,https://freesound.org/s/162541/,CC0-1.0,Chippy569,2026-09-26,1.000,44100,1,outdoor,unspecified,n/a,augmented,SS-HOR-0017,0.000,1.000,0b840225bcfabf364308b13b700bfa092ea497edc9d48ea00c410be543ce7359,train,tm-v3,offsets are in the preprocessed (trimmed) signal; split inherited from the parent
SS-HOR-0058S1,gtm_samples/vehicle_horn/SS-HOR-0058S1.wav,Vehicle Horn,derived:TM window of SS-HOR-0058,https://freesound.org/s/403455/,CC-BY-3.0,anez,2026-09-26,0.415,44100,1,unspecified,unspecified,n/a,augmented,SS-HOR-0058,0.000,1.000,0198070040be520d39768d05477277d07cebfde29bc74ff9103862750c8b757f,train,tm-v3,offsets are in the preprocessed (trimmed) signal; split inherited from the parent
SS-HOR-0534S1,gtm_samples/vehicle_horn/SS-HOR-0534S1.wav,Vehicle Horn,derived:TM window of SS-HOR-0534,https://github.com/karolpiczak/ESC-50,CC-BY-4.0,Karol J. Piczak,2026-09-26,1.000,44100,1,unspecified,,n/a,augmented,SS-HOR-0534,0.000,1.000,be65a497bcd4aa8689788581cacaf397d0e53cf769e93ce5fc0cf20c3abe88f5,train,tm-v3,offsets are in the preprocessed (trimmed) signal; split inherited from the parent
SS-HOR-0647S1,gtm_samples/vehicle_horn/SS-HOR-0647S1.wav,Vehicle Horn,derived:TM window of SS-HOR-0647,https://urbansounddataset.weebly.com/urbansound8k.html,CC-BY-4.0,"Justin Salamon, Duncan Jacoby, Juan Pablo Bello",2026-09-26,1.000,44100,1,unspecified,,n/a,augmented,SS-HOR-0647,0.500,1.500,8e79d852a76c4670d5d7434e77b8411be38cf8ec8175d7f6495f4c486b2f12d5,train,tm-v3,offsets are in the preprocessed (trimmed) signal; split inherited from the parent
SS-HOR-0033S1,gtm_samples/vehicle_horn/SS-HOR-0033S1.wav,Vehicle Horn,derived:TM window of SS-HOR-0033,https://freesound.org/s/329612/,CC0-1.0,LOVEBURD,2026-09-26,0.614,44100,1,unspecified,unspecified,n/a,augmented,SS-HOR-0033,0.000,1.000,52a0051c49a98808c6a4299e4ba43779a3d4ccb175955296f13cf04f0f70a150,train,tm-v3,offsets are in the preprocessed (trimmed) signal; split inherited from the parent
SS-HOR-0692S1,gtm_samples/vehicle_horn/SS-HOR-0692S1.wav,Vehicle Horn,derived:TM window of SS-HOR-0692,https://urbansounddataset.weebly.com/urbansound8k.html,CC-BY-4.0,"Justin Salamon, Duncan Jacoby, Juan Pablo Bello",2026-09-26,1.000,44100,1,unspecified,,n/a,augmented,SS-HOR-0692,0.000,1.000,4b85db7461a2df2fdf06983c4f739d59ab9bfc645b5660dc47c62e4d6dc6935b,train,tm-v3,offsets are in the preprocessed (trimmed) signal; split inherited from the parent
SS-HOR-0117S1,gtm_samples/vehicle_horn/SS-HOR-0117S1.wav,Vehicle Horn,derived:TM window of SS-HOR-0117,https://freesound.org/s/264993/,CC0-1.0,sethlind,2026-09-26,1.000,44100,1,outdoor,unspecified,n/a,augmented,SS-HOR-0117,6.000,7.000,60d3d2439004d0917eda24d1206d636f9f34e34f17cfc55e4ce0759c3ed757af,train,tm-v3,offsets are in the preprocessed (trimmed) signal; split inherited from the parent
SS-HOR-0043S1,gtm_samples/vehicle_horn/SS-HOR-0043S1.wav,Vehicle Horn,derived:TM window of SS-HOR-0043,https://freesound.org/s/210254/,CC0-1.0,Soundscape_Leuphana,2026-09-26,1.000,44100,1,outdoor,unspecified,n/a,augmented,SS-HOR-0043,0.000,1.000,1ece755815f0a39b9e9dedc94703f99602e8f752e76ebf54c6d1b3e0f9699512,train,tm-v3,offsets are in the preprocessed (trimmed) signal; split inherited from the parent
SS-HOR-0095S1,gtm_samples/vehicle_horn/SS-HOR-0095S1.wav,Vehicle Horn,derived:TM window of SS-HOR-0095,https://freesound.org/s/331540/,CC0-1.0,jmpeeples,2026-09-26,1.000,44100,1,indoor,unspecified,n/a,augmented,SS-HOR-0095,11.500,12.500,796113fa87e87195f638a25d0b45332494e3a38aa0727867bd52790f6d7fd851,train,tm-v3,offsets are in the preprocessed (trimmed) signal; split inherited from the parent
SS-HOR-0042S1,gtm_samples/vehicle_horn/SS-HOR-0042S1.wav,Vehicle Horn,derived:TM window of SS-HOR-0042,https://freesound.org/s/425848/,CC-BY-3.0,Soundholder,2026-09-26,1.000,44100,1,outdoor,unspecified,n/a,augmented,SS-HOR-0042,2.000,3.000,d4c7fe2c5d6dfd530077b2f4299233c706c00cc0d6adcfadee55c6ec71fdafc4,train,tm-v3,offsets are in the preprocessed (trimmed) signal; split inherited from the parent
SS-HOR-0703S1,gtm_samples/vehicle_horn/SS-HOR-0703S1.wav,Vehicle Horn,derived:TM window of SS-HOR-0703,https://urbansounddataset.weebly.com/urbansound8k.html,CC-BY-4.0,"Justin Salamon, Duncan Jacoby, Juan Pablo Bello",2026-09-26,1.000,44100,1,unspecified,,n/a,augmented,SS-HOR-0703,0.000,1.000,12d7246a48ba9e9375a88363b444eb4f260e25fb40de29a1414c1480e7f8b76d,train,tm-v3,offsets are in the preprocessed (trimmed) signal; split inherited from the parent
SS-HOR-0528S1,gtm_samples/vehicle_horn/SS-HOR-0528S1.wav,Vehicle Horn,derived:TM window of SS-HOR-0528,https://github.com/karolpiczak/ESC-50,CC-BY-4.0,Karol J. Piczak,2026-09-26,1.000,44100,1,unspecified,,n/a,augmented,SS-HOR-0528,1.500,2.500,37e79c1fac2dd5daf0bab84a82b4b2654fb86719bd3454277759e517b70db84b,train,tm-v3,offsets are in the preprocessed (trimmed) signal; split inherited from the parent
SS-HOR-0679S1,gtm_samples/vehicle_horn/SS-HOR-0679S1.wav,Vehicle Horn,derived:TM window of SS-HOR-0679,https://urbansounddataset.weebly.com/urbansound8k.html,CC-BY-4.0,"Justin Salamon, Duncan Jacoby, Juan Pablo Bello",2026-09-26,0.990,44100,1,unspecified,,n/a,augmented,SS-HOR-0679,0.000,1.000,9681eb8ddafd79eb27f45d2a2ded5386c5e7c27707776c65540b0ee0c22e8d9d,train,tm-v3,offsets are in the preprocessed (trimmed) signal; split inherited from the parent
SS-HOR-0696S1,gtm_samples/vehicle_horn/SS-HOR-0696S1.wav,Vehicle Horn,derived:TM window of SS-HOR-0696,https://urbansounddataset.weebly.com/urbansound8k.html,CC-BY-4.0,"Justin Salamon, Duncan Jacoby, Juan Pablo Bello",2026-09-26,1.000,44100,1,unspecified,,n/a,augmented,SS-HOR-0696,2.000,3.000,e7a6e869ccf95b1bbe732adeb380e0025aeb6410a07432f6b22bb547869214df,train,tm-v3,offsets are in the preprocessed (trimmed) signal; split inherited from the parent
SS-HOR-0590S1,gtm_samples/vehicle_horn/SS-HOR-0590S1.wav,Vehicle Horn,derived:TM window of SS-HOR-0590,https://urbansounddataset.weebly.com/urbansound8k.html,CC-BY-4.0,"Justin Salamon, Duncan Jacoby, Juan Pablo Bello",2026-09-26,1.000,44100,1,unspecified,,n/a,augmented,SS-HOR-0590,0.500,1.500,087ad670e056482dee75e3ef6599e0ae113cae37cfb0e0aa3609ca16f6ff820f,train,tm-v3,offsets are in the preprocessed (trimmed) signal; split inherited from the parent
SS-HOR-0518S1,gtm_samples/vehicle_horn/SS-HOR-0518S1.wav,Vehicle Horn,derived:TM window of SS-HOR-0518,https://github.com/karolpiczak/ESC-50,CC-BY-4.0,Karol J. Piczak,2026-09-26,1.000,44100,1,unspecified,,n/a,augmented,SS-HOR-0518,0.500,1.500,0ad93f2ca8450babf35b5b3f80bb2056ba653e75982fb028fb5bfa0ace17cf61,train,tm-v3,offsets are in the preprocessed (trimmed) signal; split inherited from the parent
SS-HOR-0029S1,gtm_samples/vehicle_horn/SS-HOR-0029S1.wav,Vehicle Horn,derived:TM window of SS-HOR-0029,https://freesound.org/s/371853/,CC0-1.0,Iamgiorgio,2026-09-26,1.000,44100,1,unspecified,unspecified,n/a,augmented,SS-HOR-0029,1.500,2.500,95c0abc16385e03a421c6afec1a674fe41058ee6ce9009921e151a2d91aada83,train,tm-v3,offsets are in the preprocessed (trimmed) signal; split inherited from the parent
SS-HOR-0046S1,gtm_samples/vehicle_horn/SS-HOR-0046S1.wav,Vehicle Horn,derived:TM window of SS-HOR-0046,https://freesound.org/s/58202/,CC-BY-3.0,THE_bizniss,2026-09-26,1.000,44100,1,outdoor,unspecified,n/a,augmented,SS-HOR-0046,0.000,1.000,d3893909c7cd038150c8b276e1c1594de691683bfccf204aea7e26378a2cf192,train,tm-v3,offsets are in the preprocessed (trimmed) signal; split inherited from the parent
SS-HOR-0015S1,gtm_samples/vehicle_horn/SS-HOR-0015S1.wav,Vehicle Horn,derived:TM window of SS-HOR-0015,https://freesound.org/s/196139/,CC0-1.0,BiblicalBricksProductions,2026-09-26,1.000,44100,1,unspecified,unspecified,n/a,augmented,SS-HOR-0015,0.000,1.000,835994b19633799d122e60da02a858803478c478dcd3954e00bf9d7eb16cdfb5,train,tm-v3,offsets are in the preprocessed (trimmed) signal; split inherited from the parent
SS-HOR-0548S1,gtm_samples/vehicle_horn/SS-HOR-0548S1.wav,Vehicle Horn,derived:TM window of SS-HOR-0548,https://urbansounddataset.weebly.com/urbansound8k.html,CC-BY-4.0,"Justin Salamon, Duncan Jacoby, Juan Pablo Bello",2026-09-26,0.576,44100,1,unspecified,,n/a,augmented,SS-HOR-0548,0.000,1.000,6f4a3f5ae7f33be6b5c50486914ee07a99784e5f67374f4eb9d0b4dce0e4e98e,train,tm-v3,offsets are in the preprocessed (trimmed) signal; split inherited from the parent
SS-HOR-0079S1,gtm_samples/vehicle_horn/SS-HOR-0079S1.wav,Vehicle Horn,derived:TM window of SS-HOR-0079,https://freesound.org/s/170848/,CC-BY-3.0,eliasheuninck,2026-09-26,1.000,44100,1,outdoor,unspecified,n/a,augmented,SS-HOR-0079,0.000,1.000,1135828d20f236d0de55cc8ce394332d254f64615be0d846c8bd072744a8dee0,train,tm-v3,offsets are in the preprocessed (trimmed) signal; split inherited from the parent
SS-HOR-0685S1,gtm_samples/vehicle_horn/SS-HOR-0685S1.wav,Vehicle Horn,derived:TM window of SS-HOR-0685,https://urbansounddataset.weebly.com/urbansound8k.html,CC-BY-4.0,"Justin Salamon, Duncan Jacoby, Juan Pablo Bello",2026-09-26,1.000,44100,1,unspecified,,n/a,augmented,SS-HOR-0685,0.000,1.000,b351716f8385db4e437a9b1e7a135df76af4e0632cc60b2d201a66803751d750,train,tm-v3,offsets are in the preprocessed (trimmed) signal; split inherited from the parent
SS-HOR-0062S1,gtm_samples/vehicle_horn/SS-HOR-0062S1.wav,Vehicle Horn,derived:TM window of SS-HOR-0062,https://freesound.org/s/349922/,CC0-1.0,bigmanjoe,2026-09-26,1.000,44100,1,vehicle,unspecified,n/a,augmented,SS-HOR-0062,1.000,2.000,2cac2ba64bc3bb7590097b443f73b5281b6f2d40f246d0e3a6b33fe96d51c21d,train,tm-v3,offsets are in the preprocessed (trimmed) signal; split inherited from the parent
SS-HOR-0061S1,gtm_samples/vehicle_horn/SS-HOR-0061S1.wav,Vehicle Horn,derived:TM window of SS-HOR-0061,https://freesound.org/s/184355/,CC-BY-3.0,balou82,2026-09-26,1.000,44100,1,outdoor,unspecified,n/a,augmented,SS-HOR-0061,4.000,5.000,8b5dfd435a1ceebf7c89e1af4ddf5dc091c1b771e1965bc8ebcea8f7fc0e50bf,train,tm-v3,offsets are in the preprocessed (trimmed) signal; split inherited from the parent
SS-HOR-0093S1,gtm_samples/vehicle_horn/SS-HOR-0093S1.wav,Vehicle Horn,derived:TM window of SS-HOR-0093,https://freesound.org/s/174841/,CC-BY-3.0,jakobthiesen,2026-09-26,0.947,44100,1,unspecified,unspecified,n/a,augmented,SS-HOR-0093,0.000,1.000,295ebde9ae7afc831878bbac6b6733b0a5b883515c7974a0c96f0930def14cf4,train,tm-v3,offsets are in the preprocessed (trimmed) signal; split inherited from the parent
SS-HOR-0509S1,gtm_samples/vehicle_horn/SS-HOR-0509S1.wav,Vehicle Horn,derived:TM window of SS-HOR-0509,https://github.com/karolpiczak/ESC-50,CC-BY-4.0,Karol J. Piczak,2026-09-26,1.000,44100,1,unspecified,,n/a,augmented,SS-HOR-0509,1.000,2.000,e1bb7dbfe11c2183bb27928c7e97fc2cf164549000962a06083d06f9c04478e0,train,tm-v3,offsets are in the preprocessed (trimmed) signal; split inherited from the parent
SS-HOR-0690S1,gtm_samples/vehicle_horn/SS-HOR-0690S1.wav,Vehicle Horn,derived:TM window of SS-HOR-0690,https://urbansounddataset.weebly.com/urbansound8k.html,CC-BY-4.0,"Justin Salamon, Duncan Jacoby, Juan Pablo Bello",2026-09-26,1.000,44100,1,unspecified,,n/a,augmented,SS-HOR-0690,2.500,3.500,058734cad97dec967041f47011c1dcc443d3ad3ba12f2bbdcb34838d40c647c7,train,tm-v3,offsets are in the preprocessed (trimmed) signal; split inherited from the parent
SS-HOR-0697S1,gtm_samples/vehicle_horn/SS-HOR-0697S1.wav,Vehicle Horn,derived:TM window of SS-HOR-0697,https://urbansounddataset.weebly.com/urbansound8k.html,CC-BY-4.0,"Justin Salamon, Duncan Jacoby, Juan Pablo Bello",2026-09-26,1.000,44100,1,unspecified,,n/a,augmented,SS-HOR-0697,0.000,1.000,d85b53e8b66c2952dfd8707d95d91c085d86aadb73a4cd772d8926cd6fa04d52,train,tm-v3,offsets are in the preprocessed (trimmed) signal; split inherited from the parent
SS-HOR-0003S1,gtm_samples/vehicle_horn/SS-HOR-0003S1.wav,Vehicle Horn,derived:TM window of SS-HOR-0003,https://freesound.org/s/377300/,CC0-1.0,13GPanska_Sekera_Krystof,2026-09-26,1.000,44100,1,unspecified,unspecified,n/a,augmented,SS-HOR-0003,0.000,1.000,fe2ac9aab988d3ebc1efde2a4484e872bee48e630e2753b07077315b044855de,train,tm-v3,offsets are in the preprocessed (trimmed) signal; split inherited from the parent
SS-HOR-0049S1,gtm_samples/vehicle_horn/SS-HOR-0049S1.wav,Vehicle Horn,derived:TM window of SS-HOR-0049,https://freesound.org/s/26176/,CC-BY-3.0,WIM,2026-09-26,1.000,44100,1,outdoor,unspecified,n/a,augmented,SS-HOR-0049,0.500,1.500,d84cbe2c95d2f89fec3b60acaf868f116794037ca9033d97f5ccebebdb123cea,train,tm-v3,offsets are in the preprocessed (trimmed) signal; split inherited from the parent
