audio_id,filename,class_label,source,source_url,licence,author,date_fetched,duration_sec,sampling_rate,channels,recording_environment,recording_device,approximate_distance,original_or_augmented,parent_audio_id,segment_start_sec,segment_end_sec,sha256,dataset_split,seed,audio_provenance,sim_environment,sim_distance_m,sim_intensity,sim_interference,voice_name,speech_rate_wpm,pitch_hz,post_chain,phrase,notes
SS-HAL-0501,synthetic/person_asking_for_help/SS-HAL-0501.wav,Person Asking for Help,procedural_synthesis:audio_dataset/scripts/generate_help_clips.py,,CC0-1.0,"sonicsentinel procedural synthesis (pyttsx3 TTS, generate_help_clips.py)",2026-09-24,0.636,16000,1,outdoor,phone_builtin,far,original,,,,eb0ce4ea3109e5d43f66a67573874672d17eebebab894df6e7b6beb15680a70d,,1120251043,synthetic,outdoor_open,,desperate,,"Chinese (Mandarin, latin as English)",156,138,clean,Help me.,tts=pyttsx3;phrase_variant='Help me.';chain=clean;synthetic=true
SS-HAL-0502,synthetic/person_asking_for_help/SS-HAL-0502.wav,Person Asking for Help,procedural_synthesis:audio_dataset/scripts/generate_help_clips.py,,CC0-1.0,"sonicsentinel procedural synthesis (pyttsx3 TTS, generate_help_clips.py)",2026-09-24,0.826,16000,1,outdoor,tablet_builtin,medium,original,,,,5b6a7d15a4f3ccb89adf67c8f7013a05dc1d9f9127e0643479cc967222a3322e,,3661410346,synthetic,outdoor_street,,urgent,,English (Caribbean),134,144,small_room,Help me!,tts=pyttsx3;phrase_variant='Help me!';chain=small_room;synthetic=true
SS-HAL-0503,synthetic/person_asking_for_help/SS-HAL-0503.wav,Person Asking for Help,procedural_synthesis:audio_dataset/scripts/generate_help_clips.py,,CC0-1.0,"sonicsentinel procedural synthesis (pyttsx3 TTS, generate_help_clips.py)",2026-09-24,0.6,16000,1,vehicle,cctv_mic,medium,original,,,,73230a4056cdcfa4c6f32115173515867c19df664157e90b683b85654c6f5a60,,3105713075,synthetic,car_interior,,desperate,,"Chinese (Mandarin, latin as English)",188,149,clean,Help me.,tts=pyttsx3;phrase_variant='Help me.';chain=clean;synthetic=true
SS-HAL-0504,synthetic/person_asking_for_help/SS-HAL-0504.wav,Person Asking for Help,procedural_synthesis:audio_dataset/scripts/generate_help_clips.py,,CC0-1.0,"sonicsentinel procedural synthesis (pyttsx3 TTS, generate_help_clips.py)",2026-09-24,1.289,16000,1,indoor,cctv_mic,near,original,,,,cb91b41e7af47ce178a22aa9ac496e2208fc74c14f463c69c3c4265063033db2,,3294945512,synthetic,indoor_room,,desperate,,English (Scotland),189,49,hall,Help me. Please.,tts=pyttsx3;phrase_variant='Help me. Please.';chain=hall;synthetic=true
SS-HAL-0505,synthetic/person_asking_for_help/SS-HAL-0505.wav,Person Asking for Help,procedural_synthesis:audio_dataset/scripts/generate_help_clips.py,,CC0-1.0,"sonicsentinel procedural synthesis (pyttsx3 TTS, generate_help_clips.py)",2026-09-24,0.6,16000,1,outdoor,wristband_mic,near,original,,,,1df1afd2410d5cac5c4f0fa83cf74ac241f0a72f3458feef8837c4b5a8ed636f,,2438414127,synthetic,outdoor_open,,calm,,English (Lancaster),189,31,slap_echo,HELP ME!,tts=pyttsx3;phrase_variant='HELP ME!';chain=slap_echo;synthetic=true
SS-HAL-0506,synthetic/person_asking_for_help/SS-HAL-0506.wav,Person Asking for Help,procedural_synthesis:audio_dataset/scripts/generate_help_clips.py,,CC0-1.0,"sonicsentinel procedural synthesis (pyttsx3 TTS, generate_help_clips.py)",2026-09-24,0.636,16000,1,outdoor,phone_builtin,far,original,,,,c6797b5192c515462408679388fa69b27a4b052cc233d96743ba4a5c1a32d2ba,,3773839147,synthetic,outdoor_open,,desperate,,"Chinese (Mandarin, latin as English)",156,138,clean,Help me.,tts=pyttsx3;phrase_variant='Help me.';chain=clean;synthetic=true
SS-HAL-0507,synthetic/person_asking_for_help/SS-HAL-0507.wav,Person Asking for Help,procedural_synthesis:audio_dataset/scripts/generate_help_clips.py,,CC0-1.0,"sonicsentinel procedural synthesis (pyttsx3 TTS, generate_help_clips.py)",2026-09-24,0.826,16000,1,outdoor,tablet_builtin,medium,original,,,,5dc4727e5839d0399d45ff77e9c34f3a15d463ebbf19cf906374cd61ef531b91,,896438442,synthetic,outdoor_street,,urgent,,English (Caribbean),134,144,small_room,Help me!,tts=pyttsx3;phrase_variant='Help me!';chain=small_room;synthetic=true
SS-HAL-0508,synthetic/person_asking_for_help/SS-HAL-0508.wav,Person Asking for Help,procedural_synthesis:audio_dataset/scripts/generate_help_clips.py,,CC0-1.0,"sonicsentinel procedural synthesis (pyttsx3 TTS, generate_help_clips.py)",2026-09-24,0.825,16000,1,indoor,usb_condenser_mic,medium,original,,,,884f75c85f178b1847e4b39904c8da9f90956d08e7f0104327992490b5cfa7cd,,3226190572,synthetic,indoor_room,,desperate,,English (Caribbean),134,145,small_room,Help me!,tts=pyttsx3;phrase_variant='Help me!';chain=small_room;synthetic=true
SS-HAL-0509,synthetic/person_asking_for_help/SS-HAL-0509.wav,Person Asking for Help,procedural_synthesis:audio_dataset/scripts/generate_help_clips.py,,CC0-1.0,"sonicsentinel procedural synthesis (pyttsx3 TTS, generate_help_clips.py)",2026-09-24,1.289,16000,1,indoor,cctv_mic,near,original,,,,63052c6b0b90eaa073c72d806683b17ab4281ef407a1158574f27e7032a91b1c,,3504088445,synthetic,indoor_room,,desperate,,English (Scotland),189,49,hall,Help me. Please.,tts=pyttsx3;phrase_variant='Help me. Please.';chain=hall;synthetic=true
SS-HAL-0510,synthetic/person_asking_for_help/SS-HAL-0510.wav,Person Asking for Help,procedural_synthesis:audio_dataset/scripts/generate_help_clips.py,,CC0-1.0,"sonicsentinel procedural synthesis (pyttsx3 TTS, generate_help_clips.py)",2026-09-24,0.6,16000,1,outdoor,wristband_mic,near,original,,,,0ad6d496d516009c980228d6285deba7282a81c9d9c467407f8ae1889f43b7f4,,2273854463,synthetic,outdoor_open,,calm,,English (Lancaster),189,31,slap_echo,HELP ME!,tts=pyttsx3;phrase_variant='HELP ME!';chain=slap_echo;synthetic=true
SS-HAL-0511,synthetic/person_asking_for_help/SS-HAL-0511.wav,Person Asking for Help,procedural_synthesis:audio_dataset/scripts/generate_help_clips.py,,CC0-1.0,"sonicsentinel procedural synthesis (pyttsx3 TTS, generate_help_clips.py)",2026-09-24,0.952,16000,1,outdoor,tablet_builtin,near,original,,,,69fdc40fdedda0b75f1cc34cdf2a3931b3f4c33cff90b801a5d8b133b3047837,,1303197551,synthetic,outdoor_street,,urgent,,English (West Midlands),165,104,street_bed,Somebody help.,tts=pyttsx3;phrase_variant='Somebody help.';chain=street_bed;synthetic=true
SS-HAL-0512,synthetic/person_asking_for_help/SS-HAL-0512.wav,Person Asking for Help,procedural_synthesis:audio_dataset/scripts/generate_help_clips.py,,CC0-1.0,"sonicsentinel procedural synthesis (pyttsx3 TTS, generate_help_clips.py)",2026-09-24,1.212,16000,1,outdoor,cctv_mic,near,original,,,,7c9dc3b89d5ed75411f5266dc14d86538d1220c43804f828b02f1ed6146a606c,,3694010786,synthetic,outdoor_street,,urgent,,English (Received Pronunciation),129,105,small_room,Somebody help!,tts=pyttsx3;phrase_variant='Somebody help!';chain=small_room;synthetic=true
SS-HAL-0513,synthetic/person_asking_for_help/SS-HAL-0513.wav,Person Asking for Help,procedural_synthesis:audio_dataset/scripts/generate_help_clips.py,,CC0-1.0,"sonicsentinel procedural synthesis (pyttsx3 TTS, generate_help_clips.py)",2026-09-24,1.077,16000,1,indoor,phone_builtin,near,original,,,,8e498744704eeb6114984fe2a99bc7e90f35eb3fd9f8dc16051fd1e619d53710,,1085414683,synthetic,indoor_hall,,urgent,,English (Shavian alphabet),179,61,crowd_bed,Somebody help me.,tts=pyttsx3;phrase_variant='Somebody help me.';chain=crowd_bed;synthetic=true
SS-HAL-0514,synthetic/person_asking_for_help/SS-HAL-0514.wav,Person Asking for Help,procedural_synthesis:audio_dataset/scripts/generate_help_clips.py,,CC0-1.0,"sonicsentinel procedural synthesis (pyttsx3 TTS, generate_help_clips.py)",2026-09-24,2.385,16000,1,outdoor,cctv_mic,medium,original,,,,9e0a875d2e9135080d1fc7bdc869aec910dd32b98ed0262e763f171fd1e4fd87,,3025016839,synthetic,outdoor_open,,calm,,English (America),153,124,slap_echo,"Somebody, please, help me!","tts=pyttsx3;phrase_variant='Somebody, please, help me!';chain=slap_echo;synthetic=true"
SS-HAL-0515,synthetic/person_asking_for_help/SS-HAL-0515.wav,Person Asking for Help,procedural_synthesis:audio_dataset/scripts/generate_help_clips.py,,CC0-1.0,"sonicsentinel procedural synthesis (pyttsx3 TTS, generate_help_clips.py)",2026-09-24,2.172,16000,1,vehicle,usb_condenser_mic,near,original,,,,df5f234aa48cc1d72bdc9a87d81df91a19e75f6a8235fabcf6b5ac2fcb37efc2,,2320854351,synthetic,car_interior,,desperate,,"English (America, New York City)",145,31,hall,"Somebody help me, please.","tts=pyttsx3;phrase_variant='Somebody help me, please.';chain=hall;synthetic=true"
SS-HAL-0516,synthetic/person_asking_for_help/SS-HAL-0516.wav,Person Asking for Help,procedural_synthesis:audio_dataset/scripts/generate_help_clips.py,,CC0-1.0,"sonicsentinel procedural synthesis (pyttsx3 TTS, generate_help_clips.py)",2026-09-24,1.939,16000,1,outdoor,lavalier_mic,far,original,,,,5bd11ba9bcaf486db21dee3d1aceafb5006a02150610e2abd32224fc5932bb85,,1705568581,synthetic,outdoor_street,,desperate,,English (Great Britain),113,40,hall,"Help me, please.","tts=pyttsx3;phrase_variant='Help me, please.';chain=hall;synthetic=true"
SS-HAL-0517,synthetic/person_asking_for_help/SS-HAL-0517.wav,Person Asking for Help,procedural_synthesis:audio_dataset/scripts/generate_help_clips.py,,CC0-1.0,"sonicsentinel procedural synthesis (pyttsx3 TTS, generate_help_clips.py)",2026-09-24,1.229,16000,1,indoor,cctv_mic,far,original,,,,e048d8a994e9d308bc6d8cc45ea1b3075210b52822ac7d07e170867cc3fb1bc0,,1394413449,synthetic,indoor_room,,urgent,,"Chinese (Mandarin, latin as English)",121,165,slap_echo,Please help me.,tts=pyttsx3;phrase_variant='Please help me.';chain=slap_echo;synthetic=true
SS-HAL-0518,synthetic/person_asking_for_help/SS-HAL-0518.wav,Person Asking for Help,procedural_synthesis:audio_dataset/scripts/generate_help_clips.py,,CC0-1.0,"sonicsentinel procedural synthesis (pyttsx3 TTS, generate_help_clips.py)",2026-09-24,1.343,16000,1,outdoor,phone_builtin,far,original,,,,7fe50f910c09339790d75933539dad54225a004e460474e1eb4108d21d30a338,,1157803220,synthetic,outdoor_open,,urgent,,English (Scotland),183,37,small_room,Help me. Please.,tts=pyttsx3;phrase_variant='Help me. Please.';chain=small_room;synthetic=true
SS-HAL-0519,synthetic/person_asking_for_help/SS-HAL-0519.wav,Person Asking for Help,procedural_synthesis:audio_dataset/scripts/generate_help_clips.py,,CC0-1.0,"sonicsentinel procedural synthesis (pyttsx3 TTS, generate_help_clips.py)",2026-09-24,2.038,16000,1,indoor,wristband_mic,near,original,,,,4e87ca22fac3a368ff88d2a6b50d4b6b065675751ed49a7645b7f801fc664322,,828605473,synthetic,indoor_room,,urgent,,English (Great Britain),135,88,small_room,Please help me. Hurry.,tts=pyttsx3;phrase_variant='Please help me. Hurry.';chain=small_room;synthetic=true
SS-HAL-0520,synthetic/person_asking_for_help/SS-HAL-0520.wav,Person Asking for Help,procedural_synthesis:audio_dataset/scripts/generate_help_clips.py,,CC0-1.0,"sonicsentinel procedural synthesis (pyttsx3 TTS, generate_help_clips.py)",2026-09-24,2.019,16000,1,indoor,wristband_mic,medium,original,,,,195737d0ef83ecf83b0649b0c9b7924387681ef1ed479d2ed3f89b9328ebeb8d,,514583939,synthetic,indoor_hall,,pleading,,English (Scotland),132,125,crowd_bed,"Please help, somebody.","tts=pyttsx3;phrase_variant='Please help, somebody.';chain=crowd_bed;synthetic=true"
SS-HAL-0521,synthetic/person_asking_for_help/SS-HAL-0521.wav,Person Asking for Help,procedural_synthesis:audio_dataset/scripts/generate_help_clips.py,,CC0-1.0,"sonicsentinel procedural synthesis (pyttsx3 TTS, generate_help_clips.py)",2026-09-24,1.123,16000,1,vehicle,usb_condenser_mic,near,original,,,,b4e11b0414b4ae69ff53c9967cba42a39faef03098f9598d336d5d1b406e3519,,1437744860,synthetic,car_interior,,calm,,English (Lancaster),151,110,slap_echo,Call for help.,tts=pyttsx3;phrase_variant='Call for help.';chain=slap_echo;synthetic=true
SS-HAL-0522,synthetic/person_asking_for_help/SS-HAL-0522.wav,Person Asking for Help,procedural_synthesis:audio_dataset/scripts/generate_help_clips.py,,CC0-1.0,"sonicsentinel procedural synthesis (pyttsx3 TTS, generate_help_clips.py)",2026-09-24,1.078,16000,1,indoor,phone_builtin,medium,original,,,,f6fe3313dc09e16a5d9504d948a05dfe57e2f76567a04506c3264f11955ce693,,853562774,synthetic,indoor_room,,calm,,English (West Midlands),148,141,telephone,Call for help!,tts=pyttsx3;phrase_variant='Call for help!';chain=telephone;synthetic=true
SS-HAL-0523,synthetic/person_asking_for_help/SS-HAL-0523.wav,Person Asking for Help,procedural_synthesis:audio_dataset/scripts/generate_help_clips.py,,CC0-1.0,"sonicsentinel procedural synthesis (pyttsx3 TTS, generate_help_clips.py)",2026-09-24,1.318,16000,1,indoor,wristband_mic,near,original,,,,411c434a11ca6970d32c943dcabc64a46ef28a1274af912a7fbf8d9405deaca5,,1866737713,synthetic,indoor_room,,urgent,,English (Received Pronunciation),168,73,telephone,Please call for help.,tts=pyttsx3;phrase_variant='Please call for help.';chain=telephone;synthetic=true
SS-HAL-0524,synthetic/person_asking_for_help/SS-HAL-0524.wav,Person Asking for Help,procedural_synthesis:audio_dataset/scripts/generate_help_clips.py,,CC0-1.0,"sonicsentinel procedural synthesis (pyttsx3 TTS, generate_help_clips.py)",2026-09-24,0.807,16000,1,vehicle,phone_builtin,medium,original,,,,97cf1c33e2030abedcf05c6e5510cf33f021b3fbc95841fbddb5181b0f24a71a,,3674747284,synthetic,car_interior,,urgent,,English (Lancaster),129,93,slap_echo,HELP ME!,tts=pyttsx3;phrase_variant='HELP ME!';chain=slap_echo;synthetic=true
SS-HAL-0525,synthetic/person_asking_for_help/SS-HAL-0525.wav,Person Asking for Help,procedural_synthesis:audio_dataset/scripts/generate_help_clips.py,,CC0-1.0,"sonicsentinel procedural synthesis (pyttsx3 TTS, generate_help_clips.py)",2026-09-24,1.757,16000,1,outdoor,wristband_mic,near,original,,,,79b5481e4db1e8170efa4ed5ad4a3cc59f5933fdb59f31bfb5982a51578af992,,3992045625,synthetic,outdoor_street,,urgent,,English (America),181,130,small_room,Call for help. Quickly!,tts=pyttsx3;phrase_variant='Call for help. Quickly!';chain=small_room;synthetic=true
SS-HAL-0526,synthetic/person_asking_for_help/SS-HAL-0526.wav,Person Asking for Help,procedural_synthesis:audio_dataset/scripts/generate_help_clips.py,,CC0-1.0,"sonicsentinel procedural synthesis (pyttsx3 TTS, generate_help_clips.py)",2026-09-24,0.697,16000,1,indoor,phone_builtin,far,original,,,,d96ebac0c2ec9c01d523a467b1cbc1aeedb20ac1546a8846a445f435d1df7308,,3673410378,synthetic,indoor_room,,desperate,,"English (America, New York City)",164,124,slap_echo,Emergency.,tts=pyttsx3;phrase_variant='Emergency.';chain=slap_echo;synthetic=true
SS-HAL-0527,synthetic/person_asking_for_help/SS-HAL-0527.wav,Person Asking for Help,procedural_synthesis:audio_dataset/scripts/generate_help_clips.py,,CC0-1.0,"sonicsentinel procedural synthesis (pyttsx3 TTS, generate_help_clips.py)",2026-09-24,0.663,16000,1,indoor,tablet_builtin,near,original,,,,5345085293eb0459801ee4761e634aa2a422264e7c9dbaff43e93bf025804e3b,,463689649,synthetic,indoor_room,,pleading,,Vietnamese (Central),160,95,clean,Emergency!,tts=pyttsx3;phrase_variant='Emergency!';chain=clean;synthetic=true
SS-HAL-0528,synthetic/person_asking_for_help/SS-HAL-0528.wav,Person Asking for Help,procedural_synthesis:audio_dataset/scripts/generate_help_clips.py,,CC0-1.0,"sonicsentinel procedural synthesis (pyttsx3 TTS, generate_help_clips.py)",2026-09-24,1.884,16000,1,outdoor,phone_builtin,medium,original,,,,7ec1476808be0e3f1fc2006ccfa63a3136f9c5616ac115b4ec8b8372e3bd0324,,2066480795,synthetic,outdoor_open,,urgent,,"Chinese (Mandarin, latin as English)",146,122,hall,Emergency! Help me!,tts=pyttsx3;phrase_variant='Emergency! Help me!';chain=hall;synthetic=true
SS-HAL-0529,synthetic/person_asking_for_help/SS-HAL-0529.wav,Person Asking for Help,procedural_synthesis:audio_dataset/scripts/generate_help_clips.py,,CC0-1.0,"sonicsentinel procedural synthesis (pyttsx3 TTS, generate_help_clips.py)",2026-09-24,1.8,16000,1,indoor,lavalier_mic,near,original,,,,9a4e35f6ceb0f34a61c60053352909b8ca058f0ce9a8dba152c05f0a2e433af9,,655980922,synthetic,indoor_room,,pleading,,English (Caribbean),186,124,street_bed,Emergency. Please help me.,tts=pyttsx3;phrase_variant='Emergency. Please help me.';chain=street_bed;synthetic=true
SS-HAL-0530,synthetic/person_asking_for_help/SS-HAL-0530.wav,Person Asking for Help,procedural_synthesis:audio_dataset/scripts/generate_help_clips.py,,CC0-1.0,"sonicsentinel procedural synthesis (pyttsx3 TTS, generate_help_clips.py)",2026-09-24,0.89,16000,1,indoor,tablet_builtin,near,original,,,,d14bf492f2fb086df2adac20f50ac0ae9191233df6b5171dc2f9578833c33bd0,,3742486645,synthetic,indoor_room,,urgent,,English (West Midlands),176,167,small_room,Somebody help.,tts=pyttsx3;phrase_variant='Somebody help.';chain=small_room;synthetic=true
SS-HAL-0531,synthetic/person_asking_for_help/SS-HAL-0531.wav,Person Asking for Help,procedural_synthesis:audio_dataset/scripts/generate_help_clips.py,,CC0-1.0,"sonicsentinel procedural synthesis (pyttsx3 TTS, generate_help_clips.py)",2026-09-24,0.611,16000,1,indoor,tablet_builtin,near,original,,,,f0e8304a962c73eceead187bef120a1c41c4409e6409a54eb6447b4409d094fd,,2500042593,synthetic,indoor_room,,calm,,English (Scotland),183,162,small_room,Help me!,tts=pyttsx3;phrase_variant='Help me!';chain=small_room;synthetic=true
SS-HAL-0532,synthetic/person_asking_for_help/SS-HAL-0532.wav,Person Asking for Help,procedural_synthesis:audio_dataset/scripts/generate_help_clips.py,,CC0-1.0,"sonicsentinel procedural synthesis (pyttsx3 TTS, generate_help_clips.py)",2026-09-24,1.495,16000,1,outdoor,wristband_mic,near,original,,,,979a1ef7d979baf4990d7a1c2a79d08dc25872ac01f17e8365f12ad54c8d29cb,,3527886965,synthetic,outdoor_open,,pleading,,English (Lancaster),146,73,hall,"Help me, please.","tts=pyttsx3;phrase_variant='Help me, please.';chain=hall;synthetic=true"
SS-HAL-0533,synthetic/person_asking_for_help/SS-HAL-0533.wav,Person Asking for Help,procedural_synthesis:audio_dataset/scripts/generate_help_clips.py,,CC0-1.0,"sonicsentinel procedural synthesis (pyttsx3 TTS, generate_help_clips.py)",2026-09-24,1.625,16000,1,indoor,phone_builtin,medium,original,,,,f723e09e5c4a330129f07943a7a8d32dae4a0b5403c6960f3d8ffd671061d035,,3055173701,synthetic,indoor_room,,desperate,,English (West Midlands),153,82,street_bed,Help me. Please.,tts=pyttsx3;phrase_variant='Help me. Please.';chain=street_bed;synthetic=true
SS-HAL-0534,synthetic/person_asking_for_help/SS-HAL-0534.wav,Person Asking for Help,procedural_synthesis:audio_dataset/scripts/generate_help_clips.py,,CC0-1.0,"sonicsentinel procedural synthesis (pyttsx3 TTS, generate_help_clips.py)",2026-09-24,0.889,16000,1,indoor,phone_builtin,near,original,,,,340423a113cd8ff26b241418e84c4d361cf2c9deeb766930e06db31993636967,,2142785240,synthetic,indoor_hall,,urgent,,English (Received Pronunciation),122,45,crowd_bed,HELP ME!,tts=pyttsx3;phrase_variant='HELP ME!';chain=crowd_bed;synthetic=true
SS-HAL-0535,synthetic/person_asking_for_help/SS-HAL-0535.wav,Person Asking for Help,procedural_synthesis:audio_dataset/scripts/generate_help_clips.py,,CC0-1.0,"sonicsentinel procedural synthesis (pyttsx3 TTS, generate_help_clips.py)",2026-09-24,0.944,16000,1,indoor,wristband_mic,medium,original,,,,a03df95406552ffb277356a1769668f72253147215e35bc6ee5b6d9599a3ecc2,,373969159,synthetic,indoor_room,,urgent,,English (Shavian alphabet),173,135,hall,Somebody help.,tts=pyttsx3;phrase_variant='Somebody help.';chain=hall;synthetic=true
SS-HAL-0536,synthetic/person_asking_for_help/SS-HAL-0536.wav,Person Asking for Help,procedural_synthesis:audio_dataset/scripts/generate_help_clips.py,,CC0-1.0,"sonicsentinel procedural synthesis (pyttsx3 TTS, generate_help_clips.py)",2026-09-24,1.485,16000,1,indoor,usb_condenser_mic,medium,original,,,,20f86b5bfc1f6a79d0f98b508e1f2b8185dfd6b88a2811d7a46f50c4d3637a18,,574693956,synthetic,indoor_room,,urgent,,English (America),114,118,street_bed,Somebody help!,tts=pyttsx3;phrase_variant='Somebody help!';chain=street_bed;synthetic=true
SS-HAL-0537,synthetic/person_asking_for_help/SS-HAL-0537.wav,Person Asking for Help,procedural_synthesis:audio_dataset/scripts/generate_help_clips.py,,CC0-1.0,"sonicsentinel procedural synthesis (pyttsx3 TTS, generate_help_clips.py)",2026-09-24,1.139,16000,1,vehicle,phone_builtin,near,original,,,,e3d94e8ae26a5275220bfd7ecafebcd96020d736dd4ac8bb6e3a0da056dfc3ae,,1387440018,synthetic,car_interior,,calm,,"English (America, New York City)",174,78,small_room,Somebody help me.,tts=pyttsx3;phrase_variant='Somebody help me.';chain=small_room;synthetic=true
SS-HAL-0538,synthetic/person_asking_for_help/SS-HAL-0538.wav,Person Asking for Help,procedural_synthesis:audio_dataset/scripts/generate_help_clips.py,,CC0-1.0,"sonicsentinel procedural synthesis (pyttsx3 TTS, generate_help_clips.py)",2026-09-24,1.825,16000,1,indoor,cctv_mic,near,original,,,,bdb4c14c009c8beb08f56061aac7a75a7b20bf5f8a02840579a150ec4a548ba3,,1994276898,synthetic,indoor_hall,,urgent,,Vietnamese (Central),180,93,telephone,"Somebody, please, help me!","tts=pyttsx3;phrase_variant='Somebody, please, help me!';chain=telephone;synthetic=true"
SS-HAL-0539,synthetic/person_asking_for_help/SS-HAL-0539.wav,Person Asking for Help,procedural_synthesis:audio_dataset/scripts/generate_help_clips.py,,CC0-1.0,"sonicsentinel procedural synthesis (pyttsx3 TTS, generate_help_clips.py)",2026-09-24,2.432,16000,1,outdoor,lavalier_mic,near,original,,,,13cd3132abed615a7fd723551222250afa5031de405893d5990a2450bcecd4d2,,3511361803,synthetic,outdoor_street,,calm,,"Chinese (Mandarin, latin as English)",118,72,telephone,"Somebody help me, please.","tts=pyttsx3;phrase_variant='Somebody help me, please.';chain=telephone;synthetic=true"
SS-HAL-0540,synthetic/person_asking_for_help/SS-HAL-0540.wav,Person Asking for Help,procedural_synthesis:audio_dataset/scripts/generate_help_clips.py,,CC0-1.0,"sonicsentinel procedural synthesis (pyttsx3 TTS, generate_help_clips.py)",2026-09-24,1.019,16000,1,outdoor,wristband_mic,near,original,,,,8b671d8d08d40efba274bb85b6f73b35f70719b7d517c63bf8d79f329b9f3e49,,2014826490,synthetic,outdoor_open,,calm,,English (Caribbean),137,135,street_bed,Please help.,tts=pyttsx3;phrase_variant='Please help.';chain=street_bed;synthetic=true
SS-HAL-0541,synthetic/person_asking_for_help/SS-HAL-0541.wav,Person Asking for Help,procedural_synthesis:audio_dataset/scripts/generate_help_clips.py,,CC0-1.0,"sonicsentinel procedural synthesis (pyttsx3 TTS, generate_help_clips.py)",2026-09-24,1.214,16000,1,indoor,phone_builtin,near,original,,,,1cdf30f68901708a063e9ffdaa6f979711e9042fb2ec8fee9b36990cc2b9868c,,1290859152,synthetic,indoor_room,,urgent,,English (Great Britain),133,119,slap_echo,Please help me.,tts=pyttsx3;phrase_variant='Please help me.';chain=slap_echo;synthetic=true
SS-HAL-0542,synthetic/person_asking_for_help/SS-HAL-0542.wav,Person Asking for Help,procedural_synthesis:audio_dataset/scripts/generate_help_clips.py,,CC0-1.0,"sonicsentinel procedural synthesis (pyttsx3 TTS, generate_help_clips.py)",2026-09-24,2.016,16000,1,outdoor,wristband_mic,near,original,,,,fc06b8fc4b60d7b55f517b472ea5c6e1a1930a80427c7fac8b92097bd56f0830,,1843760518,synthetic,outdoor_open,,pleading,,English (Scotland),111,90,clean,"Please, help me!","tts=pyttsx3;phrase_variant='Please, help me!';chain=clean;synthetic=true"
SS-HAL-0543,synthetic/person_asking_for_help/SS-HAL-0543.wav,Person Asking for Help,procedural_synthesis:audio_dataset/scripts/generate_help_clips.py,,CC0-1.0,"sonicsentinel procedural synthesis (pyttsx3 TTS, generate_help_clips.py)",2026-09-24,1.156,16000,1,outdoor,wristband_mic,near,original,,,,099498d98aaa2ade8d0a4e998494452b4a12e869def85dfa2bec7d3587255fbd,,3846595170,synthetic,outdoor_street,,calm,,English (Received Pronunciation),135,46,hall,Somebody help!,tts=pyttsx3;phrase_variant='Somebody help!';chain=hall;synthetic=true
SS-HAL-0544,synthetic/person_asking_for_help/SS-HAL-0544.wav,Person Asking for Help,procedural_synthesis:audio_dataset/scripts/generate_help_clips.py,,CC0-1.0,"sonicsentinel procedural synthesis (pyttsx3 TTS, generate_help_clips.py)",2026-09-24,1.574,16000,1,indoor,cctv_mic,near,original,,,,11e523c85a05de0a76249fcb6c99a9937df779ecc5eb1d98e4f61e3aebcfd4f4,,600626564,synthetic,indoor_room,,calm,,English (West Midlands),169,105,telephone,"Please help, somebody.","tts=pyttsx3;phrase_variant='Please help, somebody.';chain=telephone;synthetic=true"
SS-HAL-0545,synthetic/person_asking_for_help/SS-HAL-0545.wav,Person Asking for Help,procedural_synthesis:audio_dataset/scripts/generate_help_clips.py,,CC0-1.0,"sonicsentinel procedural synthesis (pyttsx3 TTS, generate_help_clips.py)",2026-09-24,0.91,16000,1,outdoor,wristband_mic,medium,original,,,,d1011fdf6766e3afa9eb25a538a4ed32bf2eb730e5de13a7461734f1ae082fd7,,4045078106,synthetic,outdoor_open,,pleading,,English (Received Pronunciation),181,86,street_bed,Call for help.,tts=pyttsx3;phrase_variant='Call for help.';chain=street_bed;synthetic=true
SS-HAL-0546,synthetic/person_asking_for_help/SS-HAL-0546.wav,Person Asking for Help,procedural_synthesis:audio_dataset/scripts/generate_help_clips.py,,CC0-1.0,"sonicsentinel procedural synthesis (pyttsx3 TTS, generate_help_clips.py)",2026-09-24,0.928,16000,1,outdoor,tablet_builtin,near,original,,,,36fefd9b864c82ff16da45511efb829e9b4daae76242adfbc5b6c91e28dc2693,,269665243,synthetic,outdoor_open,,urgent,,English (Shavian alphabet),179,136,slap_echo,Call for help!,tts=pyttsx3;phrase_variant='Call for help!';chain=slap_echo;synthetic=true
SS-HAL-0547,synthetic/person_asking_for_help/SS-HAL-0547.wav,Person Asking for Help,procedural_synthesis:audio_dataset/scripts/generate_help_clips.py,,CC0-1.0,"sonicsentinel procedural synthesis (pyttsx3 TTS, generate_help_clips.py)",2026-09-24,1.39,16000,1,indoor,cctv_mic,far,original,,,,0e6a2af273683b1df2ce7f0392182c32b598d3718a1720969e6c11cb1db5857d,,1166180289,synthetic,indoor_room,,urgent,,English (America),167,90,street_bed,Please call for help.,tts=pyttsx3;phrase_variant='Please call for help.';chain=street_bed;synthetic=true
SS-HAL-0548,synthetic/person_asking_for_help/SS-HAL-0548.wav,Person Asking for Help,procedural_synthesis:audio_dataset/scripts/generate_help_clips.py,,CC0-1.0,"sonicsentinel procedural synthesis (pyttsx3 TTS, generate_help_clips.py)",2026-09-24,2.637,16000,1,outdoor,phone_builtin,far,original,,,,69a2a47edbb0af167daebdd8f809861639c4eea9f2428c2d2bdbf3cb366a0491,,3689376039,synthetic,outdoor_street,,desperate,,"English (America, New York City)",139,84,telephone,"Somebody call for help, please.","tts=pyttsx3;phrase_variant='Somebody call for help, please.';chain=telephone;synthetic=true"
SS-HAL-0549,synthetic/person_asking_for_help/SS-HAL-0549.wav,Person Asking for Help,procedural_synthesis:audio_dataset/scripts/generate_help_clips.py,,CC0-1.0,"sonicsentinel procedural synthesis (pyttsx3 TTS, generate_help_clips.py)",2026-09-24,1.663,16000,1,outdoor,phone_builtin,far,original,,,,30eee82cb2e43d0790622dbaa60262d9f89588cb38a721ef0cb71a50bb267d7b,,2480448108,synthetic,outdoor_street,,desperate,,Vietnamese (Central),170,65,clean,Call for help. Quickly!,tts=pyttsx3;phrase_variant='Call for help. Quickly!';chain=clean;synthetic=true
SS-HAL-0550,synthetic/person_asking_for_help/SS-HAL-0550.wav,Person Asking for Help,procedural_synthesis:audio_dataset/scripts/generate_help_clips.py,,CC0-1.0,"sonicsentinel procedural synthesis (pyttsx3 TTS, generate_help_clips.py)",2026-09-24,0.62,16000,1,outdoor,lavalier_mic,medium,original,,,,1edd0d404e7a6c2e38bb3e583ce38deda4c32cf13d47ba2f91b22ba5fcb57704,,523246768,synthetic,outdoor_open,,calm,,"Chinese (Mandarin, latin as English)",184,135,street_bed,Emergency.,tts=pyttsx3;phrase_variant='Emergency.';chain=street_bed;synthetic=true
SS-HAL-0551,synthetic/person_asking_for_help/SS-HAL-0551.wav,Person Asking for Help,procedural_synthesis:audio_dataset/scripts/generate_help_clips.py,,CC0-1.0,"sonicsentinel procedural synthesis (pyttsx3 TTS, generate_help_clips.py)",2026-09-24,0.679,16000,1,outdoor,tablet_builtin,near,original,,,,34243c314b652146d3592875183b057478a82c089d5870e289a0783b7edc3d49,,504515440,synthetic,outdoor_open,,pleading,,English (Caribbean),183,45,small_room,Emergency!,tts=pyttsx3;phrase_variant='Emergency!';chain=small_room;synthetic=true
SS-HAL-0552,synthetic/person_asking_for_help/SS-HAL-0552.wav,Person Asking for Help,procedural_synthesis:audio_dataset/scripts/generate_help_clips.py,,CC0-1.0,"sonicsentinel procedural synthesis (pyttsx3 TTS, generate_help_clips.py)",2026-09-24,1.058,16000,1,outdoor,phone_builtin,far,original,,,,5ea479e17f44715e032bef19e3b4ba2d3bfc1f64e45d2ed3ba5b9ae575d63a65,,1446562961,synthetic,outdoor_open,,desperate,,English (Shavian alphabet),182,50,small_room,Somebody help me.,tts=pyttsx3;phrase_variant='Somebody help me.';chain=small_room;synthetic=true
SS-HAL-0553,synthetic/person_asking_for_help/SS-HAL-0553.wav,Person Asking for Help,procedural_synthesis:audio_dataset/scripts/generate_help_clips.py,,CC0-1.0,"sonicsentinel procedural synthesis (pyttsx3 TTS, generate_help_clips.py)",2026-09-24,2.405,16000,1,outdoor,tablet_builtin,near,original,,,,c01f4b2b5ee805b82df711e7db885a6c4c291fa001eeb9a0aec06123b4a1a9bb,,1649225426,synthetic,outdoor_open,,urgent,,English (Scotland),141,53,telephone,Emergency. Please help me.,tts=pyttsx3;phrase_variant='Emergency. Please help me.';chain=telephone;synthetic=true
SS-HAL-0554,synthetic/person_asking_for_help/SS-HAL-0554.wav,Person Asking for Help,procedural_synthesis:audio_dataset/scripts/generate_help_clips.py,,CC0-1.0,"sonicsentinel procedural synthesis (pyttsx3 TTS, generate_help_clips.py)",2026-09-24,0.62,16000,1,indoor,usb_condenser_mic,medium,original,,,,35ec56aec24df63cb7346726c3f38456d2e3aec95918b48fd1afd261df344c29,,4156410365,synthetic,indoor_room,,urgent,,English (Lancaster),172,69,slap_echo,Help me.,tts=pyttsx3;phrase_variant='Help me.';chain=slap_echo;synthetic=true
SS-HAL-0555,synthetic/person_asking_for_help/SS-HAL-0555.wav,Person Asking for Help,procedural_synthesis:audio_dataset/scripts/generate_help_clips.py,,CC0-1.0,"sonicsentinel procedural synthesis (pyttsx3 TTS, generate_help_clips.py)",2026-09-24,0.668,16000,1,outdoor,phone_builtin,near,original,,,,8fe1dd84fd75b93e802dee4fc6283bc305ca94bc1a1ea6becd8340cb8090cb02,,4176182567,synthetic,outdoor_street,,desperate,,English (West Midlands),160,65,crowd_bed,Help me!,tts=pyttsx3;phrase_variant='Help me!';chain=crowd_bed;synthetic=true
SS-HAL-0556,synthetic/person_asking_for_help/SS-HAL-0556.wav,Person Asking for Help,procedural_synthesis:audio_dataset/scripts/generate_help_clips.py,,CC0-1.0,"sonicsentinel procedural synthesis (pyttsx3 TTS, generate_help_clips.py)",2026-09-24,1.286,16000,1,vehicle,cctv_mic,near,original,,,,883ebdd5dc748c86f75918f5da710a4fcecc161a59ed6e0689b417f6b4c0a040,,1167549065,synthetic,car_interior,,calm,,English (Received Pronunciation),168,100,slap_echo,"Help me, please.","tts=pyttsx3;phrase_variant='Help me, please.';chain=slap_echo;synthetic=true"
SS-HAL-0557,synthetic/person_asking_for_help/SS-HAL-0557.wav,Person Asking for Help,procedural_synthesis:audio_dataset/scripts/generate_help_clips.py,,CC0-1.0,"sonicsentinel procedural synthesis (pyttsx3 TTS, generate_help_clips.py)",2026-09-24,1.299,16000,1,indoor,lavalier_mic,near,original,,,,fcb667837639f6aab182ff2c3ec3a9608e5744b81cae3e08f0668eb2657c711f,,2796107748,synthetic,indoor_room,,pleading,,English (Shavian alphabet),183,157,street_bed,Help me. Please.,tts=pyttsx3;phrase_variant='Help me. Please.';chain=street_bed;synthetic=true
SS-HAL-0558,synthetic/person_asking_for_help/SS-HAL-0558.wav,Person Asking for Help,procedural_synthesis:audio_dataset/scripts/generate_help_clips.py,,CC0-1.0,"sonicsentinel procedural synthesis (pyttsx3 TTS, generate_help_clips.py)",2026-09-24,2.541,16000,1,indoor,cctv_mic,medium,original,,,,510fd382a00d9a3dea6f8a4a7a2b6f8dfd3bd56a1699944e51d83155b3a81b08,,1963791755,synthetic,indoor_room,,pleading,,English (America),143,128,small_room,"Somebody, please, help me!","tts=pyttsx3;phrase_variant='Somebody, please, help me!';chain=small_room;synthetic=true"
SS-HAL-0559,synthetic/person_asking_for_help/SS-HAL-0559.wav,Person Asking for Help,procedural_synthesis:audio_dataset/scripts/generate_help_clips.py,,CC0-1.0,"sonicsentinel procedural synthesis (pyttsx3 TTS, generate_help_clips.py)",2026-09-24,1.239,16000,1,vehicle,tablet_builtin,medium,original,,,,6cd88acf24c77d59fb11677a9c8a6026e66c536ed90daa2627bdf4768dafde54,,2866950954,synthetic,car_interior,,calm,,"English (America, New York City)",134,165,small_room,Somebody help.,tts=pyttsx3;phrase_variant='Somebody help.';chain=small_room;synthetic=true
SS-HAL-0560,synthetic/person_asking_for_help/SS-HAL-0560.wav,Person Asking for Help,procedural_synthesis:audio_dataset/scripts/generate_help_clips.py,,CC0-1.0,"sonicsentinel procedural synthesis (pyttsx3 TTS, generate_help_clips.py)",2026-09-24,0.927,16000,1,vehicle,cctv_mic,medium,original,,,,52cde842e9a6d6e0f3ef3db9a1e63e9c0ef56025aeee7a45902cb97ba04d6785,,3875019069,synthetic,car_interior,,pleading,,Vietnamese (Central),145,142,hall,Somebody help!,tts=pyttsx3;phrase_variant='Somebody help!';chain=hall;synthetic=true
SS-HAL-0561,synthetic/person_asking_for_help/SS-HAL-0561.wav,Person Asking for Help,procedural_synthesis:audio_dataset/scripts/generate_help_clips.py,,CC0-1.0,"sonicsentinel procedural synthesis (pyttsx3 TTS, generate_help_clips.py)",2026-09-24,1.083,16000,1,outdoor,usb_condenser_mic,near,original,,,,971928b9b1d750fcfe1746d2f3dd2283380f10de8a76998c8c200104060aa8dd,,36565014,synthetic,outdoor_open,,urgent,,"Chinese (Mandarin, latin as English)",174,30,hall,Somebody help me.,tts=pyttsx3;phrase_variant='Somebody help me.';chain=hall;synthetic=true
SS-HAL-0562,synthetic/person_asking_for_help/SS-HAL-0562.wav,Person Asking for Help,procedural_synthesis:audio_dataset/scripts/generate_help_clips.py,,CC0-1.0,"sonicsentinel procedural synthesis (pyttsx3 TTS, generate_help_clips.py)",2026-09-24,3.02,16000,1,outdoor,usb_condenser_mic,medium,original,,,,205f4aa056a544b25d456e21f3555db49064b13f27d9f032cb5f6c20d424bbfd,,1873827795,synthetic,outdoor_open,,desperate,,English (Caribbean),120,39,small_room,"Somebody, please, help me!","tts=pyttsx3;phrase_variant='Somebody, please, help me!';chain=small_room;synthetic=true"
SS-HAL-0563,synthetic/person_asking_for_help/SS-HAL-0563.wav,Person Asking for Help,procedural_synthesis:audio_dataset/scripts/generate_help_clips.py,,CC0-1.0,"sonicsentinel procedural synthesis (pyttsx3 TTS, generate_help_clips.py)",2026-09-24,2.736,16000,1,outdoor,usb_condenser_mic,medium,original,,,,9b72eb20c6111b0a53954732b2041fe126429c47e87cd23f2f0a9013289433de,,2586591737,synthetic,outdoor_street,,urgent,,English (Great Britain),111,160,small_room,"Somebody help me, please.","tts=pyttsx3;phrase_variant='Somebody help me, please.';chain=small_room;synthetic=true"
SS-HAL-0564,synthetic/person_asking_for_help/SS-HAL-0564.wav,Person Asking for Help,procedural_synthesis:audio_dataset/scripts/generate_help_clips.py,,CC0-1.0,"sonicsentinel procedural synthesis (pyttsx3 TTS, generate_help_clips.py)",2026-09-24,1.092,16000,1,indoor,usb_condenser_mic,medium,original,,,,f0cd57f89e4b9e209e4bf67f1470ccabe95e0054c6720edcbe50249d3bc07390,,3679599698,synthetic,indoor_room,,urgent,,English (Scotland),119,118,telephone,Please help.,tts=pyttsx3;phrase_variant='Please help.';chain=telephone;synthetic=true
SS-HAL-0565,synthetic/person_asking_for_help/SS-HAL-0565.wav,Person Asking for Help,procedural_synthesis:audio_dataset/scripts/generate_help_clips.py,,CC0-1.0,"sonicsentinel procedural synthesis (pyttsx3 TTS, generate_help_clips.py)",2026-09-24,1.396,16000,1,outdoor,lavalier_mic,near,original,,,,82b747952302aa58dcca9e1dee5a4219176c5ffed330229d6dee2c42962d1eb6,,3642976032,synthetic,outdoor_street,,pleading,,English (Lancaster),115,134,small_room,Please help me.,tts=pyttsx3;phrase_variant='Please help me.';chain=small_room;synthetic=true
SS-HAL-0566,synthetic/person_asking_for_help/SS-HAL-0566.wav,Person Asking for Help,procedural_synthesis:audio_dataset/scripts/generate_help_clips.py,,CC0-1.0,"sonicsentinel procedural synthesis (pyttsx3 TTS, generate_help_clips.py)",2026-09-24,1.97,16000,1,outdoor,cctv_mic,medium,original,,,,f1d8c778c9c75e39c3b2e0c4a591125da80eb38eae06421e06464e3d3e145785,,2838614576,synthetic,outdoor_open,,urgent,,English (West Midlands),113,144,small_room,"Please, help me!","tts=pyttsx3;phrase_variant='Please, help me!';chain=small_room;synthetic=true"
SS-HAL-0567,synthetic/person_asking_for_help/SS-HAL-0567.wav,Person Asking for Help,procedural_synthesis:audio_dataset/scripts/generate_help_clips.py,,CC0-1.0,"sonicsentinel procedural synthesis (pyttsx3 TTS, generate_help_clips.py)",2026-09-24,1.694,16000,1,outdoor,lavalier_mic,near,original,,,,163f6b1410413504cfd5e5fbd590c2277c768af41568f9a85bdbfd700d2fe59b,,1144038188,synthetic,outdoor_street,,urgent,,English (Received Pronunciation),161,89,slap_echo,Please help me. Hurry.,tts=pyttsx3;phrase_variant='Please help me. Hurry.';chain=slap_echo;synthetic=true
SS-HAL-0568,synthetic/person_asking_for_help/SS-HAL-0568.wav,Person Asking for Help,procedural_synthesis:audio_dataset/scripts/generate_help_clips.py,,CC0-1.0,"sonicsentinel procedural synthesis (pyttsx3 TTS, generate_help_clips.py)",2026-09-24,2.209,16000,1,indoor,usb_condenser_mic,far,original,,,,2d61df81adebfd0b1f1b8919ce74922a853c6161d472b79809b908edbee6f7e9,,1544948828,synthetic,indoor_hall,,calm,,English (Shavian alphabet),117,139,slap_echo,"Please help, somebody.","tts=pyttsx3;phrase_variant='Please help, somebody.';chain=slap_echo;synthetic=true"
SS-HAL-0569,synthetic/person_asking_for_help/SS-HAL-0569.wav,Person Asking for Help,procedural_synthesis:audio_dataset/scripts/generate_help_clips.py,,CC0-1.0,"sonicsentinel procedural synthesis (pyttsx3 TTS, generate_help_clips.py)",2026-09-24,1.044,16000,1,outdoor,cctv_mic,medium,original,,,,d25f042f148402ec3e5780a5811075c72a283953340b2f8a26c7075b2931073b,,3415758697,synthetic,outdoor_open,,urgent,,English (America),167,146,small_room,Call for help.,tts=pyttsx3;phrase_variant='Call for help.';chain=small_room;synthetic=true
SS-HAL-0570,synthetic/person_asking_for_help/SS-HAL-0570.wav,Person Asking for Help,procedural_synthesis:audio_dataset/scripts/generate_help_clips.py,,CC0-1.0,"sonicsentinel procedural synthesis (pyttsx3 TTS, generate_help_clips.py)",2026-09-24,1.27,16000,1,indoor,cctv_mic,near,original,,,,6576c09af08e03f2b71cdffc5e163d797321698385301e2b9a1619c774ec7e6f,,2486088696,synthetic,indoor_room,,urgent,,"English (America, New York City)",129,90,slap_echo,Call for help!,tts=pyttsx3;phrase_variant='Call for help!';chain=slap_echo;synthetic=true
SS-HAL-0571,synthetic/person_asking_for_help/SS-HAL-0571.wav,Person Asking for Help,procedural_synthesis:audio_dataset/scripts/generate_help_clips.py,,CC0-1.0,"sonicsentinel procedural synthesis (pyttsx3 TTS, generate_help_clips.py)",2026-09-24,1.366,16000,1,vehicle,lavalier_mic,far,original,,,,ed2de0258e9482d4cf48d1b16d271a70885935ea28684e1f019c066bd406aa4e,,1225790615,synthetic,car_interior,,desperate,,Vietnamese (Central),138,149,small_room,Please call for help.,tts=pyttsx3;phrase_variant='Please call for help.';chain=small_room;synthetic=true
SS-HAL-0572,synthetic/person_asking_for_help/SS-HAL-0572.wav,Person Asking for Help,procedural_synthesis:audio_dataset/scripts/generate_help_clips.py,,CC0-1.0,"sonicsentinel procedural synthesis (pyttsx3 TTS, generate_help_clips.py)",2026-09-24,2.694,16000,1,indoor,phone_builtin,far,original,,,,daa3fa147e3663cf3cda08ca2d21db87cf07124c237fb1bb0d436b50ef97fb47,,181299671,synthetic,indoor_room,,urgent,,"Chinese (Mandarin, latin as English)",128,73,street_bed,"Somebody call for help, please.","tts=pyttsx3;phrase_variant='Somebody call for help, please.';chain=street_bed;synthetic=true"
SS-HAL-0573,synthetic/person_asking_for_help/SS-HAL-0573.wav,Person Asking for Help,procedural_synthesis:audio_dataset/scripts/generate_help_clips.py,,CC0-1.0,"sonicsentinel procedural synthesis (pyttsx3 TTS, generate_help_clips.py)",2026-09-24,2.593,16000,1,outdoor,lavalier_mic,medium,original,,,,60855980649c4d48a51ebcc4be205843b7b739ccb18f04f614543d0f4ecf649b,,927438067,synthetic,outdoor_open,,urgent,,English (Caribbean),125,124,telephone,Call for help. Quickly!,tts=pyttsx3;phrase_variant='Call for help. Quickly!';chain=telephone;synthetic=true
SS-HAL-0574,synthetic/person_asking_for_help/SS-HAL-0574.wav,Person Asking for Help,procedural_synthesis:audio_dataset/scripts/generate_help_clips.py,,CC0-1.0,"sonicsentinel procedural synthesis (pyttsx3 TTS, generate_help_clips.py)",2026-09-24,0.782,16000,1,outdoor,cctv_mic,medium,original,,,,f698f634b670e4b34e6a1c90c8de05f09eae3c4d189c3714008182ccdb86fc23,,1271587547,synthetic,outdoor_street,,urgent,,English (Great Britain),150,37,clean,Emergency.,tts=pyttsx3;phrase_variant='Emergency.';chain=clean;synthetic=true
SS-HAL-0575,synthetic/person_asking_for_help/SS-HAL-0575.wav,Person Asking for Help,procedural_synthesis:audio_dataset/scripts/generate_help_clips.py,,CC0-1.0,"sonicsentinel procedural synthesis (pyttsx3 TTS, generate_help_clips.py)",2026-09-24,0.673,16000,1,indoor,lavalier_mic,medium,original,,,,219b059ef29c744c38ed4729c41c1f3ed2da395d6974cecc82d5f736e95c158f,,1016197805,synthetic,indoor_room,,urgent,,English (Scotland),175,83,small_room,Emergency!,tts=pyttsx3;phrase_variant='Emergency!';chain=small_room;synthetic=true
SS-HAL-0576,synthetic/person_asking_for_help/SS-HAL-0576.wav,Person Asking for Help,procedural_synthesis:audio_dataset/scripts/generate_help_clips.py,,CC0-1.0,"sonicsentinel procedural synthesis (pyttsx3 TTS, generate_help_clips.py)",2026-09-24,2.472,16000,1,outdoor,wristband_mic,near,original,,,,e5ed34dabd6c57846ef4c1126a6255dc057a76db4c4707509c840fe106490350,,3705926420,synthetic,outdoor_open,,urgent,,English (Lancaster),116,164,clean,Emergency! Help me!,tts=pyttsx3;phrase_variant='Emergency! Help me!';chain=clean;synthetic=true
SS-HAL-0577,synthetic/person_asking_for_help/SS-HAL-0577.wav,Person Asking for Help,procedural_synthesis:audio_dataset/scripts/generate_help_clips.py,,CC0-1.0,"sonicsentinel procedural synthesis (pyttsx3 TTS, generate_help_clips.py)",2026-09-24,2.644,16000,1,outdoor,tablet_builtin,medium,original,,,,f0b3eb8515fde5367620c7e6e5596b94dd1b853c37d2efbadcb2d8b5c61bafd0,,1018792067,synthetic,outdoor_street,,urgent,,English (West Midlands),134,142,street_bed,Emergency. Please help me.,tts=pyttsx3;phrase_variant='Emergency. Please help me.';chain=street_bed;synthetic=true
SS-HAL-0578,synthetic/person_asking_for_help/SS-HAL-0578.wav,Person Asking for Help,procedural_synthesis:audio_dataset/scripts/generate_help_clips.py,,CC0-1.0,"sonicsentinel procedural synthesis (pyttsx3 TTS, generate_help_clips.py)",2026-09-24,0.698,16000,1,vehicle,lavalier_mic,medium,original,,,,a9dcee1a33fe30b3e294789a574da7c262dae8b34ca1d247a164f86befb1d5ef,,2534614674,synthetic,car_interior,,urgent,,English (Received Pronunciation),157,116,telephone,Help me.,tts=pyttsx3;phrase_variant='Help me.';chain=telephone;synthetic=true
SS-HAL-0579,synthetic/person_asking_for_help/SS-HAL-0579.wav,Person Asking for Help,procedural_synthesis:audio_dataset/scripts/generate_help_clips.py,,CC0-1.0,"sonicsentinel procedural synthesis (pyttsx3 TTS, generate_help_clips.py)",2026-09-24,0.644,16000,1,outdoor,lavalier_mic,near,original,,,,d4884d8c3810dd4706c545828edeb82cdb63e69ba4842610237a420c924abd46,,1376314270,synthetic,outdoor_open,,calm,,English (Shavian alphabet),170,83,telephone,Help me!,tts=pyttsx3;phrase_variant='Help me!';chain=telephone;synthetic=true
SS-HAL-0580,synthetic/person_asking_for_help/SS-HAL-0580.wav,Person Asking for Help,procedural_synthesis:audio_dataset/scripts/generate_help_clips.py,,CC0-1.0,"sonicsentinel procedural synthesis (pyttsx3 TTS, generate_help_clips.py)",2026-09-24,1.816,16000,1,indoor,lavalier_mic,far,original,,,,ed3a46d252c8599b4eeb42340f8c0e198341918f3d5beed2a876b1f5af7e66a0,,3881372441,synthetic,indoor_room,,urgent,,English (America),127,33,clean,"Help me, please.","tts=pyttsx3;phrase_variant='Help me, please.';chain=clean;synthetic=true"
SS-HAL-0581,synthetic/person_asking_for_help/SS-HAL-0581.wav,Person Asking for Help,procedural_synthesis:audio_dataset/scripts/generate_help_clips.py,,CC0-1.0,"sonicsentinel procedural synthesis (pyttsx3 TTS, generate_help_clips.py)",2026-09-24,2.139,16000,1,indoor,usb_condenser_mic,near,original,,,,65978c5a4c1d18415e07ea355c7edf6105487f1d0f79ba23278d17e58a958e07,,1021380070,synthetic,indoor_room,,pleading,,"English (America, New York City)",123,136,slap_echo,Help me. Please.,tts=pyttsx3;phrase_variant='Help me. Please.';chain=slap_echo;synthetic=true
SS-HAL-0582,synthetic/person_asking_for_help/SS-HAL-0582.wav,Person Asking for Help,procedural_synthesis:audio_dataset/scripts/generate_help_clips.py,,CC0-1.0,"sonicsentinel procedural synthesis (pyttsx3 TTS, generate_help_clips.py)",2026-09-24,0.756,16000,1,outdoor,cctv_mic,near,original,,,,fcbb49086de5b59c6646ad0612989d7f1f845f2a31870f1b0d4e4f938ab3b2fc,,459394545,synthetic,outdoor_street,,calm,,Vietnamese (Central),158,159,hall,HELP ME!,tts=pyttsx3;phrase_variant='HELP ME!';chain=hall;synthetic=true
SS-HAL-0583,synthetic/person_asking_for_help/SS-HAL-0583.wav,Person Asking for Help,procedural_synthesis:audio_dataset/scripts/generate_help_clips.py,,CC0-1.0,"sonicsentinel procedural synthesis (pyttsx3 TTS, generate_help_clips.py)",2026-09-24,0.97,16000,1,outdoor,wristband_mic,near,original,,,,66b3684741d825f5557628d92949ca768af5115f7c108a119a6bdcbe2829cf01,,37196900,synthetic,outdoor_street,,calm,,"Chinese (Mandarin, latin as English)",163,44,slap_echo,Somebody help.,tts=pyttsx3;phrase_variant='Somebody help.';chain=slap_echo;synthetic=true
SS-HAL-0584,synthetic/person_asking_for_help/SS-HAL-0584.wav,Person Asking for Help,procedural_synthesis:audio_dataset/scripts/generate_help_clips.py,,CC0-1.0,"sonicsentinel procedural synthesis (pyttsx3 TTS, generate_help_clips.py)",2026-09-24,2.154,16000,1,outdoor,lavalier_mic,near,original,,,,a9db5f5bad19c91a6cf28c06f7022261912f2cafed49ccfe2eed0a81c25dac78,,871405638,synthetic,outdoor_street,,pleading,,"English (America, New York City)",146,47,crowd_bed,"Somebody help me, please.","tts=pyttsx3;phrase_variant='Somebody help me, please.';chain=crowd_bed;synthetic=true"
SS-HAL-0585,synthetic/person_asking_for_help/SS-HAL-0585.wav,Person Asking for Help,procedural_synthesis:audio_dataset/scripts/generate_help_clips.py,,CC0-1.0,"sonicsentinel procedural synthesis (pyttsx3 TTS, generate_help_clips.py)",2026-09-24,1.196,16000,1,outdoor,cctv_mic,near,original,,,,4c2f749627f585b4e24958a449512bd722390620ae740696d9f528a999e93571,,3266418103,synthetic,outdoor_open,,pleading,,English (Great Britain),163,83,hall,Somebody help me.,tts=pyttsx3;phrase_variant='Somebody help me.';chain=hall;synthetic=true
SS-HAL-0586,synthetic/person_asking_for_help/SS-HAL-0586.wav,Person Asking for Help,procedural_synthesis:audio_dataset/scripts/generate_help_clips.py,,CC0-1.0,"sonicsentinel procedural synthesis (pyttsx3 TTS, generate_help_clips.py)",2026-09-24,3.09,16000,1,outdoor,lavalier_mic,medium,original,,,,193ffe414edbbe16c310436d139c194c5d786a6e430dd2755e4107d64f040ba1,,2317235634,synthetic,outdoor_street,,calm,,English (Scotland),117,77,slap_echo,"Somebody, please, help me!","tts=pyttsx3;phrase_variant='Somebody, please, help me!';chain=slap_echo;synthetic=true"
SS-HAL-0587,synthetic/person_asking_for_help/SS-HAL-0587.wav,Person Asking for Help,procedural_synthesis:audio_dataset/scripts/generate_help_clips.py,,CC0-1.0,"sonicsentinel procedural synthesis (pyttsx3 TTS, generate_help_clips.py)",2026-09-24,2.527,16000,1,vehicle,wristband_mic,near,original,,,,8a0ee15bfe49a552111870a4997bad9544e64bb5d508b329de2f2113d76b764a,,2739605544,synthetic,car_interior,,desperate,,English (Lancaster),120,89,slap_echo,"Somebody help me, please.","tts=pyttsx3;phrase_variant='Somebody help me, please.';chain=slap_echo;synthetic=true"
SS-HAL-0588,synthetic/person_asking_for_help/SS-HAL-0588.wav,Person Asking for Help,procedural_synthesis:audio_dataset/scripts/generate_help_clips.py,,CC0-1.0,"sonicsentinel procedural synthesis (pyttsx3 TTS, generate_help_clips.py)",2026-09-24,1.058,16000,1,outdoor,phone_builtin,near,original,,,,ba879c64b5b3f2a210b8c14cb46f002422658bbc8c7929fe4e7bc3b8089c0372,,1795686257,synthetic,outdoor_street,,calm,,English (West Midlands),116,49,telephone,Please help.,tts=pyttsx3;phrase_variant='Please help.';chain=telephone;synthetic=true
SS-HAL-0589,synthetic/person_asking_for_help/SS-HAL-0589.wav,Person Asking for Help,procedural_synthesis:audio_dataset/scripts/generate_help_clips.py,,CC0-1.0,"sonicsentinel procedural synthesis (pyttsx3 TTS, generate_help_clips.py)",2026-09-24,1.003,16000,1,indoor,phone_builtin,medium,original,,,,39fd63d63e0d94bf18bb5395503c1165f98da470488f0aef45e036e5d26b697c,,1809292419,synthetic,indoor_room,,calm,,English (Received Pronunciation),164,89,small_room,Please help me.,tts=pyttsx3;phrase_variant='Please help me.';chain=small_room;synthetic=true
SS-HAL-0590,synthetic/person_asking_for_help/SS-HAL-0590.wav,Person Asking for Help,procedural_synthesis:audio_dataset/scripts/generate_help_clips.py,,CC0-1.0,"sonicsentinel procedural synthesis (pyttsx3 TTS, generate_help_clips.py)",2026-09-24,0.802,16000,1,vehicle,lavalier_mic,near,original,,,,455daeecde50ff23378b4c0804226072d4a6bea03bcd5b32bb2213ee01a802eb,,3583579389,synthetic,car_interior,,urgent,,Vietnamese (Central),139,124,small_room,Please help.,tts=pyttsx3;phrase_variant='Please help.';chain=small_room;synthetic=true
SS-HAL-0591,synthetic/person_asking_for_help/SS-HAL-0591.wav,Person Asking for Help,procedural_synthesis:audio_dataset/scripts/generate_help_clips.py,,CC0-1.0,"sonicsentinel procedural synthesis (pyttsx3 TTS, generate_help_clips.py)",2026-09-24,1.094,16000,1,outdoor,wristband_mic,near,original,,,,eff1ca9c422c626b0affc150b74ff626c9516770f3a7c9eb862cb00bf92e8e16,,4284732398,synthetic,outdoor_open,,pleading,,"Chinese (Mandarin, latin as English)",139,155,street_bed,Please help me.,tts=pyttsx3;phrase_variant='Please help me.';chain=street_bed;synthetic=true
SS-HAL-0592,synthetic/person_asking_for_help/SS-HAL-0592.wav,Person Asking for Help,procedural_synthesis:audio_dataset/scripts/generate_help_clips.py,,CC0-1.0,"sonicsentinel procedural synthesis (pyttsx3 TTS, generate_help_clips.py)",2026-09-24,2.231,16000,1,outdoor,tablet_builtin,medium,original,,,,1310357bd3cdccdca2a08a12963fe6de80f6c6ad1d62f8132199fe8a76d043a0,,2061948836,synthetic,outdoor_street,,pleading,,"English (America, New York City)",121,84,telephone,"Please help, somebody.","tts=pyttsx3;phrase_variant='Please help, somebody.';chain=telephone;synthetic=true"
SS-HAL-0593,synthetic/person_asking_for_help/SS-HAL-0593.wav,Person Asking for Help,procedural_synthesis:audio_dataset/scripts/generate_help_clips.py,,CC0-1.0,"sonicsentinel procedural synthesis (pyttsx3 TTS, generate_help_clips.py)",2026-09-24,0.758,16000,1,indoor,wristband_mic,medium,original,,,,47d921fc00bc74eb0cdb6a3e4bdd440b6fc4a70ca90d5cb3da91bf3f72804917,,2401582465,synthetic,indoor_room,,urgent,,Vietnamese (Central),187,37,slap_echo,Call for help.,tts=pyttsx3;phrase_variant='Call for help.';chain=slap_echo;synthetic=true
SS-HAL-0594,synthetic/person_asking_for_help/SS-HAL-0594.wav,Person Asking for Help,procedural_synthesis:audio_dataset/scripts/generate_help_clips.py,,CC0-1.0,"sonicsentinel procedural synthesis (pyttsx3 TTS, generate_help_clips.py)",2026-09-24,1.251,16000,1,indoor,usb_condenser_mic,near,original,,,,5d61322590aa1453e4e4109304d69b73140ce7d956a03deeb60a095eb7e2809a,,3948060083,synthetic,indoor_room,,calm,,"Chinese (Mandarin, latin as English)",124,54,street_bed,Call for help!,tts=pyttsx3;phrase_variant='Call for help!';chain=street_bed;synthetic=true
SS-HAL-0595,synthetic/person_asking_for_help/SS-HAL-0595.wav,Person Asking for Help,procedural_synthesis:audio_dataset/scripts/generate_help_clips.py,,CC0-1.0,"sonicsentinel procedural synthesis (pyttsx3 TTS, generate_help_clips.py)",2026-09-24,1.581,16000,1,indoor,cctv_mic,medium,original,,,,68076c11c416e7dd4bde8a95538767bb7ef4ceb032b8d10c6302e020208a6a47,,373488978,synthetic,indoor_room,,calm,,English (Caribbean),147,107,crowd_bed,Please call for help.,tts=pyttsx3;phrase_variant='Please call for help.';chain=crowd_bed;synthetic=true
SS-HAL-0596,synthetic/person_asking_for_help/SS-HAL-0596.wav,Person Asking for Help,procedural_synthesis:audio_dataset/scripts/generate_help_clips.py,,CC0-1.0,"sonicsentinel procedural synthesis (pyttsx3 TTS, generate_help_clips.py)",2026-09-24,1.99,16000,1,outdoor,wristband_mic,near,original,,,,a5ffcbc5d6ff6ec9f72859ef7a7b47a05d3a4b59ee47ac430ad04a27be1d5a5e,,248290736,synthetic,outdoor_street,,calm,,English (Great Britain),177,113,small_room,"Somebody call for help, please.","tts=pyttsx3;phrase_variant='Somebody call for help, please.';chain=small_room;synthetic=true"
SS-HAL-0597,synthetic/person_asking_for_help/SS-HAL-0597.wav,Person Asking for Help,procedural_synthesis:audio_dataset/scripts/generate_help_clips.py,,CC0-1.0,"sonicsentinel procedural synthesis (pyttsx3 TTS, generate_help_clips.py)",2026-09-24,1.663,16000,1,outdoor,tablet_builtin,near,original,,,,9a936a817ac52cb0f21f83025db06ed47bee1e8d5faac7d64e3dddfd9224e134,,3913875099,synthetic,outdoor_street,,urgent,,English (Scotland),179,83,small_room,Call for help. Quickly!,tts=pyttsx3;phrase_variant='Call for help. Quickly!';chain=small_room;synthetic=true
SS-HAL-0598,synthetic/person_asking_for_help/SS-HAL-0598.wav,Person Asking for Help,procedural_synthesis:audio_dataset/scripts/generate_help_clips.py,,CC0-1.0,"sonicsentinel procedural synthesis (pyttsx3 TTS, generate_help_clips.py)",2026-09-24,0.695,16000,1,indoor,tablet_builtin,near,original,,,,d7685f56f98110e10c3c2959ff98233cc0b095a856c2a750bc68260f9f472aad,,3521852993,synthetic,indoor_hall,,urgent,,English (Lancaster),169,84,crowd_bed,Emergency.,tts=pyttsx3;phrase_variant='Emergency.';chain=crowd_bed;synthetic=true
SS-HAL-0599,synthetic/person_asking_for_help/SS-HAL-0599.wav,Person Asking for Help,procedural_synthesis:audio_dataset/scripts/generate_help_clips.py,,CC0-1.0,"sonicsentinel procedural synthesis (pyttsx3 TTS, generate_help_clips.py)",2026-09-24,1.192,16000,1,outdoor,cctv_mic,near,original,,,,872701a76cd30b386744b3f0246d54c9cd4661aca3dd394ddb0e40de2afa2684,,2884773462,synthetic,outdoor_open,,urgent,,English (West Midlands),116,115,street_bed,Emergency!,tts=pyttsx3;phrase_variant='Emergency!';chain=street_bed;synthetic=true
SS-HAL-0600,synthetic/person_asking_for_help/SS-HAL-0600.wav,Person Asking for Help,procedural_synthesis:audio_dataset/scripts/generate_help_clips.py,,CC0-1.0,"sonicsentinel procedural synthesis (pyttsx3 TTS, generate_help_clips.py)",2026-09-24,1.618,16000,1,indoor,cctv_mic,medium,original,,,,2e1835c5506c8a5832c13d94fb2850b4bb036e2efcedd0403590d5f27de91c42,,4032800208,synthetic,indoor_room,,pleading,,English (Received Pronunciation),172,98,telephone,Emergency! Help me!,tts=pyttsx3;phrase_variant='Emergency! Help me!';chain=telephone;synthetic=true
SS-HAL-0601,synthetic/person_asking_for_help/SS-HAL-0601.wav,Person Asking for Help,procedural_synthesis:audio_dataset/scripts/generate_help_clips.py,,CC0-1.0,"sonicsentinel procedural synthesis (pyttsx3 TTS, generate_help_clips.py)",2026-09-24,2.079,16000,1,outdoor,tablet_builtin,near,original,,,,968e9d45c6ba4c484c9018645a43b50591ca866ad33b0f605d382ad7a47150ed,,1469945189,synthetic,outdoor_street,,urgent,,English (Shavian alphabet),159,87,hall,Emergency. Please help me.,tts=pyttsx3;phrase_variant='Emergency. Please help me.';chain=hall;synthetic=true
SS-HAL-0602,synthetic/person_asking_for_help/SS-HAL-0602.wav,Person Asking for Help,procedural_synthesis:audio_dataset/scripts/generate_help_clips.py,,CC0-1.0,"sonicsentinel procedural synthesis (pyttsx3 TTS, generate_help_clips.py)",2026-09-24,0.708,16000,1,indoor,lavalier_mic,far,original,,,,20e1728f8b073b4af04e1e6755e8456c7630d6d0f396f9debbc1aa300caa2a84,,451860305,synthetic,indoor_room,,calm,,English (America),163,159,street_bed,Help me.,tts=pyttsx3;phrase_variant='Help me.';chain=street_bed;synthetic=true
SS-HAL-0603,synthetic/person_asking_for_help/SS-HAL-0603.wav,Person Asking for Help,procedural_synthesis:audio_dataset/scripts/generate_help_clips.py,,CC0-1.0,"sonicsentinel procedural synthesis (pyttsx3 TTS, generate_help_clips.py)",2026-09-24,0.878,16000,1,indoor,tablet_builtin,near,original,,,,1dcf8fd0bcacb2b5db7e8f26385c323c18ac14512984fb10e983117147e4da25,,4234839586,synthetic,indoor_room,,desperate,,"English (America, New York City)",129,127,clean,Help me!,tts=pyttsx3;phrase_variant='Help me!';chain=clean;synthetic=true
SS-HAL-0604,synthetic/person_asking_for_help/SS-HAL-0604.wav,Person Asking for Help,procedural_synthesis:audio_dataset/scripts/generate_help_clips.py,,CC0-1.0,"sonicsentinel procedural synthesis (pyttsx3 TTS, generate_help_clips.py)",2026-09-24,1.397,16000,1,outdoor,usb_condenser_mic,medium,original,,,,ad279bd520fbd53bf8405a169221c8cfaca3ec7b02fb5e946fb2cd37c809634d,,1722508347,synthetic,outdoor_open,,urgent,,Vietnamese (Central),156,134,crowd_bed,"Help me, please.","tts=pyttsx3;phrase_variant='Help me, please.';chain=crowd_bed;synthetic=true"
SS-HAL-0605,synthetic/person_asking_for_help/SS-HAL-0605.wav,Person Asking for Help,procedural_synthesis:audio_dataset/scripts/generate_help_clips.py,,CC0-1.0,"sonicsentinel procedural synthesis (pyttsx3 TTS, generate_help_clips.py)",2026-09-24,1.228,16000,1,vehicle,usb_condenser_mic,near,original,,,,824c8b68be986b610d9173cff4781f07640d8777af790c404d8d4a456e20e8e7,,1461892684,synthetic,car_interior,,calm,,English (Caribbean),180,76,hall,"Please, help me!","tts=pyttsx3;phrase_variant='Please, help me!';chain=hall;synthetic=true"
SS-HAL-0606,synthetic/person_asking_for_help/SS-HAL-0606.wav,Person Asking for Help,procedural_synthesis:audio_dataset/scripts/generate_help_clips.py,,CC0-1.0,"sonicsentinel procedural synthesis (pyttsx3 TTS, generate_help_clips.py)",2026-09-24,0.866,16000,1,outdoor,lavalier_mic,medium,original,,,,2e07f11c61a69c570e120473063542a4452a840c74ba1c18bf8501105b9c9cce,,4156646694,synthetic,outdoor_open,,urgent,,English (Caribbean),129,101,clean,HELP ME!,tts=pyttsx3;phrase_variant='HELP ME!';chain=clean;synthetic=true
SS-HAL-0607,synthetic/person_asking_for_help/SS-HAL-0607.wav,Person Asking for Help,procedural_synthesis:audio_dataset/scripts/generate_help_clips.py,,CC0-1.0,"sonicsentinel procedural synthesis (pyttsx3 TTS, generate_help_clips.py)",2026-09-24,1.29,16000,1,indoor,lavalier_mic,medium,original,,,,5280bb9adf1562952440860422a87fe51427fb6e7ce683c40575c935b0c0a913,,1759456439,synthetic,indoor_room,,urgent,,English (Great Britain),121,61,clean,Somebody help.,tts=pyttsx3;phrase_variant='Somebody help.';chain=clean;synthetic=true
SS-HAL-0608,synthetic/person_asking_for_help/SS-HAL-0608.wav,Person Asking for Help,procedural_synthesis:audio_dataset/scripts/generate_help_clips.py,,CC0-1.0,"sonicsentinel procedural synthesis (pyttsx3 TTS, generate_help_clips.py)",2026-09-24,1.294,16000,1,outdoor,wristband_mic,near,original,,,,0e159e13161718aee410f417b4ad90ac30129492d79096ff70ab91e501d20536,,2730036615,synthetic,outdoor_street,,desperate,,English (Scotland),127,86,crowd_bed,Somebody help!,tts=pyttsx3;phrase_variant='Somebody help!';chain=crowd_bed;synthetic=true
SS-HAL-0609,synthetic/person_asking_for_help/SS-HAL-0609.wav,Person Asking for Help,procedural_synthesis:audio_dataset/scripts/generate_help_clips.py,,CC0-1.0,"sonicsentinel procedural synthesis (pyttsx3 TTS, generate_help_clips.py)",2026-09-24,1.327,16000,1,outdoor,phone_builtin,near,original,,,,adc15cf40fa25e3ac19d4f99b64bbf4b03cca4e9edd4a7ff00f7d61ede015926,,1787236997,synthetic,outdoor_street,,pleading,,English (Lancaster),142,92,crowd_bed,Somebody help me.,tts=pyttsx3;phrase_variant='Somebody help me.';chain=crowd_bed;synthetic=true
SS-HAL-0610,synthetic/person_asking_for_help/SS-HAL-0610.wav,Person Asking for Help,procedural_synthesis:audio_dataset/scripts/generate_help_clips.py,,CC0-1.0,"sonicsentinel procedural synthesis (pyttsx3 TTS, generate_help_clips.py)",2026-09-24,1.998,16000,1,outdoor,tablet_builtin,medium,original,,,,b50007ad3cba9cfbbc0f5009b3301269b110a35fef2c113fdc9f2451b35cc27c,,4187111885,synthetic,outdoor_street,,calm,,English (West Midlands),178,48,crowd_bed,"Somebody, please, help me!","tts=pyttsx3;phrase_variant='Somebody, please, help me!';chain=crowd_bed;synthetic=true"
SS-HAL-0611,synthetic/person_asking_for_help/SS-HAL-0611.wav,Person Asking for Help,procedural_synthesis:audio_dataset/scripts/generate_help_clips.py,,CC0-1.0,"sonicsentinel procedural synthesis (pyttsx3 TTS, generate_help_clips.py)",2026-09-24,1.834,16000,1,indoor,wristband_mic,near,original,,,,254aa8a2f1ceb69b4194975eae4cf6b46f502c5236e33a0e8c34d062a2e35f44,,4120389817,synthetic,indoor_room,,desperate,,English (Received Pronunciation),165,36,hall,"Somebody help me, please.","tts=pyttsx3;phrase_variant='Somebody help me, please.';chain=hall;synthetic=true"
SS-HAL-0612,synthetic/person_asking_for_help/SS-HAL-0612.wav,Person Asking for Help,procedural_synthesis:audio_dataset/scripts/generate_help_clips.py,,CC0-1.0,"sonicsentinel procedural synthesis (pyttsx3 TTS, generate_help_clips.py)",2026-09-24,0.764,16000,1,outdoor,wristband_mic,medium,original,,,,c444f4befd125f8eb7a41de062b25bc293c640f295a190bc9a14fb42f8d5f307,,3024428933,synthetic,outdoor_open,,desperate,,English (Shavian alphabet),176,108,telephone,Please help.,tts=pyttsx3;phrase_variant='Please help.';chain=telephone;synthetic=true
SS-HAL-0613,synthetic/person_asking_for_help/SS-HAL-0613.wav,Person Asking for Help,procedural_synthesis:audio_dataset/scripts/generate_help_clips.py,,CC0-1.0,"sonicsentinel procedural synthesis (pyttsx3 TTS, generate_help_clips.py)",2026-09-24,1.721,16000,1,indoor,tablet_builtin,medium,original,,,,13f4e8f993c71f71344feee2aa04eed9c7100ede6e6f14166ace6618526c04a2,,1851990584,synthetic,indoor_room,,pleading,,English (Great Britain),159,154,slap_echo,Please help me. Hurry.,tts=pyttsx3;phrase_variant='Please help me. Hurry.';chain=slap_echo;synthetic=true
SS-HAL-0614,synthetic/person_asking_for_help/SS-HAL-0614.wav,Person Asking for Help,procedural_synthesis:audio_dataset/scripts/generate_help_clips.py,,CC0-1.0,"sonicsentinel procedural synthesis (pyttsx3 TTS, generate_help_clips.py)",2026-09-24,1.605,16000,1,vehicle,usb_condenser_mic,near,original,,,,0c806003863bf04783f2c22afb4030f73b84f914384d0b0792411476b638294e,,2777323004,synthetic,car_interior,,pleading,,"English (America, New York City)",142,161,small_room,"Please, help me!","tts=pyttsx3;phrase_variant='Please, help me!';chain=small_room;synthetic=true"
SS-HAL-0615,synthetic/person_asking_for_help/SS-HAL-0615.wav,Person Asking for Help,procedural_synthesis:audio_dataset/scripts/generate_help_clips.py,,CC0-1.0,"sonicsentinel procedural synthesis (pyttsx3 TTS, generate_help_clips.py)",2026-09-24,2.033,16000,1,indoor,phone_builtin,medium,original,,,,053ea90be93616aa674804df1b3fddeb140c359eb2751b95a0322edbae70d701,,3752149052,synthetic,indoor_hall,,pleading,,Vietnamese (Central),139,133,small_room,Please help me. Hurry.,tts=pyttsx3;phrase_variant='Please help me. Hurry.';chain=small_room;synthetic=true
SS-HAL-0616,synthetic/person_asking_for_help/SS-HAL-0616.wav,Person Asking for Help,procedural_synthesis:audio_dataset/scripts/generate_help_clips.py,,CC0-1.0,"sonicsentinel procedural synthesis (pyttsx3 TTS, generate_help_clips.py)",2026-09-24,1.657,16000,1,outdoor,lavalier_mic,near,original,,,,8fcdfa32d585dc0797ffb78f512af9d900ee0e4f8586a17314087ab038a03819,,621621034,synthetic,outdoor_street,,pleading,,"Chinese (Mandarin, latin as English)",150,62,slap_echo,"Please help, somebody.","tts=pyttsx3;phrase_variant='Please help, somebody.';chain=slap_echo;synthetic=true"
SS-HAL-0617,synthetic/person_asking_for_help/SS-HAL-0617.wav,Person Asking for Help,procedural_synthesis:audio_dataset/scripts/generate_help_clips.py,,CC0-1.0,"sonicsentinel procedural synthesis (pyttsx3 TTS, generate_help_clips.py)",2026-09-24,1.303,16000,1,outdoor,phone_builtin,near,original,,,,875c5a66325a7da573d2fddd611d8191be1a1661149373724c2bbf671d6d54f6,,1923619390,synthetic,outdoor_open,,pleading,,English (Caribbean),134,65,slap_echo,Call for help.,tts=pyttsx3;phrase_variant='Call for help.';chain=slap_echo;synthetic=true
SS-HAL-0618,synthetic/person_asking_for_help/SS-HAL-0618.wav,Person Asking for Help,procedural_synthesis:audio_dataset/scripts/generate_help_clips.py,,CC0-1.0,"sonicsentinel procedural synthesis (pyttsx3 TTS, generate_help_clips.py)",2026-09-24,0.903,16000,1,indoor,cctv_mic,near,original,,,,84b1cf085f217c57f205e81ac1facbe1309d12f73bf31bfb1be317045cc52fd9,,2389420948,synthetic,indoor_room,,pleading,,English (Great Britain),183,110,small_room,Call for help!,tts=pyttsx3;phrase_variant='Call for help!';chain=small_room;synthetic=true
SS-HAL-0619,synthetic/person_asking_for_help/SS-HAL-0619.wav,Person Asking for Help,procedural_synthesis:audio_dataset/scripts/generate_help_clips.py,,CC0-1.0,"sonicsentinel procedural synthesis (pyttsx3 TTS, generate_help_clips.py)",2026-09-24,1.576,16000,1,outdoor,wristband_mic,near,original,,,,e5ab5711394e621bc9af90733c427aee465e2c7178aeb734de0845824f1bb49c,,1529306222,synthetic,outdoor_street,,urgent,,English (Scotland),137,108,telephone,Please call for help.,tts=pyttsx3;phrase_variant='Please call for help.';chain=telephone;synthetic=true
SS-HAL-0620,synthetic/person_asking_for_help/SS-HAL-0620.wav,Person Asking for Help,procedural_synthesis:audio_dataset/scripts/generate_help_clips.py,,CC0-1.0,"sonicsentinel procedural synthesis (pyttsx3 TTS, generate_help_clips.py)",2026-09-24,3.252,16000,1,indoor,usb_condenser_mic,medium,original,,,,6698b0bcaa1ecffa4fe5a38af06a24bd18f4182702347f7beb72e4e33c41943a,,636752465,synthetic,indoor_room,,urgent,,English (Lancaster),113,168,hall,"Somebody call for help, please.","tts=pyttsx3;phrase_variant='Somebody call for help, please.';chain=hall;synthetic=true"
SS-HAL-0621,synthetic/person_asking_for_help/SS-HAL-0621.wav,Person Asking for Help,procedural_synthesis:audio_dataset/scripts/generate_help_clips.py,,CC0-1.0,"sonicsentinel procedural synthesis (pyttsx3 TTS, generate_help_clips.py)",2026-09-24,2.804,16000,1,indoor,phone_builtin,near,original,,,,30a40a2739d832915310396afb528284f07c6e02af569d14fa77c294a2454b26,,3912133380,synthetic,indoor_hall,,urgent,,English (West Midlands),113,160,clean,Call for help. Quickly!,tts=pyttsx3;phrase_variant='Call for help. Quickly!';chain=clean;synthetic=true
SS-HAL-0622,synthetic/person_asking_for_help/SS-HAL-0622.wav,Person Asking for Help,procedural_synthesis:audio_dataset/scripts/generate_help_clips.py,,CC0-1.0,"sonicsentinel procedural synthesis (pyttsx3 TTS, generate_help_clips.py)",2026-09-24,0.788,16000,1,indoor,wristband_mic,near,original,,,,d994d7b7aa2c759212d664e24357cbe23b3d5bd2b6b3e2c36c8aa20ff60f8f2e,,3218524963,synthetic,indoor_hall,,calm,,English (Received Pronunciation),150,34,hall,Emergency.,tts=pyttsx3;phrase_variant='Emergency.';chain=hall;synthetic=true
SS-HAL-0623,synthetic/person_asking_for_help/SS-HAL-0623.wav,Person Asking for Help,procedural_synthesis:audio_dataset/scripts/generate_help_clips.py,,CC0-1.0,"sonicsentinel procedural synthesis (pyttsx3 TTS, generate_help_clips.py)",2026-09-24,0.809,16000,1,indoor,wristband_mic,far,original,,,,5fc6c0e66949114765c0272728628ce5b606c1ee7c6b6e72dcfdde3daa2b83ed,,183269735,synthetic,indoor_room,,calm,,English (Shavian alphabet),144,121,slap_echo,Emergency!,tts=pyttsx3;phrase_variant='Emergency!';chain=slap_echo;synthetic=true
SS-HAL-0624,synthetic/person_asking_for_help/SS-HAL-0624.wav,Person Asking for Help,procedural_synthesis:audio_dataset/scripts/generate_help_clips.py,,CC0-1.0,"sonicsentinel procedural synthesis (pyttsx3 TTS, generate_help_clips.py)",2026-09-24,2.518,16000,1,indoor,tablet_builtin,near,original,,,,a791152f43daa61d18c3b0f647f0a65948f40c73171ab13b8c3f4aabfda1c6c1,,2277808555,synthetic,indoor_room,,calm,,English (America),118,47,crowd_bed,Emergency! Help me!,tts=pyttsx3;phrase_variant='Emergency! Help me!';chain=crowd_bed;synthetic=true
SS-HAL-0625,synthetic/person_asking_for_help/SS-HAL-0625.wav,Person Asking for Help,procedural_synthesis:audio_dataset/scripts/generate_help_clips.py,,CC0-1.0,"sonicsentinel procedural synthesis (pyttsx3 TTS, generate_help_clips.py)",2026-09-24,2.899,16000,1,indoor,usb_condenser_mic,near,original,,,,b3fc3db85d2e3642b014a2c5d491ef17385eddbbf87505e8b857413a4a215a84,,1298311739,synthetic,indoor_hall,,urgent,,"English (America, New York City)",118,121,hall,Emergency. Please help me.,tts=pyttsx3;phrase_variant='Emergency. Please help me.';chain=hall;synthetic=true
SS-HAL-0626,synthetic/person_asking_for_help/SS-HAL-0626.wav,Person Asking for Help,procedural_synthesis:audio_dataset/scripts/generate_help_clips.py,,CC0-1.0,"sonicsentinel procedural synthesis (pyttsx3 TTS, generate_help_clips.py)",2026-09-24,0.706,16000,1,indoor,wristband_mic,medium,original,,,,79ef1498f4a27d3f53612b112dd061334465eee89e3c32a7cc8cd4c80fa2a34e,,2312495752,synthetic,indoor_room,,urgent,,Vietnamese (Central),168,163,clean,Help me.,tts=pyttsx3;phrase_variant='Help me.';chain=clean;synthetic=true
SS-HAL-0627,synthetic/person_asking_for_help/SS-HAL-0627.wav,Person Asking for Help,procedural_synthesis:audio_dataset/scripts/generate_help_clips.py,,CC0-1.0,"sonicsentinel procedural synthesis (pyttsx3 TTS, generate_help_clips.py)",2026-09-24,0.607,16000,1,indoor,usb_condenser_mic,near,original,,,,4297134ddb63eec7681b694bd69a957c8fa8111e51128158f8ea0b79f4260229,,1762527395,synthetic,indoor_room,,pleading,,"Chinese (Mandarin, latin as English)",161,82,small_room,Help me!,tts=pyttsx3;phrase_variant='Help me!';chain=small_room;synthetic=true
SS-HAL-0628,synthetic/person_asking_for_help/SS-HAL-0628.wav,Person Asking for Help,procedural_synthesis:audio_dataset/scripts/generate_help_clips.py,,CC0-1.0,"sonicsentinel procedural synthesis (pyttsx3 TTS, generate_help_clips.py)",2026-09-24,1.671,16000,1,indoor,wristband_mic,far,original,,,,9c75ab4d3e055127406ecd914992caacfdbb2c42c93b70a4324935a00b785247,,4263869385,synthetic,indoor_room,,urgent,,English (Caribbean),135,166,slap_echo,"Help me, please.","tts=pyttsx3;phrase_variant='Help me, please.';chain=slap_echo;synthetic=true"
SS-HAL-0629,synthetic/person_asking_for_help/SS-HAL-0629.wav,Person Asking for Help,procedural_synthesis:audio_dataset/scripts/generate_help_clips.py,,CC0-1.0,"sonicsentinel procedural synthesis (pyttsx3 TTS, generate_help_clips.py)",2026-09-24,1.333,16000,1,indoor,tablet_builtin,medium,original,,,,adc4648784561fd3c209633f3ddd3d6f85d60c48c8ac6f185a303dfda1dfcb60,,4076418700,synthetic,indoor_room,,urgent,,English (Great Britain),179,144,crowd_bed,Help me. Please.,tts=pyttsx3;phrase_variant='Help me. Please.';chain=crowd_bed;synthetic=true
SS-HAL-0630,synthetic/person_asking_for_help/SS-HAL-0630.wav,Person Asking for Help,procedural_synthesis:audio_dataset/scripts/generate_help_clips.py,,CC0-1.0,"sonicsentinel procedural synthesis (pyttsx3 TTS, generate_help_clips.py)",2026-09-24,0.627,16000,1,indoor,phone_builtin,near,original,,,,a98c38be0ad8d4d3781678f6ed4e2d97fd1abb10dfbc1690ca7364fbe8ab0d97,,224491092,synthetic,indoor_hall,,calm,,English (Scotland),179,161,crowd_bed,HELP ME!,tts=pyttsx3;phrase_variant='HELP ME!';chain=crowd_bed;synthetic=true
SS-HAL-0631,synthetic/person_asking_for_help/SS-HAL-0631.wav,Person Asking for Help,procedural_synthesis:audio_dataset/scripts/generate_help_clips.py,,CC0-1.0,"sonicsentinel procedural synthesis (pyttsx3 TTS, generate_help_clips.py)",2026-09-24,1.344,16000,1,indoor,cctv_mic,medium,original,,,,7e5c54c718f07280e67531036eb6a36183652f07ba0a288afcf2f4cdd569eb89,,1592007428,synthetic,indoor_room,,desperate,,English (Lancaster),117,46,crowd_bed,Somebody help.,tts=pyttsx3;phrase_variant='Somebody help.';chain=crowd_bed;synthetic=true
SS-HAL-0632,synthetic/person_asking_for_help/SS-HAL-0632.wav,Person Asking for Help,procedural_synthesis:audio_dataset/scripts/generate_help_clips.py,,CC0-1.0,"sonicsentinel procedural synthesis (pyttsx3 TTS, generate_help_clips.py)",2026-09-24,0.973,16000,1,indoor,wristband_mic,near,original,,,,0612a0ef27e785d245e94fc162ccc506e39e546d41a4059ddfe6708d0657a351,,247892687,synthetic,indoor_room,,urgent,,English (West Midlands),164,146,telephone,Somebody help!,tts=pyttsx3;phrase_variant='Somebody help!';chain=telephone;synthetic=true
SS-HAL-0633,synthetic/person_asking_for_help/SS-HAL-0633.wav,Person Asking for Help,procedural_synthesis:audio_dataset/scripts/generate_help_clips.py,,CC0-1.0,"sonicsentinel procedural synthesis (pyttsx3 TTS, generate_help_clips.py)",2026-09-24,1.143,16000,1,indoor,tablet_builtin,medium,original,,,,c8681db4322dfa43fd2d85f040891d164d4ce17978a355af8ff03fc2976b0e9f,,823658775,synthetic,indoor_room,,desperate,,English (Received Pronunciation),168,168,small_room,Somebody help me.,tts=pyttsx3;phrase_variant='Somebody help me.';chain=small_room;synthetic=true
SS-HAL-0634,synthetic/person_asking_for_help/SS-HAL-0634.wav,Person Asking for Help,procedural_synthesis:audio_dataset/scripts/generate_help_clips.py,,CC0-1.0,"sonicsentinel procedural synthesis (pyttsx3 TTS, generate_help_clips.py)",2026-09-24,2.588,16000,1,outdoor,usb_condenser_mic,medium,original,,,,49fdeb8881349547e84d03036d5eb33350d51c8aa33935a426fae20979b4376f,,1003397941,synthetic,outdoor_open,,urgent,,English (Shavian alphabet),136,37,slap_echo,"Somebody, please, help me!","tts=pyttsx3;phrase_variant='Somebody, please, help me!';chain=slap_echo;synthetic=true"
SS-HAL-0635,synthetic/person_asking_for_help/SS-HAL-0635.wav,Person Asking for Help,procedural_synthesis:audio_dataset/scripts/generate_help_clips.py,,CC0-1.0,"sonicsentinel procedural synthesis (pyttsx3 TTS, generate_help_clips.py)",2026-09-24,2.875,16000,1,indoor,tablet_builtin,medium,original,,,,ed24bac3c6b224edb83ae06df931b649f0fe35795eee3384fe894f6f867099f0,,2601616286,synthetic,indoor_room,,desperate,,English (America),111,159,small_room,"Somebody help me, please.","tts=pyttsx3;phrase_variant='Somebody help me, please.';chain=small_room;synthetic=true"
SS-HAL-0636,synthetic/person_asking_for_help/SS-HAL-0636.wav,Person Asking for Help,procedural_synthesis:audio_dataset/scripts/generate_help_clips.py,,CC0-1.0,"sonicsentinel procedural synthesis (pyttsx3 TTS, generate_help_clips.py)",2026-09-24,0.926,16000,1,outdoor,usb_condenser_mic,near,original,,,,b1466370e7094fbc861a4ed3f87c3eaed77ee434fe417a94435c2ae59ada84e0,,1466877659,synthetic,outdoor_street,,urgent,,"English (America, New York City)",156,142,hall,Please help.,tts=pyttsx3;phrase_variant='Please help.';chain=hall;synthetic=true
SS-HAL-0637,synthetic/person_asking_for_help/SS-HAL-0637.wav,Person Asking for Help,procedural_synthesis:audio_dataset/scripts/generate_help_clips.py,,CC0-1.0,"sonicsentinel procedural synthesis (pyttsx3 TTS, generate_help_clips.py)",2026-09-24,1.052,16000,1,indoor,cctv_mic,far,original,,,,54e62ae670db8fd8b445932f4550d7e10727eed8151191e21e8d7be661d7fbc9,,862693172,synthetic,indoor_room,,urgent,,Vietnamese (Central),167,127,clean,Please help me.,tts=pyttsx3;phrase_variant='Please help me.';chain=clean;synthetic=true
SS-HAL-0638,synthetic/person_asking_for_help/SS-HAL-0638.wav,Person Asking for Help,procedural_synthesis:audio_dataset/scripts/generate_help_clips.py,,CC0-1.0,"sonicsentinel procedural synthesis (pyttsx3 TTS, generate_help_clips.py)",2026-09-24,1.239,16000,1,outdoor,lavalier_mic,near,original,,,,78b64dab2a3cb81b8044576272a796381577451de41849caf89ba9b4d0fe677c,,1350804544,synthetic,outdoor_open,,desperate,,"Chinese (Mandarin, latin as English)",156,123,street_bed,"Please, help me!","tts=pyttsx3;phrase_variant='Please, help me!';chain=street_bed;synthetic=true"
SS-HAL-0639,synthetic/person_asking_for_help/SS-HAL-0639.wav,Person Asking for Help,procedural_synthesis:audio_dataset/scripts/generate_help_clips.py,,CC0-1.0,"sonicsentinel procedural synthesis (pyttsx3 TTS, generate_help_clips.py)",2026-09-24,1.454,16000,1,vehicle,wristband_mic,near,original,,,,1f14db276a0960c591d70e5d2c512933dbb56a3a7f38c944c632ac9e833e801a,,6897197,synthetic,car_interior,,pleading,,English (Caribbean),188,118,small_room,Please help me. Hurry.,tts=pyttsx3;phrase_variant='Please help me. Hurry.';chain=small_room;synthetic=true
SS-HAL-0640,synthetic/person_asking_for_help/SS-HAL-0640.wav,Person Asking for Help,procedural_synthesis:audio_dataset/scripts/generate_help_clips.py,,CC0-1.0,"sonicsentinel procedural synthesis (pyttsx3 TTS, generate_help_clips.py)",2026-09-24,1.697,16000,1,outdoor,phone_builtin,near,original,,,,1cc675b7228db952ff8639d9639daf82aaa3bc431823fcee2da3f83de8ea1c4a,,499938490,synthetic,outdoor_open,,desperate,,English (Great Britain),154,47,telephone,"Please help, somebody.","tts=pyttsx3;phrase_variant='Please help, somebody.';chain=telephone;synthetic=true"
SS-HAL-0641,synthetic/person_asking_for_help/SS-HAL-0641.wav,Person Asking for Help,procedural_synthesis:audio_dataset/scripts/generate_help_clips.py,,CC0-1.0,"sonicsentinel procedural synthesis (pyttsx3 TTS, generate_help_clips.py)",2026-09-24,0.936,16000,1,indoor,tablet_builtin,near,original,,,,2b185b3f291c4afb5b635e67ce49e7706340435d07c9ada1dc04aa5483c0e7f5,,3839063684,synthetic,indoor_room,,urgent,,English (Scotland),174,165,small_room,Call for help.,tts=pyttsx3;phrase_variant='Call for help.';chain=small_room;synthetic=true
SS-HAL-0642,synthetic/person_asking_for_help/SS-HAL-0642.wav,Person Asking for Help,procedural_synthesis:audio_dataset/scripts/generate_help_clips.py,,CC0-1.0,"sonicsentinel procedural synthesis (pyttsx3 TTS, generate_help_clips.py)",2026-09-24,1.005,16000,1,outdoor,usb_condenser_mic,near,original,,,,c6dbf3d8a49ea0ac1acf657556016f01684a928846db89314d3c7182a7eca26f,,1851588118,synthetic,outdoor_open,,calm,,English (Lancaster),172,85,hall,Call for help!,tts=pyttsx3;phrase_variant='Call for help!';chain=hall;synthetic=true
SS-HAL-0643,synthetic/person_asking_for_help/SS-HAL-0643.wav,Person Asking for Help,procedural_synthesis:audio_dataset/scripts/generate_help_clips.py,,CC0-1.0,"sonicsentinel procedural synthesis (pyttsx3 TTS, generate_help_clips.py)",2026-09-24,1.211,16000,1,vehicle,cctv_mic,near,original,,,,490a029a37136667592f4a64bc51bbe92214368d86ff89a468ba8eb03a50e3ae,,305488955,synthetic,car_interior,,pleading,,English (West Midlands),182,136,clean,Please call for help.,tts=pyttsx3;phrase_variant='Please call for help.';chain=clean;synthetic=true
SS-HAL-0644,synthetic/person_asking_for_help/SS-HAL-0644.wav,Person Asking for Help,procedural_synthesis:audio_dataset/scripts/generate_help_clips.py,,CC0-1.0,"sonicsentinel procedural synthesis (pyttsx3 TTS, generate_help_clips.py)",2026-09-24,2.135,16000,1,vehicle,cctv_mic,near,original,,,,d76cc54ea098f7904a20b3ff8b0d58fab65bb8f76350c3e5629cf5f9c9f60849,,466058776,synthetic,car_interior,,calm,,English (Received Pronunciation),166,72,telephone,"Somebody call for help, please.","tts=pyttsx3;phrase_variant='Somebody call for help, please.';chain=telephone;synthetic=true"
SS-HAL-0645,synthetic/person_asking_for_help/SS-HAL-0645.wav,Person Asking for Help,procedural_synthesis:audio_dataset/scripts/generate_help_clips.py,,CC0-1.0,"sonicsentinel procedural synthesis (pyttsx3 TTS, generate_help_clips.py)",2026-09-24,2.801,16000,1,outdoor,tablet_builtin,medium,original,,,,87a4fa78fa4d39de937dfa3e5a537ac39f4998737993b0678c08d720c1389aec,,676641065,synthetic,outdoor_open,,pleading,,English (Shavian alphabet),111,44,street_bed,Call for help. Quickly!,tts=pyttsx3;phrase_variant='Call for help. Quickly!';chain=street_bed;synthetic=true
SS-HAL-0646,synthetic/person_asking_for_help/SS-HAL-0646.wav,Person Asking for Help,procedural_synthesis:audio_dataset/scripts/generate_help_clips.py,,CC0-1.0,"sonicsentinel procedural synthesis (pyttsx3 TTS, generate_help_clips.py)",2026-09-24,0.979,16000,1,indoor,wristband_mic,medium,original,,,,4d5bcd136e9df8807cf489ad13785886f9185d5160b1f31c1b27b6e2deac6911,,943866895,synthetic,indoor_room,,urgent,,English (America),116,118,small_room,Emergency.,tts=pyttsx3;phrase_variant='Emergency.';chain=small_room;synthetic=true
SS-HAL-0647,synthetic/person_asking_for_help/SS-HAL-0647.wav,Person Asking for Help,procedural_synthesis:audio_dataset/scripts/generate_help_clips.py,,CC0-1.0,"sonicsentinel procedural synthesis (pyttsx3 TTS, generate_help_clips.py)",2026-09-24,0.639,16000,1,outdoor,usb_condenser_mic,medium,original,,,,23d880682ed20b0e8135b160f1542718a5afbec3da389b90b19743e407d825de,,3753469963,synthetic,outdoor_open,,desperate,,"English (America, New York City)",179,105,hall,Emergency!,tts=pyttsx3;phrase_variant='Emergency!';chain=hall;synthetic=true
SS-HAL-0648,synthetic/person_asking_for_help/SS-HAL-0648.wav,Person Asking for Help,procedural_synthesis:audio_dataset/scripts/generate_help_clips.py,,CC0-1.0,"sonicsentinel procedural synthesis (pyttsx3 TTS, generate_help_clips.py)",2026-09-24,1.866,16000,1,outdoor,cctv_mic,medium,original,,,,4ddab178974c6f016eab6c4d6b259413e31e19c623b9f0f6149084491150a56c,,810759707,synthetic,outdoor_open,,urgent,,Vietnamese (Central),153,54,crowd_bed,Emergency! Help me!,tts=pyttsx3;phrase_variant='Emergency! Help me!';chain=crowd_bed;synthetic=true
SS-HAL-0649,synthetic/person_asking_for_help/SS-HAL-0649.wav,Person Asking for Help,procedural_synthesis:audio_dataset/scripts/generate_help_clips.py,,CC0-1.0,"sonicsentinel procedural synthesis (pyttsx3 TTS, generate_help_clips.py)",2026-09-24,1.909,16000,1,outdoor,wristband_mic,near,original,,,,b56b537634c9983eacba89f61cc3017e0a7d8a035ff748e4a8c8cd2ce2431113,,2955429823,synthetic,outdoor_open,,pleading,,"Chinese (Mandarin, latin as English)",167,164,slap_echo,Emergency. Please help me.,tts=pyttsx3;phrase_variant='Emergency. Please help me.';chain=slap_echo;synthetic=true
SS-HAL-0650,synthetic/person_asking_for_help/SS-HAL-0650.wav,Person Asking for Help,procedural_synthesis:audio_dataset/scripts/generate_help_clips.py,,CC0-1.0,"sonicsentinel procedural synthesis (pyttsx3 TTS, generate_help_clips.py)",2026-09-24,0.935,16000,1,vehicle,lavalier_mic,near,original,,,,e8e1821f3d7339981a045811e16f6866f97899617186b7a1f9c8dbf39dfe56a7,,872719791,synthetic,car_interior,,urgent,,English (Caribbean),117,169,clean,Help me.,tts=pyttsx3;phrase_variant='Help me.';chain=clean;synthetic=true
SS-HAL-0651,synthetic/person_asking_for_help/SS-HAL-0651.wav,Person Asking for Help,procedural_synthesis:audio_dataset/scripts/generate_help_clips.py,,CC0-1.0,"sonicsentinel procedural synthesis (pyttsx3 TTS, generate_help_clips.py)",2026-09-24,0.93,16000,1,indoor,tablet_builtin,near,original,,,,23fbc0d52fbff0164944f5c67688838cb65c49c16261ebf56bfb883c51a14e8d,,2401021138,synthetic,indoor_room,,pleading,,English (Great Britain),115,121,crowd_bed,Help me!,tts=pyttsx3;phrase_variant='Help me!';chain=crowd_bed;synthetic=true
SS-HAL-0652,synthetic/person_asking_for_help/SS-HAL-0652.wav,Person Asking for Help,procedural_synthesis:audio_dataset/scripts/generate_help_clips.py,,CC0-1.0,"sonicsentinel procedural synthesis (pyttsx3 TTS, generate_help_clips.py)",2026-09-24,1.255,16000,1,outdoor,lavalier_mic,near,original,,,,61ff0211c3666e07cdc859ab19b96352ab733005dd1ebf64df1cf09c4ccd77fd,,633609393,synthetic,outdoor_open,,desperate,,English (Scotland),175,82,hall,"Help me, please.","tts=pyttsx3;phrase_variant='Help me, please.';chain=hall;synthetic=true"
SS-HAL-0653,synthetic/person_asking_for_help/SS-HAL-0653.wav,Person Asking for Help,procedural_synthesis:audio_dataset/scripts/generate_help_clips.py,,CC0-1.0,"sonicsentinel procedural synthesis (pyttsx3 TTS, generate_help_clips.py)",2026-09-24,2.111,16000,1,outdoor,wristband_mic,near,original,,,,6f5234dd2adb2bcd65450897e9a2ddcf769ad96493abbfb8056f0bd87eac6e44,,685182965,synthetic,outdoor_street,,calm,,English (Lancaster),119,72,street_bed,Help me. Please.,tts=pyttsx3;phrase_variant='Help me. Please.';chain=street_bed;synthetic=true
SS-HAL-0654,synthetic/person_asking_for_help/SS-HAL-0654.wav,Person Asking for Help,procedural_synthesis:audio_dataset/scripts/generate_help_clips.py,,CC0-1.0,"sonicsentinel procedural synthesis (pyttsx3 TTS, generate_help_clips.py)",2026-09-24,0.956,16000,1,indoor,usb_condenser_mic,medium,original,,,,9cf4399023982a21b4d49b412bffe9d70dc542bf68e2639a98e484f5485f5d34,,1885066298,synthetic,indoor_room,,desperate,,English (West Midlands),111,71,clean,HELP ME!,tts=pyttsx3;phrase_variant='HELP ME!';chain=clean;synthetic=true
SS-HAL-0655,synthetic/person_asking_for_help/SS-HAL-0655.wav,Person Asking for Help,procedural_synthesis:audio_dataset/scripts/generate_help_clips.py,,CC0-1.0,"sonicsentinel procedural synthesis (pyttsx3 TTS, generate_help_clips.py)",2026-09-24,0.972,16000,1,vehicle,usb_condenser_mic,medium,original,,,,a58de9bad37172cac78eca44d87555da6abc3b36834affd1c8b8f37b00a655ca,,2742246379,synthetic,car_interior,,desperate,,English (Received Pronunciation),169,35,small_room,Somebody help.,tts=pyttsx3;phrase_variant='Somebody help.';chain=small_room;synthetic=true
SS-HAL-0656,synthetic/person_asking_for_help/SS-HAL-0656.wav,Person Asking for Help,procedural_synthesis:audio_dataset/scripts/generate_help_clips.py,,CC0-1.0,"sonicsentinel procedural synthesis (pyttsx3 TTS, generate_help_clips.py)",2026-09-24,1.598,16000,1,indoor,usb_condenser_mic,near,original,,,,1edef39757d906d6f311ec1e3c2181fcc8ba42b3a9ec0e64948bbd24a6f715b3,,3537576504,synthetic,indoor_room,,pleading,,English (Scotland),168,47,hall,"Please help, somebody.","tts=pyttsx3;phrase_variant='Please help, somebody.';chain=hall;synthetic=true"
SS-HAL-0657,synthetic/person_asking_for_help/SS-HAL-0657.wav,Person Asking for Help,procedural_synthesis:audio_dataset/scripts/generate_help_clips.py,,CC0-1.0,"sonicsentinel procedural synthesis (pyttsx3 TTS, generate_help_clips.py)",2026-09-24,1.597,16000,1,outdoor,phone_builtin,far,original,,,,40533fd8eac04f4e605c45185dda4b269a48b2608da9c2278b846cce68bb75dc,,1256519982,synthetic,outdoor_open,,urgent,,English (America),125,158,street_bed,Somebody help me.,tts=pyttsx3;phrase_variant='Somebody help me.';chain=street_bed;synthetic=true
SS-HAL-0658,synthetic/person_asking_for_help/SS-HAL-0658.wav,Person Asking for Help,procedural_synthesis:audio_dataset/scripts/generate_help_clips.py,,CC0-1.0,"sonicsentinel procedural synthesis (pyttsx3 TTS, generate_help_clips.py)",2026-09-24,3.191,16000,1,outdoor,usb_condenser_mic,medium,original,,,,eb3413896e47ede1e958d8478ddf990d94dbe773e0394cf5c6181d867227507d,,1077183121,synthetic,outdoor_open,,urgent,,"English (America, New York City)",114,121,crowd_bed,"Somebody, please, help me!","tts=pyttsx3;phrase_variant='Somebody, please, help me!';chain=crowd_bed;synthetic=true"
SS-HAL-0659,synthetic/person_asking_for_help/SS-HAL-0659.wav,Person Asking for Help,procedural_synthesis:audio_dataset/scripts/generate_help_clips.py,,CC0-1.0,"sonicsentinel procedural synthesis (pyttsx3 TTS, generate_help_clips.py)",2026-09-24,2.606,16000,1,indoor,lavalier_mic,medium,original,,,,7a1b173e5a0954f9210016a07e7fc4a243cf9a3c4f42ca8b48cfb6f9a0ba2d2f,,3817695046,synthetic,indoor_room,,urgent,,Vietnamese (Central),116,89,crowd_bed,"Somebody help me, please.","tts=pyttsx3;phrase_variant='Somebody help me, please.';chain=crowd_bed;synthetic=true"
SS-HAL-0660,synthetic/person_asking_for_help/SS-HAL-0660.wav,Person Asking for Help,procedural_synthesis:audio_dataset/scripts/generate_help_clips.py,,CC0-1.0,"sonicsentinel procedural synthesis (pyttsx3 TTS, generate_help_clips.py)",2026-09-24,0.695,16000,1,outdoor,usb_condenser_mic,medium,original,,,,22bab41fb7f68fdab08d2eec6f16821fde19061047df681d47e388f6ee0f3f0e,,2318153612,synthetic,outdoor_open,,pleading,,"Chinese (Mandarin, latin as English)",180,154,small_room,Please help.,tts=pyttsx3;phrase_variant='Please help.';chain=small_room;synthetic=true
SS-HAL-0661,synthetic/person_asking_for_help/SS-HAL-0661.wav,Person Asking for Help,procedural_synthesis:audio_dataset/scripts/generate_help_clips.py,,CC0-1.0,"sonicsentinel procedural synthesis (pyttsx3 TTS, generate_help_clips.py)",2026-09-24,1.143,16000,1,indoor,usb_condenser_mic,near,original,,,,dff09fbd4e404976448f119f0d7cb70d8241d16c62cbef0831f03b0b52c47b65,,2571757048,synthetic,indoor_room,,pleading,,English (Caribbean),147,69,hall,Please help me.,tts=pyttsx3;phrase_variant='Please help me.';chain=hall;synthetic=true
SS-HAL-0662,synthetic/person_asking_for_help/SS-HAL-0662.wav,Person Asking for Help,procedural_synthesis:audio_dataset/scripts/generate_help_clips.py,,CC0-1.0,"sonicsentinel procedural synthesis (pyttsx3 TTS, generate_help_clips.py)",2026-09-24,1.229,16000,1,outdoor,wristband_mic,medium,original,,,,ef1ca945a17423e59439adc7158a1707c35eed7564cb5f6ce39062252bf7b3da,,4109533945,synthetic,outdoor_open,,urgent,,English (Lancaster),136,133,hall,Call for help.,tts=pyttsx3;phrase_variant='Call for help.';chain=hall;synthetic=true
SS-HAL-0663,synthetic/person_asking_for_help/SS-HAL-0663.wav,Person Asking for Help,procedural_synthesis:audio_dataset/scripts/generate_help_clips.py,,CC0-1.0,"sonicsentinel procedural synthesis (pyttsx3 TTS, generate_help_clips.py)",2026-09-24,1.516,16000,1,outdoor,lavalier_mic,near,original,,,,80eaaa8328b8535f64cfea4803d9318c6b1185f9f8ea0aea48aafbd3181004c4,,3650656933,synthetic,outdoor_open,,urgent,,English (Scotland),180,98,hall,Please help me. Hurry.,tts=pyttsx3;phrase_variant='Please help me. Hurry.';chain=hall;synthetic=true
SS-HAL-0664,synthetic/person_asking_for_help/SS-HAL-0664.wav,Person Asking for Help,procedural_synthesis:audio_dataset/scripts/generate_help_clips.py,,CC0-1.0,"sonicsentinel procedural synthesis (pyttsx3 TTS, generate_help_clips.py)",2026-09-24,1.652,16000,1,outdoor,usb_condenser_mic,near,original,,,,40515a55924bef4f913ee372d163d3571d3210dc702b0913579d90d334c0fa97,,752171192,synthetic,outdoor_street,,calm,,English (Lancaster),161,96,small_room,"Please help, somebody.","tts=pyttsx3;phrase_variant='Please help, somebody.';chain=small_room;synthetic=true"
SS-HAL-0665,synthetic/person_asking_for_help/SS-HAL-0665.wav,Person Asking for Help,procedural_synthesis:audio_dataset/scripts/generate_help_clips.py,,CC0-1.0,"sonicsentinel procedural synthesis (pyttsx3 TTS, generate_help_clips.py)",2026-09-24,0.846,16000,1,indoor,cctv_mic,near,original,,,,8b6bc3b307e8ebfc0c66f5c020a7de3efa159024195d18a275762754b29c8325,,1360552246,synthetic,indoor_hall,,desperate,,English (West Midlands),189,160,clean,Call for help.,tts=pyttsx3;phrase_variant='Call for help.';chain=clean;synthetic=true
SS-HAL-0666,synthetic/person_asking_for_help/SS-HAL-0666.wav,Person Asking for Help,procedural_synthesis:audio_dataset/scripts/generate_help_clips.py,,CC0-1.0,"sonicsentinel procedural synthesis (pyttsx3 TTS, generate_help_clips.py)",2026-09-24,1.386,16000,1,indoor,lavalier_mic,medium,original,,,,8815a450a9a978aa30d65dc4d3d4ce7144eb0f0786bf7ad26400b2cfd44979ed,,2674757921,synthetic,indoor_room,,desperate,,English (Received Pronunciation),112,71,telephone,Call for help!,tts=pyttsx3;phrase_variant='Call for help!';chain=telephone;synthetic=true
SS-HAL-0667,synthetic/person_asking_for_help/SS-HAL-0667.wav,Person Asking for Help,procedural_synthesis:audio_dataset/scripts/generate_help_clips.py,,CC0-1.0,"sonicsentinel procedural synthesis (pyttsx3 TTS, generate_help_clips.py)",2026-09-24,1.228,16000,1,indoor,usb_condenser_mic,far,original,,,,f9384c74b19a3431b6774893f69515245099289e1c6fc58f5ad60576d6d2be51,,1407254524,synthetic,indoor_hall,,pleading,,English (Shavian alphabet),181,77,crowd_bed,Please call for help.,tts=pyttsx3;phrase_variant='Please call for help.';chain=crowd_bed;synthetic=true
SS-HAL-0668,synthetic/person_asking_for_help/SS-HAL-0668.wav,Person Asking for Help,procedural_synthesis:audio_dataset/scripts/generate_help_clips.py,,CC0-1.0,"sonicsentinel procedural synthesis (pyttsx3 TTS, generate_help_clips.py)",2026-09-24,2.01,16000,1,outdoor,wristband_mic,far,original,,,,ddbeb37ce36e304cc5cac2d534bd7d72a7e2d82706b5bc0477d51a7da445411b,,4249811855,synthetic,outdoor_street,,pleading,,English (America),184,147,telephone,"Somebody call for help, please.","tts=pyttsx3;phrase_variant='Somebody call for help, please.';chain=telephone;synthetic=true"
SS-HAL-0669,synthetic/person_asking_for_help/SS-HAL-0669.wav,Person Asking for Help,procedural_synthesis:audio_dataset/scripts/generate_help_clips.py,,CC0-1.0,"sonicsentinel procedural synthesis (pyttsx3 TTS, generate_help_clips.py)",2026-09-24,2.711,16000,1,vehicle,cctv_mic,medium,original,,,,13d3afb63bb0e3dd6491c48622d44422651a4be29b66f4c1b2cb54c67cd22ea7,,1941251894,synthetic,car_interior,,urgent,,"English (America, New York City)",117,33,crowd_bed,Call for help. Quickly!,tts=pyttsx3;phrase_variant='Call for help. Quickly!';chain=crowd_bed;synthetic=true
SS-HAL-0670,synthetic/person_asking_for_help/SS-HAL-0670.wav,Person Asking for Help,procedural_synthesis:audio_dataset/scripts/generate_help_clips.py,,CC0-1.0,"sonicsentinel procedural synthesis (pyttsx3 TTS, generate_help_clips.py)",2026-09-24,0.631,16000,1,indoor,tablet_builtin,near,original,,,,79333870c3407d2f6afb0d7be63c288eb4984c195fa8d8eafcb08ff0fbe384b7,,3232219282,synthetic,indoor_hall,,calm,,Vietnamese (Central),170,47,crowd_bed,Emergency.,tts=pyttsx3;phrase_variant='Emergency.';chain=crowd_bed;synthetic=true
SS-HAL-0671,synthetic/person_asking_for_help/SS-HAL-0671.wav,Person Asking for Help,procedural_synthesis:audio_dataset/scripts/generate_help_clips.py,,CC0-1.0,"sonicsentinel procedural synthesis (pyttsx3 TTS, generate_help_clips.py)",2026-09-24,0.952,16000,1,outdoor,phone_builtin,medium,original,,,,27f42902246ef684566a573f69a70492f40ef19e9b4e7ba85dca3f951d7ce2b4,,3110557992,synthetic,outdoor_open,,urgent,,"Chinese (Mandarin, latin as English)",124,36,clean,Emergency!,tts=pyttsx3;phrase_variant='Emergency!';chain=clean;synthetic=true
SS-HAL-0672,synthetic/person_asking_for_help/SS-HAL-0672.wav,Person Asking for Help,procedural_synthesis:audio_dataset/scripts/generate_help_clips.py,,CC0-1.0,"sonicsentinel procedural synthesis (pyttsx3 TTS, generate_help_clips.py)",2026-09-24,1.627,16000,1,outdoor,cctv_mic,medium,original,,,,f222827791b6642bb6719368f2ae5b5d6d207360d18d704d8339abc70657ca35,,592529810,synthetic,outdoor_street,,desperate,,English (Caribbean),176,116,telephone,Emergency! Help me!,tts=pyttsx3;phrase_variant='Emergency! Help me!';chain=telephone;synthetic=true
SS-HAL-0673,synthetic/person_asking_for_help/SS-HAL-0673.wav,Person Asking for Help,procedural_synthesis:audio_dataset/scripts/generate_help_clips.py,,CC0-1.0,"sonicsentinel procedural synthesis (pyttsx3 TTS, generate_help_clips.py)",2026-09-24,2.632,16000,1,indoor,tablet_builtin,far,original,,,,4b01b89ecc28680d0041d2fd9b051552eca4f164ce7ccaf6e10a24bbc0bbbe08,,1933976968,synthetic,indoor_room,,urgent,,English (Great Britain),128,137,hall,Emergency. Please help me.,tts=pyttsx3;phrase_variant='Emergency. Please help me.';chain=hall;synthetic=true
SS-HAL-0674,synthetic/person_asking_for_help/SS-HAL-0674.wav,Person Asking for Help,procedural_synthesis:audio_dataset/scripts/generate_help_clips.py,,CC0-1.0,"sonicsentinel procedural synthesis (pyttsx3 TTS, generate_help_clips.py)",2026-09-24,0.64,16000,1,outdoor,usb_condenser_mic,near,original,,,,3de5ff7809e387c7c503702f6ba21707117ef74cb1332e853700c616a407f460,,2896933445,synthetic,outdoor_street,,calm,,English (Scotland),178,40,street_bed,Help me.,tts=pyttsx3;phrase_variant='Help me.';chain=street_bed;synthetic=true
SS-HAL-0675,synthetic/person_asking_for_help/SS-HAL-0675.wav,Person Asking for Help,procedural_synthesis:audio_dataset/scripts/generate_help_clips.py,,CC0-1.0,"sonicsentinel procedural synthesis (pyttsx3 TTS, generate_help_clips.py)",2026-09-24,0.6,16000,1,outdoor,cctv_mic,medium,original,,,,c31dda1c8de596b3f1a5e00c2cba4e679c39f2a282f266f58ceeb725d28429d5,,9846999,synthetic,outdoor_open,,pleading,,English (Lancaster),187,115,slap_echo,Help me!,tts=pyttsx3;phrase_variant='Help me!';chain=slap_echo;synthetic=true
SS-HAL-0676,synthetic/person_asking_for_help/SS-HAL-0676.wav,Person Asking for Help,procedural_synthesis:audio_dataset/scripts/generate_help_clips.py,,CC0-1.0,"sonicsentinel procedural synthesis (pyttsx3 TTS, generate_help_clips.py)",2026-09-24,1.271,16000,1,outdoor,wristband_mic,near,original,,,,e51fc19d4c677f2561336a1b8410313c68fcbc8063956848f89977abc84f26fb,,2000917447,synthetic,outdoor_open,,calm,,English (West Midlands),170,81,telephone,"Help me, please.","tts=pyttsx3;phrase_variant='Help me, please.';chain=telephone;synthetic=true"
SS-HAL-0677,synthetic/person_asking_for_help/SS-HAL-0677.wav,Person Asking for Help,procedural_synthesis:audio_dataset/scripts/generate_help_clips.py,,CC0-1.0,"sonicsentinel procedural synthesis (pyttsx3 TTS, generate_help_clips.py)",2026-09-24,1.891,16000,1,indoor,wristband_mic,far,original,,,,09793746ffeed0648d99ab6687b45190c8f61e9f824dd235d8b20154cd01f1e1,,4270740806,synthetic,indoor_room,,pleading,,English (Received Pronunciation),132,91,crowd_bed,Help me. Please.,tts=pyttsx3;phrase_variant='Help me. Please.';chain=crowd_bed;synthetic=true
SS-HAL-0678,synthetic/person_asking_for_help/SS-HAL-0678.wav,Person Asking for Help,procedural_synthesis:audio_dataset/scripts/generate_help_clips.py,,CC0-1.0,"sonicsentinel procedural synthesis (pyttsx3 TTS, generate_help_clips.py)",2026-09-24,0.661,16000,1,outdoor,usb_condenser_mic,medium,original,,,,d695f3823052ce45ea948d4f327f886e621be700faf01a941be4c5f23ba98ebd,,4168890272,synthetic,outdoor_open,,desperate,,English (Shavian alphabet),166,121,hall,HELP ME!,tts=pyttsx3;phrase_variant='HELP ME!';chain=hall;synthetic=true
SS-HAL-0679,synthetic/person_asking_for_help/SS-HAL-0679.wav,Person Asking for Help,procedural_synthesis:audio_dataset/scripts/generate_help_clips.py,,CC0-1.0,"sonicsentinel procedural synthesis (pyttsx3 TTS, generate_help_clips.py)",2026-09-24,1.392,16000,1,outdoor,tablet_builtin,far,original,,,,67f94c080ff98791df5296d6058439e1de2cbeaf622d4c5320897912a807f797,,477430138,synthetic,outdoor_open,,urgent,,English (America),121,125,small_room,Somebody help.,tts=pyttsx3;phrase_variant='Somebody help.';chain=small_room;synthetic=true
SS-HAL-0680,synthetic/person_asking_for_help/SS-HAL-0680.wav,Person Asking for Help,procedural_synthesis:audio_dataset/scripts/generate_help_clips.py,,CC0-1.0,"sonicsentinel procedural synthesis (pyttsx3 TTS, generate_help_clips.py)",2026-09-24,0.928,16000,1,indoor,tablet_builtin,near,original,,,,3b18c36b92a7db868873959115cb37b099750692d2dba8902d4a96c5049d6326,,1709003881,synthetic,indoor_room,,urgent,,"English (America, New York City)",184,140,hall,Somebody help!,tts=pyttsx3;phrase_variant='Somebody help!';chain=hall;synthetic=true
SS-HAL-0681,synthetic/person_asking_for_help/SS-HAL-0681.wav,Person Asking for Help,procedural_synthesis:audio_dataset/scripts/generate_help_clips.py,,CC0-1.0,"sonicsentinel procedural synthesis (pyttsx3 TTS, generate_help_clips.py)",2026-09-24,1.223,16000,1,outdoor,cctv_mic,medium,original,,,,0568b4cbe4045fee8190319d7c59380e4339f1f11a8590b001e79c8891da64ce,,1165671015,synthetic,outdoor_open,,calm,,Vietnamese (Central),163,53,street_bed,Somebody help me.,tts=pyttsx3;phrase_variant='Somebody help me.';chain=street_bed;synthetic=true
SS-HAL-0682,synthetic/person_asking_for_help/SS-HAL-0682.wav,Person Asking for Help,procedural_synthesis:audio_dataset/scripts/generate_help_clips.py,,CC0-1.0,"sonicsentinel procedural synthesis (pyttsx3 TTS, generate_help_clips.py)",2026-09-24,2.522,16000,1,outdoor,usb_condenser_mic,near,original,,,,75490a84ae664eba7329f2760a8e6b2393dfb433b99c5ad350ecac1e44f58c0e,,590434000,synthetic,outdoor_street,,desperate,,"Chinese (Mandarin, latin as English)",129,42,crowd_bed,"Somebody, please, help me!","tts=pyttsx3;phrase_variant='Somebody, please, help me!';chain=crowd_bed;synthetic=true"
SS-HAL-0683,synthetic/person_asking_for_help/SS-HAL-0683.wav,Person Asking for Help,procedural_synthesis:audio_dataset/scripts/generate_help_clips.py,,CC0-1.0,"sonicsentinel procedural synthesis (pyttsx3 TTS, generate_help_clips.py)",2026-09-24,1.935,16000,1,outdoor,usb_condenser_mic,near,original,,,,3d5dfb051603aa59b30f2da9bd108aedc33ef36018bc818c2fc4f63548a0a8b1,,822618499,synthetic,outdoor_street,,urgent,,English (Caribbean),159,113,small_room,"Somebody help me, please.","tts=pyttsx3;phrase_variant='Somebody help me, please.';chain=small_room;synthetic=true"
SS-HAL-0684,synthetic/person_asking_for_help/SS-HAL-0684.wav,Person Asking for Help,procedural_synthesis:audio_dataset/scripts/generate_help_clips.py,,CC0-1.0,"sonicsentinel procedural synthesis (pyttsx3 TTS, generate_help_clips.py)",2026-09-24,0.946,16000,1,outdoor,phone_builtin,medium,original,,,,1d39e33f2cd075a037b3d7863b3f7f1c7feb79b26bc4ffa8eb106fbb34cb8ec1,,3487533848,synthetic,outdoor_street,,urgent,,English (Great Britain),135,124,hall,Please help.,tts=pyttsx3;phrase_variant='Please help.';chain=hall;synthetic=true
SS-HAL-0685,synthetic/person_asking_for_help/SS-HAL-0685.wav,Person Asking for Help,procedural_synthesis:audio_dataset/scripts/generate_help_clips.py,,CC0-1.0,"sonicsentinel procedural synthesis (pyttsx3 TTS, generate_help_clips.py)",2026-09-24,1.042,16000,1,outdoor,lavalier_mic,near,original,,,,1e01cfb74cac8f970832f19a42cc0c8f49ac6323e7617ee7aeee06f9b3d635c2,,2851869872,synthetic,outdoor_open,,urgent,,English (Scotland),164,38,clean,Please help me.,tts=pyttsx3;phrase_variant='Please help me.';chain=clean;synthetic=true
SS-HAL-0686,synthetic/person_asking_for_help/SS-HAL-0686.wav,Person Asking for Help,procedural_synthesis:audio_dataset/scripts/generate_help_clips.py,,CC0-1.0,"sonicsentinel procedural synthesis (pyttsx3 TTS, generate_help_clips.py)",2026-09-24,1.957,16000,1,vehicle,cctv_mic,near,original,,,,387eb6107a23ccc9add6207ac808baa9c248ff41f3d80f91ec2f8d8815dc1e31,,3750705728,synthetic,car_interior,,desperate,,English (Lancaster),110,44,telephone,"Please, help me!","tts=pyttsx3;phrase_variant='Please, help me!';chain=telephone;synthetic=true"
SS-HAL-0687,synthetic/person_asking_for_help/SS-HAL-0687.wav,Person Asking for Help,procedural_synthesis:audio_dataset/scripts/generate_help_clips.py,,CC0-1.0,"sonicsentinel procedural synthesis (pyttsx3 TTS, generate_help_clips.py)",2026-09-24,2.336,16000,1,outdoor,tablet_builtin,near,original,,,,af211cd42efb93827d99a73e21c6d9314d03041408726c465263deea5a9e7352,,3589297484,synthetic,outdoor_open,,pleading,,English (West Midlands),120,58,crowd_bed,Please help me. Hurry.,tts=pyttsx3;phrase_variant='Please help me. Hurry.';chain=crowd_bed;synthetic=true
SS-HAL-0688,synthetic/person_asking_for_help/SS-HAL-0688.wav,Person Asking for Help,procedural_synthesis:audio_dataset/scripts/generate_help_clips.py,,CC0-1.0,"sonicsentinel procedural synthesis (pyttsx3 TTS, generate_help_clips.py)",2026-09-24,1.948,16000,1,outdoor,tablet_builtin,near,original,,,,439955cc709efbd22c00c9ea85a159b9abc0efc15ec58175b41180f005bfb79c,,1076693224,synthetic,outdoor_street,,pleading,,English (Received Pronunciation),133,111,street_bed,"Please help, somebody.","tts=pyttsx3;phrase_variant='Please help, somebody.';chain=street_bed;synthetic=true"
SS-HAL-0689,synthetic/person_asking_for_help/SS-HAL-0689.wav,Person Asking for Help,procedural_synthesis:audio_dataset/scripts/generate_help_clips.py,,CC0-1.0,"sonicsentinel procedural synthesis (pyttsx3 TTS, generate_help_clips.py)",2026-09-24,1.215,16000,1,indoor,wristband_mic,far,original,,,,e99f44b66550d37be91fdbd23415be1cee67c26c31e3d226c96474845d5ea7d6,,3325269297,synthetic,indoor_room,,desperate,,English (Shavian alphabet),133,31,crowd_bed,Call for help.,tts=pyttsx3;phrase_variant='Call for help.';chain=crowd_bed;synthetic=true
SS-HAL-0690,synthetic/person_asking_for_help/SS-HAL-0690.wav,Person Asking for Help,procedural_synthesis:audio_dataset/scripts/generate_help_clips.py,,CC0-1.0,"sonicsentinel procedural synthesis (pyttsx3 TTS, generate_help_clips.py)",2026-09-24,1.083,16000,1,outdoor,phone_builtin,near,original,,,,e9e7b57cc16fb680b53cfca797490a16a5305db5da69417e5e612c98bdb96861,,1123567476,synthetic,outdoor_open,,urgent,,English (America),162,81,slap_echo,Call for help!,tts=pyttsx3;phrase_variant='Call for help!';chain=slap_echo;synthetic=true
SS-HAL-0691,synthetic/person_asking_for_help/SS-HAL-0691.wav,Person Asking for Help,procedural_synthesis:audio_dataset/scripts/generate_help_clips.py,,CC0-1.0,"sonicsentinel procedural synthesis (pyttsx3 TTS, generate_help_clips.py)",2026-09-24,1.237,16000,1,outdoor,usb_condenser_mic,medium,original,,,,0495fbc03fe1341b3ac9c0b077c99c06f6dee9a858d905e31cc46350f94f06ec,,4161535491,synthetic,outdoor_street,,pleading,,"English (America, New York City)",184,161,hall,Please call for help.,tts=pyttsx3;phrase_variant='Please call for help.';chain=hall;synthetic=true
SS-HAL-0692,synthetic/person_asking_for_help/SS-HAL-0692.wav,Person Asking for Help,procedural_synthesis:audio_dataset/scripts/generate_help_clips.py,,CC0-1.0,"sonicsentinel procedural synthesis (pyttsx3 TTS, generate_help_clips.py)",2026-09-24,1.985,16000,1,indoor,cctv_mic,near,original,,,,6be24a427bfa59e3dfeed15622a728ddeec8013a45c3b1a6ab3f7625b1ff00af,,4284335923,synthetic,indoor_room,,urgent,,Vietnamese (Central),164,134,telephone,"Somebody call for help, please.","tts=pyttsx3;phrase_variant='Somebody call for help, please.';chain=telephone;synthetic=true"
SS-HAL-0693,synthetic/person_asking_for_help/SS-HAL-0693.wav,Person Asking for Help,procedural_synthesis:audio_dataset/scripts/generate_help_clips.py,,CC0-1.0,"sonicsentinel procedural synthesis (pyttsx3 TTS, generate_help_clips.py)",2026-09-24,2.577,16000,1,outdoor,wristband_mic,far,original,,,,faaed5a87aac50ab18e8340e612f272a5ac99a1a494928d547c3358a7f70c937,,1652524937,synthetic,outdoor_street,,calm,,"Chinese (Mandarin, latin as English)",117,143,street_bed,Call for help. Quickly!,tts=pyttsx3;phrase_variant='Call for help. Quickly!';chain=street_bed;synthetic=true
SS-HAL-0694,synthetic/person_asking_for_help/SS-HAL-0694.wav,Person Asking for Help,procedural_synthesis:audio_dataset/scripts/generate_help_clips.py,,CC0-1.0,"sonicsentinel procedural synthesis (pyttsx3 TTS, generate_help_clips.py)",2026-09-24,0.784,16000,1,outdoor,cctv_mic,medium,original,,,,1ad54927e9c1812f5682db5b154c07c988ad1154d5382649dabbb8a7fb8b3da2,,1035598594,synthetic,outdoor_street,,urgent,,English (Caribbean),157,146,slap_echo,Emergency.,tts=pyttsx3;phrase_variant='Emergency.';chain=slap_echo;synthetic=true
SS-HAL-0695,synthetic/person_asking_for_help/SS-HAL-0695.wav,Person Asking for Help,procedural_synthesis:audio_dataset/scripts/generate_help_clips.py,,CC0-1.0,"sonicsentinel procedural synthesis (pyttsx3 TTS, generate_help_clips.py)",2026-09-24,0.73,16000,1,indoor,lavalier_mic,medium,original,,,,2fc62e818c0122b633f06c186795b716182fda699d8c77591d643dd31fddcc23,,2987108288,synthetic,indoor_room,,desperate,,English (Great Britain),163,141,hall,Emergency!,tts=pyttsx3;phrase_variant='Emergency!';chain=hall;synthetic=true
SS-HAL-0696,synthetic/person_asking_for_help/SS-HAL-0696.wav,Person Asking for Help,procedural_synthesis:audio_dataset/scripts/generate_help_clips.py,,CC0-1.0,"sonicsentinel procedural synthesis (pyttsx3 TTS, generate_help_clips.py)",2026-09-24,2.417,16000,1,vehicle,phone_builtin,near,original,,,,91561680bae665a8df8f6945fe2f3318b10a43eff35ef4166aff7f16d2203695,,2060936399,synthetic,car_interior,,desperate,,English (Scotland),121,101,clean,Emergency! Help me!,tts=pyttsx3;phrase_variant='Emergency! Help me!';chain=clean;synthetic=true
SS-HAL-0697,synthetic/person_asking_for_help/SS-HAL-0697.wav,Person Asking for Help,procedural_synthesis:audio_dataset/scripts/generate_help_clips.py,,CC0-1.0,"sonicsentinel procedural synthesis (pyttsx3 TTS, generate_help_clips.py)",2026-09-24,2.377,16000,1,outdoor,usb_condenser_mic,medium,original,,,,3a9bb3533e4f15124cdf538f22dc101c9008915cfc79fcb074fd1040945425ee,,1747842431,synthetic,outdoor_street,,urgent,,English (Lancaster),141,131,small_room,Emergency. Please help me.,tts=pyttsx3;phrase_variant='Emergency. Please help me.';chain=small_room;synthetic=true
SS-HAL-0698,synthetic/person_asking_for_help/SS-HAL-0698.wav,Person Asking for Help,procedural_synthesis:audio_dataset/scripts/generate_help_clips.py,,CC0-1.0,"sonicsentinel procedural synthesis (pyttsx3 TTS, generate_help_clips.py)",2026-09-24,0.775,16000,1,indoor,lavalier_mic,near,original,,,,5053aca33ff467f93d0e977772b1a4d4038df0bb4ee104736e08ab5468fee9d3,,1694061971,synthetic,indoor_hall,,desperate,,English (West Midlands),134,168,telephone,Help me.,tts=pyttsx3;phrase_variant='Help me.';chain=telephone;synthetic=true
SS-HAL-0699,synthetic/person_asking_for_help/SS-HAL-0699.wav,Person Asking for Help,procedural_synthesis:audio_dataset/scripts/generate_help_clips.py,,CC0-1.0,"sonicsentinel procedural synthesis (pyttsx3 TTS, generate_help_clips.py)",2026-09-24,0.836,16000,1,outdoor,lavalier_mic,medium,original,,,,02928431faf77404b5ff8261d8e53f7435f064d1830e623055aa3d62c90867e1,,394164111,synthetic,outdoor_street,,calm,,English (Received Pronunciation),128,137,clean,Help me!,tts=pyttsx3;phrase_variant='Help me!';chain=clean;synthetic=true
SS-HAL-0700,synthetic/person_asking_for_help/SS-HAL-0700.wav,Person Asking for Help,procedural_synthesis:audio_dataset/scripts/generate_help_clips.py,,CC0-1.0,"sonicsentinel procedural synthesis (pyttsx3 TTS, generate_help_clips.py)",2026-09-24,1.263,16000,1,indoor,lavalier_mic,medium,original,,,,7c1cf5f9479cd2c69bb758c43e0007e25f1cd19a92c382bfb8d6e5364010dbc3,,3341781665,synthetic,indoor_room,,calm,,English (West Midlands),124,70,small_room,Call for help!,tts=pyttsx3;phrase_variant='Call for help!';chain=small_room;synthetic=true
SS-HAL-0701,synthetic/person_asking_for_help/SS-HAL-0701.wav,Person Asking for Help,procedural_synthesis:audio_dataset/scripts/generate_help_clips.py,,CC0-1.0,"sonicsentinel procedural synthesis (pyttsx3 TTS, generate_help_clips.py)",2026-09-24,1.518,16000,1,indoor,lavalier_mic,far,original,,,,775e20585a6e90c79c2d20acf325bec257c769adf2c00274a39869f7b08cd19c,,918067142,synthetic,indoor_room,,calm,,English (America),167,153,hall,Help me. Please.,tts=pyttsx3;phrase_variant='Help me. Please.';chain=hall;synthetic=true
SS-HAL-0702,synthetic/person_asking_for_help/SS-HAL-0702.wav,Person Asking for Help,procedural_synthesis:audio_dataset/scripts/generate_help_clips.py,,CC0-1.0,"sonicsentinel procedural synthesis (pyttsx3 TTS, generate_help_clips.py)",2026-09-24,0.698,16000,1,indoor,usb_condenser_mic,medium,original,,,,22ae12a6b56ee67e631cd3d09c9c9c0df23b73e93dc154bfb3669fd14229aa00,,2644192772,synthetic,indoor_room,,urgent,,"English (America, New York City)",164,65,small_room,HELP ME!,tts=pyttsx3;phrase_variant='HELP ME!';chain=small_room;synthetic=true
SS-HAL-0703,synthetic/person_asking_for_help/SS-HAL-0703.wav,Person Asking for Help,procedural_synthesis:audio_dataset/scripts/generate_help_clips.py,,CC0-1.0,"sonicsentinel procedural synthesis (pyttsx3 TTS, generate_help_clips.py)",2026-09-24,1.622,16000,1,outdoor,usb_condenser_mic,near,original,,,,1625107dcb0e8fa7e03cd4a7b9b3d258497671db688523df298b01bbcb36c291,,2780616892,synthetic,outdoor_street,,calm,,English (Received Pronunciation),131,89,telephone,Please call for help.,tts=pyttsx3;phrase_variant='Please call for help.';chain=telephone;synthetic=true
SS-HAL-0704,synthetic/person_asking_for_help/SS-HAL-0704.wav,Person Asking for Help,procedural_synthesis:audio_dataset/scripts/generate_help_clips.py,,CC0-1.0,"sonicsentinel procedural synthesis (pyttsx3 TTS, generate_help_clips.py)",2026-09-24,1.028,16000,1,indoor,phone_builtin,far,original,,,,0058603cb329a80ad9ad6f09eef27db35e454e5c440be783f729cb8b925ad6ae,,3193644287,synthetic,indoor_room,,urgent,,"Chinese (Mandarin, latin as English)",151,134,slap_echo,Somebody help!,tts=pyttsx3;phrase_variant='Somebody help!';chain=slap_echo;synthetic=true
SS-HAL-0705,synthetic/person_asking_for_help/SS-HAL-0705.wav,Person Asking for Help,procedural_synthesis:audio_dataset/scripts/generate_help_clips.py,,CC0-1.0,"sonicsentinel procedural synthesis (pyttsx3 TTS, generate_help_clips.py)",2026-09-24,1.2,16000,1,indoor,usb_condenser_mic,medium,original,,,,9b5d5ef40f4dd8bbaf669f71dfd9466017acf45511330a34ade06674d29a7ad7,,3732771361,synthetic,indoor_room,,urgent,,English (Caribbean),165,30,small_room,Somebody help me.,tts=pyttsx3;phrase_variant='Somebody help me.';chain=small_room;synthetic=true
SS-HAL-0706,synthetic/person_asking_for_help/SS-HAL-0706.wav,Person Asking for Help,procedural_synthesis:audio_dataset/scripts/generate_help_clips.py,,CC0-1.0,"sonicsentinel procedural synthesis (pyttsx3 TTS, generate_help_clips.py)",2026-09-24,1.905,16000,1,outdoor,tablet_builtin,medium,original,,,,1014da7da111924e452d6c6a1d536c11d0f163deaedd60b9bf58a17bfe8ceb69,,4178397442,synthetic,outdoor_open,,urgent,,English (Great Britain),178,44,street_bed,"Somebody, please, help me!","tts=pyttsx3;phrase_variant='Somebody, please, help me!';chain=street_bed;synthetic=true"
SS-HAL-0707,synthetic/person_asking_for_help/SS-HAL-0707.wav,Person Asking for Help,procedural_synthesis:audio_dataset/scripts/generate_help_clips.py,,CC0-1.0,"sonicsentinel procedural synthesis (pyttsx3 TTS, generate_help_clips.py)",2026-09-24,2.338,16000,1,outdoor,tablet_builtin,near,original,,,,f61ca2c39136ba693e2b4c49f68e1a2e854d81e4b0687e99bcae097b6293a732,,2012691318,synthetic,outdoor_street,,desperate,,English (Scotland),134,53,small_room,"Somebody help me, please.","tts=pyttsx3;phrase_variant='Somebody help me, please.';chain=small_room;synthetic=true"
SS-HAL-0708,synthetic/person_asking_for_help/SS-HAL-0708.wav,Person Asking for Help,procedural_synthesis:audio_dataset/scripts/generate_help_clips.py,,CC0-1.0,"sonicsentinel procedural synthesis (pyttsx3 TTS, generate_help_clips.py)",2026-09-24,0.992,16000,1,indoor,wristband_mic,medium,original,,,,13d252bd5f2583ba484a190267b69b0865dc98c93e6e981d8156048cba91f66c,,980466042,synthetic,indoor_hall,,calm,,English (Lancaster),138,150,telephone,Please help.,tts=pyttsx3;phrase_variant='Please help.';chain=telephone;synthetic=true
SS-HAL-0709,synthetic/person_asking_for_help/SS-HAL-0709.wav,Person Asking for Help,procedural_synthesis:audio_dataset/scripts/generate_help_clips.py,,CC0-1.0,"sonicsentinel procedural synthesis (pyttsx3 TTS, generate_help_clips.py)",2026-09-24,1.297,16000,1,outdoor,phone_builtin,far,original,,,,e9c3458d3260306932f2166fc298a8aab25794679db172ab2ffc84968cfa8f31,,1584216767,synthetic,outdoor_open,,pleading,,English (West Midlands),125,162,hall,Please help me.,tts=pyttsx3;phrase_variant='Please help me.';chain=hall;synthetic=true
SS-HAL-0710,synthetic/person_asking_for_help/SS-HAL-0710.wav,Person Asking for Help,procedural_synthesis:audio_dataset/scripts/generate_help_clips.py,,CC0-1.0,"sonicsentinel procedural synthesis (pyttsx3 TTS, generate_help_clips.py)",2026-09-24,1.615,16000,1,outdoor,phone_builtin,medium,original,,,,41fb574e0159044013f0ff48c5b75849cd72c396a0e8311a42333276c9b64a8a,,3812246842,synthetic,outdoor_open,,desperate,,English (Received Pronunciation),134,126,small_room,"Please, help me!","tts=pyttsx3;phrase_variant='Please, help me!';chain=small_room;synthetic=true"
SS-HAL-0711,synthetic/person_asking_for_help/SS-HAL-0711.wav,Person Asking for Help,procedural_synthesis:audio_dataset/scripts/generate_help_clips.py,,CC0-1.0,"sonicsentinel procedural synthesis (pyttsx3 TTS, generate_help_clips.py)",2026-09-24,2.226,16000,1,outdoor,tablet_builtin,near,original,,,,ea0e100810e801d939125aeeb9075ae0a218ac8f120d3df77c4656c005b5f146,,2816628121,synthetic,outdoor_open,,calm,,English (Shavian alphabet),125,165,telephone,Please help me. Hurry.,tts=pyttsx3;phrase_variant='Please help me. Hurry.';chain=telephone;synthetic=true
SS-HAL-0712,synthetic/person_asking_for_help/SS-HAL-0712.wav,Person Asking for Help,procedural_synthesis:audio_dataset/scripts/generate_help_clips.py,,CC0-1.0,"sonicsentinel procedural synthesis (pyttsx3 TTS, generate_help_clips.py)",2026-09-24,1.724,16000,1,indoor,tablet_builtin,near,original,,,,12d117e0517c67e9651e6ef84f447f44584c1bac5ed43920c296c0cdf287861d,,3020998381,synthetic,indoor_hall,,pleading,,English (America),160,144,small_room,"Please help, somebody.","tts=pyttsx3;phrase_variant='Please help, somebody.';chain=small_room;synthetic=true"
SS-HAL-0713,synthetic/person_asking_for_help/SS-HAL-0713.wav,Person Asking for Help,procedural_synthesis:audio_dataset/scripts/generate_help_clips.py,,CC0-1.0,"sonicsentinel procedural synthesis (pyttsx3 TTS, generate_help_clips.py)",2026-09-24,1.365,16000,1,indoor,tablet_builtin,medium,original,,,,f4f6abaf092fe1184533999dd7ff1536652abd26375d32fd060507ff6a56bce4,,125027241,synthetic,indoor_room,,pleading,,"English (America, New York City)",118,152,slap_echo,Call for help.,tts=pyttsx3;phrase_variant='Call for help.';chain=slap_echo;synthetic=true
SS-HAL-0714,synthetic/person_asking_for_help/SS-HAL-0714.wav,Person Asking for Help,procedural_synthesis:audio_dataset/scripts/generate_help_clips.py,,CC0-1.0,"sonicsentinel procedural synthesis (pyttsx3 TTS, generate_help_clips.py)",2026-09-24,0.738,16000,1,vehicle,wristband_mic,near,original,,,,554497f25038306790c692f267608334da44a6c158bdaea8408b41fa682dd864,,950157357,synthetic,car_interior,,desperate,,Vietnamese (Central),188,121,small_room,Call for help!,tts=pyttsx3;phrase_variant='Call for help!';chain=small_room;synthetic=true
SS-HAL-0715,synthetic/person_asking_for_help/SS-HAL-0715.wav,Person Asking for Help,procedural_synthesis:audio_dataset/scripts/generate_help_clips.py,,CC0-1.0,"sonicsentinel procedural synthesis (pyttsx3 TTS, generate_help_clips.py)",2026-09-24,1.242,16000,1,outdoor,lavalier_mic,near,original,,,,25543833b6d243be21b98131016ee637ce656c0d49436c0039d2432241cf0358,,1944124906,synthetic,outdoor_open,,pleading,,"Chinese (Mandarin, latin as English)",173,116,street_bed,Please call for help.,tts=pyttsx3;phrase_variant='Please call for help.';chain=street_bed;synthetic=true
SS-HAL-0716,synthetic/person_asking_for_help/SS-HAL-0716.wav,Person Asking for Help,procedural_synthesis:audio_dataset/scripts/generate_help_clips.py,,CC0-1.0,"sonicsentinel procedural synthesis (pyttsx3 TTS, generate_help_clips.py)",2026-09-24,2.23,16000,1,indoor,cctv_mic,near,original,,,,48b9b896d72fdc248df1ee420828ba5420d1db3342e7f1c74fa10a2d44954cd6,,694226769,synthetic,indoor_room,,desperate,,English (Caribbean),167,94,street_bed,"Somebody call for help, please.","tts=pyttsx3;phrase_variant='Somebody call for help, please.';chain=street_bed;synthetic=true"
SS-HAL-0717,synthetic/person_asking_for_help/SS-HAL-0717.wav,Person Asking for Help,procedural_synthesis:audio_dataset/scripts/generate_help_clips.py,,CC0-1.0,"sonicsentinel procedural synthesis (pyttsx3 TTS, generate_help_clips.py)",2026-09-24,1.65,16000,1,indoor,phone_builtin,near,original,,,,61b190a8bdda1e78e9ac4295d5ed953b676236784ffd6bdd1028d68a5070982a,,2116388774,synthetic,indoor_room,,urgent,,English (Great Britain),185,39,clean,Call for help. Quickly!,tts=pyttsx3;phrase_variant='Call for help. Quickly!';chain=clean;synthetic=true
SS-HAL-0718,synthetic/person_asking_for_help/SS-HAL-0718.wav,Person Asking for Help,procedural_synthesis:audio_dataset/scripts/generate_help_clips.py,,CC0-1.0,"sonicsentinel procedural synthesis (pyttsx3 TTS, generate_help_clips.py)",2026-09-24,1.083,16000,1,indoor,phone_builtin,medium,original,,,,fba52dde41582db78ff9ae484b56d0d5a18453a322b7e6f7a6e76e22b62ed310,,1771421943,synthetic,indoor_hall,,desperate,,English (Scotland),110,30,hall,Emergency.,tts=pyttsx3;phrase_variant='Emergency.';chain=hall;synthetic=true
SS-HAL-0719,synthetic/person_asking_for_help/SS-HAL-0719.wav,Person Asking for Help,procedural_synthesis:audio_dataset/scripts/generate_help_clips.py,,CC0-1.0,"sonicsentinel procedural synthesis (pyttsx3 TTS, generate_help_clips.py)",2026-09-24,3.156,16000,1,outdoor,phone_builtin,medium,original,,,,481b4ae8631aefce1038fb3a986bcc9655db21070c998a1f3ee904ed170917a6,,2585872914,synthetic,outdoor_open,,urgent,,English (Shavian alphabet),113,147,clean,"Somebody call for help, please.","tts=pyttsx3;phrase_variant='Somebody call for help, please.';chain=clean;synthetic=true"
SS-HAL-0720,synthetic/person_asking_for_help/SS-HAL-0720.wav,Person Asking for Help,procedural_synthesis:audio_dataset/scripts/generate_help_clips.py,,CC0-1.0,"sonicsentinel procedural synthesis (pyttsx3 TTS, generate_help_clips.py)",2026-09-24,1.73,16000,1,indoor,phone_builtin,near,original,,,,802385f3a5c26b3f251759505900bb3ad5073cb0fdc20f16b33e7ffe2b04f3f4,,998696906,synthetic,indoor_hall,,urgent,,English (West Midlands),171,86,slap_echo,Emergency! Help me!,tts=pyttsx3;phrase_variant='Emergency! Help me!';chain=slap_echo;synthetic=true
SS-HAL-0721,synthetic/person_asking_for_help/SS-HAL-0721.wav,Person Asking for Help,procedural_synthesis:audio_dataset/scripts/generate_help_clips.py,,CC0-1.0,"sonicsentinel procedural synthesis (pyttsx3 TTS, generate_help_clips.py)",2026-09-24,2.525,16000,1,outdoor,tablet_builtin,medium,original,,,,e97f9ff0631af67deab0d4d91c39defe1101153ab2d0bd0a741911d1f7710d6d,,66813436,synthetic,outdoor_open,,urgent,,English (Received Pronunciation),132,131,small_room,Emergency. Please help me.,tts=pyttsx3;phrase_variant='Emergency. Please help me.';chain=small_room;synthetic=true
SS-HAL-0722,synthetic/person_asking_for_help/SS-HAL-0722.wav,Person Asking for Help,procedural_synthesis:audio_dataset/scripts/generate_help_clips.py,,CC0-1.0,"sonicsentinel procedural synthesis (pyttsx3 TTS, generate_help_clips.py)",2026-09-24,1.671,16000,1,outdoor,tablet_builtin,near,original,,,,b2a3182eebca9bbbc9d6f0b0aa676467eb800a9cbea09139e0dbf59240be0180,,1752785323,synthetic,outdoor_open,,pleading,,English (America),188,85,small_room,Call for help. Quickly!,tts=pyttsx3;phrase_variant='Call for help. Quickly!';chain=small_room;synthetic=true
SS-HAL-0723,synthetic/person_asking_for_help/SS-HAL-0723.wav,Person Asking for Help,procedural_synthesis:audio_dataset/scripts/generate_help_clips.py,,CC0-1.0,"sonicsentinel procedural synthesis (pyttsx3 TTS, generate_help_clips.py)",2026-09-24,0.693,16000,1,indoor,lavalier_mic,near,original,,,,fae72bd658dc5d33ae31e42c921cc4877b068932ca99de821b6496ea7b60ed57,,3607493175,synthetic,indoor_room,,pleading,,English (America),167,85,street_bed,Help me!,tts=pyttsx3;phrase_variant='Help me!';chain=street_bed;synthetic=true
SS-HAL-0724,synthetic/person_asking_for_help/SS-HAL-0724.wav,Person Asking for Help,procedural_synthesis:audio_dataset/scripts/generate_help_clips.py,,CC0-1.0,"sonicsentinel procedural synthesis (pyttsx3 TTS, generate_help_clips.py)",2026-09-24,1.933,16000,1,indoor,usb_condenser_mic,medium,original,,,,f455e9d472c4e6619c8c53dc36adbfc35c1ad8446525d8f8607666428ca5860d,,1824050780,synthetic,indoor_room,,urgent,,"English (America, New York City)",120,147,small_room,"Help me, please.","tts=pyttsx3;phrase_variant='Help me, please.';chain=small_room;synthetic=true"
SS-HAL-0725,synthetic/person_asking_for_help/SS-HAL-0725.wav,Person Asking for Help,procedural_synthesis:audio_dataset/scripts/generate_help_clips.py,,CC0-1.0,"sonicsentinel procedural synthesis (pyttsx3 TTS, generate_help_clips.py)",2026-09-24,2.04,16000,1,outdoor,cctv_mic,near,original,,,,1dd78679c4e684a25e8ff8a9830ea2d93c355a066a2676fe1510db2541c7448e,,386120995,synthetic,outdoor_open,,pleading,,Vietnamese (Central),125,72,telephone,Help me. Please.,tts=pyttsx3;phrase_variant='Help me. Please.';chain=telephone;synthetic=true
SS-HAL-0726,synthetic/person_asking_for_help/SS-HAL-0726.wav,Person Asking for Help,procedural_synthesis:audio_dataset/scripts/generate_help_clips.py,,CC0-1.0,"sonicsentinel procedural synthesis (pyttsx3 TTS, generate_help_clips.py)",2026-09-24,0.683,16000,1,outdoor,cctv_mic,medium,original,,,,9f22ed25f692bcb2cc82f8b09b7326adedad32b4392c7201c3ae42ea61064a8f,,1067296727,synthetic,outdoor_street,,urgent,,"Chinese (Mandarin, latin as English)",146,39,small_room,HELP ME!,tts=pyttsx3;phrase_variant='HELP ME!';chain=small_room;synthetic=true
SS-HAL-0727,synthetic/person_asking_for_help/SS-HAL-0727.wav,Person Asking for Help,procedural_synthesis:audio_dataset/scripts/generate_help_clips.py,,CC0-1.0,"sonicsentinel procedural synthesis (pyttsx3 TTS, generate_help_clips.py)",2026-09-24,1.087,16000,1,outdoor,tablet_builtin,near,original,,,,838c7f049f16e14b7d09b732b0da0a6ffc7ca9db19175a662c63e841d866cdb2,,2825741454,synthetic,outdoor_open,,pleading,,English (Caribbean),156,56,small_room,Somebody help.,tts=pyttsx3;phrase_variant='Somebody help.';chain=small_room;synthetic=true
SS-HAL-0728,synthetic/person_asking_for_help/SS-HAL-0728.wav,Person Asking for Help,procedural_synthesis:audio_dataset/scripts/generate_help_clips.py,,CC0-1.0,"sonicsentinel procedural synthesis (pyttsx3 TTS, generate_help_clips.py)",2026-09-24,0.977,16000,1,outdoor,cctv_mic,near,original,,,,cc5d20aba1c6866b59b426fbd505f12fecbd9ec793f73b25083e2988e985ca51,,2881550396,synthetic,outdoor_open,,urgent,,English (Great Britain),169,31,slap_echo,Somebody help!,tts=pyttsx3;phrase_variant='Somebody help!';chain=slap_echo;synthetic=true
SS-HAL-0729,synthetic/person_asking_for_help/SS-HAL-0729.wav,Person Asking for Help,procedural_synthesis:audio_dataset/scripts/generate_help_clips.py,,CC0-1.0,"sonicsentinel procedural synthesis (pyttsx3 TTS, generate_help_clips.py)",2026-09-24,1.508,16000,1,vehicle,tablet_builtin,far,original,,,,27fb89561fdd8dfc9ddfc4a1f3da5dea9abb82725d94d52635e38c21543638ad,,1685172536,synthetic,car_interior,,urgent,,English (Scotland),133,148,telephone,Somebody help me.,tts=pyttsx3;phrase_variant='Somebody help me.';chain=telephone;synthetic=true
SS-HAL-0730,synthetic/person_asking_for_help/SS-HAL-0730.wav,Person Asking for Help,procedural_synthesis:audio_dataset/scripts/generate_help_clips.py,,CC0-1.0,"sonicsentinel procedural synthesis (pyttsx3 TTS, generate_help_clips.py)",2026-09-24,2.041,16000,1,outdoor,usb_condenser_mic,medium,original,,,,5df16f7538f71c31b84c4436a802c3ec92677c289978d85823a8afce0a2b2346,,1481639236,synthetic,outdoor_street,,urgent,,English (Lancaster),166,124,hall,"Somebody, please, help me!","tts=pyttsx3;phrase_variant='Somebody, please, help me!';chain=hall;synthetic=true"
SS-HAL-0731,synthetic/person_asking_for_help/SS-HAL-0731.wav,Person Asking for Help,procedural_synthesis:audio_dataset/scripts/generate_help_clips.py,,CC0-1.0,"sonicsentinel procedural synthesis (pyttsx3 TTS, generate_help_clips.py)",2026-09-24,2.443,16000,1,outdoor,phone_builtin,far,original,,,,cd15d095e62d2cd2fdf1db915394dab63624c86284674860eae58d67fb85dedd,,1554801832,synthetic,outdoor_open,,urgent,,English (West Midlands),128,37,crowd_bed,"Somebody help me, please.","tts=pyttsx3;phrase_variant='Somebody help me, please.';chain=crowd_bed;synthetic=true"
SS-HAL-0732,synthetic/person_asking_for_help/SS-HAL-0732.wav,Person Asking for Help,procedural_synthesis:audio_dataset/scripts/generate_help_clips.py,,CC0-1.0,"sonicsentinel procedural synthesis (pyttsx3 TTS, generate_help_clips.py)",2026-09-24,1.098,16000,1,indoor,cctv_mic,near,original,,,,5c2d7d5f08d20e7782b24e1a434e3bf6c3b4b2ebdf56ad6e1620185b76845f6d,,3693117372,synthetic,indoor_room,,calm,,English (Received Pronunciation),112,120,hall,Please help.,tts=pyttsx3;phrase_variant='Please help.';chain=hall;synthetic=true
SS-HAL-0733,synthetic/person_asking_for_help/SS-HAL-0733.wav,Person Asking for Help,procedural_synthesis:audio_dataset/scripts/generate_help_clips.py,,CC0-1.0,"sonicsentinel procedural synthesis (pyttsx3 TTS, generate_help_clips.py)",2026-09-24,0.939,16000,1,vehicle,usb_condenser_mic,near,original,,,,66e56e34c856395c0bf0f015565143ff6e94e2802eaeff446bbf8bddf16b69d7,,1066941706,synthetic,car_interior,,urgent,,English (Shavian alphabet),177,30,clean,Please help me.,tts=pyttsx3;phrase_variant='Please help me.';chain=clean;synthetic=true
SS-HAL-0734,synthetic/person_asking_for_help/SS-HAL-0734.wav,Person Asking for Help,procedural_synthesis:audio_dataset/scripts/generate_help_clips.py,,CC0-1.0,"sonicsentinel procedural synthesis (pyttsx3 TTS, generate_help_clips.py)",2026-09-24,1.767,16000,1,outdoor,tablet_builtin,medium,original,,,,04b75e5208695ac7e8dc0dda524db80b1191361e4c8287ce02ed160ca2856272,,1971212714,synthetic,outdoor_open,,urgent,,English (America),129,139,small_room,"Please, help me!","tts=pyttsx3;phrase_variant='Please, help me!';chain=small_room;synthetic=true"
SS-HAL-0735,synthetic/person_asking_for_help/SS-HAL-0735.wav,Person Asking for Help,procedural_synthesis:audio_dataset/scripts/generate_help_clips.py,,CC0-1.0,"sonicsentinel procedural synthesis (pyttsx3 TTS, generate_help_clips.py)",2026-09-24,1.942,16000,1,indoor,tablet_builtin,near,original,,,,8399cb27bdf5fcd70f9608992e6cf775f4971b999fd38872d17c914f516eeb7a,,3073947427,synthetic,indoor_room,,pleading,,"English (America, New York City)",149,156,clean,Please help me. Hurry.,tts=pyttsx3;phrase_variant='Please help me. Hurry.';chain=clean;synthetic=true
SS-HAL-0736,synthetic/person_asking_for_help/SS-HAL-0736.wav,Person Asking for Help,procedural_synthesis:audio_dataset/scripts/generate_help_clips.py,,CC0-1.0,"sonicsentinel procedural synthesis (pyttsx3 TTS, generate_help_clips.py)",2026-09-24,1.809,16000,1,outdoor,wristband_mic,near,original,,,,13d0b41b424515624414c249a437b9cf606063a915bd978811cfae3c7ebb530c,,1621585103,synthetic,outdoor_open,,pleading,,Vietnamese (Central),132,63,crowd_bed,"Please help, somebody.","tts=pyttsx3;phrase_variant='Please help, somebody.';chain=crowd_bed;synthetic=true"
SS-HAL-0737,synthetic/person_asking_for_help/SS-HAL-0737.wav,Person Asking for Help,procedural_synthesis:audio_dataset/scripts/generate_help_clips.py,,CC0-1.0,"sonicsentinel procedural synthesis (pyttsx3 TTS, generate_help_clips.py)",2026-09-24,1.051,16000,1,outdoor,lavalier_mic,medium,original,,,,15175a4254f6314a77043e6a854ce321216298d749df5c29c90c8b6a4af184e7,,3363919347,synthetic,outdoor_open,,desperate,,"Chinese (Mandarin, latin as English)",150,123,clean,Call for help.,tts=pyttsx3;phrase_variant='Call for help.';chain=clean;synthetic=true
SS-HAL-0738,synthetic/person_asking_for_help/SS-HAL-0738.wav,Person Asking for Help,procedural_synthesis:audio_dataset/scripts/generate_help_clips.py,,CC0-1.0,"sonicsentinel procedural synthesis (pyttsx3 TTS, generate_help_clips.py)",2026-09-24,1.441,16000,1,outdoor,wristband_mic,medium,original,,,,35f1248eb45a759f62208df2d6e29d82b15365eb409bf4aef11222668b81b11a,,1368677276,synthetic,outdoor_open,,urgent,,English (Caribbean),119,69,clean,Call for help!,tts=pyttsx3;phrase_variant='Call for help!';chain=clean;synthetic=true
SS-HAL-0739,synthetic/person_asking_for_help/SS-HAL-0739.wav,Person Asking for Help,procedural_synthesis:audio_dataset/scripts/generate_help_clips.py,,CC0-1.0,"sonicsentinel procedural synthesis (pyttsx3 TTS, generate_help_clips.py)",2026-09-24,1.527,16000,1,indoor,wristband_mic,near,original,,,,391d0a7b4bc54670c5a84f0473a3787cfc1f9fa02762fe60d0f8f77c0e5fbb3c,,3386976566,synthetic,indoor_room,,desperate,,English (Great Britain),142,125,street_bed,Please call for help.,tts=pyttsx3;phrase_variant='Please call for help.';chain=street_bed;synthetic=true
SS-HAL-0740,synthetic/person_asking_for_help/SS-HAL-0740.wav,Person Asking for Help,procedural_synthesis:audio_dataset/scripts/generate_help_clips.py,,CC0-1.0,"sonicsentinel procedural synthesis (pyttsx3 TTS, generate_help_clips.py)",2026-09-24,2.731,16000,1,indoor,phone_builtin,medium,original,,,,2941ffd92918a2bae07e508e6f308d5ca1cd4fba63b90abae0c0735d95613f3b,,3547418716,synthetic,indoor_room,,urgent,,English (Scotland),133,38,telephone,"Somebody call for help, please.","tts=pyttsx3;phrase_variant='Somebody call for help, please.';chain=telephone;synthetic=true"
SS-HAL-0741,synthetic/person_asking_for_help/SS-HAL-0741.wav,Person Asking for Help,procedural_synthesis:audio_dataset/scripts/generate_help_clips.py,,CC0-1.0,"sonicsentinel procedural synthesis (pyttsx3 TTS, generate_help_clips.py)",2026-09-24,2.852,16000,1,outdoor,wristband_mic,near,original,,,,0a2b4ddc2f548a4c15aa6b75e61ebd7b981a10f162e767168f123ea0240f3062,,3146974558,synthetic,outdoor_open,,urgent,,English (Lancaster),110,57,street_bed,Call for help. Quickly!,tts=pyttsx3;phrase_variant='Call for help. Quickly!';chain=street_bed;synthetic=true
SS-HAL-0742,synthetic/person_asking_for_help/SS-HAL-0742.wav,Person Asking for Help,procedural_synthesis:audio_dataset/scripts/generate_help_clips.py,,CC0-1.0,"sonicsentinel procedural synthesis (pyttsx3 TTS, generate_help_clips.py)",2026-09-24,0.721,16000,1,indoor,phone_builtin,far,original,,,,da79c9f06019adc8c46298a765f7b340acc5fb9c596bfb22758c81dd37407a2f,,692253137,synthetic,indoor_hall,,desperate,,English (West Midlands),184,160,crowd_bed,Emergency.,tts=pyttsx3;phrase_variant='Emergency.';chain=crowd_bed;synthetic=true
SS-HAL-0743,synthetic/person_asking_for_help/SS-HAL-0743.wav,Person Asking for Help,procedural_synthesis:audio_dataset/scripts/generate_help_clips.py,,CC0-1.0,"sonicsentinel procedural synthesis (pyttsx3 TTS, generate_help_clips.py)",2026-09-24,0.844,16000,1,indoor,cctv_mic,far,original,,,,52f2182425670e8ce44628c3c047fa0d8c4d9a711d3dde9783f85f0a8293aa37,,312189923,synthetic,indoor_room,,urgent,,English (Received Pronunciation),138,37,slap_echo,Emergency!,tts=pyttsx3;phrase_variant='Emergency!';chain=slap_echo;synthetic=true
SS-HAL-0744,synthetic/person_asking_for_help/SS-HAL-0744.wav,Person Asking for Help,procedural_synthesis:audio_dataset/scripts/generate_help_clips.py,,CC0-1.0,"sonicsentinel procedural synthesis (pyttsx3 TTS, generate_help_clips.py)",2026-09-24,1.736,16000,1,indoor,tablet_builtin,near,original,,,,9fef726cc9450cc1feb2631e6cad7960ef40cb5d13e82b9321f44019cbcc3526,,364109550,synthetic,indoor_hall,,calm,,English (Shavian alphabet),162,36,small_room,Emergency! Help me!,tts=pyttsx3;phrase_variant='Emergency! Help me!';chain=small_room;synthetic=true
SS-HAL-0745,synthetic/person_asking_for_help/SS-HAL-0745.wav,Person Asking for Help,procedural_synthesis:audio_dataset/scripts/generate_help_clips.py,,CC0-1.0,"sonicsentinel procedural synthesis (pyttsx3 TTS, generate_help_clips.py)",2026-09-24,1.754,16000,1,indoor,usb_condenser_mic,near,original,,,,0e393897c1c3765c300e51b703d110e492a1f7583633e5b0adc8c9d5c9b76439,,665589978,synthetic,indoor_room,,desperate,,English (America),189,74,street_bed,Emergency. Please help me.,tts=pyttsx3;phrase_variant='Emergency. Please help me.';chain=street_bed;synthetic=true
SS-HAL-0746,synthetic/person_asking_for_help/SS-HAL-0746.wav,Person Asking for Help,procedural_synthesis:audio_dataset/scripts/generate_help_clips.py,,CC0-1.0,"sonicsentinel procedural synthesis (pyttsx3 TTS, generate_help_clips.py)",2026-09-24,0.905,16000,1,outdoor,cctv_mic,medium,original,,,,227782ed3eaf93e772e0fdf316f1dd656506ef1a3a51f71fe740121b9277717e,,1774212715,synthetic,outdoor_open,,calm,,"English (America, New York City)",126,127,slap_echo,Help me.,tts=pyttsx3;phrase_variant='Help me.';chain=slap_echo;synthetic=true
SS-HAL-0747,synthetic/person_asking_for_help/SS-HAL-0747.wav,Person Asking for Help,procedural_synthesis:audio_dataset/scripts/generate_help_clips.py,,CC0-1.0,"sonicsentinel procedural synthesis (pyttsx3 TTS, generate_help_clips.py)",2026-09-24,0.853,16000,1,vehicle,lavalier_mic,far,original,,,,122637bd62696ba8404109d82d765c2d661aaab4c3bcffdca550856f9269f589,,1218938367,synthetic,car_interior,,urgent,,Vietnamese (Central),140,146,slap_echo,Help me!,tts=pyttsx3;phrase_variant='Help me!';chain=slap_echo;synthetic=true
SS-HAL-0748,synthetic/person_asking_for_help/SS-HAL-0748.wav,Person Asking for Help,procedural_synthesis:audio_dataset/scripts/generate_help_clips.py,,CC0-1.0,"sonicsentinel procedural synthesis (pyttsx3 TTS, generate_help_clips.py)",2026-09-24,1.474,16000,1,vehicle,cctv_mic,near,original,,,,bfac7f37827d794dff0f8067ea6868f48834ea8e7b3123d31723118266972294,,1977959874,synthetic,car_interior,,pleading,,"Chinese (Mandarin, latin as English)",131,111,clean,"Help me, please.","tts=pyttsx3;phrase_variant='Help me, please.';chain=clean;synthetic=true"
SS-HAL-0749,synthetic/person_asking_for_help/SS-HAL-0749.wav,Person Asking for Help,procedural_synthesis:audio_dataset/scripts/generate_help_clips.py,,CC0-1.0,"sonicsentinel procedural synthesis (pyttsx3 TTS, generate_help_clips.py)",2026-09-24,0.704,16000,1,indoor,tablet_builtin,near,original,,,,beb0aee6b61f61faa7071ffb3c1b5273ba1e9740d6aaa267a8e5884df1fff59d,,3074455347,synthetic,indoor_room,,urgent,,"English (America, New York City)",161,152,crowd_bed,Emergency.,tts=pyttsx3;phrase_variant='Emergency.';chain=crowd_bed;synthetic=true
SS-HAL-0750,synthetic/person_asking_for_help/SS-HAL-0750.wav,Person Asking for Help,procedural_synthesis:audio_dataset/scripts/generate_help_clips.py,,CC0-1.0,"sonicsentinel procedural synthesis (pyttsx3 TTS, generate_help_clips.py)",2026-09-24,0.723,16000,1,indoor,phone_builtin,near,original,,,,d675a8ff379c950774b752e014886e479da84d6abc2232290963e9c2e6c1e8c1,,151045746,synthetic,indoor_room,,calm,,English (Great Britain),150,91,crowd_bed,HELP ME!,tts=pyttsx3;phrase_variant='HELP ME!';chain=crowd_bed;synthetic=true
SS-HAL-0751,synthetic/person_asking_for_help/SS-HAL-0751.wav,Person Asking for Help,procedural_synthesis:audio_dataset/scripts/generate_help_clips.py,,CC0-1.0,"sonicsentinel procedural synthesis (pyttsx3 TTS, generate_help_clips.py)",2026-09-24,0.978,16000,1,indoor,wristband_mic,far,original,,,,e4fd0b4b73e4a0a6ff186953d370523bd76e369783a8c838321ff3b529b1a300,,550419257,synthetic,indoor_room,,urgent,,English (Scotland),172,114,small_room,Somebody help.,tts=pyttsx3;phrase_variant='Somebody help.';chain=small_room;synthetic=true
SS-HAL-0752,synthetic/person_asking_for_help/SS-HAL-0752.wav,Person Asking for Help,procedural_synthesis:audio_dataset/scripts/generate_help_clips.py,,CC0-1.0,"sonicsentinel procedural synthesis (pyttsx3 TTS, generate_help_clips.py)",2026-09-24,1.11,16000,1,indoor,usb_condenser_mic,far,original,,,,8d3b40426085b32a4ba34cc1706766ea5471f087c7fa0676e167006dbaaff87f,,4079489158,synthetic,indoor_hall,,urgent,,English (Lancaster),145,139,street_bed,Somebody help!,tts=pyttsx3;phrase_variant='Somebody help!';chain=street_bed;synthetic=true
SS-HAL-0753,synthetic/person_asking_for_help/SS-HAL-0753.wav,Person Asking for Help,procedural_synthesis:audio_dataset/scripts/generate_help_clips.py,,CC0-1.0,"sonicsentinel procedural synthesis (pyttsx3 TTS, generate_help_clips.py)",2026-09-24,1.08,16000,1,indoor,cctv_mic,medium,original,,,,b11f559cd01bef8fd282ef28363992dfb8c1184c252c24d93ab640955fa6a03c,,4121020263,synthetic,indoor_hall,,calm,,English (West Midlands),181,33,crowd_bed,Somebody help me.,tts=pyttsx3;phrase_variant='Somebody help me.';chain=crowd_bed;synthetic=true
SS-HAL-0754,synthetic/person_asking_for_help/SS-HAL-0754.wav,Person Asking for Help,procedural_synthesis:audio_dataset/scripts/generate_help_clips.py,,CC0-1.0,"sonicsentinel procedural synthesis (pyttsx3 TTS, generate_help_clips.py)",2026-09-24,2.124,16000,1,indoor,wristband_mic,far,original,,,,829be3fc161156a4d94b7d539f6064b14a3f76bc25133b8262603bb9854b134a,,840771311,synthetic,indoor_room,,urgent,,English (Received Pronunciation),161,104,hall,"Somebody, please, help me!","tts=pyttsx3;phrase_variant='Somebody, please, help me!';chain=hall;synthetic=true"
SS-HAL-0755,synthetic/person_asking_for_help/SS-HAL-0755.wav,Person Asking for Help,procedural_synthesis:audio_dataset/scripts/generate_help_clips.py,,CC0-1.0,"sonicsentinel procedural synthesis (pyttsx3 TTS, generate_help_clips.py)",2026-09-24,1.694,16000,1,outdoor,usb_condenser_mic,near,original,,,,9f6f9fee5f95c3c7d1e307dc95e617cbaa6ab7ff83cb97bcfb9cfd6ed09d913b,,3572468909,synthetic,outdoor_open,,desperate,,English (Shavian alphabet),175,160,telephone,"Somebody help me, please.","tts=pyttsx3;phrase_variant='Somebody help me, please.';chain=telephone;synthetic=true"
SS-HAL-0756,synthetic/person_asking_for_help/SS-HAL-0756.wav,Person Asking for Help,procedural_synthesis:audio_dataset/scripts/generate_help_clips.py,,CC0-1.0,"sonicsentinel procedural synthesis (pyttsx3 TTS, generate_help_clips.py)",2026-09-24,1.034,16000,1,outdoor,lavalier_mic,near,original,,,,f9ac093f37fbf6981da42aca9a4bc77ba911ec840ecdb11e946b723a7b9a3d13,,658943468,synthetic,outdoor_street,,calm,,English (America),135,87,slap_echo,Please help.,tts=pyttsx3;phrase_variant='Please help.';chain=slap_echo;synthetic=true
SS-HAL-0757,synthetic/person_asking_for_help/SS-HAL-0757.wav,Person Asking for Help,procedural_synthesis:audio_dataset/scripts/generate_help_clips.py,,CC0-1.0,"sonicsentinel procedural synthesis (pyttsx3 TTS, generate_help_clips.py)",2026-09-24,1.508,16000,1,outdoor,cctv_mic,medium,original,,,,28b6c02cc93f7537922fa5bc58318764d4348e2ac0b1fe35d259d876b3a5cba4,,2393036838,synthetic,outdoor_street,,urgent,,"English (America, New York City)",110,148,street_bed,Please help me.,tts=pyttsx3;phrase_variant='Please help me.';chain=street_bed;synthetic=true
SS-HAL-0758,synthetic/person_asking_for_help/SS-HAL-0758.wav,Person Asking for Help,procedural_synthesis:audio_dataset/scripts/generate_help_clips.py,,CC0-1.0,"sonicsentinel procedural synthesis (pyttsx3 TTS, generate_help_clips.py)",2026-09-24,1.148,16000,1,outdoor,wristband_mic,medium,original,,,,1d100d6bff76a6563e29ed0b3288db887f672fa755f9e3664cf40312734aab74,,3690949908,synthetic,outdoor_open,,urgent,,Vietnamese (Central),189,107,hall,"Please, help me!","tts=pyttsx3;phrase_variant='Please, help me!';chain=hall;synthetic=true"
SS-HAL-0759,synthetic/person_asking_for_help/SS-HAL-0759.wav,Person Asking for Help,procedural_synthesis:audio_dataset/scripts/generate_help_clips.py,,CC0-1.0,"sonicsentinel procedural synthesis (pyttsx3 TTS, generate_help_clips.py)",2026-09-24,2.014,16000,1,vehicle,tablet_builtin,medium,original,,,,9db02267335185a4720c0d4098a6e2c38e9e62a9bb5005e02ac273f577b26a46,,2537502235,synthetic,car_interior,,pleading,,"Chinese (Mandarin, latin as English)",131,125,hall,Please help me. Hurry.,tts=pyttsx3;phrase_variant='Please help me. Hurry.';chain=hall;synthetic=true
SS-HAL-0760,synthetic/person_asking_for_help/SS-HAL-0760.wav,Person Asking for Help,procedural_synthesis:audio_dataset/scripts/generate_help_clips.py,,CC0-1.0,"sonicsentinel procedural synthesis (pyttsx3 TTS, generate_help_clips.py)",2026-09-24,2.372,16000,1,indoor,usb_condenser_mic,medium,original,,,,4eaefb3d15fcbebaff82797c6ad489645f570fe3fe3d36ab5cddd1639cffedcb,,926906908,synthetic,indoor_room,,pleading,,English (Caribbean),114,134,slap_echo,"Please help, somebody.","tts=pyttsx3;phrase_variant='Please help, somebody.';chain=slap_echo;synthetic=true"
SS-HAL-0761,synthetic/person_asking_for_help/SS-HAL-0761.wav,Person Asking for Help,procedural_synthesis:audio_dataset/scripts/generate_help_clips.py,,CC0-1.0,"sonicsentinel procedural synthesis (pyttsx3 TTS, generate_help_clips.py)",2026-09-24,1.027,16000,1,outdoor,usb_condenser_mic,far,original,,,,ca9c66aa7fd7ee8e8c64978d19028e3fd06a8a227151e7a903f28971d862c31a,,3014497830,synthetic,outdoor_open,,desperate,,English (Great Britain),161,168,clean,Call for help.,tts=pyttsx3;phrase_variant='Call for help.';chain=clean;synthetic=true
SS-HAL-0762,synthetic/person_asking_for_help/SS-HAL-0762.wav,Person Asking for Help,procedural_synthesis:audio_dataset/scripts/generate_help_clips.py,,CC0-1.0,"sonicsentinel procedural synthesis (pyttsx3 TTS, generate_help_clips.py)",2026-09-24,0.98,16000,1,outdoor,cctv_mic,medium,original,,,,ac2a3d953ad407bc8f0cd25d56ccce1c2e642a95961020b390c2a2635953deeb,,616140955,synthetic,outdoor_open,,calm,,English (Scotland),169,71,slap_echo,Call for help!,tts=pyttsx3;phrase_variant='Call for help!';chain=slap_echo;synthetic=true
SS-HAL-0763,synthetic/person_asking_for_help/SS-HAL-0763.wav,Person Asking for Help,procedural_synthesis:audio_dataset/scripts/generate_help_clips.py,,CC0-1.0,"sonicsentinel procedural synthesis (pyttsx3 TTS, generate_help_clips.py)",2026-09-24,1.315,16000,1,outdoor,usb_condenser_mic,near,original,,,,3fec5bd94ee63bcd30d08c4b93fb57cc4e3ce4d705a7860f525127d58e1b1af7,,2947277065,synthetic,outdoor_street,,urgent,,English (Lancaster),175,162,small_room,Please call for help.,tts=pyttsx3;phrase_variant='Please call for help.';chain=small_room;synthetic=true
SS-HAL-0764,synthetic/person_asking_for_help/SS-HAL-0764.wav,Person Asking for Help,procedural_synthesis:audio_dataset/scripts/generate_help_clips.py,,CC0-1.0,"sonicsentinel procedural synthesis (pyttsx3 TTS, generate_help_clips.py)",2026-09-24,2.244,16000,1,vehicle,usb_condenser_mic,far,original,,,,2cd7c47c3513c91f923b47d9c11e4b7bfb0aa845b67980fa9bbb5f7f822b4fdf,,1831509521,synthetic,car_interior,,urgent,,English (West Midlands),162,65,street_bed,"Somebody call for help, please.","tts=pyttsx3;phrase_variant='Somebody call for help, please.';chain=street_bed;synthetic=true"
SS-HAL-0765,synthetic/person_asking_for_help/SS-HAL-0765.wav,Person Asking for Help,procedural_synthesis:audio_dataset/scripts/generate_help_clips.py,,CC0-1.0,"sonicsentinel procedural synthesis (pyttsx3 TTS, generate_help_clips.py)",2026-09-24,1.921,16000,1,outdoor,phone_builtin,far,original,,,,02a3bf39b911471d934bc1ad2e6730d46acf6e65e183d3191e647113a0a09d23,,968358232,synthetic,outdoor_open,,pleading,,English (Received Pronunciation),160,54,slap_echo,Call for help. Quickly!,tts=pyttsx3;phrase_variant='Call for help. Quickly!';chain=slap_echo;synthetic=true
SS-HAL-0766,synthetic/person_asking_for_help/SS-HAL-0766.wav,Person Asking for Help,procedural_synthesis:audio_dataset/scripts/generate_help_clips.py,,CC0-1.0,"sonicsentinel procedural synthesis (pyttsx3 TTS, generate_help_clips.py)",2026-09-24,0.994,16000,1,outdoor,usb_condenser_mic,near,original,,,,dd2b1e0731702e8e4462d260585a07c6f327f99d000fa9ae9a39b3ba0505d3ad,,3407700412,synthetic,outdoor_open,,urgent,,English (Shavian alphabet),119,135,street_bed,Emergency.,tts=pyttsx3;phrase_variant='Emergency.';chain=street_bed;synthetic=true
SS-HAL-0767,synthetic/person_asking_for_help/SS-HAL-0767.wav,Person Asking for Help,procedural_synthesis:audio_dataset/scripts/generate_help_clips.py,,CC0-1.0,"sonicsentinel procedural synthesis (pyttsx3 TTS, generate_help_clips.py)",2026-09-24,0.935,16000,1,outdoor,lavalier_mic,medium,original,,,,4f54138cef214d583502e40fa81ea0e1ca50f048541f22e46573012a317e6bf3,,49850894,synthetic,outdoor_street,,calm,,English (America),121,89,small_room,Emergency!,tts=pyttsx3;phrase_variant='Emergency!';chain=small_room;synthetic=true
SS-HAL-0768,synthetic/person_asking_for_help/SS-HAL-0768.wav,Person Asking for Help,procedural_synthesis:audio_dataset/scripts/generate_help_clips.py,,CC0-1.0,"sonicsentinel procedural synthesis (pyttsx3 TTS, generate_help_clips.py)",2026-09-24,1.653,16000,1,indoor,wristband_mic,near,original,,,,93240165b20591aee8104e7ded2772a32242d7814e4f6c8ac6a15ed4803558f3,,3890290763,synthetic,indoor_room,,pleading,,"English (America, New York City)",170,38,crowd_bed,Emergency! Help me!,tts=pyttsx3;phrase_variant='Emergency! Help me!';chain=crowd_bed;synthetic=true
SS-HAL-0769,synthetic/person_asking_for_help/SS-HAL-0769.wav,Person Asking for Help,procedural_synthesis:audio_dataset/scripts/generate_help_clips.py,,CC0-1.0,"sonicsentinel procedural synthesis (pyttsx3 TTS, generate_help_clips.py)",2026-09-24,2.007,16000,1,outdoor,lavalier_mic,far,original,,,,44cfcf4fa0e0072c51ebacfd495670673392a0d5a30ae7688e8300217361881e,,208973848,synthetic,outdoor_open,,urgent,,Vietnamese (Central),165,140,small_room,Emergency. Please help me.,tts=pyttsx3;phrase_variant='Emergency. Please help me.';chain=small_room;synthetic=true
SS-HAL-0770,synthetic/person_asking_for_help/SS-HAL-0770.wav,Person Asking for Help,procedural_synthesis:audio_dataset/scripts/generate_help_clips.py,,CC0-1.0,"sonicsentinel procedural synthesis (pyttsx3 TTS, generate_help_clips.py)",2026-09-24,0.674,16000,1,outdoor,phone_builtin,medium,original,,,,e26c8b32a58e21b483a2d97537b4029f1c28081ec550ee0f764d2954a23a912f,,2205951187,synthetic,outdoor_open,,calm,,"Chinese (Mandarin, latin as English)",144,140,telephone,Help me.,tts=pyttsx3;phrase_variant='Help me.';chain=telephone;synthetic=true
SS-HAL-0771,synthetic/person_asking_for_help/SS-HAL-0771.wav,Person Asking for Help,procedural_synthesis:audio_dataset/scripts/generate_help_clips.py,,CC0-1.0,"sonicsentinel procedural synthesis (pyttsx3 TTS, generate_help_clips.py)",2026-09-24,0.643,16000,1,indoor,phone_builtin,far,original,,,,9d7acc08d368184b7c3a9ddd9232ab0a26b4f1de2f8f15823d2ff061ce830dac,,599911023,synthetic,indoor_room,,urgent,,English (Caribbean),176,122,hall,Help me!,tts=pyttsx3;phrase_variant='Help me!';chain=hall;synthetic=true
SS-HAL-0772,synthetic/person_asking_for_help/SS-HAL-0772.wav,Person Asking for Help,procedural_synthesis:audio_dataset/scripts/generate_help_clips.py,,CC0-1.0,"sonicsentinel procedural synthesis (pyttsx3 TTS, generate_help_clips.py)",2026-09-24,1.531,16000,1,indoor,usb_condenser_mic,near,original,,,,61fe1df92127b99dc582c71c7835b2129fe4fb8b89d8f0056fb76b1d28500f9a,,1043497597,synthetic,indoor_hall,,calm,,English (Great Britain),142,149,small_room,"Help me, please.","tts=pyttsx3;phrase_variant='Help me, please.';chain=small_room;synthetic=true"
SS-HAL-0773,synthetic/person_asking_for_help/SS-HAL-0773.wav,Person Asking for Help,procedural_synthesis:audio_dataset/scripts/generate_help_clips.py,,CC0-1.0,"sonicsentinel procedural synthesis (pyttsx3 TTS, generate_help_clips.py)",2026-09-24,2.255,16000,1,outdoor,cctv_mic,medium,original,,,,b8bbbf36089af27fedaf12dbad8c3f66a4f7384a4c7de3c010063e95868dfe28,,3553814814,synthetic,outdoor_street,,pleading,,English (Scotland),115,99,slap_echo,Help me. Please.,tts=pyttsx3;phrase_variant='Help me. Please.';chain=slap_echo;synthetic=true
SS-HAL-0774,synthetic/person_asking_for_help/SS-HAL-0774.wav,Person Asking for Help,procedural_synthesis:audio_dataset/scripts/generate_help_clips.py,,CC0-1.0,"sonicsentinel procedural synthesis (pyttsx3 TTS, generate_help_clips.py)",2026-09-24,0.724,16000,1,indoor,cctv_mic,far,original,,,,ddd07257c1d1c4ecf354f9baacb703bd5e8151462c0eed50de4a3ab06bb130e5,,1328379808,synthetic,indoor_room,,desperate,,English (Lancaster),146,118,slap_echo,HELP ME!,tts=pyttsx3;phrase_variant='HELP ME!';chain=slap_echo;synthetic=true
SS-HAL-0775,synthetic/person_asking_for_help/SS-HAL-0775.wav,Person Asking for Help,procedural_synthesis:audio_dataset/scripts/generate_help_clips.py,,CC0-1.0,"sonicsentinel procedural synthesis (pyttsx3 TTS, generate_help_clips.py)",2026-09-24,1.34,16000,1,outdoor,usb_condenser_mic,medium,original,,,,086dff04da8f9842d28c828f89e06b3fc8cbd163afee880c879c1b2fa72d2a3e,,2577305102,synthetic,outdoor_open,,pleading,,English (West Midlands),113,46,telephone,Somebody help.,tts=pyttsx3;phrase_variant='Somebody help.';chain=telephone;synthetic=true
SS-HAL-0776,synthetic/person_asking_for_help/SS-HAL-0776.wav,Person Asking for Help,procedural_synthesis:audio_dataset/scripts/generate_help_clips.py,,CC0-1.0,"sonicsentinel procedural synthesis (pyttsx3 TTS, generate_help_clips.py)",2026-09-24,0.967,16000,1,indoor,cctv_mic,near,original,,,,f1721a9f088741449bc635da4fb011026b2b674d4330d5ab27a3c317549fbf93,,1652962418,synthetic,indoor_hall,,pleading,,English (Received Pronunciation),167,48,telephone,Somebody help!,tts=pyttsx3;phrase_variant='Somebody help!';chain=telephone;synthetic=true
SS-HAL-0777,synthetic/person_asking_for_help/SS-HAL-0777.wav,Person Asking for Help,procedural_synthesis:audio_dataset/scripts/generate_help_clips.py,,CC0-1.0,"sonicsentinel procedural synthesis (pyttsx3 TTS, generate_help_clips.py)",2026-09-24,1.459,16000,1,vehicle,cctv_mic,near,original,,,,25595d611f7315a127e75545f187ff231d6ff1d6e4f6a38f8e4166f68c8780c7,,2374332160,synthetic,car_interior,,calm,,English (Shavian alphabet),131,118,slap_echo,Somebody help me.,tts=pyttsx3;phrase_variant='Somebody help me.';chain=slap_echo;synthetic=true
SS-HAL-0778,synthetic/person_asking_for_help/SS-HAL-0778.wav,Person Asking for Help,procedural_synthesis:audio_dataset/scripts/generate_help_clips.py,,CC0-1.0,"sonicsentinel procedural synthesis (pyttsx3 TTS, generate_help_clips.py)",2026-09-24,0.6,16000,1,outdoor,lavalier_mic,near,original,,,,e459d2ed4eeceb6c4ce24134f38c4910de2eab018f3fb2603babad3e70265920,,2454207957,synthetic,outdoor_open,,urgent,,Vietnamese (Central),179,133,small_room,Emergency!,tts=pyttsx3;phrase_variant='Emergency!';chain=small_room;synthetic=true
SS-HAL-0779,synthetic/person_asking_for_help/SS-HAL-0779.wav,Person Asking for Help,procedural_synthesis:audio_dataset/scripts/generate_help_clips.py,,CC0-1.0,"sonicsentinel procedural synthesis (pyttsx3 TTS, generate_help_clips.py)",2026-09-24,2.268,16000,1,outdoor,usb_condenser_mic,near,original,,,,ddaa60f6823c7f48efa262827fd0ac9b1fc4469ce9a467f66df10f226a364c76,,2058840007,synthetic,outdoor_street,,calm,,"English (America, New York City)",138,65,clean,"Somebody help me, please.","tts=pyttsx3;phrase_variant='Somebody help me, please.';chain=clean;synthetic=true"
SS-HAL-0780,synthetic/person_asking_for_help/SS-HAL-0780.wav,Person Asking for Help,procedural_synthesis:audio_dataset/scripts/generate_help_clips.py,,CC0-1.0,"sonicsentinel procedural synthesis (pyttsx3 TTS, generate_help_clips.py)",2026-09-24,0.695,16000,1,outdoor,phone_builtin,near,original,,,,4f1c693b1434c739eb9c8eae225cdc5ebe6752573f27468a7fc987a06715f4be,,839224365,synthetic,outdoor_open,,calm,,Vietnamese (Central),164,150,hall,Please help.,tts=pyttsx3;phrase_variant='Please help.';chain=hall;synthetic=true
SS-HAL-0781,synthetic/person_asking_for_help/SS-HAL-0781.wav,Person Asking for Help,procedural_synthesis:audio_dataset/scripts/generate_help_clips.py,,CC0-1.0,"sonicsentinel procedural synthesis (pyttsx3 TTS, generate_help_clips.py)",2026-09-24,1.064,16000,1,indoor,cctv_mic,medium,original,,,,8f77af10c24355f7ffa7f720a24fd43564d2fd9fb5193c817317d8a7aba400a1,,4088040590,synthetic,indoor_room,,pleading,,"Chinese (Mandarin, latin as English)",144,61,hall,Please help me.,tts=pyttsx3;phrase_variant='Please help me.';chain=hall;synthetic=true
SS-HAL-0782,synthetic/person_asking_for_help/SS-HAL-0782.wav,Person Asking for Help,procedural_synthesis:audio_dataset/scripts/generate_help_clips.py,,CC0-1.0,"sonicsentinel procedural synthesis (pyttsx3 TTS, generate_help_clips.py)",2026-09-24,1.672,16000,1,outdoor,usb_condenser_mic,near,original,,,,1716d48e6f0527235f5114a1e0b8334ed85f9328eeec72a5f337e05d410c535c,,3083901130,synthetic,outdoor_street,,calm,,English (Caribbean),134,67,hall,"Please, help me!","tts=pyttsx3;phrase_variant='Please, help me!';chain=hall;synthetic=true"
SS-HAL-0783,synthetic/person_asking_for_help/SS-HAL-0783.wav,Person Asking for Help,procedural_synthesis:audio_dataset/scripts/generate_help_clips.py,,CC0-1.0,"sonicsentinel procedural synthesis (pyttsx3 TTS, generate_help_clips.py)",2026-09-24,2.351,16000,1,indoor,tablet_builtin,near,original,,,,ca11f247a195d545d72de226ee3749d5c8bdc4c30accb619c3cea98ec4719588,,817668752,synthetic,indoor_hall,,urgent,,English (Great Britain),119,64,crowd_bed,Please help me. Hurry.,tts=pyttsx3;phrase_variant='Please help me. Hurry.';chain=crowd_bed;synthetic=true
SS-HAL-0784,synthetic/person_asking_for_help/SS-HAL-0784.wav,Person Asking for Help,procedural_synthesis:audio_dataset/scripts/generate_help_clips.py,,CC0-1.0,"sonicsentinel procedural synthesis (pyttsx3 TTS, generate_help_clips.py)",2026-09-24,1.974,16000,1,vehicle,wristband_mic,far,original,,,,85731ebd8b89e784aaa76f76ecd9adfc9cf29fb73b4fd22789e2d76358801d73,,3825114375,synthetic,car_interior,,pleading,,English (Scotland),136,78,slap_echo,"Please help, somebody.","tts=pyttsx3;phrase_variant='Please help, somebody.';chain=slap_echo;synthetic=true"
SS-HAL-0785,synthetic/person_asking_for_help/SS-HAL-0785.wav,Person Asking for Help,procedural_synthesis:audio_dataset/scripts/generate_help_clips.py,,CC0-1.0,"sonicsentinel procedural synthesis (pyttsx3 TTS, generate_help_clips.py)",2026-09-24,0.971,16000,1,outdoor,lavalier_mic,near,original,,,,08223f02a12582de220a99c5d2868188dd63cb47c4983d9b3b07ba3d2b2855c4,,2271939117,synthetic,outdoor_street,,pleading,,English (Lancaster),175,116,street_bed,Call for help.,tts=pyttsx3;phrase_variant='Call for help.';chain=street_bed;synthetic=true
SS-HAL-0786,synthetic/person_asking_for_help/SS-HAL-0786.wav,Person Asking for Help,procedural_synthesis:audio_dataset/scripts/generate_help_clips.py,,CC0-1.0,"sonicsentinel procedural synthesis (pyttsx3 TTS, generate_help_clips.py)",2026-09-24,1.29,16000,1,outdoor,tablet_builtin,medium,original,,,,ab466919eec8d6f79049769671692529ddc240fb31b671869c6224bdf72a4960,,2636269100,synthetic,outdoor_street,,urgent,,English (West Midlands),121,47,small_room,Call for help!,tts=pyttsx3;phrase_variant='Call for help!';chain=small_room;synthetic=true
SS-HAL-0787,synthetic/person_asking_for_help/SS-HAL-0787.wav,Person Asking for Help,procedural_synthesis:audio_dataset/scripts/generate_help_clips.py,,CC0-1.0,"sonicsentinel procedural synthesis (pyttsx3 TTS, generate_help_clips.py)",2026-09-24,1.336,16000,1,outdoor,phone_builtin,medium,original,,,,0783047706acfa09f8acb33f602c92d7e443792f32064584284216eb8e382b16,,3526883203,synthetic,outdoor_open,,desperate,,English (Received Pronunciation),165,153,street_bed,Please call for help.,tts=pyttsx3;phrase_variant='Please call for help.';chain=street_bed;synthetic=true
SS-HAL-0788,synthetic/person_asking_for_help/SS-HAL-0788.wav,Person Asking for Help,procedural_synthesis:audio_dataset/scripts/generate_help_clips.py,,CC0-1.0,"sonicsentinel procedural synthesis (pyttsx3 TTS, generate_help_clips.py)",2026-09-24,2.702,16000,1,outdoor,tablet_builtin,medium,original,,,,64b1cf4eab6288fc31a838cfb5ebe9778bd686a2bafd7385dc2d2ddbc10be590,,351039432,synthetic,outdoor_open,,urgent,,English (Shavian alphabet),131,104,small_room,"Somebody call for help, please.","tts=pyttsx3;phrase_variant='Somebody call for help, please.';chain=small_room;synthetic=true"
SS-HAL-0789,synthetic/person_asking_for_help/SS-HAL-0789.wav,Person Asking for Help,procedural_synthesis:audio_dataset/scripts/generate_help_clips.py,,CC0-1.0,"sonicsentinel procedural synthesis (pyttsx3 TTS, generate_help_clips.py)",2026-09-24,2.369,16000,1,indoor,phone_builtin,near,original,,,,63dc39743671abfddf2020cadb44414f0898957c651a5afc00b6036a1476fb46,,4138125233,synthetic,indoor_room,,desperate,,English (America),136,57,hall,Call for help. Quickly!,tts=pyttsx3;phrase_variant='Call for help. Quickly!';chain=hall;synthetic=true
SS-HAL-0790,synthetic/person_asking_for_help/SS-HAL-0790.wav,Person Asking for Help,procedural_synthesis:audio_dataset/scripts/generate_help_clips.py,,CC0-1.0,"sonicsentinel procedural synthesis (pyttsx3 TTS, generate_help_clips.py)",2026-09-24,0.632,16000,1,outdoor,usb_condenser_mic,near,original,,,,45a77642895c7413038e45a5a686ce487db211deeeacc9fec78cb387f8344d00,,1903793793,synthetic,outdoor_open,,pleading,,"English (America, New York City)",185,95,slap_echo,Emergency.,tts=pyttsx3;phrase_variant='Emergency.';chain=slap_echo;synthetic=true
SS-HAL-0791,synthetic/person_asking_for_help/SS-HAL-0791.wav,Person Asking for Help,procedural_synthesis:audio_dataset/scripts/generate_help_clips.py,,CC0-1.0,"sonicsentinel procedural synthesis (pyttsx3 TTS, generate_help_clips.py)",2026-09-24,0.711,16000,1,outdoor,lavalier_mic,medium,original,,,,bfc804112e96033e26717b577b7b189c7c8cbdfd6dfa3ea73a43b9b646308faf,,3616686763,synthetic,outdoor_open,,pleading,,Vietnamese (Central),150,53,slap_echo,Emergency!,tts=pyttsx3;phrase_variant='Emergency!';chain=slap_echo;synthetic=true
SS-HAL-0792,synthetic/person_asking_for_help/SS-HAL-0792.wav,Person Asking for Help,procedural_synthesis:audio_dataset/scripts/generate_help_clips.py,,CC0-1.0,"sonicsentinel procedural synthesis (pyttsx3 TTS, generate_help_clips.py)",2026-09-24,1.719,16000,1,indoor,wristband_mic,medium,original,,,,d222c37b99b471ebdcb55a55d87e2ed64963b76f6de0cd95771fcaecc01330f4,,659108963,synthetic,indoor_room,,pleading,,"Chinese (Mandarin, latin as English)",159,82,street_bed,Emergency! Help me!,tts=pyttsx3;phrase_variant='Emergency! Help me!';chain=street_bed;synthetic=true
SS-HAL-0793,synthetic/person_asking_for_help/SS-HAL-0793.wav,Person Asking for Help,procedural_synthesis:audio_dataset/scripts/generate_help_clips.py,,CC0-1.0,"sonicsentinel procedural synthesis (pyttsx3 TTS, generate_help_clips.py)",2026-09-24,1.836,16000,1,outdoor,wristband_mic,near,original,,,,6604f0f77966cf98077eef613c12f82d83e3f25df1f0ffedd22c8ac50025b445,,1883444108,synthetic,outdoor_street,,pleading,,English (Caribbean),184,105,street_bed,Emergency. Please help me.,tts=pyttsx3;phrase_variant='Emergency. Please help me.';chain=street_bed;synthetic=true
SS-HAL-0794,synthetic/person_asking_for_help/SS-HAL-0794.wav,Person Asking for Help,procedural_synthesis:audio_dataset/scripts/generate_help_clips.py,,CC0-1.0,"sonicsentinel procedural synthesis (pyttsx3 TTS, generate_help_clips.py)",2026-09-24,0.938,16000,1,outdoor,phone_builtin,near,original,,,,95b71f6d27e4f1b764f4c2d6f9cd1fefa7ea74b876eef6b1388870ce9cda2ebc,,1369424788,synthetic,outdoor_street,,calm,,English (Great Britain),114,168,small_room,Help me.,tts=pyttsx3;phrase_variant='Help me.';chain=small_room;synthetic=true
SS-HAL-0795,synthetic/person_asking_for_help/SS-HAL-0795.wav,Person Asking for Help,procedural_synthesis:audio_dataset/scripts/generate_help_clips.py,,CC0-1.0,"sonicsentinel procedural synthesis (pyttsx3 TTS, generate_help_clips.py)",2026-09-24,1.647,16000,1,indoor,usb_condenser_mic,near,original,,,,7a7e6c4130ffa419f9aeef53e92aa2473acf59e84afca9b545073d2fdb8427c7,,3325947345,synthetic,indoor_room,,desperate,,"Chinese (Mandarin, latin as English)",163,75,slap_echo,Emergency! Help me!,tts=pyttsx3;phrase_variant='Emergency! Help me!';chain=slap_echo;synthetic=true
SS-HAL-0796,synthetic/person_asking_for_help/SS-HAL-0796.wav,Person Asking for Help,procedural_synthesis:audio_dataset/scripts/generate_help_clips.py,,CC0-1.0,"sonicsentinel procedural synthesis (pyttsx3 TTS, generate_help_clips.py)",2026-09-24,1.736,16000,1,indoor,cctv_mic,near,original,,,,4be6cd3b7af74a3c74100d84220ea32169f3f6ecd1e6e01f48a9d2076c5e2851,,2448560009,synthetic,indoor_room,,urgent,,English (Lancaster),125,118,crowd_bed,"Help me, please.","tts=pyttsx3;phrase_variant='Help me, please.';chain=crowd_bed;synthetic=true"
SS-HAL-0797,synthetic/person_asking_for_help/SS-HAL-0797.wav,Person Asking for Help,procedural_synthesis:audio_dataset/scripts/generate_help_clips.py,,CC0-1.0,"sonicsentinel procedural synthesis (pyttsx3 TTS, generate_help_clips.py)",2026-09-24,1.321,16000,1,vehicle,phone_builtin,far,original,,,,4e78f22669e7ad0a99731aafb2f8b1c8f115ea093c26d2e36e906ac1874f09e6,,2617513084,synthetic,car_interior,,pleading,,English (West Midlands),182,74,hall,Help me. Please.,tts=pyttsx3;phrase_variant='Help me. Please.';chain=hall;synthetic=true
SS-HAL-0798,synthetic/person_asking_for_help/SS-HAL-0798.wav,Person Asking for Help,procedural_synthesis:audio_dataset/scripts/generate_help_clips.py,,CC0-1.0,"sonicsentinel procedural synthesis (pyttsx3 TTS, generate_help_clips.py)",2026-09-24,0.6,16000,1,outdoor,cctv_mic,medium,original,,,,a2be3ebf67e0c39b7bf85a81de6ff920c9adc739ee457d7e858f08c746f68c5c,,1712705992,synthetic,outdoor_open,,calm,,English (Received Pronunciation),184,81,street_bed,HELP ME!,tts=pyttsx3;phrase_variant='HELP ME!';chain=street_bed;synthetic=true
SS-HAL-0799,synthetic/person_asking_for_help/SS-HAL-0799.wav,Person Asking for Help,procedural_synthesis:audio_dataset/scripts/generate_help_clips.py,,CC0-1.0,"sonicsentinel procedural synthesis (pyttsx3 TTS, generate_help_clips.py)",2026-09-24,0.891,16000,1,indoor,cctv_mic,near,original,,,,a4a3efc2f8acbc98c103868fc39bcc9898bebc264c65750c7f54d5f8af44e6f6,,531344738,synthetic,indoor_room,,calm,,English (Shavian alphabet),182,156,clean,Somebody help.,tts=pyttsx3;phrase_variant='Somebody help.';chain=clean;synthetic=true
SS-HAL-0800,synthetic/person_asking_for_help/SS-HAL-0800.wav,Person Asking for Help,procedural_synthesis:audio_dataset/scripts/generate_help_clips.py,,CC0-1.0,"sonicsentinel procedural synthesis (pyttsx3 TTS, generate_help_clips.py)",2026-09-24,0.969,16000,1,outdoor,usb_condenser_mic,near,original,,,,ce0b662832f480fd7cb40db3154f344d76c202ed8420aacf50cc5886992680fd,,1808012970,synthetic,outdoor_street,,urgent,,English (America),181,97,crowd_bed,Somebody help!,tts=pyttsx3;phrase_variant='Somebody help!';chain=crowd_bed;synthetic=true
